SCLSD_BENCHMARK_EVENT {"event": "stage_start", "stage": "data_load", "time": "2026-07-17T20:00:31.031234+00:00"}
SCLSD_BENCHMARK_EVENT {"cpu_seconds": 0.49280270000000037, "cuda_peak_allocated_bytes": 0, "cuda_peak_reserved_bytes": 0, "cuda_start_allocated_bytes": 0, "cuda_start_reserved_bytes": 0, "error": null, "event": "stage_end", "name": "data_load", "status": "ok", "time": "2026-07-17T20:00:31.524437+00:00", "wall_seconds": 0.493190037086606}
SCLSD_BENCHMARK_EVENT {"event": "stage_start", "stage": "model_initialization", "time": "2026-07-17T20:00:31.524848+00:00"}
SCLSD_BENCHMARK_EVENT {"cpu_seconds": 0.22682599600000053, "cuda_peak_allocated_bytes": 11011072, "cuda_peak_reserved_bytes": 25165824, "cuda_start_allocated_bytes": 0, "cuda_start_reserved_bytes": 0, "error": null, "event": "stage_end", "name": "model_initialization", "status": "ok", "time": "2026-07-17T20:00:31.754954+00:00", "wall_seconds": 0.23009418789297342}
SCLSD_BENCHMARK_EVENT {"event": "stage_start", "stage": "prior_transition", "time": "2026-07-17T20:00:31.755309+00:00"}
[LSD] Prior transition matrix set from pseudotime and connectivities.
SCLSD_BENCHMARK_EVENT {"cpu_seconds": 0.028081300000000198, "cuda_peak_allocated_bytes": 10991616, "cuda_peak_reserved_bytes": 25165824, "cuda_start_allocated_bytes": 10991616, "cuda_start_reserved_bytes": 25165824, "error": null, "event": "stage_end", "name": "prior_transition", "status": "ok", "time": "2026-07-17T20:00:31.783402+00:00", "wall_seconds": 0.028079249896109104}
SCLSD_BENCHMARK_EVENT {"event": "stage_start", "stage": "walk_generation", "time": "2026-07-17T20:00:31.783966+00:00"}
SCLSD_BENCHMARK_EVENT {"cpu_seconds": 0.6503357049999998, "cuda_peak_allocated_bytes": 10991616, "cuda_peak_reserved_bytes": 25165824, "cuda_start_allocated_bytes": 10991616, "cuda_start_reserved_bytes": 25165824, "error": null, "event": "stage_end", "name": "walk_generation", "status": "ok", "time": "2026-07-17T20:00:32.434287+00:00", "wall_seconds": 0.650297062471509}
SCLSD_BENCHMARK_EVENT {"event": "stage_start", "stage": "training", "time": "2026-07-17T20:00:32.435023+00:00"}

Training Epochs:   0%|          | 0/100 [00:00<?, ?it/s]

Epoch 0:   0%|          | 0/32 [00:00<?, ?it/s][A
Training Epochs:   0%|          | 0/100 [00:01<?, ?it/s, -ELBO=4.7048, Potential Metric=0.0000, Entropy Metric=0.0004]

Epoch 0:   3%|▎         | 1/32 [00:01<00:37,  1.22s/it][A
Training Epochs:   0%|          | 0/100 [00:01<?, ?it/s, -ELBO=3.4928, Potential Metric=0.0000, Entropy Metric=0.0011]
Training Epochs:   0%|          | 0/100 [00:01<?, ?it/s, -ELBO=3.9221, Potential Metric=0.0001, Entropy Metric=0.0041]

Epoch 0:   9%|▉         | 3/32 [00:01<00:10,  2.69it/s][A
Training Epochs:   0%|          | 0/100 [00:01<?, ?it/s, -ELBO=3.6664, Potential Metric=0.0003, Entropy Metric=0.0084]
Training Epochs:   0%|          | 0/100 [00:01<?, ?it/s, -ELBO=3.6000, Potential Metric=0.0007, Entropy Metric=0.0120]

Epoch 0:  16%|█▌        | 5/32 [00:01<00:05,  4.59it/s][A
Training Epochs:   0%|          | 0/100 [00:01<?, ?it/s, -ELBO=3.2966, Potential Metric=0.0012, Entropy Metric=0.0150]
Training Epochs:   0%|          | 0/100 [00:01<?, ?it/s, -ELBO=2.9078, Potential Metric=0.0013, Entropy Metric=0.0166]

Epoch 0:  22%|██▏       | 7/32 [00:01<00:03,  6.41it/s][A
Training Epochs:   0%|          | 0/100 [00:01<?, ?it/s, -ELBO=3.5247, Potential Metric=0.0014, Entropy Metric=0.0180]
Training Epochs:   0%|          | 0/100 [00:01<?, ?it/s, -ELBO=3.1241, Potential Metric=0.0013, Entropy Metric=0.0168]

Epoch 0:  28%|██▊       | 9/32 [00:01<00:02,  8.05it/s][A
Training Epochs:   0%|          | 0/100 [00:01<?, ?it/s, -ELBO=3.1967, Potential Metric=0.0009, Entropy Metric=0.0157]
Training Epochs:   0%|          | 0/100 [00:02<?, ?it/s, -ELBO=3.2452, Potential Metric=0.0006, Entropy Metric=0.0151]

Epoch 0:  34%|███▍      | 11/32 [00:01<00:02,  9.38it/s][A
Training Epochs:   0%|          | 0/100 [00:02<?, ?it/s, -ELBO=3.4109, Potential Metric=0.0007, Entropy Metric=0.0163]
Training Epochs:   0%|          | 0/100 [00:02<?, ?it/s, -ELBO=2.9721, Potential Metric=0.0005, Entropy Metric=0.0146]

Epoch 0:  41%|████      | 13/32 [00:02<00:01, 10.52it/s][A
Training Epochs:   0%|          | 0/100 [00:02<?, ?it/s, -ELBO=2.8172, Potential Metric=0.0004, Entropy Metric=0.0139]
Training Epochs:   0%|          | 0/100 [00:02<?, ?it/s, -ELBO=3.0344, Potential Metric=0.0003, Entropy Metric=0.0121]

Epoch 0:  47%|████▋     | 15/32 [00:02<00:01, 11.42it/s][A
Training Epochs:   0%|          | 0/100 [00:02<?, ?it/s, -ELBO=3.1074, Potential Metric=0.0003, Entropy Metric=0.0130]
Training Epochs:   0%|          | 0/100 [00:02<?, ?it/s, -ELBO=3.2420, Potential Metric=0.0003, Entropy Metric=0.0119]

Epoch 0:  53%|█████▎    | 17/32 [00:02<00:01, 12.08it/s][A
Training Epochs:   0%|          | 0/100 [00:02<?, ?it/s, -ELBO=3.1705, Potential Metric=0.0002, Entropy Metric=0.0121]
Training Epochs:   0%|          | 0/100 [00:02<?, ?it/s, -ELBO=3.0896, Potential Metric=0.0002, Entropy Metric=0.0109]

Epoch 0:  59%|█████▉    | 19/32 [00:02<00:01, 12.51it/s][A
Training Epochs:   0%|          | 0/100 [00:02<?, ?it/s, -ELBO=3.3111, Potential Metric=0.0002, Entropy Metric=0.0123]
Training Epochs:   0%|          | 0/100 [00:02<?, ?it/s, -ELBO=3.5360, Potential Metric=0.0002, Entropy Metric=0.0118]

Epoch 0:  66%|██████▌   | 21/32 [00:02<00:00, 12.83it/s][A
Training Epochs:   0%|          | 0/100 [00:02<?, ?it/s, -ELBO=3.2779, Potential Metric=0.0001, Entropy Metric=0.0105]
Training Epochs:   0%|          | 0/100 [00:02<?, ?it/s, -ELBO=3.1517, Potential Metric=0.0001, Entropy Metric=0.0105]

Epoch 0:  72%|███████▏  | 23/32 [00:02<00:00, 13.07it/s][A
Training Epochs:   0%|          | 0/100 [00:03<?, ?it/s, -ELBO=2.9966, Potential Metric=0.0001, Entropy Metric=0.0103]
Training Epochs:   0%|          | 0/100 [00:03<?, ?it/s, -ELBO=2.7885, Potential Metric=0.0001, Entropy Metric=0.0103]

Epoch 0:  78%|███████▊  | 25/32 [00:02<00:00, 13.24it/s][A
Training Epochs:   0%|          | 0/100 [00:03<?, ?it/s, -ELBO=3.1633, Potential Metric=0.0001, Entropy Metric=0.0092]
Training Epochs:   0%|          | 0/100 [00:03<?, ?it/s, -ELBO=3.1240, Potential Metric=0.0001, Entropy Metric=0.0101]

Epoch 0:  84%|████████▍ | 27/32 [00:03<00:00, 13.36it/s][A
Training Epochs:   0%|          | 0/100 [00:03<?, ?it/s, -ELBO=2.9177, Potential Metric=0.0002, Entropy Metric=0.0113]
Training Epochs:   0%|          | 0/100 [00:03<?, ?it/s, -ELBO=2.9372, Potential Metric=0.0003, Entropy Metric=0.0091]

Epoch 0:  91%|█████████ | 29/32 [00:03<00:00, 13.44it/s][A
Training Epochs:   0%|          | 0/100 [00:03<?, ?it/s, -ELBO=3.3489, Potential Metric=0.0003, Entropy Metric=0.0103]
Training Epochs:   0%|          | 0/100 [00:03<?, ?it/s, -ELBO=3.0462, Potential Metric=0.0003, Entropy Metric=0.0095]

Epoch 0:  97%|█████████▋| 31/32 [00:03<00:00, 13.51it/s][A
Training Epochs:   0%|          | 0/100 [00:03<?, ?it/s, -ELBO=3.0293, Potential Metric=0.0003, Entropy Metric=0.0099]

                                                        [A
Training Epochs:   1%|          | 1/100 [00:03<05:55,  3.59s/it, -ELBO=3.0293, Potential Metric=0.0003, Entropy Metric=0.0099]

Epoch 1:   0%|          | 0/32 [00:00<?, ?it/s][A
Training Epochs:   1%|          | 1/100 [00:03<05:55,  3.59s/it, -ELBO=3.6358, Potential Metric=0.0004, Entropy Metric=0.0096]

Epoch 1:   3%|▎         | 1/32 [00:00<00:03,  7.87it/s][A
Training Epochs:   1%|          | 1/100 [00:03<05:55,  3.59s/it, -ELBO=3.1143, Potential Metric=0.0004, Entropy Metric=0.0093]
Training Epochs:   1%|          | 1/100 [00:03<05:55,  3.59s/it, -ELBO=3.0515, Potential Metric=0.0004, Entropy Metric=0.0086]

Epoch 1:   9%|▉         | 3/32 [00:00<00:02, 11.56it/s][A
Training Epochs:   1%|          | 1/100 [00:04<05:55,  3.59s/it, -ELBO=3.1461, Potential Metric=0.0005, Entropy Metric=0.0073]
Training Epochs:   1%|          | 1/100 [00:04<05:55,  3.59s/it, -ELBO=2.5614, Potential Metric=0.0005, Entropy Metric=0.0070]

Epoch 1:  16%|█▌        | 5/32 [00:00<00:02, 12.59it/s][A
Training Epochs:   1%|          | 1/100 [00:04<05:55,  3.59s/it, -ELBO=2.9267, Potential Metric=0.0009, Entropy Metric=0.0069]
Training Epochs:   1%|          | 1/100 [00:04<05:55,  3.59s/it, -ELBO=3.1794, Potential Metric=0.0010, Entropy Metric=0.0080]

Epoch 1:  22%|██▏       | 7/32 [00:00<00:01, 13.11it/s][A
Training Epochs:   1%|          | 1/100 [00:04<05:55,  3.59s/it, -ELBO=3.0782, Potential Metric=0.0012, Entropy Metric=0.0070]
Training Epochs:   1%|          | 1/100 [00:04<05:55,  3.59s/it, -ELBO=2.8753, Potential Metric=0.0015, Entropy Metric=0.0077]

Epoch 1:  28%|██▊       | 9/32 [00:00<00:01, 13.31it/s][A
Training Epochs:   1%|          | 1/100 [00:04<05:55,  3.59s/it, -ELBO=2.8506, Potential Metric=0.0016, Entropy Metric=0.0070]
Training Epochs:   1%|          | 1/100 [00:04<05:55,  3.59s/it, -ELBO=2.8359, Potential Metric=0.0020, Entropy Metric=0.0068]

Epoch 1:  34%|███▍      | 11/32 [00:00<00:01, 13.49it/s][A
Training Epochs:   1%|          | 1/100 [00:04<05:55,  3.59s/it, -ELBO=3.5438, Potential Metric=0.0019, Entropy Metric=0.0070]
Training Epochs:   1%|          | 1/100 [00:04<05:55,  3.59s/it, -ELBO=3.0838, Potential Metric=0.0022, Entropy Metric=0.0058]

Epoch 1:  41%|████      | 13/32 [00:01<00:01, 13.36it/s][A
Training Epochs:   1%|          | 1/100 [00:04<05:55,  3.59s/it, -ELBO=3.0189, Potential Metric=0.0029, Entropy Metric=0.0066]
Training Epochs:   1%|          | 1/100 [00:04<05:55,  3.59s/it, -ELBO=2.9410, Potential Metric=0.0035, Entropy Metric=0.0055]

Epoch 1:  47%|████▋     | 15/32 [00:01<00:01, 13.30it/s][A
Training Epochs:   1%|          | 1/100 [00:04<05:55,  3.59s/it, -ELBO=2.8431, Potential Metric=0.0053, Entropy Metric=0.0067]
Training Epochs:   1%|          | 1/100 [00:05<05:55,  3.59s/it, -ELBO=3.1551, Potential Metric=0.0050, Entropy Metric=0.0061]

Epoch 1:  53%|█████▎    | 17/32 [00:01<00:01, 12.99it/s][A
Training Epochs:   1%|          | 1/100 [00:05<05:55,  3.59s/it, -ELBO=2.9761, Potential Metric=0.0071, Entropy Metric=0.0069]
Training Epochs:   1%|          | 1/100 [00:05<05:55,  3.59s/it, -ELBO=3.0746, Potential Metric=0.0076, Entropy Metric=0.0070]

Epoch 1:  59%|█████▉    | 19/32 [00:01<00:01, 12.79it/s][A
Training Epochs:   1%|          | 1/100 [00:05<05:55,  3.59s/it, -ELBO=3.1244, Potential Metric=0.0094, Entropy Metric=0.0065]
Training Epochs:   1%|          | 1/100 [00:05<05:55,  3.59s/it, -ELBO=2.8517, Potential Metric=0.0096, Entropy Metric=0.0059]

Epoch 1:  66%|██████▌   | 21/32 [00:01<00:00, 12.59it/s][A
Training Epochs:   1%|          | 1/100 [00:05<05:55,  3.59s/it, -ELBO=3.1523, Potential Metric=0.0118, Entropy Metric=0.0064]
Training Epochs:   1%|          | 1/100 [00:05<05:55,  3.59s/it, -ELBO=2.9483, Potential Metric=0.0112, Entropy Metric=0.0064]

Epoch 1:  72%|███████▏  | 23/32 [00:01<00:00, 12.50it/s][A
Training Epochs:   1%|          | 1/100 [00:05<05:55,  3.59s/it, -ELBO=2.8119, Potential Metric=0.0123, Entropy Metric=0.0061]
Training Epochs:   1%|          | 1/100 [00:05<05:55,  3.59s/it, -ELBO=2.7669, Potential Metric=0.0124, Entropy Metric=0.0055]

Epoch 1:  78%|███████▊  | 25/32 [00:01<00:00, 12.44it/s][A
Training Epochs:   1%|          | 1/100 [00:05<05:55,  3.59s/it, -ELBO=2.6541, Potential Metric=0.0133, Entropy Metric=0.0059]
Training Epochs:   1%|          | 1/100 [00:05<05:55,  3.59s/it, -ELBO=3.0574, Potential Metric=0.0170, Entropy Metric=0.0067]

Epoch 1:  84%|████████▍ | 27/32 [00:02<00:00, 12.26it/s][A
Training Epochs:   1%|          | 1/100 [00:05<05:55,  3.59s/it, -ELBO=2.7938, Potential Metric=0.0187, Entropy Metric=0.0064]
Training Epochs:   1%|          | 1/100 [00:06<05:55,  3.59s/it, -ELBO=2.6942, Potential Metric=0.0196, Entropy Metric=0.0068]

Epoch 1:  91%|█████████ | 29/32 [00:02<00:00, 11.90it/s][A
Training Epochs:   1%|          | 1/100 [00:06<05:55,  3.59s/it, -ELBO=2.5808, Potential Metric=0.0241, Entropy Metric=0.0069]
Training Epochs:   1%|          | 1/100 [00:06<05:55,  3.59s/it, -ELBO=3.1542, Potential Metric=0.0276, Entropy Metric=0.0073]

Epoch 1:  97%|█████████▋| 31/32 [00:02<00:00, 11.61it/s][A
Training Epochs:   1%|          | 1/100 [00:06<05:55,  3.59s/it, -ELBO=3.1486, Potential Metric=0.0226, Entropy Metric=0.0073]

                                                        [A
Training Epochs:   2%|▏         | 2/100 [00:06<04:59,  3.06s/it, -ELBO=3.1486, Potential Metric=0.0226, Entropy Metric=0.0073]

Epoch 2:   0%|          | 0/32 [00:00<?, ?it/s][A
Training Epochs:   2%|▏         | 2/100 [00:06<04:59,  3.06s/it, -ELBO=2.8247, Potential Metric=0.0297, Entropy Metric=0.0090]

Epoch 2:   3%|▎         | 1/32 [00:00<00:04,  7.59it/s][A
Training Epochs:   2%|▏         | 2/100 [00:06<04:59,  3.06s/it, -ELBO=2.7836, Potential Metric=0.0299, Entropy Metric=0.0094]
Training Epochs:   2%|▏         | 2/100 [00:06<04:59,  3.06s/it, -ELBO=3.3748, Potential Metric=0.0319, Entropy Metric=0.0100]

Epoch 2:   9%|▉         | 3/32 [00:00<00:02,  9.91it/s][A
Training Epochs:   2%|▏         | 2/100 [00:06<04:59,  3.06s/it, -ELBO=2.9389, Potential Metric=0.0389, Entropy Metric=0.0105]
Training Epochs:   2%|▏         | 2/100 [00:06<04:59,  3.06s/it, -ELBO=3.2778, Potential Metric=0.0521, Entropy Metric=0.0118]

Epoch 2:  16%|█▌        | 5/32 [00:00<00:02, 10.10it/s][A
Training Epochs:   2%|▏         | 2/100 [00:06<04:59,  3.06s/it, -ELBO=2.8180, Potential Metric=0.0375, Entropy Metric=0.0108]
Training Epochs:   2%|▏         | 2/100 [00:07<04:59,  3.06s/it, -ELBO=3.0356, Potential Metric=0.0466, Entropy Metric=0.0113]

Epoch 2:  22%|██▏       | 7/32 [00:00<00:02, 10.40it/s][A
Training Epochs:   2%|▏         | 2/100 [00:07<04:59,  3.06s/it, -ELBO=2.6288, Potential Metric=0.0474, Entropy Metric=0.0108]
Training Epochs:   2%|▏         | 2/100 [00:07<04:59,  3.06s/it, -ELBO=2.9623, Potential Metric=0.0463, Entropy Metric=0.0094]

Epoch 2:  28%|██▊       | 9/32 [00:00<00:02, 10.30it/s][A
Training Epochs:   2%|▏         | 2/100 [00:07<04:59,  3.06s/it, -ELBO=2.8268, Potential Metric=0.0520, Entropy Metric=0.0090]
Training Epochs:   2%|▏         | 2/100 [00:07<04:59,  3.06s/it, -ELBO=2.7377, Potential Metric=0.0505, Entropy Metric=0.0086]

Epoch 2:  34%|███▍      | 11/32 [00:01<00:02, 10.33it/s][A
Training Epochs:   2%|▏         | 2/100 [00:07<04:59,  3.06s/it, -ELBO=2.9477, Potential Metric=0.0615, Entropy Metric=0.0080]
Training Epochs:   2%|▏         | 2/100 [00:07<04:59,  3.06s/it, -ELBO=2.9118, Potential Metric=0.0638, Entropy Metric=0.0081]

Epoch 2:  41%|████      | 13/32 [00:01<00:01,  9.99it/s][A
Training Epochs:   2%|▏         | 2/100 [00:07<04:59,  3.06s/it, -ELBO=2.7528, Potential Metric=0.0589, Entropy Metric=0.0078]

Epoch 2:  44%|████▍     | 14/32 [00:01<00:01,  9.88it/s][A
Training Epochs:   2%|▏         | 2/100 [00:07<04:59,  3.06s/it, -ELBO=2.3914, Potential Metric=0.0592, Entropy Metric=0.0079]

Epoch 2:  47%|████▋     | 15/32 [00:01<00:01,  9.80it/s][A
Training Epochs:   2%|▏         | 2/100 [00:07<04:59,  3.06s/it, -ELBO=2.8372, Potential Metric=0.0669, Entropy Metric=0.0075]

Epoch 2:  50%|█████     | 16/32 [00:01<00:01,  9.55it/s][A
Training Epochs:   2%|▏         | 2/100 [00:08<04:59,  3.06s/it, -ELBO=2.4673, Potential Metric=0.0658, Entropy Metric=0.0073]

Epoch 2:  53%|█████▎    | 17/32 [00:01<00:01,  9.26it/s][A
Training Epochs:   2%|▏         | 2/100 [00:08<04:59,  3.06s/it, -ELBO=2.7202, Potential Metric=0.0710, Entropy Metric=0.0069]

Epoch 2:  56%|█████▋    | 18/32 [00:01<00:01,  9.06it/s][A
Training Epochs:   2%|▏         | 2/100 [00:08<04:59,  3.06s/it, -ELBO=2.8182, Potential Metric=0.0813, Entropy Metric=0.0070]

Epoch 2:  59%|█████▉    | 19/32 [00:01<00:01,  8.98it/s][A
Training Epochs:   2%|▏         | 2/100 [00:08<04:59,  3.06s/it, -ELBO=2.7150, Potential Metric=0.0683, Entropy Metric=0.0067]

Epoch 2:  62%|██████▎   | 20/32 [00:02<00:01,  8.95it/s][A
Training Epochs:   2%|▏         | 2/100 [00:08<04:59,  3.06s/it, -ELBO=2.8726, Potential Metric=0.0609, Entropy Metric=0.0074]

Epoch 2:  66%|██████▌   | 21/32 [00:02<00:01,  8.70it/s][A
Training Epochs:   2%|▏         | 2/100 [00:08<04:59,  3.06s/it, -ELBO=2.7470, Potential Metric=0.0653, Entropy Metric=0.0083]

Epoch 2:  69%|██████▉   | 22/32 [00:02<00:01,  8.48it/s][A
Training Epochs:   2%|▏         | 2/100 [00:08<04:59,  3.06s/it, -ELBO=3.1764, Potential Metric=0.0745, Entropy Metric=0.0093]

Epoch 2:  72%|███████▏  | 23/32 [00:02<00:01,  8.40it/s][A
Training Epochs:   2%|▏         | 2/100 [00:08<04:59,  3.06s/it, -ELBO=2.9894, Potential Metric=0.0778, Entropy Metric=0.0108]

Epoch 2:  75%|███████▌  | 24/32 [00:02<00:00,  8.24it/s][A
Training Epochs:   2%|▏         | 2/100 [00:09<04:59,  3.06s/it, -ELBO=2.8864, Potential Metric=0.0717, Entropy Metric=0.0104]

Epoch 2:  78%|███████▊  | 25/32 [00:02<00:00,  8.19it/s][A
Training Epochs:   2%|▏         | 2/100 [00:09<04:59,  3.06s/it, -ELBO=2.4305, Potential Metric=0.0825, Entropy Metric=0.0113]

Epoch 2:  81%|████████▏ | 26/32 [00:02<00:00,  8.10it/s][A
Training Epochs:   2%|▏         | 2/100 [00:09<04:59,  3.06s/it, -ELBO=3.1901, Potential Metric=0.0752, Entropy Metric=0.0111]

Epoch 2:  84%|████████▍ | 27/32 [00:02<00:00,  8.12it/s][A
Training Epochs:   2%|▏         | 2/100 [00:09<04:59,  3.06s/it, -ELBO=2.6030, Potential Metric=0.0599, Entropy Metric=0.0096]

Epoch 2:  88%|████████▊ | 28/32 [00:03<00:00,  8.05it/s][A
Training Epochs:   2%|▏         | 2/100 [00:09<04:59,  3.06s/it, -ELBO=2.8503, Potential Metric=0.0781, Entropy Metric=0.0104]

Epoch 2:  91%|█████████ | 29/32 [00:03<00:00,  7.95it/s][A
Training Epochs:   2%|▏         | 2/100 [00:09<04:59,  3.06s/it, -ELBO=2.4915, Potential Metric=0.0702, Entropy Metric=0.0117]

Epoch 2:  94%|█████████▍| 30/32 [00:03<00:00,  7.80it/s][A
Training Epochs:   2%|▏         | 2/100 [00:09<04:59,  3.06s/it, -ELBO=3.2652, Potential Metric=0.0750, Entropy Metric=0.0114]

Epoch 2:  97%|█████████▋| 31/32 [00:03<00:00,  7.70it/s][A
Training Epochs:   2%|▏         | 2/100 [00:09<04:59,  3.06s/it, -ELBO=2.7459, Potential Metric=0.0683, Entropy Metric=0.0100]

Epoch 2: 100%|██████████| 32/32 [00:03<00:00,  7.62it/s][A

                                                        [A
Training Epochs:   3%|▎         | 3/100 [00:09<05:25,  3.35s/it, -ELBO=2.7459, Potential Metric=0.0683, Entropy Metric=0.0100]

Epoch 3:   0%|          | 0/32 [00:00<?, ?it/s][A
Training Epochs:   3%|▎         | 3/100 [00:10<05:25,  3.35s/it, -ELBO=2.8514, Potential Metric=0.0669, Entropy Metric=0.0094]

Epoch 3:   3%|▎         | 1/32 [00:00<00:05,  5.39it/s][A
Training Epochs:   3%|▎         | 3/100 [00:10<05:25,  3.35s/it, -ELBO=2.7623, Potential Metric=0.0795, Entropy Metric=0.0086]

Epoch 3:   6%|▋         | 2/32 [00:00<00:04,  6.58it/s][A
Training Epochs:   3%|▎         | 3/100 [00:10<05:25,  3.35s/it, -ELBO=2.7779, Potential Metric=0.0855, Entropy Metric=0.0093]

Epoch 3:   9%|▉         | 3/32 [00:00<00:04,  7.01it/s][A
Training Epochs:   3%|▎         | 3/100 [00:10<05:25,  3.35s/it, -ELBO=2.8659, Potential Metric=0.0761, Entropy Metric=0.0091]

Epoch 3:  12%|█▎        | 4/32 [00:00<00:03,  7.43it/s][A
Training Epochs:   3%|▎         | 3/100 [00:10<05:25,  3.35s/it, -ELBO=3.3150, Potential Metric=0.0726, Entropy Metric=0.0098]

Epoch 3:  16%|█▌        | 5/32 [00:00<00:03,  7.53it/s][A
Training Epochs:   3%|▎         | 3/100 [00:10<05:25,  3.35s/it, -ELBO=2.5169, Potential Metric=0.0675, Entropy Metric=0.0091]

Epoch 3:  19%|█▉        | 6/32 [00:00<00:03,  7.45it/s][A
Training Epochs:   3%|▎         | 3/100 [00:11<05:25,  3.35s/it, -ELBO=2.7688, Potential Metric=0.0715, Entropy Metric=0.0098]

Epoch 3:  22%|██▏       | 7/32 [00:00<00:03,  7.37it/s][A
Training Epochs:   3%|▎         | 3/100 [00:11<05:25,  3.35s/it, -ELBO=2.9724, Potential Metric=0.0637, Entropy Metric=0.0087]

Epoch 3:  25%|██▌       | 8/32 [00:01<00:03,  7.36it/s][A
Training Epochs:   3%|▎         | 3/100 [00:11<05:25,  3.35s/it, -ELBO=2.5422, Potential Metric=0.0767, Entropy Metric=0.0089]

Epoch 3:  28%|██▊       | 9/32 [00:01<00:03,  7.35it/s][A
Training Epochs:   3%|▎         | 3/100 [00:11<05:25,  3.35s/it, -ELBO=2.5814, Potential Metric=0.0652, Entropy Metric=0.0095]

Epoch 3:  31%|███▏      | 10/32 [00:01<00:03,  7.28it/s][A
Training Epochs:   3%|▎         | 3/100 [00:11<05:25,  3.35s/it, -ELBO=2.9527, Potential Metric=0.0559, Entropy Metric=0.0089]

Epoch 3:  34%|███▍      | 11/32 [00:01<00:02,  7.47it/s][A
Training Epochs:   3%|▎         | 3/100 [00:11<05:25,  3.35s/it, -ELBO=2.7944, Potential Metric=0.0531, Entropy Metric=0.0095]

Epoch 3:  38%|███▊      | 12/32 [00:01<00:02,  7.62it/s][A
Training Epochs:   3%|▎         | 3/100 [00:11<05:25,  3.35s/it, -ELBO=2.7710, Potential Metric=0.0618, Entropy Metric=0.0099]

Epoch 3:  41%|████      | 13/32 [00:01<00:02,  7.45it/s][A
Training Epochs:   3%|▎         | 3/100 [00:12<05:25,  3.35s/it, -ELBO=2.7891, Potential Metric=0.0654, Entropy Metric=0.0099]

Epoch 3:  44%|████▍     | 14/32 [00:01<00:02,  7.41it/s][A
Training Epochs:   3%|▎         | 3/100 [00:12<05:25,  3.35s/it, -ELBO=2.9078, Potential Metric=0.0772, Entropy Metric=0.0099]

Epoch 3:  47%|████▋     | 15/32 [00:02<00:02,  7.34it/s][A
Training Epochs:   3%|▎         | 3/100 [00:12<05:25,  3.35s/it, -ELBO=2.5397, Potential Metric=0.0592, Entropy Metric=0.0106]

Epoch 3:  50%|█████     | 16/32 [00:02<00:02,  7.49it/s][A
Training Epochs:   3%|▎         | 3/100 [00:12<05:25,  3.35s/it, -ELBO=2.3862, Potential Metric=0.0576, Entropy Metric=0.0104]

Epoch 3:  53%|█████▎    | 17/32 [00:02<00:02,  7.28it/s][A
Training Epochs:   3%|▎         | 3/100 [00:12<05:25,  3.35s/it, -ELBO=2.6495, Potential Metric=0.0591, Entropy Metric=0.0100]

Epoch 3:  56%|█████▋    | 18/32 [00:02<00:02,  6.95it/s][A
Training Epochs:   3%|▎         | 3/100 [00:12<05:25,  3.35s/it, -ELBO=2.4775, Potential Metric=0.0607, Entropy Metric=0.0102]

Epoch 3:  59%|█████▉    | 19/32 [00:02<00:01,  6.65it/s][A
Training Epochs:   3%|▎         | 3/100 [00:12<05:25,  3.35s/it, -ELBO=2.9435, Potential Metric=0.0601, Entropy Metric=0.0103]

Epoch 3:  62%|██████▎   | 20/32 [00:02<00:01,  6.83it/s][A
Training Epochs:   3%|▎         | 3/100 [00:13<05:25,  3.35s/it, -ELBO=3.0134, Potential Metric=0.0652, Entropy Metric=0.0117]

Epoch 3:  66%|██████▌   | 21/32 [00:02<00:01,  6.72it/s][A
Training Epochs:   3%|▎         | 3/100 [00:13<05:25,  3.35s/it, -ELBO=2.6670, Potential Metric=0.0628, Entropy Metric=0.0123]

Epoch 3:  69%|██████▉   | 22/32 [00:03<00:01,  6.71it/s][A
Training Epochs:   3%|▎         | 3/100 [00:13<05:25,  3.35s/it, -ELBO=2.3068, Potential Metric=0.0658, Entropy Metric=0.0146]

Epoch 3:  72%|███████▏  | 23/32 [00:03<00:01,  6.86it/s][A
Training Epochs:   3%|▎         | 3/100 [00:13<05:25,  3.35s/it, -ELBO=2.6067, Potential Metric=0.0684, Entropy Metric=0.0144]

Epoch 3:  75%|███████▌  | 24/32 [00:03<00:01,  6.81it/s][A
Training Epochs:   3%|▎         | 3/100 [00:13<05:25,  3.35s/it, -ELBO=2.8286, Potential Metric=0.0605, Entropy Metric=0.0147]

Epoch 3:  78%|███████▊  | 25/32 [00:03<00:01,  6.88it/s][A
Training Epochs:   3%|▎         | 3/100 [00:13<05:25,  3.35s/it, -ELBO=2.6064, Potential Metric=0.0645, Entropy Metric=0.0150]

Epoch 3:  81%|████████▏ | 26/32 [00:03<00:00,  6.88it/s][A
Training Epochs:   3%|▎         | 3/100 [00:13<05:25,  3.35s/it, -ELBO=2.9200, Potential Metric=0.0765, Entropy Metric=0.0151]

Epoch 3:  84%|████████▍ | 27/32 [00:03<00:00,  6.90it/s][A
Training Epochs:   3%|▎         | 3/100 [00:14<05:25,  3.35s/it, -ELBO=2.2628, Potential Metric=0.0865, Entropy Metric=0.0183]

Epoch 3:  88%|████████▊ | 28/32 [00:03<00:00,  6.87it/s][A
Training Epochs:   3%|▎         | 3/100 [00:14<05:25,  3.35s/it, -ELBO=2.7236, Potential Metric=0.0806, Entropy Metric=0.0178]

Epoch 3:  91%|█████████ | 29/32 [00:04<00:00,  7.00it/s][A
Training Epochs:   3%|▎         | 3/100 [00:14<05:25,  3.35s/it, -ELBO=2.7069, Potential Metric=0.0930, Entropy Metric=0.0179]

Epoch 3:  94%|█████████▍| 30/32 [00:04<00:00,  7.00it/s][A
Training Epochs:   3%|▎         | 3/100 [00:14<05:25,  3.35s/it, -ELBO=2.8817, Potential Metric=0.0923, Entropy Metric=0.0176]

Epoch 3:  97%|█████████▋| 31/32 [00:04<00:00,  6.95it/s][A
Training Epochs:   3%|▎         | 3/100 [00:14<05:25,  3.35s/it, -ELBO=2.5975, Potential Metric=0.0762, Entropy Metric=0.0180]

Epoch 3: 100%|██████████| 32/32 [00:04<00:00,  6.84it/s][A

                                                        [A
Training Epochs:   4%|▍         | 4/100 [00:14<06:10,  3.86s/it, -ELBO=2.5975, Potential Metric=0.0762, Entropy Metric=0.0180]

Epoch 4:   0%|          | 0/32 [00:00<?, ?it/s][A
Training Epochs:   4%|▍         | 4/100 [00:14<06:10,  3.86s/it, -ELBO=2.7023, Potential Metric=0.0677, Entropy Metric=0.0174]

Epoch 4:   3%|▎         | 1/32 [00:00<00:05,  5.48it/s][A
Training Epochs:   4%|▍         | 4/100 [00:15<06:10,  3.86s/it, -ELBO=2.8788, Potential Metric=0.0614, Entropy Metric=0.0193]

Epoch 4:   6%|▋         | 2/32 [00:00<00:04,  6.43it/s][A
Training Epochs:   4%|▍         | 4/100 [00:15<06:10,  3.86s/it, -ELBO=2.4560, Potential Metric=0.0700, Entropy Metric=0.0190]

Epoch 4:   9%|▉         | 3/32 [00:00<00:04,  6.54it/s][A
Training Epochs:   4%|▍         | 4/100 [00:15<06:10,  3.86s/it, -ELBO=2.1499, Potential Metric=0.0784, Entropy Metric=0.0202]

Epoch 4:  12%|█▎        | 4/32 [00:00<00:04,  6.61it/s][A
Training Epochs:   4%|▍         | 4/100 [00:15<06:10,  3.86s/it, -ELBO=2.5991, Potential Metric=0.0855, Entropy Metric=0.0184]

Epoch 4:  16%|█▌        | 5/32 [00:00<00:04,  6.55it/s][A
Training Epochs:   4%|▍         | 4/100 [00:15<06:10,  3.86s/it, -ELBO=2.9161, Potential Metric=0.0858, Entropy Metric=0.0173]

Epoch 4:  19%|█▉        | 6/32 [00:00<00:03,  6.97it/s][A
Training Epochs:   4%|▍         | 4/100 [00:15<06:10,  3.86s/it, -ELBO=2.9703, Potential Metric=0.0673, Entropy Metric=0.0164]

Epoch 4:  22%|██▏       | 7/32 [00:01<00:03,  7.06it/s][A
Training Epochs:   4%|▍         | 4/100 [00:15<06:10,  3.86s/it, -ELBO=2.8670, Potential Metric=0.0627, Entropy Metric=0.0160]

Epoch 4:  25%|██▌       | 8/32 [00:01<00:03,  7.13it/s][A
Training Epochs:   4%|▍         | 4/100 [00:16<06:10,  3.86s/it, -ELBO=2.3372, Potential Metric=0.0641, Entropy Metric=0.0168]

Epoch 4:  28%|██▊       | 9/32 [00:01<00:03,  7.32it/s][A
Training Epochs:   4%|▍         | 4/100 [00:16<06:10,  3.86s/it, -ELBO=2.4208, Potential Metric=0.0763, Entropy Metric=0.0182]

Epoch 4:  31%|███▏      | 10/32 [00:01<00:03,  7.13it/s][A
Training Epochs:   4%|▍         | 4/100 [00:16<06:10,  3.86s/it, -ELBO=2.4636, Potential Metric=0.0503, Entropy Metric=0.0174]

Epoch 4:  34%|███▍      | 11/32 [00:01<00:02,  7.19it/s][A
Training Epochs:   4%|▍         | 4/100 [00:16<06:10,  3.86s/it, -ELBO=2.5940, Potential Metric=0.0713, Entropy Metric=0.0184]

Epoch 4:  38%|███▊      | 12/32 [00:01<00:02,  7.23it/s][A
Training Epochs:   4%|▍         | 4/100 [00:16<06:10,  3.86s/it, -ELBO=2.5278, Potential Metric=0.0730, Entropy Metric=0.0175]

Epoch 4:  41%|████      | 13/32 [00:01<00:02,  7.14it/s][A
Training Epochs:   4%|▍         | 4/100 [00:16<06:10,  3.86s/it, -ELBO=2.8466, Potential Metric=0.0604, Entropy Metric=0.0168]

Epoch 4:  44%|████▍     | 14/32 [00:02<00:02,  7.19it/s][A
Training Epochs:   4%|▍         | 4/100 [00:16<06:10,  3.86s/it, -ELBO=2.6606, Potential Metric=0.0677, Entropy Metric=0.0167]

Epoch 4:  47%|████▋     | 15/32 [00:02<00:02,  7.30it/s][A
Training Epochs:   4%|▍         | 4/100 [00:16<06:10,  3.86s/it, -ELBO=2.7597, Potential Metric=0.0619, Entropy Metric=0.0162]

Epoch 4:  50%|█████     | 16/32 [00:02<00:02,  7.44it/s][A
Training Epochs:   4%|▍         | 4/100 [00:17<06:10,  3.86s/it, -ELBO=2.6537, Potential Metric=0.0652, Entropy Metric=0.0162]

Epoch 4:  53%|█████▎    | 17/32 [00:02<00:02,  7.26it/s][A
Training Epochs:   4%|▍         | 4/100 [00:17<06:10,  3.86s/it, -ELBO=2.7159, Potential Metric=0.0475, Entropy Metric=0.0168]

Epoch 4:  56%|█████▋    | 18/32 [00:02<00:01,  7.32it/s][A
Training Epochs:   4%|▍         | 4/100 [00:17<06:10,  3.86s/it, -ELBO=2.6114, Potential Metric=0.0846, Entropy Metric=0.0178]

Epoch 4:  59%|█████▉    | 19/32 [00:02<00:01,  7.15it/s][A
Training Epochs:   4%|▍         | 4/100 [00:17<06:10,  3.86s/it, -ELBO=2.4960, Potential Metric=0.0586, Entropy Metric=0.0198]

Epoch 4:  62%|██████▎   | 20/32 [00:02<00:01,  7.16it/s][A
Training Epochs:   4%|▍         | 4/100 [00:17<06:10,  3.86s/it, -ELBO=2.5429, Potential Metric=0.0773, Entropy Metric=0.0203]

Epoch 4:  66%|██████▌   | 21/32 [00:02<00:01,  6.93it/s][A
Training Epochs:   4%|▍         | 4/100 [00:17<06:10,  3.86s/it, -ELBO=2.7278, Potential Metric=0.0657, Entropy Metric=0.0219]

Epoch 4:  69%|██████▉   | 22/32 [00:03<00:01,  6.88it/s][A
Training Epochs:   4%|▍         | 4/100 [00:17<06:10,  3.86s/it, -ELBO=2.5577, Potential Metric=0.0587, Entropy Metric=0.0225]

Epoch 4:  72%|███████▏  | 23/32 [00:03<00:01,  6.84it/s][A
Training Epochs:   4%|▍         | 4/100 [00:18<06:10,  3.86s/it, -ELBO=2.3812, Potential Metric=0.0666, Entropy Metric=0.0246]

Epoch 4:  75%|███████▌  | 24/32 [00:03<00:01,  6.84it/s][A
Training Epochs:   4%|▍         | 4/100 [00:18<06:10,  3.86s/it, -ELBO=2.3082, Potential Metric=0.0671, Entropy Metric=0.0264]

Epoch 4:  78%|███████▊  | 25/32 [00:03<00:01,  6.66it/s][A
Training Epochs:   4%|▍         | 4/100 [00:18<06:10,  3.86s/it, -ELBO=2.8086, Potential Metric=0.0609, Entropy Metric=0.0256]

Epoch 4:  81%|████████▏ | 26/32 [00:03<00:00,  6.60it/s][A
Training Epochs:   4%|▍         | 4/100 [00:18<06:10,  3.86s/it, -ELBO=2.7022, Potential Metric=0.0630, Entropy Metric=0.0243]

Epoch 4:  84%|████████▍ | 27/32 [00:03<00:00,  6.65it/s][A
Training Epochs:   4%|▍         | 4/100 [00:18<06:10,  3.86s/it, -ELBO=2.8007, Potential Metric=0.0703, Entropy Metric=0.0247]

Epoch 4:  88%|████████▊ | 28/32 [00:04<00:00,  6.58it/s][A
Training Epochs:   4%|▍         | 4/100 [00:18<06:10,  3.86s/it, -ELBO=2.6613, Potential Metric=0.0674, Entropy Metric=0.0252]

Epoch 4:  91%|█████████ | 29/32 [00:04<00:00,  6.55it/s][A
Training Epochs:   4%|▍         | 4/100 [00:19<06:10,  3.86s/it, -ELBO=2.7150, Potential Metric=0.0566, Entropy Metric=0.0244]

Epoch 4:  94%|█████████▍| 30/32 [00:04<00:00,  6.51it/s][A
Training Epochs:   4%|▍         | 4/100 [00:19<06:10,  3.86s/it, -ELBO=2.6303, Potential Metric=0.0630, Entropy Metric=0.0257]

Epoch 4:  97%|█████████▋| 31/32 [00:04<00:00,  6.27it/s][A
Training Epochs:   4%|▍         | 4/100 [00:19<06:10,  3.86s/it, -ELBO=2.5162, Potential Metric=0.0652, Entropy Metric=0.0231]

Epoch 4: 100%|██████████| 32/32 [00:04<00:00,  6.45it/s][A

                                                        [A
Training Epochs:   5%|▌         | 5/100 [00:19<06:37,  4.19s/it, -ELBO=2.5162, Potential Metric=0.0652, Entropy Metric=0.0231]

Epoch 5:   0%|          | 0/32 [00:00<?, ?it/s][A
Training Epochs:   5%|▌         | 5/100 [00:19<06:37,  4.19s/it, -ELBO=2.2934, Potential Metric=0.0543, Entropy Metric=0.0235]

Epoch 5:   3%|▎         | 1/32 [00:00<00:05,  5.28it/s][A
Training Epochs:   5%|▌         | 5/100 [00:19<06:37,  4.19s/it, -ELBO=2.4360, Potential Metric=0.0710, Entropy Metric=0.0219]

Epoch 5:   6%|▋         | 2/32 [00:00<00:04,  6.19it/s][A
Training Epochs:   5%|▌         | 5/100 [00:19<06:37,  4.19s/it, -ELBO=2.4352, Potential Metric=0.0553, Entropy Metric=0.0208]

Epoch 5:   9%|▉         | 3/32 [00:00<00:04,  6.60it/s][A
Training Epochs:   5%|▌         | 5/100 [00:20<06:37,  4.19s/it, -ELBO=2.6414, Potential Metric=0.0701, Entropy Metric=0.0208]

Epoch 5:  12%|█▎        | 4/32 [00:00<00:04,  6.71it/s][A
Training Epochs:   5%|▌         | 5/100 [00:20<06:37,  4.19s/it, -ELBO=2.5158, Potential Metric=0.0690, Entropy Metric=0.0213]

Epoch 5:  16%|█▌        | 5/32 [00:00<00:03,  6.96it/s][A
Training Epochs:   5%|▌         | 5/100 [00:20<06:37,  4.19s/it, -ELBO=2.4109, Potential Metric=0.0747, Entropy Metric=0.0217]

Epoch 5:  19%|█▉        | 6/32 [00:00<00:03,  6.88it/s][A
Training Epochs:   5%|▌         | 5/100 [00:20<06:37,  4.19s/it, -ELBO=2.7925, Potential Metric=0.0601, Entropy Metric=0.0212]

Epoch 5:  22%|██▏       | 7/32 [00:01<00:03,  7.07it/s][A
Training Epochs:   5%|▌         | 5/100 [00:20<06:37,  4.19s/it, -ELBO=2.4956, Potential Metric=0.0534, Entropy Metric=0.0209]

Epoch 5:  25%|██▌       | 8/32 [00:01<00:03,  7.01it/s][A
Training Epochs:   5%|▌         | 5/100 [00:20<06:37,  4.19s/it, -ELBO=2.4748, Potential Metric=0.0685, Entropy Metric=0.0214]

Epoch 5:  28%|██▊       | 9/32 [00:01<00:03,  7.10it/s][A
Training Epochs:   5%|▌         | 5/100 [00:20<06:37,  4.19s/it, -ELBO=2.7407, Potential Metric=0.0556, Entropy Metric=0.0199]

Epoch 5:  31%|███▏      | 10/32 [00:01<00:03,  7.26it/s][A
Training Epochs:   5%|▌         | 5/100 [00:21<06:37,  4.19s/it, -ELBO=2.8749, Potential Metric=0.0628, Entropy Metric=0.0191]

Epoch 5:  34%|███▍      | 11/32 [00:01<00:02,  7.15it/s][A
Training Epochs:   5%|▌         | 5/100 [00:21<06:37,  4.19s/it, -ELBO=2.2635, Potential Metric=0.0611, Entropy Metric=0.0198]

Epoch 5:  38%|███▊      | 12/32 [00:01<00:02,  7.19it/s][A
Training Epochs:   5%|▌         | 5/100 [00:21<06:37,  4.19s/it, -ELBO=2.5125, Potential Metric=0.0586, Entropy Metric=0.0176]

Epoch 5:  41%|████      | 13/32 [00:01<00:02,  7.14it/s][A
Training Epochs:   5%|▌         | 5/100 [00:21<06:37,  4.19s/it, -ELBO=2.6389, Potential Metric=0.0688, Entropy Metric=0.0179]

Epoch 5:  44%|████▍     | 14/32 [00:02<00:02,  6.73it/s][A
Training Epochs:   5%|▌         | 5/100 [00:21<06:37,  4.19s/it, -ELBO=2.5083, Potential Metric=0.0610, Entropy Metric=0.0184]

Epoch 5:  47%|████▋     | 15/32 [00:02<00:02,  6.72it/s][A
Training Epochs:   5%|▌         | 5/100 [00:21<06:37,  4.19s/it, -ELBO=2.6476, Potential Metric=0.0647, Entropy Metric=0.0185]

Epoch 5:  50%|█████     | 16/32 [00:02<00:02,  6.72it/s][A
Training Epochs:   5%|▌         | 5/100 [00:21<06:37,  4.19s/it, -ELBO=2.5179, Potential Metric=0.0793, Entropy Metric=0.0165]

Epoch 5:  53%|█████▎    | 17/32 [00:02<00:02,  6.70it/s][A
Training Epochs:   5%|▌         | 5/100 [00:22<06:37,  4.19s/it, -ELBO=2.8389, Potential Metric=0.0747, Entropy Metric=0.0166]

Epoch 5:  56%|█████▋    | 18/32 [00:02<00:02,  6.60it/s][A
Training Epochs:   5%|▌         | 5/100 [00:22<06:37,  4.19s/it, -ELBO=2.5090, Potential Metric=0.0643, Entropy Metric=0.0171]

Epoch 5:  59%|█████▉    | 19/32 [00:02<00:01,  6.55it/s][A
Training Epochs:   5%|▌         | 5/100 [00:22<06:37,  4.19s/it, -ELBO=2.7671, Potential Metric=0.0682, Entropy Metric=0.0177]

Epoch 5:  62%|██████▎   | 20/32 [00:02<00:01,  6.71it/s][A
Training Epochs:   5%|▌         | 5/100 [00:22<06:37,  4.19s/it, -ELBO=2.0787, Potential Metric=0.0649, Entropy Metric=0.0171]

Epoch 5:  66%|██████▌   | 21/32 [00:03<00:01,  6.60it/s][A
Training Epochs:   5%|▌         | 5/100 [00:22<06:37,  4.19s/it, -ELBO=2.1551, Potential Metric=0.0656, Entropy Metric=0.0178]

Epoch 5:  69%|██████▉   | 22/32 [00:03<00:01,  6.62it/s][A
Training Epochs:   5%|▌         | 5/100 [00:22<06:37,  4.19s/it, -ELBO=2.5297, Potential Metric=0.0767, Entropy Metric=0.0194]

Epoch 5:  72%|███████▏  | 23/32 [00:03<00:01,  6.63it/s][A
Training Epochs:   5%|▌         | 5/100 [00:23<06:37,  4.19s/it, -ELBO=2.8379, Potential Metric=0.0575, Entropy Metric=0.0192]

Epoch 5:  75%|███████▌  | 24/32 [00:03<00:01,  6.75it/s][A
Training Epochs:   5%|▌         | 5/100 [00:23<06:37,  4.19s/it, -ELBO=2.4643, Potential Metric=0.0615, Entropy Metric=0.0191]

Epoch 5:  78%|███████▊  | 25/32 [00:03<00:01,  6.67it/s][A
Training Epochs:   5%|▌         | 5/100 [00:23<06:37,  4.19s/it, -ELBO=2.2602, Potential Metric=0.0709, Entropy Metric=0.0197]

Epoch 5:  81%|████████▏ | 26/32 [00:03<00:00,  6.73it/s][A
Training Epochs:   5%|▌         | 5/100 [00:23<06:37,  4.19s/it, -ELBO=2.5034, Potential Metric=0.0719, Entropy Metric=0.0190]

Epoch 5:  84%|████████▍ | 27/32 [00:03<00:00,  6.81it/s][A
Training Epochs:   5%|▌         | 5/100 [00:23<06:37,  4.19s/it, -ELBO=2.6665, Potential Metric=0.0648, Entropy Metric=0.0187]

Epoch 5:  88%|████████▊ | 28/32 [00:04<00:00,  6.88it/s][A
Training Epochs:   5%|▌         | 5/100 [00:23<06:37,  4.19s/it, -ELBO=2.7478, Potential Metric=0.0711, Entropy Metric=0.0172]

Epoch 5:  91%|█████████ | 29/32 [00:04<00:00,  6.89it/s][A
Training Epochs:   5%|▌         | 5/100 [00:23<06:37,  4.19s/it, -ELBO=2.4793, Potential Metric=0.0679, Entropy Metric=0.0171]

Epoch 5:  94%|█████████▍| 30/32 [00:04<00:00,  6.64it/s][A
Training Epochs:   5%|▌         | 5/100 [00:24<06:37,  4.19s/it, -ELBO=2.3181, Potential Metric=0.0758, Entropy Metric=0.0169]

Epoch 5:  97%|█████████▋| 31/32 [00:04<00:00,  6.44it/s][A
Training Epochs:   5%|▌         | 5/100 [00:24<06:37,  4.19s/it, -ELBO=2.5037, Potential Metric=0.0752, Entropy Metric=0.0168]

Epoch 5: 100%|██████████| 32/32 [00:04<00:00,  6.50it/s][A

                                                        [A
Training Epochs:   6%|▌         | 6/100 [00:24<06:54,  4.40s/it, -ELBO=2.5037, Potential Metric=0.0752, Entropy Metric=0.0168]

Epoch 6:   0%|          | 0/32 [00:00<?, ?it/s][A
Training Epochs:   6%|▌         | 6/100 [00:24<06:54,  4.40s/it, -ELBO=2.4900, Potential Metric=0.0643, Entropy Metric=0.0169]

Epoch 6:   3%|▎         | 1/32 [00:00<00:06,  4.80it/s][A
Training Epochs:   6%|▌         | 6/100 [00:24<06:54,  4.40s/it, -ELBO=2.7519, Potential Metric=0.0755, Entropy Metric=0.0162]

Epoch 6:   6%|▋         | 2/32 [00:00<00:05,  5.25it/s][A
Training Epochs:   6%|▌         | 6/100 [00:24<06:54,  4.40s/it, -ELBO=2.4773, Potential Metric=0.0609, Entropy Metric=0.0166]

Epoch 6:   9%|▉         | 3/32 [00:00<00:04,  5.95it/s][A
Training Epochs:   6%|▌         | 6/100 [00:25<06:54,  4.40s/it, -ELBO=2.7310, Potential Metric=0.0661, Entropy Metric=0.0155]

Epoch 6:  12%|█▎        | 4/32 [00:00<00:04,  6.24it/s][A
Training Epochs:   6%|▌         | 6/100 [00:25<06:54,  4.40s/it, -ELBO=2.4568, Potential Metric=0.0701, Entropy Metric=0.0154]

Epoch 6:  16%|█▌        | 5/32 [00:00<00:04,  6.17it/s][A
Training Epochs:   6%|▌         | 6/100 [00:25<06:54,  4.40s/it, -ELBO=2.3028, Potential Metric=0.0660, Entropy Metric=0.0148]

Epoch 6:  19%|█▉        | 6/32 [00:00<00:04,  6.31it/s][A
Training Epochs:   6%|▌         | 6/100 [00:25<06:54,  4.40s/it, -ELBO=2.5533, Potential Metric=0.0600, Entropy Metric=0.0138]

Epoch 6:  22%|██▏       | 7/32 [00:01<00:03,  6.62it/s][A
Training Epochs:   6%|▌         | 6/100 [00:25<06:54,  4.40s/it, -ELBO=2.4361, Potential Metric=0.0714, Entropy Metric=0.0154]

Epoch 6:  25%|██▌       | 8/32 [00:01<00:03,  6.59it/s][A
Training Epochs:   6%|▌         | 6/100 [00:25<06:54,  4.40s/it, -ELBO=2.3786, Potential Metric=0.0638, Entropy Metric=0.0149]

Epoch 6:  28%|██▊       | 9/32 [00:01<00:03,  6.63it/s][A
Training Epochs:   6%|▌         | 6/100 [00:25<06:54,  4.40s/it, -ELBO=2.4544, Potential Metric=0.0622, Entropy Metric=0.0165]

Epoch 6:  31%|███▏      | 10/32 [00:01<00:03,  6.65it/s][A
Training Epochs:   6%|▌         | 6/100 [00:26<06:54,  4.40s/it, -ELBO=2.7394, Potential Metric=0.0909, Entropy Metric=0.0158]

Epoch 6:  34%|███▍      | 11/32 [00:01<00:03,  6.50it/s][A
Training Epochs:   6%|▌         | 6/100 [00:26<06:54,  4.40s/it, -ELBO=2.6001, Potential Metric=0.0782, Entropy Metric=0.0164]

Epoch 6:  38%|███▊      | 12/32 [00:01<00:03,  6.51it/s][A
Training Epochs:   6%|▌         | 6/100 [00:26<06:54,  4.40s/it, -ELBO=2.5739, Potential Metric=0.0781, Entropy Metric=0.0168]

Epoch 6:  41%|████      | 13/32 [00:02<00:02,  6.54it/s][A
Training Epochs:   6%|▌         | 6/100 [00:26<06:54,  4.40s/it, -ELBO=2.6767, Potential Metric=0.0753, Entropy Metric=0.0166]

Epoch 6:  44%|████▍     | 14/32 [00:02<00:02,  6.39it/s][A
Training Epochs:   6%|▌         | 6/100 [00:26<06:54,  4.40s/it, -ELBO=1.9959, Potential Metric=0.0792, Entropy Metric=0.0162]

Epoch 6:  47%|████▋     | 15/32 [00:02<00:02,  6.54it/s][A
Training Epochs:   6%|▌         | 6/100 [00:26<06:54,  4.40s/it, -ELBO=2.6845, Potential Metric=0.0880, Entropy Metric=0.0159]

Epoch 6:  50%|█████     | 16/32 [00:02<00:02,  6.45it/s][A
Training Epochs:   6%|▌         | 6/100 [00:27<06:54,  4.40s/it, -ELBO=2.3252, Potential Metric=0.0692, Entropy Metric=0.0172]

Epoch 6:  53%|█████▎    | 17/32 [00:02<00:02,  6.34it/s][A
Training Epochs:   6%|▌         | 6/100 [00:27<06:54,  4.40s/it, -ELBO=2.0090, Potential Metric=0.0720, Entropy Metric=0.0174]

Epoch 6:  56%|█████▋    | 18/32 [00:02<00:02,  6.41it/s][A
Training Epochs:   6%|▌         | 6/100 [00:27<06:54,  4.40s/it, -ELBO=2.4012, Potential Metric=0.0706, Entropy Metric=0.0178]

Epoch 6:  59%|█████▉    | 19/32 [00:02<00:02,  6.45it/s][A
Training Epochs:   6%|▌         | 6/100 [00:27<06:54,  4.40s/it, -ELBO=2.2782, Potential Metric=0.0685, Entropy Metric=0.0175]

Epoch 6:  62%|██████▎   | 20/32 [00:03<00:01,  6.43it/s][A
Training Epochs:   6%|▌         | 6/100 [00:27<06:54,  4.40s/it, -ELBO=2.2826, Potential Metric=0.0822, Entropy Metric=0.0198]

Epoch 6:  66%|██████▌   | 21/32 [00:03<00:01,  6.29it/s][A
Training Epochs:   6%|▌         | 6/100 [00:27<06:54,  4.40s/it, -ELBO=2.4288, Potential Metric=0.0833, Entropy Metric=0.0198]

Epoch 6:  69%|██████▉   | 22/32 [00:03<00:01,  6.21it/s][A
Training Epochs:   6%|▌         | 6/100 [00:28<06:54,  4.40s/it, -ELBO=2.3053, Potential Metric=0.0691, Entropy Metric=0.0203]

Epoch 6:  72%|███████▏  | 23/32 [00:03<00:01,  6.31it/s][A
Training Epochs:   6%|▌         | 6/100 [00:28<06:54,  4.40s/it, -ELBO=2.1537, Potential Metric=0.0725, Entropy Metric=0.0201]

Epoch 6:  75%|███████▌  | 24/32 [00:03<00:01,  6.38it/s][A
Training Epochs:   6%|▌         | 6/100 [00:28<06:54,  4.40s/it, -ELBO=2.5877, Potential Metric=0.0856, Entropy Metric=0.0196]

Epoch 6:  78%|███████▊  | 25/32 [00:03<00:01,  6.59it/s][A
Training Epochs:   6%|▌         | 6/100 [00:28<06:54,  4.40s/it, -ELBO=2.9647, Potential Metric=0.0755, Entropy Metric=0.0188]

Epoch 6:  81%|████████▏ | 26/32 [00:04<00:00,  6.73it/s][A
Training Epochs:   6%|▌         | 6/100 [00:28<06:54,  4.40s/it, -ELBO=2.0081, Potential Metric=0.0629, Entropy Metric=0.0230]

Epoch 6:  84%|████████▍ | 27/32 [00:04<00:00,  6.62it/s][A
Training Epochs:   6%|▌         | 6/100 [00:28<06:54,  4.40s/it, -ELBO=2.3474, Potential Metric=0.0630, Entropy Metric=0.0220]

Epoch 6:  88%|████████▊ | 28/32 [00:04<00:00,  6.63it/s][A
Training Epochs:   6%|▌         | 6/100 [00:28<06:54,  4.40s/it, -ELBO=2.2640, Potential Metric=0.0715, Entropy Metric=0.0224]

Epoch 6:  91%|█████████ | 29/32 [00:04<00:00,  6.67it/s][A
Training Epochs:   6%|▌         | 6/100 [00:29<06:54,  4.40s/it, -ELBO=2.7019, Potential Metric=0.0835, Entropy Metric=0.0220]

Epoch 6:  94%|█████████▍| 30/32 [00:04<00:00,  6.63it/s][A
Training Epochs:   6%|▌         | 6/100 [00:29<06:54,  4.40s/it, -ELBO=2.4452, Potential Metric=0.0672, Entropy Metric=0.0219]

Epoch 6:  97%|█████████▋| 31/32 [00:04<00:00,  6.60it/s][A
Training Epochs:   6%|▌         | 6/100 [00:29<06:54,  4.40s/it, -ELBO=2.4186, Potential Metric=0.0756, Entropy Metric=0.0224]

Epoch 6: 100%|██████████| 32/32 [00:04<00:00,  6.56it/s][A

                                                        [A
Training Epochs:   7%|▋         | 7/100 [00:29<07:12,  4.65s/it, -ELBO=2.4186, Potential Metric=0.0756, Entropy Metric=0.0224]

Epoch 7:   0%|          | 0/32 [00:00<?, ?it/s][A
Training Epochs:   7%|▋         | 7/100 [00:29<07:12,  4.65s/it, -ELBO=2.1320, Potential Metric=0.0468, Entropy Metric=0.0226]

Epoch 7:   3%|▎         | 1/32 [00:00<00:06,  4.75it/s][A
Training Epochs:   7%|▋         | 7/100 [00:29<07:12,  4.65s/it, -ELBO=2.3322, Potential Metric=0.0663, Entropy Metric=0.0225]

Epoch 7:   6%|▋         | 2/32 [00:00<00:05,  5.66it/s][A
Training Epochs:   7%|▋         | 7/100 [00:29<07:12,  4.65s/it, -ELBO=2.2581, Potential Metric=0.0649, Entropy Metric=0.0212]

Epoch 7:   9%|▉         | 3/32 [00:00<00:04,  5.80it/s][A
Training Epochs:   7%|▋         | 7/100 [00:30<07:12,  4.65s/it, -ELBO=2.5869, Potential Metric=0.0808, Entropy Metric=0.0190]

Epoch 7:  12%|█▎        | 4/32 [00:00<00:04,  6.14it/s][A
Training Epochs:   7%|▋         | 7/100 [00:30<07:12,  4.65s/it, -ELBO=2.6207, Potential Metric=0.0724, Entropy Metric=0.0184]

Epoch 7:  16%|█▌        | 5/32 [00:00<00:04,  6.21it/s][A
Training Epochs:   7%|▋         | 7/100 [00:30<07:12,  4.65s/it, -ELBO=2.6467, Potential Metric=0.0523, Entropy Metric=0.0184]

Epoch 7:  19%|█▉        | 6/32 [00:00<00:04,  6.27it/s][A
Training Epochs:   7%|▋         | 7/100 [00:30<07:12,  4.65s/it, -ELBO=2.2346, Potential Metric=0.0675, Entropy Metric=0.0181]

Epoch 7:  22%|██▏       | 7/32 [00:01<00:04,  6.25it/s][A
Training Epochs:   7%|▋         | 7/100 [00:30<07:12,  4.65s/it, -ELBO=2.2847, Potential Metric=0.0803, Entropy Metric=0.0191]

Epoch 7:  25%|██▌       | 8/32 [00:01<00:03,  6.25it/s][A
Training Epochs:   7%|▋         | 7/100 [00:30<07:12,  4.65s/it, -ELBO=2.5209, Potential Metric=0.0660, Entropy Metric=0.0193]

Epoch 7:  28%|██▊       | 9/32 [00:01<00:03,  6.23it/s][A
Training Epochs:   7%|▋         | 7/100 [00:31<07:12,  4.65s/it, -ELBO=2.4426, Potential Metric=0.0663, Entropy Metric=0.0185]

Epoch 7:  31%|███▏      | 10/32 [00:01<00:03,  6.27it/s][A
Training Epochs:   7%|▋         | 7/100 [00:31<07:12,  4.65s/it, -ELBO=2.2301, Potential Metric=0.0701, Entropy Metric=0.0185]

Epoch 7:  34%|███▍      | 11/32 [00:01<00:03,  6.26it/s][A
Training Epochs:   7%|▋         | 7/100 [00:31<07:12,  4.65s/it, -ELBO=2.7139, Potential Metric=0.0728, Entropy Metric=0.0187]

Epoch 7:  38%|███▊      | 12/32 [00:01<00:03,  6.41it/s][A
Training Epochs:   7%|▋         | 7/100 [00:31<07:12,  4.65s/it, -ELBO=2.4163, Potential Metric=0.0700, Entropy Metric=0.0179]

Epoch 7:  41%|████      | 13/32 [00:02<00:02,  6.35it/s][A
Training Epochs:   7%|▋         | 7/100 [00:31<07:12,  4.65s/it, -ELBO=2.4488, Potential Metric=0.0690, Entropy Metric=0.0166]

Epoch 7:  44%|████▍     | 14/32 [00:02<00:02,  6.38it/s][A
Training Epochs:   7%|▋         | 7/100 [00:31<07:12,  4.65s/it, -ELBO=2.2694, Potential Metric=0.0866, Entropy Metric=0.0170]

Epoch 7:  47%|████▋     | 15/32 [00:02<00:02,  6.25it/s][A
Training Epochs:   7%|▋         | 7/100 [00:32<07:12,  4.65s/it, -ELBO=2.3106, Potential Metric=0.0745, Entropy Metric=0.0167]

Epoch 7:  50%|█████     | 16/32 [00:02<00:02,  6.40it/s][A
Training Epochs:   7%|▋         | 7/100 [00:32<07:12,  4.65s/it, -ELBO=2.2892, Potential Metric=0.0791, Entropy Metric=0.0160]

Epoch 7:  53%|█████▎    | 17/32 [00:02<00:02,  6.37it/s][A
Training Epochs:   7%|▋         | 7/100 [00:32<07:12,  4.65s/it, -ELBO=2.3108, Potential Metric=0.0794, Entropy Metric=0.0156]

Epoch 7:  56%|█████▋    | 18/32 [00:02<00:02,  6.53it/s][A
Training Epochs:   7%|▋         | 7/100 [00:32<07:12,  4.65s/it, -ELBO=1.9772, Potential Metric=0.0832, Entropy Metric=0.0162]

Epoch 7:  59%|█████▉    | 19/32 [00:03<00:02,  6.42it/s][A
Training Epochs:   7%|▋         | 7/100 [00:32<07:12,  4.65s/it, -ELBO=2.3712, Potential Metric=0.0785, Entropy Metric=0.0159]

Epoch 7:  62%|██████▎   | 20/32 [00:03<00:01,  6.39it/s][A
Training Epochs:   7%|▋         | 7/100 [00:32<07:12,  4.65s/it, -ELBO=2.3826, Potential Metric=0.0835, Entropy Metric=0.0172]

Epoch 7:  66%|██████▌   | 21/32 [00:03<00:01,  6.14it/s][A
Training Epochs:   7%|▋         | 7/100 [00:32<07:12,  4.65s/it, -ELBO=2.2440, Potential Metric=0.0755, Entropy Metric=0.0187]

Epoch 7:  69%|██████▉   | 22/32 [00:03<00:01,  6.20it/s][A
Training Epochs:   7%|▋         | 7/100 [00:33<07:12,  4.65s/it, -ELBO=2.4994, Potential Metric=0.0722, Entropy Metric=0.0198]

Epoch 7:  72%|███████▏  | 23/32 [00:03<00:01,  6.10it/s][A
Training Epochs:   7%|▋         | 7/100 [00:33<07:12,  4.65s/it, -ELBO=2.3927, Potential Metric=0.0804, Entropy Metric=0.0187]

Epoch 7:  75%|███████▌  | 24/32 [00:03<00:01,  6.01it/s][A
Training Epochs:   7%|▋         | 7/100 [00:33<07:12,  4.65s/it, -ELBO=2.3701, Potential Metric=0.0870, Entropy Metric=0.0204]

Epoch 7:  78%|███████▊  | 25/32 [00:04<00:01,  6.04it/s][A
Training Epochs:   7%|▋         | 7/100 [00:33<07:12,  4.65s/it, -ELBO=2.2553, Potential Metric=0.0910, Entropy Metric=0.0210]

Epoch 7:  81%|████████▏ | 26/32 [00:04<00:00,  6.11it/s][A
Training Epochs:   7%|▋         | 7/100 [00:33<07:12,  4.65s/it, -ELBO=2.3996, Potential Metric=0.0753, Entropy Metric=0.0196]

Epoch 7:  84%|████████▍ | 27/32 [00:04<00:00,  6.19it/s][A
Training Epochs:   7%|▋         | 7/100 [00:33<07:12,  4.65s/it, -ELBO=2.3960, Potential Metric=0.0768, Entropy Metric=0.0190]

Epoch 7:  88%|████████▊ | 28/32 [00:04<00:00,  6.32it/s][A
Training Epochs:   7%|▋         | 7/100 [00:34<07:12,  4.65s/it, -ELBO=2.3103, Potential Metric=0.0645, Entropy Metric=0.0173]

Epoch 7:  91%|█████████ | 29/32 [00:04<00:00,  6.33it/s][A
Training Epochs:   7%|▋         | 7/100 [00:34<07:12,  4.65s/it, -ELBO=2.3316, Potential Metric=0.0792, Entropy Metric=0.0167]

Epoch 7:  94%|█████████▍| 30/32 [00:04<00:00,  6.33it/s][A
Training Epochs:   7%|▋         | 7/100 [00:34<07:12,  4.65s/it, -ELBO=2.3932, Potential Metric=0.0715, Entropy Metric=0.0162]

Epoch 7:  97%|█████████▋| 31/32 [00:04<00:00,  6.25it/s][A
Training Epochs:   7%|▋         | 7/100 [00:34<07:12,  4.65s/it, -ELBO=2.1070, Potential Metric=0.0715, Entropy Metric=0.0151]

Epoch 7: 100%|██████████| 32/32 [00:05<00:00,  6.33it/s][A

                                                        [A
Training Epochs:   8%|▊         | 8/100 [00:34<07:24,  4.83s/it, -ELBO=2.1070, Potential Metric=0.0715, Entropy Metric=0.0151]

Epoch 8:   0%|          | 0/32 [00:00<?, ?it/s][A
Training Epochs:   8%|▊         | 8/100 [00:34<07:24,  4.83s/it, -ELBO=2.4943, Potential Metric=0.0734, Entropy Metric=0.0155]

Epoch 8:   3%|▎         | 1/32 [00:00<00:06,  4.76it/s][A
Training Epochs:   8%|▊         | 8/100 [00:35<07:24,  4.83s/it, -ELBO=2.0456, Potential Metric=0.0826, Entropy Metric=0.0166]

Epoch 8:   6%|▋         | 2/32 [00:00<00:05,  5.61it/s][A
Training Epochs:   8%|▊         | 8/100 [00:35<07:24,  4.83s/it, -ELBO=2.4503, Potential Metric=0.0780, Entropy Metric=0.0156]

Epoch 8:   9%|▉         | 3/32 [00:00<00:05,  5.73it/s][A
Training Epochs:   8%|▊         | 8/100 [00:35<07:24,  4.83s/it, -ELBO=2.1427, Potential Metric=0.0750, Entropy Metric=0.0170]

Epoch 8:  12%|█▎        | 4/32 [00:00<00:04,  5.86it/s][A
Training Epochs:   8%|▊         | 8/100 [00:35<07:24,  4.83s/it, -ELBO=2.3867, Potential Metric=0.0633, Entropy Metric=0.0158]

Epoch 8:  16%|█▌        | 5/32 [00:00<00:04,  5.94it/s][A
Training Epochs:   8%|▊         | 8/100 [00:35<07:24,  4.83s/it, -ELBO=2.0202, Potential Metric=0.0794, Entropy Metric=0.0154]

Epoch 8:  19%|█▉        | 6/32 [00:01<00:04,  5.67it/s][A
Training Epochs:   8%|▊         | 8/100 [00:35<07:24,  4.83s/it, -ELBO=2.5084, Potential Metric=0.0678, Entropy Metric=0.0154]

Epoch 8:  22%|██▏       | 7/32 [00:01<00:04,  5.87it/s][A
Training Epochs:   8%|▊         | 8/100 [00:36<07:24,  4.83s/it, -ELBO=2.3354, Potential Metric=0.0758, Entropy Metric=0.0161]

Epoch 8:  25%|██▌       | 8/32 [00:01<00:04,  5.93it/s][A
Training Epochs:   8%|▊         | 8/100 [00:36<07:24,  4.83s/it, -ELBO=2.1600, Potential Metric=0.0681, Entropy Metric=0.0175]

Epoch 8:  28%|██▊       | 9/32 [00:01<00:03,  5.95it/s][A
Training Epochs:   8%|▊         | 8/100 [00:36<07:24,  4.83s/it, -ELBO=2.3417, Potential Metric=0.0774, Entropy Metric=0.0188]

Epoch 8:  31%|███▏      | 10/32 [00:01<00:03,  5.92it/s][A
Training Epochs:   8%|▊         | 8/100 [00:36<07:24,  4.83s/it, -ELBO=2.3387, Potential Metric=0.0707, Entropy Metric=0.0190]

Epoch 8:  34%|███▍      | 11/32 [00:01<00:03,  6.12it/s][A
Training Epochs:   8%|▊         | 8/100 [00:36<07:24,  4.83s/it, -ELBO=2.2499, Potential Metric=0.0664, Entropy Metric=0.0187]

Epoch 8:  38%|███▊      | 12/32 [00:02<00:03,  6.15it/s][A
Training Epochs:   8%|▊         | 8/100 [00:36<07:24,  4.83s/it, -ELBO=2.3710, Potential Metric=0.0695, Entropy Metric=0.0177]

Epoch 8:  41%|████      | 13/32 [00:02<00:03,  6.19it/s][A
Training Epochs:   8%|▊         | 8/100 [00:37<07:24,  4.83s/it, -ELBO=2.4331, Potential Metric=0.0765, Entropy Metric=0.0187]

Epoch 8:  44%|████▍     | 14/32 [00:02<00:02,  6.12it/s][A
Training Epochs:   8%|▊         | 8/100 [00:37<07:24,  4.83s/it, -ELBO=2.2022, Potential Metric=0.0678, Entropy Metric=0.0186]

Epoch 8:  47%|████▋     | 15/32 [00:02<00:02,  6.18it/s][A
Training Epochs:   8%|▊         | 8/100 [00:37<07:24,  4.83s/it, -ELBO=2.3650, Potential Metric=0.0720, Entropy Metric=0.0170]

Epoch 8:  50%|█████     | 16/32 [00:02<00:02,  6.21it/s][A
Training Epochs:   8%|▊         | 8/100 [00:37<07:24,  4.83s/it, -ELBO=2.0762, Potential Metric=0.0740, Entropy Metric=0.0180]

Epoch 8:  53%|█████▎    | 17/32 [00:02<00:02,  6.22it/s][A
Training Epochs:   8%|▊         | 8/100 [00:37<07:24,  4.83s/it, -ELBO=2.0647, Potential Metric=0.0752, Entropy Metric=0.0194]

Epoch 8:  56%|█████▋    | 18/32 [00:03<00:02,  6.13it/s][A
Training Epochs:   8%|▊         | 8/100 [00:37<07:24,  4.83s/it, -ELBO=2.5501, Potential Metric=0.0731, Entropy Metric=0.0171]

Epoch 8:  59%|█████▉    | 19/32 [00:03<00:02,  6.16it/s][A
Training Epochs:   8%|▊         | 8/100 [00:38<07:24,  4.83s/it, -ELBO=2.4428, Potential Metric=0.0748, Entropy Metric=0.0205]

Epoch 8:  62%|██████▎   | 20/32 [00:03<00:01,  6.25it/s][A
Training Epochs:   8%|▊         | 8/100 [00:38<07:24,  4.83s/it, -ELBO=2.3032, Potential Metric=0.0712, Entropy Metric=0.0213]

Epoch 8:  66%|██████▌   | 21/32 [00:03<00:01,  6.15it/s][A
Training Epochs:   8%|▊         | 8/100 [00:38<07:24,  4.83s/it, -ELBO=2.4759, Potential Metric=0.0519, Entropy Metric=0.0192]

Epoch 8:  69%|██████▉   | 22/32 [00:03<00:01,  6.30it/s][A
Training Epochs:   8%|▊         | 8/100 [00:38<07:24,  4.83s/it, -ELBO=1.9959, Potential Metric=0.0715, Entropy Metric=0.0206]

Epoch 8:  72%|███████▏  | 23/32 [00:03<00:01,  6.28it/s][A
Training Epochs:   8%|▊         | 8/100 [00:38<07:24,  4.83s/it, -ELBO=2.1463, Potential Metric=0.0742, Entropy Metric=0.0203]

Epoch 8:  75%|███████▌  | 24/32 [00:03<00:01,  6.21it/s][A
Training Epochs:   8%|▊         | 8/100 [00:38<07:24,  4.83s/it, -ELBO=2.3835, Potential Metric=0.0608, Entropy Metric=0.0208]

Epoch 8:  78%|███████▊  | 25/32 [00:04<00:01,  6.18it/s][A
Training Epochs:   8%|▊         | 8/100 [00:39<07:24,  4.83s/it, -ELBO=2.0542, Potential Metric=0.0731, Entropy Metric=0.0208]

Epoch 8:  81%|████████▏ | 26/32 [00:04<00:00,  6.12it/s][A
Training Epochs:   8%|▊         | 8/100 [00:39<07:24,  4.83s/it, -ELBO=2.2164, Potential Metric=0.0735, Entropy Metric=0.0205]

Epoch 8:  84%|████████▍ | 27/32 [00:04<00:00,  6.11it/s][A
Training Epochs:   8%|▊         | 8/100 [00:39<07:24,  4.83s/it, -ELBO=2.1031, Potential Metric=0.0682, Entropy Metric=0.0208]

Epoch 8:  88%|████████▊ | 28/32 [00:04<00:00,  6.14it/s][A
Training Epochs:   8%|▊         | 8/100 [00:39<07:24,  4.83s/it, -ELBO=2.5198, Potential Metric=0.0655, Entropy Metric=0.0196]

Epoch 8:  91%|█████████ | 29/32 [00:04<00:00,  6.14it/s][A
Training Epochs:   8%|▊         | 8/100 [00:39<07:24,  4.83s/it, -ELBO=2.4017, Potential Metric=0.0707, Entropy Metric=0.0205]

Epoch 8:  94%|█████████▍| 30/32 [00:04<00:00,  6.21it/s][A
Training Epochs:   8%|▊         | 8/100 [00:39<07:24,  4.83s/it, -ELBO=2.3162, Potential Metric=0.0658, Entropy Metric=0.0203]

Epoch 8:  97%|█████████▋| 31/32 [00:05<00:00,  6.17it/s][A
Training Epochs:   8%|▊         | 8/100 [00:39<07:24,  4.83s/it, -ELBO=2.1721, Potential Metric=0.0610, Entropy Metric=0.0220]

Epoch 8: 100%|██████████| 32/32 [00:05<00:00,  6.09it/s][A

                                                        [A
Training Epochs:   9%|▉         | 9/100 [00:39<07:35,  5.01s/it, -ELBO=2.1721, Potential Metric=0.0610, Entropy Metric=0.0220]

Epoch 9:   0%|          | 0/32 [00:00<?, ?it/s][A
Training Epochs:   9%|▉         | 9/100 [00:40<07:35,  5.01s/it, -ELBO=2.1834, Potential Metric=0.0720, Entropy Metric=0.0229]

Epoch 9:   3%|▎         | 1/32 [00:00<00:06,  4.59it/s][A
Training Epochs:   9%|▉         | 9/100 [00:40<07:35,  5.01s/it, -ELBO=2.1931, Potential Metric=0.0726, Entropy Metric=0.0227]

Epoch 9:   6%|▋         | 2/32 [00:00<00:05,  5.50it/s][A
Training Epochs:   9%|▉         | 9/100 [00:40<07:35,  5.01s/it, -ELBO=2.1393, Potential Metric=0.0695, Entropy Metric=0.0230]

Epoch 9:   9%|▉         | 3/32 [00:00<00:05,  5.58it/s][A
Training Epochs:   9%|▉         | 9/100 [00:40<07:35,  5.01s/it, -ELBO=2.3005, Potential Metric=0.0802, Entropy Metric=0.0223]

Epoch 9:  12%|█▎        | 4/32 [00:00<00:04,  5.88it/s][A
Training Epochs:   9%|▉         | 9/100 [00:40<07:35,  5.01s/it, -ELBO=2.0760, Potential Metric=0.0599, Entropy Metric=0.0232]

Epoch 9:  16%|█▌        | 5/32 [00:00<00:04,  5.90it/s][A
Training Epochs:   9%|▉         | 9/100 [00:41<07:35,  5.01s/it, -ELBO=2.1634, Potential Metric=0.0694, Entropy Metric=0.0205]

Epoch 9:  19%|█▉        | 6/32 [00:01<00:04,  6.06it/s][A
Training Epochs:   9%|▉         | 9/100 [00:41<07:35,  5.01s/it, -ELBO=2.1607, Potential Metric=0.0788, Entropy Metric=0.0208]

Epoch 9:  22%|██▏       | 7/32 [00:01<00:04,  6.12it/s][A
Training Epochs:   9%|▉         | 9/100 [00:41<07:35,  5.01s/it, -ELBO=1.9586, Potential Metric=0.0836, Entropy Metric=0.0190]

Epoch 9:  25%|██▌       | 8/32 [00:01<00:03,  6.14it/s][A
Training Epochs:   9%|▉         | 9/100 [00:41<07:35,  5.01s/it, -ELBO=2.2030, Potential Metric=0.0705, Entropy Metric=0.0200]

Epoch 9:  28%|██▊       | 9/32 [00:01<00:03,  6.17it/s][A
Training Epochs:   9%|▉         | 9/100 [00:41<07:35,  5.01s/it, -ELBO=2.2527, Potential Metric=0.0735, Entropy Metric=0.0195]

Epoch 9:  31%|███▏      | 10/32 [00:01<00:03,  6.17it/s][A
Training Epochs:   9%|▉         | 9/100 [00:41<07:35,  5.01s/it, -ELBO=2.0958, Potential Metric=0.0574, Entropy Metric=0.0209]

Epoch 9:  34%|███▍      | 11/32 [00:01<00:03,  6.15it/s][A
Training Epochs:   9%|▉         | 9/100 [00:42<07:35,  5.01s/it, -ELBO=2.1429, Potential Metric=0.0707, Entropy Metric=0.0220]

Epoch 9:  38%|███▊      | 12/32 [00:02<00:03,  6.03it/s][A
Training Epochs:   9%|▉         | 9/100 [00:42<07:35,  5.01s/it, -ELBO=2.2332, Potential Metric=0.0738, Entropy Metric=0.0210]

Epoch 9:  41%|████      | 13/32 [00:02<00:03,  6.03it/s][A
Training Epochs:   9%|▉         | 9/100 [00:42<07:35,  5.01s/it, -ELBO=2.2402, Potential Metric=0.0668, Entropy Metric=0.0185]

Epoch 9:  44%|████▍     | 14/32 [00:02<00:02,  6.01it/s][A
Training Epochs:   9%|▉         | 9/100 [00:42<07:35,  5.01s/it, -ELBO=2.1567, Potential Metric=0.0632, Entropy Metric=0.0194]

Epoch 9:  47%|████▋     | 15/32 [00:02<00:02,  5.99it/s][A
Training Epochs:   9%|▉         | 9/100 [00:42<07:35,  5.01s/it, -ELBO=2.5520, Potential Metric=0.0625, Entropy Metric=0.0195]

Epoch 9:  50%|█████     | 16/32 [00:02<00:02,  6.03it/s][A
Training Epochs:   9%|▉         | 9/100 [00:42<07:35,  5.01s/it, -ELBO=2.1900, Potential Metric=0.0652, Entropy Metric=0.0193]

Epoch 9:  53%|█████▎    | 17/32 [00:02<00:02,  6.07it/s][A
Training Epochs:   9%|▉         | 9/100 [00:43<07:35,  5.01s/it, -ELBO=2.0628, Potential Metric=0.0612, Entropy Metric=0.0191]

Epoch 9:  56%|█████▋    | 18/32 [00:03<00:02,  5.86it/s][A
Training Epochs:   9%|▉         | 9/100 [00:43<07:35,  5.01s/it, -ELBO=1.9918, Potential Metric=0.0768, Entropy Metric=0.0195]

Epoch 9:  59%|█████▉    | 19/32 [00:03<00:02,  5.82it/s][A
Training Epochs:   9%|▉         | 9/100 [00:43<07:35,  5.01s/it, -ELBO=2.1110, Potential Metric=0.0663, Entropy Metric=0.0196]

Epoch 9:  62%|██████▎   | 20/32 [00:03<00:02,  5.82it/s][A
Training Epochs:   9%|▉         | 9/100 [00:43<07:35,  5.01s/it, -ELBO=2.1814, Potential Metric=0.0745, Entropy Metric=0.0213]

Epoch 9:  66%|██████▌   | 21/32 [00:03<00:01,  5.91it/s][A
Training Epochs:   9%|▉         | 9/100 [00:43<07:35,  5.01s/it, -ELBO=2.1424, Potential Metric=0.0644, Entropy Metric=0.0213]

Epoch 9:  69%|██████▉   | 22/32 [00:03<00:01,  6.03it/s][A
Training Epochs:   9%|▉         | 9/100 [00:43<07:35,  5.01s/it, -ELBO=2.5111, Potential Metric=0.0806, Entropy Metric=0.0232]

Epoch 9:  72%|███████▏  | 23/32 [00:03<00:01,  6.13it/s][A
Training Epochs:   9%|▉         | 9/100 [00:44<07:35,  5.01s/it, -ELBO=2.3936, Potential Metric=0.0731, Entropy Metric=0.0214]

Epoch 9:  75%|███████▌  | 24/32 [00:04<00:01,  6.19it/s][A
Training Epochs:   9%|▉         | 9/100 [00:44<07:35,  5.01s/it, -ELBO=2.6183, Potential Metric=0.0791, Entropy Metric=0.0220]

Epoch 9:  78%|███████▊  | 25/32 [00:04<00:01,  6.11it/s][A
Training Epochs:   9%|▉         | 9/100 [00:44<07:35,  5.01s/it, -ELBO=2.3257, Potential Metric=0.0701, Entropy Metric=0.0229]

Epoch 9:  81%|████████▏ | 26/32 [00:04<00:00,  6.18it/s][A
Training Epochs:   9%|▉         | 9/100 [00:44<07:35,  5.01s/it, -ELBO=1.9744, Potential Metric=0.0702, Entropy Metric=0.0232]

Epoch 9:  84%|████████▍ | 27/32 [00:04<00:00,  6.11it/s][A
Training Epochs:   9%|▉         | 9/100 [00:44<07:35,  5.01s/it, -ELBO=2.0321, Potential Metric=0.0713, Entropy Metric=0.0247]

Epoch 9:  88%|████████▊ | 28/32 [00:04<00:00,  6.12it/s][A
Training Epochs:   9%|▉         | 9/100 [00:44<07:35,  5.01s/it, -ELBO=2.0812, Potential Metric=0.0569, Entropy Metric=0.0261]

Epoch 9:  91%|█████████ | 29/32 [00:04<00:00,  6.18it/s][A
Training Epochs:   9%|▉         | 9/100 [00:45<07:35,  5.01s/it, -ELBO=2.2143, Potential Metric=0.0656, Entropy Metric=0.0256]

Epoch 9:  94%|█████████▍| 30/32 [00:04<00:00,  6.07it/s][A
Training Epochs:   9%|▉         | 9/100 [00:45<07:35,  5.01s/it, -ELBO=2.4556, Potential Metric=0.0757, Entropy Metric=0.0242]

Epoch 9:  97%|█████████▋| 31/32 [00:05<00:00,  6.10it/s][A
Training Epochs:   9%|▉         | 9/100 [00:45<07:35,  5.01s/it, -ELBO=2.4098, Potential Metric=0.0783, Entropy Metric=0.0245]

Epoch 9: 100%|██████████| 32/32 [00:05<00:00,  6.01it/s][A

                                                        [A
Training Epochs:  10%|█         | 10/100 [00:45<07:42,  5.13s/it, -ELBO=2.4098, Potential Metric=0.0783, Entropy Metric=0.0245]

Epoch 10:   0%|          | 0/32 [00:00<?, ?it/s][A
Training Epochs:  10%|█         | 10/100 [00:45<07:42,  5.13s/it, -ELBO=2.0533, Potential Metric=0.0715, Entropy Metric=0.0256]

Epoch 10:   3%|▎         | 1/32 [00:00<00:06,  4.75it/s][A
Training Epochs:  10%|█         | 10/100 [00:45<07:42,  5.13s/it, -ELBO=2.2287, Potential Metric=0.0705, Entropy Metric=0.0240]

Epoch 10:   6%|▋         | 2/32 [00:00<00:05,  5.48it/s][A
Training Epochs:  10%|█         | 10/100 [00:46<07:42,  5.13s/it, -ELBO=2.1686, Potential Metric=0.0648, Entropy Metric=0.0242]

Epoch 10:   9%|▉         | 3/32 [00:00<00:05,  5.61it/s][A
Training Epochs:  10%|█         | 10/100 [00:46<07:42,  5.13s/it, -ELBO=2.0026, Potential Metric=0.0691, Entropy Metric=0.0257]

Epoch 10:  12%|█▎        | 4/32 [00:00<00:05,  5.56it/s][A
Training Epochs:  10%|█         | 10/100 [00:46<07:42,  5.13s/it, -ELBO=2.0899, Potential Metric=0.0812, Entropy Metric=0.0252]

Epoch 10:  16%|█▌        | 5/32 [00:00<00:04,  5.71it/s][A
Training Epochs:  10%|█         | 10/100 [00:46<07:42,  5.13s/it, -ELBO=2.3981, Potential Metric=0.0657, Entropy Metric=0.0229]

Epoch 10:  19%|█▉        | 6/32 [00:01<00:05,  4.61it/s][A
Training Epochs:  10%|█         | 10/100 [00:46<07:42,  5.13s/it, -ELBO=2.2725, Potential Metric=0.0728, Entropy Metric=0.0231]

Epoch 10:  22%|██▏       | 7/32 [00:01<00:05,  4.88it/s][A
Training Epochs:  10%|█         | 10/100 [00:47<07:42,  5.13s/it, -ELBO=1.9221, Potential Metric=0.0773, Entropy Metric=0.0254]

Epoch 10:  25%|██▌       | 8/32 [00:01<00:04,  5.17it/s][A
Training Epochs:  10%|█         | 10/100 [00:47<07:42,  5.13s/it, -ELBO=2.0795, Potential Metric=0.0843, Entropy Metric=0.0245]

Epoch 10:  28%|██▊       | 9/32 [00:01<00:04,  5.38it/s][A
Training Epochs:  10%|█         | 10/100 [00:47<07:42,  5.13s/it, -ELBO=1.8279, Potential Metric=0.0712, Entropy Metric=0.0242]

Epoch 10:  31%|███▏      | 10/32 [00:01<00:03,  5.78it/s][A
Training Epochs:  10%|█         | 10/100 [00:47<07:42,  5.13s/it, -ELBO=2.1994, Potential Metric=0.0702, Entropy Metric=0.0225]

Epoch 10:  34%|███▍      | 11/32 [00:02<00:03,  5.85it/s][A
Training Epochs:  10%|█         | 10/100 [00:47<07:42,  5.13s/it, -ELBO=2.0480, Potential Metric=0.0790, Entropy Metric=0.0202]

Epoch 10:  38%|███▊      | 12/32 [00:02<00:03,  5.92it/s][A
Training Epochs:  10%|█         | 10/100 [00:47<07:42,  5.13s/it, -ELBO=1.8471, Potential Metric=0.0678, Entropy Metric=0.0233]

Epoch 10:  41%|████      | 13/32 [00:02<00:03,  6.00it/s][A
Training Epochs:  10%|█         | 10/100 [00:48<07:42,  5.13s/it, -ELBO=2.1495, Potential Metric=0.0692, Entropy Metric=0.0231]

Epoch 10:  44%|████▍     | 14/32 [00:02<00:03,  5.89it/s][A
Training Epochs:  10%|█         | 10/100 [00:48<07:42,  5.13s/it, -ELBO=2.1365, Potential Metric=0.0642, Entropy Metric=0.0240]

Epoch 10:  47%|████▋     | 15/32 [00:02<00:02,  5.86it/s][A
Training Epochs:  10%|█         | 10/100 [00:48<07:42,  5.13s/it, -ELBO=2.4190, Potential Metric=0.0642, Entropy Metric=0.0224]

Epoch 10:  50%|█████     | 16/32 [00:02<00:02,  5.98it/s][A
Training Epochs:  10%|█         | 10/100 [00:48<07:42,  5.13s/it, -ELBO=2.1579, Potential Metric=0.0582, Entropy Metric=0.0229]

Epoch 10:  53%|█████▎    | 17/32 [00:03<00:02,  5.94it/s][A
Training Epochs:  10%|█         | 10/100 [00:48<07:42,  5.13s/it, -ELBO=2.4044, Potential Metric=0.0742, Entropy Metric=0.0238]

Epoch 10:  56%|█████▋    | 18/32 [00:03<00:02,  6.15it/s][A
Training Epochs:  10%|█         | 10/100 [00:48<07:42,  5.13s/it, -ELBO=2.2657, Potential Metric=0.0660, Entropy Metric=0.0254]

Epoch 10:  59%|█████▉    | 19/32 [00:03<00:02,  6.12it/s][A
Training Epochs:  10%|█         | 10/100 [00:49<07:42,  5.13s/it, -ELBO=2.4770, Potential Metric=0.0608, Entropy Metric=0.0235]

Epoch 10:  62%|██████▎   | 20/32 [00:03<00:01,  6.15it/s][A
Training Epochs:  10%|█         | 10/100 [00:49<07:42,  5.13s/it, -ELBO=1.9732, Potential Metric=0.0615, Entropy Metric=0.0268]

Epoch 10:  66%|██████▌   | 21/32 [00:03<00:01,  6.16it/s][A
Training Epochs:  10%|█         | 10/100 [00:49<07:42,  5.13s/it, -ELBO=2.1684, Potential Metric=0.0708, Entropy Metric=0.0269]

Epoch 10:  69%|██████▉   | 22/32 [00:03<00:01,  6.26it/s][A
Training Epochs:  10%|█         | 10/100 [00:49<07:42,  5.13s/it, -ELBO=2.1756, Potential Metric=0.0735, Entropy Metric=0.0283]

Epoch 10:  72%|███████▏  | 23/32 [00:03<00:01,  6.14it/s][A
Training Epochs:  10%|█         | 10/100 [00:49<07:42,  5.13s/it, -ELBO=2.2053, Potential Metric=0.0765, Entropy Metric=0.0301]

Epoch 10:  75%|███████▌  | 24/32 [00:04<00:01,  6.21it/s][A
Training Epochs:  10%|█         | 10/100 [00:49<07:42,  5.13s/it, -ELBO=2.3878, Potential Metric=0.0889, Entropy Metric=0.0273]

Epoch 10:  78%|███████▊  | 25/32 [00:04<00:01,  6.08it/s][A
Training Epochs:  10%|█         | 10/100 [00:49<07:42,  5.13s/it, -ELBO=1.9796, Potential Metric=0.0712, Entropy Metric=0.0275]

Epoch 10:  81%|████████▏ | 26/32 [00:04<00:01,  5.92it/s][A
Training Epochs:  10%|█         | 10/100 [00:50<07:42,  5.13s/it, -ELBO=2.0586, Potential Metric=0.0686, Entropy Metric=0.0267]

Epoch 10:  84%|████████▍ | 27/32 [00:04<00:00,  6.05it/s][A
Training Epochs:  10%|█         | 10/100 [00:50<07:42,  5.13s/it, -ELBO=2.0543, Potential Metric=0.0722, Entropy Metric=0.0266]

Epoch 10:  88%|████████▊ | 28/32 [00:04<00:00,  6.10it/s][A
Training Epochs:  10%|█         | 10/100 [00:50<07:42,  5.13s/it, -ELBO=1.9029, Potential Metric=0.0672, Entropy Metric=0.0254]

Epoch 10:  91%|█████████ | 29/32 [00:04<00:00,  6.06it/s][A
Training Epochs:  10%|█         | 10/100 [00:50<07:42,  5.13s/it, -ELBO=2.1962, Potential Metric=0.0820, Entropy Metric=0.0256]

Epoch 10:  94%|█████████▍| 30/32 [00:05<00:00,  6.18it/s][A
Training Epochs:  10%|█         | 10/100 [00:50<07:42,  5.13s/it, -ELBO=2.0877, Potential Metric=0.0751, Entropy Metric=0.0268]

Epoch 10:  97%|█████████▋| 31/32 [00:05<00:00,  6.03it/s][A
Training Epochs:  10%|█         | 10/100 [00:50<07:42,  5.13s/it, -ELBO=2.0907, Potential Metric=0.0722, Entropy Metric=0.0268]

Epoch 10: 100%|██████████| 32/32 [00:05<00:00,  6.13it/s][A

                                                         [A
Training Epochs:  11%|█         | 11/100 [00:50<07:48,  5.27s/it, -ELBO=2.0907, Potential Metric=0.0722, Entropy Metric=0.0268]

Epoch 11:   0%|          | 0/32 [00:00<?, ?it/s][A
Training Epochs:  11%|█         | 11/100 [00:51<07:48,  5.27s/it, -ELBO=2.0355, Potential Metric=0.0752, Entropy Metric=0.0261]

Epoch 11:   3%|▎         | 1/32 [00:00<00:06,  4.56it/s][A
Training Epochs:  11%|█         | 11/100 [00:51<07:48,  5.27s/it, -ELBO=2.2173, Potential Metric=0.0752, Entropy Metric=0.0259]

Epoch 11:   6%|▋         | 2/32 [00:00<00:05,  5.51it/s][A
Training Epochs:  11%|█         | 11/100 [00:51<07:48,  5.27s/it, -ELBO=2.1641, Potential Metric=0.0786, Entropy Metric=0.0246]

Epoch 11:   9%|▉         | 3/32 [00:00<00:04,  5.88it/s][A
Training Epochs:  11%|█         | 11/100 [00:51<07:48,  5.27s/it, -ELBO=2.3050, Potential Metric=0.0703, Entropy Metric=0.0262]

Epoch 11:  12%|█▎        | 4/32 [00:00<00:04,  6.09it/s][A
Training Epochs:  11%|█         | 11/100 [00:51<07:48,  5.27s/it, -ELBO=2.3064, Potential Metric=0.0777, Entropy Metric=0.0247]

Epoch 11:  16%|█▌        | 5/32 [00:00<00:04,  6.03it/s][A
Training Epochs:  11%|█         | 11/100 [00:52<07:48,  5.27s/it, -ELBO=1.9080, Potential Metric=0.0675, Entropy Metric=0.0263]

Epoch 11:  19%|█▉        | 6/32 [00:01<00:04,  6.16it/s][A
Training Epochs:  11%|█         | 11/100 [00:52<07:48,  5.27s/it, -ELBO=1.9378, Potential Metric=0.0735, Entropy Metric=0.0256]

Epoch 11:  22%|██▏       | 7/32 [00:01<00:04,  5.95it/s][A
Training Epochs:  11%|█         | 11/100 [00:52<07:48,  5.27s/it, -ELBO=1.9607, Potential Metric=0.0719, Entropy Metric=0.0245]

Epoch 11:  25%|██▌       | 8/32 [00:01<00:04,  5.99it/s][A
Training Epochs:  11%|█         | 11/100 [00:52<07:48,  5.27s/it, -ELBO=2.1173, Potential Metric=0.0792, Entropy Metric=0.0252]

Epoch 11:  28%|██▊       | 9/32 [00:01<00:03,  6.05it/s][A
Training Epochs:  11%|█         | 11/100 [00:52<07:48,  5.27s/it, -ELBO=2.1269, Potential Metric=0.0774, Entropy Metric=0.0244]

Epoch 11:  31%|███▏      | 10/32 [00:01<00:03,  6.09it/s][A
Training Epochs:  11%|█         | 11/100 [00:52<07:48,  5.27s/it, -ELBO=1.7549, Potential Metric=0.0744, Entropy Metric=0.0274]

Epoch 11:  34%|███▍      | 11/32 [00:01<00:03,  6.13it/s][A
Training Epochs:  11%|█         | 11/100 [00:53<07:48,  5.27s/it, -ELBO=2.3385, Potential Metric=0.0680, Entropy Metric=0.0255]

Epoch 11:  38%|███▊      | 12/32 [00:01<00:03,  6.30it/s][A
Training Epochs:  11%|█         | 11/100 [00:53<07:48,  5.27s/it, -ELBO=2.1712, Potential Metric=0.0699, Entropy Metric=0.0258]

Epoch 11:  41%|████      | 13/32 [00:02<00:03,  6.20it/s][A
Training Epochs:  11%|█         | 11/100 [00:53<07:48,  5.27s/it, -ELBO=2.2962, Potential Metric=0.0760, Entropy Metric=0.0246]

Epoch 11:  44%|████▍     | 14/32 [00:02<00:02,  6.19it/s][A
Training Epochs:  11%|█         | 11/100 [00:53<07:48,  5.27s/it, -ELBO=2.2574, Potential Metric=0.0672, Entropy Metric=0.0262]

Epoch 11:  47%|████▋     | 15/32 [00:02<00:02,  6.10it/s][A
Training Epochs:  11%|█         | 11/100 [00:53<07:48,  5.27s/it, -ELBO=1.9569, Potential Metric=0.0604, Entropy Metric=0.0274]

Epoch 11:  50%|█████     | 16/32 [00:02<00:02,  6.02it/s][A
Training Epochs:  11%|█         | 11/100 [00:53<07:48,  5.27s/it, -ELBO=2.0164, Potential Metric=0.0742, Entropy Metric=0.0282]

Epoch 11:  53%|█████▎    | 17/32 [00:02<00:02,  6.01it/s][A
Training Epochs:  11%|█         | 11/100 [00:54<07:48,  5.27s/it, -ELBO=2.3346, Potential Metric=0.0722, Entropy Metric=0.0295]

Epoch 11:  56%|█████▋    | 18/32 [00:03<00:02,  5.89it/s][A
Training Epochs:  11%|█         | 11/100 [00:54<07:48,  5.27s/it, -ELBO=2.0565, Potential Metric=0.0647, Entropy Metric=0.0316]

Epoch 11:  59%|█████▉    | 19/32 [00:03<00:02,  5.67it/s][A
Training Epochs:  11%|█         | 11/100 [00:54<07:48,  5.27s/it, -ELBO=1.9595, Potential Metric=0.0685, Entropy Metric=0.0343]

Epoch 11:  62%|██████▎   | 20/32 [00:03<00:02,  5.41it/s][A
Training Epochs:  11%|█         | 11/100 [00:54<07:48,  5.27s/it, -ELBO=1.9153, Potential Metric=0.0911, Entropy Metric=0.0329]

Epoch 11:  66%|██████▌   | 21/32 [00:03<00:02,  5.49it/s][A
Training Epochs:  11%|█         | 11/100 [00:54<07:48,  5.27s/it, -ELBO=2.0827, Potential Metric=0.0643, Entropy Metric=0.0329]

Epoch 11:  69%|██████▉   | 22/32 [00:03<00:01,  5.43it/s][A
Training Epochs:  11%|█         | 11/100 [00:54<07:48,  5.27s/it, -ELBO=1.9177, Potential Metric=0.0741, Entropy Metric=0.0357]

Epoch 11:  72%|███████▏  | 23/32 [00:03<00:01,  5.55it/s][A
Training Epochs:  11%|█         | 11/100 [00:55<07:48,  5.27s/it, -ELBO=2.0347, Potential Metric=0.0781, Entropy Metric=0.0388]

Epoch 11:  75%|███████▌  | 24/32 [00:04<00:01,  5.66it/s][A
Training Epochs:  11%|█         | 11/100 [00:55<07:48,  5.27s/it, -ELBO=1.6864, Potential Metric=0.0727, Entropy Metric=0.0396]

Epoch 11:  78%|███████▊  | 25/32 [00:04<00:01,  5.68it/s][A
Training Epochs:  11%|█         | 11/100 [00:55<07:48,  5.27s/it, -ELBO=1.9170, Potential Metric=0.0738, Entropy Metric=0.0362]

Epoch 11:  81%|████████▏ | 26/32 [00:04<00:01,  5.71it/s][A
Training Epochs:  11%|█         | 11/100 [00:55<07:48,  5.27s/it, -ELBO=2.3791, Potential Metric=0.0684, Entropy Metric=0.0330]

Epoch 11:  84%|████████▍ | 27/32 [00:04<00:00,  5.82it/s][A
Training Epochs:  11%|█         | 11/100 [00:55<07:48,  5.27s/it, -ELBO=1.9351, Potential Metric=0.0703, Entropy Metric=0.0329]

Epoch 11:  88%|████████▊ | 28/32 [00:04<00:00,  5.89it/s][A
Training Epochs:  11%|█         | 11/100 [00:55<07:48,  5.27s/it, -ELBO=2.1736, Potential Metric=0.0766, Entropy Metric=0.0319]

Epoch 11:  91%|█████████ | 29/32 [00:04<00:00,  5.92it/s][A
Training Epochs:  11%|█         | 11/100 [00:56<07:48,  5.27s/it, -ELBO=2.1746, Potential Metric=0.0677, Entropy Metric=0.0331]

Epoch 11:  94%|█████████▍| 30/32 [00:05<00:00,  5.87it/s][A
Training Epochs:  11%|█         | 11/100 [00:56<07:48,  5.27s/it, -ELBO=1.9377, Potential Metric=0.0848, Entropy Metric=0.0326]

Epoch 11:  97%|█████████▋| 31/32 [00:05<00:00,  6.09it/s][A
Training Epochs:  11%|█         | 11/100 [00:56<07:48,  5.27s/it, -ELBO=1.8700, Potential Metric=0.0711, Entropy Metric=0.0316]

Epoch 11: 100%|██████████| 32/32 [00:05<00:00,  6.00it/s][A

                                                         [A
Training Epochs:  12%|█▏        | 12/100 [00:56<07:50,  5.35s/it, -ELBO=1.8700, Potential Metric=0.0711, Entropy Metric=0.0316]

Epoch 12:   0%|          | 0/32 [00:00<?, ?it/s][A
Training Epochs:  12%|█▏        | 12/100 [00:56<07:50,  5.35s/it, -ELBO=1.9589, Potential Metric=0.0795, Entropy Metric=0.0308]

Epoch 12:   3%|▎         | 1/32 [00:00<00:07,  4.40it/s][A
Training Epochs:  12%|█▏        | 12/100 [00:57<07:50,  5.35s/it, -ELBO=2.4279, Potential Metric=0.0773, Entropy Metric=0.0277]

Epoch 12:   6%|▋         | 2/32 [00:00<00:05,  5.31it/s][A
Training Epochs:  12%|█▏        | 12/100 [00:57<07:50,  5.35s/it, -ELBO=2.1517, Potential Metric=0.0600, Entropy Metric=0.0287]

Epoch 12:   9%|▉         | 3/32 [00:00<00:05,  5.61it/s][A
Training Epochs:  12%|█▏        | 12/100 [00:57<07:50,  5.35s/it, -ELBO=1.9901, Potential Metric=0.0686, Entropy Metric=0.0277]

Epoch 12:  12%|█▎        | 4/32 [00:00<00:04,  5.86it/s][A
Training Epochs:  12%|█▏        | 12/100 [00:57<07:50,  5.35s/it, -ELBO=1.8980, Potential Metric=0.0780, Entropy Metric=0.0285]

Epoch 12:  16%|█▌        | 5/32 [00:00<00:04,  5.71it/s][A
Training Epochs:  12%|█▏        | 12/100 [00:57<07:50,  5.35s/it, -ELBO=2.0076, Potential Metric=0.0740, Entropy Metric=0.0279]

Epoch 12:  19%|█▉        | 6/32 [00:01<00:04,  5.78it/s][A
Training Epochs:  12%|█▏        | 12/100 [00:57<07:50,  5.35s/it, -ELBO=1.7914, Potential Metric=0.0673, Entropy Metric=0.0325]

Epoch 12:  22%|██▏       | 7/32 [00:01<00:04,  5.92it/s][A
Training Epochs:  12%|█▏        | 12/100 [00:58<07:50,  5.35s/it, -ELBO=1.9773, Potential Metric=0.0750, Entropy Metric=0.0311]

Epoch 12:  25%|██▌       | 8/32 [00:01<00:04,  5.98it/s][A
Training Epochs:  12%|█▏        | 12/100 [00:58<07:50,  5.35s/it, -ELBO=1.9385, Potential Metric=0.0780, Entropy Metric=0.0306]

Epoch 12:  28%|██▊       | 9/32 [00:01<00:03,  5.80it/s][A
Training Epochs:  12%|█▏        | 12/100 [00:58<07:50,  5.35s/it, -ELBO=1.8887, Potential Metric=0.0670, Entropy Metric=0.0323]

Epoch 12:  31%|███▏      | 10/32 [00:01<00:03,  5.93it/s][A
Training Epochs:  12%|█▏        | 12/100 [00:58<07:50,  5.35s/it, -ELBO=1.8871, Potential Metric=0.0763, Entropy Metric=0.0306]

Epoch 12:  34%|███▍      | 11/32 [00:01<00:03,  5.95it/s][A
Training Epochs:  12%|█▏        | 12/100 [00:58<07:50,  5.35s/it, -ELBO=2.0750, Potential Metric=0.0622, Entropy Metric=0.0297]

Epoch 12:  38%|███▊      | 12/32 [00:02<00:03,  5.77it/s][A
Training Epochs:  12%|█▏        | 12/100 [00:58<07:50,  5.35s/it, -ELBO=2.1264, Potential Metric=0.0779, Entropy Metric=0.0288]

Epoch 12:  41%|████      | 13/32 [00:02<00:03,  5.63it/s][A
Training Epochs:  12%|█▏        | 12/100 [00:59<07:50,  5.35s/it, -ELBO=2.2856, Potential Metric=0.0723, Entropy Metric=0.0261]

Epoch 12:  44%|████▍     | 14/32 [00:02<00:03,  5.78it/s][A
Training Epochs:  12%|█▏        | 12/100 [00:59<07:50,  5.35s/it, -ELBO=2.0540, Potential Metric=0.0698, Entropy Metric=0.0292]

Epoch 12:  47%|████▋     | 15/32 [00:02<00:02,  5.79it/s][A
Training Epochs:  12%|█▏        | 12/100 [00:59<07:50,  5.35s/it, -ELBO=1.9042, Potential Metric=0.0791, Entropy Metric=0.0340]

Epoch 12:  50%|█████     | 16/32 [00:02<00:02,  5.76it/s][A
Training Epochs:  12%|█▏        | 12/100 [00:59<07:50,  5.35s/it, -ELBO=1.8664, Potential Metric=0.0767, Entropy Metric=0.0339]

Epoch 12:  53%|█████▎    | 17/32 [00:02<00:02,  5.75it/s][A
Training Epochs:  12%|█▏        | 12/100 [00:59<07:50,  5.35s/it, -ELBO=1.9190, Potential Metric=0.0724, Entropy Metric=0.0315]

Epoch 12:  56%|█████▋    | 18/32 [00:03<00:02,  5.66it/s][A
Training Epochs:  12%|█▏        | 12/100 [00:59<07:50,  5.35s/it, -ELBO=2.1006, Potential Metric=0.0736, Entropy Metric=0.0300]

Epoch 12:  59%|█████▉    | 19/32 [00:03<00:02,  5.51it/s][A
Training Epochs:  12%|█▏        | 12/100 [01:00<07:50,  5.35s/it, -ELBO=2.2683, Potential Metric=0.0722, Entropy Metric=0.0296]

Epoch 12:  62%|██████▎   | 20/32 [00:03<00:02,  5.49it/s][A
Training Epochs:  12%|█▏        | 12/100 [01:00<07:50,  5.35s/it, -ELBO=1.9087, Potential Metric=0.0705, Entropy Metric=0.0313]

Epoch 12:  66%|██████▌   | 21/32 [00:03<00:02,  5.40it/s][A
Training Epochs:  12%|█▏        | 12/100 [01:00<07:50,  5.35s/it, -ELBO=1.9695, Potential Metric=0.0689, Entropy Metric=0.0315]

Epoch 12:  69%|██████▉   | 22/32 [00:03<00:01,  5.44it/s][A
Training Epochs:  12%|█▏        | 12/100 [01:00<07:50,  5.35s/it, -ELBO=2.0055, Potential Metric=0.0731, Entropy Metric=0.0287]

Epoch 12:  72%|███████▏  | 23/32 [00:04<00:01,  5.46it/s][A
Training Epochs:  12%|█▏        | 12/100 [01:00<07:50,  5.35s/it, -ELBO=2.0479, Potential Metric=0.0750, Entropy Metric=0.0289]

Epoch 12:  75%|███████▌  | 24/32 [00:04<00:01,  5.37it/s][A
Training Epochs:  12%|█▏        | 12/100 [01:01<07:50,  5.35s/it, -ELBO=1.9591, Potential Metric=0.0725, Entropy Metric=0.0306]

Epoch 12:  78%|███████▊  | 25/32 [00:04<00:01,  5.55it/s][A
Training Epochs:  12%|█▏        | 12/100 [01:01<07:50,  5.35s/it, -ELBO=1.8303, Potential Metric=0.0791, Entropy Metric=0.0328]

Epoch 12:  81%|████████▏ | 26/32 [00:04<00:01,  5.43it/s][A
Training Epochs:  12%|█▏        | 12/100 [01:01<07:50,  5.35s/it, -ELBO=1.9389, Potential Metric=0.0736, Entropy Metric=0.0300]

Epoch 12:  84%|████████▍ | 27/32 [00:04<00:00,  5.66it/s][A
Training Epochs:  12%|█▏        | 12/100 [01:01<07:50,  5.35s/it, -ELBO=2.2020, Potential Metric=0.0641, Entropy Metric=0.0299]

Epoch 12:  88%|████████▊ | 28/32 [00:04<00:00,  5.56it/s][A
Training Epochs:  12%|█▏        | 12/100 [01:01<07:50,  5.35s/it, -ELBO=2.1720, Potential Metric=0.0779, Entropy Metric=0.0286]

Epoch 12:  91%|█████████ | 29/32 [00:05<00:00,  5.69it/s][A
Training Epochs:  12%|█▏        | 12/100 [01:01<07:50,  5.35s/it, -ELBO=1.8677, Potential Metric=0.0785, Entropy Metric=0.0309]

Epoch 12:  94%|█████████▍| 30/32 [00:05<00:00,  5.66it/s][A
Training Epochs:  12%|█▏        | 12/100 [01:02<07:50,  5.35s/it, -ELBO=1.8440, Potential Metric=0.0787, Entropy Metric=0.0347]

Epoch 12:  97%|█████████▋| 31/32 [00:05<00:00,  5.75it/s][A
Training Epochs:  12%|█▏        | 12/100 [01:02<07:50,  5.35s/it, -ELBO=1.7307, Potential Metric=0.0838, Entropy Metric=0.0362]

Epoch 12: 100%|██████████| 32/32 [00:05<00:00,  5.57it/s][A

                                                         [A
Training Epochs:  13%|█▎        | 13/100 [01:02<07:57,  5.49s/it, -ELBO=1.7307, Potential Metric=0.0838, Entropy Metric=0.0362]

Epoch 13:   0%|          | 0/32 [00:00<?, ?it/s][A
Training Epochs:  13%|█▎        | 13/100 [01:02<07:57,  5.49s/it, -ELBO=1.9579, Potential Metric=0.0625, Entropy Metric=0.0338]

Epoch 13:   3%|▎         | 1/32 [00:00<00:06,  4.53it/s][A
Training Epochs:  13%|█▎        | 13/100 [01:02<07:57,  5.49s/it, -ELBO=1.9291, Potential Metric=0.0713, Entropy Metric=0.0348]

Epoch 13:   6%|▋         | 2/32 [00:00<00:05,  5.35it/s][A
Training Epochs:  13%|█▎        | 13/100 [01:02<07:57,  5.49s/it, -ELBO=2.1111, Potential Metric=0.0722, Entropy Metric=0.0348]

Epoch 13:   9%|▉         | 3/32 [00:00<00:05,  5.63it/s][A
Training Epochs:  13%|█▎        | 13/100 [01:03<07:57,  5.49s/it, -ELBO=1.6797, Potential Metric=0.0699, Entropy Metric=0.0350]

Epoch 13:  12%|█▎        | 4/32 [00:00<00:04,  5.76it/s][A
Training Epochs:  13%|█▎        | 13/100 [01:03<07:57,  5.49s/it, -ELBO=2.1792, Potential Metric=0.0786, Entropy Metric=0.0307]

Epoch 13:  16%|█▌        | 5/32 [00:00<00:04,  5.92it/s][A
Training Epochs:  13%|█▎        | 13/100 [01:03<07:57,  5.49s/it, -ELBO=1.9985, Potential Metric=0.0689, Entropy Metric=0.0325]

Epoch 13:  19%|█▉        | 6/32 [00:01<00:04,  5.97it/s][A
Training Epochs:  13%|█▎        | 13/100 [01:03<07:57,  5.49s/it, -ELBO=1.7727, Potential Metric=0.0687, Entropy Metric=0.0302]

Epoch 13:  22%|██▏       | 7/32 [00:01<00:04,  5.96it/s][A
Training Epochs:  13%|█▎        | 13/100 [01:03<07:57,  5.49s/it, -ELBO=2.1251, Potential Metric=0.0648, Entropy Metric=0.0298]

Epoch 13:  25%|██▌       | 8/32 [00:01<00:04,  5.87it/s][A
Training Epochs:  13%|█▎        | 13/100 [01:03<07:57,  5.49s/it, -ELBO=1.9643, Potential Metric=0.0750, Entropy Metric=0.0317]

Epoch 13:  28%|██▊       | 9/32 [00:01<00:03,  6.03it/s][A
Training Epochs:  13%|█▎        | 13/100 [01:04<07:57,  5.49s/it, -ELBO=1.8235, Potential Metric=0.0803, Entropy Metric=0.0302]

Epoch 13:  31%|███▏      | 10/32 [00:01<00:03,  5.92it/s][A
Training Epochs:  13%|█▎        | 13/100 [01:04<07:57,  5.49s/it, -ELBO=1.7798, Potential Metric=0.0736, Entropy Metric=0.0294]

Epoch 13:  34%|███▍      | 11/32 [00:01<00:03,  5.94it/s][A
Training Epochs:  13%|█▎        | 13/100 [01:04<07:57,  5.49s/it, -ELBO=1.9516, Potential Metric=0.0791, Entropy Metric=0.0300]

Epoch 13:  38%|███▊      | 12/32 [00:02<00:03,  5.87it/s][A
Training Epochs:  13%|█▎        | 13/100 [01:04<07:57,  5.49s/it, -ELBO=2.0524, Potential Metric=0.0786, Entropy Metric=0.0308]

Epoch 13:  41%|████      | 13/32 [00:02<00:03,  5.94it/s][A
Training Epochs:  13%|█▎        | 13/100 [01:04<07:57,  5.49s/it, -ELBO=1.7004, Potential Metric=0.0789, Entropy Metric=0.0340]

Epoch 13:  44%|████▍     | 14/32 [00:02<00:03,  5.94it/s][A
Training Epochs:  13%|█▎        | 13/100 [01:04<07:57,  5.49s/it, -ELBO=2.0387, Potential Metric=0.0699, Entropy Metric=0.0294]

Epoch 13:  47%|████▋     | 15/32 [00:02<00:02,  6.08it/s][A
Training Epochs:  13%|█▎        | 13/100 [01:05<07:57,  5.49s/it, -ELBO=1.7665, Potential Metric=0.0829, Entropy Metric=0.0305]

Epoch 13:  50%|█████     | 16/32 [00:02<00:02,  6.18it/s][A
Training Epochs:  13%|█▎        | 13/100 [01:05<07:57,  5.49s/it, -ELBO=1.9167, Potential Metric=0.0734, Entropy Metric=0.0297]

Epoch 13:  53%|█████▎    | 17/32 [00:02<00:02,  6.15it/s][A
Training Epochs:  13%|█▎        | 13/100 [01:05<07:57,  5.49s/it, -ELBO=1.8460, Potential Metric=0.0902, Entropy Metric=0.0336]

Epoch 13:  56%|█████▋    | 18/32 [00:03<00:02,  6.18it/s][A
Training Epochs:  13%|█▎        | 13/100 [01:05<07:57,  5.49s/it, -ELBO=1.8895, Potential Metric=0.0780, Entropy Metric=0.0368]

Epoch 13:  59%|█████▉    | 19/32 [00:03<00:02,  6.01it/s][A
Training Epochs:  13%|█▎        | 13/100 [01:05<07:57,  5.49s/it, -ELBO=1.9614, Potential Metric=0.0710, Entropy Metric=0.0343]

Epoch 13:  62%|██████▎   | 20/32 [00:03<00:02,  5.77it/s][A
Training Epochs:  13%|█▎        | 13/100 [01:05<07:57,  5.49s/it, -ELBO=1.7588, Potential Metric=0.0866, Entropy Metric=0.0348]

Epoch 13:  66%|██████▌   | 21/32 [00:03<00:01,  5.68it/s][A
Training Epochs:  13%|█▎        | 13/100 [01:06<07:57,  5.49s/it, -ELBO=1.8712, Potential Metric=0.0698, Entropy Metric=0.0343]

Epoch 13:  69%|██████▉   | 22/32 [00:03<00:01,  5.79it/s][A
Training Epochs:  13%|█▎        | 13/100 [01:06<07:57,  5.49s/it, -ELBO=2.0540, Potential Metric=0.0774, Entropy Metric=0.0360]

Epoch 13:  72%|███████▏  | 23/32 [00:03<00:01,  5.98it/s][A
Training Epochs:  13%|█▎        | 13/100 [01:06<07:57,  5.49s/it, -ELBO=1.9635, Potential Metric=0.0625, Entropy Metric=0.0335]

Epoch 13:  75%|███████▌  | 24/32 [00:04<00:01,  6.08it/s][A
Training Epochs:  13%|█▎        | 13/100 [01:06<07:57,  5.49s/it, -ELBO=1.8070, Potential Metric=0.0697, Entropy Metric=0.0317]

Epoch 13:  78%|███████▊  | 25/32 [00:04<00:01,  6.23it/s][A
Training Epochs:  13%|█▎        | 13/100 [01:06<07:57,  5.49s/it, -ELBO=2.0539, Potential Metric=0.0654, Entropy Metric=0.0306]

Epoch 13:  81%|████████▏ | 26/32 [00:04<00:00,  6.14it/s][A
Training Epochs:  13%|█▎        | 13/100 [01:06<07:57,  5.49s/it, -ELBO=1.9124, Potential Metric=0.0722, Entropy Metric=0.0327]

Epoch 13:  84%|████████▍ | 27/32 [00:04<00:00,  6.20it/s][A
Training Epochs:  13%|█▎        | 13/100 [01:07<07:57,  5.49s/it, -ELBO=2.1860, Potential Metric=0.0850, Entropy Metric=0.0303]

Epoch 13:  88%|████████▊ | 28/32 [00:04<00:00,  6.24it/s][A
Training Epochs:  13%|█▎        | 13/100 [01:07<07:57,  5.49s/it, -ELBO=1.8145, Potential Metric=0.0688, Entropy Metric=0.0330]

Epoch 13:  91%|█████████ | 29/32 [00:04<00:00,  5.83it/s][A
Training Epochs:  13%|█▎        | 13/100 [01:07<07:57,  5.49s/it, -ELBO=1.9966, Potential Metric=0.0824, Entropy Metric=0.0326]

Epoch 13:  94%|█████████▍| 30/32 [00:05<00:00,  5.78it/s][A
Training Epochs:  13%|█▎        | 13/100 [01:07<07:57,  5.49s/it, -ELBO=1.8782, Potential Metric=0.0745, Entropy Metric=0.0341]

Epoch 13:  97%|█████████▋| 31/32 [00:05<00:00,  5.87it/s][A
Training Epochs:  13%|█▎        | 13/100 [01:07<07:57,  5.49s/it, -ELBO=2.0426, Potential Metric=0.0713, Entropy Metric=0.0337]

Epoch 13: 100%|██████████| 32/32 [00:05<00:00,  5.79it/s][A

                                                         [A
Training Epochs:  14%|█▍        | 14/100 [01:07<07:52,  5.49s/it, -ELBO=2.0426, Potential Metric=0.0713, Entropy Metric=0.0337]

Epoch 14:   0%|          | 0/32 [00:00<?, ?it/s][A
Training Epochs:  14%|█▍        | 14/100 [01:08<07:52,  5.49s/it, -ELBO=1.7867, Potential Metric=0.0709, Entropy Metric=0.0285]

Epoch 14:   3%|▎         | 1/32 [00:00<00:06,  4.65it/s][A
Training Epochs:  14%|█▍        | 14/100 [01:08<07:52,  5.49s/it, -ELBO=1.7584, Potential Metric=0.0712, Entropy Metric=0.0313]

Epoch 14:   6%|▋         | 2/32 [00:00<00:05,  5.49it/s][A
Training Epochs:  14%|█▍        | 14/100 [01:08<07:52,  5.49s/it, -ELBO=2.1923, Potential Metric=0.0854, Entropy Metric=0.0309]

Epoch 14:   9%|▉         | 3/32 [00:00<00:05,  5.58it/s][A
Training Epochs:  14%|█▍        | 14/100 [01:08<07:52,  5.49s/it, -ELBO=1.8691, Potential Metric=0.0797, Entropy Metric=0.0323]

Epoch 14:  12%|█▎        | 4/32 [00:00<00:04,  5.72it/s][A
Training Epochs:  14%|█▍        | 14/100 [01:08<07:52,  5.49s/it, -ELBO=1.6484, Potential Metric=0.0781, Entropy Metric=0.0356]

Epoch 14:  16%|█▌        | 5/32 [00:00<00:04,  5.78it/s][A
Training Epochs:  14%|█▍        | 14/100 [01:09<07:52,  5.49s/it, -ELBO=1.7648, Potential Metric=0.0807, Entropy Metric=0.0315]

Epoch 14:  19%|█▉        | 6/32 [00:01<00:04,  5.97it/s][A
Training Epochs:  14%|█▍        | 14/100 [01:09<07:52,  5.49s/it, -ELBO=2.1623, Potential Metric=0.0762, Entropy Metric=0.0297]

Epoch 14:  22%|██▏       | 7/32 [00:01<00:04,  6.06it/s][A
Training Epochs:  14%|█▍        | 14/100 [01:09<07:52,  5.49s/it, -ELBO=2.0535, Potential Metric=0.0804, Entropy Metric=0.0304]

Epoch 14:  25%|██▌       | 8/32 [00:01<00:03,  6.26it/s][A
Training Epochs:  14%|█▍        | 14/100 [01:09<07:52,  5.49s/it, -ELBO=1.9152, Potential Metric=0.0846, Entropy Metric=0.0315]

Epoch 14:  28%|██▊       | 9/32 [00:01<00:03,  6.31it/s][A
Training Epochs:  14%|█▍        | 14/100 [01:09<07:52,  5.49s/it, -ELBO=1.6034, Potential Metric=0.0830, Entropy Metric=0.0319]

Epoch 14:  31%|███▏      | 10/32 [00:01<00:03,  6.20it/s][A
Training Epochs:  14%|█▍        | 14/100 [01:09<07:52,  5.49s/it, -ELBO=1.8099, Potential Metric=0.0717, Entropy Metric=0.0338]

Epoch 14:  34%|███▍      | 11/32 [00:01<00:03,  5.96it/s][A
Training Epochs:  14%|█▍        | 14/100 [01:10<07:52,  5.49s/it, -ELBO=1.9692, Potential Metric=0.0767, Entropy Metric=0.0350]

Epoch 14:  38%|███▊      | 12/32 [00:02<00:03,  5.95it/s][A
Training Epochs:  14%|█▍        | 14/100 [01:10<07:52,  5.49s/it, -ELBO=1.8864, Potential Metric=0.0840, Entropy Metric=0.0335]

Epoch 14:  41%|████      | 13/32 [00:02<00:03,  5.89it/s][A
Training Epochs:  14%|█▍        | 14/100 [01:10<07:52,  5.49s/it, -ELBO=2.0763, Potential Metric=0.0804, Entropy Metric=0.0342]

Epoch 14:  44%|████▍     | 14/32 [00:02<00:03,  5.58it/s][A
Training Epochs:  14%|█▍        | 14/100 [01:10<07:52,  5.49s/it, -ELBO=1.8215, Potential Metric=0.0806, Entropy Metric=0.0326]

Epoch 14:  47%|████▋     | 15/32 [00:02<00:02,  5.81it/s][A
Training Epochs:  14%|█▍        | 14/100 [01:10<07:52,  5.49s/it, -ELBO=1.9181, Potential Metric=0.0900, Entropy Metric=0.0360]

Epoch 14:  50%|█████     | 16/32 [00:02<00:02,  5.86it/s][A
Training Epochs:  14%|█▍        | 14/100 [01:10<07:52,  5.49s/it, -ELBO=2.0919, Potential Metric=0.0767, Entropy Metric=0.0374]

Epoch 14:  53%|█████▎    | 17/32 [00:02<00:02,  5.80it/s][A
Training Epochs:  14%|█▍        | 14/100 [01:11<07:52,  5.49s/it, -ELBO=1.9402, Potential Metric=0.0803, Entropy Metric=0.0367]

Epoch 14:  56%|█████▋    | 18/32 [00:03<00:02,  5.96it/s][A
Training Epochs:  14%|█▍        | 14/100 [01:11<07:52,  5.49s/it, -ELBO=1.7361, Potential Metric=0.0825, Entropy Metric=0.0411]

Epoch 14:  59%|█████▉    | 19/32 [00:03<00:02,  5.75it/s][A
Training Epochs:  14%|█▍        | 14/100 [01:11<07:52,  5.49s/it, -ELBO=1.8481, Potential Metric=0.0888, Entropy Metric=0.0405]

Epoch 14:  62%|██████▎   | 20/32 [00:03<00:02,  5.73it/s][A
Training Epochs:  14%|█▍        | 14/100 [01:11<07:52,  5.49s/it, -ELBO=2.0597, Potential Metric=0.0700, Entropy Metric=0.0380]

Epoch 14:  66%|██████▌   | 21/32 [00:03<00:01,  5.92it/s][A
Training Epochs:  14%|█▍        | 14/100 [01:11<07:52,  5.49s/it, -ELBO=1.9410, Potential Metric=0.0740, Entropy Metric=0.0358]

Epoch 14:  69%|██████▉   | 22/32 [00:03<00:01,  5.85it/s][A
Training Epochs:  14%|█▍        | 14/100 [01:11<07:52,  5.49s/it, -ELBO=1.8435, Potential Metric=0.0692, Entropy Metric=0.0392]

Epoch 14:  72%|███████▏  | 23/32 [00:03<00:01,  5.91it/s][A
Training Epochs:  14%|█▍        | 14/100 [01:12<07:52,  5.49s/it, -ELBO=1.9304, Potential Metric=0.0727, Entropy Metric=0.0377]

Epoch 14:  75%|███████▌  | 24/32 [00:04<00:01,  5.87it/s][A
Training Epochs:  14%|█▍        | 14/100 [01:12<07:52,  5.49s/it, -ELBO=1.9460, Potential Metric=0.0634, Entropy Metric=0.0338]

Epoch 14:  78%|███████▊  | 25/32 [00:04<00:01,  5.70it/s][A
Training Epochs:  14%|█▍        | 14/100 [01:12<07:52,  5.49s/it, -ELBO=1.7265, Potential Metric=0.0716, Entropy Metric=0.0381]

Epoch 14:  81%|████████▏ | 26/32 [00:04<00:01,  5.73it/s][A
Training Epochs:  14%|█▍        | 14/100 [01:12<07:52,  5.49s/it, -ELBO=1.7865, Potential Metric=0.0696, Entropy Metric=0.0376]

Epoch 14:  84%|████████▍ | 27/32 [00:04<00:00,  5.51it/s][A
Training Epochs:  14%|█▍        | 14/100 [01:12<07:52,  5.49s/it, -ELBO=1.7903, Potential Metric=0.0721, Entropy Metric=0.0349]

Epoch 14:  88%|████████▊ | 28/32 [00:04<00:00,  5.47it/s][A
Training Epochs:  14%|█▍        | 14/100 [01:13<07:52,  5.49s/it, -ELBO=1.6995, Potential Metric=0.0801, Entropy Metric=0.0363]

Epoch 14:  91%|█████████ | 29/32 [00:05<00:00,  5.43it/s][A
Training Epochs:  14%|█▍        | 14/100 [01:13<07:52,  5.49s/it, -ELBO=1.6471, Potential Metric=0.0747, Entropy Metric=0.0367]

Epoch 14:  94%|█████████▍| 30/32 [00:05<00:00,  5.29it/s][A
Training Epochs:  14%|█▍        | 14/100 [01:13<07:52,  5.49s/it, -ELBO=1.7903, Potential Metric=0.0814, Entropy Metric=0.0317]

Epoch 14:  97%|█████████▋| 31/32 [00:05<00:00,  5.37it/s][A
Training Epochs:  14%|█▍        | 14/100 [01:13<07:52,  5.49s/it, -ELBO=1.6148, Potential Metric=0.0853, Entropy Metric=0.0344]

Epoch 14: 100%|██████████| 32/32 [00:05<00:00,  5.40it/s][A

                                                         [A
Training Epochs:  15%|█▌        | 15/100 [01:13<07:54,  5.58s/it, -ELBO=1.6148, Potential Metric=0.0853, Entropy Metric=0.0344]

Epoch 15:   0%|          | 0/32 [00:00<?, ?it/s][A
Training Epochs:  15%|█▌        | 15/100 [01:13<07:54,  5.58s/it, -ELBO=1.8727, Potential Metric=0.0757, Entropy Metric=0.0354]

Epoch 15:   3%|▎         | 1/32 [00:00<00:07,  4.18it/s][A
Training Epochs:  15%|█▌        | 15/100 [01:14<07:54,  5.58s/it, -ELBO=1.7399, Potential Metric=0.0690, Entropy Metric=0.0347]

Epoch 15:   6%|▋         | 2/32 [00:00<00:06,  4.93it/s][A
Training Epochs:  15%|█▌        | 15/100 [01:14<07:54,  5.58s/it, -ELBO=1.9758, Potential Metric=0.0709, Entropy Metric=0.0330]

Epoch 15:   9%|▉         | 3/32 [00:00<00:05,  5.14it/s][A
Training Epochs:  15%|█▌        | 15/100 [01:14<07:54,  5.58s/it, -ELBO=2.1222, Potential Metric=0.0802, Entropy Metric=0.0337]

Epoch 15:  12%|█▎        | 4/32 [00:00<00:05,  5.35it/s][A
Training Epochs:  15%|█▌        | 15/100 [01:14<07:54,  5.58s/it, -ELBO=1.6531, Potential Metric=0.0781, Entropy Metric=0.0381]

Epoch 15:  16%|█▌        | 5/32 [00:00<00:04,  5.52it/s][A
Training Epochs:  15%|█▌        | 15/100 [01:14<07:54,  5.58s/it, -ELBO=1.6929, Potential Metric=0.0725, Entropy Metric=0.0412]

Epoch 15:  19%|█▉        | 6/32 [00:01<00:04,  5.41it/s][A
Training Epochs:  15%|█▌        | 15/100 [01:15<07:54,  5.58s/it, -ELBO=1.9889, Potential Metric=0.0769, Entropy Metric=0.0355]

Epoch 15:  22%|██▏       | 7/32 [00:01<00:04,  5.57it/s][A
Training Epochs:  15%|█▌        | 15/100 [01:15<07:54,  5.58s/it, -ELBO=1.8335, Potential Metric=0.0719, Entropy Metric=0.0375]

Epoch 15:  25%|██▌       | 8/32 [00:01<00:04,  5.63it/s][A
Training Epochs:  15%|█▌        | 15/100 [01:15<07:54,  5.58s/it, -ELBO=1.8783, Potential Metric=0.0651, Entropy Metric=0.0385]

Epoch 15:  28%|██▊       | 9/32 [00:01<00:04,  5.67it/s][A
Training Epochs:  15%|█▌        | 15/100 [01:15<07:54,  5.58s/it, -ELBO=1.7028, Potential Metric=0.0851, Entropy Metric=0.0378]

Epoch 15:  31%|███▏      | 10/32 [00:01<00:04,  5.38it/s][A
Training Epochs:  15%|█▌        | 15/100 [01:15<07:54,  5.58s/it, -ELBO=1.6940, Potential Metric=0.0722, Entropy Metric=0.0402]

Epoch 15:  34%|███▍      | 11/32 [00:02<00:03,  5.39it/s][A
Training Epochs:  15%|█▌        | 15/100 [01:16<07:54,  5.58s/it, -ELBO=1.6394, Potential Metric=0.0884, Entropy Metric=0.0369]

Epoch 15:  38%|███▊      | 12/32 [00:02<00:03,  5.17it/s][A
Training Epochs:  15%|█▌        | 15/100 [01:16<07:54,  5.58s/it, -ELBO=1.8263, Potential Metric=0.0761, Entropy Metric=0.0341]

Epoch 15:  41%|████      | 13/32 [00:02<00:03,  5.27it/s][A
Training Epochs:  15%|█▌        | 15/100 [01:16<07:54,  5.58s/it, -ELBO=1.7497, Potential Metric=0.0682, Entropy Metric=0.0332]

Epoch 15:  44%|████▍     | 14/32 [00:02<00:03,  5.39it/s][A
Training Epochs:  15%|█▌        | 15/100 [01:16<07:54,  5.58s/it, -ELBO=1.8812, Potential Metric=0.0722, Entropy Metric=0.0358]

Epoch 15:  47%|████▋     | 15/32 [00:02<00:03,  5.47it/s][A
Training Epochs:  15%|█▌        | 15/100 [01:16<07:54,  5.58s/it, -ELBO=1.7186, Potential Metric=0.0848, Entropy Metric=0.0365]

Epoch 15:  50%|█████     | 16/32 [00:02<00:02,  5.50it/s][A
Training Epochs:  15%|█▌        | 15/100 [01:16<07:54,  5.58s/it, -ELBO=1.7348, Potential Metric=0.0758, Entropy Metric=0.0358]

Epoch 15:  53%|█████▎    | 17/32 [00:03<00:02,  5.11it/s][A
Training Epochs:  15%|█▌        | 15/100 [01:17<07:54,  5.58s/it, -ELBO=1.7695, Potential Metric=0.0882, Entropy Metric=0.0384]

Epoch 15:  56%|█████▋    | 18/32 [00:03<00:02,  4.97it/s][A
Training Epochs:  15%|█▌        | 15/100 [01:17<07:54,  5.58s/it, -ELBO=1.8148, Potential Metric=0.0882, Entropy Metric=0.0392]

Epoch 15:  59%|█████▉    | 19/32 [00:03<00:02,  4.98it/s][A
Training Epochs:  15%|█▌        | 15/100 [01:17<07:54,  5.58s/it, -ELBO=1.8417, Potential Metric=0.0845, Entropy Metric=0.0394]

Epoch 15:  62%|██████▎   | 20/32 [00:03<00:02,  4.85it/s][A
Training Epochs:  15%|█▌        | 15/100 [01:17<07:54,  5.58s/it, -ELBO=1.8463, Potential Metric=0.0680, Entropy Metric=0.0362]

Epoch 15:  66%|██████▌   | 21/32 [00:04<00:02,  4.77it/s][A
Training Epochs:  15%|█▌        | 15/100 [01:17<07:54,  5.58s/it, -ELBO=1.8050, Potential Metric=0.0762, Entropy Metric=0.0402]

Epoch 15:  69%|██████▉   | 22/32 [00:04<00:02,  4.82it/s][A
Training Epochs:  15%|█▌        | 15/100 [01:18<07:54,  5.58s/it, -ELBO=1.8687, Potential Metric=0.0786, Entropy Metric=0.0401]

Epoch 15:  72%|███████▏  | 23/32 [00:04<00:01,  4.69it/s][A
Training Epochs:  15%|█▌        | 15/100 [01:18<07:54,  5.58s/it, -ELBO=1.6522, Potential Metric=0.0680, Entropy Metric=0.0389]

Epoch 15:  75%|███████▌  | 24/32 [00:04<00:01,  4.80it/s][A
Training Epochs:  15%|█▌        | 15/100 [01:18<07:54,  5.58s/it, -ELBO=1.7853, Potential Metric=0.0807, Entropy Metric=0.0372]

Epoch 15:  78%|███████▊  | 25/32 [00:04<00:01,  4.93it/s][A
Training Epochs:  15%|█▌        | 15/100 [01:18<07:54,  5.58s/it, -ELBO=1.8596, Potential Metric=0.0733, Entropy Metric=0.0379]

Epoch 15:  81%|████████▏ | 26/32 [00:05<00:01,  4.76it/s][A
Training Epochs:  15%|█▌        | 15/100 [01:19<07:54,  5.58s/it, -ELBO=1.8068, Potential Metric=0.0755, Entropy Metric=0.0374]

Epoch 15:  84%|████████▍ | 27/32 [00:05<00:01,  4.92it/s][A
Training Epochs:  15%|█▌        | 15/100 [01:19<07:54,  5.58s/it, -ELBO=1.8614, Potential Metric=0.0714, Entropy Metric=0.0407]

Epoch 15:  88%|████████▊ | 28/32 [00:05<00:00,  4.99it/s][A
Training Epochs:  15%|█▌        | 15/100 [01:19<07:54,  5.58s/it, -ELBO=2.0898, Potential Metric=0.0751, Entropy Metric=0.0372]

Epoch 15:  91%|█████████ | 29/32 [00:05<00:00,  5.00it/s][A
Training Epochs:  15%|█▌        | 15/100 [01:19<07:54,  5.58s/it, -ELBO=1.5301, Potential Metric=0.0741, Entropy Metric=0.0417]

Epoch 15:  94%|█████████▍| 30/32 [00:05<00:00,  4.92it/s][A
Training Epochs:  15%|█▌        | 15/100 [01:19<07:54,  5.58s/it, -ELBO=1.7471, Potential Metric=0.0793, Entropy Metric=0.0401]

Epoch 15:  97%|█████████▋| 31/32 [00:06<00:00,  4.89it/s][A
Training Epochs:  15%|█▌        | 15/100 [01:20<07:54,  5.58s/it, -ELBO=1.7190, Potential Metric=0.0717, Entropy Metric=0.0402]

Epoch 15: 100%|██████████| 32/32 [00:06<00:00,  4.89it/s][A

                                                         [A
Training Epochs:  16%|█▌        | 16/100 [01:20<08:10,  5.84s/it, -ELBO=1.7190, Potential Metric=0.0717, Entropy Metric=0.0402]

Epoch 16:   0%|          | 0/32 [00:00<?, ?it/s][A
Training Epochs:  16%|█▌        | 16/100 [01:20<08:10,  5.84s/it, -ELBO=1.5365, Potential Metric=0.0837, Entropy Metric=0.0441]

Epoch 16:   3%|▎         | 1/32 [00:00<00:07,  4.12it/s][A
Training Epochs:  16%|█▌        | 16/100 [01:20<08:10,  5.84s/it, -ELBO=1.9973, Potential Metric=0.0658, Entropy Metric=0.0425]

Epoch 16:   6%|▋         | 2/32 [00:00<00:06,  4.99it/s][A
Training Epochs:  16%|█▌        | 16/100 [01:20<08:10,  5.84s/it, -ELBO=1.8656, Potential Metric=0.0746, Entropy Metric=0.0410]

Epoch 16:   9%|▉         | 3/32 [00:00<00:05,  5.26it/s][A
Training Epochs:  16%|█▌        | 16/100 [01:21<08:10,  5.84s/it, -ELBO=1.8121, Potential Metric=0.0750, Entropy Metric=0.0400]

Epoch 16:  12%|█▎        | 4/32 [00:00<00:05,  5.29it/s][A
Training Epochs:  16%|█▌        | 16/100 [01:21<08:10,  5.84s/it, -ELBO=1.8929, Potential Metric=0.0692, Entropy Metric=0.0434]

Epoch 16:  16%|█▌        | 5/32 [00:00<00:04,  5.51it/s][A
Training Epochs:  16%|█▌        | 16/100 [01:21<08:10,  5.84s/it, -ELBO=1.6709, Potential Metric=0.0791, Entropy Metric=0.0437]

Epoch 16:  19%|█▉        | 6/32 [00:01<00:04,  5.53it/s][A
Training Epochs:  16%|█▌        | 16/100 [01:21<08:10,  5.84s/it, -ELBO=1.6972, Potential Metric=0.0732, Entropy Metric=0.0436]

Epoch 16:  22%|██▏       | 7/32 [00:01<00:04,  5.35it/s][A
Training Epochs:  16%|█▌        | 16/100 [01:21<08:10,  5.84s/it, -ELBO=1.9692, Potential Metric=0.0680, Entropy Metric=0.0465]

Epoch 16:  25%|██▌       | 8/32 [00:01<00:04,  5.44it/s][A
Training Epochs:  16%|█▌        | 16/100 [01:21<08:10,  5.84s/it, -ELBO=1.7471, Potential Metric=0.0684, Entropy Metric=0.0449]

Epoch 16:  28%|██▊       | 9/32 [00:01<00:04,  5.34it/s][A
Training Epochs:  16%|█▌        | 16/100 [01:22<08:10,  5.84s/it, -ELBO=1.8465, Potential Metric=0.0726, Entropy Metric=0.0426]

Epoch 16:  31%|███▏      | 10/32 [00:01<00:04,  5.34it/s][A
Training Epochs:  16%|█▌        | 16/100 [01:22<08:10,  5.84s/it, -ELBO=1.7113, Potential Metric=0.0756, Entropy Metric=0.0466]

Epoch 16:  34%|███▍      | 11/32 [00:02<00:05,  4.10it/s][A
Training Epochs:  16%|█▌        | 16/100 [01:22<08:10,  5.84s/it, -ELBO=1.6622, Potential Metric=0.0676, Entropy Metric=0.0445]

Epoch 16:  38%|███▊      | 12/32 [00:02<00:04,  4.30it/s][A
Training Epochs:  16%|█▌        | 16/100 [01:22<08:10,  5.84s/it, -ELBO=1.8338, Potential Metric=0.0696, Entropy Metric=0.0440]

Epoch 16:  41%|████      | 13/32 [00:02<00:04,  4.56it/s][A
Training Epochs:  16%|█▌        | 16/100 [01:23<08:10,  5.84s/it, -ELBO=1.7317, Potential Metric=0.0752, Entropy Metric=0.0443]

Epoch 16:  44%|████▍     | 14/32 [00:02<00:03,  4.62it/s][A
Training Epochs:  16%|█▌        | 16/100 [01:23<08:10,  5.84s/it, -ELBO=1.7967, Potential Metric=0.0731, Entropy Metric=0.0461]

Epoch 16:  47%|████▋     | 15/32 [00:03<00:03,  4.88it/s][A
Training Epochs:  16%|█▌        | 16/100 [01:23<08:10,  5.84s/it, -ELBO=1.7377, Potential Metric=0.0633, Entropy Metric=0.0484]

Epoch 16:  50%|█████     | 16/32 [00:03<00:03,  5.03it/s][A
Training Epochs:  16%|█▌        | 16/100 [01:23<08:10,  5.84s/it, -ELBO=1.6497, Potential Metric=0.0808, Entropy Metric=0.0439]

Epoch 16:  53%|█████▎    | 17/32 [00:03<00:02,  5.11it/s][A
Training Epochs:  16%|█▌        | 16/100 [01:23<08:10,  5.84s/it, -ELBO=1.6986, Potential Metric=0.0739, Entropy Metric=0.0388]

Epoch 16:  56%|█████▋    | 18/32 [00:03<00:02,  5.37it/s][A
Training Epochs:  16%|█▌        | 16/100 [01:24<08:10,  5.84s/it, -ELBO=1.8539, Potential Metric=0.0713, Entropy Metric=0.0382]

Epoch 16:  59%|█████▉    | 19/32 [00:03<00:02,  5.46it/s][A
Training Epochs:  16%|█▌        | 16/100 [01:24<08:10,  5.84s/it, -ELBO=1.6776, Potential Metric=0.0654, Entropy Metric=0.0431]

Epoch 16:  62%|██████▎   | 20/32 [00:03<00:02,  5.24it/s][A
Training Epochs:  16%|█▌        | 16/100 [01:24<08:10,  5.84s/it, -ELBO=1.6278, Potential Metric=0.0768, Entropy Metric=0.0442]

Epoch 16:  66%|██████▌   | 21/32 [00:04<00:02,  5.13it/s][A
Training Epochs:  16%|█▌        | 16/100 [01:24<08:10,  5.84s/it, -ELBO=1.7160, Potential Metric=0.0801, Entropy Metric=0.0394]

Epoch 16:  69%|██████▉   | 22/32 [00:04<00:01,  5.01it/s][A
Training Epochs:  16%|█▌        | 16/100 [01:24<08:10,  5.84s/it, -ELBO=1.6562, Potential Metric=0.0821, Entropy Metric=0.0381]

Epoch 16:  72%|███████▏  | 23/32 [00:04<00:01,  5.14it/s][A
Training Epochs:  16%|█▌        | 16/100 [01:25<08:10,  5.84s/it, -ELBO=1.6525, Potential Metric=0.0798, Entropy Metric=0.0420]

Epoch 16:  75%|███████▌  | 24/32 [00:04<00:01,  4.92it/s][A
Training Epochs:  16%|█▌        | 16/100 [01:25<08:10,  5.84s/it, -ELBO=1.8139, Potential Metric=0.0817, Entropy Metric=0.0402]

Epoch 16:  78%|███████▊  | 25/32 [00:04<00:01,  4.91it/s][A
Training Epochs:  16%|█▌        | 16/100 [01:25<08:10,  5.84s/it, -ELBO=1.7060, Potential Metric=0.0728, Entropy Metric=0.0422]

Epoch 16:  81%|████████▏ | 26/32 [00:05<00:01,  4.95it/s][A
Training Epochs:  16%|█▌        | 16/100 [01:25<08:10,  5.84s/it, -ELBO=1.8667, Potential Metric=0.0772, Entropy Metric=0.0409]

Epoch 16:  84%|████████▍ | 27/32 [00:05<00:01,  4.95it/s][A
Training Epochs:  16%|█▌        | 16/100 [01:25<08:10,  5.84s/it, -ELBO=1.6369, Potential Metric=0.0823, Entropy Metric=0.0435]

Epoch 16:  88%|████████▊ | 28/32 [00:05<00:00,  4.84it/s][A
Training Epochs:  16%|█▌        | 16/100 [01:26<08:10,  5.84s/it, -ELBO=1.7117, Potential Metric=0.0790, Entropy Metric=0.0436]

Epoch 16:  91%|█████████ | 29/32 [00:05<00:00,  5.11it/s][A
Training Epochs:  16%|█▌        | 16/100 [01:26<08:10,  5.84s/it, -ELBO=1.5333, Potential Metric=0.0866, Entropy Metric=0.0453]

Epoch 16:  94%|█████████▍| 30/32 [00:05<00:00,  5.03it/s][A
Training Epochs:  16%|█▌        | 16/100 [01:26<08:10,  5.84s/it, -ELBO=1.8919, Potential Metric=0.0840, Entropy Metric=0.0379]

Epoch 16:  97%|█████████▋| 31/32 [00:06<00:00,  4.85it/s][A
Training Epochs:  16%|█▌        | 16/100 [01:26<08:10,  5.84s/it, -ELBO=1.6012, Potential Metric=0.0768, Entropy Metric=0.0389]

Epoch 16: 100%|██████████| 32/32 [00:06<00:00,  4.90it/s][A

                                                         [A
Training Epochs:  17%|█▋        | 17/100 [01:26<08:24,  6.08s/it, -ELBO=1.6012, Potential Metric=0.0768, Entropy Metric=0.0389]

Epoch 17:   0%|          | 0/32 [00:00<?, ?it/s][A
Training Epochs:  17%|█▋        | 17/100 [01:27<08:24,  6.08s/it, -ELBO=1.8808, Potential Metric=0.0846, Entropy Metric=0.0387]

Epoch 17:   3%|▎         | 1/32 [00:00<00:07,  3.96it/s][A
Training Epochs:  17%|█▋        | 17/100 [01:27<08:24,  6.08s/it, -ELBO=1.8156, Potential Metric=0.0785, Entropy Metric=0.0442]

Epoch 17:   6%|▋         | 2/32 [00:00<00:06,  4.44it/s][A
Training Epochs:  17%|█▋        | 17/100 [01:27<08:24,  6.08s/it, -ELBO=1.6530, Potential Metric=0.0815, Entropy Metric=0.0435]

Epoch 17:   9%|▉         | 3/32 [00:00<00:06,  4.59it/s][A
Training Epochs:  17%|█▋        | 17/100 [01:27<08:24,  6.08s/it, -ELBO=1.7627, Potential Metric=0.0892, Entropy Metric=0.0431]

Epoch 17:  12%|█▎        | 4/32 [00:00<00:06,  4.65it/s][A
Training Epochs:  17%|█▋        | 17/100 [01:27<08:24,  6.08s/it, -ELBO=1.7287, Potential Metric=0.0835, Entropy Metric=0.0442]

Epoch 17:  16%|█▌        | 5/32 [00:01<00:05,  4.75it/s][A
Training Epochs:  17%|█▋        | 17/100 [01:28<08:24,  6.08s/it, -ELBO=1.7052, Potential Metric=0.0774, Entropy Metric=0.0489]

Epoch 17:  19%|█▉        | 6/32 [00:01<00:05,  4.94it/s][A
Training Epochs:  17%|█▋        | 17/100 [01:28<08:24,  6.08s/it, -ELBO=1.6534, Potential Metric=0.0853, Entropy Metric=0.0465]

Epoch 17:  22%|██▏       | 7/32 [00:01<00:04,  5.06it/s][A
Training Epochs:  17%|█▋        | 17/100 [01:28<08:24,  6.08s/it, -ELBO=1.6669, Potential Metric=0.0801, Entropy Metric=0.0455]

Epoch 17:  25%|██▌       | 8/32 [00:01<00:04,  4.99it/s][A
Training Epochs:  17%|█▋        | 17/100 [01:28<08:24,  6.08s/it, -ELBO=1.7693, Potential Metric=0.0671, Entropy Metric=0.0433]

Epoch 17:  28%|██▊       | 9/32 [00:01<00:04,  4.84it/s][A
Training Epochs:  17%|█▋        | 17/100 [01:28<08:24,  6.08s/it, -ELBO=1.4336, Potential Metric=0.0758, Entropy Metric=0.0476]

Epoch 17:  31%|███▏      | 10/32 [00:02<00:04,  4.97it/s][A
Training Epochs:  17%|█▋        | 17/100 [01:29<08:24,  6.08s/it, -ELBO=1.6278, Potential Metric=0.0773, Entropy Metric=0.0497]

Epoch 17:  34%|███▍      | 11/32 [00:02<00:04,  5.11it/s][A
Training Epochs:  17%|█▋        | 17/100 [01:29<08:24,  6.08s/it, -ELBO=1.6681, Potential Metric=0.0802, Entropy Metric=0.0453]

Epoch 17:  38%|███▊      | 12/32 [00:02<00:03,  5.09it/s][A
Training Epochs:  17%|█▋        | 17/100 [01:29<08:24,  6.08s/it, -ELBO=1.7867, Potential Metric=0.0714, Entropy Metric=0.0424]

Epoch 17:  41%|████      | 13/32 [00:02<00:03,  5.06it/s][A
Training Epochs:  17%|█▋        | 17/100 [01:29<08:24,  6.08s/it, -ELBO=1.8002, Potential Metric=0.0748, Entropy Metric=0.0408]

Epoch 17:  44%|████▍     | 14/32 [00:02<00:03,  5.10it/s][A
Training Epochs:  17%|█▋        | 17/100 [01:29<08:24,  6.08s/it, -ELBO=1.4280, Potential Metric=0.0749, Entropy Metric=0.0448]

Epoch 17:  47%|████▋     | 15/32 [00:03<00:03,  5.05it/s][A
Training Epochs:  17%|█▋        | 17/100 [01:30<08:24,  6.08s/it, -ELBO=1.6828, Potential Metric=0.0750, Entropy Metric=0.0453]

Epoch 17:  50%|█████     | 16/32 [00:03<00:03,  4.85it/s][A
Training Epochs:  17%|█▋        | 17/100 [01:30<08:24,  6.08s/it, -ELBO=1.6301, Potential Metric=0.0756, Entropy Metric=0.0478]

Epoch 17:  53%|█████▎    | 17/32 [00:03<00:03,  4.81it/s][A
Training Epochs:  17%|█▋        | 17/100 [01:30<08:24,  6.08s/it, -ELBO=1.7649, Potential Metric=0.0862, Entropy Metric=0.0428]

Epoch 17:  56%|█████▋    | 18/32 [00:03<00:02,  4.84it/s][A
Training Epochs:  17%|█▋        | 17/100 [01:30<08:24,  6.08s/it, -ELBO=1.7867, Potential Metric=0.0818, Entropy Metric=0.0408]

Epoch 17:  59%|█████▉    | 19/32 [00:03<00:02,  4.85it/s][A
Training Epochs:  17%|█▋        | 17/100 [01:30<08:24,  6.08s/it, -ELBO=1.5489, Potential Metric=0.0684, Entropy Metric=0.0451]

Epoch 17:  62%|██████▎   | 20/32 [00:04<00:02,  4.81it/s][A
Training Epochs:  17%|█▋        | 17/100 [01:31<08:24,  6.08s/it, -ELBO=1.7256, Potential Metric=0.0799, Entropy Metric=0.0421]

Epoch 17:  66%|██████▌   | 21/32 [00:04<00:02,  4.64it/s][A
Training Epochs:  17%|█▋        | 17/100 [01:31<08:24,  6.08s/it, -ELBO=1.8616, Potential Metric=0.0835, Entropy Metric=0.0423]

Epoch 17:  69%|██████▉   | 22/32 [00:04<00:02,  4.57it/s][A
Training Epochs:  17%|█▋        | 17/100 [01:31<08:24,  6.08s/it, -ELBO=1.5160, Potential Metric=0.0780, Entropy Metric=0.0448]

Epoch 17:  72%|███████▏  | 23/32 [00:04<00:01,  4.67it/s][A
Training Epochs:  17%|█▋        | 17/100 [01:31<08:24,  6.08s/it, -ELBO=1.5418, Potential Metric=0.0718, Entropy Metric=0.0457]

Epoch 17:  75%|███████▌  | 24/32 [00:04<00:01,  4.65it/s][A
Training Epochs:  17%|█▋        | 17/100 [01:32<08:24,  6.08s/it, -ELBO=1.7915, Potential Metric=0.0785, Entropy Metric=0.0466]

Epoch 17:  78%|███████▊  | 25/32 [00:05<00:01,  4.70it/s][A
Training Epochs:  17%|█▋        | 17/100 [01:32<08:24,  6.08s/it, -ELBO=1.5888, Potential Metric=0.0786, Entropy Metric=0.0483]

Epoch 17:  81%|████████▏ | 26/32 [00:05<00:01,  4.64it/s][A
Training Epochs:  17%|█▋        | 17/100 [01:32<08:24,  6.08s/it, -ELBO=1.6426, Potential Metric=0.0700, Entropy Metric=0.0508]

Epoch 17:  84%|████████▍ | 27/32 [00:05<00:01,  4.83it/s][A
Training Epochs:  17%|█▋        | 17/100 [01:32<08:24,  6.08s/it, -ELBO=1.5238, Potential Metric=0.0829, Entropy Metric=0.0493]

Epoch 17:  88%|████████▊ | 28/32 [00:05<00:00,  4.88it/s][A
Training Epochs:  17%|█▋        | 17/100 [01:32<08:24,  6.08s/it, -ELBO=1.6730, Potential Metric=0.0815, Entropy Metric=0.0468]

Epoch 17:  91%|█████████ | 29/32 [00:05<00:00,  5.15it/s][A
Training Epochs:  17%|█▋        | 17/100 [01:33<08:24,  6.08s/it, -ELBO=1.6468, Potential Metric=0.0737, Entropy Metric=0.0445]

Epoch 17:  94%|█████████▍| 30/32 [00:06<00:00,  5.02it/s][A
Training Epochs:  17%|█▋        | 17/100 [01:33<08:24,  6.08s/it, -ELBO=1.8054, Potential Metric=0.0728, Entropy Metric=0.0444]

Epoch 17:  97%|█████████▋| 31/32 [00:06<00:00,  4.87it/s][A
Training Epochs:  17%|█▋        | 17/100 [01:33<08:24,  6.08s/it, -ELBO=1.7509, Potential Metric=0.0737, Entropy Metric=0.0425]

Epoch 17: 100%|██████████| 32/32 [00:06<00:00,  4.66it/s][A

                                                         [A
Training Epochs:  18%|█▊        | 18/100 [01:33<08:37,  6.31s/it, -ELBO=1.7509, Potential Metric=0.0737, Entropy Metric=0.0425]

Epoch 18:   0%|          | 0/32 [00:00<?, ?it/s][A
Training Epochs:  18%|█▊        | 18/100 [01:33<08:37,  6.31s/it, -ELBO=1.6036, Potential Metric=0.0793, Entropy Metric=0.0432]

Epoch 18:   3%|▎         | 1/32 [00:00<00:08,  3.79it/s][A
Training Epochs:  18%|█▊        | 18/100 [01:34<08:37,  6.31s/it, -ELBO=1.8980, Potential Metric=0.0825, Entropy Metric=0.0414]

Epoch 18:   6%|▋         | 2/32 [00:00<00:06,  4.45it/s][A
Training Epochs:  18%|█▊        | 18/100 [01:34<08:37,  6.31s/it, -ELBO=1.5346, Potential Metric=0.0761, Entropy Metric=0.0433]

Epoch 18:   9%|▉         | 3/32 [00:00<00:06,  4.73it/s][A
Training Epochs:  18%|█▊        | 18/100 [01:34<08:37,  6.31s/it, -ELBO=1.6707, Potential Metric=0.0704, Entropy Metric=0.0436]

Epoch 18:  12%|█▎        | 4/32 [00:00<00:05,  5.05it/s][A
Training Epochs:  18%|█▊        | 18/100 [01:34<08:37,  6.31s/it, -ELBO=1.6416, Potential Metric=0.0824, Entropy Metric=0.0485]

Epoch 18:  16%|█▌        | 5/32 [00:01<00:05,  5.25it/s][A
Training Epochs:  18%|█▊        | 18/100 [01:34<08:37,  6.31s/it, -ELBO=1.6687, Potential Metric=0.0723, Entropy Metric=0.0494]

Epoch 18:  19%|█▉        | 6/32 [00:01<00:04,  5.25it/s][A
Training Epochs:  18%|█▊        | 18/100 [01:35<08:37,  6.31s/it, -ELBO=1.6084, Potential Metric=0.0807, Entropy Metric=0.0477]

Epoch 18:  22%|██▏       | 7/32 [00:01<00:04,  5.25it/s][A
Training Epochs:  18%|█▊        | 18/100 [01:35<08:37,  6.31s/it, -ELBO=1.7223, Potential Metric=0.0838, Entropy Metric=0.0474]

Epoch 18:  25%|██▌       | 8/32 [00:01<00:04,  5.21it/s][A
Training Epochs:  18%|█▊        | 18/100 [01:35<08:37,  6.31s/it, -ELBO=1.6374, Potential Metric=0.0765, Entropy Metric=0.0478]

Epoch 18:  28%|██▊       | 9/32 [00:01<00:04,  5.35it/s][A
Training Epochs:  18%|█▊        | 18/100 [01:35<08:37,  6.31s/it, -ELBO=1.7521, Potential Metric=0.0743, Entropy Metric=0.0433]

Epoch 18:  31%|███▏      | 10/32 [00:01<00:04,  5.36it/s][A
Training Epochs:  18%|█▊        | 18/100 [01:35<08:37,  6.31s/it, -ELBO=1.6548, Potential Metric=0.0743, Entropy Metric=0.0427]

Epoch 18:  34%|███▍      | 11/32 [00:02<00:03,  5.33it/s][A
Training Epochs:  18%|█▊        | 18/100 [01:36<08:37,  6.31s/it, -ELBO=1.5249, Potential Metric=0.0785, Entropy Metric=0.0412]

Epoch 18:  38%|███▊      | 12/32 [00:02<00:03,  5.24it/s][A
Training Epochs:  18%|█▊        | 18/100 [01:36<08:37,  6.31s/it, -ELBO=1.6304, Potential Metric=0.0732, Entropy Metric=0.0462]

Epoch 18:  41%|████      | 13/32 [00:02<00:03,  5.12it/s][A
Training Epochs:  18%|█▊        | 18/100 [01:36<08:37,  6.31s/it, -ELBO=1.6948, Potential Metric=0.0713, Entropy Metric=0.0426]

Epoch 18:  44%|████▍     | 14/32 [00:02<00:03,  5.06it/s][A
Training Epochs:  18%|█▊        | 18/100 [01:36<08:37,  6.31s/it, -ELBO=1.6575, Potential Metric=0.0705, Entropy Metric=0.0457]

Epoch 18:  47%|████▋     | 15/32 [00:02<00:03,  5.04it/s][A
Training Epochs:  18%|█▊        | 18/100 [01:36<08:37,  6.31s/it, -ELBO=1.5730, Potential Metric=0.0742, Entropy Metric=0.0405]

Epoch 18:  50%|█████     | 16/32 [00:03<00:03,  4.84it/s][A
Training Epochs:  18%|█▊        | 18/100 [01:37<08:37,  6.31s/it, -ELBO=1.5574, Potential Metric=0.0672, Entropy Metric=0.0448]

Epoch 18:  53%|█████▎    | 17/32 [00:03<00:03,  4.90it/s][A
Training Epochs:  18%|█▊        | 18/100 [01:37<08:37,  6.31s/it, -ELBO=1.5962, Potential Metric=0.0700, Entropy Metric=0.0448]

Epoch 18:  56%|█████▋    | 18/32 [00:03<00:02,  4.79it/s][A
Training Epochs:  18%|█▊        | 18/100 [01:37<08:37,  6.31s/it, -ELBO=1.6385, Potential Metric=0.0793, Entropy Metric=0.0461]

Epoch 18:  59%|█████▉    | 19/32 [00:03<00:02,  4.97it/s][A
Training Epochs:  18%|█▊        | 18/100 [01:37<08:37,  6.31s/it, -ELBO=1.6934, Potential Metric=0.0692, Entropy Metric=0.0410]

Epoch 18:  62%|██████▎   | 20/32 [00:03<00:02,  5.05it/s][A
Training Epochs:  18%|█▊        | 18/100 [01:37<08:37,  6.31s/it, -ELBO=1.4374, Potential Metric=0.0743, Entropy Metric=0.0482]

Epoch 18:  66%|██████▌   | 21/32 [00:04<00:02,  5.09it/s][A
Training Epochs:  18%|█▊        | 18/100 [01:38<08:37,  6.31s/it, -ELBO=1.5307, Potential Metric=0.0758, Entropy Metric=0.0469]

Epoch 18:  69%|██████▉   | 22/32 [00:04<00:01,  5.28it/s][A
Training Epochs:  18%|█▊        | 18/100 [01:38<08:37,  6.31s/it, -ELBO=1.3556, Potential Metric=0.0757, Entropy Metric=0.0478]

Epoch 18:  72%|███████▏  | 23/32 [00:04<00:01,  5.31it/s][A
Training Epochs:  18%|█▊        | 18/100 [01:38<08:37,  6.31s/it, -ELBO=1.6828, Potential Metric=0.0834, Entropy Metric=0.0460]

Epoch 18:  75%|███████▌  | 24/32 [00:04<00:01,  5.38it/s][A
Training Epochs:  18%|█▊        | 18/100 [01:38<08:37,  6.31s/it, -ELBO=1.7048, Potential Metric=0.0822, Entropy Metric=0.0435]

Epoch 18:  78%|███████▊  | 25/32 [00:04<00:01,  5.33it/s][A
Training Epochs:  18%|█▊        | 18/100 [01:38<08:37,  6.31s/it, -ELBO=1.6159, Potential Metric=0.0730, Entropy Metric=0.0494]

Epoch 18:  81%|████████▏ | 26/32 [00:05<00:01,  5.42it/s][A
Training Epochs:  18%|█▊        | 18/100 [01:38<08:37,  6.31s/it, -ELBO=1.6990, Potential Metric=0.0791, Entropy Metric=0.0466]

Epoch 18:  84%|████████▍ | 27/32 [00:05<00:00,  5.44it/s][A
Training Epochs:  18%|█▊        | 18/100 [01:39<08:37,  6.31s/it, -ELBO=1.5594, Potential Metric=0.0829, Entropy Metric=0.0485]

Epoch 18:  88%|████████▊ | 28/32 [00:05<00:00,  5.30it/s][A
Training Epochs:  18%|█▊        | 18/100 [01:39<08:37,  6.31s/it, -ELBO=1.6651, Potential Metric=0.0854, Entropy Metric=0.0515]

Epoch 18:  91%|█████████ | 29/32 [00:05<00:00,  5.11it/s][A
Training Epochs:  18%|█▊        | 18/100 [01:39<08:37,  6.31s/it, -ELBO=1.5161, Potential Metric=0.0730, Entropy Metric=0.0482]

Epoch 18:  94%|█████████▍| 30/32 [00:05<00:00,  5.06it/s][A
Training Epochs:  18%|█▊        | 18/100 [01:39<08:37,  6.31s/it, -ELBO=1.5157, Potential Metric=0.0865, Entropy Metric=0.0507]

Epoch 18:  97%|█████████▋| 31/32 [00:06<00:00,  5.13it/s][A
Training Epochs:  18%|█▊        | 18/100 [01:39<08:37,  6.31s/it, -ELBO=1.6651, Potential Metric=0.0747, Entropy Metric=0.0422]

Epoch 18: 100%|██████████| 32/32 [00:06<00:00,  5.13it/s][A

                                                         [A
Training Epochs:  19%|█▉        | 19/100 [01:39<08:34,  6.35s/it, -ELBO=1.6651, Potential Metric=0.0747, Entropy Metric=0.0422]

Epoch 19:   0%|          | 0/32 [00:00<?, ?it/s][A
Training Epochs:  19%|█▉        | 19/100 [01:40<08:34,  6.35s/it, -ELBO=1.6287, Potential Metric=0.0822, Entropy Metric=0.0461]

Epoch 19:   3%|▎         | 1/32 [00:00<00:07,  4.21it/s][A
Training Epochs:  19%|█▉        | 19/100 [01:40<08:34,  6.35s/it, -ELBO=1.6539, Potential Metric=0.0749, Entropy Metric=0.0421]

Epoch 19:   6%|▋         | 2/32 [00:00<00:06,  4.91it/s][A
Training Epochs:  19%|█▉        | 19/100 [01:40<08:34,  6.35s/it, -ELBO=1.5286, Potential Metric=0.0776, Entropy Metric=0.0429]

Epoch 19:   9%|▉         | 3/32 [00:00<00:05,  5.19it/s][A
Training Epochs:  19%|█▉        | 19/100 [01:40<08:34,  6.35s/it, -ELBO=1.8400, Potential Metric=0.0735, Entropy Metric=0.0403]

Epoch 19:  12%|█▎        | 4/32 [00:00<00:05,  5.17it/s][A
Training Epochs:  19%|█▉        | 19/100 [01:41<08:34,  6.35s/it, -ELBO=1.6988, Potential Metric=0.0789, Entropy Metric=0.0422]

Epoch 19:  16%|█▌        | 5/32 [00:00<00:05,  5.18it/s][A
Training Epochs:  19%|█▉        | 19/100 [01:41<08:34,  6.35s/it, -ELBO=1.7453, Potential Metric=0.0819, Entropy Metric=0.0444]

Epoch 19:  19%|█▉        | 6/32 [00:01<00:04,  5.25it/s][A
Training Epochs:  19%|█▉        | 19/100 [01:41<08:34,  6.35s/it, -ELBO=1.8423, Potential Metric=0.0843, Entropy Metric=0.0440]

Epoch 19:  22%|██▏       | 7/32 [00:01<00:04,  5.15it/s][A
Training Epochs:  19%|█▉        | 19/100 [01:41<08:34,  6.35s/it, -ELBO=1.5675, Potential Metric=0.0852, Entropy Metric=0.0493]

Epoch 19:  25%|██▌       | 8/32 [00:01<00:04,  5.22it/s][A
Training Epochs:  19%|█▉        | 19/100 [01:41<08:34,  6.35s/it, -ELBO=1.5096, Potential Metric=0.0861, Entropy Metric=0.0458]

Epoch 19:  28%|██▊       | 9/32 [00:01<00:04,  5.22it/s][A
Training Epochs:  19%|█▉        | 19/100 [01:42<08:34,  6.35s/it, -ELBO=1.4948, Potential Metric=0.0820, Entropy Metric=0.0462]

Epoch 19:  31%|███▏      | 10/32 [00:01<00:04,  5.03it/s][A
Training Epochs:  19%|█▉        | 19/100 [01:42<08:34,  6.35s/it, -ELBO=1.6015, Potential Metric=0.0776, Entropy Metric=0.0421]

Epoch 19:  34%|███▍      | 11/32 [00:02<00:04,  4.92it/s][A
Training Epochs:  19%|█▉        | 19/100 [01:42<08:34,  6.35s/it, -ELBO=1.5269, Potential Metric=0.0755, Entropy Metric=0.0468]

Epoch 19:  38%|███▊      | 12/32 [00:02<00:03,  5.09it/s][A
Training Epochs:  19%|█▉        | 19/100 [01:42<08:34,  6.35s/it, -ELBO=1.4477, Potential Metric=0.0880, Entropy Metric=0.0420]

Epoch 19:  41%|████      | 13/32 [00:02<00:03,  5.16it/s][A
Training Epochs:  19%|█▉        | 19/100 [01:42<08:34,  6.35s/it, -ELBO=1.3174, Potential Metric=0.0923, Entropy Metric=0.0478]

Epoch 19:  44%|████▍     | 14/32 [00:02<00:03,  5.24it/s][A
Training Epochs:  19%|█▉        | 19/100 [01:43<08:34,  6.35s/it, -ELBO=1.5914, Potential Metric=0.0826, Entropy Metric=0.0433]

Epoch 19:  47%|████▋     | 15/32 [00:02<00:03,  5.27it/s][A
Training Epochs:  19%|█▉        | 19/100 [01:43<08:34,  6.35s/it, -ELBO=1.4719, Potential Metric=0.0828, Entropy Metric=0.0460]

Epoch 19:  50%|█████     | 16/32 [00:03<00:03,  5.27it/s][A
Training Epochs:  19%|█▉        | 19/100 [01:43<08:34,  6.35s/it, -ELBO=1.4002, Potential Metric=0.0798, Entropy Metric=0.0471]

Epoch 19:  53%|█████▎    | 17/32 [00:03<00:02,  5.23it/s][A
Training Epochs:  19%|█▉        | 19/100 [01:43<08:34,  6.35s/it, -ELBO=1.5599, Potential Metric=0.0809, Entropy Metric=0.0459]

Epoch 19:  56%|█████▋    | 18/32 [00:03<00:02,  5.03it/s][A
Training Epochs:  19%|█▉        | 19/100 [01:43<08:34,  6.35s/it, -ELBO=1.4064, Potential Metric=0.0754, Entropy Metric=0.0442]

Epoch 19:  59%|█████▉    | 19/32 [00:03<00:02,  4.88it/s][A
Training Epochs:  19%|█▉        | 19/100 [01:44<08:34,  6.35s/it, -ELBO=1.6486, Potential Metric=0.0850, Entropy Metric=0.0411]

Epoch 19:  62%|██████▎   | 20/32 [00:03<00:02,  4.91it/s][A
Training Epochs:  19%|█▉        | 19/100 [01:44<08:34,  6.35s/it, -ELBO=1.5211, Potential Metric=0.0831, Entropy Metric=0.0392]

Epoch 19:  66%|██████▌   | 21/32 [00:04<00:02,  4.93it/s][A
Training Epochs:  19%|█▉        | 19/100 [01:44<08:34,  6.35s/it, -ELBO=1.5207, Potential Metric=0.0769, Entropy Metric=0.0433]

Epoch 19:  69%|██████▉   | 22/32 [00:04<00:02,  4.99it/s][A
Training Epochs:  19%|█▉        | 19/100 [01:44<08:34,  6.35s/it, -ELBO=1.6462, Potential Metric=0.0777, Entropy Metric=0.0456]

Epoch 19:  72%|███████▏  | 23/32 [00:04<00:01,  4.93it/s][A
Training Epochs:  19%|█▉        | 19/100 [01:44<08:34,  6.35s/it, -ELBO=1.6192, Potential Metric=0.0853, Entropy Metric=0.0421]

Epoch 19:  75%|███████▌  | 24/32 [00:04<00:01,  4.82it/s][A
Training Epochs:  19%|█▉        | 19/100 [01:45<08:34,  6.35s/it, -ELBO=1.3881, Potential Metric=0.0866, Entropy Metric=0.0478]

Epoch 19:  78%|███████▊  | 25/32 [00:04<00:01,  4.75it/s][A
Training Epochs:  19%|█▉        | 19/100 [01:45<08:34,  6.35s/it, -ELBO=1.6939, Potential Metric=0.0829, Entropy Metric=0.0460]

Epoch 19:  81%|████████▏ | 26/32 [00:05<00:01,  4.80it/s][A
Training Epochs:  19%|█▉        | 19/100 [01:45<08:34,  6.35s/it, -ELBO=1.5851, Potential Metric=0.0816, Entropy Metric=0.0468]

Epoch 19:  84%|████████▍ | 27/32 [00:05<00:01,  4.84it/s][A
Training Epochs:  19%|█▉        | 19/100 [01:45<08:34,  6.35s/it, -ELBO=1.7456, Potential Metric=0.0769, Entropy Metric=0.0396]

Epoch 19:  88%|████████▊ | 28/32 [00:05<00:00,  4.88it/s][A
Training Epochs:  19%|█▉        | 19/100 [01:45<08:34,  6.35s/it, -ELBO=1.5073, Potential Metric=0.0756, Entropy Metric=0.0450]

Epoch 19:  91%|█████████ | 29/32 [00:05<00:00,  4.94it/s][A
Training Epochs:  19%|█▉        | 19/100 [01:46<08:34,  6.35s/it, -ELBO=1.5620, Potential Metric=0.0749, Entropy Metric=0.0443]

Epoch 19:  94%|█████████▍| 30/32 [00:06<00:00,  4.69it/s][A
Training Epochs:  19%|█▉        | 19/100 [01:46<08:34,  6.35s/it, -ELBO=1.6351, Potential Metric=0.0786, Entropy Metric=0.0480]

Epoch 19:  97%|█████████▋| 31/32 [00:06<00:00,  4.56it/s][A
Training Epochs:  19%|█▉        | 19/100 [01:46<08:34,  6.35s/it, -ELBO=1.3745, Potential Metric=0.0814, Entropy Metric=0.0455]

Epoch 19: 100%|██████████| 32/32 [00:06<00:00,  4.51it/s][A

                                                         [A
Training Epochs:  20%|██        | 20/100 [01:46<08:35,  6.44s/it, -ELBO=1.3745, Potential Metric=0.0814, Entropy Metric=0.0455]

Epoch 20:   0%|          | 0/32 [00:00<?, ?it/s][A
Training Epochs:  20%|██        | 20/100 [01:47<08:35,  6.44s/it, -ELBO=1.4555, Potential Metric=0.0812, Entropy Metric=0.0415]

Epoch 20:   3%|▎         | 1/32 [00:00<00:07,  4.22it/s][A
Training Epochs:  20%|██        | 20/100 [01:47<08:35,  6.44s/it, -ELBO=1.5116, Potential Metric=0.0818, Entropy Metric=0.0449]

Epoch 20:   6%|▋         | 2/32 [00:00<00:06,  4.46it/s][A
Training Epochs:  20%|██        | 20/100 [01:47<08:35,  6.44s/it, -ELBO=1.3571, Potential Metric=0.0855, Entropy Metric=0.0496]

Epoch 20:   9%|▉         | 3/32 [00:00<00:06,  4.56it/s][A
Training Epochs:  20%|██        | 20/100 [01:47<08:35,  6.44s/it, -ELBO=1.4130, Potential Metric=0.0874, Entropy Metric=0.0456]

Epoch 20:  12%|█▎        | 4/32 [00:00<00:06,  4.46it/s][A
Training Epochs:  20%|██        | 20/100 [01:47<08:35,  6.44s/it, -ELBO=1.5805, Potential Metric=0.0796, Entropy Metric=0.0433]

Epoch 20:  16%|█▌        | 5/32 [00:01<00:06,  4.43it/s][A
Training Epochs:  20%|██        | 20/100 [01:48<08:35,  6.44s/it, -ELBO=1.5091, Potential Metric=0.0771, Entropy Metric=0.0440]

Epoch 20:  19%|█▉        | 6/32 [00:01<00:05,  4.59it/s][A
Training Epochs:  20%|██        | 20/100 [01:48<08:35,  6.44s/it, -ELBO=1.4902, Potential Metric=0.0799, Entropy Metric=0.0432]

Epoch 20:  22%|██▏       | 7/32 [00:01<00:05,  4.56it/s][A
Training Epochs:  20%|██        | 20/100 [01:48<08:35,  6.44s/it, -ELBO=1.5341, Potential Metric=0.0815, Entropy Metric=0.0432]

Epoch 20:  25%|██▌       | 8/32 [00:01<00:05,  4.63it/s][A
Training Epochs:  20%|██        | 20/100 [01:48<08:35,  6.44s/it, -ELBO=1.4556, Potential Metric=0.0916, Entropy Metric=0.0423]

Epoch 20:  28%|██▊       | 9/32 [00:01<00:04,  4.85it/s][A
Training Epochs:  20%|██        | 20/100 [01:48<08:35,  6.44s/it, -ELBO=1.6787, Potential Metric=0.0777, Entropy Metric=0.0409]

Epoch 20:  31%|███▏      | 10/32 [00:02<00:04,  5.05it/s][A
Training Epochs:  20%|██        | 20/100 [01:49<08:35,  6.44s/it, -ELBO=1.5182, Potential Metric=0.0815, Entropy Metric=0.0443]

Epoch 20:  34%|███▍      | 11/32 [00:02<00:04,  5.21it/s][A
Training Epochs:  20%|██        | 20/100 [01:49<08:35,  6.44s/it, -ELBO=1.6002, Potential Metric=0.0973, Entropy Metric=0.0402]

Epoch 20:  38%|███▊      | 12/32 [00:02<00:04,  4.99it/s][A
Training Epochs:  20%|██        | 20/100 [01:49<08:35,  6.44s/it, -ELBO=1.4432, Potential Metric=0.0716, Entropy Metric=0.0438]

Epoch 20:  41%|████      | 13/32 [00:02<00:03,  5.02it/s][A
Training Epochs:  20%|██        | 20/100 [01:49<08:35,  6.44s/it, -ELBO=1.6724, Potential Metric=0.0831, Entropy Metric=0.0419]

Epoch 20:  44%|████▍     | 14/32 [00:02<00:03,  4.91it/s][A
Training Epochs:  20%|██        | 20/100 [01:49<08:35,  6.44s/it, -ELBO=1.7121, Potential Metric=0.0869, Entropy Metric=0.0423]

Epoch 20:  47%|████▋     | 15/32 [00:03<00:03,  4.99it/s][A
Training Epochs:  20%|██        | 20/100 [01:50<08:35,  6.44s/it, -ELBO=1.5447, Potential Metric=0.0829, Entropy Metric=0.0477]

Epoch 20:  50%|█████     | 16/32 [00:03<00:03,  5.08it/s][A
Training Epochs:  20%|██        | 20/100 [01:50<08:35,  6.44s/it, -ELBO=1.5047, Potential Metric=0.0695, Entropy Metric=0.0469]

Epoch 20:  53%|█████▎    | 17/32 [00:03<00:03,  4.81it/s][A
Training Epochs:  20%|██        | 20/100 [01:50<08:35,  6.44s/it, -ELBO=1.4914, Potential Metric=0.0714, Entropy Metric=0.0465]

Epoch 20:  56%|█████▋    | 18/32 [00:03<00:03,  4.66it/s][A
Training Epochs:  20%|██        | 20/100 [01:50<08:35,  6.44s/it, -ELBO=1.5449, Potential Metric=0.0797, Entropy Metric=0.0434]

Epoch 20:  59%|█████▉    | 19/32 [00:04<00:02,  4.59it/s][A
Training Epochs:  20%|██        | 20/100 [01:51<08:35,  6.44s/it, -ELBO=1.6088, Potential Metric=0.0713, Entropy Metric=0.0434]

Epoch 20:  62%|██████▎   | 20/32 [00:04<00:02,  4.66it/s][A
Training Epochs:  20%|██        | 20/100 [01:51<08:35,  6.44s/it, -ELBO=1.3245, Potential Metric=0.0813, Entropy Metric=0.0471]

Epoch 20:  66%|██████▌   | 21/32 [00:04<00:02,  4.69it/s][A
Training Epochs:  20%|██        | 20/100 [01:51<08:35,  6.44s/it, -ELBO=1.6124, Potential Metric=0.0755, Entropy Metric=0.0418]

Epoch 20:  69%|██████▉   | 22/32 [00:04<00:02,  4.51it/s][A
Training Epochs:  20%|██        | 20/100 [01:51<08:35,  6.44s/it, -ELBO=1.4786, Potential Metric=0.0857, Entropy Metric=0.0454]

Epoch 20:  72%|███████▏  | 23/32 [00:04<00:02,  4.47it/s][A
Training Epochs:  20%|██        | 20/100 [01:51<08:35,  6.44s/it, -ELBO=1.5342, Potential Metric=0.0802, Entropy Metric=0.0409]

Epoch 20:  75%|███████▌  | 24/32 [00:05<00:01,  4.52it/s][A
Training Epochs:  20%|██        | 20/100 [01:52<08:35,  6.44s/it, -ELBO=1.4622, Potential Metric=0.0862, Entropy Metric=0.0460]

Epoch 20:  78%|███████▊  | 25/32 [00:05<00:01,  4.51it/s][A
Training Epochs:  20%|██        | 20/100 [01:52<08:35,  6.44s/it, -ELBO=1.6187, Potential Metric=0.0805, Entropy Metric=0.0454]

Epoch 20:  81%|████████▏ | 26/32 [00:05<00:01,  4.41it/s][A
Training Epochs:  20%|██        | 20/100 [01:52<08:35,  6.44s/it, -ELBO=1.5168, Potential Metric=0.0798, Entropy Metric=0.0460]

Epoch 20:  84%|████████▍ | 27/32 [00:05<00:01,  4.30it/s][A
Training Epochs:  20%|██        | 20/100 [01:53<08:35,  6.44s/it, -ELBO=1.5823, Potential Metric=0.0801, Entropy Metric=0.0474]

Epoch 20:  88%|████████▊ | 28/32 [00:06<00:01,  3.59it/s][A
Training Epochs:  20%|██        | 20/100 [01:53<08:35,  6.44s/it, -ELBO=1.3909, Potential Metric=0.0825, Entropy Metric=0.0481]

Epoch 20:  91%|█████████ | 29/32 [00:06<00:00,  3.78it/s][A
Training Epochs:  20%|██        | 20/100 [01:53<08:35,  6.44s/it, -ELBO=1.5502, Potential Metric=0.0882, Entropy Metric=0.0517]

Epoch 20:  94%|█████████▍| 30/32 [00:06<00:00,  3.94it/s][A
Training Epochs:  20%|██        | 20/100 [01:53<08:35,  6.44s/it, -ELBO=1.4235, Potential Metric=0.0755, Entropy Metric=0.0504]

Epoch 20:  97%|█████████▋| 31/32 [00:06<00:00,  4.14it/s][A
Training Epochs:  20%|██        | 20/100 [01:53<08:35,  6.44s/it, -ELBO=1.4236, Potential Metric=0.0827, Entropy Metric=0.0474]

Epoch 20: 100%|██████████| 32/32 [00:07<00:00,  4.36it/s][A

                                                         [A
Training Epochs:  21%|██        | 21/100 [01:53<08:48,  6.69s/it, -ELBO=1.4236, Potential Metric=0.0827, Entropy Metric=0.0474]

Epoch 21:   0%|          | 0/32 [00:00<?, ?it/s][A
Training Epochs:  21%|██        | 21/100 [01:54<08:48,  6.69s/it, -ELBO=1.4959, Potential Metric=0.0861, Entropy Metric=0.0472]

Epoch 21:   3%|▎         | 1/32 [00:00<00:08,  3.86it/s][A
Training Epochs:  21%|██        | 21/100 [01:54<08:48,  6.69s/it, -ELBO=1.4915, Potential Metric=0.0830, Entropy Metric=0.0503]

Epoch 21:   6%|▋         | 2/32 [00:00<00:06,  4.45it/s][A
Training Epochs:  21%|██        | 21/100 [01:54<08:48,  6.69s/it, -ELBO=1.6064, Potential Metric=0.0949, Entropy Metric=0.0441]

Epoch 21:   9%|▉         | 3/32 [00:00<00:06,  4.47it/s][A
Training Epochs:  21%|██        | 21/100 [01:54<08:48,  6.69s/it, -ELBO=1.4319, Potential Metric=0.0804, Entropy Metric=0.0444]

Epoch 21:  12%|█▎        | 4/32 [00:00<00:06,  4.38it/s][A
Training Epochs:  21%|██        | 21/100 [01:55<08:48,  6.69s/it, -ELBO=1.4632, Potential Metric=0.0772, Entropy Metric=0.0441]

Epoch 21:  16%|█▌        | 5/32 [00:01<00:05,  4.54it/s][A
Training Epochs:  21%|██        | 21/100 [01:55<08:48,  6.69s/it, -ELBO=1.3938, Potential Metric=0.0875, Entropy Metric=0.0470]

Epoch 21:  19%|█▉        | 6/32 [00:01<00:05,  4.75it/s][A
Training Epochs:  21%|██        | 21/100 [01:55<08:48,  6.69s/it, -ELBO=1.5118, Potential Metric=0.0930, Entropy Metric=0.0444]

Epoch 21:  22%|██▏       | 7/32 [00:01<00:05,  4.80it/s][A
Training Epochs:  21%|██        | 21/100 [01:55<08:48,  6.69s/it, -ELBO=1.4137, Potential Metric=0.0739, Entropy Metric=0.0433]

Epoch 21:  25%|██▌       | 8/32 [00:01<00:05,  4.61it/s][A
Training Epochs:  21%|██        | 21/100 [01:56<08:48,  6.69s/it, -ELBO=1.5469, Potential Metric=0.0743, Entropy Metric=0.0422]

Epoch 21:  28%|██▊       | 9/32 [00:01<00:04,  4.66it/s][A
Training Epochs:  21%|██        | 21/100 [01:56<08:48,  6.69s/it, -ELBO=1.5691, Potential Metric=0.0803, Entropy Metric=0.0468]

Epoch 21:  31%|███▏      | 10/32 [00:02<00:04,  4.51it/s][A
Training Epochs:  21%|██        | 21/100 [01:56<08:48,  6.69s/it, -ELBO=1.4254, Potential Metric=0.0795, Entropy Metric=0.0467]

Epoch 21:  34%|███▍      | 11/32 [00:02<00:04,  4.60it/s][A
Training Epochs:  21%|██        | 21/100 [01:56<08:48,  6.69s/it, -ELBO=1.5466, Potential Metric=0.0804, Entropy Metric=0.0450]

Epoch 21:  38%|███▊      | 12/32 [00:02<00:04,  4.76it/s][A
Training Epochs:  21%|██        | 21/100 [01:56<08:48,  6.69s/it, -ELBO=1.3440, Potential Metric=0.0712, Entropy Metric=0.0442]

Epoch 21:  41%|████      | 13/32 [00:02<00:04,  4.74it/s][A
Training Epochs:  21%|██        | 21/100 [01:57<08:48,  6.69s/it, -ELBO=1.5910, Potential Metric=0.0772, Entropy Metric=0.0419]

Epoch 21:  44%|████▍     | 14/32 [00:03<00:03,  4.71it/s][A
Training Epochs:  21%|██        | 21/100 [01:57<08:48,  6.69s/it, -ELBO=1.3570, Potential Metric=0.0790, Entropy Metric=0.0440]

Epoch 21:  47%|████▋     | 15/32 [00:03<00:03,  4.88it/s][A
Training Epochs:  21%|██        | 21/100 [01:57<08:48,  6.69s/it, -ELBO=1.4888, Potential Metric=0.0838, Entropy Metric=0.0465]

Epoch 21:  50%|█████     | 16/32 [00:03<00:03,  4.92it/s][A
Training Epochs:  21%|██        | 21/100 [01:57<08:48,  6.69s/it, -ELBO=1.5770, Potential Metric=0.0745, Entropy Metric=0.0416]

Epoch 21:  53%|█████▎    | 17/32 [00:03<00:03,  4.78it/s][A
Training Epochs:  21%|██        | 21/100 [01:57<08:48,  6.69s/it, -ELBO=1.4030, Potential Metric=0.0828, Entropy Metric=0.0417]

Epoch 21:  56%|█████▋    | 18/32 [00:03<00:02,  5.02it/s][A
Training Epochs:  21%|██        | 21/100 [01:58<08:48,  6.69s/it, -ELBO=1.2685, Potential Metric=0.0826, Entropy Metric=0.0425]

Epoch 21:  59%|█████▉    | 19/32 [00:04<00:02,  5.00it/s][A
Training Epochs:  21%|██        | 21/100 [01:58<08:48,  6.69s/it, -ELBO=1.4651, Potential Metric=0.0799, Entropy Metric=0.0422]

Epoch 21:  62%|██████▎   | 20/32 [00:04<00:02,  5.01it/s][A
Training Epochs:  21%|██        | 21/100 [01:58<08:48,  6.69s/it, -ELBO=1.4325, Potential Metric=0.0860, Entropy Metric=0.0440]

Epoch 21:  66%|██████▌   | 21/32 [00:04<00:02,  4.67it/s][A
Training Epochs:  21%|██        | 21/100 [01:58<08:48,  6.69s/it, -ELBO=1.3776, Potential Metric=0.0775, Entropy Metric=0.0413]

Epoch 21:  69%|██████▉   | 22/32 [00:04<00:02,  4.82it/s][A
Training Epochs:  21%|██        | 21/100 [01:58<08:48,  6.69s/it, -ELBO=1.3470, Potential Metric=0.0811, Entropy Metric=0.0452]

Epoch 21:  72%|███████▏  | 23/32 [00:04<00:01,  4.68it/s][A
Training Epochs:  21%|██        | 21/100 [01:59<08:48,  6.69s/it, -ELBO=1.7143, Potential Metric=0.0772, Entropy Metric=0.0383]

Epoch 21:  75%|███████▌  | 24/32 [00:05<00:01,  4.77it/s][A
Training Epochs:  21%|██        | 21/100 [01:59<08:48,  6.69s/it, -ELBO=1.3121, Potential Metric=0.0747, Entropy Metric=0.0454]

Epoch 21:  78%|███████▊  | 25/32 [00:05<00:01,  4.83it/s][A
Training Epochs:  21%|██        | 21/100 [01:59<08:48,  6.69s/it, -ELBO=1.5280, Potential Metric=0.0705, Entropy Metric=0.0413]

Epoch 21:  81%|████████▏ | 26/32 [00:05<00:01,  4.96it/s][A
Training Epochs:  21%|██        | 21/100 [01:59<08:48,  6.69s/it, -ELBO=1.4348, Potential Metric=0.0813, Entropy Metric=0.0438]

Epoch 21:  84%|████████▍ | 27/32 [00:05<00:00,  5.04it/s][A
Training Epochs:  21%|██        | 21/100 [01:59<08:48,  6.69s/it, -ELBO=1.4404, Potential Metric=0.0905, Entropy Metric=0.0415]

Epoch 21:  88%|████████▊ | 28/32 [00:05<00:00,  5.12it/s][A
Training Epochs:  21%|██        | 21/100 [02:00<08:48,  6.69s/it, -ELBO=1.4501, Potential Metric=0.0877, Entropy Metric=0.0463]

Epoch 21:  91%|█████████ | 29/32 [00:06<00:00,  5.19it/s][A
Training Epochs:  21%|██        | 21/100 [02:00<08:48,  6.69s/it, -ELBO=1.5716, Potential Metric=0.0960, Entropy Metric=0.0467]

Epoch 21:  94%|█████████▍| 30/32 [00:06<00:00,  5.11it/s][A
Training Epochs:  21%|██        | 21/100 [02:00<08:48,  6.69s/it, -ELBO=1.4336, Potential Metric=0.0865, Entropy Metric=0.0464]

Epoch 21:  97%|█████████▋| 31/32 [00:06<00:00,  5.08it/s][A
Training Epochs:  21%|██        | 21/100 [02:00<08:48,  6.69s/it, -ELBO=1.3943, Potential Metric=0.0854, Entropy Metric=0.0443]

Epoch 21: 100%|██████████| 32/32 [00:06<00:00,  4.91it/s][A

                                                         [A
Training Epochs:  22%|██▏       | 22/100 [02:00<08:45,  6.73s/it, -ELBO=1.3943, Potential Metric=0.0854, Entropy Metric=0.0443]

Epoch 22:   0%|          | 0/32 [00:00<?, ?it/s][A
Training Epochs:  22%|██▏       | 22/100 [02:01<08:45,  6.73s/it, -ELBO=1.5361, Potential Metric=0.0850, Entropy Metric=0.0419]

Epoch 22:   3%|▎         | 1/32 [00:00<00:08,  3.77it/s][A
Training Epochs:  22%|██▏       | 22/100 [02:01<08:45,  6.73s/it, -ELBO=1.6212, Potential Metric=0.0814, Entropy Metric=0.0475]

Epoch 22:   6%|▋         | 2/32 [00:00<00:06,  4.40it/s][A
Training Epochs:  22%|██▏       | 22/100 [02:01<08:45,  6.73s/it, -ELBO=1.3301, Potential Metric=0.0886, Entropy Metric=0.0467]

Epoch 22:   9%|▉         | 3/32 [00:00<00:06,  4.55it/s][A
Training Epochs:  22%|██▏       | 22/100 [02:01<08:45,  6.73s/it, -ELBO=1.2775, Potential Metric=0.0778, Entropy Metric=0.0480]

Epoch 22:  12%|█▎        | 4/32 [00:00<00:06,  4.51it/s][A
Training Epochs:  22%|██▏       | 22/100 [02:01<08:45,  6.73s/it, -ELBO=1.3462, Potential Metric=0.0838, Entropy Metric=0.0512]

Epoch 22:  16%|█▌        | 5/32 [00:01<00:05,  4.71it/s][A
Training Epochs:  22%|██▏       | 22/100 [02:02<08:45,  6.73s/it, -ELBO=1.4392, Potential Metric=0.0777, Entropy Metric=0.0482]

Epoch 22:  19%|█▉        | 6/32 [00:01<00:05,  4.77it/s][A
Training Epochs:  22%|██▏       | 22/100 [02:02<08:45,  6.73s/it, -ELBO=1.5320, Potential Metric=0.0844, Entropy Metric=0.0451]

Epoch 22:  22%|██▏       | 7/32 [00:01<00:05,  4.82it/s][A
Training Epochs:  22%|██▏       | 22/100 [02:02<08:45,  6.73s/it, -ELBO=1.3858, Potential Metric=0.0834, Entropy Metric=0.0452]

Epoch 22:  25%|██▌       | 8/32 [00:01<00:04,  4.96it/s][A
Training Epochs:  22%|██▏       | 22/100 [02:02<08:45,  6.73s/it, -ELBO=1.5166, Potential Metric=0.0842, Entropy Metric=0.0443]

Epoch 22:  28%|██▊       | 9/32 [00:01<00:04,  4.78it/s][A
Training Epochs:  22%|██▏       | 22/100 [02:03<08:45,  6.73s/it, -ELBO=1.3563, Potential Metric=0.0756, Entropy Metric=0.0469]

Epoch 22:  31%|███▏      | 10/32 [00:02<00:04,  4.93it/s][A
Training Epochs:  22%|██▏       | 22/100 [02:03<08:45,  6.73s/it, -ELBO=1.3692, Potential Metric=0.0869, Entropy Metric=0.0458]

Epoch 22:  34%|███▍      | 11/32 [00:02<00:04,  5.13it/s][A
Training Epochs:  22%|██▏       | 22/100 [02:03<08:45,  6.73s/it, -ELBO=1.3987, Potential Metric=0.0814, Entropy Metric=0.0421]

Epoch 22:  38%|███▊      | 12/32 [00:02<00:03,  5.01it/s][A
Training Epochs:  22%|██▏       | 22/100 [02:03<08:45,  6.73s/it, -ELBO=1.3224, Potential Metric=0.0946, Entropy Metric=0.0454]

Epoch 22:  41%|████      | 13/32 [00:02<00:03,  5.08it/s][A
Training Epochs:  22%|██▏       | 22/100 [02:03<08:45,  6.73s/it, -ELBO=1.3298, Potential Metric=0.0893, Entropy Metric=0.0462]

Epoch 22:  44%|████▍     | 14/32 [00:02<00:03,  4.94it/s][A
Training Epochs:  22%|██▏       | 22/100 [02:04<08:45,  6.73s/it, -ELBO=1.5314, Potential Metric=0.0798, Entropy Metric=0.0421]

Epoch 22:  47%|████▋     | 15/32 [00:03<00:03,  4.82it/s][A
Training Epochs:  22%|██▏       | 22/100 [02:04<08:45,  6.73s/it, -ELBO=1.5513, Potential Metric=0.0842, Entropy Metric=0.0400]

Epoch 22:  50%|█████     | 16/32 [00:03<00:03,  4.71it/s][A
Training Epochs:  22%|██▏       | 22/100 [02:04<08:45,  6.73s/it, -ELBO=1.2724, Potential Metric=0.0777, Entropy Metric=0.0426]

Epoch 22:  53%|█████▎    | 17/32 [00:03<00:03,  4.63it/s][A
Training Epochs:  22%|██▏       | 22/100 [02:04<08:45,  6.73s/it, -ELBO=1.5280, Potential Metric=0.0920, Entropy Metric=0.0396]

Epoch 22:  56%|█████▋    | 18/32 [00:03<00:03,  4.61it/s][A
Training Epochs:  22%|██▏       | 22/100 [02:04<08:45,  6.73s/it, -ELBO=1.3664, Potential Metric=0.0819, Entropy Metric=0.0453]

Epoch 22:  59%|█████▉    | 19/32 [00:04<00:02,  4.56it/s][A
Training Epochs:  22%|██▏       | 22/100 [02:05<08:45,  6.73s/it, -ELBO=1.2988, Potential Metric=0.0922, Entropy Metric=0.0458]

Epoch 22:  62%|██████▎   | 20/32 [00:04<00:02,  4.53it/s][A
Training Epochs:  22%|██▏       | 22/100 [02:05<08:45,  6.73s/it, -ELBO=1.3942, Potential Metric=0.0883, Entropy Metric=0.0478]

Epoch 22:  66%|██████▌   | 21/32 [00:04<00:02,  4.54it/s][A
Training Epochs:  22%|██▏       | 22/100 [02:05<08:45,  6.73s/it, -ELBO=1.3409, Potential Metric=0.0818, Entropy Metric=0.0440]

Epoch 22:  69%|██████▉   | 22/32 [00:04<00:02,  4.41it/s][A
Training Epochs:  22%|██▏       | 22/100 [02:05<08:45,  6.73s/it, -ELBO=1.3946, Potential Metric=0.0820, Entropy Metric=0.0482]

Epoch 22:  72%|███████▏  | 23/32 [00:04<00:02,  4.48it/s][A
Training Epochs:  22%|██▏       | 22/100 [02:06<08:45,  6.73s/it, -ELBO=1.3292, Potential Metric=0.0834, Entropy Metric=0.0449]

Epoch 22:  75%|███████▌  | 24/32 [00:05<00:01,  4.59it/s][A
Training Epochs:  22%|██▏       | 22/100 [02:06<08:45,  6.73s/it, -ELBO=1.2774, Potential Metric=0.0868, Entropy Metric=0.0486]

Epoch 22:  78%|███████▊  | 25/32 [00:05<00:01,  4.71it/s][A
Training Epochs:  22%|██▏       | 22/100 [02:06<08:45,  6.73s/it, -ELBO=1.4580, Potential Metric=0.0930, Entropy Metric=0.0423]

Epoch 22:  81%|████████▏ | 26/32 [00:05<00:01,  4.69it/s][A
Training Epochs:  22%|██▏       | 22/100 [02:06<08:45,  6.73s/it, -ELBO=1.6020, Potential Metric=0.0904, Entropy Metric=0.0450]

Epoch 22:  84%|████████▍ | 27/32 [00:05<00:01,  4.80it/s][A
Training Epochs:  22%|██▏       | 22/100 [02:06<08:45,  6.73s/it, -ELBO=1.6911, Potential Metric=0.0895, Entropy Metric=0.0484]

Epoch 22:  88%|████████▊ | 28/32 [00:05<00:00,  4.84it/s][A
Training Epochs:  22%|██▏       | 22/100 [02:07<08:45,  6.73s/it, -ELBO=1.4976, Potential Metric=0.0770, Entropy Metric=0.0396]

Epoch 22:  91%|█████████ | 29/32 [00:06<00:00,  4.64it/s][A
Training Epochs:  22%|██▏       | 22/100 [02:07<08:45,  6.73s/it, -ELBO=1.3655, Potential Metric=0.0862, Entropy Metric=0.0358]

Epoch 22:  94%|█████████▍| 30/32 [00:06<00:00,  4.71it/s][A
Training Epochs:  22%|██▏       | 22/100 [02:07<08:45,  6.73s/it, -ELBO=1.3981, Potential Metric=0.0904, Entropy Metric=0.0334]

Epoch 22:  97%|█████████▋| 31/32 [00:06<00:00,  4.68it/s][A
Training Epochs:  22%|██▏       | 22/100 [02:07<08:45,  6.73s/it, -ELBO=1.3710, Potential Metric=0.0866, Entropy Metric=0.0358]

Epoch 22: 100%|██████████| 32/32 [00:06<00:00,  4.72it/s][A

                                                         [A
Training Epochs:  23%|██▎       | 23/100 [02:07<08:44,  6.81s/it, -ELBO=1.3710, Potential Metric=0.0866, Entropy Metric=0.0358]

Epoch 23:   0%|          | 0/32 [00:00<?, ?it/s][A
Training Epochs:  23%|██▎       | 23/100 [02:08<08:44,  6.81s/it, -ELBO=1.2826, Potential Metric=0.0933, Entropy Metric=0.0364]

Epoch 23:   3%|▎         | 1/32 [00:00<00:08,  3.70it/s][A
Training Epochs:  23%|██▎       | 23/100 [02:08<08:44,  6.81s/it, -ELBO=1.3139, Potential Metric=0.0917, Entropy Metric=0.0362]

Epoch 23:   6%|▋         | 2/32 [00:00<00:06,  4.29it/s][A
Training Epochs:  23%|██▎       | 23/100 [02:08<08:44,  6.81s/it, -ELBO=1.2993, Potential Metric=0.0844, Entropy Metric=0.0346]

Epoch 23:   9%|▉         | 3/32 [00:00<00:06,  4.59it/s][A
Training Epochs:  23%|██▎       | 23/100 [02:08<08:44,  6.81s/it, -ELBO=1.4856, Potential Metric=0.0830, Entropy Metric=0.0316]

Epoch 23:  12%|█▎        | 4/32 [00:00<00:06,  4.43it/s][A
Training Epochs:  23%|██▎       | 23/100 [02:08<08:44,  6.81s/it, -ELBO=1.4509, Potential Metric=0.0910, Entropy Metric=0.0317]

Epoch 23:  16%|█▌        | 5/32 [00:01<00:05,  4.58it/s][A
Training Epochs:  23%|██▎       | 23/100 [02:09<08:44,  6.81s/it, -ELBO=1.3208, Potential Metric=0.0882, Entropy Metric=0.0354]

Epoch 23:  19%|█▉        | 6/32 [00:01<00:05,  4.68it/s][A
Training Epochs:  23%|██▎       | 23/100 [02:09<08:44,  6.81s/it, -ELBO=1.2961, Potential Metric=0.0887, Entropy Metric=0.0418]

Epoch 23:  22%|██▏       | 7/32 [00:01<00:05,  4.66it/s][A
Training Epochs:  23%|██▎       | 23/100 [02:09<08:44,  6.81s/it, -ELBO=1.4007, Potential Metric=0.0955, Entropy Metric=0.0417]

Epoch 23:  25%|██▌       | 8/32 [00:01<00:05,  4.77it/s][A
Training Epochs:  23%|██▎       | 23/100 [02:09<08:44,  6.81s/it, -ELBO=1.5402, Potential Metric=0.0815, Entropy Metric=0.0373]

Epoch 23:  28%|██▊       | 9/32 [00:01<00:04,  4.72it/s][A
Training Epochs:  23%|██▎       | 23/100 [02:09<08:44,  6.81s/it, -ELBO=1.2957, Potential Metric=0.0916, Entropy Metric=0.0466]

Epoch 23:  31%|███▏      | 10/32 [00:02<00:04,  4.87it/s][A
Training Epochs:  23%|██▎       | 23/100 [02:10<08:44,  6.81s/it, -ELBO=1.4176, Potential Metric=0.0919, Entropy Metric=0.0451]

Epoch 23:  34%|███▍      | 11/32 [00:02<00:04,  4.77it/s][A
Training Epochs:  23%|██▎       | 23/100 [02:10<08:44,  6.81s/it, -ELBO=1.2960, Potential Metric=0.0847, Entropy Metric=0.0458]

Epoch 23:  38%|███▊      | 12/32 [00:02<00:04,  4.80it/s][A
Training Epochs:  23%|██▎       | 23/100 [02:10<08:44,  6.81s/it, -ELBO=1.4135, Potential Metric=0.0805, Entropy Metric=0.0463]

Epoch 23:  41%|████      | 13/32 [00:02<00:03,  4.88it/s][A
Training Epochs:  23%|██▎       | 23/100 [02:10<08:44,  6.81s/it, -ELBO=1.3860, Potential Metric=0.0717, Entropy Metric=0.0460]

Epoch 23:  44%|████▍     | 14/32 [00:02<00:03,  4.85it/s][A
Training Epochs:  23%|██▎       | 23/100 [02:10<08:44,  6.81s/it, -ELBO=1.2471, Potential Metric=0.0814, Entropy Metric=0.0461]

Epoch 23:  47%|████▋     | 15/32 [00:03<00:03,  4.90it/s][A
Training Epochs:  23%|██▎       | 23/100 [02:11<08:44,  6.81s/it, -ELBO=1.2701, Potential Metric=0.0786, Entropy Metric=0.0492]

Epoch 23:  50%|█████     | 16/32 [00:03<00:03,  4.97it/s][A
Training Epochs:  23%|██▎       | 23/100 [02:11<08:44,  6.81s/it, -ELBO=1.3325, Potential Metric=0.0801, Entropy Metric=0.0471]

Epoch 23:  53%|█████▎    | 17/32 [00:03<00:03,  4.98it/s][A
Training Epochs:  23%|██▎       | 23/100 [02:11<08:44,  6.81s/it, -ELBO=1.3498, Potential Metric=0.0897, Entropy Metric=0.0470]

Epoch 23:  56%|█████▋    | 18/32 [00:03<00:02,  5.16it/s][A
Training Epochs:  23%|██▎       | 23/100 [02:11<08:44,  6.81s/it, -ELBO=1.5656, Potential Metric=0.0933, Entropy Metric=0.0475]

Epoch 23:  59%|█████▉    | 19/32 [00:03<00:02,  4.98it/s][A
Training Epochs:  23%|██▎       | 23/100 [02:11<08:44,  6.81s/it, -ELBO=1.6065, Potential Metric=0.0941, Entropy Metric=0.0451]

Epoch 23:  62%|██████▎   | 20/32 [00:04<00:02,  4.98it/s][A
Training Epochs:  23%|██▎       | 23/100 [02:12<08:44,  6.81s/it, -ELBO=1.2435, Potential Metric=0.0970, Entropy Metric=0.0493]

Epoch 23:  66%|██████▌   | 21/32 [00:04<00:02,  4.92it/s][A
Training Epochs:  23%|██▎       | 23/100 [02:12<08:44,  6.81s/it, -ELBO=1.2915, Potential Metric=0.0810, Entropy Metric=0.0458]

Epoch 23:  69%|██████▉   | 22/32 [00:04<00:02,  4.91it/s][A
Training Epochs:  23%|██▎       | 23/100 [02:12<08:44,  6.81s/it, -ELBO=1.2533, Potential Metric=0.0990, Entropy Metric=0.0494]

Epoch 23:  72%|███████▏  | 23/32 [00:04<00:01,  4.81it/s][A
Training Epochs:  23%|██▎       | 23/100 [02:12<08:44,  6.81s/it, -ELBO=1.3771, Potential Metric=0.0923, Entropy Metric=0.0446]

Epoch 23:  75%|███████▌  | 24/32 [00:05<00:01,  4.85it/s][A
Training Epochs:  23%|██▎       | 23/100 [02:13<08:44,  6.81s/it, -ELBO=1.4735, Potential Metric=0.0909, Entropy Metric=0.0408]

Epoch 23:  78%|███████▊  | 25/32 [00:05<00:01,  4.51it/s][A
Training Epochs:  23%|██▎       | 23/100 [02:13<08:44,  6.81s/it, -ELBO=1.4909, Potential Metric=0.0963, Entropy Metric=0.0421]

Epoch 23:  81%|████████▏ | 26/32 [00:05<00:01,  4.62it/s][A
Training Epochs:  23%|██▎       | 23/100 [02:13<08:44,  6.81s/it, -ELBO=1.4469, Potential Metric=0.0988, Entropy Metric=0.0446]

Epoch 23:  84%|████████▍ | 27/32 [00:05<00:01,  4.91it/s][A
Training Epochs:  23%|██▎       | 23/100 [02:13<08:44,  6.81s/it, -ELBO=1.2813, Potential Metric=0.0883, Entropy Metric=0.0453]

Epoch 23:  88%|████████▊ | 28/32 [00:05<00:00,  4.97it/s][A
Training Epochs:  23%|██▎       | 23/100 [02:13<08:44,  6.81s/it, -ELBO=1.3069, Potential Metric=0.0929, Entropy Metric=0.0442]

Epoch 23:  91%|█████████ | 29/32 [00:06<00:00,  4.87it/s][A
Training Epochs:  23%|██▎       | 23/100 [02:14<08:44,  6.81s/it, -ELBO=1.4984, Potential Metric=0.0929, Entropy Metric=0.0475]

Epoch 23:  94%|█████████▍| 30/32 [00:06<00:00,  4.77it/s][A
Training Epochs:  23%|██▎       | 23/100 [02:14<08:44,  6.81s/it, -ELBO=1.3963, Potential Metric=0.0920, Entropy Metric=0.0524]

Epoch 23:  97%|█████████▋| 31/32 [00:06<00:00,  4.69it/s][A
Training Epochs:  23%|██▎       | 23/100 [02:14<08:44,  6.81s/it, -ELBO=1.3731, Potential Metric=0.0990, Entropy Metric=0.0478]

Epoch 23: 100%|██████████| 32/32 [00:06<00:00,  4.73it/s][A

                                                         [A
Training Epochs:  24%|██▍       | 24/100 [02:14<08:37,  6.80s/it, -ELBO=1.3731, Potential Metric=0.0990, Entropy Metric=0.0478]

Epoch 24:   0%|          | 0/32 [00:00<?, ?it/s][A
Training Epochs:  24%|██▍       | 24/100 [02:14<08:37,  6.80s/it, -ELBO=1.4535, Potential Metric=0.0853, Entropy Metric=0.0441]

Epoch 24:   3%|▎         | 1/32 [00:00<00:08,  3.58it/s][A
Training Epochs:  24%|██▍       | 24/100 [02:15<08:37,  6.80s/it, -ELBO=1.2127, Potential Metric=0.0890, Entropy Metric=0.0491]

Epoch 24:   6%|▋         | 2/32 [00:00<00:07,  4.18it/s][A
Training Epochs:  24%|██▍       | 24/100 [02:15<08:37,  6.80s/it, -ELBO=1.2510, Potential Metric=0.0871, Entropy Metric=0.0463]

Epoch 24:   9%|▉         | 3/32 [00:00<00:06,  4.35it/s][A
Training Epochs:  24%|██▍       | 24/100 [02:15<08:37,  6.80s/it, -ELBO=1.2530, Potential Metric=0.0833, Entropy Metric=0.0499]

Epoch 24:  12%|█▎        | 4/32 [00:00<00:06,  4.25it/s][A
Training Epochs:  24%|██▍       | 24/100 [02:15<08:37,  6.80s/it, -ELBO=1.4640, Potential Metric=0.0936, Entropy Metric=0.0456]

Epoch 24:  16%|█▌        | 5/32 [00:01<00:06,  4.36it/s][A
Training Epochs:  24%|██▍       | 24/100 [02:16<08:37,  6.80s/it, -ELBO=1.3466, Potential Metric=0.0890, Entropy Metric=0.0439]

Epoch 24:  19%|█▉        | 6/32 [00:01<00:05,  4.55it/s][A
Training Epochs:  24%|██▍       | 24/100 [02:16<08:37,  6.80s/it, -ELBO=1.4497, Potential Metric=0.0893, Entropy Metric=0.0459]

Epoch 24:  22%|██▏       | 7/32 [00:01<00:05,  4.61it/s][A
Training Epochs:  24%|██▍       | 24/100 [02:16<08:37,  6.80s/it, -ELBO=1.4133, Potential Metric=0.0886, Entropy Metric=0.0475]

Epoch 24:  25%|██▌       | 8/32 [00:01<00:05,  4.62it/s][A
Training Epochs:  24%|██▍       | 24/100 [02:16<08:37,  6.80s/it, -ELBO=1.3794, Potential Metric=0.0919, Entropy Metric=0.0465]

Epoch 24:  28%|██▊       | 9/32 [00:02<00:05,  4.47it/s][A
Training Epochs:  24%|██▍       | 24/100 [02:16<08:37,  6.80s/it, -ELBO=1.3491, Potential Metric=0.0882, Entropy Metric=0.0433]

Epoch 24:  31%|███▏      | 10/32 [00:02<00:04,  4.63it/s][A
Training Epochs:  24%|██▍       | 24/100 [02:17<08:37,  6.80s/it, -ELBO=1.3141, Potential Metric=0.0879, Entropy Metric=0.0437]

Epoch 24:  34%|███▍      | 11/32 [00:02<00:04,  4.57it/s][A
Training Epochs:  24%|██▍       | 24/100 [02:17<08:37,  6.80s/it, -ELBO=1.5628, Potential Metric=0.0793, Entropy Metric=0.0396]

Epoch 24:  38%|███▊      | 12/32 [00:02<00:04,  4.56it/s][A
Training Epochs:  24%|██▍       | 24/100 [02:17<08:37,  6.80s/it, -ELBO=1.2686, Potential Metric=0.0902, Entropy Metric=0.0470]

Epoch 24:  41%|████      | 13/32 [00:02<00:04,  4.57it/s][A
Training Epochs:  24%|██▍       | 24/100 [02:17<08:37,  6.80s/it, -ELBO=1.4920, Potential Metric=0.0930, Entropy Metric=0.0430]

Epoch 24:  44%|████▍     | 14/32 [00:03<00:03,  4.62it/s][A
Training Epochs:  24%|██▍       | 24/100 [02:17<08:37,  6.80s/it, -ELBO=1.2640, Potential Metric=0.0911, Entropy Metric=0.0413]

Epoch 24:  47%|████▋     | 15/32 [00:03<00:03,  4.86it/s][A
Training Epochs:  24%|██▍       | 24/100 [02:18<08:37,  6.80s/it, -ELBO=1.1830, Potential Metric=0.0991, Entropy Metric=0.0447]

Epoch 24:  50%|█████     | 16/32 [00:03<00:03,  4.66it/s][A
Training Epochs:  24%|██▍       | 24/100 [02:18<08:37,  6.80s/it, -ELBO=1.3600, Potential Metric=0.0950, Entropy Metric=0.0403]

Epoch 24:  53%|█████▎    | 17/32 [00:03<00:03,  4.69it/s][A
Training Epochs:  24%|██▍       | 24/100 [02:18<08:37,  6.80s/it, -ELBO=1.1274, Potential Metric=0.1005, Entropy Metric=0.0451]

Epoch 24:  56%|█████▋    | 18/32 [00:03<00:02,  4.77it/s][A
Training Epochs:  24%|██▍       | 24/100 [02:18<08:37,  6.80s/it, -ELBO=1.3100, Potential Metric=0.0873, Entropy Metric=0.0444]

Epoch 24:  59%|█████▉    | 19/32 [00:04<00:02,  4.80it/s][A
Training Epochs:  24%|██▍       | 24/100 [02:19<08:37,  6.80s/it, -ELBO=1.3335, Potential Metric=0.0882, Entropy Metric=0.0431]

Epoch 24:  62%|██████▎   | 20/32 [00:04<00:02,  4.79it/s][A
Training Epochs:  24%|██▍       | 24/100 [02:19<08:37,  6.80s/it, -ELBO=1.1831, Potential Metric=0.0851, Entropy Metric=0.0486]

Epoch 24:  66%|██████▌   | 21/32 [00:04<00:02,  4.53it/s][A
Training Epochs:  24%|██▍       | 24/100 [02:19<08:37,  6.80s/it, -ELBO=1.4972, Potential Metric=0.0919, Entropy Metric=0.0401]

Epoch 24:  69%|██████▉   | 22/32 [00:04<00:02,  4.59it/s][A
Training Epochs:  24%|██▍       | 24/100 [02:19<08:37,  6.80s/it, -ELBO=1.3111, Potential Metric=0.0873, Entropy Metric=0.0428]

Epoch 24:  72%|███████▏  | 23/32 [00:05<00:01,  4.62it/s][A
Training Epochs:  24%|██▍       | 24/100 [02:20<08:37,  6.80s/it, -ELBO=1.1476, Potential Metric=0.0860, Entropy Metric=0.0462]

Epoch 24:  75%|███████▌  | 24/32 [00:05<00:02,  3.90it/s][A
Training Epochs:  24%|██▍       | 24/100 [02:20<08:37,  6.80s/it, -ELBO=1.4167, Potential Metric=0.0931, Entropy Metric=0.0429]

Epoch 24:  78%|███████▊  | 25/32 [00:05<00:01,  4.31it/s][A
Training Epochs:  24%|██▍       | 24/100 [02:20<08:37,  6.80s/it, -ELBO=1.4041, Potential Metric=0.0872, Entropy Metric=0.0392]

Epoch 24:  81%|████████▏ | 26/32 [00:05<00:01,  4.29it/s][A
Training Epochs:  24%|██▍       | 24/100 [02:20<08:37,  6.80s/it, -ELBO=1.2932, Potential Metric=0.0894, Entropy Metric=0.0472]

Epoch 24:  84%|████████▍ | 27/32 [00:05<00:01,  4.45it/s][A
Training Epochs:  24%|██▍       | 24/100 [02:20<08:37,  6.80s/it, -ELBO=1.2602, Potential Metric=0.0954, Entropy Metric=0.0492]

Epoch 24:  88%|████████▊ | 28/32 [00:06<00:00,  4.71it/s][A
Training Epochs:  24%|██▍       | 24/100 [02:21<08:37,  6.80s/it, -ELBO=1.2755, Potential Metric=0.1043, Entropy Metric=0.0466]

Epoch 24:  91%|█████████ | 29/32 [00:06<00:00,  4.79it/s][A
Training Epochs:  24%|██▍       | 24/100 [02:21<08:37,  6.80s/it, -ELBO=1.2379, Potential Metric=0.0953, Entropy Metric=0.0426]

Epoch 24:  94%|█████████▍| 30/32 [00:06<00:00,  4.82it/s][A
Training Epochs:  24%|██▍       | 24/100 [02:21<08:37,  6.80s/it, -ELBO=1.3509, Potential Metric=0.1059, Entropy Metric=0.0427]

Epoch 24:  97%|█████████▋| 31/32 [00:06<00:00,  4.78it/s][A
Training Epochs:  24%|██▍       | 24/100 [02:21<08:37,  6.80s/it, -ELBO=1.4127, Potential Metric=0.0952, Entropy Metric=0.0404]

Epoch 24: 100%|██████████| 32/32 [00:07<00:00,  4.68it/s][A

                                                         [A
Training Epochs:  25%|██▌       | 25/100 [02:21<08:39,  6.92s/it, -ELBO=1.4127, Potential Metric=0.0952, Entropy Metric=0.0404]

Epoch 25:   0%|          | 0/32 [00:00<?, ?it/s][A
Training Epochs:  25%|██▌       | 25/100 [02:22<08:39,  6.92s/it, -ELBO=1.2534, Potential Metric=0.0914, Entropy Metric=0.0418]

Epoch 25:   3%|▎         | 1/32 [00:00<00:07,  3.89it/s][A
Training Epochs:  25%|██▌       | 25/100 [02:22<08:39,  6.92s/it, -ELBO=1.3833, Potential Metric=0.1022, Entropy Metric=0.0426]

Epoch 25:   6%|▋         | 2/32 [00:00<00:07,  4.02it/s][A
Training Epochs:  25%|██▌       | 25/100 [02:22<08:39,  6.92s/it, -ELBO=1.3447, Potential Metric=0.0896, Entropy Metric=0.0433]

Epoch 25:   9%|▉         | 3/32 [00:00<00:06,  4.19it/s][A
Training Epochs:  25%|██▌       | 25/100 [02:22<08:39,  6.92s/it, -ELBO=1.1391, Potential Metric=0.0957, Entropy Metric=0.0450]

Epoch 25:  12%|█▎        | 4/32 [00:00<00:06,  4.22it/s][A
Training Epochs:  25%|██▌       | 25/100 [02:22<08:39,  6.92s/it, -ELBO=1.2155, Potential Metric=0.0909, Entropy Metric=0.0471]

Epoch 25:  16%|█▌        | 5/32 [00:01<00:06,  4.38it/s][A
Training Epochs:  25%|██▌       | 25/100 [02:23<08:39,  6.92s/it, -ELBO=1.2602, Potential Metric=0.0850, Entropy Metric=0.0427]

Epoch 25:  19%|█▉        | 6/32 [00:01<00:05,  4.60it/s][A
Training Epochs:  25%|██▌       | 25/100 [02:23<08:39,  6.92s/it, -ELBO=1.5513, Potential Metric=0.0905, Entropy Metric=0.0392]

Epoch 25:  22%|██▏       | 7/32 [00:01<00:05,  4.61it/s][A
Training Epochs:  25%|██▌       | 25/100 [02:23<08:39,  6.92s/it, -ELBO=1.4141, Potential Metric=0.0964, Entropy Metric=0.0396]

Epoch 25:  25%|██▌       | 8/32 [00:01<00:05,  4.61it/s][A
Training Epochs:  25%|██▌       | 25/100 [02:23<08:39,  6.92s/it, -ELBO=1.4244, Potential Metric=0.0889, Entropy Metric=0.0397]

Epoch 25:  28%|██▊       | 9/32 [00:02<00:04,  4.73it/s][A
Training Epochs:  25%|██▌       | 25/100 [02:24<08:39,  6.92s/it, -ELBO=1.2669, Potential Metric=0.0966, Entropy Metric=0.0450]

Epoch 25:  31%|███▏      | 10/32 [00:02<00:04,  4.72it/s][A
Training Epochs:  25%|██▌       | 25/100 [02:24<08:39,  6.92s/it, -ELBO=1.1789, Potential Metric=0.0965, Entropy Metric=0.0479]

Epoch 25:  34%|███▍      | 11/32 [00:02<00:04,  4.65it/s][A
Training Epochs:  25%|██▌       | 25/100 [02:24<08:39,  6.92s/it, -ELBO=1.1441, Potential Metric=0.0925, Entropy Metric=0.0496]

Epoch 25:  38%|███▊      | 12/32 [00:02<00:04,  4.52it/s][A
Training Epochs:  25%|██▌       | 25/100 [02:24<08:39,  6.92s/it, -ELBO=1.2689, Potential Metric=0.0867, Entropy Metric=0.0463]

Epoch 25:  41%|████      | 13/32 [00:02<00:04,  4.48it/s][A
Training Epochs:  25%|██▌       | 25/100 [02:24<08:39,  6.92s/it, -ELBO=1.3164, Potential Metric=0.0764, Entropy Metric=0.0448]

Epoch 25:  44%|████▍     | 14/32 [00:03<00:03,  4.59it/s][A
Training Epochs:  25%|██▌       | 25/100 [02:25<08:39,  6.92s/it, -ELBO=1.2504, Potential Metric=0.0860, Entropy Metric=0.0423]

Epoch 25:  47%|████▋     | 15/32 [00:03<00:03,  4.61it/s][A
Training Epochs:  25%|██▌       | 25/100 [02:25<08:39,  6.92s/it, -ELBO=1.2891, Potential Metric=0.0836, Entropy Metric=0.0466]

Epoch 25:  50%|█████     | 16/32 [00:03<00:03,  4.68it/s][A
Training Epochs:  25%|██▌       | 25/100 [02:25<08:39,  6.92s/it, -ELBO=1.2875, Potential Metric=0.0934, Entropy Metric=0.0486]

Epoch 25:  53%|█████▎    | 17/32 [00:03<00:03,  4.66it/s][A
Training Epochs:  25%|██▌       | 25/100 [02:25<08:39,  6.92s/it, -ELBO=1.2259, Potential Metric=0.0884, Entropy Metric=0.0437]

Epoch 25:  56%|█████▋    | 18/32 [00:03<00:02,  4.73it/s][A
Training Epochs:  25%|██▌       | 25/100 [02:25<08:39,  6.92s/it, -ELBO=1.2927, Potential Metric=0.0911, Entropy Metric=0.0451]

Epoch 25:  59%|█████▉    | 19/32 [00:04<00:02,  4.56it/s][A
Training Epochs:  25%|██▌       | 25/100 [02:26<08:39,  6.92s/it, -ELBO=1.1688, Potential Metric=0.0993, Entropy Metric=0.0452]

Epoch 25:  62%|██████▎   | 20/32 [00:04<00:02,  4.80it/s][A
Training Epochs:  25%|██▌       | 25/100 [02:26<08:39,  6.92s/it, -ELBO=1.2418, Potential Metric=0.1005, Entropy Metric=0.0447]

Epoch 25:  66%|██████▌   | 21/32 [00:04<00:02,  4.76it/s][A
Training Epochs:  25%|██▌       | 25/100 [02:26<08:39,  6.92s/it, -ELBO=1.4033, Potential Metric=0.0981, Entropy Metric=0.0433]

Epoch 25:  69%|██████▉   | 22/32 [00:04<00:02,  4.72it/s][A
Training Epochs:  25%|██▌       | 25/100 [02:26<08:39,  6.92s/it, -ELBO=1.1147, Potential Metric=0.0936, Entropy Metric=0.0458]

Epoch 25:  72%|███████▏  | 23/32 [00:05<00:01,  4.73it/s][A
Training Epochs:  25%|██▌       | 25/100 [02:27<08:39,  6.92s/it, -ELBO=1.3822, Potential Metric=0.0877, Entropy Metric=0.0460]

Epoch 25:  75%|███████▌  | 24/32 [00:05<00:01,  4.47it/s][A
Training Epochs:  25%|██▌       | 25/100 [02:27<08:39,  6.92s/it, -ELBO=1.1943, Potential Metric=0.0898, Entropy Metric=0.0470]

Epoch 25:  78%|███████▊  | 25/32 [00:05<00:01,  4.61it/s][A
Training Epochs:  25%|██▌       | 25/100 [02:27<08:39,  6.92s/it, -ELBO=1.4860, Potential Metric=0.0910, Entropy Metric=0.0443]

Epoch 25:  81%|████████▏ | 26/32 [00:05<00:01,  4.57it/s][A
Training Epochs:  25%|██▌       | 25/100 [02:27<08:39,  6.92s/it, -ELBO=1.3008, Potential Metric=0.0854, Entropy Metric=0.0444]

Epoch 25:  84%|████████▍ | 27/32 [00:05<00:01,  4.50it/s][A
Training Epochs:  25%|██▌       | 25/100 [02:27<08:39,  6.92s/it, -ELBO=1.2920, Potential Metric=0.0905, Entropy Metric=0.0433]

Epoch 25:  88%|████████▊ | 28/32 [00:06<00:00,  4.25it/s][A
Training Epochs:  25%|██▌       | 25/100 [02:28<08:39,  6.92s/it, -ELBO=1.3634, Potential Metric=0.1004, Entropy Metric=0.0423]

Epoch 25:  91%|█████████ | 29/32 [00:06<00:00,  4.26it/s][A
Training Epochs:  25%|██▌       | 25/100 [02:28<08:39,  6.92s/it, -ELBO=1.0925, Potential Metric=0.0918, Entropy Metric=0.0450]

Epoch 25:  94%|█████████▍| 30/32 [00:06<00:00,  4.25it/s][A
Training Epochs:  25%|██▌       | 25/100 [02:28<08:39,  6.92s/it, -ELBO=1.1391, Potential Metric=0.0936, Entropy Metric=0.0452]

Epoch 25:  97%|█████████▋| 31/32 [00:06<00:00,  4.30it/s][A
Training Epochs:  25%|██▌       | 25/100 [02:28<08:39,  6.92s/it, -ELBO=1.3904, Potential Metric=0.0978, Entropy Metric=0.0441]

Epoch 25: 100%|██████████| 32/32 [00:07<00:00,  4.34it/s][A

                                                         [A
Training Epochs:  26%|██▌       | 26/100 [02:28<08:38,  7.01s/it, -ELBO=1.3904, Potential Metric=0.0978, Entropy Metric=0.0441]

Epoch 26:   0%|          | 0/32 [00:00<?, ?it/s][A
Training Epochs:  26%|██▌       | 26/100 [02:29<08:38,  7.01s/it, -ELBO=1.2030, Potential Metric=0.0942, Entropy Metric=0.0446]

Epoch 26:   3%|▎         | 1/32 [00:00<00:09,  3.13it/s][A
Training Epochs:  26%|██▌       | 26/100 [02:29<08:38,  7.01s/it, -ELBO=1.2570, Potential Metric=0.1028, Entropy Metric=0.0446]

Epoch 26:   6%|▋         | 2/32 [00:00<00:08,  3.71it/s][A
Training Epochs:  26%|██▌       | 26/100 [02:29<08:38,  7.01s/it, -ELBO=1.3182, Potential Metric=0.0918, Entropy Metric=0.0427]

Epoch 26:   9%|▉         | 3/32 [00:00<00:07,  3.97it/s][A
Training Epochs:  26%|██▌       | 26/100 [02:30<08:38,  7.01s/it, -ELBO=1.2225, Potential Metric=0.0911, Entropy Metric=0.0485]

Epoch 26:  12%|█▎        | 4/32 [00:01<00:06,  4.09it/s][A
Training Epochs:  26%|██▌       | 26/100 [02:30<08:38,  7.01s/it, -ELBO=1.3546, Potential Metric=0.0929, Entropy Metric=0.0428]

Epoch 26:  16%|█▌        | 5/32 [00:01<00:06,  4.43it/s][A
Training Epochs:  26%|██▌       | 26/100 [02:30<08:38,  7.01s/it, -ELBO=1.2789, Potential Metric=0.0846, Entropy Metric=0.0434]

Epoch 26:  19%|█▉        | 6/32 [00:01<00:05,  4.51it/s][A
Training Epochs:  26%|██▌       | 26/100 [02:30<08:38,  7.01s/it, -ELBO=1.2395, Potential Metric=0.0916, Entropy Metric=0.0457]

Epoch 26:  22%|██▏       | 7/32 [00:01<00:05,  4.42it/s][A
Training Epochs:  26%|██▌       | 26/100 [02:30<08:38,  7.01s/it, -ELBO=1.2428, Potential Metric=0.0977, Entropy Metric=0.0482]

Epoch 26:  25%|██▌       | 8/32 [00:01<00:05,  4.66it/s][A
Training Epochs:  26%|██▌       | 26/100 [02:31<08:38,  7.01s/it, -ELBO=1.3147, Potential Metric=0.0908, Entropy Metric=0.0452]

Epoch 26:  28%|██▊       | 9/32 [00:02<00:04,  4.69it/s][A
Training Epochs:  26%|██▌       | 26/100 [02:31<08:38,  7.01s/it, -ELBO=1.2918, Potential Metric=0.0947, Entropy Metric=0.0491]

Epoch 26:  31%|███▏      | 10/32 [00:02<00:04,  4.81it/s][A
Training Epochs:  26%|██▌       | 26/100 [02:31<08:38,  7.01s/it, -ELBO=1.2222, Potential Metric=0.0878, Entropy Metric=0.0462]

Epoch 26:  34%|███▍      | 11/32 [00:02<00:04,  4.83it/s][A
Training Epochs:  26%|██▌       | 26/100 [02:31<08:38,  7.01s/it, -ELBO=1.2036, Potential Metric=0.0972, Entropy Metric=0.0431]

Epoch 26:  38%|███▊      | 12/32 [00:02<00:04,  4.86it/s][A
Training Epochs:  26%|██▌       | 26/100 [02:31<08:38,  7.01s/it, -ELBO=1.2092, Potential Metric=0.0876, Entropy Metric=0.0400]

Epoch 26:  41%|████      | 13/32 [00:02<00:03,  4.81it/s][A
Training Epochs:  26%|██▌       | 26/100 [02:32<08:38,  7.01s/it, -ELBO=1.0493, Potential Metric=0.0864, Entropy Metric=0.0444]

Epoch 26:  44%|████▍     | 14/32 [00:03<00:03,  4.96it/s][A
Training Epochs:  26%|██▌       | 26/100 [02:32<08:38,  7.01s/it, -ELBO=1.5388, Potential Metric=0.0934, Entropy Metric=0.0432]

Epoch 26:  47%|████▋     | 15/32 [00:03<00:03,  4.84it/s][A
Training Epochs:  26%|██▌       | 26/100 [02:32<08:38,  7.01s/it, -ELBO=1.2279, Potential Metric=0.0917, Entropy Metric=0.0428]

Epoch 26:  50%|█████     | 16/32 [00:03<00:03,  4.95it/s][A
Training Epochs:  26%|██▌       | 26/100 [02:32<08:38,  7.01s/it, -ELBO=1.2020, Potential Metric=0.0881, Entropy Metric=0.0460]

Epoch 26:  53%|█████▎    | 17/32 [00:03<00:02,  5.04it/s][A
Training Epochs:  26%|██▌       | 26/100 [02:32<08:38,  7.01s/it, -ELBO=1.1000, Potential Metric=0.0947, Entropy Metric=0.0444]

Epoch 26:  56%|█████▋    | 18/32 [00:03<00:02,  5.01it/s][A
Training Epochs:  26%|██▌       | 26/100 [02:33<08:38,  7.01s/it, -ELBO=1.4961, Potential Metric=0.0980, Entropy Metric=0.0402]

Epoch 26:  59%|█████▉    | 19/32 [00:04<00:02,  4.99it/s][A
Training Epochs:  26%|██▌       | 26/100 [02:33<08:38,  7.01s/it, -ELBO=1.2084, Potential Metric=0.0913, Entropy Metric=0.0421]

Epoch 26:  62%|██████▎   | 20/32 [00:04<00:02,  4.98it/s][A
Training Epochs:  26%|██▌       | 26/100 [02:33<08:38,  7.01s/it, -ELBO=1.1951, Potential Metric=0.1032, Entropy Metric=0.0420]

Epoch 26:  66%|██████▌   | 21/32 [00:04<00:02,  4.85it/s][A
Training Epochs:  26%|██▌       | 26/100 [02:33<08:38,  7.01s/it, -ELBO=1.1955, Potential Metric=0.0995, Entropy Metric=0.0408]

Epoch 26:  69%|██████▉   | 22/32 [00:04<00:02,  4.60it/s][A
Training Epochs:  26%|██▌       | 26/100 [02:34<08:38,  7.01s/it, -ELBO=1.1471, Potential Metric=0.0922, Entropy Metric=0.0393]

Epoch 26:  72%|███████▏  | 23/32 [00:04<00:01,  4.55it/s][A
Training Epochs:  26%|██▌       | 26/100 [02:34<08:38,  7.01s/it, -ELBO=1.2473, Potential Metric=0.0996, Entropy Metric=0.0409]

Epoch 26:  75%|███████▌  | 24/32 [00:05<00:01,  4.54it/s][A
Training Epochs:  26%|██▌       | 26/100 [02:34<08:38,  7.01s/it, -ELBO=1.2479, Potential Metric=0.0912, Entropy Metric=0.0392]

Epoch 26:  78%|███████▊  | 25/32 [00:05<00:01,  4.53it/s][A
Training Epochs:  26%|██▌       | 26/100 [02:34<08:38,  7.01s/it, -ELBO=1.1811, Potential Metric=0.0951, Entropy Metric=0.0406]

Epoch 26:  81%|████████▏ | 26/32 [00:05<00:01,  4.41it/s][A
Training Epochs:  26%|██▌       | 26/100 [02:34<08:38,  7.01s/it, -ELBO=1.2673, Potential Metric=0.1023, Entropy Metric=0.0428]

Epoch 26:  84%|████████▍ | 27/32 [00:05<00:01,  4.41it/s][A
Training Epochs:  26%|██▌       | 26/100 [02:35<08:38,  7.01s/it, -ELBO=1.3291, Potential Metric=0.0975, Entropy Metric=0.0440]

Epoch 26:  88%|████████▊ | 28/32 [00:06<00:00,  4.48it/s][A
Training Epochs:  26%|██▌       | 26/100 [02:35<08:38,  7.01s/it, -ELBO=1.2299, Potential Metric=0.1024, Entropy Metric=0.0432]

Epoch 26:  91%|█████████ | 29/32 [00:06<00:00,  4.61it/s][A
Training Epochs:  26%|██▌       | 26/100 [02:35<08:38,  7.01s/it, -ELBO=1.1898, Potential Metric=0.0981, Entropy Metric=0.0443]

Epoch 26:  94%|█████████▍| 30/32 [00:06<00:00,  4.68it/s][A
Training Epochs:  26%|██▌       | 26/100 [02:35<08:38,  7.01s/it, -ELBO=1.2042, Potential Metric=0.0962, Entropy Metric=0.0457]

Epoch 26:  97%|█████████▋| 31/32 [00:06<00:00,  4.61it/s][A
Training Epochs:  26%|██▌       | 26/100 [02:36<08:38,  7.01s/it, -ELBO=1.1790, Potential Metric=0.0972, Entropy Metric=0.0461]

Epoch 26: 100%|██████████| 32/32 [00:06<00:00,  4.62it/s][A

                                                         [A
Training Epochs:  27%|██▋       | 27/100 [02:36<08:34,  7.04s/it, -ELBO=1.1790, Potential Metric=0.0972, Entropy Metric=0.0461]

Epoch 27:   0%|          | 0/32 [00:00<?, ?it/s][A
Training Epochs:  27%|██▋       | 27/100 [02:36<08:34,  7.04s/it, -ELBO=1.3412, Potential Metric=0.1001, Entropy Metric=0.0457]

Epoch 27:   3%|▎         | 1/32 [00:00<00:09,  3.42it/s][A
Training Epochs:  27%|██▋       | 27/100 [02:36<08:34,  7.04s/it, -ELBO=1.2817, Potential Metric=0.1024, Entropy Metric=0.0530]

Epoch 27:   6%|▋         | 2/32 [00:00<00:07,  4.04it/s][A
Training Epochs:  27%|██▋       | 27/100 [02:36<08:34,  7.04s/it, -ELBO=1.1877, Potential Metric=0.0996, Entropy Metric=0.0443]

Epoch 27:   9%|▉         | 3/32 [00:00<00:07,  4.01it/s][A
Training Epochs:  27%|██▋       | 27/100 [02:37<08:34,  7.04s/it, -ELBO=1.1691, Potential Metric=0.0965, Entropy Metric=0.0472]

Epoch 27:  12%|█▎        | 4/32 [00:00<00:06,  4.18it/s][A
Training Epochs:  27%|██▋       | 27/100 [02:37<08:34,  7.04s/it, -ELBO=1.1846, Potential Metric=0.1070, Entropy Metric=0.0446]

Epoch 27:  16%|█▌        | 5/32 [00:01<00:06,  4.36it/s][A
Training Epochs:  27%|██▋       | 27/100 [02:37<08:34,  7.04s/it, -ELBO=1.2149, Potential Metric=0.1016, Entropy Metric=0.0466]

Epoch 27:  19%|█▉        | 6/32 [00:01<00:06,  4.32it/s][A
Training Epochs:  27%|██▋       | 27/100 [02:37<08:34,  7.04s/it, -ELBO=1.0780, Potential Metric=0.0908, Entropy Metric=0.0492]

Epoch 27:  22%|██▏       | 7/32 [00:01<00:05,  4.28it/s][A
Training Epochs:  27%|██▋       | 27/100 [02:38<08:34,  7.04s/it, -ELBO=1.3019, Potential Metric=0.0946, Entropy Metric=0.0432]

Epoch 27:  25%|██▌       | 8/32 [00:01<00:05,  4.42it/s][A
Training Epochs:  27%|██▋       | 27/100 [02:38<08:34,  7.04s/it, -ELBO=1.3306, Potential Metric=0.0978, Entropy Metric=0.0372]

Epoch 27:  28%|██▊       | 9/32 [00:02<00:05,  4.58it/s][A
Training Epochs:  27%|██▋       | 27/100 [02:38<08:34,  7.04s/it, -ELBO=1.2236, Potential Metric=0.0982, Entropy Metric=0.0409]

Epoch 27:  31%|███▏      | 10/32 [00:02<00:04,  4.60it/s][A
Training Epochs:  27%|██▋       | 27/100 [02:38<08:34,  7.04s/it, -ELBO=1.0436, Potential Metric=0.1024, Entropy Metric=0.0453]

Epoch 27:  34%|███▍      | 11/32 [00:02<00:04,  4.68it/s][A
Training Epochs:  27%|██▋       | 27/100 [02:38<08:34,  7.04s/it, -ELBO=1.1767, Potential Metric=0.1077, Entropy Metric=0.0438]

Epoch 27:  38%|███▊      | 12/32 [00:02<00:04,  4.53it/s][A
Training Epochs:  27%|██▋       | 27/100 [02:39<08:34,  7.04s/it, -ELBO=1.3218, Potential Metric=0.1058, Entropy Metric=0.0433]

Epoch 27:  41%|████      | 13/32 [00:02<00:03,  4.77it/s][A
Training Epochs:  27%|██▋       | 27/100 [02:39<08:34,  7.04s/it, -ELBO=1.3422, Potential Metric=0.0974, Entropy Metric=0.0414]

Epoch 27:  44%|████▍     | 14/32 [00:03<00:03,  4.78it/s][A
Training Epochs:  27%|██▋       | 27/100 [02:39<08:34,  7.04s/it, -ELBO=1.1365, Potential Metric=0.0996, Entropy Metric=0.0477]

Epoch 27:  47%|████▋     | 15/32 [00:03<00:03,  4.67it/s][A
Training Epochs:  27%|██▋       | 27/100 [02:39<08:34,  7.04s/it, -ELBO=1.2141, Potential Metric=0.0917, Entropy Metric=0.0487]

Epoch 27:  50%|█████     | 16/32 [00:03<00:03,  4.73it/s][A
Training Epochs:  27%|██▋       | 27/100 [02:39<08:34,  7.04s/it, -ELBO=1.1881, Potential Metric=0.0984, Entropy Metric=0.0426]

Epoch 27:  53%|█████▎    | 17/32 [00:03<00:03,  4.89it/s][A
Training Epochs:  27%|██▋       | 27/100 [02:40<08:34,  7.04s/it, -ELBO=1.3025, Potential Metric=0.0942, Entropy Metric=0.0453]

Epoch 27:  56%|█████▋    | 18/32 [00:03<00:02,  4.89it/s][A
Training Epochs:  27%|██▋       | 27/100 [02:40<08:34,  7.04s/it, -ELBO=1.3211, Potential Metric=0.0965, Entropy Metric=0.0395]

Epoch 27:  59%|█████▉    | 19/32 [00:04<00:02,  4.76it/s][A
Training Epochs:  27%|██▋       | 27/100 [02:40<08:34,  7.04s/it, -ELBO=1.0699, Potential Metric=0.1020, Entropy Metric=0.0457]

Epoch 27:  62%|██████▎   | 20/32 [00:04<00:02,  4.74it/s][A
Training Epochs:  27%|██▋       | 27/100 [02:40<08:34,  7.04s/it, -ELBO=1.1857, Potential Metric=0.1013, Entropy Metric=0.0443]

Epoch 27:  66%|██████▌   | 21/32 [00:04<00:02,  4.59it/s][A
Training Epochs:  27%|██▋       | 27/100 [02:41<08:34,  7.04s/it, -ELBO=1.3332, Potential Metric=0.0962, Entropy Metric=0.0424]

Epoch 27:  69%|██████▉   | 22/32 [00:04<00:02,  4.60it/s][A
Training Epochs:  27%|██▋       | 27/100 [02:41<08:34,  7.04s/it, -ELBO=1.2658, Potential Metric=0.0966, Entropy Metric=0.0416]

Epoch 27:  72%|███████▏  | 23/32 [00:05<00:01,  4.63it/s][A
Training Epochs:  27%|██▋       | 27/100 [02:41<08:34,  7.04s/it, -ELBO=1.2141, Potential Metric=0.0979, Entropy Metric=0.0416]

Epoch 27:  75%|███████▌  | 24/32 [00:05<00:01,  4.60it/s][A
Training Epochs:  27%|██▋       | 27/100 [02:41<08:34,  7.04s/it, -ELBO=1.0889, Potential Metric=0.0979, Entropy Metric=0.0418]

Epoch 27:  78%|███████▊  | 25/32 [00:05<00:01,  4.71it/s][A
Training Epochs:  27%|██▋       | 27/100 [02:41<08:34,  7.04s/it, -ELBO=1.1891, Potential Metric=0.0995, Entropy Metric=0.0432]

Epoch 27:  81%|████████▏ | 26/32 [00:05<00:01,  4.68it/s][A
Training Epochs:  27%|██▋       | 27/100 [02:42<08:34,  7.04s/it, -ELBO=1.0880, Potential Metric=0.0999, Entropy Metric=0.0433]

Epoch 27:  84%|████████▍ | 27/32 [00:05<00:01,  4.68it/s][A
Training Epochs:  27%|██▋       | 27/100 [02:42<08:34,  7.04s/it, -ELBO=1.2018, Potential Metric=0.0958, Entropy Metric=0.0414]

Epoch 27:  88%|████████▊ | 28/32 [00:06<00:00,  4.49it/s][A
Training Epochs:  27%|██▋       | 27/100 [02:42<08:34,  7.04s/it, -ELBO=1.1194, Potential Metric=0.1052, Entropy Metric=0.0407]

Epoch 27:  91%|█████████ | 29/32 [00:06<00:00,  4.41it/s][A
Training Epochs:  27%|██▋       | 27/100 [02:42<08:34,  7.04s/it, -ELBO=1.0474, Potential Metric=0.1019, Entropy Metric=0.0414]

Epoch 27:  94%|█████████▍| 30/32 [00:06<00:00,  4.34it/s][A
Training Epochs:  27%|██▋       | 27/100 [02:43<08:34,  7.04s/it, -ELBO=1.0746, Potential Metric=0.1061, Entropy Metric=0.0388]

Epoch 27:  97%|█████████▋| 31/32 [00:06<00:00,  4.39it/s][A
Training Epochs:  27%|██▋       | 27/100 [02:43<08:34,  7.04s/it, -ELBO=1.2702, Potential Metric=0.0978, Entropy Metric=0.0398]

Epoch 27: 100%|██████████| 32/32 [00:07<00:00,  4.47it/s][A

                                                         [A
Training Epochs:  28%|██▊       | 28/100 [02:43<08:31,  7.11s/it, -ELBO=1.2702, Potential Metric=0.0978, Entropy Metric=0.0398]

Epoch 28:   0%|          | 0/32 [00:00<?, ?it/s][A
Training Epochs:  28%|██▊       | 28/100 [02:43<08:31,  7.11s/it, -ELBO=1.0405, Potential Metric=0.0909, Entropy Metric=0.0419]

Epoch 28:   3%|▎         | 1/32 [00:00<00:08,  3.71it/s][A
Training Epochs:  28%|██▊       | 28/100 [02:43<08:31,  7.11s/it, -ELBO=1.2441, Potential Metric=0.0936, Entropy Metric=0.0366]

Epoch 28:   6%|▋         | 2/32 [00:00<00:06,  4.41it/s][A
Training Epochs:  28%|██▊       | 28/100 [02:44<08:31,  7.11s/it, -ELBO=1.1422, Potential Metric=0.0948, Entropy Metric=0.0420]

Epoch 28:   9%|▉         | 3/32 [00:00<00:06,  4.42it/s][A
Training Epochs:  28%|██▊       | 28/100 [02:44<08:31,  7.11s/it, -ELBO=1.1005, Potential Metric=0.0915, Entropy Metric=0.0428]

Epoch 28:  12%|█▎        | 4/32 [00:00<00:06,  4.32it/s][A
Training Epochs:  28%|██▊       | 28/100 [02:44<08:31,  7.11s/it, -ELBO=1.1638, Potential Metric=0.0934, Entropy Metric=0.0427]

Epoch 28:  16%|█▌        | 5/32 [00:01<00:06,  4.31it/s][A
Training Epochs:  28%|██▊       | 28/100 [02:44<08:31,  7.11s/it, -ELBO=1.2164, Potential Metric=0.0934, Entropy Metric=0.0453]

Epoch 28:  19%|█▉        | 6/32 [00:01<00:05,  4.47it/s][A
Training Epochs:  28%|██▊       | 28/100 [02:45<08:31,  7.11s/it, -ELBO=1.2637, Potential Metric=0.1023, Entropy Metric=0.0438]

Epoch 28:  22%|██▏       | 7/32 [00:01<00:05,  4.42it/s][A
Training Epochs:  28%|██▊       | 28/100 [02:45<08:31,  7.11s/it, -ELBO=1.1374, Potential Metric=0.0920, Entropy Metric=0.0488]

Epoch 28:  25%|██▌       | 8/32 [00:01<00:05,  4.51it/s][A
Training Epochs:  28%|██▊       | 28/100 [02:45<08:31,  7.11s/it, -ELBO=1.2556, Potential Metric=0.1033, Entropy Metric=0.0478]

Epoch 28:  28%|██▊       | 9/32 [00:02<00:05,  4.59it/s][A
Training Epochs:  28%|██▊       | 28/100 [02:45<08:31,  7.11s/it, -ELBO=1.1692, Potential Metric=0.1118, Entropy Metric=0.0520]

Epoch 28:  31%|███▏      | 10/32 [00:02<00:04,  4.60it/s][A
Training Epochs:  28%|██▊       | 28/100 [02:45<08:31,  7.11s/it, -ELBO=1.1987, Potential Metric=0.0983, Entropy Metric=0.0450]

Epoch 28:  34%|███▍      | 11/32 [00:02<00:04,  4.56it/s][A
Training Epochs:  28%|██▊       | 28/100 [02:46<08:31,  7.11s/it, -ELBO=1.2305, Potential Metric=0.0953, Entropy Metric=0.0459]

Epoch 28:  38%|███▊      | 12/32 [00:02<00:04,  4.47it/s][A
Training Epochs:  28%|██▊       | 28/100 [02:46<08:31,  7.11s/it, -ELBO=1.1340, Potential Metric=0.0990, Entropy Metric=0.0474]

Epoch 28:  41%|████      | 13/32 [00:02<00:04,  4.53it/s][A
Training Epochs:  28%|██▊       | 28/100 [02:46<08:31,  7.11s/it, -ELBO=1.0877, Potential Metric=0.0959, Entropy Metric=0.0455]

Epoch 28:  44%|████▍     | 14/32 [00:03<00:04,  4.49it/s][A
Training Epochs:  28%|██▊       | 28/100 [02:46<08:31,  7.11s/it, -ELBO=1.1113, Potential Metric=0.1070, Entropy Metric=0.0454]

Epoch 28:  47%|████▋     | 15/32 [00:03<00:03,  4.43it/s][A
Training Epochs:  28%|██▊       | 28/100 [02:47<08:31,  7.11s/it, -ELBO=1.0062, Potential Metric=0.0991, Entropy Metric=0.0438]

Epoch 28:  50%|█████     | 16/32 [00:03<00:03,  4.46it/s][A
Training Epochs:  28%|██▊       | 28/100 [02:47<08:31,  7.11s/it, -ELBO=1.0498, Potential Metric=0.0954, Entropy Metric=0.0437]

Epoch 28:  53%|█████▎    | 17/32 [00:03<00:03,  4.52it/s][A
Training Epochs:  28%|██▊       | 28/100 [02:47<08:31,  7.11s/it, -ELBO=1.1934, Potential Metric=0.0996, Entropy Metric=0.0446]

Epoch 28:  56%|█████▋    | 18/32 [00:04<00:03,  4.61it/s][A
Training Epochs:  28%|██▊       | 28/100 [02:47<08:31,  7.11s/it, -ELBO=1.2198, Potential Metric=0.0896, Entropy Metric=0.0411]

Epoch 28:  59%|█████▉    | 19/32 [00:04<00:02,  4.77it/s][A
Training Epochs:  28%|██▊       | 28/100 [02:48<08:31,  7.11s/it, -ELBO=1.2440, Potential Metric=0.1033, Entropy Metric=0.0445]

Epoch 28:  62%|██████▎   | 20/32 [00:04<00:03,  3.72it/s][A
Training Epochs:  28%|██▊       | 28/100 [02:48<08:31,  7.11s/it, -ELBO=1.1541, Potential Metric=0.0928, Entropy Metric=0.0456]

Epoch 28:  66%|██████▌   | 21/32 [00:04<00:02,  3.93it/s][A
Training Epochs:  28%|██▊       | 28/100 [02:48<08:31,  7.11s/it, -ELBO=1.2074, Potential Metric=0.0885, Entropy Metric=0.0429]

Epoch 28:  69%|██████▉   | 22/32 [00:05<00:02,  4.16it/s][A
Training Epochs:  28%|██▊       | 28/100 [02:48<08:31,  7.11s/it, -ELBO=1.3642, Potential Metric=0.0968, Entropy Metric=0.0438]

Epoch 28:  72%|███████▏  | 23/32 [00:05<00:02,  4.16it/s][A
Training Epochs:  28%|██▊       | 28/100 [02:48<08:31,  7.11s/it, -ELBO=1.1908, Potential Metric=0.0977, Entropy Metric=0.0461]

Epoch 28:  75%|███████▌  | 24/32 [00:05<00:01,  4.22it/s][A
Training Epochs:  28%|██▊       | 28/100 [02:49<08:31,  7.11s/it, -ELBO=1.2550, Potential Metric=0.0869, Entropy Metric=0.0437]

Epoch 28:  78%|███████▊  | 25/32 [00:05<00:01,  4.35it/s][A
Training Epochs:  28%|██▊       | 28/100 [02:49<08:31,  7.11s/it, -ELBO=1.0709, Potential Metric=0.0999, Entropy Metric=0.0480]

Epoch 28:  81%|████████▏ | 26/32 [00:05<00:01,  4.52it/s][A
Training Epochs:  28%|██▊       | 28/100 [02:49<08:31,  7.11s/it, -ELBO=1.2568, Potential Metric=0.1098, Entropy Metric=0.0415]

Epoch 28:  84%|████████▍ | 27/32 [00:06<00:01,  4.37it/s][A
Training Epochs:  28%|██▊       | 28/100 [02:49<08:31,  7.11s/it, -ELBO=1.0815, Potential Metric=0.1003, Entropy Metric=0.0456]

Epoch 28:  88%|████████▊ | 28/32 [00:06<00:00,  4.35it/s][A
Training Epochs:  28%|██▊       | 28/100 [02:50<08:31,  7.11s/it, -ELBO=1.0009, Potential Metric=0.0949, Entropy Metric=0.0466]

Epoch 28:  91%|█████████ | 29/32 [00:06<00:00,  4.28it/s][A
Training Epochs:  28%|██▊       | 28/100 [02:50<08:31,  7.11s/it, -ELBO=1.1745, Potential Metric=0.1046, Entropy Metric=0.0441]

Epoch 28:  94%|█████████▍| 30/32 [00:06<00:00,  4.20it/s][A
Training Epochs:  28%|██▊       | 28/100 [02:50<08:31,  7.11s/it, -ELBO=1.1326, Potential Metric=0.0955, Entropy Metric=0.0415]

Epoch 28:  97%|█████████▋| 31/32 [00:07<00:00,  4.21it/s][A
Training Epochs:  28%|██▊       | 28/100 [02:50<08:31,  7.11s/it, -ELBO=1.2148, Potential Metric=0.0999, Entropy Metric=0.0374]

Epoch 28: 100%|██████████| 32/32 [00:07<00:00,  4.42it/s][A

                                                         [A
Training Epochs:  29%|██▉       | 29/100 [02:50<08:33,  7.23s/it, -ELBO=1.2148, Potential Metric=0.0999, Entropy Metric=0.0374]

Epoch 29:   0%|          | 0/32 [00:00<?, ?it/s][A
Training Epochs:  29%|██▉       | 29/100 [02:51<08:33,  7.23s/it, -ELBO=1.1319, Potential Metric=0.1114, Entropy Metric=0.0398]

Epoch 29:   3%|▎         | 1/32 [00:00<00:07,  3.89it/s][A
Training Epochs:  29%|██▉       | 29/100 [02:51<08:33,  7.23s/it, -ELBO=1.1837, Potential Metric=0.1058, Entropy Metric=0.0379]

Epoch 29:   6%|▋         | 2/32 [00:00<00:07,  4.19it/s][A
Training Epochs:  29%|██▉       | 29/100 [02:51<08:33,  7.23s/it, -ELBO=1.0510, Potential Metric=0.0944, Entropy Metric=0.0416]

Epoch 29:   9%|▉         | 3/32 [00:00<00:06,  4.44it/s][A
Training Epochs:  29%|██▉       | 29/100 [02:51<08:33,  7.23s/it, -ELBO=1.1648, Potential Metric=0.0979, Entropy Metric=0.0419]

Epoch 29:  12%|█▎        | 4/32 [00:00<00:06,  4.54it/s][A
Training Epochs:  29%|██▉       | 29/100 [02:52<08:33,  7.23s/it, -ELBO=1.0370, Potential Metric=0.1066, Entropy Metric=0.0407]

Epoch 29:  16%|█▌        | 5/32 [00:01<00:05,  4.74it/s][A
Training Epochs:  29%|██▉       | 29/100 [02:52<08:33,  7.23s/it, -ELBO=1.1048, Potential Metric=0.0957, Entropy Metric=0.0415]

Epoch 29:  19%|█▉        | 6/32 [00:01<00:05,  4.72it/s][A
Training Epochs:  29%|██▉       | 29/100 [02:52<08:33,  7.23s/it, -ELBO=1.1027, Potential Metric=0.0907, Entropy Metric=0.0437]

Epoch 29:  22%|██▏       | 7/32 [00:01<00:05,  4.48it/s][A
Training Epochs:  29%|██▉       | 29/100 [02:52<08:33,  7.23s/it, -ELBO=1.2049, Potential Metric=0.0979, Entropy Metric=0.0459]

Epoch 29:  25%|██▌       | 8/32 [00:01<00:05,  4.39it/s][A
Training Epochs:  29%|██▉       | 29/100 [02:52<08:33,  7.23s/it, -ELBO=1.1012, Potential Metric=0.0962, Entropy Metric=0.0414]

Epoch 29:  28%|██▊       | 9/32 [00:02<00:05,  4.41it/s][A
Training Epochs:  29%|██▉       | 29/100 [02:53<08:33,  7.23s/it, -ELBO=1.1019, Potential Metric=0.1019, Entropy Metric=0.0427]

Epoch 29:  31%|███▏      | 10/32 [00:02<00:05,  4.35it/s][A
Training Epochs:  29%|██▉       | 29/100 [02:53<08:33,  7.23s/it, -ELBO=1.1706, Potential Metric=0.0984, Entropy Metric=0.0418]

Epoch 29:  34%|███▍      | 11/32 [00:02<00:04,  4.26it/s][A
Training Epochs:  29%|██▉       | 29/100 [02:53<08:33,  7.23s/it, -ELBO=1.1317, Potential Metric=0.0964, Entropy Metric=0.0416]

Epoch 29:  38%|███▊      | 12/32 [00:02<00:04,  4.25it/s][A
Training Epochs:  29%|██▉       | 29/100 [02:53<08:33,  7.23s/it, -ELBO=1.1636, Potential Metric=0.0962, Entropy Metric=0.0433]

Epoch 29:  41%|████      | 13/32 [00:02<00:04,  4.23it/s][A
Training Epochs:  29%|██▉       | 29/100 [02:54<08:33,  7.23s/it, -ELBO=1.1222, Potential Metric=0.0971, Entropy Metric=0.0444]

Epoch 29:  44%|████▍     | 14/32 [00:03<00:04,  4.47it/s][A
Training Epochs:  29%|██▉       | 29/100 [02:54<08:33,  7.23s/it, -ELBO=1.0579, Potential Metric=0.0956, Entropy Metric=0.0440]

Epoch 29:  47%|████▋     | 15/32 [00:03<00:03,  4.46it/s][A
Training Epochs:  29%|██▉       | 29/100 [02:54<08:33,  7.23s/it, -ELBO=1.1944, Potential Metric=0.0998, Entropy Metric=0.0484]

Epoch 29:  50%|█████     | 16/32 [00:03<00:03,  4.41it/s][A
Training Epochs:  29%|██▉       | 29/100 [02:54<08:33,  7.23s/it, -ELBO=1.1022, Potential Metric=0.0980, Entropy Metric=0.0431]

Epoch 29:  53%|█████▎    | 17/32 [00:03<00:03,  4.58it/s][A
Training Epochs:  29%|██▉       | 29/100 [02:54<08:33,  7.23s/it, -ELBO=1.1679, Potential Metric=0.0970, Entropy Metric=0.0431]

Epoch 29:  56%|█████▋    | 18/32 [00:04<00:03,  4.47it/s][A
Training Epochs:  29%|██▉       | 29/100 [02:55<08:33,  7.23s/it, -ELBO=1.1268, Potential Metric=0.1051, Entropy Metric=0.0397]

Epoch 29:  59%|█████▉    | 19/32 [00:04<00:03,  4.31it/s][A
Training Epochs:  29%|██▉       | 29/100 [02:55<08:33,  7.23s/it, -ELBO=1.0756, Potential Metric=0.1032, Entropy Metric=0.0418]

Epoch 29:  62%|██████▎   | 20/32 [00:04<00:02,  4.21it/s][A
Training Epochs:  29%|██▉       | 29/100 [02:55<08:33,  7.23s/it, -ELBO=1.0772, Potential Metric=0.1051, Entropy Metric=0.0425]

Epoch 29:  66%|██████▌   | 21/32 [00:04<00:02,  4.02it/s][A
Training Epochs:  29%|██▉       | 29/100 [02:56<08:33,  7.23s/it, -ELBO=1.2770, Potential Metric=0.1034, Entropy Metric=0.0429]

Epoch 29:  69%|██████▉   | 22/32 [00:05<00:02,  4.03it/s][A
Training Epochs:  29%|██▉       | 29/100 [02:56<08:33,  7.23s/it, -ELBO=1.0431, Potential Metric=0.0981, Entropy Metric=0.0428]

Epoch 29:  72%|███████▏  | 23/32 [00:05<00:02,  4.23it/s][A
Training Epochs:  29%|██▉       | 29/100 [02:56<08:33,  7.23s/it, -ELBO=1.0915, Potential Metric=0.0970, Entropy Metric=0.0434]

Epoch 29:  75%|███████▌  | 24/32 [00:05<00:01,  4.27it/s][A
Training Epochs:  29%|██▉       | 29/100 [02:56<08:33,  7.23s/it, -ELBO=1.1142, Potential Metric=0.0947, Entropy Metric=0.0418]

Epoch 29:  78%|███████▊  | 25/32 [00:05<00:01,  4.35it/s][A
Training Epochs:  29%|██▉       | 29/100 [02:56<08:33,  7.23s/it, -ELBO=1.0340, Potential Metric=0.0954, Entropy Metric=0.0451]

Epoch 29:  81%|████████▏ | 26/32 [00:05<00:01,  4.33it/s][A
Training Epochs:  29%|██▉       | 29/100 [02:57<08:33,  7.23s/it, -ELBO=1.1947, Potential Metric=0.1046, Entropy Metric=0.0420]

Epoch 29:  84%|████████▍ | 27/32 [00:06<00:01,  4.13it/s][A
Training Epochs:  29%|██▉       | 29/100 [02:57<08:33,  7.23s/it, -ELBO=1.1388, Potential Metric=0.1020, Entropy Metric=0.0404]

Epoch 29:  88%|████████▊ | 28/32 [00:06<00:00,  4.01it/s][A
Training Epochs:  29%|██▉       | 29/100 [02:57<08:33,  7.23s/it, -ELBO=1.1189, Potential Metric=0.0995, Entropy Metric=0.0464]

Epoch 29:  91%|█████████ | 29/32 [00:06<00:00,  4.04it/s][A
Training Epochs:  29%|██▉       | 29/100 [02:57<08:33,  7.23s/it, -ELBO=1.2597, Potential Metric=0.0984, Entropy Metric=0.0466]

Epoch 29:  94%|█████████▍| 30/32 [00:06<00:00,  4.13it/s][A
Training Epochs:  29%|██▉       | 29/100 [02:58<08:33,  7.23s/it, -ELBO=1.0144, Potential Metric=0.1040, Entropy Metric=0.0499]

Epoch 29:  97%|█████████▋| 31/32 [00:07<00:00,  4.20it/s][A
Training Epochs:  29%|██▉       | 29/100 [02:58<08:33,  7.23s/it, -ELBO=1.2353, Potential Metric=0.0902, Entropy Metric=0.0455]

Epoch 29: 100%|██████████| 32/32 [00:07<00:00,  4.16it/s][A

                                                         [A
Training Epochs:  30%|███       | 30/100 [02:58<08:33,  7.33s/it, -ELBO=1.2353, Potential Metric=0.0902, Entropy Metric=0.0455]

Epoch 30:   0%|          | 0/32 [00:00<?, ?it/s][A
Training Epochs:  30%|███       | 30/100 [02:58<08:33,  7.33s/it, -ELBO=1.0983, Potential Metric=0.0965, Entropy Metric=0.0477]

Epoch 30:   3%|▎         | 1/32 [00:00<00:11,  2.65it/s][A
Training Epochs:  30%|███       | 30/100 [02:59<08:33,  7.33s/it, -ELBO=1.0886, Potential Metric=0.0929, Entropy Metric=0.0461]

Epoch 30:   6%|▋         | 2/32 [00:00<00:08,  3.62it/s][A
Training Epochs:  30%|███       | 30/100 [02:59<08:33,  7.33s/it, -ELBO=1.2010, Potential Metric=0.0964, Entropy Metric=0.0437]

Epoch 30:   9%|▉         | 3/32 [00:00<00:07,  3.94it/s][A
Training Epochs:  30%|███       | 30/100 [02:59<08:33,  7.33s/it, -ELBO=1.1371, Potential Metric=0.1006, Entropy Metric=0.0439]

Epoch 30:  12%|█▎        | 4/32 [00:01<00:06,  4.19it/s][A
Training Epochs:  30%|███       | 30/100 [02:59<08:33,  7.33s/it, -ELBO=1.1283, Potential Metric=0.0968, Entropy Metric=0.0427]

Epoch 30:  16%|█▌        | 5/32 [00:01<00:06,  4.48it/s][A
Training Epochs:  30%|███       | 30/100 [03:00<08:33,  7.33s/it, -ELBO=1.1806, Potential Metric=0.0926, Entropy Metric=0.0421]

Epoch 30:  19%|█▉        | 6/32 [00:01<00:05,  4.40it/s][A
Training Epochs:  30%|███       | 30/100 [03:00<08:33,  7.33s/it, -ELBO=1.0695, Potential Metric=0.1006, Entropy Metric=0.0418]

Epoch 30:  22%|██▏       | 7/32 [00:01<00:05,  4.36it/s][A
Training Epochs:  30%|███       | 30/100 [03:00<08:33,  7.33s/it, -ELBO=1.0311, Potential Metric=0.0959, Entropy Metric=0.0450]

Epoch 30:  25%|██▌       | 8/32 [00:01<00:05,  4.54it/s][A
Training Epochs:  30%|███       | 30/100 [03:00<08:33,  7.33s/it, -ELBO=1.0642, Potential Metric=0.0962, Entropy Metric=0.0387]

Epoch 30:  28%|██▊       | 9/32 [00:02<00:04,  4.73it/s][A
Training Epochs:  30%|███       | 30/100 [03:00<08:33,  7.33s/it, -ELBO=1.1619, Potential Metric=0.0946, Entropy Metric=0.0391]

Epoch 30:  31%|███▏      | 10/32 [00:02<00:04,  4.67it/s][A
Training Epochs:  30%|███       | 30/100 [03:01<08:33,  7.33s/it, -ELBO=1.0113, Potential Metric=0.0954, Entropy Metric=0.0406]

Epoch 30:  34%|███▍      | 11/32 [00:02<00:04,  4.71it/s][A
Training Epochs:  30%|███       | 30/100 [03:01<08:33,  7.33s/it, -ELBO=1.0957, Potential Metric=0.0868, Entropy Metric=0.0426]

Epoch 30:  38%|███▊      | 12/32 [00:02<00:04,  4.47it/s][A
Training Epochs:  30%|███       | 30/100 [03:01<08:33,  7.33s/it, -ELBO=1.0641, Potential Metric=0.0984, Entropy Metric=0.0397]

Epoch 30:  41%|████      | 13/32 [00:02<00:04,  4.51it/s][A
Training Epochs:  30%|███       | 30/100 [03:01<08:33,  7.33s/it, -ELBO=0.9910, Potential Metric=0.0961, Entropy Metric=0.0408]

Epoch 30:  44%|████▍     | 14/32 [00:03<00:03,  4.60it/s][A
Training Epochs:  30%|███       | 30/100 [03:02<08:33,  7.33s/it, -ELBO=1.2968, Potential Metric=0.1001, Entropy Metric=0.0392]

Epoch 30:  47%|████▋     | 15/32 [00:03<00:03,  4.30it/s][A
Training Epochs:  30%|███       | 30/100 [03:02<08:33,  7.33s/it, -ELBO=1.1647, Potential Metric=0.0921, Entropy Metric=0.0431]

Epoch 30:  50%|█████     | 16/32 [00:03<00:03,  4.14it/s][A
Training Epochs:  30%|███       | 30/100 [03:02<08:33,  7.33s/it, -ELBO=1.0757, Potential Metric=0.0985, Entropy Metric=0.0474]

Epoch 30:  53%|█████▎    | 17/32 [00:03<00:03,  4.28it/s][A
Training Epochs:  30%|███       | 30/100 [03:02<08:33,  7.33s/it, -ELBO=1.0881, Potential Metric=0.0969, Entropy Metric=0.0453]

Epoch 30:  56%|█████▋    | 18/32 [00:04<00:03,  4.30it/s][A
Training Epochs:  30%|███       | 30/100 [03:02<08:33,  7.33s/it, -ELBO=1.0066, Potential Metric=0.0953, Entropy Metric=0.0458]

Epoch 30:  59%|█████▉    | 19/32 [00:04<00:02,  4.49it/s][A
Training Epochs:  30%|███       | 30/100 [03:03<08:33,  7.33s/it, -ELBO=1.0474, Potential Metric=0.0994, Entropy Metric=0.0427]

Epoch 30:  62%|██████▎   | 20/32 [00:04<00:02,  4.40it/s][A
Training Epochs:  30%|███       | 30/100 [03:03<08:33,  7.33s/it, -ELBO=1.1071, Potential Metric=0.1024, Entropy Metric=0.0414]

Epoch 30:  66%|██████▌   | 21/32 [00:04<00:02,  4.49it/s][A
Training Epochs:  30%|███       | 30/100 [03:03<08:33,  7.33s/it, -ELBO=1.1089, Potential Metric=0.0969, Entropy Metric=0.0399]

Epoch 30:  69%|██████▉   | 22/32 [00:05<00:02,  4.26it/s][A
Training Epochs:  30%|███       | 30/100 [03:03<08:33,  7.33s/it, -ELBO=1.1105, Potential Metric=0.1016, Entropy Metric=0.0400]

Epoch 30:  72%|███████▏  | 23/32 [00:05<00:02,  4.36it/s][A
Training Epochs:  30%|███       | 30/100 [03:04<08:33,  7.33s/it, -ELBO=1.1620, Potential Metric=0.0942, Entropy Metric=0.0359]

Epoch 30:  75%|███████▌  | 24/32 [00:05<00:01,  4.34it/s][A
Training Epochs:  30%|███       | 30/100 [03:04<08:33,  7.33s/it, -ELBO=1.0805, Potential Metric=0.0896, Entropy Metric=0.0407]

Epoch 30:  78%|███████▊  | 25/32 [00:05<00:01,  4.49it/s][A
Training Epochs:  30%|███       | 30/100 [03:04<08:33,  7.33s/it, -ELBO=1.1978, Potential Metric=0.0986, Entropy Metric=0.0392]

Epoch 30:  81%|████████▏ | 26/32 [00:05<00:01,  4.61it/s][A
Training Epochs:  30%|███       | 30/100 [03:04<08:33,  7.33s/it, -ELBO=1.0757, Potential Metric=0.0922, Entropy Metric=0.0401]

Epoch 30:  84%|████████▍ | 27/32 [00:06<00:01,  4.60it/s][A
Training Epochs:  30%|███       | 30/100 [03:04<08:33,  7.33s/it, -ELBO=1.1230, Potential Metric=0.0883, Entropy Metric=0.0446]

Epoch 30:  88%|████████▊ | 28/32 [00:06<00:00,  4.64it/s][A
Training Epochs:  30%|███       | 30/100 [03:05<08:33,  7.33s/it, -ELBO=0.9860, Potential Metric=0.0888, Entropy Metric=0.0454]

Epoch 30:  91%|█████████ | 29/32 [00:06<00:00,  4.82it/s][A
Training Epochs:  30%|███       | 30/100 [03:05<08:33,  7.33s/it, -ELBO=1.0565, Potential Metric=0.0971, Entropy Metric=0.0454]

Epoch 30:  94%|█████████▍| 30/32 [00:06<00:00,  4.65it/s][A
Training Epochs:  30%|███       | 30/100 [03:05<08:33,  7.33s/it, -ELBO=1.0608, Potential Metric=0.1014, Entropy Metric=0.0438]

Epoch 30:  97%|█████████▋| 31/32 [00:07<00:00,  4.63it/s][A
Training Epochs:  30%|███       | 30/100 [03:05<08:33,  7.33s/it, -ELBO=1.0007, Potential Metric=0.0972, Entropy Metric=0.0458]

Epoch 30: 100%|██████████| 32/32 [00:07<00:00,  4.66it/s][A

                                                         [A
Training Epochs:  31%|███       | 31/100 [03:05<08:27,  7.36s/it, -ELBO=1.0007, Potential Metric=0.0972, Entropy Metric=0.0458]

Epoch 31:   0%|          | 0/32 [00:00<?, ?it/s][A
Training Epochs:  31%|███       | 31/100 [03:06<08:27,  7.36s/it, -ELBO=1.1344, Potential Metric=0.0975, Entropy Metric=0.0422]

Epoch 31:   3%|▎         | 1/32 [00:00<00:08,  3.68it/s][A
Training Epochs:  31%|███       | 31/100 [03:06<08:27,  7.36s/it, -ELBO=0.8957, Potential Metric=0.0893, Entropy Metric=0.0470]

Epoch 31:   6%|▋         | 2/32 [00:00<00:08,  3.71it/s][A
Training Epochs:  31%|███       | 31/100 [03:06<08:27,  7.36s/it, -ELBO=1.1501, Potential Metric=0.1050, Entropy Metric=0.0408]

Epoch 31:   9%|▉         | 3/32 [00:00<00:07,  3.97it/s][A
Training Epochs:  31%|███       | 31/100 [03:06<08:27,  7.36s/it, -ELBO=1.1985, Potential Metric=0.1065, Entropy Metric=0.0442]

Epoch 31:  12%|█▎        | 4/32 [00:00<00:06,  4.16it/s][A
Training Epochs:  31%|███       | 31/100 [03:07<08:27,  7.36s/it, -ELBO=1.1522, Potential Metric=0.1073, Entropy Metric=0.0410]

Epoch 31:  16%|█▌        | 5/32 [00:01<00:06,  4.30it/s][A
Training Epochs:  31%|███       | 31/100 [03:07<08:27,  7.36s/it, -ELBO=0.9802, Potential Metric=0.1028, Entropy Metric=0.0407]

Epoch 31:  19%|█▉        | 6/32 [00:01<00:06,  4.23it/s][A
Training Epochs:  31%|███       | 31/100 [03:07<08:27,  7.36s/it, -ELBO=1.1604, Potential Metric=0.1050, Entropy Metric=0.0435]

Epoch 31:  22%|██▏       | 7/32 [00:01<00:05,  4.39it/s][A
Training Epochs:  31%|███       | 31/100 [03:07<08:27,  7.36s/it, -ELBO=1.0637, Potential Metric=0.0930, Entropy Metric=0.0413]

Epoch 31:  25%|██▌       | 8/32 [00:01<00:05,  4.38it/s][A
Training Epochs:  31%|███       | 31/100 [03:08<08:27,  7.36s/it, -ELBO=1.1548, Potential Metric=0.0956, Entropy Metric=0.0437]

Epoch 31:  28%|██▊       | 9/32 [00:02<00:05,  4.55it/s][A
Training Epochs:  31%|███       | 31/100 [03:08<08:27,  7.36s/it, -ELBO=1.0310, Potential Metric=0.0944, Entropy Metric=0.0404]

Epoch 31:  31%|███▏      | 10/32 [00:02<00:04,  4.56it/s][A
Training Epochs:  31%|███       | 31/100 [03:08<08:27,  7.36s/it, -ELBO=0.9809, Potential Metric=0.0910, Entropy Metric=0.0389]

Epoch 31:  34%|███▍      | 11/32 [00:02<00:04,  4.61it/s][A
Training Epochs:  31%|███       | 31/100 [03:08<08:27,  7.36s/it, -ELBO=0.9737, Potential Metric=0.1008, Entropy Metric=0.0410]

Epoch 31:  38%|███▊      | 12/32 [00:02<00:04,  4.69it/s][A
Training Epochs:  31%|███       | 31/100 [03:08<08:27,  7.36s/it, -ELBO=1.0637, Potential Metric=0.1032, Entropy Metric=0.0410]

Epoch 31:  41%|████      | 13/32 [00:02<00:04,  4.72it/s][A
Training Epochs:  31%|███       | 31/100 [03:09<08:27,  7.36s/it, -ELBO=1.0972, Potential Metric=0.1005, Entropy Metric=0.0422]

Epoch 31:  44%|████▍     | 14/32 [00:03<00:04,  4.44it/s][A
Training Epochs:  31%|███       | 31/100 [03:09<08:27,  7.36s/it, -ELBO=1.0525, Potential Metric=0.0999, Entropy Metric=0.0430]

Epoch 31:  47%|████▋     | 15/32 [00:03<00:03,  4.45it/s][A
Training Epochs:  31%|███       | 31/100 [03:09<08:27,  7.36s/it, -ELBO=1.0352, Potential Metric=0.1030, Entropy Metric=0.0399]

Epoch 31:  50%|█████     | 16/32 [00:03<00:03,  4.55it/s][A
Training Epochs:  31%|███       | 31/100 [03:09<08:27,  7.36s/it, -ELBO=1.1049, Potential Metric=0.0971, Entropy Metric=0.0439]

Epoch 31:  53%|█████▎    | 17/32 [00:03<00:03,  4.73it/s][A
Training Epochs:  31%|███       | 31/100 [03:10<08:27,  7.36s/it, -ELBO=0.9672, Potential Metric=0.1010, Entropy Metric=0.0441]

Epoch 31:  56%|█████▋    | 18/32 [00:04<00:02,  4.79it/s][A
Training Epochs:  31%|███       | 31/100 [03:10<08:27,  7.36s/it, -ELBO=0.9134, Potential Metric=0.1033, Entropy Metric=0.0447]

Epoch 31:  59%|█████▉    | 19/32 [00:04<00:02,  4.75it/s][A
Training Epochs:  31%|███       | 31/100 [03:10<08:27,  7.36s/it, -ELBO=0.9596, Potential Metric=0.1044, Entropy Metric=0.0443]

Epoch 31:  62%|██████▎   | 20/32 [00:04<00:02,  4.68it/s][A
Training Epochs:  31%|███       | 31/100 [03:10<08:27,  7.36s/it, -ELBO=1.0868, Potential Metric=0.0995, Entropy Metric=0.0405]

Epoch 31:  66%|██████▌   | 21/32 [00:04<00:02,  4.57it/s][A
Training Epochs:  31%|███       | 31/100 [03:10<08:27,  7.36s/it, -ELBO=1.0268, Potential Metric=0.1042, Entropy Metric=0.0435]

Epoch 31:  69%|██████▉   | 22/32 [00:04<00:02,  4.48it/s][A
Training Epochs:  31%|███       | 31/100 [03:11<08:27,  7.36s/it, -ELBO=1.2203, Potential Metric=0.1069, Entropy Metric=0.0408]

Epoch 31:  72%|███████▏  | 23/32 [00:05<00:01,  4.53it/s][A
Training Epochs:  31%|███       | 31/100 [03:11<08:27,  7.36s/it, -ELBO=1.1231, Potential Metric=0.1034, Entropy Metric=0.0453]

Epoch 31:  75%|███████▌  | 24/32 [00:05<00:01,  4.43it/s][A
Training Epochs:  31%|███       | 31/100 [03:11<08:27,  7.36s/it, -ELBO=1.0797, Potential Metric=0.1064, Entropy Metric=0.0428]

Epoch 31:  78%|███████▊  | 25/32 [00:05<00:01,  4.44it/s][A
Training Epochs:  31%|███       | 31/100 [03:11<08:27,  7.36s/it, -ELBO=1.2133, Potential Metric=0.1082, Entropy Metric=0.0426]

Epoch 31:  81%|████████▏ | 26/32 [00:05<00:01,  4.45it/s][A
Training Epochs:  31%|███       | 31/100 [03:12<08:27,  7.36s/it, -ELBO=1.0345, Potential Metric=0.1047, Entropy Metric=0.0443]

Epoch 31:  84%|████████▍ | 27/32 [00:06<00:01,  4.45it/s][A
Training Epochs:  31%|███       | 31/100 [03:12<08:27,  7.36s/it, -ELBO=1.0072, Potential Metric=0.1010, Entropy Metric=0.0487]

Epoch 31:  88%|████████▊ | 28/32 [00:06<00:00,  4.38it/s][A
Training Epochs:  31%|███       | 31/100 [03:12<08:27,  7.36s/it, -ELBO=1.0817, Potential Metric=0.0982, Entropy Metric=0.0434]

Epoch 31:  91%|█████████ | 29/32 [00:06<00:00,  4.38it/s][A
Training Epochs:  31%|███       | 31/100 [03:12<08:27,  7.36s/it, -ELBO=1.0708, Potential Metric=0.1039, Entropy Metric=0.0446]

Epoch 31:  94%|█████████▍| 30/32 [00:06<00:00,  4.31it/s][A
Training Epochs:  31%|███       | 31/100 [03:12<08:27,  7.36s/it, -ELBO=1.0981, Potential Metric=0.1003, Entropy Metric=0.0429]

Epoch 31:  97%|█████████▋| 31/32 [00:06<00:00,  4.36it/s][A
Training Epochs:  31%|███       | 31/100 [03:13<08:27,  7.36s/it, -ELBO=1.0333, Potential Metric=0.0991, Entropy Metric=0.0410]

Epoch 31: 100%|██████████| 32/32 [00:07<00:00,  4.33it/s][A

                                                         [A
Training Epochs:  32%|███▏      | 32/100 [03:13<08:21,  7.38s/it, -ELBO=1.0333, Potential Metric=0.0991, Entropy Metric=0.0410]

Epoch 32:   0%|          | 0/32 [00:00<?, ?it/s][A
Training Epochs:  32%|███▏      | 32/100 [03:13<08:21,  7.38s/it, -ELBO=1.2149, Potential Metric=0.1092, Entropy Metric=0.0439]

Epoch 32:   3%|▎         | 1/32 [00:00<00:09,  3.16it/s][A
Training Epochs:  32%|███▏      | 32/100 [03:13<08:21,  7.38s/it, -ELBO=1.2035, Potential Metric=0.0970, Entropy Metric=0.0414]

Epoch 32:   6%|▋         | 2/32 [00:00<00:08,  3.75it/s][A
Training Epochs:  32%|███▏      | 32/100 [03:14<08:21,  7.38s/it, -ELBO=1.0429, Potential Metric=0.0979, Entropy Metric=0.0433]

Epoch 32:   9%|▉         | 3/32 [00:00<00:07,  3.98it/s][A
Training Epochs:  32%|███▏      | 32/100 [03:14<08:21,  7.38s/it, -ELBO=1.0226, Potential Metric=0.0973, Entropy Metric=0.0434]

Epoch 32:  12%|█▎        | 4/32 [00:01<00:07,  3.87it/s][A
Training Epochs:  32%|███▏      | 32/100 [03:14<08:21,  7.38s/it, -ELBO=1.0861, Potential Metric=0.0999, Entropy Metric=0.0465]

Epoch 32:  16%|█▌        | 5/32 [00:01<00:06,  4.15it/s][A
Training Epochs:  32%|███▏      | 32/100 [03:14<08:21,  7.38s/it, -ELBO=1.0344, Potential Metric=0.0924, Entropy Metric=0.0416]

Epoch 32:  19%|█▉        | 6/32 [00:01<00:06,  4.20it/s][A
Training Epochs:  32%|███▏      | 32/100 [03:15<08:21,  7.38s/it, -ELBO=1.0094, Potential Metric=0.1033, Entropy Metric=0.0461]

Epoch 32:  22%|██▏       | 7/32 [00:01<00:05,  4.22it/s][A
Training Epochs:  32%|███▏      | 32/100 [03:15<08:21,  7.38s/it, -ELBO=0.9669, Potential Metric=0.1143, Entropy Metric=0.0461]

Epoch 32:  25%|██▌       | 8/32 [00:01<00:05,  4.44it/s][A
Training Epochs:  32%|███▏      | 32/100 [03:15<08:21,  7.38s/it, -ELBO=1.0480, Potential Metric=0.1018, Entropy Metric=0.0422]

Epoch 32:  28%|██▊       | 9/32 [00:02<00:05,  4.39it/s][A
Training Epochs:  32%|███▏      | 32/100 [03:15<08:21,  7.38s/it, -ELBO=1.0093, Potential Metric=0.0941, Entropy Metric=0.0439]

Epoch 32:  31%|███▏      | 10/32 [00:02<00:05,  4.37it/s][A
Training Epochs:  32%|███▏      | 32/100 [03:15<08:21,  7.38s/it, -ELBO=1.1211, Potential Metric=0.1000, Entropy Metric=0.0414]

Epoch 32:  34%|███▍      | 11/32 [00:02<00:04,  4.31it/s][A
Training Epochs:  32%|███▏      | 32/100 [03:16<08:21,  7.38s/it, -ELBO=1.0890, Potential Metric=0.1026, Entropy Metric=0.0389]

Epoch 32:  38%|███▊      | 12/32 [00:02<00:04,  4.34it/s][A
Training Epochs:  32%|███▏      | 32/100 [03:16<08:21,  7.38s/it, -ELBO=1.0246, Potential Metric=0.1003, Entropy Metric=0.0406]

Epoch 32:  41%|████      | 13/32 [00:03<00:04,  4.49it/s][A
Training Epochs:  32%|███▏      | 32/100 [03:16<08:21,  7.38s/it, -ELBO=1.1265, Potential Metric=0.1105, Entropy Metric=0.0409]

Epoch 32:  44%|████▍     | 14/32 [00:03<00:03,  4.52it/s][A
Training Epochs:  32%|███▏      | 32/100 [03:16<08:21,  7.38s/it, -ELBO=0.9828, Potential Metric=0.0980, Entropy Metric=0.0426]

Epoch 32:  47%|████▋     | 15/32 [00:03<00:03,  4.50it/s][A
Training Epochs:  32%|███▏      | 32/100 [03:17<08:21,  7.38s/it, -ELBO=1.0320, Potential Metric=0.0950, Entropy Metric=0.0397]

Epoch 32:  50%|█████     | 16/32 [00:03<00:03,  4.57it/s][A
Training Epochs:  32%|███▏      | 32/100 [03:17<08:21,  7.38s/it, -ELBO=1.1503, Potential Metric=0.1111, Entropy Metric=0.0377]

Epoch 32:  53%|█████▎    | 17/32 [00:03<00:03,  4.65it/s][A
Training Epochs:  32%|███▏      | 32/100 [03:17<08:21,  7.38s/it, -ELBO=1.0308, Potential Metric=0.0949, Entropy Metric=0.0419]

Epoch 32:  56%|█████▋    | 18/32 [00:04<00:03,  4.59it/s][A
Training Epochs:  32%|███▏      | 32/100 [03:17<08:21,  7.38s/it, -ELBO=0.9087, Potential Metric=0.1002, Entropy Metric=0.0446]

Epoch 32:  59%|█████▉    | 19/32 [00:04<00:02,  4.50it/s][A
Training Epochs:  32%|███▏      | 32/100 [03:17<08:21,  7.38s/it, -ELBO=0.8767, Potential Metric=0.1009, Entropy Metric=0.0423]

Epoch 32:  62%|██████▎   | 20/32 [00:04<00:02,  4.69it/s][A
Training Epochs:  32%|███▏      | 32/100 [03:18<08:21,  7.38s/it, -ELBO=1.1114, Potential Metric=0.1040, Entropy Metric=0.0391]

Epoch 32:  66%|██████▌   | 21/32 [00:04<00:02,  3.67it/s][A
Training Epochs:  32%|███▏      | 32/100 [03:18<08:21,  7.38s/it, -ELBO=0.9803, Potential Metric=0.1024, Entropy Metric=0.0399]

Epoch 32:  69%|██████▉   | 22/32 [00:05<00:02,  3.86it/s][A
Training Epochs:  32%|███▏      | 32/100 [03:18<08:21,  7.38s/it, -ELBO=1.0773, Potential Metric=0.0914, Entropy Metric=0.0396]

Epoch 32:  72%|███████▏  | 23/32 [00:05<00:02,  4.03it/s][A
Training Epochs:  32%|███▏      | 32/100 [03:19<08:21,  7.38s/it, -ELBO=0.9385, Potential Metric=0.1069, Entropy Metric=0.0433]

Epoch 32:  75%|███████▌  | 24/32 [00:05<00:01,  4.02it/s][A
Training Epochs:  32%|███▏      | 32/100 [03:19<08:21,  7.38s/it, -ELBO=1.0127, Potential Metric=0.1044, Entropy Metric=0.0411]

Epoch 32:  78%|███████▊  | 25/32 [00:05<00:01,  4.22it/s][A
Training Epochs:  32%|███▏      | 32/100 [03:19<08:21,  7.38s/it, -ELBO=1.0813, Potential Metric=0.1156, Entropy Metric=0.0402]

Epoch 32:  81%|████████▏ | 26/32 [00:06<00:01,  4.35it/s][A
Training Epochs:  32%|███▏      | 32/100 [03:19<08:21,  7.38s/it, -ELBO=0.8867, Potential Metric=0.1038, Entropy Metric=0.0439]

Epoch 32:  84%|████████▍ | 27/32 [00:06<00:01,  4.55it/s][A
Training Epochs:  32%|███▏      | 32/100 [03:19<08:21,  7.38s/it, -ELBO=0.9834, Potential Metric=0.1118, Entropy Metric=0.0442]

Epoch 32:  88%|████████▊ | 28/32 [00:06<00:00,  4.66it/s][A
Training Epochs:  32%|███▏      | 32/100 [03:20<08:21,  7.38s/it, -ELBO=0.9123, Potential Metric=0.0968, Entropy Metric=0.0449]

Epoch 32:  91%|█████████ | 29/32 [00:06<00:00,  4.58it/s][A
Training Epochs:  32%|███▏      | 32/100 [03:20<08:21,  7.38s/it, -ELBO=0.9487, Potential Metric=0.0963, Entropy Metric=0.0408]

Epoch 32:  94%|█████████▍| 30/32 [00:06<00:00,  4.48it/s][A
Training Epochs:  32%|███▏      | 32/100 [03:20<08:21,  7.38s/it, -ELBO=1.0375, Potential Metric=0.1049, Entropy Metric=0.0376]

Epoch 32:  97%|█████████▋| 31/32 [00:07<00:00,  4.27it/s][A
Training Epochs:  32%|███▏      | 32/100 [03:20<08:21,  7.38s/it, -ELBO=1.1218, Potential Metric=0.1000, Entropy Metric=0.0379]

Epoch 32: 100%|██████████| 32/32 [00:07<00:00,  4.32it/s][A

                                                         [A
Training Epochs:  33%|███▎      | 33/100 [03:20<08:17,  7.43s/it, -ELBO=1.1218, Potential Metric=0.1000, Entropy Metric=0.0379]

Epoch 33:   0%|          | 0/32 [00:00<?, ?it/s][A
Training Epochs:  33%|███▎      | 33/100 [03:21<08:17,  7.43s/it, -ELBO=0.9538, Potential Metric=0.0980, Entropy Metric=0.0397]

Epoch 33:   3%|▎         | 1/32 [00:00<00:07,  3.91it/s][A
Training Epochs:  33%|███▎      | 33/100 [03:21<08:17,  7.43s/it, -ELBO=1.0184, Potential Metric=0.1069, Entropy Metric=0.0419]

Epoch 33:   6%|▋         | 2/32 [00:00<00:07,  4.18it/s][A
Training Epochs:  33%|███▎      | 33/100 [03:21<08:17,  7.43s/it, -ELBO=1.0747, Potential Metric=0.0994, Entropy Metric=0.0406]

Epoch 33:   9%|▉         | 3/32 [00:00<00:06,  4.59it/s][A
Training Epochs:  33%|███▎      | 33/100 [03:21<08:17,  7.43s/it, -ELBO=1.1005, Potential Metric=0.0960, Entropy Metric=0.0410]

Epoch 33:  12%|█▎        | 4/32 [00:00<00:06,  4.60it/s][A
Training Epochs:  33%|███▎      | 33/100 [03:22<08:17,  7.43s/it, -ELBO=1.0192, Potential Metric=0.0998, Entropy Metric=0.0384]

Epoch 33:  16%|█▌        | 5/32 [00:01<00:05,  4.54it/s][A
Training Epochs:  33%|███▎      | 33/100 [03:22<08:17,  7.43s/it, -ELBO=0.8965, Potential Metric=0.1054, Entropy Metric=0.0471]

Epoch 33:  19%|█▉        | 6/32 [00:01<00:05,  4.37it/s][A
Training Epochs:  33%|███▎      | 33/100 [03:22<08:17,  7.43s/it, -ELBO=0.9555, Potential Metric=0.0941, Entropy Metric=0.0412]

Epoch 33:  22%|██▏       | 7/32 [00:01<00:05,  4.26it/s][A
Training Epochs:  33%|███▎      | 33/100 [03:22<08:17,  7.43s/it, -ELBO=1.0058, Potential Metric=0.0894, Entropy Metric=0.0405]

Epoch 33:  25%|██▌       | 8/32 [00:01<00:05,  4.10it/s][A
Training Epochs:  33%|███▎      | 33/100 [03:23<08:17,  7.43s/it, -ELBO=1.0364, Potential Metric=0.1039, Entropy Metric=0.0440]

Epoch 33:  28%|██▊       | 9/32 [00:02<00:05,  4.39it/s][A
Training Epochs:  33%|███▎      | 33/100 [03:23<08:17,  7.43s/it, -ELBO=1.1372, Potential Metric=0.1033, Entropy Metric=0.0391]

Epoch 33:  31%|███▏      | 10/32 [00:02<00:05,  4.27it/s][A
Training Epochs:  33%|███▎      | 33/100 [03:23<08:17,  7.43s/it, -ELBO=0.9393, Potential Metric=0.1114, Entropy Metric=0.0400]

Epoch 33:  34%|███▍      | 11/32 [00:02<00:04,  4.45it/s][A
Training Epochs:  33%|███▎      | 33/100 [03:23<08:17,  7.43s/it, -ELBO=0.9530, Potential Metric=0.0939, Entropy Metric=0.0384]

Epoch 33:  38%|███▊      | 12/32 [00:02<00:04,  4.38it/s][A
Training Epochs:  33%|███▎      | 33/100 [03:23<08:17,  7.43s/it, -ELBO=1.0026, Potential Metric=0.0993, Entropy Metric=0.0395]

Epoch 33:  41%|████      | 13/32 [00:02<00:04,  4.41it/s][A
Training Epochs:  33%|███▎      | 33/100 [03:24<08:17,  7.43s/it, -ELBO=1.0177, Potential Metric=0.1038, Entropy Metric=0.0403]

Epoch 33:  44%|████▍     | 14/32 [00:03<00:03,  4.54it/s][A
Training Epochs:  33%|███▎      | 33/100 [03:24<08:17,  7.43s/it, -ELBO=1.0012, Potential Metric=0.0994, Entropy Metric=0.0440]

Epoch 33:  47%|████▋     | 15/32 [00:03<00:03,  4.64it/s][A
Training Epochs:  33%|███▎      | 33/100 [03:24<08:17,  7.43s/it, -ELBO=0.9161, Potential Metric=0.0990, Entropy Metric=0.0399]

Epoch 33:  50%|█████     | 16/32 [00:03<00:03,  4.59it/s][A
Training Epochs:  33%|███▎      | 33/100 [03:24<08:17,  7.43s/it, -ELBO=0.9258, Potential Metric=0.1137, Entropy Metric=0.0420]

Epoch 33:  53%|█████▎    | 17/32 [00:03<00:03,  4.59it/s][A
Training Epochs:  33%|███▎      | 33/100 [03:25<08:17,  7.43s/it, -ELBO=1.0341, Potential Metric=0.1074, Entropy Metric=0.0415]

Epoch 33:  56%|█████▋    | 18/32 [00:04<00:03,  4.53it/s][A
Training Epochs:  33%|███▎      | 33/100 [03:25<08:17,  7.43s/it, -ELBO=1.0206, Potential Metric=0.0987, Entropy Metric=0.0419]

Epoch 33:  59%|█████▉    | 19/32 [00:04<00:03,  4.22it/s][A
Training Epochs:  33%|███▎      | 33/100 [03:25<08:17,  7.43s/it, -ELBO=1.0511, Potential Metric=0.1065, Entropy Metric=0.0422]

Epoch 33:  62%|██████▎   | 20/32 [00:04<00:02,  4.24it/s][A
Training Epochs:  33%|███▎      | 33/100 [03:25<08:17,  7.43s/it, -ELBO=1.0311, Potential Metric=0.1101, Entropy Metric=0.0414]

Epoch 33:  66%|██████▌   | 21/32 [00:04<00:02,  4.31it/s][A
Training Epochs:  33%|███▎      | 33/100 [03:25<08:17,  7.43s/it, -ELBO=1.0198, Potential Metric=0.1025, Entropy Metric=0.0435]

Epoch 33:  69%|██████▉   | 22/32 [00:05<00:02,  4.31it/s][A
Training Epochs:  33%|███▎      | 33/100 [03:26<08:17,  7.43s/it, -ELBO=0.9992, Potential Metric=0.1023, Entropy Metric=0.0388]

Epoch 33:  72%|███████▏  | 23/32 [00:05<00:02,  4.08it/s][A
Training Epochs:  33%|███▎      | 33/100 [03:26<08:17,  7.43s/it, -ELBO=1.0564, Potential Metric=0.1108, Entropy Metric=0.0406]

Epoch 33:  75%|███████▌  | 24/32 [00:05<00:01,  4.18it/s][A
Training Epochs:  33%|███▎      | 33/100 [03:26<08:17,  7.43s/it, -ELBO=0.9951, Potential Metric=0.1110, Entropy Metric=0.0413]

Epoch 33:  78%|███████▊  | 25/32 [00:05<00:01,  4.44it/s][A
Training Epochs:  33%|███▎      | 33/100 [03:26<08:17,  7.43s/it, -ELBO=0.9186, Potential Metric=0.1077, Entropy Metric=0.0441]

Epoch 33:  81%|████████▏ | 26/32 [00:05<00:01,  4.47it/s][A
Training Epochs:  33%|███▎      | 33/100 [03:27<08:17,  7.43s/it, -ELBO=0.8888, Potential Metric=0.1008, Entropy Metric=0.0437]

Epoch 33:  84%|████████▍ | 27/32 [00:06<00:01,  4.49it/s][A
Training Epochs:  33%|███▎      | 33/100 [03:27<08:17,  7.43s/it, -ELBO=0.9895, Potential Metric=0.1004, Entropy Metric=0.0446]

Epoch 33:  88%|████████▊ | 28/32 [00:06<00:00,  4.42it/s][A
Training Epochs:  33%|███▎      | 33/100 [03:27<08:17,  7.43s/it, -ELBO=0.9499, Potential Metric=0.0940, Entropy Metric=0.0471]

Epoch 33:  91%|█████████ | 29/32 [00:06<00:00,  4.45it/s][A
Training Epochs:  33%|███▎      | 33/100 [03:27<08:17,  7.43s/it, -ELBO=1.0670, Potential Metric=0.1035, Entropy Metric=0.0394]

Epoch 33:  94%|█████████▍| 30/32 [00:06<00:00,  4.54it/s][A
Training Epochs:  33%|███▎      | 33/100 [03:28<08:17,  7.43s/it, -ELBO=1.0635, Potential Metric=0.1004, Entropy Metric=0.0437]

Epoch 33:  97%|█████████▋| 31/32 [00:07<00:00,  4.63it/s][A
Training Epochs:  33%|███▎      | 33/100 [03:28<08:17,  7.43s/it, -ELBO=1.0680, Potential Metric=0.1028, Entropy Metric=0.0463]

Epoch 33: 100%|██████████| 32/32 [00:07<00:00,  4.45it/s][A

                                                         [A
Training Epochs:  34%|███▍      | 34/100 [03:28<08:11,  7.45s/it, -ELBO=1.0680, Potential Metric=0.1028, Entropy Metric=0.0463]

Epoch 34:   0%|          | 0/32 [00:00<?, ?it/s][A
Training Epochs:  34%|███▍      | 34/100 [03:28<08:11,  7.45s/it, -ELBO=1.0087, Potential Metric=0.0978, Entropy Metric=0.0427]

Epoch 34:   3%|▎         | 1/32 [00:00<00:07,  3.97it/s][A
Training Epochs:  34%|███▍      | 34/100 [03:28<08:11,  7.45s/it, -ELBO=1.0471, Potential Metric=0.1039, Entropy Metric=0.0459]

Epoch 34:   6%|▋         | 2/32 [00:00<00:07,  4.26it/s][A
Training Epochs:  34%|███▍      | 34/100 [03:29<08:11,  7.45s/it, -ELBO=0.9953, Potential Metric=0.0999, Entropy Metric=0.0453]

Epoch 34:   9%|▉         | 3/32 [00:00<00:06,  4.52it/s][A
Training Epochs:  34%|███▍      | 34/100 [03:29<08:11,  7.45s/it, -ELBO=1.0213, Potential Metric=0.1086, Entropy Metric=0.0439]

Epoch 34:  12%|█▎        | 4/32 [00:00<00:06,  4.63it/s][A
Training Epochs:  34%|███▍      | 34/100 [03:29<08:11,  7.45s/it, -ELBO=0.9051, Potential Metric=0.1049, Entropy Metric=0.0430]

Epoch 34:  16%|█▌        | 5/32 [00:01<00:05,  4.70it/s][A
Training Epochs:  34%|███▍      | 34/100 [03:29<08:11,  7.45s/it, -ELBO=0.9510, Potential Metric=0.1064, Entropy Metric=0.0423]

Epoch 34:  19%|█▉        | 6/32 [00:01<00:05,  4.50it/s][A
Training Epochs:  34%|███▍      | 34/100 [03:29<08:11,  7.45s/it, -ELBO=1.0791, Potential Metric=0.0958, Entropy Metric=0.0383]

Epoch 34:  22%|██▏       | 7/32 [00:01<00:05,  4.67it/s][A
Training Epochs:  34%|███▍      | 34/100 [03:30<08:11,  7.45s/it, -ELBO=1.0435, Potential Metric=0.0990, Entropy Metric=0.0373]

Epoch 34:  25%|██▌       | 8/32 [00:01<00:05,  4.55it/s][A
Training Epochs:  34%|███▍      | 34/100 [03:30<08:11,  7.45s/it, -ELBO=1.0276, Potential Metric=0.0988, Entropy Metric=0.0386]

Epoch 34:  28%|██▊       | 9/32 [00:01<00:05,  4.57it/s][A
Training Epochs:  34%|███▍      | 34/100 [03:30<08:11,  7.45s/it, -ELBO=0.9468, Potential Metric=0.1024, Entropy Metric=0.0413]

Epoch 34:  31%|███▏      | 10/32 [00:02<00:04,  4.69it/s][A
Training Epochs:  34%|███▍      | 34/100 [03:30<08:11,  7.45s/it, -ELBO=1.0777, Potential Metric=0.0986, Entropy Metric=0.0408]

Epoch 34:  34%|███▍      | 11/32 [00:02<00:04,  4.56it/s][A
Training Epochs:  34%|███▍      | 34/100 [03:31<08:11,  7.45s/it, -ELBO=0.9698, Potential Metric=0.0961, Entropy Metric=0.0408]

Epoch 34:  38%|███▊      | 12/32 [00:02<00:04,  4.28it/s][A
Training Epochs:  34%|███▍      | 34/100 [03:31<08:11,  7.45s/it, -ELBO=0.9265, Potential Metric=0.0946, Entropy Metric=0.0414]

Epoch 34:  41%|████      | 13/32 [00:02<00:04,  4.32it/s][A
Training Epochs:  34%|███▍      | 34/100 [03:31<08:11,  7.45s/it, -ELBO=0.9994, Potential Metric=0.1039, Entropy Metric=0.0430]

Epoch 34:  44%|████▍     | 14/32 [00:03<00:04,  4.14it/s][A
Training Epochs:  34%|███▍      | 34/100 [03:31<08:11,  7.45s/it, -ELBO=1.0507, Potential Metric=0.1056, Entropy Metric=0.0417]

Epoch 34:  47%|████▋     | 15/32 [00:03<00:03,  4.30it/s][A
Training Epochs:  34%|███▍      | 34/100 [03:32<08:11,  7.45s/it, -ELBO=1.0432, Potential Metric=0.1087, Entropy Metric=0.0416]

Epoch 34:  50%|█████     | 16/32 [00:03<00:03,  4.23it/s][A
Training Epochs:  34%|███▍      | 34/100 [03:32<08:11,  7.45s/it, -ELBO=0.9663, Potential Metric=0.1060, Entropy Metric=0.0411]

Epoch 34:  53%|█████▎    | 17/32 [00:03<00:03,  4.17it/s][A
Training Epochs:  34%|███▍      | 34/100 [03:32<08:11,  7.45s/it, -ELBO=0.9122, Potential Metric=0.0911, Entropy Metric=0.0396]

Epoch 34:  56%|█████▋    | 18/32 [00:04<00:03,  4.04it/s][A
Training Epochs:  34%|███▍      | 34/100 [03:32<08:11,  7.45s/it, -ELBO=0.9551, Potential Metric=0.1032, Entropy Metric=0.0408]

Epoch 34:  59%|█████▉    | 19/32 [00:04<00:03,  4.16it/s][A
Training Epochs:  34%|███▍      | 34/100 [03:33<08:11,  7.45s/it, -ELBO=1.0068, Potential Metric=0.0982, Entropy Metric=0.0406]

Epoch 34:  62%|██████▎   | 20/32 [00:04<00:02,  4.22it/s][A
Training Epochs:  34%|███▍      | 34/100 [03:33<08:11,  7.45s/it, -ELBO=0.8776, Potential Metric=0.1035, Entropy Metric=0.0406]

Epoch 34:  66%|██████▌   | 21/32 [00:04<00:02,  4.40it/s][A
Training Epochs:  34%|███▍      | 34/100 [03:33<08:11,  7.45s/it, -ELBO=1.0100, Potential Metric=0.1078, Entropy Metric=0.0440]

Epoch 34:  69%|██████▉   | 22/32 [00:04<00:02,  4.60it/s][A
Training Epochs:  34%|███▍      | 34/100 [03:33<08:11,  7.45s/it, -ELBO=0.8785, Potential Metric=0.1100, Entropy Metric=0.0455]

Epoch 34:  72%|███████▏  | 23/32 [00:05<00:01,  4.77it/s][A
Training Epochs:  34%|███▍      | 34/100 [03:33<08:11,  7.45s/it, -ELBO=0.9352, Potential Metric=0.1150, Entropy Metric=0.0466]

Epoch 34:  75%|███████▌  | 24/32 [00:05<00:01,  4.79it/s][A
Training Epochs:  34%|███▍      | 34/100 [03:34<08:11,  7.45s/it, -ELBO=0.9415, Potential Metric=0.1068, Entropy Metric=0.0448]

Epoch 34:  78%|███████▊  | 25/32 [00:05<00:01,  4.62it/s][A
Training Epochs:  34%|███▍      | 34/100 [03:34<08:11,  7.45s/it, -ELBO=0.8785, Potential Metric=0.1104, Entropy Metric=0.0426]

Epoch 34:  81%|████████▏ | 26/32 [00:05<00:01,  4.61it/s][A
Training Epochs:  34%|███▍      | 34/100 [03:34<08:11,  7.45s/it, -ELBO=1.0209, Potential Metric=0.1031, Entropy Metric=0.0402]

Epoch 34:  84%|████████▍ | 27/32 [00:06<00:01,  4.56it/s][A
Training Epochs:  34%|███▍      | 34/100 [03:34<08:11,  7.45s/it, -ELBO=0.9060, Potential Metric=0.1045, Entropy Metric=0.0423]

Epoch 34:  88%|████████▊ | 28/32 [00:06<00:00,  4.59it/s][A
Training Epochs:  34%|███▍      | 34/100 [03:34<08:11,  7.45s/it, -ELBO=0.9634, Potential Metric=0.1028, Entropy Metric=0.0374]

Epoch 34:  91%|█████████ | 29/32 [00:06<00:00,  4.45it/s][A
Training Epochs:  34%|███▍      | 34/100 [03:35<08:11,  7.45s/it, -ELBO=0.9503, Potential Metric=0.0997, Entropy Metric=0.0428]

Epoch 34:  94%|█████████▍| 30/32 [00:06<00:00,  4.29it/s][A
Training Epochs:  34%|███▍      | 34/100 [03:35<08:11,  7.45s/it, -ELBO=0.9856, Potential Metric=0.1069, Entropy Metric=0.0410]

Epoch 34:  97%|█████████▋| 31/32 [00:07<00:00,  4.35it/s][A
Training Epochs:  34%|███▍      | 34/100 [03:35<08:11,  7.45s/it, -ELBO=0.9808, Potential Metric=0.1050, Entropy Metric=0.0425]

Epoch 34: 100%|██████████| 32/32 [00:07<00:00,  4.40it/s][A

                                                         [A
Training Epochs:  35%|███▌      | 35/100 [03:35<08:03,  7.43s/it, -ELBO=0.9808, Potential Metric=0.1050, Entropy Metric=0.0425]

Epoch 35:   0%|          | 0/32 [00:00<?, ?it/s][A
Training Epochs:  35%|███▌      | 35/100 [03:36<08:03,  7.43s/it, -ELBO=1.0006, Potential Metric=0.1090, Entropy Metric=0.0428]

Epoch 35:   3%|▎         | 1/32 [00:00<00:09,  3.32it/s][A
Training Epochs:  35%|███▌      | 35/100 [03:36<08:03,  7.43s/it, -ELBO=0.9758, Potential Metric=0.1056, Entropy Metric=0.0408]

Epoch 35:   6%|▋         | 2/32 [00:00<00:07,  4.06it/s][A
Training Epochs:  35%|███▌      | 35/100 [03:36<08:03,  7.43s/it, -ELBO=1.0072, Potential Metric=0.1010, Entropy Metric=0.0418]

Epoch 35:   9%|▉         | 3/32 [00:00<00:06,  4.26it/s][A
Training Epochs:  35%|███▌      | 35/100 [03:36<08:03,  7.43s/it, -ELBO=0.9155, Potential Metric=0.0987, Entropy Metric=0.0455]

Epoch 35:  12%|█▎        | 4/32 [00:01<00:07,  3.86it/s][A
Training Epochs:  35%|███▌      | 35/100 [03:37<08:03,  7.43s/it, -ELBO=0.9229, Potential Metric=0.1103, Entropy Metric=0.0453]

Epoch 35:  16%|█▌        | 5/32 [00:01<00:06,  4.05it/s][A
Training Epochs:  35%|███▌      | 35/100 [03:37<08:03,  7.43s/it, -ELBO=0.9929, Potential Metric=0.1049, Entropy Metric=0.0437]

Epoch 35:  19%|█▉        | 6/32 [00:01<00:06,  4.18it/s][A
Training Epochs:  35%|███▌      | 35/100 [03:37<08:03,  7.43s/it, -ELBO=0.9176, Potential Metric=0.1082, Entropy Metric=0.0448]

Epoch 35:  22%|██▏       | 7/32 [00:01<00:05,  4.29it/s][A
Training Epochs:  35%|███▌      | 35/100 [03:37<08:03,  7.43s/it, -ELBO=0.9650, Potential Metric=0.1040, Entropy Metric=0.0456]

Epoch 35:  25%|██▌       | 8/32 [00:01<00:05,  4.31it/s][A
Training Epochs:  35%|███▌      | 35/100 [03:37<08:03,  7.43s/it, -ELBO=0.9580, Potential Metric=0.1055, Entropy Metric=0.0503]

Epoch 35:  28%|██▊       | 9/32 [00:02<00:05,  4.39it/s][A
Training Epochs:  35%|███▌      | 35/100 [03:38<08:03,  7.43s/it, -ELBO=0.8931, Potential Metric=0.1017, Entropy Metric=0.0437]

Epoch 35:  31%|███▏      | 10/32 [00:02<00:04,  4.53it/s][A
Training Epochs:  35%|███▌      | 35/100 [03:38<08:03,  7.43s/it, -ELBO=0.9331, Potential Metric=0.1013, Entropy Metric=0.0433]

Epoch 35:  34%|███▍      | 11/32 [00:02<00:04,  4.58it/s][A
Training Epochs:  35%|███▌      | 35/100 [03:38<08:03,  7.43s/it, -ELBO=1.0214, Potential Metric=0.0994, Entropy Metric=0.0435]

Epoch 35:  38%|███▊      | 12/32 [00:02<00:04,  4.66it/s][A
Training Epochs:  35%|███▌      | 35/100 [03:38<08:03,  7.43s/it, -ELBO=0.8140, Potential Metric=0.1006, Entropy Metric=0.0415]

Epoch 35:  41%|████      | 13/32 [00:02<00:03,  4.83it/s][A
Training Epochs:  35%|███▌      | 35/100 [03:38<08:03,  7.43s/it, -ELBO=0.9474, Potential Metric=0.1062, Entropy Metric=0.0373]

Epoch 35:  44%|████▍     | 14/32 [00:03<00:03,  4.68it/s][A
Training Epochs:  35%|███▌      | 35/100 [03:39<08:03,  7.43s/it, -ELBO=0.9713, Potential Metric=0.1034, Entropy Metric=0.0401]

Epoch 35:  47%|████▋     | 15/32 [00:03<00:03,  4.46it/s][A
Training Epochs:  35%|███▌      | 35/100 [03:39<08:03,  7.43s/it, -ELBO=0.9316, Potential Metric=0.1082, Entropy Metric=0.0407]

Epoch 35:  50%|█████     | 16/32 [00:03<00:03,  4.35it/s][A
Training Epochs:  35%|███▌      | 35/100 [03:39<08:03,  7.43s/it, -ELBO=0.9427, Potential Metric=0.1156, Entropy Metric=0.0428]

Epoch 35:  53%|█████▎    | 17/32 [00:03<00:03,  4.48it/s][A
Training Epochs:  35%|███▌      | 35/100 [03:39<08:03,  7.43s/it, -ELBO=0.9314, Potential Metric=0.1113, Entropy Metric=0.0374]

Epoch 35:  56%|█████▋    | 18/32 [00:04<00:03,  4.55it/s][A
Training Epochs:  35%|███▌      | 35/100 [03:40<08:03,  7.43s/it, -ELBO=0.8896, Potential Metric=0.1064, Entropy Metric=0.0344]

Epoch 35:  59%|█████▉    | 19/32 [00:04<00:02,  4.46it/s][A
Training Epochs:  35%|███▌      | 35/100 [03:40<08:03,  7.43s/it, -ELBO=0.9958, Potential Metric=0.1006, Entropy Metric=0.0413]

Epoch 35:  62%|██████▎   | 20/32 [00:04<00:02,  4.28it/s][A
Training Epochs:  35%|███▌      | 35/100 [03:40<08:03,  7.43s/it, -ELBO=0.9672, Potential Metric=0.1053, Entropy Metric=0.0356]

Epoch 35:  66%|██████▌   | 21/32 [00:04<00:02,  4.49it/s][A
Training Epochs:  35%|███▌      | 35/100 [03:40<08:03,  7.43s/it, -ELBO=0.9547, Potential Metric=0.0960, Entropy Metric=0.0400]

Epoch 35:  69%|██████▉   | 22/32 [00:05<00:02,  4.34it/s][A
Training Epochs:  35%|███▌      | 35/100 [03:41<08:03,  7.43s/it, -ELBO=0.8571, Potential Metric=0.1064, Entropy Metric=0.0404]

Epoch 35:  72%|███████▏  | 23/32 [00:05<00:02,  4.15it/s][A
Training Epochs:  35%|███▌      | 35/100 [03:41<08:03,  7.43s/it, -ELBO=0.8270, Potential Metric=0.1003, Entropy Metric=0.0421]

Epoch 35:  75%|███████▌  | 24/32 [00:05<00:01,  4.27it/s][A
Training Epochs:  35%|███▌      | 35/100 [03:41<08:03,  7.43s/it, -ELBO=1.0158, Potential Metric=0.0971, Entropy Metric=0.0384]

Epoch 35:  78%|███████▊  | 25/32 [00:05<00:01,  4.40it/s][A
Training Epochs:  35%|███▌      | 35/100 [03:41<08:03,  7.43s/it, -ELBO=0.9952, Potential Metric=0.1060, Entropy Metric=0.0395]

Epoch 35:  81%|████████▏ | 26/32 [00:05<00:01,  4.40it/s][A
Training Epochs:  35%|███▌      | 35/100 [03:41<08:03,  7.43s/it, -ELBO=0.9909, Potential Metric=0.1095, Entropy Metric=0.0418]

Epoch 35:  84%|████████▍ | 27/32 [00:06<00:01,  4.46it/s][A
Training Epochs:  35%|███▌      | 35/100 [03:42<08:03,  7.43s/it, -ELBO=0.9383, Potential Metric=0.1121, Entropy Metric=0.0407]

Epoch 35:  88%|████████▊ | 28/32 [00:06<00:00,  4.46it/s][A
Training Epochs:  35%|███▌      | 35/100 [03:42<08:03,  7.43s/it, -ELBO=0.9398, Potential Metric=0.1039, Entropy Metric=0.0415]

Epoch 35:  91%|█████████ | 29/32 [00:06<00:00,  4.49it/s][A
Training Epochs:  35%|███▌      | 35/100 [03:42<08:03,  7.43s/it, -ELBO=0.8567, Potential Metric=0.0990, Entropy Metric=0.0461]

Epoch 35:  94%|█████████▍| 30/32 [00:06<00:00,  4.61it/s][A
Training Epochs:  35%|███▌      | 35/100 [03:42<08:03,  7.43s/it, -ELBO=1.0229, Potential Metric=0.1088, Entropy Metric=0.0410]

Epoch 35:  97%|█████████▋| 31/32 [00:07<00:00,  4.53it/s][A
Training Epochs:  35%|███▌      | 35/100 [03:43<08:03,  7.43s/it, -ELBO=1.0618, Potential Metric=0.1026, Entropy Metric=0.0411]

Epoch 35: 100%|██████████| 32/32 [00:07<00:00,  4.32it/s][A

                                                         [A
Training Epochs:  36%|███▌      | 36/100 [03:43<07:55,  7.42s/it, -ELBO=1.0618, Potential Metric=0.1026, Entropy Metric=0.0411]

Epoch 36:   0%|          | 0/32 [00:00<?, ?it/s][A
Training Epochs:  36%|███▌      | 36/100 [03:43<07:55,  7.42s/it, -ELBO=0.8828, Potential Metric=0.0949, Entropy Metric=0.0458]

Epoch 36:   3%|▎         | 1/32 [00:00<00:08,  3.75it/s][A
Training Epochs:  36%|███▌      | 36/100 [03:43<07:55,  7.42s/it, -ELBO=0.9368, Potential Metric=0.0976, Entropy Metric=0.0444]

Epoch 36:   6%|▋         | 2/32 [00:00<00:07,  3.78it/s][A
Training Epochs:  36%|███▌      | 36/100 [03:43<07:55,  7.42s/it, -ELBO=0.8960, Potential Metric=0.0984, Entropy Metric=0.0407]

Epoch 36:   9%|▉         | 3/32 [00:00<00:06,  4.22it/s][A
Training Epochs:  36%|███▌      | 36/100 [03:44<07:55,  7.42s/it, -ELBO=0.8565, Potential Metric=0.1020, Entropy Metric=0.0431]

Epoch 36:  12%|█▎        | 4/32 [00:00<00:06,  4.33it/s][A
Training Epochs:  36%|███▌      | 36/100 [03:44<07:55,  7.42s/it, -ELBO=0.9312, Potential Metric=0.0966, Entropy Metric=0.0423]

Epoch 36:  16%|█▌        | 5/32 [00:01<00:05,  4.55it/s][A
Training Epochs:  36%|███▌      | 36/100 [03:44<07:55,  7.42s/it, -ELBO=0.8936, Potential Metric=0.1040, Entropy Metric=0.0415]

Epoch 36:  19%|█▉        | 6/32 [00:01<00:05,  4.72it/s][A
Training Epochs:  36%|███▌      | 36/100 [03:44<07:55,  7.42s/it, -ELBO=0.8822, Potential Metric=0.0998, Entropy Metric=0.0437]

Epoch 36:  22%|██▏       | 7/32 [00:01<00:05,  4.59it/s][A
Training Epochs:  36%|███▌      | 36/100 [03:45<07:55,  7.42s/it, -ELBO=1.0628, Potential Metric=0.1043, Entropy Metric=0.0384]

Epoch 36:  25%|██▌       | 8/32 [00:01<00:05,  4.46it/s][A
Training Epochs:  36%|███▌      | 36/100 [03:45<07:55,  7.42s/it, -ELBO=0.8854, Potential Metric=0.0966, Entropy Metric=0.0421]

Epoch 36:  28%|██▊       | 9/32 [00:02<00:05,  4.48it/s][A
Training Epochs:  36%|███▌      | 36/100 [03:45<07:55,  7.42s/it, -ELBO=1.0520, Potential Metric=0.1015, Entropy Metric=0.0385]

Epoch 36:  31%|███▏      | 10/32 [00:02<00:04,  4.41it/s][A
Training Epochs:  36%|███▌      | 36/100 [03:45<07:55,  7.42s/it, -ELBO=0.8945, Potential Metric=0.1068, Entropy Metric=0.0414]

Epoch 36:  34%|███▍      | 11/32 [00:02<00:04,  4.53it/s][A
Training Epochs:  36%|███▌      | 36/100 [03:45<07:55,  7.42s/it, -ELBO=0.9705, Potential Metric=0.0997, Entropy Metric=0.0389]

Epoch 36:  38%|███▊      | 12/32 [00:02<00:04,  4.53it/s][A
Training Epochs:  36%|███▌      | 36/100 [03:46<07:55,  7.42s/it, -ELBO=0.8690, Potential Metric=0.1012, Entropy Metric=0.0419]

Epoch 36:  41%|████      | 13/32 [00:02<00:04,  4.53it/s][A
Training Epochs:  36%|███▌      | 36/100 [03:46<07:55,  7.42s/it, -ELBO=0.8851, Potential Metric=0.0975, Entropy Metric=0.0381]

Epoch 36:  44%|████▍     | 14/32 [00:03<00:04,  4.37it/s][A
Training Epochs:  36%|███▌      | 36/100 [03:46<07:55,  7.42s/it, -ELBO=0.9096, Potential Metric=0.1001, Entropy Metric=0.0406]

Epoch 36:  47%|████▋     | 15/32 [00:03<00:03,  4.39it/s][A
Training Epochs:  36%|███▌      | 36/100 [03:46<07:55,  7.42s/it, -ELBO=0.9449, Potential Metric=0.1015, Entropy Metric=0.0370]

Epoch 36:  50%|█████     | 16/32 [00:03<00:03,  4.47it/s][A
Training Epochs:  36%|███▌      | 36/100 [03:47<07:55,  7.42s/it, -ELBO=0.9213, Potential Metric=0.1116, Entropy Metric=0.0407]

Epoch 36:  53%|█████▎    | 17/32 [00:03<00:03,  4.62it/s][A
Training Epochs:  36%|███▌      | 36/100 [03:47<07:55,  7.42s/it, -ELBO=0.8062, Potential Metric=0.1073, Entropy Metric=0.0417]

Epoch 36:  56%|█████▋    | 18/32 [00:04<00:03,  4.24it/s][A
Training Epochs:  36%|███▌      | 36/100 [03:47<07:55,  7.42s/it, -ELBO=0.9470, Potential Metric=0.1104, Entropy Metric=0.0404]

Epoch 36:  59%|█████▉    | 19/32 [00:04<00:03,  4.31it/s][A
Training Epochs:  36%|███▌      | 36/100 [03:47<07:55,  7.42s/it, -ELBO=0.9827, Potential Metric=0.1015, Entropy Metric=0.0420]

Epoch 36:  62%|██████▎   | 20/32 [00:04<00:02,  4.31it/s][A
Training Epochs:  36%|███▌      | 36/100 [03:48<07:55,  7.42s/it, -ELBO=0.8954, Potential Metric=0.1049, Entropy Metric=0.0357]

Epoch 36:  66%|██████▌   | 21/32 [00:04<00:02,  4.35it/s][A
Training Epochs:  36%|███▌      | 36/100 [03:48<07:55,  7.42s/it, -ELBO=0.9516, Potential Metric=0.1032, Entropy Metric=0.0380]

Epoch 36:  69%|██████▉   | 22/32 [00:04<00:02,  4.46it/s][A
Training Epochs:  36%|███▌      | 36/100 [03:48<07:55,  7.42s/it, -ELBO=1.0049, Potential Metric=0.1058, Entropy Metric=0.0366]

Epoch 36:  72%|███████▏  | 23/32 [00:05<00:01,  4.53it/s][A
Training Epochs:  36%|███▌      | 36/100 [03:48<07:55,  7.42s/it, -ELBO=0.9122, Potential Metric=0.0996, Entropy Metric=0.0414]

Epoch 36:  75%|███████▌  | 24/32 [00:05<00:02,  3.75it/s][A
Training Epochs:  36%|███▌      | 36/100 [03:49<07:55,  7.42s/it, -ELBO=0.9852, Potential Metric=0.1048, Entropy Metric=0.0399]

Epoch 36:  78%|███████▊  | 25/32 [00:05<00:01,  3.81it/s][A
Training Epochs:  36%|███▌      | 36/100 [03:49<07:55,  7.42s/it, -ELBO=0.9245, Potential Metric=0.1088, Entropy Metric=0.0411]

Epoch 36:  81%|████████▏ | 26/32 [00:06<00:01,  3.83it/s][A
Training Epochs:  36%|███▌      | 36/100 [03:49<07:55,  7.42s/it, -ELBO=0.9210, Potential Metric=0.1118, Entropy Metric=0.0435]

Epoch 36:  84%|████████▍ | 27/32 [00:06<00:01,  4.04it/s][A
Training Epochs:  36%|███▌      | 36/100 [03:49<07:55,  7.42s/it, -ELBO=0.8798, Potential Metric=0.1122, Entropy Metric=0.0414]

Epoch 36:  88%|████████▊ | 28/32 [00:06<00:00,  4.09it/s][A
Training Epochs:  36%|███▌      | 36/100 [03:50<07:55,  7.42s/it, -ELBO=0.9929, Potential Metric=0.1129, Entropy Metric=0.0389]

Epoch 36:  91%|█████████ | 29/32 [00:06<00:00,  4.19it/s][A
Training Epochs:  36%|███▌      | 36/100 [03:50<07:55,  7.42s/it, -ELBO=0.8352, Potential Metric=0.1073, Entropy Metric=0.0405]

Epoch 36:  94%|█████████▍| 30/32 [00:06<00:00,  4.40it/s][A
Training Epochs:  36%|███▌      | 36/100 [03:50<07:55,  7.42s/it, -ELBO=0.8360, Potential Metric=0.1043, Entropy Metric=0.0444]

Epoch 36:  97%|█████████▋| 31/32 [00:07<00:00,  4.39it/s][A
Training Epochs:  36%|███▌      | 36/100 [03:50<07:55,  7.42s/it, -ELBO=1.0090, Potential Metric=0.1095, Entropy Metric=0.0413]

Epoch 36: 100%|██████████| 32/32 [00:07<00:00,  4.45it/s][A

                                                         [A
Training Epochs:  37%|███▋      | 37/100 [03:50<07:51,  7.48s/it, -ELBO=1.0090, Potential Metric=0.1095, Entropy Metric=0.0413]

Epoch 37:   0%|          | 0/32 [00:00<?, ?it/s][A
Training Epochs:  37%|███▋      | 37/100 [03:51<07:51,  7.48s/it, -ELBO=0.8628, Potential Metric=0.1148, Entropy Metric=0.0412]

Epoch 37:   3%|▎         | 1/32 [00:00<00:08,  3.84it/s][A
Training Epochs:  37%|███▋      | 37/100 [03:51<07:51,  7.48s/it, -ELBO=0.9307, Potential Metric=0.1028, Entropy Metric=0.0413]

Epoch 37:   6%|▋         | 2/32 [00:00<00:07,  4.10it/s][A
Training Epochs:  37%|███▋      | 37/100 [03:51<07:51,  7.48s/it, -ELBO=0.8616, Potential Metric=0.1073, Entropy Metric=0.0422]

Epoch 37:   9%|▉         | 3/32 [00:00<00:06,  4.63it/s][A
Training Epochs:  37%|███▋      | 37/100 [03:51<07:51,  7.48s/it, -ELBO=0.9439, Potential Metric=0.1073, Entropy Metric=0.0438]

Epoch 37:  12%|█▎        | 4/32 [00:00<00:05,  4.67it/s][A
Training Epochs:  37%|███▋      | 37/100 [03:51<07:51,  7.48s/it, -ELBO=0.8042, Potential Metric=0.1029, Entropy Metric=0.0429]

Epoch 37:  16%|█▌        | 5/32 [00:01<00:05,  4.59it/s][A
Training Epochs:  37%|███▋      | 37/100 [03:52<07:51,  7.48s/it, -ELBO=0.8789, Potential Metric=0.0985, Entropy Metric=0.0389]

Epoch 37:  19%|█▉        | 6/32 [00:01<00:05,  4.60it/s][A
Training Epochs:  37%|███▋      | 37/100 [03:52<07:51,  7.48s/it, -ELBO=0.9839, Potential Metric=0.1016, Entropy Metric=0.0369]

Epoch 37:  22%|██▏       | 7/32 [00:01<00:05,  4.53it/s][A
Training Epochs:  37%|███▋      | 37/100 [03:52<07:51,  7.48s/it, -ELBO=0.9227, Potential Metric=0.1047, Entropy Metric=0.0422]

Epoch 37:  25%|██▌       | 8/32 [00:01<00:05,  4.74it/s][A
Training Epochs:  37%|███▋      | 37/100 [03:52<07:51,  7.48s/it, -ELBO=0.8383, Potential Metric=0.1102, Entropy Metric=0.0456]

Epoch 37:  28%|██▊       | 9/32 [00:01<00:04,  4.75it/s][A
Training Epochs:  37%|███▋      | 37/100 [03:53<07:51,  7.48s/it, -ELBO=0.9537, Potential Metric=0.0974, Entropy Metric=0.0420]

Epoch 37:  31%|███▏      | 10/32 [00:02<00:04,  4.55it/s][A
Training Epochs:  37%|███▋      | 37/100 [03:53<07:51,  7.48s/it, -ELBO=0.8979, Potential Metric=0.1174, Entropy Metric=0.0408]

Epoch 37:  34%|███▍      | 11/32 [00:02<00:04,  4.65it/s][A
Training Epochs:  37%|███▋      | 37/100 [03:53<07:51,  7.48s/it, -ELBO=0.8723, Potential Metric=0.1130, Entropy Metric=0.0413]

Epoch 37:  38%|███▊      | 12/32 [00:02<00:04,  4.66it/s][A
Training Epochs:  37%|███▋      | 37/100 [03:53<07:51,  7.48s/it, -ELBO=0.9555, Potential Metric=0.0950, Entropy Metric=0.0420]

Epoch 37:  41%|████      | 13/32 [00:02<00:04,  4.68it/s][A
Training Epochs:  37%|███▋      | 37/100 [03:53<07:51,  7.48s/it, -ELBO=0.8859, Potential Metric=0.1050, Entropy Metric=0.0411]

Epoch 37:  44%|████▍     | 14/32 [00:03<00:03,  4.50it/s][A
Training Epochs:  37%|███▋      | 37/100 [03:54<07:51,  7.48s/it, -ELBO=0.9673, Potential Metric=0.1062, Entropy Metric=0.0385]

Epoch 37:  47%|████▋     | 15/32 [00:03<00:03,  4.62it/s][A
Training Epochs:  37%|███▋      | 37/100 [03:54<07:51,  7.48s/it, -ELBO=0.9377, Potential Metric=0.0955, Entropy Metric=0.0357]

Epoch 37:  50%|█████     | 16/32 [00:03<00:03,  4.75it/s][A
Training Epochs:  37%|███▋      | 37/100 [03:54<07:51,  7.48s/it, -ELBO=0.8511, Potential Metric=0.1109, Entropy Metric=0.0407]

Epoch 37:  53%|█████▎    | 17/32 [00:03<00:03,  4.95it/s][A
Training Epochs:  37%|███▋      | 37/100 [03:54<07:51,  7.48s/it, -ELBO=0.9157, Potential Metric=0.1028, Entropy Metric=0.0383]

Epoch 37:  56%|█████▋    | 18/32 [00:03<00:02,  5.00it/s][A
Training Epochs:  37%|███▋      | 37/100 [03:54<07:51,  7.48s/it, -ELBO=0.9693, Potential Metric=0.1035, Entropy Metric=0.0395]

Epoch 37:  59%|█████▉    | 19/32 [00:04<00:02,  4.84it/s][A
Training Epochs:  37%|███▋      | 37/100 [03:55<07:51,  7.48s/it, -ELBO=0.9160, Potential Metric=0.1072, Entropy Metric=0.0419]

Epoch 37:  62%|██████▎   | 20/32 [00:04<00:02,  4.78it/s][A
Training Epochs:  37%|███▋      | 37/100 [03:55<07:51,  7.48s/it, -ELBO=0.8682, Potential Metric=0.1063, Entropy Metric=0.0419]

Epoch 37:  66%|██████▌   | 21/32 [00:04<00:02,  4.92it/s][A
Training Epochs:  37%|███▋      | 37/100 [03:55<07:51,  7.48s/it, -ELBO=0.9185, Potential Metric=0.1128, Entropy Metric=0.0415]

Epoch 37:  69%|██████▉   | 22/32 [00:04<00:02,  4.67it/s][A
Training Epochs:  37%|███▋      | 37/100 [03:55<07:51,  7.48s/it, -ELBO=0.9341, Potential Metric=0.1144, Entropy Metric=0.0379]

Epoch 37:  72%|███████▏  | 23/32 [00:04<00:01,  4.65it/s][A
Training Epochs:  37%|███▋      | 37/100 [03:56<07:51,  7.48s/it, -ELBO=0.8991, Potential Metric=0.1132, Entropy Metric=0.0379]

Epoch 37:  75%|███████▌  | 24/32 [00:05<00:01,  4.61it/s][A
Training Epochs:  37%|███▋      | 37/100 [03:56<07:51,  7.48s/it, -ELBO=0.9136, Potential Metric=0.1160, Entropy Metric=0.0368]

Epoch 37:  78%|███████▊  | 25/32 [00:05<00:01,  4.46it/s][A
Training Epochs:  37%|███▋      | 37/100 [03:56<07:51,  7.48s/it, -ELBO=0.8637, Potential Metric=0.1031, Entropy Metric=0.0364]

Epoch 37:  81%|████████▏ | 26/32 [00:05<00:01,  4.56it/s][A
Training Epochs:  37%|███▋      | 37/100 [03:56<07:51,  7.48s/it, -ELBO=0.8761, Potential Metric=0.1146, Entropy Metric=0.0372]

Epoch 37:  84%|████████▍ | 27/32 [00:05<00:01,  4.59it/s][A
Training Epochs:  37%|███▋      | 37/100 [03:56<07:51,  7.48s/it, -ELBO=0.8780, Potential Metric=0.1095, Entropy Metric=0.0383]

Epoch 37:  88%|████████▊ | 28/32 [00:06<00:00,  4.47it/s][A
Training Epochs:  37%|███▋      | 37/100 [03:57<07:51,  7.48s/it, -ELBO=0.8853, Potential Metric=0.1101, Entropy Metric=0.0404]

Epoch 37:  91%|█████████ | 29/32 [00:06<00:00,  4.51it/s][A
Training Epochs:  37%|███▋      | 37/100 [03:57<07:51,  7.48s/it, -ELBO=0.8892, Potential Metric=0.1169, Entropy Metric=0.0448]

Epoch 37:  94%|█████████▍| 30/32 [00:06<00:00,  4.47it/s][A
Training Epochs:  37%|███▋      | 37/100 [03:57<07:51,  7.48s/it, -ELBO=0.8955, Potential Metric=0.1161, Entropy Metric=0.0449]

Epoch 37:  97%|█████████▋| 31/32 [00:06<00:00,  4.53it/s][A
Training Epochs:  37%|███▋      | 37/100 [03:57<07:51,  7.48s/it, -ELBO=0.8571, Potential Metric=0.1196, Entropy Metric=0.0476]

Epoch 37: 100%|██████████| 32/32 [00:06<00:00,  4.21it/s][A

                                                         [A
Training Epochs:  38%|███▊      | 38/100 [03:57<07:38,  7.40s/it, -ELBO=0.8571, Potential Metric=0.1196, Entropy Metric=0.0476]

Epoch 38:   0%|          | 0/32 [00:00<?, ?it/s][A
Training Epochs:  38%|███▊      | 38/100 [03:58<07:38,  7.40s/it, -ELBO=0.8340, Potential Metric=0.1150, Entropy Metric=0.0484]

Epoch 38:   3%|▎         | 1/32 [00:00<00:07,  4.03it/s][A
Training Epochs:  38%|███▊      | 38/100 [03:58<07:38,  7.40s/it, -ELBO=0.8218, Potential Metric=0.1093, Entropy Metric=0.0452]

Epoch 38:   6%|▋         | 2/32 [00:00<00:06,  4.63it/s][A
Training Epochs:  38%|███▊      | 38/100 [03:58<07:38,  7.40s/it, -ELBO=0.9218, Potential Metric=0.1066, Entropy Metric=0.0392]

Epoch 38:   9%|▉         | 3/32 [00:00<00:06,  4.53it/s][A
Training Epochs:  38%|███▊      | 38/100 [03:58<07:38,  7.40s/it, -ELBO=0.7799, Potential Metric=0.1081, Entropy Metric=0.0388]

Epoch 38:  12%|█▎        | 4/32 [00:00<00:06,  4.63it/s][A
Training Epochs:  38%|███▊      | 38/100 [03:59<07:38,  7.40s/it, -ELBO=0.8649, Potential Metric=0.1026, Entropy Metric=0.0411]

Epoch 38:  16%|█▌        | 5/32 [00:01<00:05,  4.65it/s][A
Training Epochs:  38%|███▊      | 38/100 [03:59<07:38,  7.40s/it, -ELBO=0.9337, Potential Metric=0.1098, Entropy Metric=0.0426]

Epoch 38:  19%|█▉        | 6/32 [00:01<00:05,  4.57it/s][A
Training Epochs:  38%|███▊      | 38/100 [03:59<07:38,  7.40s/it, -ELBO=0.9581, Potential Metric=0.1057, Entropy Metric=0.0408]

Epoch 38:  22%|██▏       | 7/32 [00:01<00:05,  4.80it/s][A
Training Epochs:  38%|███▊      | 38/100 [03:59<07:38,  7.40s/it, -ELBO=0.8295, Potential Metric=0.1132, Entropy Metric=0.0447]

Epoch 38:  25%|██▌       | 8/32 [00:01<00:04,  4.90it/s][A
Training Epochs:  38%|███▊      | 38/100 [03:59<07:38,  7.40s/it, -ELBO=0.8540, Potential Metric=0.1017, Entropy Metric=0.0446]

Epoch 38:  28%|██▊       | 9/32 [00:01<00:04,  5.04it/s][A
Training Epochs:  38%|███▊      | 38/100 [04:00<07:38,  7.40s/it, -ELBO=0.9292, Potential Metric=0.1041, Entropy Metric=0.0420]

Epoch 38:  31%|███▏      | 10/32 [00:02<00:04,  4.92it/s][A
Training Epochs:  38%|███▊      | 38/100 [04:00<07:38,  7.40s/it, -ELBO=0.8745, Potential Metric=0.0932, Entropy Metric=0.0424]

Epoch 38:  34%|███▍      | 11/32 [00:02<00:04,  4.75it/s][A
Training Epochs:  38%|███▊      | 38/100 [04:00<07:38,  7.40s/it, -ELBO=0.9155, Potential Metric=0.1080, Entropy Metric=0.0438]

Epoch 38:  38%|███▊      | 12/32 [00:02<00:04,  4.70it/s][A
Training Epochs:  38%|███▊      | 38/100 [04:00<07:38,  7.40s/it, -ELBO=0.8946, Potential Metric=0.1114, Entropy Metric=0.0388]

Epoch 38:  41%|████      | 13/32 [00:02<00:03,  4.75it/s][A
Training Epochs:  38%|███▊      | 38/100 [04:00<07:38,  7.40s/it, -ELBO=0.7656, Potential Metric=0.1004, Entropy Metric=0.0454]

Epoch 38:  44%|████▍     | 14/32 [00:02<00:03,  4.72it/s][A
Training Epochs:  38%|███▊      | 38/100 [04:01<07:38,  7.40s/it, -ELBO=0.9859, Potential Metric=0.1136, Entropy Metric=0.0427]

Epoch 38:  47%|████▋     | 15/32 [00:03<00:03,  4.75it/s][A
Training Epochs:  38%|███▊      | 38/100 [04:01<07:38,  7.40s/it, -ELBO=0.9077, Potential Metric=0.1040, Entropy Metric=0.0395]

Epoch 38:  50%|█████     | 16/32 [00:03<00:03,  4.74it/s][A
Training Epochs:  38%|███▊      | 38/100 [04:01<07:38,  7.40s/it, -ELBO=0.8367, Potential Metric=0.1126, Entropy Metric=0.0420]

Epoch 38:  53%|█████▎    | 17/32 [00:03<00:03,  4.61it/s][A
Training Epochs:  38%|███▊      | 38/100 [04:01<07:38,  7.40s/it, -ELBO=0.8498, Potential Metric=0.1034, Entropy Metric=0.0421]

Epoch 38:  56%|█████▋    | 18/32 [00:03<00:03,  4.41it/s][A
Training Epochs:  38%|███▊      | 38/100 [04:02<07:38,  7.40s/it, -ELBO=0.9467, Potential Metric=0.1102, Entropy Metric=0.0413]

Epoch 38:  59%|█████▉    | 19/32 [00:04<00:02,  4.38it/s][A
Training Epochs:  38%|███▊      | 38/100 [04:02<07:38,  7.40s/it, -ELBO=0.8923, Potential Metric=0.1033, Entropy Metric=0.0406]

Epoch 38:  62%|██████▎   | 20/32 [00:04<00:02,  4.38it/s][A
Training Epochs:  38%|███▊      | 38/100 [04:02<07:38,  7.40s/it, -ELBO=0.9318, Potential Metric=0.1089, Entropy Metric=0.0424]

Epoch 38:  66%|██████▌   | 21/32 [00:04<00:02,  4.38it/s][A
Training Epochs:  38%|███▊      | 38/100 [04:02<07:38,  7.40s/it, -ELBO=0.9443, Potential Metric=0.1142, Entropy Metric=0.0397]

Epoch 38:  69%|██████▉   | 22/32 [00:04<00:02,  4.41it/s][A
Training Epochs:  38%|███▊      | 38/100 [04:03<07:38,  7.40s/it, -ELBO=0.8735, Potential Metric=0.1015, Entropy Metric=0.0404]

Epoch 38:  72%|███████▏  | 23/32 [00:04<00:02,  4.49it/s][A
Training Epochs:  38%|███▊      | 38/100 [04:03<07:38,  7.40s/it, -ELBO=0.8671, Potential Metric=0.0996, Entropy Metric=0.0421]

Epoch 38:  75%|███████▌  | 24/32 [00:05<00:01,  4.39it/s][A
Training Epochs:  38%|███▊      | 38/100 [04:03<07:38,  7.40s/it, -ELBO=0.8315, Potential Metric=0.1042, Entropy Metric=0.0463]

Epoch 38:  78%|███████▊  | 25/32 [00:05<00:01,  4.26it/s][A
Training Epochs:  38%|███▊      | 38/100 [04:03<07:38,  7.40s/it, -ELBO=0.8225, Potential Metric=0.1044, Entropy Metric=0.0459]

Epoch 38:  81%|████████▏ | 26/32 [00:05<00:01,  4.32it/s][A
Training Epochs:  38%|███▊      | 38/100 [04:03<07:38,  7.40s/it, -ELBO=1.0538, Potential Metric=0.1196, Entropy Metric=0.0392]

Epoch 38:  84%|████████▍ | 27/32 [00:05<00:01,  4.38it/s][A
Training Epochs:  38%|███▊      | 38/100 [04:04<07:38,  7.40s/it, -ELBO=0.7291, Potential Metric=0.1170, Entropy Metric=0.0464]

Epoch 38:  88%|████████▊ | 28/32 [00:06<00:00,  4.20it/s][A
Training Epochs:  38%|███▊      | 38/100 [04:04<07:38,  7.40s/it, -ELBO=0.8898, Potential Metric=0.1224, Entropy Metric=0.0460]

Epoch 38:  91%|█████████ | 29/32 [00:06<00:00,  4.40it/s][A
Training Epochs:  38%|███▊      | 38/100 [04:04<07:38,  7.40s/it, -ELBO=0.8098, Potential Metric=0.1077, Entropy Metric=0.0393]

Epoch 38:  94%|█████████▍| 30/32 [00:06<00:00,  4.29it/s][A
Training Epochs:  38%|███▊      | 38/100 [04:04<07:38,  7.40s/it, -ELBO=0.9289, Potential Metric=0.1184, Entropy Metric=0.0398]

Epoch 38:  97%|█████████▋| 31/32 [00:06<00:00,  4.48it/s][A
Training Epochs:  38%|███▊      | 38/100 [04:05<07:38,  7.40s/it, -ELBO=0.8866, Potential Metric=0.1077, Entropy Metric=0.0423]

Epoch 38: 100%|██████████| 32/32 [00:07<00:00,  4.42it/s][A

                                                         [A
Training Epochs:  39%|███▉      | 39/100 [04:05<07:28,  7.35s/it, -ELBO=0.8866, Potential Metric=0.1077, Entropy Metric=0.0423]

Epoch 39:   0%|          | 0/32 [00:00<?, ?it/s][A
Training Epochs:  39%|███▉      | 39/100 [04:05<07:28,  7.35s/it, -ELBO=0.8895, Potential Metric=0.1055, Entropy Metric=0.0439]

Epoch 39:   3%|▎         | 1/32 [00:00<00:07,  3.88it/s][A
Training Epochs:  39%|███▉      | 39/100 [04:05<07:28,  7.35s/it, -ELBO=0.8610, Potential Metric=0.1062, Entropy Metric=0.0399]

Epoch 39:   6%|▋         | 2/32 [00:00<00:06,  4.50it/s][A
Training Epochs:  39%|███▉      | 39/100 [04:05<07:28,  7.35s/it, -ELBO=0.8956, Potential Metric=0.1132, Entropy Metric=0.0381]

Epoch 39:   9%|▉         | 3/32 [00:00<00:06,  4.83it/s][A
Training Epochs:  39%|███▉      | 39/100 [04:06<07:28,  7.35s/it, -ELBO=0.9332, Potential Metric=0.1068, Entropy Metric=0.0428]

Epoch 39:  12%|█▎        | 4/32 [00:00<00:05,  4.85it/s][A
Training Epochs:  39%|███▉      | 39/100 [04:06<07:28,  7.35s/it, -ELBO=0.8354, Potential Metric=0.1029, Entropy Metric=0.0408]

Epoch 39:  16%|█▌        | 5/32 [00:01<00:05,  4.77it/s][A
Training Epochs:  39%|███▉      | 39/100 [04:06<07:28,  7.35s/it, -ELBO=0.8228, Potential Metric=0.1072, Entropy Metric=0.0411]

Epoch 39:  19%|█▉        | 6/32 [00:01<00:05,  4.67it/s][A
Training Epochs:  39%|███▉      | 39/100 [04:06<07:28,  7.35s/it, -ELBO=0.8611, Potential Metric=0.1072, Entropy Metric=0.0435]

Epoch 39:  22%|██▏       | 7/32 [00:01<00:05,  4.57it/s][A
Training Epochs:  39%|███▉      | 39/100 [04:07<07:28,  7.35s/it, -ELBO=0.8449, Potential Metric=0.1091, Entropy Metric=0.0400]

Epoch 39:  25%|██▌       | 8/32 [00:01<00:05,  4.65it/s][A
Training Epochs:  39%|███▉      | 39/100 [04:07<07:28,  7.35s/it, -ELBO=0.8456, Potential Metric=0.1069, Entropy Metric=0.0393]

Epoch 39:  28%|██▊       | 9/32 [00:01<00:04,  4.72it/s][A
Training Epochs:  39%|███▉      | 39/100 [04:07<07:28,  7.35s/it, -ELBO=0.8461, Potential Metric=0.1127, Entropy Metric=0.0410]

Epoch 39:  31%|███▏      | 10/32 [00:02<00:04,  4.70it/s][A
Training Epochs:  39%|███▉      | 39/100 [04:07<07:28,  7.35s/it, -ELBO=0.8404, Potential Metric=0.1099, Entropy Metric=0.0403]

Epoch 39:  34%|███▍      | 11/32 [00:02<00:04,  4.58it/s][A
Training Epochs:  39%|███▉      | 39/100 [04:07<07:28,  7.35s/it, -ELBO=0.8529, Potential Metric=0.0997, Entropy Metric=0.0413]

Epoch 39:  38%|███▊      | 12/32 [00:02<00:04,  4.73it/s][A
Training Epochs:  39%|███▉      | 39/100 [04:08<07:28,  7.35s/it, -ELBO=0.8894, Potential Metric=0.0893, Entropy Metric=0.0383]

Epoch 39:  41%|████      | 13/32 [00:02<00:04,  4.69it/s][A
Training Epochs:  39%|███▉      | 39/100 [04:08<07:28,  7.35s/it, -ELBO=0.8352, Potential Metric=0.1055, Entropy Metric=0.0448]

Epoch 39:  44%|████▍     | 14/32 [00:03<00:03,  4.64it/s][A
Training Epochs:  39%|███▉      | 39/100 [04:08<07:28,  7.35s/it, -ELBO=0.8171, Potential Metric=0.1077, Entropy Metric=0.0411]

Epoch 39:  47%|████▋     | 15/32 [00:03<00:03,  4.32it/s][A
Training Epochs:  39%|███▉      | 39/100 [04:08<07:28,  7.35s/it, -ELBO=0.9608, Potential Metric=0.1179, Entropy Metric=0.0461]

Epoch 39:  50%|█████     | 16/32 [00:03<00:03,  4.46it/s][A
Training Epochs:  39%|███▉      | 39/100 [04:09<07:28,  7.35s/it, -ELBO=0.8301, Potential Metric=0.1055, Entropy Metric=0.0442]

Epoch 39:  53%|█████▎    | 17/32 [00:03<00:03,  4.46it/s][A
Training Epochs:  39%|███▉      | 39/100 [04:09<07:28,  7.35s/it, -ELBO=0.8436, Potential Metric=0.1076, Entropy Metric=0.0434]

Epoch 39:  56%|█████▋    | 18/32 [00:03<00:03,  4.50it/s][A
Training Epochs:  39%|███▉      | 39/100 [04:09<07:28,  7.35s/it, -ELBO=0.8424, Potential Metric=0.1060, Entropy Metric=0.0434]

Epoch 39:  59%|█████▉    | 19/32 [00:04<00:02,  4.53it/s][A
Training Epochs:  39%|███▉      | 39/100 [04:09<07:28,  7.35s/it, -ELBO=0.8853, Potential Metric=0.1005, Entropy Metric=0.0448]

Epoch 39:  62%|██████▎   | 20/32 [00:04<00:02,  4.37it/s][A
Training Epochs:  39%|███▉      | 39/100 [04:09<07:28,  7.35s/it, -ELBO=0.8350, Potential Metric=0.1123, Entropy Metric=0.0465]

Epoch 39:  66%|██████▌   | 21/32 [00:04<00:02,  4.39it/s][A
Training Epochs:  39%|███▉      | 39/100 [04:10<07:28,  7.35s/it, -ELBO=0.8232, Potential Metric=0.1186, Entropy Metric=0.0431]

Epoch 39:  69%|██████▉   | 22/32 [00:04<00:02,  4.31it/s][A
Training Epochs:  39%|███▉      | 39/100 [04:10<07:28,  7.35s/it, -ELBO=0.8134, Potential Metric=0.1129, Entropy Metric=0.0413]

Epoch 39:  72%|███████▏  | 23/32 [00:05<00:02,  4.32it/s][A
Training Epochs:  39%|███▉      | 39/100 [04:10<07:28,  7.35s/it, -ELBO=0.8665, Potential Metric=0.1127, Entropy Metric=0.0440]

Epoch 39:  75%|███████▌  | 24/32 [00:05<00:01,  4.43it/s][A
Training Epochs:  39%|███▉      | 39/100 [04:10<07:28,  7.35s/it, -ELBO=0.9477, Potential Metric=0.1081, Entropy Metric=0.0410]

Epoch 39:  78%|███████▊  | 25/32 [00:05<00:01,  4.29it/s][A
Training Epochs:  39%|███▉      | 39/100 [04:11<07:28,  7.35s/it, -ELBO=0.8262, Potential Metric=0.1072, Entropy Metric=0.0421]

Epoch 39:  81%|████████▏ | 26/32 [00:05<00:01,  4.42it/s][A
Training Epochs:  39%|███▉      | 39/100 [04:11<07:28,  7.35s/it, -ELBO=0.8523, Potential Metric=0.1074, Entropy Metric=0.0419]

Epoch 39:  84%|████████▍ | 27/32 [00:05<00:01,  4.35it/s][A
Training Epochs:  39%|███▉      | 39/100 [04:11<07:28,  7.35s/it, -ELBO=0.9007, Potential Metric=0.1144, Entropy Metric=0.0417]

Epoch 39:  88%|████████▊ | 28/32 [00:06<00:00,  4.29it/s][A
Training Epochs:  39%|███▉      | 39/100 [04:11<07:28,  7.35s/it, -ELBO=0.9201, Potential Metric=0.1103, Entropy Metric=0.0397]

Epoch 39:  91%|█████████ | 29/32 [00:06<00:00,  4.50it/s][A
Training Epochs:  39%|███▉      | 39/100 [04:11<07:28,  7.35s/it, -ELBO=0.8592, Potential Metric=0.1129, Entropy Metric=0.0380]

Epoch 39:  94%|█████████▍| 30/32 [00:06<00:00,  4.52it/s][A
Training Epochs:  39%|███▉      | 39/100 [04:12<07:28,  7.35s/it, -ELBO=0.8218, Potential Metric=0.1100, Entropy Metric=0.0399]

Epoch 39:  97%|█████████▋| 31/32 [00:06<00:00,  4.65it/s][A
Training Epochs:  39%|███▉      | 39/100 [04:12<07:28,  7.35s/it, -ELBO=0.7431, Potential Metric=0.1045, Entropy Metric=0.0426]

Epoch 39: 100%|██████████| 32/32 [00:07<00:00,  4.88it/s][A

                                                         [A
Training Epochs:  40%|████      | 40/100 [04:12<07:19,  7.32s/it, -ELBO=0.7431, Potential Metric=0.1045, Entropy Metric=0.0426]

Epoch 40:   0%|          | 0/32 [00:00<?, ?it/s][A
Training Epochs:  40%|████      | 40/100 [04:12<07:19,  7.32s/it, -ELBO=0.8672, Potential Metric=0.0938, Entropy Metric=0.0392]

Epoch 40:   3%|▎         | 1/32 [00:00<00:08,  3.67it/s][A
Training Epochs:  40%|████      | 40/100 [04:13<07:19,  7.32s/it, -ELBO=0.8187, Potential Metric=0.0976, Entropy Metric=0.0415]

Epoch 40:   6%|▋         | 2/32 [00:00<00:08,  3.62it/s][A
Training Epochs:  40%|████      | 40/100 [04:13<07:19,  7.32s/it, -ELBO=0.8645, Potential Metric=0.1027, Entropy Metric=0.0386]

Epoch 40:   9%|▉         | 3/32 [00:00<00:07,  3.88it/s][A
Training Epochs:  40%|████      | 40/100 [04:13<07:19,  7.32s/it, -ELBO=0.8175, Potential Metric=0.1010, Entropy Metric=0.0436]

Epoch 40:  12%|█▎        | 4/32 [00:00<00:06,  4.30it/s][A
Training Epochs:  40%|████      | 40/100 [04:13<07:19,  7.32s/it, -ELBO=0.8470, Potential Metric=0.1073, Entropy Metric=0.0392]

Epoch 40:  16%|█▌        | 5/32 [00:01<00:06,  4.29it/s][A
Training Epochs:  40%|████      | 40/100 [04:13<07:19,  7.32s/it, -ELBO=0.7503, Potential Metric=0.0976, Entropy Metric=0.0429]

Epoch 40:  19%|█▉        | 6/32 [00:01<00:05,  4.36it/s][A
Training Epochs:  40%|████      | 40/100 [04:14<07:19,  7.32s/it, -ELBO=0.8844, Potential Metric=0.1046, Entropy Metric=0.0426]

Epoch 40:  22%|██▏       | 7/32 [00:01<00:05,  4.31it/s][A
Training Epochs:  40%|████      | 40/100 [04:14<07:19,  7.32s/it, -ELBO=0.8280, Potential Metric=0.1043, Entropy Metric=0.0413]

Epoch 40:  25%|██▌       | 8/32 [00:01<00:05,  4.40it/s][A
Training Epochs:  40%|████      | 40/100 [04:14<07:19,  7.32s/it, -ELBO=0.8343, Potential Metric=0.1018, Entropy Metric=0.0374]

Epoch 40:  28%|██▊       | 9/32 [00:02<00:05,  4.38it/s][A
Training Epochs:  40%|████      | 40/100 [04:14<07:19,  7.32s/it, -ELBO=0.8195, Potential Metric=0.1047, Entropy Metric=0.0376]

Epoch 40:  31%|███▏      | 10/32 [00:02<00:04,  4.46it/s][A
Training Epochs:  40%|████      | 40/100 [04:15<07:19,  7.32s/it, -ELBO=0.8272, Potential Metric=0.1172, Entropy Metric=0.0400]

Epoch 40:  34%|███▍      | 11/32 [00:02<00:04,  4.30it/s][A
Training Epochs:  40%|████      | 40/100 [04:15<07:19,  7.32s/it, -ELBO=0.8407, Potential Metric=0.1189, Entropy Metric=0.0445]

Epoch 40:  38%|███▊      | 12/32 [00:02<00:04,  4.32it/s][A
Training Epochs:  40%|████      | 40/100 [04:15<07:19,  7.32s/it, -ELBO=0.8768, Potential Metric=0.1339, Entropy Metric=0.0397]

Epoch 40:  41%|████      | 13/32 [00:03<00:04,  4.43it/s][A
Training Epochs:  40%|████      | 40/100 [04:15<07:19,  7.32s/it, -ELBO=0.8713, Potential Metric=0.1182, Entropy Metric=0.0403]

Epoch 40:  44%|████▍     | 14/32 [00:03<00:04,  4.29it/s][A
Training Epochs:  40%|████      | 40/100 [04:15<07:19,  7.32s/it, -ELBO=0.7906, Potential Metric=0.1135, Entropy Metric=0.0425]

Epoch 40:  47%|████▋     | 15/32 [00:03<00:03,  4.25it/s][A
Training Epochs:  40%|████      | 40/100 [04:16<07:19,  7.32s/it, -ELBO=0.8614, Potential Metric=0.1159, Entropy Metric=0.0443]

Epoch 40:  50%|█████     | 16/32 [00:03<00:03,  4.22it/s][A
Training Epochs:  40%|████      | 40/100 [04:16<07:19,  7.32s/it, -ELBO=0.8642, Potential Metric=0.1197, Entropy Metric=0.0421]

Epoch 40:  53%|█████▎    | 17/32 [00:03<00:03,  4.21it/s][A
Training Epochs:  40%|████      | 40/100 [04:16<07:19,  7.32s/it, -ELBO=0.9072, Potential Metric=0.1141, Entropy Metric=0.0398]

Epoch 40:  56%|█████▋    | 18/32 [00:04<00:03,  3.53it/s][A
Training Epochs:  40%|████      | 40/100 [04:17<07:19,  7.32s/it, -ELBO=0.9359, Potential Metric=0.1193, Entropy Metric=0.0404]

Epoch 40:  59%|█████▉    | 19/32 [00:04<00:03,  3.78it/s][A
Training Epochs:  40%|████      | 40/100 [04:17<07:19,  7.32s/it, -ELBO=0.8643, Potential Metric=0.1118, Entropy Metric=0.0405]

Epoch 40:  62%|██████▎   | 20/32 [00:04<00:03,  3.99it/s][A
Training Epochs:  40%|████      | 40/100 [04:17<07:19,  7.32s/it, -ELBO=0.8550, Potential Metric=0.1062, Entropy Metric=0.0400]

Epoch 40:  66%|██████▌   | 21/32 [00:05<00:02,  4.10it/s][A
Training Epochs:  40%|████      | 40/100 [04:17<07:19,  7.32s/it, -ELBO=0.8330, Potential Metric=0.1098, Entropy Metric=0.0387]

Epoch 40:  69%|██████▉   | 22/32 [00:05<00:02,  4.04it/s][A
Training Epochs:  40%|████      | 40/100 [04:18<07:19,  7.32s/it, -ELBO=0.8033, Potential Metric=0.1011, Entropy Metric=0.0401]

Epoch 40:  72%|███████▏  | 23/32 [00:05<00:02,  4.09it/s][A
Training Epochs:  40%|████      | 40/100 [04:18<07:19,  7.32s/it, -ELBO=0.8432, Potential Metric=0.1088, Entropy Metric=0.0348]

Epoch 40:  75%|███████▌  | 24/32 [00:05<00:01,  4.21it/s][A
Training Epochs:  40%|████      | 40/100 [04:18<07:19,  7.32s/it, -ELBO=0.8262, Potential Metric=0.1023, Entropy Metric=0.0401]

Epoch 40:  78%|███████▊  | 25/32 [00:05<00:01,  4.28it/s][A
Training Epochs:  40%|████      | 40/100 [04:18<07:19,  7.32s/it, -ELBO=0.8081, Potential Metric=0.1027, Entropy Metric=0.0380]

Epoch 40:  81%|████████▏ | 26/32 [00:06<00:01,  4.43it/s][A
Training Epochs:  40%|████      | 40/100 [04:18<07:19,  7.32s/it, -ELBO=0.7755, Potential Metric=0.1094, Entropy Metric=0.0397]

Epoch 40:  84%|████████▍ | 27/32 [00:06<00:01,  4.49it/s][A
Training Epochs:  40%|████      | 40/100 [04:19<07:19,  7.32s/it, -ELBO=0.8729, Potential Metric=0.1037, Entropy Metric=0.0400]

Epoch 40:  88%|████████▊ | 28/32 [00:06<00:00,  4.62it/s][A
Training Epochs:  40%|████      | 40/100 [04:19<07:19,  7.32s/it, -ELBO=0.8218, Potential Metric=0.1055, Entropy Metric=0.0379]

Epoch 40:  91%|█████████ | 29/32 [00:06<00:00,  4.51it/s][A
Training Epochs:  40%|████      | 40/100 [04:19<07:19,  7.32s/it, -ELBO=0.7871, Potential Metric=0.0969, Entropy Metric=0.0378]

Epoch 40:  94%|█████████▍| 30/32 [00:07<00:00,  4.39it/s][A
Training Epochs:  40%|████      | 40/100 [04:19<07:19,  7.32s/it, -ELBO=0.8099, Potential Metric=0.1123, Entropy Metric=0.0415]

Epoch 40:  97%|█████████▋| 31/32 [00:07<00:00,  4.46it/s][A
Training Epochs:  40%|████      | 40/100 [04:20<07:19,  7.32s/it, -ELBO=0.7611, Potential Metric=0.1054, Entropy Metric=0.0380]

Epoch 40: 100%|██████████| 32/32 [00:07<00:00,  4.22it/s][A

                                                         [A
Training Epochs:  41%|████      | 41/100 [04:20<07:18,  7.43s/it, -ELBO=0.7611, Potential Metric=0.1054, Entropy Metric=0.0380]

Epoch 41:   0%|          | 0/32 [00:00<?, ?it/s][A
Training Epochs:  41%|████      | 41/100 [04:20<07:18,  7.43s/it, -ELBO=0.8881, Potential Metric=0.1145, Entropy Metric=0.0364]

Epoch 41:   3%|▎         | 1/32 [00:00<00:08,  3.60it/s][A
Training Epochs:  41%|████      | 41/100 [04:20<07:18,  7.43s/it, -ELBO=0.7938, Potential Metric=0.1052, Entropy Metric=0.0384]

Epoch 41:   6%|▋         | 2/32 [00:00<00:07,  3.98it/s][A
Training Epochs:  41%|████      | 41/100 [04:20<07:18,  7.43s/it, -ELBO=0.7757, Potential Metric=0.1044, Entropy Metric=0.0424]

Epoch 41:   9%|▉         | 3/32 [00:00<00:06,  4.24it/s][A
Training Epochs:  41%|████      | 41/100 [04:21<07:18,  7.43s/it, -ELBO=0.8504, Potential Metric=0.1083, Entropy Metric=0.0410]

Epoch 41:  12%|█▎        | 4/32 [00:00<00:06,  4.28it/s][A
Training Epochs:  41%|████      | 41/100 [04:21<07:18,  7.43s/it, -ELBO=0.8822, Potential Metric=0.1222, Entropy Metric=0.0384]

Epoch 41:  16%|█▌        | 5/32 [00:01<00:06,  4.40it/s][A
Training Epochs:  41%|████      | 41/100 [04:21<07:18,  7.43s/it, -ELBO=0.7592, Potential Metric=0.1023, Entropy Metric=0.0391]

Epoch 41:  19%|█▉        | 6/32 [00:01<00:05,  4.54it/s][A
Training Epochs:  41%|████      | 41/100 [04:21<07:18,  7.43s/it, -ELBO=0.8207, Potential Metric=0.1078, Entropy Metric=0.0406]

Epoch 41:  22%|██▏       | 7/32 [00:01<00:05,  4.59it/s][A
Training Epochs:  41%|████      | 41/100 [04:22<07:18,  7.43s/it, -ELBO=0.7860, Potential Metric=0.1081, Entropy Metric=0.0367]

Epoch 41:  25%|██▌       | 8/32 [00:01<00:05,  4.61it/s][A
Training Epochs:  41%|████      | 41/100 [04:22<07:18,  7.43s/it, -ELBO=0.7404, Potential Metric=0.1125, Entropy Metric=0.0442]

Epoch 41:  28%|██▊       | 9/32 [00:02<00:04,  4.62it/s][A
Training Epochs:  41%|████      | 41/100 [04:22<07:18,  7.43s/it, -ELBO=0.8379, Potential Metric=0.1079, Entropy Metric=0.0413]

Epoch 41:  31%|███▏      | 10/32 [00:02<00:04,  4.61it/s][A
Training Epochs:  41%|████      | 41/100 [04:22<07:18,  7.43s/it, -ELBO=0.8528, Potential Metric=0.1053, Entropy Metric=0.0400]

Epoch 41:  34%|███▍      | 11/32 [00:02<00:04,  4.60it/s][A
Training Epochs:  41%|████      | 41/100 [04:22<07:18,  7.43s/it, -ELBO=0.7774, Potential Metric=0.1166, Entropy Metric=0.0451]

Epoch 41:  38%|███▊      | 12/32 [00:02<00:04,  4.39it/s][A
Training Epochs:  41%|████      | 41/100 [04:23<07:18,  7.43s/it, -ELBO=0.8277, Potential Metric=0.1132, Entropy Metric=0.0414]

Epoch 41:  41%|████      | 13/32 [00:02<00:04,  4.39it/s][A
Training Epochs:  41%|████      | 41/100 [04:23<07:18,  7.43s/it, -ELBO=0.7441, Potential Metric=0.1110, Entropy Metric=0.0424]

Epoch 41:  44%|████▍     | 14/32 [00:03<00:03,  4.52it/s][A
Training Epochs:  41%|████      | 41/100 [04:23<07:18,  7.43s/it, -ELBO=0.7778, Potential Metric=0.1257, Entropy Metric=0.0393]

Epoch 41:  47%|████▋     | 15/32 [00:03<00:03,  4.64it/s][A
Training Epochs:  41%|████      | 41/100 [04:23<07:18,  7.43s/it, -ELBO=0.8778, Potential Metric=0.1138, Entropy Metric=0.0377]

Epoch 41:  50%|█████     | 16/32 [00:03<00:03,  4.68it/s][A
Training Epochs:  41%|████      | 41/100 [04:24<07:18,  7.43s/it, -ELBO=0.8603, Potential Metric=0.1124, Entropy Metric=0.0367]

Epoch 41:  53%|█████▎    | 17/32 [00:03<00:03,  4.48it/s][A
Training Epochs:  41%|████      | 41/100 [04:24<07:18,  7.43s/it, -ELBO=0.8236, Potential Metric=0.1151, Entropy Metric=0.0366]

Epoch 41:  56%|█████▋    | 18/32 [00:04<00:03,  4.63it/s][A
Training Epochs:  41%|████      | 41/100 [04:24<07:18,  7.43s/it, -ELBO=0.7743, Potential Metric=0.1119, Entropy Metric=0.0377]

Epoch 41:  59%|█████▉    | 19/32 [00:04<00:02,  4.85it/s][A
Training Epochs:  41%|████      | 41/100 [04:24<07:18,  7.43s/it, -ELBO=0.8261, Potential Metric=0.1050, Entropy Metric=0.0378]

Epoch 41:  62%|██████▎   | 20/32 [00:04<00:02,  4.84it/s][A
Training Epochs:  41%|████      | 41/100 [04:24<07:18,  7.43s/it, -ELBO=0.8207, Potential Metric=0.1096, Entropy Metric=0.0374]

Epoch 41:  66%|██████▌   | 21/32 [00:04<00:02,  4.92it/s][A
Training Epochs:  41%|████      | 41/100 [04:25<07:18,  7.43s/it, -ELBO=0.7490, Potential Metric=0.1063, Entropy Metric=0.0414]

Epoch 41:  69%|██████▉   | 22/32 [00:04<00:02,  4.86it/s][A
Training Epochs:  41%|████      | 41/100 [04:25<07:18,  7.43s/it, -ELBO=0.8917, Potential Metric=0.1120, Entropy Metric=0.0394]

Epoch 41:  72%|███████▏  | 23/32 [00:05<00:01,  4.82it/s][A
Training Epochs:  41%|████      | 41/100 [04:25<07:18,  7.43s/it, -ELBO=0.7625, Potential Metric=0.1158, Entropy Metric=0.0386]

Epoch 41:  75%|███████▌  | 24/32 [00:05<00:01,  4.90it/s][A
Training Epochs:  41%|████      | 41/100 [04:25<07:18,  7.43s/it, -ELBO=0.8673, Potential Metric=0.1106, Entropy Metric=0.0386]

Epoch 41:  78%|███████▊  | 25/32 [00:05<00:01,  4.59it/s][A
Training Epochs:  41%|████      | 41/100 [04:25<07:18,  7.43s/it, -ELBO=0.8191, Potential Metric=0.1300, Entropy Metric=0.0460]

Epoch 41:  81%|████████▏ | 26/32 [00:05<00:01,  4.75it/s][A
Training Epochs:  41%|████      | 41/100 [04:26<07:18,  7.43s/it, -ELBO=0.8100, Potential Metric=0.1157, Entropy Metric=0.0424]

Epoch 41:  84%|████████▍ | 27/32 [00:05<00:01,  4.62it/s][A
Training Epochs:  41%|████      | 41/100 [04:26<07:18,  7.43s/it, -ELBO=0.8156, Potential Metric=0.1154, Entropy Metric=0.0399]

Epoch 41:  88%|████████▊ | 28/32 [00:06<00:00,  4.73it/s][A
Training Epochs:  41%|████      | 41/100 [04:26<07:18,  7.43s/it, -ELBO=0.8714, Potential Metric=0.1139, Entropy Metric=0.0410]

Epoch 41:  91%|█████████ | 29/32 [00:06<00:00,  4.79it/s][A
Training Epochs:  41%|████      | 41/100 [04:26<07:18,  7.43s/it, -ELBO=0.8286, Potential Metric=0.1261, Entropy Metric=0.0445]

Epoch 41:  94%|█████████▍| 30/32 [00:06<00:00,  4.59it/s][A
Training Epochs:  41%|████      | 41/100 [04:26<07:18,  7.43s/it, -ELBO=0.8826, Potential Metric=0.1181, Entropy Metric=0.0380]

Epoch 41:  97%|█████████▋| 31/32 [00:06<00:00,  4.71it/s][A
Training Epochs:  41%|████      | 41/100 [04:27<07:18,  7.43s/it, -ELBO=0.8173, Potential Metric=0.1098, Entropy Metric=0.0389]

Epoch 41: 100%|██████████| 32/32 [00:06<00:00,  4.59it/s][A

                                                         [A
Training Epochs:  42%|████▏     | 42/100 [04:27<07:05,  7.34s/it, -ELBO=0.8173, Potential Metric=0.1098, Entropy Metric=0.0389]

Epoch 42:   0%|          | 0/32 [00:00<?, ?it/s][A
Training Epochs:  42%|████▏     | 42/100 [04:27<07:05,  7.34s/it, -ELBO=0.8028, Potential Metric=0.1125, Entropy Metric=0.0387]

Epoch 42:   3%|▎         | 1/32 [00:00<00:09,  3.11it/s][A
Training Epochs:  42%|████▏     | 42/100 [04:27<07:05,  7.34s/it, -ELBO=0.8940, Potential Metric=0.1049, Entropy Metric=0.0351]

Epoch 42:   6%|▋         | 2/32 [00:00<00:08,  3.56it/s][A
Training Epochs:  42%|████▏     | 42/100 [04:28<07:05,  7.34s/it, -ELBO=0.7867, Potential Metric=0.1171, Entropy Metric=0.0388]

Epoch 42:   9%|▉         | 3/32 [00:00<00:07,  3.96it/s][A
Training Epochs:  42%|████▏     | 42/100 [04:28<07:05,  7.34s/it, -ELBO=0.8554, Potential Metric=0.1073, Entropy Metric=0.0378]

Epoch 42:  12%|█▎        | 4/32 [00:01<00:06,  4.13it/s][A
Training Epochs:  42%|████▏     | 42/100 [04:28<07:05,  7.34s/it, -ELBO=0.7416, Potential Metric=0.1175, Entropy Metric=0.0378]

Epoch 42:  16%|█▌        | 5/32 [00:01<00:06,  4.28it/s][A
Training Epochs:  42%|████▏     | 42/100 [04:28<07:05,  7.34s/it, -ELBO=0.8148, Potential Metric=0.1178, Entropy Metric=0.0396]

Epoch 42:  19%|█▉        | 6/32 [00:01<00:06,  4.15it/s][A
Training Epochs:  42%|████▏     | 42/100 [04:29<07:05,  7.34s/it, -ELBO=0.9018, Potential Metric=0.1119, Entropy Metric=0.0359]

Epoch 42:  22%|██▏       | 7/32 [00:01<00:05,  4.41it/s][A
Training Epochs:  42%|████▏     | 42/100 [04:29<07:05,  7.34s/it, -ELBO=0.8651, Potential Metric=0.1165, Entropy Metric=0.0375]

Epoch 42:  25%|██▌       | 8/32 [00:01<00:05,  4.28it/s][A
Training Epochs:  42%|████▏     | 42/100 [04:29<07:05,  7.34s/it, -ELBO=0.8685, Potential Metric=0.1039, Entropy Metric=0.0377]

Epoch 42:  28%|██▊       | 9/32 [00:02<00:05,  4.50it/s][A
Training Epochs:  42%|████▏     | 42/100 [04:29<07:05,  7.34s/it, -ELBO=0.7935, Potential Metric=0.1066, Entropy Metric=0.0407]

Epoch 42:  31%|███▏      | 10/32 [00:02<00:04,  4.49it/s][A
Training Epochs:  42%|████▏     | 42/100 [04:29<07:05,  7.34s/it, -ELBO=0.7901, Potential Metric=0.1052, Entropy Metric=0.0421]

Epoch 42:  34%|███▍      | 11/32 [00:02<00:04,  4.43it/s][A
Training Epochs:  42%|████▏     | 42/100 [04:30<07:05,  7.34s/it, -ELBO=0.8029, Potential Metric=0.1143, Entropy Metric=0.0410]

Epoch 42:  38%|███▊      | 12/32 [00:02<00:04,  4.45it/s][A
Training Epochs:  42%|████▏     | 42/100 [04:30<07:05,  7.34s/it, -ELBO=0.8295, Potential Metric=0.1063, Entropy Metric=0.0429]

Epoch 42:  41%|████      | 13/32 [00:03<00:04,  4.59it/s][A
Training Epochs:  42%|████▏     | 42/100 [04:30<07:05,  7.34s/it, -ELBO=0.7723, Potential Metric=0.1111, Entropy Metric=0.0408]

Epoch 42:  44%|████▍     | 14/32 [00:03<00:03,  4.55it/s][A
Training Epochs:  42%|████▏     | 42/100 [04:30<07:05,  7.34s/it, -ELBO=0.8099, Potential Metric=0.1068, Entropy Metric=0.0423]

Epoch 42:  47%|████▋     | 15/32 [00:03<00:03,  4.62it/s][A
Training Epochs:  42%|████▏     | 42/100 [04:31<07:05,  7.34s/it, -ELBO=0.7601, Potential Metric=0.1099, Entropy Metric=0.0421]

Epoch 42:  50%|█████     | 16/32 [00:03<00:03,  4.59it/s][A
Training Epochs:  42%|████▏     | 42/100 [04:31<07:05,  7.34s/it, -ELBO=0.8388, Potential Metric=0.1118, Entropy Metric=0.0392]

Epoch 42:  53%|█████▎    | 17/32 [00:03<00:03,  4.39it/s][A
Training Epochs:  42%|████▏     | 42/100 [04:31<07:05,  7.34s/it, -ELBO=0.8570, Potential Metric=0.1181, Entropy Metric=0.0400]

Epoch 42:  56%|█████▋    | 18/32 [00:04<00:03,  4.50it/s][A
Training Epochs:  42%|████▏     | 42/100 [04:31<07:05,  7.34s/it, -ELBO=0.7285, Potential Metric=0.1197, Entropy Metric=0.0426]

Epoch 42:  59%|█████▉    | 19/32 [00:04<00:02,  4.58it/s][A
Training Epochs:  42%|████▏     | 42/100 [04:31<07:05,  7.34s/it, -ELBO=0.7810, Potential Metric=0.1098, Entropy Metric=0.0454]

Epoch 42:  62%|██████▎   | 20/32 [00:04<00:02,  4.46it/s][A
Training Epochs:  42%|████▏     | 42/100 [04:32<07:05,  7.34s/it, -ELBO=0.7902, Potential Metric=0.1148, Entropy Metric=0.0413]

Epoch 42:  66%|██████▌   | 21/32 [00:04<00:02,  4.41it/s][A
Training Epochs:  42%|████▏     | 42/100 [04:32<07:05,  7.34s/it, -ELBO=0.8104, Potential Metric=0.1289, Entropy Metric=0.0425]

Epoch 42:  69%|██████▉   | 22/32 [00:05<00:02,  4.50it/s][A
Training Epochs:  42%|████▏     | 42/100 [04:32<07:05,  7.34s/it, -ELBO=0.7706, Potential Metric=0.1247, Entropy Metric=0.0430]

Epoch 42:  72%|███████▏  | 23/32 [00:05<00:01,  4.56it/s][A
Training Epochs:  42%|████▏     | 42/100 [04:32<07:05,  7.34s/it, -ELBO=0.7848, Potential Metric=0.1127, Entropy Metric=0.0433]

Epoch 42:  75%|███████▌  | 24/32 [00:05<00:01,  4.31it/s][A
Training Epochs:  42%|████▏     | 42/100 [04:33<07:05,  7.34s/it, -ELBO=0.7872, Potential Metric=0.1197, Entropy Metric=0.0418]

Epoch 42:  78%|███████▊  | 25/32 [00:05<00:01,  4.34it/s][A
Training Epochs:  42%|████▏     | 42/100 [04:33<07:05,  7.34s/it, -ELBO=0.7552, Potential Metric=0.1095, Entropy Metric=0.0413]

Epoch 42:  81%|████████▏ | 26/32 [00:05<00:01,  4.32it/s][A
Training Epochs:  42%|████▏     | 42/100 [04:33<07:05,  7.34s/it, -ELBO=0.7614, Potential Metric=0.1151, Entropy Metric=0.0402]

Epoch 42:  84%|████████▍ | 27/32 [00:06<00:01,  4.44it/s][A
Training Epochs:  42%|████▏     | 42/100 [04:33<07:05,  7.34s/it, -ELBO=0.7309, Potential Metric=0.1152, Entropy Metric=0.0403]

Epoch 42:  88%|████████▊ | 28/32 [00:06<00:00,  4.33it/s][A
Training Epochs:  42%|████▏     | 42/100 [04:34<07:05,  7.34s/it, -ELBO=0.8025, Potential Metric=0.1230, Entropy Metric=0.0402]

Epoch 42:  91%|█████████ | 29/32 [00:06<00:00,  4.34it/s][A
Training Epochs:  42%|████▏     | 42/100 [04:34<07:05,  7.34s/it, -ELBO=0.7830, Potential Metric=0.1225, Entropy Metric=0.0390]

Epoch 42:  94%|█████████▍| 30/32 [00:06<00:00,  4.50it/s][A
Training Epochs:  42%|████▏     | 42/100 [04:34<07:05,  7.34s/it, -ELBO=0.7616, Potential Metric=0.1256, Entropy Metric=0.0434]

Epoch 42:  97%|█████████▋| 31/32 [00:07<00:00,  4.73it/s][A
Training Epochs:  42%|████▏     | 42/100 [04:34<07:05,  7.34s/it, -ELBO=0.7667, Potential Metric=0.1175, Entropy Metric=0.0397]

Epoch 42: 100%|██████████| 32/32 [00:07<00:00,  4.78it/s][A

                                                         [A
Training Epochs:  43%|████▎     | 43/100 [04:34<07:00,  7.38s/it, -ELBO=0.7667, Potential Metric=0.1175, Entropy Metric=0.0397]

Epoch 43:   0%|          | 0/32 [00:00<?, ?it/s][A
Training Epochs:  43%|████▎     | 43/100 [04:35<07:00,  7.38s/it, -ELBO=0.7627, Potential Metric=0.1079, Entropy Metric=0.0446]

Epoch 43:   3%|▎         | 1/32 [00:00<00:08,  3.48it/s][A
Training Epochs:  43%|████▎     | 43/100 [04:35<07:00,  7.38s/it, -ELBO=0.7261, Potential Metric=0.1162, Entropy Metric=0.0424]

Epoch 43:   6%|▋         | 2/32 [00:00<00:07,  4.28it/s][A
Training Epochs:  43%|████▎     | 43/100 [04:35<07:00,  7.38s/it, -ELBO=0.7421, Potential Metric=0.1107, Entropy Metric=0.0414]

Epoch 43:   9%|▉         | 3/32 [00:00<00:06,  4.38it/s][A
Training Epochs:  43%|████▎     | 43/100 [04:35<07:00,  7.38s/it, -ELBO=0.8555, Potential Metric=0.1093, Entropy Metric=0.0398]

Epoch 43:  12%|█▎        | 4/32 [00:00<00:06,  4.42it/s][A
Training Epochs:  43%|████▎     | 43/100 [04:35<07:00,  7.38s/it, -ELBO=0.8185, Potential Metric=0.1201, Entropy Metric=0.0405]

Epoch 43:  16%|█▌        | 5/32 [00:01<00:06,  4.49it/s][A
Training Epochs:  43%|████▎     | 43/100 [04:36<07:00,  7.38s/it, -ELBO=0.6968, Potential Metric=0.1087, Entropy Metric=0.0422]

Epoch 43:  19%|█▉        | 6/32 [00:01<00:05,  4.64it/s][A
Training Epochs:  43%|████▎     | 43/100 [04:36<07:00,  7.38s/it, -ELBO=0.8308, Potential Metric=0.1246, Entropy Metric=0.0414]

Epoch 43:  22%|██▏       | 7/32 [00:01<00:05,  4.59it/s][A
Training Epochs:  43%|████▎     | 43/100 [04:36<07:00,  7.38s/it, -ELBO=0.8056, Potential Metric=0.1163, Entropy Metric=0.0374]

Epoch 43:  25%|██▌       | 8/32 [00:01<00:05,  4.55it/s][A
Training Epochs:  43%|████▎     | 43/100 [04:36<07:00,  7.38s/it, -ELBO=0.8158, Potential Metric=0.1117, Entropy Metric=0.0410]

Epoch 43:  28%|██▊       | 9/32 [00:02<00:05,  4.40it/s][A
Training Epochs:  43%|████▎     | 43/100 [04:37<07:00,  7.38s/it, -ELBO=0.7611, Potential Metric=0.1281, Entropy Metric=0.0416]

Epoch 43:  31%|███▏      | 10/32 [00:02<00:05,  4.22it/s][A
Training Epochs:  43%|████▎     | 43/100 [04:37<07:00,  7.38s/it, -ELBO=0.8334, Potential Metric=0.1123, Entropy Metric=0.0381]

Epoch 43:  34%|███▍      | 11/32 [00:02<00:04,  4.36it/s][A
Training Epochs:  43%|████▎     | 43/100 [04:37<07:00,  7.38s/it, -ELBO=0.7327, Potential Metric=0.1188, Entropy Metric=0.0384]

Epoch 43:  38%|███▊      | 12/32 [00:02<00:04,  4.50it/s][A
Training Epochs:  43%|████▎     | 43/100 [04:37<07:00,  7.38s/it, -ELBO=0.7869, Potential Metric=0.1179, Entropy Metric=0.0395]

Epoch 43:  41%|████      | 13/32 [00:02<00:04,  4.39it/s][A
Training Epochs:  43%|████▎     | 43/100 [04:37<07:00,  7.38s/it, -ELBO=0.8243, Potential Metric=0.1112, Entropy Metric=0.0380]

Epoch 43:  44%|████▍     | 14/32 [00:03<00:04,  4.46it/s][A
Training Epochs:  43%|████▎     | 43/100 [04:38<07:00,  7.38s/it, -ELBO=0.7033, Potential Metric=0.1090, Entropy Metric=0.0376]

Epoch 43:  47%|████▋     | 15/32 [00:03<00:03,  4.48it/s][A
Training Epochs:  43%|████▎     | 43/100 [04:38<07:00,  7.38s/it, -ELBO=0.8270, Potential Metric=0.1172, Entropy Metric=0.0344]

Epoch 43:  50%|█████     | 16/32 [00:03<00:03,  4.64it/s][A
Training Epochs:  43%|████▎     | 43/100 [04:38<07:00,  7.38s/it, -ELBO=0.8437, Potential Metric=0.1107, Entropy Metric=0.0376]

Epoch 43:  53%|█████▎    | 17/32 [00:03<00:03,  4.72it/s][A
Training Epochs:  43%|████▎     | 43/100 [04:38<07:00,  7.38s/it, -ELBO=0.8285, Potential Metric=0.1262, Entropy Metric=0.0394]

Epoch 43:  56%|█████▋    | 18/32 [00:04<00:03,  4.61it/s][A
Training Epochs:  43%|████▎     | 43/100 [04:39<07:00,  7.38s/it, -ELBO=0.8023, Potential Metric=0.1249, Entropy Metric=0.0384]

Epoch 43:  59%|█████▉    | 19/32 [00:04<00:02,  4.50it/s][A
Training Epochs:  43%|████▎     | 43/100 [04:39<07:00,  7.38s/it, -ELBO=0.8331, Potential Metric=0.1225, Entropy Metric=0.0398]

Epoch 43:  62%|██████▎   | 20/32 [00:04<00:02,  4.40it/s][A
Training Epochs:  43%|████▎     | 43/100 [04:39<07:00,  7.38s/it, -ELBO=0.8217, Potential Metric=0.1299, Entropy Metric=0.0396]

Epoch 43:  66%|██████▌   | 21/32 [00:04<00:02,  4.46it/s][A
Training Epochs:  43%|████▎     | 43/100 [04:39<07:00,  7.38s/it, -ELBO=0.8347, Potential Metric=0.1150, Entropy Metric=0.0419]

Epoch 43:  69%|██████▉   | 22/32 [00:04<00:02,  4.60it/s][A
Training Epochs:  43%|████▎     | 43/100 [04:39<07:00,  7.38s/it, -ELBO=0.7167, Potential Metric=0.1236, Entropy Metric=0.0459]

Epoch 43:  72%|███████▏  | 23/32 [00:05<00:01,  4.59it/s][A
Training Epochs:  43%|████▎     | 43/100 [04:40<07:00,  7.38s/it, -ELBO=0.7091, Potential Metric=0.1241, Entropy Metric=0.0453]

Epoch 43:  75%|███████▌  | 24/32 [00:05<00:01,  4.55it/s][A
Training Epochs:  43%|████▎     | 43/100 [04:40<07:00,  7.38s/it, -ELBO=0.7477, Potential Metric=0.1266, Entropy Metric=0.0415]

Epoch 43:  78%|███████▊  | 25/32 [00:05<00:01,  4.53it/s][A
Training Epochs:  43%|████▎     | 43/100 [04:40<07:00,  7.38s/it, -ELBO=0.7293, Potential Metric=0.1204, Entropy Metric=0.0428]

Epoch 43:  81%|████████▏ | 26/32 [00:05<00:01,  4.52it/s][A
Training Epochs:  43%|████▎     | 43/100 [04:40<07:00,  7.38s/it, -ELBO=0.8049, Potential Metric=0.1213, Entropy Metric=0.0400]

Epoch 43:  84%|████████▍ | 27/32 [00:06<00:01,  4.61it/s][A
Training Epochs:  43%|████▎     | 43/100 [04:41<07:00,  7.38s/it, -ELBO=0.7684, Potential Metric=0.1190, Entropy Metric=0.0412]

Epoch 43:  88%|████████▊ | 28/32 [00:06<00:00,  4.62it/s][A
Training Epochs:  43%|████▎     | 43/100 [04:41<07:00,  7.38s/it, -ELBO=0.7780, Potential Metric=0.1115, Entropy Metric=0.0378]

Epoch 43:  91%|█████████ | 29/32 [00:06<00:00,  4.50it/s][A
Training Epochs:  43%|████▎     | 43/100 [04:41<07:00,  7.38s/it, -ELBO=0.7598, Potential Metric=0.1173, Entropy Metric=0.0402]

Epoch 43:  94%|█████████▍| 30/32 [00:06<00:00,  4.48it/s][A
Training Epochs:  43%|████▎     | 43/100 [04:41<07:00,  7.38s/it, -ELBO=0.7469, Potential Metric=0.1133, Entropy Metric=0.0387]

Epoch 43:  97%|█████████▋| 31/32 [00:06<00:00,  4.52it/s][A
Training Epochs:  43%|████▎     | 43/100 [04:41<07:00,  7.38s/it, -ELBO=0.8985, Potential Metric=0.1177, Entropy Metric=0.0371]

Epoch 43: 100%|██████████| 32/32 [00:07<00:00,  4.58it/s][A

                                                         [A
Training Epochs:  44%|████▍     | 44/100 [04:41<06:51,  7.35s/it, -ELBO=0.8985, Potential Metric=0.1177, Entropy Metric=0.0371]

Epoch 44:   0%|          | 0/32 [00:00<?, ?it/s][A
Training Epochs:  44%|████▍     | 44/100 [04:42<06:51,  7.35s/it, -ELBO=0.8313, Potential Metric=0.1135, Entropy Metric=0.0391]

Epoch 44:   3%|▎         | 1/32 [00:00<00:08,  3.51it/s][A
Training Epochs:  44%|████▍     | 44/100 [04:42<06:51,  7.35s/it, -ELBO=0.7891, Potential Metric=0.1093, Entropy Metric=0.0412]

Epoch 44:   6%|▋         | 2/32 [00:00<00:07,  4.13it/s][A
Training Epochs:  44%|████▍     | 44/100 [04:42<06:51,  7.35s/it, -ELBO=0.7617, Potential Metric=0.1076, Entropy Metric=0.0380]

Epoch 44:   9%|▉         | 3/32 [00:00<00:06,  4.31it/s][A
Training Epochs:  44%|████▍     | 44/100 [04:43<06:51,  7.35s/it, -ELBO=0.7513, Potential Metric=0.1099, Entropy Metric=0.0361]

Epoch 44:  12%|█▎        | 4/32 [00:00<00:06,  4.32it/s][A
Training Epochs:  44%|████▍     | 44/100 [04:43<06:51,  7.35s/it, -ELBO=0.8147, Potential Metric=0.1099, Entropy Metric=0.0374]

Epoch 44:  16%|█▌        | 5/32 [00:01<00:06,  4.45it/s][A
Training Epochs:  44%|████▍     | 44/100 [04:43<06:51,  7.35s/it, -ELBO=0.8292, Potential Metric=0.1238, Entropy Metric=0.0406]

Epoch 44:  19%|█▉        | 6/32 [00:01<00:05,  4.54it/s][A
Training Epochs:  44%|████▍     | 44/100 [04:43<06:51,  7.35s/it, -ELBO=0.7674, Potential Metric=0.1180, Entropy Metric=0.0403]

Epoch 44:  22%|██▏       | 7/32 [00:01<00:05,  4.57it/s][A
Training Epochs:  44%|████▍     | 44/100 [04:43<06:51,  7.35s/it, -ELBO=0.7564, Potential Metric=0.1162, Entropy Metric=0.0398]

Epoch 44:  25%|██▌       | 8/32 [00:01<00:05,  4.57it/s][A
Training Epochs:  44%|████▍     | 44/100 [04:44<06:51,  7.35s/it, -ELBO=0.7603, Potential Metric=0.1216, Entropy Metric=0.0416]

Epoch 44:  28%|██▊       | 9/32 [00:02<00:04,  4.70it/s][A
Training Epochs:  44%|████▍     | 44/100 [04:44<06:51,  7.35s/it, -ELBO=0.7978, Potential Metric=0.1131, Entropy Metric=0.0421]

Epoch 44:  31%|███▏      | 10/32 [00:02<00:04,  4.62it/s][A
Training Epochs:  44%|████▍     | 44/100 [04:44<06:51,  7.35s/it, -ELBO=0.8013, Potential Metric=0.1240, Entropy Metric=0.0422]

Epoch 44:  34%|███▍      | 11/32 [00:02<00:04,  4.57it/s][A
Training Epochs:  44%|████▍     | 44/100 [04:44<06:51,  7.35s/it, -ELBO=0.7298, Potential Metric=0.1150, Entropy Metric=0.0425]

Epoch 44:  38%|███▊      | 12/32 [00:02<00:04,  4.84it/s][A
Training Epochs:  44%|████▍     | 44/100 [04:44<06:51,  7.35s/it, -ELBO=0.7520, Potential Metric=0.1258, Entropy Metric=0.0409]

Epoch 44:  41%|████      | 13/32 [00:02<00:03,  4.85it/s][A
Training Epochs:  44%|████▍     | 44/100 [04:45<06:51,  7.35s/it, -ELBO=0.7443, Potential Metric=0.1126, Entropy Metric=0.0389]

Epoch 44:  44%|████▍     | 14/32 [00:03<00:03,  4.68it/s][A
Training Epochs:  44%|████▍     | 44/100 [04:45<06:51,  7.35s/it, -ELBO=0.8388, Potential Metric=0.1131, Entropy Metric=0.0378]

Epoch 44:  47%|████▋     | 15/32 [00:03<00:04,  3.96it/s][A
Training Epochs:  44%|████▍     | 44/100 [04:45<06:51,  7.35s/it, -ELBO=0.7269, Potential Metric=0.1141, Entropy Metric=0.0388]

Epoch 44:  50%|█████     | 16/32 [00:03<00:03,  4.13it/s][A
Training Epochs:  44%|████▍     | 44/100 [04:45<06:51,  7.35s/it, -ELBO=0.7437, Potential Metric=0.1131, Entropy Metric=0.0396]

Epoch 44:  53%|█████▎    | 17/32 [00:03<00:03,  4.27it/s][A
Training Epochs:  44%|████▍     | 44/100 [04:46<06:51,  7.35s/it, -ELBO=0.6943, Potential Metric=0.1222, Entropy Metric=0.0404]

Epoch 44:  56%|█████▋    | 18/32 [00:04<00:03,  4.41it/s][A
Training Epochs:  44%|████▍     | 44/100 [04:46<06:51,  7.35s/it, -ELBO=0.7821, Potential Metric=0.1242, Entropy Metric=0.0401]

Epoch 44:  59%|█████▉    | 19/32 [00:04<00:02,  4.57it/s][A
Training Epochs:  44%|████▍     | 44/100 [04:46<06:51,  7.35s/it, -ELBO=0.7915, Potential Metric=0.1257, Entropy Metric=0.0369]

Epoch 44:  62%|██████▎   | 20/32 [00:04<00:02,  4.62it/s][A
Training Epochs:  44%|████▍     | 44/100 [04:46<06:51,  7.35s/it, -ELBO=0.7096, Potential Metric=0.1278, Entropy Metric=0.0400]

Epoch 44:  66%|██████▌   | 21/32 [00:04<00:02,  4.74it/s][A
Training Epochs:  44%|████▍     | 44/100 [04:47<06:51,  7.35s/it, -ELBO=0.7478, Potential Metric=0.1176, Entropy Metric=0.0407]

Epoch 44:  69%|██████▉   | 22/32 [00:04<00:02,  4.36it/s][A
Training Epochs:  44%|████▍     | 44/100 [04:47<06:51,  7.35s/it, -ELBO=0.7148, Potential Metric=0.1194, Entropy Metric=0.0428]

Epoch 44:  72%|███████▏  | 23/32 [00:05<00:02,  4.39it/s][A
Training Epochs:  44%|████▍     | 44/100 [04:47<06:51,  7.35s/it, -ELBO=0.7555, Potential Metric=0.1147, Entropy Metric=0.0430]

Epoch 44:  75%|███████▌  | 24/32 [00:05<00:01,  4.32it/s][A
Training Epochs:  44%|████▍     | 44/100 [04:47<06:51,  7.35s/it, -ELBO=0.7088, Potential Metric=0.1094, Entropy Metric=0.0434]

Epoch 44:  78%|███████▊  | 25/32 [00:05<00:01,  4.41it/s][A
Training Epochs:  44%|████▍     | 44/100 [04:48<06:51,  7.35s/it, -ELBO=0.7827, Potential Metric=0.1157, Entropy Metric=0.0392]

Epoch 44:  81%|████████▏ | 26/32 [00:05<00:01,  4.34it/s][A
Training Epochs:  44%|████▍     | 44/100 [04:48<06:51,  7.35s/it, -ELBO=0.7714, Potential Metric=0.1081, Entropy Metric=0.0413]

Epoch 44:  84%|████████▍ | 27/32 [00:06<00:01,  4.42it/s][A
Training Epochs:  44%|████▍     | 44/100 [04:48<06:51,  7.35s/it, -ELBO=0.7343, Potential Metric=0.1315, Entropy Metric=0.0430]

Epoch 44:  88%|████████▊ | 28/32 [00:06<00:00,  4.52it/s][A
Training Epochs:  44%|████▍     | 44/100 [04:48<06:51,  7.35s/it, -ELBO=0.7975, Potential Metric=0.1197, Entropy Metric=0.0398]

Epoch 44:  91%|█████████ | 29/32 [00:06<00:00,  4.54it/s][A
Training Epochs:  44%|████▍     | 44/100 [04:48<06:51,  7.35s/it, -ELBO=0.7938, Potential Metric=0.1214, Entropy Metric=0.0391]

Epoch 44:  94%|█████████▍| 30/32 [00:06<00:00,  4.57it/s][A
Training Epochs:  44%|████▍     | 44/100 [04:49<06:51,  7.35s/it, -ELBO=0.8054, Potential Metric=0.1142, Entropy Metric=0.0376]

Epoch 44:  97%|█████████▋| 31/32 [00:06<00:00,  4.51it/s][A
Training Epochs:  44%|████▍     | 44/100 [04:49<06:51,  7.35s/it, -ELBO=0.7804, Potential Metric=0.1125, Entropy Metric=0.0388]

Epoch 44: 100%|██████████| 32/32 [00:07<00:00,  4.41it/s][A

                                                         [A
Training Epochs:  45%|████▌     | 45/100 [04:49<06:45,  7.37s/it, -ELBO=0.7804, Potential Metric=0.1125, Entropy Metric=0.0388]

Epoch 45:   0%|          | 0/32 [00:00<?, ?it/s][A
Training Epochs:  45%|████▌     | 45/100 [04:49<06:45,  7.37s/it, -ELBO=0.7774, Potential Metric=0.1177, Entropy Metric=0.0345]

Epoch 45:   3%|▎         | 1/32 [00:00<00:08,  3.46it/s][A
Training Epochs:  45%|████▌     | 45/100 [04:49<06:45,  7.37s/it, -ELBO=0.7266, Potential Metric=0.1164, Entropy Metric=0.0374]

Epoch 45:   6%|▋         | 2/32 [00:00<00:06,  4.30it/s][A
Training Epochs:  45%|████▌     | 45/100 [04:50<06:45,  7.37s/it, -ELBO=0.8277, Potential Metric=0.1143, Entropy Metric=0.0372]

Epoch 45:   9%|▉         | 3/32 [00:00<00:06,  4.42it/s][A
Training Epochs:  45%|████▌     | 45/100 [04:50<06:45,  7.37s/it, -ELBO=0.7176, Potential Metric=0.1090, Entropy Metric=0.0403]

Epoch 45:  12%|█▎        | 4/32 [00:00<00:06,  4.45it/s][A
Training Epochs:  45%|████▌     | 45/100 [04:50<06:45,  7.37s/it, -ELBO=0.7877, Potential Metric=0.1058, Entropy Metric=0.0384]

Epoch 45:  16%|█▌        | 5/32 [00:01<00:05,  4.55it/s][A
Training Epochs:  45%|████▌     | 45/100 [04:50<06:45,  7.37s/it, -ELBO=0.8166, Potential Metric=0.1191, Entropy Metric=0.0385]

Epoch 45:  19%|█▉        | 6/32 [00:01<00:05,  4.66it/s][A
Training Epochs:  45%|████▌     | 45/100 [04:51<06:45,  7.37s/it, -ELBO=0.7093, Potential Metric=0.1112, Entropy Metric=0.0426]

Epoch 45:  22%|██▏       | 7/32 [00:01<00:05,  4.53it/s][A
Training Epochs:  45%|████▌     | 45/100 [04:51<06:45,  7.37s/it, -ELBO=0.7513, Potential Metric=0.1189, Entropy Metric=0.0444]

Epoch 45:  25%|██▌       | 8/32 [00:01<00:05,  4.49it/s][A
Training Epochs:  45%|████▌     | 45/100 [04:51<06:45,  7.37s/it, -ELBO=0.7774, Potential Metric=0.1186, Entropy Metric=0.0391]

Epoch 45:  28%|██▊       | 9/32 [00:02<00:05,  4.50it/s][A
Training Epochs:  45%|████▌     | 45/100 [04:51<06:45,  7.37s/it, -ELBO=0.6707, Potential Metric=0.1174, Entropy Metric=0.0422]

Epoch 45:  31%|███▏      | 10/32 [00:02<00:05,  4.29it/s][A
Training Epochs:  45%|████▌     | 45/100 [04:51<06:45,  7.37s/it, -ELBO=0.7590, Potential Metric=0.1214, Entropy Metric=0.0409]

Epoch 45:  34%|███▍      | 11/32 [00:02<00:04,  4.30it/s][A
Training Epochs:  45%|████▌     | 45/100 [04:52<06:45,  7.37s/it, -ELBO=0.7743, Potential Metric=0.1160, Entropy Metric=0.0387]

Epoch 45:  38%|███▊      | 12/32 [00:02<00:04,  4.51it/s][A
Training Epochs:  45%|████▌     | 45/100 [04:52<06:45,  7.37s/it, -ELBO=0.7798, Potential Metric=0.1203, Entropy Metric=0.0391]

Epoch 45:  41%|████      | 13/32 [00:02<00:04,  4.40it/s][A
Training Epochs:  45%|████▌     | 45/100 [04:52<06:45,  7.37s/it, -ELBO=0.8412, Potential Metric=0.1222, Entropy Metric=0.0391]

Epoch 45:  44%|████▍     | 14/32 [00:03<00:04,  4.34it/s][A
Training Epochs:  45%|████▌     | 45/100 [04:52<06:45,  7.37s/it, -ELBO=0.7688, Potential Metric=0.1263, Entropy Metric=0.0436]

Epoch 45:  47%|████▋     | 15/32 [00:03<00:03,  4.39it/s][A
Training Epochs:  45%|████▌     | 45/100 [04:53<06:45,  7.37s/it, -ELBO=0.7233, Potential Metric=0.1205, Entropy Metric=0.0397]

Epoch 45:  50%|█████     | 16/32 [00:03<00:03,  4.32it/s][A
Training Epochs:  45%|████▌     | 45/100 [04:53<06:45,  7.37s/it, -ELBO=0.8103, Potential Metric=0.1322, Entropy Metric=0.0446]

Epoch 45:  53%|█████▎    | 17/32 [00:03<00:03,  4.21it/s][A
Training Epochs:  45%|████▌     | 45/100 [04:53<06:45,  7.37s/it, -ELBO=0.7245, Potential Metric=0.1200, Entropy Metric=0.0397]

Epoch 45:  56%|█████▋    | 18/32 [00:04<00:03,  4.46it/s][A
Training Epochs:  45%|████▌     | 45/100 [04:53<06:45,  7.37s/it, -ELBO=0.6989, Potential Metric=0.1141, Entropy Metric=0.0384]

Epoch 45:  59%|█████▉    | 19/32 [00:04<00:02,  4.50it/s][A
Training Epochs:  45%|████▌     | 45/100 [04:53<06:45,  7.37s/it, -ELBO=0.6890, Potential Metric=0.1190, Entropy Metric=0.0382]

Epoch 45:  62%|██████▎   | 20/32 [00:04<00:02,  4.71it/s][A
Training Epochs:  45%|████▌     | 45/100 [04:54<06:45,  7.37s/it, -ELBO=0.7497, Potential Metric=0.1162, Entropy Metric=0.0348]

Epoch 45:  66%|██████▌   | 21/32 [00:04<00:02,  4.41it/s][A
Training Epochs:  45%|████▌     | 45/100 [04:54<06:45,  7.37s/it, -ELBO=0.6585, Potential Metric=0.1291, Entropy Metric=0.0393]

Epoch 45:  69%|██████▉   | 22/32 [00:04<00:02,  4.65it/s][A
Training Epochs:  45%|████▌     | 45/100 [04:54<06:45,  7.37s/it, -ELBO=0.7923, Potential Metric=0.1245, Entropy Metric=0.0373]

Epoch 45:  72%|███████▏  | 23/32 [00:05<00:01,  4.63it/s][A
Training Epochs:  45%|████▌     | 45/100 [04:54<06:45,  7.37s/it, -ELBO=0.7463, Potential Metric=0.1177, Entropy Metric=0.0375]

Epoch 45:  75%|███████▌  | 24/32 [00:05<00:01,  4.75it/s][A
Training Epochs:  45%|████▌     | 45/100 [04:55<06:45,  7.37s/it, -ELBO=0.8262, Potential Metric=0.1198, Entropy Metric=0.0369]

Epoch 45:  78%|███████▊  | 25/32 [00:05<00:01,  4.68it/s][A
Training Epochs:  45%|████▌     | 45/100 [04:55<06:45,  7.37s/it, -ELBO=0.7187, Potential Metric=0.1169, Entropy Metric=0.0417]

Epoch 45:  81%|████████▏ | 26/32 [00:05<00:01,  4.72it/s][A
Training Epochs:  45%|████▌     | 45/100 [04:55<06:45,  7.37s/it, -ELBO=0.7873, Potential Metric=0.1235, Entropy Metric=0.0421]

Epoch 45:  84%|████████▍ | 27/32 [00:06<00:01,  4.53it/s][A
Training Epochs:  45%|████▌     | 45/100 [04:55<06:45,  7.37s/it, -ELBO=0.7515, Potential Metric=0.1117, Entropy Metric=0.0402]

Epoch 45:  88%|████████▊ | 28/32 [00:06<00:00,  4.51it/s][A
Training Epochs:  45%|████▌     | 45/100 [04:55<06:45,  7.37s/it, -ELBO=0.7394, Potential Metric=0.1221, Entropy Metric=0.0399]

Epoch 45:  91%|█████████ | 29/32 [00:06<00:00,  4.54it/s][A
Training Epochs:  45%|████▌     | 45/100 [04:56<06:45,  7.37s/it, -ELBO=0.7567, Potential Metric=0.1154, Entropy Metric=0.0407]

Epoch 45:  94%|█████████▍| 30/32 [00:06<00:00,  4.48it/s][A
Training Epochs:  45%|████▌     | 45/100 [04:56<06:45,  7.37s/it, -ELBO=0.7335, Potential Metric=0.1170, Entropy Metric=0.0371]

Epoch 45:  97%|█████████▋| 31/32 [00:06<00:00,  4.52it/s][A
Training Epochs:  45%|████▌     | 45/100 [04:56<06:45,  7.37s/it, -ELBO=0.7077, Potential Metric=0.1271, Entropy Metric=0.0399]

Epoch 45: 100%|██████████| 32/32 [00:07<00:00,  4.63it/s][A

                                                         [A
Training Epochs:  46%|████▌     | 46/100 [04:56<06:35,  7.33s/it, -ELBO=0.7077, Potential Metric=0.1271, Entropy Metric=0.0399]

Epoch 46:   0%|          | 0/32 [00:00<?, ?it/s][A
Training Epochs:  46%|████▌     | 46/100 [04:56<06:35,  7.33s/it, -ELBO=0.7346, Potential Metric=0.1197, Entropy Metric=0.0387]

Epoch 46:   3%|▎         | 1/32 [00:00<00:08,  3.62it/s][A
Training Epochs:  46%|████▌     | 46/100 [04:57<06:35,  7.33s/it, -ELBO=0.7066, Potential Metric=0.1207, Entropy Metric=0.0409]

Epoch 46:   6%|▋         | 2/32 [00:00<00:06,  4.47it/s][A
Training Epochs:  46%|████▌     | 46/100 [04:57<06:35,  7.33s/it, -ELBO=0.7399, Potential Metric=0.1250, Entropy Metric=0.0415]

Epoch 46:   9%|▉         | 3/32 [00:00<00:06,  4.47it/s][A
Training Epochs:  46%|████▌     | 46/100 [04:57<06:35,  7.33s/it, -ELBO=0.7451, Potential Metric=0.1158, Entropy Metric=0.0391]

Epoch 46:  12%|█▎        | 4/32 [00:00<00:05,  4.69it/s][A
Training Epochs:  46%|████▌     | 46/100 [04:57<06:35,  7.33s/it, -ELBO=0.8738, Potential Metric=0.1307, Entropy Metric=0.0387]

Epoch 46:  16%|█▌        | 5/32 [00:01<00:05,  4.70it/s][A
Training Epochs:  46%|████▌     | 46/100 [04:58<06:35,  7.33s/it, -ELBO=0.7801, Potential Metric=0.1242, Entropy Metric=0.0395]

Epoch 46:  19%|█▉        | 6/32 [00:01<00:05,  4.44it/s][A
Training Epochs:  46%|████▌     | 46/100 [04:58<06:35,  7.33s/it, -ELBO=0.7249, Potential Metric=0.1030, Entropy Metric=0.0389]

Epoch 46:  22%|██▏       | 7/32 [00:01<00:05,  4.31it/s][A
Training Epochs:  46%|████▌     | 46/100 [04:58<06:35,  7.33s/it, -ELBO=0.7198, Potential Metric=0.1254, Entropy Metric=0.0418]

Epoch 46:  25%|██▌       | 8/32 [00:01<00:05,  4.39it/s][A
Training Epochs:  46%|████▌     | 46/100 [04:58<06:35,  7.33s/it, -ELBO=0.7903, Potential Metric=0.1171, Entropy Metric=0.0420]

Epoch 46:  28%|██▊       | 9/32 [00:02<00:05,  4.38it/s][A
Training Epochs:  46%|████▌     | 46/100 [04:58<06:35,  7.33s/it, -ELBO=0.7605, Potential Metric=0.1251, Entropy Metric=0.0408]

Epoch 46:  31%|███▏      | 10/32 [00:02<00:04,  4.48it/s][A
Training Epochs:  46%|████▌     | 46/100 [04:59<06:35,  7.33s/it, -ELBO=0.7122, Potential Metric=0.1220, Entropy Metric=0.0425]

Epoch 46:  34%|███▍      | 11/32 [00:02<00:04,  4.48it/s][A
Training Epochs:  46%|████▌     | 46/100 [04:59<06:35,  7.33s/it, -ELBO=0.7536, Potential Metric=0.1382, Entropy Metric=0.0396]

Epoch 46:  38%|███▊      | 12/32 [00:02<00:04,  4.64it/s][A
Training Epochs:  46%|████▌     | 46/100 [04:59<06:35,  7.33s/it, -ELBO=0.8239, Potential Metric=0.1208, Entropy Metric=0.0410]

Epoch 46:  41%|████      | 13/32 [00:02<00:04,  4.51it/s][A
Training Epochs:  46%|████▌     | 46/100 [04:59<06:35,  7.33s/it, -ELBO=0.6601, Potential Metric=0.1220, Entropy Metric=0.0413]

Epoch 46:  44%|████▍     | 14/32 [00:03<00:04,  4.48it/s][A
Training Epochs:  46%|████▌     | 46/100 [05:00<06:35,  7.33s/it, -ELBO=0.7131, Potential Metric=0.1262, Entropy Metric=0.0411]

Epoch 46:  47%|████▋     | 15/32 [00:03<00:03,  4.53it/s][A
Training Epochs:  46%|████▌     | 46/100 [05:00<06:35,  7.33s/it, -ELBO=0.7321, Potential Metric=0.1308, Entropy Metric=0.0399]

Epoch 46:  50%|█████     | 16/32 [00:03<00:03,  4.61it/s][A
Training Epochs:  46%|████▌     | 46/100 [05:00<06:35,  7.33s/it, -ELBO=0.7004, Potential Metric=0.1325, Entropy Metric=0.0409]

Epoch 46:  53%|█████▎    | 17/32 [00:03<00:03,  4.60it/s][A
Training Epochs:  46%|████▌     | 46/100 [05:00<06:35,  7.33s/it, -ELBO=0.7111, Potential Metric=0.1283, Entropy Metric=0.0409]

Epoch 46:  56%|█████▋    | 18/32 [00:04<00:03,  4.46it/s][A
Training Epochs:  46%|████▌     | 46/100 [05:00<06:35,  7.33s/it, -ELBO=0.7338, Potential Metric=0.1267, Entropy Metric=0.0440]

Epoch 46:  59%|█████▉    | 19/32 [00:04<00:03,  4.24it/s][A
Training Epochs:  46%|████▌     | 46/100 [05:01<06:35,  7.33s/it, -ELBO=0.6886, Potential Metric=0.1229, Entropy Metric=0.0438]

Epoch 46:  62%|██████▎   | 20/32 [00:04<00:02,  4.42it/s][A
Training Epochs:  46%|████▌     | 46/100 [05:01<06:35,  7.33s/it, -ELBO=0.7401, Potential Metric=0.1353, Entropy Metric=0.0407]

Epoch 46:  66%|██████▌   | 21/32 [00:04<00:02,  4.23it/s][A
Training Epochs:  46%|████▌     | 46/100 [05:01<06:35,  7.33s/it, -ELBO=0.7471, Potential Metric=0.1262, Entropy Metric=0.0394]

Epoch 46:  69%|██████▉   | 22/32 [00:04<00:02,  4.21it/s][A
Training Epochs:  46%|████▌     | 46/100 [05:01<06:35,  7.33s/it, -ELBO=0.7277, Potential Metric=0.1302, Entropy Metric=0.0393]

Epoch 46:  72%|███████▏  | 23/32 [00:05<00:02,  4.34it/s][A
Training Epochs:  46%|████▌     | 46/100 [05:02<06:35,  7.33s/it, -ELBO=0.6717, Potential Metric=0.1273, Entropy Metric=0.0420]

Epoch 46:  75%|███████▌  | 24/32 [00:05<00:01,  4.52it/s][A
Training Epochs:  46%|████▌     | 46/100 [05:02<06:35,  7.33s/it, -ELBO=0.7471, Potential Metric=0.1260, Entropy Metric=0.0404]

Epoch 46:  78%|███████▊  | 25/32 [00:05<00:01,  4.56it/s][A
Training Epochs:  46%|████▌     | 46/100 [05:02<06:35,  7.33s/it, -ELBO=0.6999, Potential Metric=0.1205, Entropy Metric=0.0414]

Epoch 46:  81%|████████▏ | 26/32 [00:05<00:01,  4.69it/s][A
Training Epochs:  46%|████▌     | 46/100 [05:02<06:35,  7.33s/it, -ELBO=0.7898, Potential Metric=0.1137, Entropy Metric=0.0357]

Epoch 46:  84%|████████▍ | 27/32 [00:06<00:01,  4.53it/s][A
Training Epochs:  46%|████▌     | 46/100 [05:02<06:35,  7.33s/it, -ELBO=0.7563, Potential Metric=0.1193, Entropy Metric=0.0402]

Epoch 46:  88%|████████▊ | 28/32 [00:06<00:00,  4.66it/s][A
Training Epochs:  46%|████▌     | 46/100 [05:03<06:35,  7.33s/it, -ELBO=0.7631, Potential Metric=0.1227, Entropy Metric=0.0432]

Epoch 46:  91%|█████████ | 29/32 [00:06<00:00,  4.53it/s][A
Training Epochs:  46%|████▌     | 46/100 [05:03<06:35,  7.33s/it, -ELBO=0.7083, Potential Metric=0.1271, Entropy Metric=0.0446]

Epoch 46:  94%|█████████▍| 30/32 [00:06<00:00,  4.76it/s][A
Training Epochs:  46%|████▌     | 46/100 [05:03<06:35,  7.33s/it, -ELBO=0.7296, Potential Metric=0.1280, Entropy Metric=0.0420]

Epoch 46:  97%|█████████▋| 31/32 [00:06<00:00,  4.87it/s][A
Training Epochs:  46%|████▌     | 46/100 [05:03<06:35,  7.33s/it, -ELBO=0.7044, Potential Metric=0.1248, Entropy Metric=0.0426]

Epoch 46: 100%|██████████| 32/32 [00:07<00:00,  4.80it/s][A

                                                         [A
Training Epochs:  47%|████▋     | 47/100 [05:03<06:26,  7.29s/it, -ELBO=0.7044, Potential Metric=0.1248, Entropy Metric=0.0426]

Epoch 47:   0%|          | 0/32 [00:00<?, ?it/s][A
Training Epochs:  47%|████▋     | 47/100 [05:04<06:26,  7.29s/it, -ELBO=0.7584, Potential Metric=0.1235, Entropy Metric=0.0440]

Epoch 47:   3%|▎         | 1/32 [00:00<00:08,  3.65it/s][A
Training Epochs:  47%|████▋     | 47/100 [05:04<06:26,  7.29s/it, -ELBO=0.7367, Potential Metric=0.1190, Entropy Metric=0.0422]

Epoch 47:   6%|▋         | 2/32 [00:00<00:08,  3.67it/s][A
Training Epochs:  47%|████▋     | 47/100 [05:04<06:26,  7.29s/it, -ELBO=0.7719, Potential Metric=0.1204, Entropy Metric=0.0422]

Epoch 47:   9%|▉         | 3/32 [00:00<00:06,  4.22it/s][A
Training Epochs:  47%|████▋     | 47/100 [05:04<06:26,  7.29s/it, -ELBO=0.7490, Potential Metric=0.1271, Entropy Metric=0.0420]

Epoch 47:  12%|█▎        | 4/32 [00:00<00:06,  4.21it/s][A
Training Epochs:  47%|████▋     | 47/100 [05:05<06:26,  7.29s/it, -ELBO=0.6551, Potential Metric=0.1298, Entropy Metric=0.0440]

Epoch 47:  16%|█▌        | 5/32 [00:01<00:06,  4.32it/s][A
Training Epochs:  47%|████▋     | 47/100 [05:05<06:26,  7.29s/it, -ELBO=0.6977, Potential Metric=0.1326, Entropy Metric=0.0444]

Epoch 47:  19%|█▉        | 6/32 [00:01<00:06,  4.26it/s][A
Training Epochs:  47%|████▋     | 47/100 [05:05<06:26,  7.29s/it, -ELBO=0.6899, Potential Metric=0.1362, Entropy Metric=0.0442]

Epoch 47:  22%|██▏       | 7/32 [00:01<00:05,  4.24it/s][A
Training Epochs:  47%|████▋     | 47/100 [05:05<06:26,  7.29s/it, -ELBO=0.7486, Potential Metric=0.1336, Entropy Metric=0.0396]

Epoch 47:  25%|██▌       | 8/32 [00:01<00:05,  4.32it/s][A
Training Epochs:  47%|████▋     | 47/100 [05:06<06:26,  7.29s/it, -ELBO=0.7667, Potential Metric=0.1270, Entropy Metric=0.0414]

Epoch 47:  28%|██▊       | 9/32 [00:02<00:05,  4.19it/s][A
Training Epochs:  47%|████▋     | 47/100 [05:06<06:26,  7.29s/it, -ELBO=0.6501, Potential Metric=0.1273, Entropy Metric=0.0422]

Epoch 47:  31%|███▏      | 10/32 [00:02<00:05,  4.25it/s][A
Training Epochs:  47%|████▋     | 47/100 [05:06<06:26,  7.29s/it, -ELBO=0.7513, Potential Metric=0.1237, Entropy Metric=0.0439]

Epoch 47:  34%|███▍      | 11/32 [00:02<00:04,  4.22it/s][A
Training Epochs:  47%|████▋     | 47/100 [05:06<06:26,  7.29s/it, -ELBO=0.7562, Potential Metric=0.1235, Entropy Metric=0.0421]

Epoch 47:  38%|███▊      | 12/32 [00:02<00:04,  4.19it/s][A
Training Epochs:  47%|████▋     | 47/100 [05:07<06:26,  7.29s/it, -ELBO=0.6773, Potential Metric=0.1188, Entropy Metric=0.0435]

Epoch 47:  41%|████      | 13/32 [00:03<00:04,  4.21it/s][A
Training Epochs:  47%|████▋     | 47/100 [05:07<06:26,  7.29s/it, -ELBO=0.7014, Potential Metric=0.1188, Entropy Metric=0.0431]

Epoch 47:  44%|████▍     | 14/32 [00:03<00:04,  4.32it/s][A
Training Epochs:  47%|████▋     | 47/100 [05:07<06:26,  7.29s/it, -ELBO=0.7684, Potential Metric=0.1115, Entropy Metric=0.0374]

Epoch 47:  47%|████▋     | 15/32 [00:03<00:03,  4.38it/s][A
Training Epochs:  47%|████▋     | 47/100 [05:07<06:26,  7.29s/it, -ELBO=0.7971, Potential Metric=0.1191, Entropy Metric=0.0371]

Epoch 47:  50%|█████     | 16/32 [00:03<00:03,  4.56it/s][A
Training Epochs:  47%|████▋     | 47/100 [05:07<06:26,  7.29s/it, -ELBO=0.6836, Potential Metric=0.1213, Entropy Metric=0.0406]

Epoch 47:  53%|█████▎    | 17/32 [00:03<00:03,  4.52it/s][A
Training Epochs:  47%|████▋     | 47/100 [05:08<06:26,  7.29s/it, -ELBO=0.7168, Potential Metric=0.1392, Entropy Metric=0.0405]

Epoch 47:  56%|█████▋    | 18/32 [00:04<00:03,  4.32it/s][A
Training Epochs:  47%|████▋     | 47/100 [05:08<06:26,  7.29s/it, -ELBO=0.7271, Potential Metric=0.1296, Entropy Metric=0.0389]

Epoch 47:  59%|█████▉    | 19/32 [00:04<00:03,  4.20it/s][A
Training Epochs:  47%|████▋     | 47/100 [05:08<06:26,  7.29s/it, -ELBO=0.6583, Potential Metric=0.1302, Entropy Metric=0.0428]

Epoch 47:  62%|██████▎   | 20/32 [00:04<00:02,  4.29it/s][A
Training Epochs:  47%|████▋     | 47/100 [05:08<06:26,  7.29s/it, -ELBO=0.7079, Potential Metric=0.1343, Entropy Metric=0.0384]

Epoch 47:  66%|██████▌   | 21/32 [00:04<00:02,  4.21it/s][A
Training Epochs:  47%|████▋     | 47/100 [05:09<06:26,  7.29s/it, -ELBO=0.7089, Potential Metric=0.1238, Entropy Metric=0.0413]

Epoch 47:  69%|██████▉   | 22/32 [00:05<00:02,  4.40it/s][A
Training Epochs:  47%|████▋     | 47/100 [05:09<06:26,  7.29s/it, -ELBO=0.6579, Potential Metric=0.1278, Entropy Metric=0.0382]

Epoch 47:  72%|███████▏  | 23/32 [00:05<00:02,  4.37it/s][A
Training Epochs:  47%|████▋     | 47/100 [05:09<06:26,  7.29s/it, -ELBO=0.7912, Potential Metric=0.1372, Entropy Metric=0.0364]

Epoch 47:  75%|███████▌  | 24/32 [00:05<00:01,  4.42it/s][A
Training Epochs:  47%|████▋     | 47/100 [05:09<06:26,  7.29s/it, -ELBO=0.7198, Potential Metric=0.1256, Entropy Metric=0.0412]

Epoch 47:  78%|███████▊  | 25/32 [00:05<00:01,  4.31it/s][A
Training Epochs:  47%|████▋     | 47/100 [05:10<06:26,  7.29s/it, -ELBO=0.7654, Potential Metric=0.1295, Entropy Metric=0.0370]

Epoch 47:  81%|████████▏ | 26/32 [00:06<00:01,  4.21it/s][A
Training Epochs:  47%|████▋     | 47/100 [05:10<06:26,  7.29s/it, -ELBO=0.7056, Potential Metric=0.1184, Entropy Metric=0.0413]

Epoch 47:  84%|████████▍ | 27/32 [00:06<00:01,  4.42it/s][A
Training Epochs:  47%|████▋     | 47/100 [05:10<06:26,  7.29s/it, -ELBO=0.7239, Potential Metric=0.1273, Entropy Metric=0.0428]

Epoch 47:  88%|████████▊ | 28/32 [00:06<00:00,  4.47it/s][A
Training Epochs:  47%|████▋     | 47/100 [05:10<06:26,  7.29s/it, -ELBO=0.7206, Potential Metric=0.1368, Entropy Metric=0.0452]

Epoch 47:  91%|█████████ | 29/32 [00:06<00:00,  4.51it/s][A
Training Epochs:  47%|████▋     | 47/100 [05:10<06:26,  7.29s/it, -ELBO=0.7130, Potential Metric=0.1387, Entropy Metric=0.0443]

Epoch 47:  94%|█████████▍| 30/32 [00:06<00:00,  4.44it/s][A
Training Epochs:  47%|████▋     | 47/100 [05:11<06:26,  7.29s/it, -ELBO=0.7372, Potential Metric=0.1322, Entropy Metric=0.0418]

Epoch 47:  97%|█████████▋| 31/32 [00:07<00:00,  4.52it/s][A
Training Epochs:  47%|████▋     | 47/100 [05:11<06:26,  7.29s/it, -ELBO=0.7053, Potential Metric=0.1351, Entropy Metric=0.0411]

Epoch 47: 100%|██████████| 32/32 [00:07<00:00,  4.38it/s][A

                                                         [A
Training Epochs:  48%|████▊     | 48/100 [05:11<06:23,  7.37s/it, -ELBO=0.7053, Potential Metric=0.1351, Entropy Metric=0.0411]

Epoch 48:   0%|          | 0/32 [00:00<?, ?it/s][A
Training Epochs:  48%|████▊     | 48/100 [05:11<06:23,  7.37s/it, -ELBO=0.6283, Potential Metric=0.1360, Entropy Metric=0.0431]

Epoch 48:   3%|▎         | 1/32 [00:00<00:08,  3.86it/s][A
Training Epochs:  48%|████▊     | 48/100 [05:12<06:23,  7.37s/it, -ELBO=0.7150, Potential Metric=0.1368, Entropy Metric=0.0410]

Epoch 48:   6%|▋         | 2/32 [00:00<00:06,  4.51it/s][A
Training Epochs:  48%|████▊     | 48/100 [05:12<06:23,  7.37s/it, -ELBO=0.6986, Potential Metric=0.1280, Entropy Metric=0.0429]

Epoch 48:   9%|▉         | 3/32 [00:00<00:06,  4.53it/s][A
Training Epochs:  48%|████▊     | 48/100 [05:12<06:23,  7.37s/it, -ELBO=0.6919, Potential Metric=0.1246, Entropy Metric=0.0414]

Epoch 48:  12%|█▎        | 4/32 [00:00<00:05,  4.67it/s][A
Training Epochs:  48%|████▊     | 48/100 [05:12<06:23,  7.37s/it, -ELBO=0.7567, Potential Metric=0.1221, Entropy Metric=0.0402]

Epoch 48:  16%|█▌        | 5/32 [00:01<00:06,  4.47it/s][A
Training Epochs:  48%|████▊     | 48/100 [05:12<06:23,  7.37s/it, -ELBO=0.7206, Potential Metric=0.1269, Entropy Metric=0.0440]

Epoch 48:  19%|█▉        | 6/32 [00:01<00:05,  4.44it/s][A
Training Epochs:  48%|████▊     | 48/100 [05:13<06:23,  7.37s/it, -ELBO=0.6865, Potential Metric=0.1163, Entropy Metric=0.0427]

Epoch 48:  22%|██▏       | 7/32 [00:01<00:05,  4.62it/s][A
Training Epochs:  48%|████▊     | 48/100 [05:13<06:23,  7.37s/it, -ELBO=0.7076, Potential Metric=0.1157, Entropy Metric=0.0427]

Epoch 48:  25%|██▌       | 8/32 [00:01<00:05,  4.75it/s][A
Training Epochs:  48%|████▊     | 48/100 [05:13<06:23,  7.37s/it, -ELBO=0.6333, Potential Metric=0.1269, Entropy Metric=0.0460]

Epoch 48:  28%|██▊       | 9/32 [00:01<00:04,  4.68it/s][A
Training Epochs:  48%|████▊     | 48/100 [05:13<06:23,  7.37s/it, -ELBO=0.6872, Potential Metric=0.1290, Entropy Metric=0.0423]

Epoch 48:  31%|███▏      | 10/32 [00:02<00:04,  4.78it/s][A
Training Epochs:  48%|████▊     | 48/100 [05:13<06:23,  7.37s/it, -ELBO=0.6851, Potential Metric=0.1319, Entropy Metric=0.0438]

Epoch 48:  34%|███▍      | 11/32 [00:02<00:04,  4.83it/s][A
Training Epochs:  48%|████▊     | 48/100 [05:14<06:23,  7.37s/it, -ELBO=0.7985, Potential Metric=0.1344, Entropy Metric=0.0393]

Epoch 48:  38%|███▊      | 12/32 [00:02<00:04,  4.51it/s][A
Training Epochs:  48%|████▊     | 48/100 [05:14<06:23,  7.37s/it, -ELBO=0.7521, Potential Metric=0.1316, Entropy Metric=0.0423]

Epoch 48:  41%|████      | 13/32 [00:02<00:04,  4.48it/s][A
Training Epochs:  48%|████▊     | 48/100 [05:14<06:23,  7.37s/it, -ELBO=0.6594, Potential Metric=0.1377, Entropy Metric=0.0457]

Epoch 48:  44%|████▍     | 14/32 [00:03<00:04,  4.36it/s][A
Training Epochs:  48%|████▊     | 48/100 [05:15<06:23,  7.37s/it, -ELBO=0.7069, Potential Metric=0.1365, Entropy Metric=0.0445]

Epoch 48:  47%|████▋     | 15/32 [00:03<00:04,  3.61it/s][A
Training Epochs:  48%|████▊     | 48/100 [05:15<06:23,  7.37s/it, -ELBO=0.7749, Potential Metric=0.1344, Entropy Metric=0.0443]

Epoch 48:  50%|█████     | 16/32 [00:03<00:04,  3.78it/s][A
Training Epochs:  48%|████▊     | 48/100 [05:15<06:23,  7.37s/it, -ELBO=0.7191, Potential Metric=0.1347, Entropy Metric=0.0387]

Epoch 48:  53%|█████▎    | 17/32 [00:03<00:03,  3.87it/s][A
Training Epochs:  48%|████▊     | 48/100 [05:15<06:23,  7.37s/it, -ELBO=0.6801, Potential Metric=0.1377, Entropy Metric=0.0434]

Epoch 48:  56%|█████▋    | 18/32 [00:04<00:03,  4.04it/s][A
Training Epochs:  48%|████▊     | 48/100 [05:15<06:23,  7.37s/it, -ELBO=0.7133, Potential Metric=0.1330, Entropy Metric=0.0430]

Epoch 48:  59%|█████▉    | 19/32 [00:04<00:03,  4.14it/s][A
Training Epochs:  48%|████▊     | 48/100 [05:16<06:23,  7.37s/it, -ELBO=0.7659, Potential Metric=0.1316, Entropy Metric=0.0419]

Epoch 48:  62%|██████▎   | 20/32 [00:04<00:02,  4.18it/s][A
Training Epochs:  48%|████▊     | 48/100 [05:16<06:23,  7.37s/it, -ELBO=0.6906, Potential Metric=0.1288, Entropy Metric=0.0443]

Epoch 48:  66%|██████▌   | 21/32 [00:04<00:02,  4.46it/s][A
Training Epochs:  48%|████▊     | 48/100 [05:16<06:23,  7.37s/it, -ELBO=0.6578, Potential Metric=0.1318, Entropy Metric=0.0434]

Epoch 48:  69%|██████▉   | 22/32 [00:05<00:02,  4.33it/s][A
Training Epochs:  48%|████▊     | 48/100 [05:16<06:23,  7.37s/it, -ELBO=0.6700, Potential Metric=0.1277, Entropy Metric=0.0416]

Epoch 48:  72%|███████▏  | 23/32 [00:05<00:02,  4.36it/s][A
Training Epochs:  48%|████▊     | 48/100 [05:17<06:23,  7.37s/it, -ELBO=0.6461, Potential Metric=0.1369, Entropy Metric=0.0414]

Epoch 48:  75%|███████▌  | 24/32 [00:05<00:01,  4.53it/s][A
Training Epochs:  48%|████▊     | 48/100 [05:17<06:23,  7.37s/it, -ELBO=0.6801, Potential Metric=0.1305, Entropy Metric=0.0408]

Epoch 48:  78%|███████▊  | 25/32 [00:05<00:01,  4.53it/s][A
Training Epochs:  48%|████▊     | 48/100 [05:17<06:23,  7.37s/it, -ELBO=0.7569, Potential Metric=0.1323, Entropy Metric=0.0383]

Epoch 48:  81%|████████▏ | 26/32 [00:05<00:01,  4.55it/s][A
Training Epochs:  48%|████▊     | 48/100 [05:17<06:23,  7.37s/it, -ELBO=0.7437, Potential Metric=0.1326, Entropy Metric=0.0407]

Epoch 48:  84%|████████▍ | 27/32 [00:06<00:01,  4.68it/s][A
Training Epochs:  48%|████▊     | 48/100 [05:17<06:23,  7.37s/it, -ELBO=0.7598, Potential Metric=0.1350, Entropy Metric=0.0439]

Epoch 48:  88%|████████▊ | 28/32 [00:06<00:00,  4.63it/s][A
Training Epochs:  48%|████▊     | 48/100 [05:18<06:23,  7.37s/it, -ELBO=0.6886, Potential Metric=0.1384, Entropy Metric=0.0436]

Epoch 48:  91%|█████████ | 29/32 [00:06<00:00,  4.72it/s][A
Training Epochs:  48%|████▊     | 48/100 [05:18<06:23,  7.37s/it, -ELBO=0.7659, Potential Metric=0.1348, Entropy Metric=0.0457]

Epoch 48:  94%|█████████▍| 30/32 [00:06<00:00,  4.65it/s][A
Training Epochs:  48%|████▊     | 48/100 [05:18<06:23,  7.37s/it, -ELBO=0.6896, Potential Metric=0.1430, Entropy Metric=0.0482]

Epoch 48:  97%|█████████▋| 31/32 [00:06<00:00,  4.69it/s][A
Training Epochs:  48%|████▊     | 48/100 [05:18<06:23,  7.37s/it, -ELBO=0.7855, Potential Metric=0.1420, Entropy Metric=0.0444]

Epoch 48: 100%|██████████| 32/32 [00:07<00:00,  4.61it/s][A

                                                         [A
Training Epochs:  49%|████▉     | 49/100 [05:18<06:17,  7.40s/it, -ELBO=0.7855, Potential Metric=0.1420, Entropy Metric=0.0444]

Epoch 49:   0%|          | 0/32 [00:00<?, ?it/s][A
Training Epochs:  49%|████▉     | 49/100 [05:19<06:17,  7.40s/it, -ELBO=0.7309, Potential Metric=0.1424, Entropy Metric=0.0462]

Epoch 49:   3%|▎         | 1/32 [00:00<00:09,  3.39it/s][A
Training Epochs:  49%|████▉     | 49/100 [05:19<06:17,  7.40s/it, -ELBO=0.6633, Potential Metric=0.1279, Entropy Metric=0.0414]

Epoch 49:   6%|▋         | 2/32 [00:00<00:07,  3.92it/s][A
Training Epochs:  49%|████▉     | 49/100 [05:19<06:17,  7.40s/it, -ELBO=0.7465, Potential Metric=0.1385, Entropy Metric=0.0431]

Epoch 49:   9%|▉         | 3/32 [00:00<00:06,  4.32it/s][A
Training Epochs:  49%|████▉     | 49/100 [05:19<06:17,  7.40s/it, -ELBO=0.7530, Potential Metric=0.1363, Entropy Metric=0.0427]

Epoch 49:  12%|█▎        | 4/32 [00:00<00:06,  4.41it/s][A
Training Epochs:  49%|████▉     | 49/100 [05:20<06:17,  7.40s/it, -ELBO=0.7125, Potential Metric=0.1280, Entropy Metric=0.0417]

Epoch 49:  16%|█▌        | 5/32 [00:01<00:06,  4.37it/s][A
Training Epochs:  49%|████▉     | 49/100 [05:20<06:17,  7.40s/it, -ELBO=0.7217, Potential Metric=0.1303, Entropy Metric=0.0451]

Epoch 49:  19%|█▉        | 6/32 [00:01<00:05,  4.38it/s][A
Training Epochs:  49%|████▉     | 49/100 [05:20<06:17,  7.40s/it, -ELBO=0.6964, Potential Metric=0.1301, Entropy Metric=0.0455]

Epoch 49:  22%|██▏       | 7/32 [00:01<00:05,  4.42it/s][A
Training Epochs:  49%|████▉     | 49/100 [05:20<06:17,  7.40s/it, -ELBO=0.7147, Potential Metric=0.1445, Entropy Metric=0.0430]

Epoch 49:  25%|██▌       | 8/32 [00:01<00:05,  4.24it/s][A
Training Epochs:  49%|████▉     | 49/100 [05:21<06:17,  7.40s/it, -ELBO=0.6907, Potential Metric=0.1364, Entropy Metric=0.0396]

Epoch 49:  28%|██▊       | 9/32 [00:02<00:05,  4.30it/s][A
Training Epochs:  49%|████▉     | 49/100 [05:21<06:17,  7.40s/it, -ELBO=0.6960, Potential Metric=0.1415, Entropy Metric=0.0421]

Epoch 49:  31%|███▏      | 10/32 [00:02<00:05,  4.27it/s][A
Training Epochs:  49%|████▉     | 49/100 [05:21<06:17,  7.40s/it, -ELBO=0.6361, Potential Metric=0.1237, Entropy Metric=0.0401]

Epoch 49:  34%|███▍      | 11/32 [00:02<00:04,  4.30it/s][A
Training Epochs:  49%|████▉     | 49/100 [05:21<06:17,  7.40s/it, -ELBO=0.6677, Potential Metric=0.1302, Entropy Metric=0.0406]

Epoch 49:  38%|███▊      | 12/32 [00:02<00:04,  4.50it/s][A
Training Epochs:  49%|████▉     | 49/100 [05:21<06:17,  7.40s/it, -ELBO=0.6584, Potential Metric=0.1311, Entropy Metric=0.0392]

Epoch 49:  41%|████      | 13/32 [00:02<00:04,  4.75it/s][A
Training Epochs:  49%|████▉     | 49/100 [05:22<06:17,  7.40s/it, -ELBO=0.7161, Potential Metric=0.1284, Entropy Metric=0.0395]

Epoch 49:  44%|████▍     | 14/32 [00:03<00:03,  4.70it/s][A
Training Epochs:  49%|████▉     | 49/100 [05:22<06:17,  7.40s/it, -ELBO=0.6475, Potential Metric=0.1231, Entropy Metric=0.0411]

Epoch 49:  47%|████▋     | 15/32 [00:03<00:03,  4.61it/s][A
Training Epochs:  49%|████▉     | 49/100 [05:22<06:17,  7.40s/it, -ELBO=0.6508, Potential Metric=0.1285, Entropy Metric=0.0408]

Epoch 49:  50%|█████     | 16/32 [00:03<00:03,  4.43it/s][A
Training Epochs:  49%|████▉     | 49/100 [05:22<06:17,  7.40s/it, -ELBO=0.6556, Potential Metric=0.1294, Entropy Metric=0.0407]

Epoch 49:  53%|█████▎    | 17/32 [00:03<00:03,  4.59it/s][A
Training Epochs:  49%|████▉     | 49/100 [05:23<06:17,  7.40s/it, -ELBO=0.7533, Potential Metric=0.1425, Entropy Metric=0.0440]

Epoch 49:  56%|█████▋    | 18/32 [00:04<00:03,  4.43it/s][A
Training Epochs:  49%|████▉     | 49/100 [05:23<06:17,  7.40s/it, -ELBO=0.7297, Potential Metric=0.1354, Entropy Metric=0.0428]

Epoch 49:  59%|█████▉    | 19/32 [00:04<00:03,  4.33it/s][A
Training Epochs:  49%|████▉     | 49/100 [05:23<06:17,  7.40s/it, -ELBO=0.6972, Potential Metric=0.1293, Entropy Metric=0.0430]

Epoch 49:  62%|██████▎   | 20/32 [00:04<00:02,  4.53it/s][A
Training Epochs:  49%|████▉     | 49/100 [05:23<06:17,  7.40s/it, -ELBO=0.6910, Potential Metric=0.1499, Entropy Metric=0.0429]

Epoch 49:  66%|██████▌   | 21/32 [00:04<00:02,  4.66it/s][A
Training Epochs:  49%|████▉     | 49/100 [05:23<06:17,  7.40s/it, -ELBO=0.6942, Potential Metric=0.1541, Entropy Metric=0.0437]

Epoch 49:  69%|██████▉   | 22/32 [00:04<00:02,  4.68it/s][A
Training Epochs:  49%|████▉     | 49/100 [05:24<06:17,  7.40s/it, -ELBO=0.6767, Potential Metric=0.1369, Entropy Metric=0.0417]

Epoch 49:  72%|███████▏  | 23/32 [00:05<00:01,  4.66it/s][A
Training Epochs:  49%|████▉     | 49/100 [05:24<06:17,  7.40s/it, -ELBO=0.6694, Potential Metric=0.1296, Entropy Metric=0.0445]

Epoch 49:  75%|███████▌  | 24/32 [00:05<00:01,  4.85it/s][A
Training Epochs:  49%|████▉     | 49/100 [05:24<06:17,  7.40s/it, -ELBO=0.7403, Potential Metric=0.1399, Entropy Metric=0.0393]

Epoch 49:  78%|███████▊  | 25/32 [00:05<00:01,  4.81it/s][A
Training Epochs:  49%|████▉     | 49/100 [05:24<06:17,  7.40s/it, -ELBO=0.6697, Potential Metric=0.1344, Entropy Metric=0.0464]

Epoch 49:  81%|████████▏ | 26/32 [00:05<00:01,  4.66it/s][A
Training Epochs:  49%|████▉     | 49/100 [05:25<06:17,  7.40s/it, -ELBO=0.6780, Potential Metric=0.1312, Entropy Metric=0.0439]

Epoch 49:  84%|████████▍ | 27/32 [00:06<00:01,  4.32it/s][A
Training Epochs:  49%|████▉     | 49/100 [05:25<06:17,  7.40s/it, -ELBO=0.7552, Potential Metric=0.1290, Entropy Metric=0.0441]

Epoch 49:  88%|████████▊ | 28/32 [00:06<00:00,  4.18it/s][A
Training Epochs:  49%|████▉     | 49/100 [05:25<06:17,  7.40s/it, -ELBO=0.6960, Potential Metric=0.1502, Entropy Metric=0.0453]

Epoch 49:  91%|█████████ | 29/32 [00:06<00:00,  4.30it/s][A
Training Epochs:  49%|████▉     | 49/100 [05:25<06:17,  7.40s/it, -ELBO=0.6502, Potential Metric=0.1329, Entropy Metric=0.0434]

Epoch 49:  94%|█████████▍| 30/32 [00:06<00:00,  4.24it/s][A
Training Epochs:  49%|████▉     | 49/100 [05:25<06:17,  7.40s/it, -ELBO=0.6733, Potential Metric=0.1313, Entropy Metric=0.0391]

Epoch 49:  97%|█████████▋| 31/32 [00:06<00:00,  4.51it/s][A
Training Epochs:  49%|████▉     | 49/100 [05:26<06:17,  7.40s/it, -ELBO=0.7258, Potential Metric=0.1344, Entropy Metric=0.0381]

Epoch 49: 100%|██████████| 32/32 [00:07<00:00,  4.46it/s][A

                                                         [A
Training Epochs:  50%|█████     | 50/100 [05:26<06:09,  7.40s/it, -ELBO=0.7258, Potential Metric=0.1344, Entropy Metric=0.0381]

Epoch 50:   0%|          | 0/32 [00:00<?, ?it/s][A
Training Epochs:  50%|█████     | 50/100 [05:26<06:09,  7.40s/it, -ELBO=0.7724, Potential Metric=0.1363, Entropy Metric=0.0402]

Epoch 50:   3%|▎         | 1/32 [00:00<00:08,  3.70it/s][A
Training Epochs:  50%|█████     | 50/100 [05:26<06:09,  7.40s/it, -ELBO=0.6703, Potential Metric=0.1351, Entropy Metric=0.0415]

Epoch 50:   6%|▋         | 2/32 [00:00<00:07,  4.06it/s][A
Training Epochs:  50%|█████     | 50/100 [05:27<06:09,  7.40s/it, -ELBO=0.6597, Potential Metric=0.1317, Entropy Metric=0.0356]

Epoch 50:   9%|▉         | 3/32 [00:00<00:06,  4.32it/s][A
Training Epochs:  50%|█████     | 50/100 [05:27<06:09,  7.40s/it, -ELBO=0.6513, Potential Metric=0.1457, Entropy Metric=0.0392]

Epoch 50:  12%|█▎        | 4/32 [00:00<00:06,  4.51it/s][A
Training Epochs:  50%|█████     | 50/100 [05:27<06:09,  7.40s/it, -ELBO=0.7120, Potential Metric=0.1358, Entropy Metric=0.0374]

Epoch 50:  16%|█▌        | 5/32 [00:01<00:06,  4.48it/s][A
Training Epochs:  50%|█████     | 50/100 [05:27<06:09,  7.40s/it, -ELBO=0.6701, Potential Metric=0.1350, Entropy Metric=0.0426]

Epoch 50:  19%|█▉        | 6/32 [00:01<00:06,  4.32it/s][A
Training Epochs:  50%|█████     | 50/100 [05:28<06:09,  7.40s/it, -ELBO=0.6368, Potential Metric=0.1383, Entropy Metric=0.0405]

Epoch 50:  22%|██▏       | 7/32 [00:01<00:05,  4.23it/s][A
Training Epochs:  50%|█████     | 50/100 [05:28<06:09,  7.40s/it, -ELBO=0.6850, Potential Metric=0.1458, Entropy Metric=0.0412]

Epoch 50:  25%|██▌       | 8/32 [00:01<00:05,  4.34it/s][A
Training Epochs:  50%|█████     | 50/100 [05:28<06:09,  7.40s/it, -ELBO=0.7192, Potential Metric=0.1549, Entropy Metric=0.0460]

Epoch 50:  28%|██▊       | 9/32 [00:02<00:05,  4.47it/s][A
Training Epochs:  50%|█████     | 50/100 [05:28<06:09,  7.40s/it, -ELBO=0.6958, Potential Metric=0.1369, Entropy Metric=0.0432]

Epoch 50:  31%|███▏      | 10/32 [00:02<00:05,  4.36it/s][A
Training Epochs:  50%|█████     | 50/100 [05:28<06:09,  7.40s/it, -ELBO=0.6804, Potential Metric=0.1473, Entropy Metric=0.0440]

Epoch 50:  34%|███▍      | 11/32 [00:02<00:04,  4.38it/s][A
Training Epochs:  50%|█████     | 50/100 [05:29<06:09,  7.40s/it, -ELBO=0.6725, Potential Metric=0.1432, Entropy Metric=0.0431]

Epoch 50:  38%|███▊      | 12/32 [00:02<00:04,  4.33it/s][A
Training Epochs:  50%|█████     | 50/100 [05:29<06:09,  7.40s/it, -ELBO=0.6158, Potential Metric=0.1482, Entropy Metric=0.0497]

Epoch 50:  41%|████      | 13/32 [00:02<00:04,  4.44it/s][A
Training Epochs:  50%|█████     | 50/100 [05:29<06:09,  7.40s/it, -ELBO=0.6647, Potential Metric=0.1379, Entropy Metric=0.0438]

Epoch 50:  44%|████▍     | 14/32 [00:03<00:04,  4.43it/s][A
Training Epochs:  50%|█████     | 50/100 [05:29<06:09,  7.40s/it, -ELBO=0.7165, Potential Metric=0.1401, Entropy Metric=0.0457]

Epoch 50:  47%|████▋     | 15/32 [00:03<00:03,  4.55it/s][A
Training Epochs:  50%|█████     | 50/100 [05:30<06:09,  7.40s/it, -ELBO=0.6500, Potential Metric=0.1364, Entropy Metric=0.0449]

Epoch 50:  50%|█████     | 16/32 [00:03<00:03,  4.52it/s][A
Training Epochs:  50%|█████     | 50/100 [05:30<06:09,  7.40s/it, -ELBO=0.6930, Potential Metric=0.1390, Entropy Metric=0.0456]

Epoch 50:  53%|█████▎    | 17/32 [00:03<00:03,  4.57it/s][A
Training Epochs:  50%|█████     | 50/100 [05:30<06:09,  7.40s/it, -ELBO=0.6166, Potential Metric=0.1448, Entropy Metric=0.0447]

Epoch 50:  56%|█████▋    | 18/32 [00:04<00:03,  4.36it/s][A
Training Epochs:  50%|█████     | 50/100 [05:30<06:09,  7.40s/it, -ELBO=0.6101, Potential Metric=0.1462, Entropy Metric=0.0460]

Epoch 50:  59%|█████▉    | 19/32 [00:04<00:02,  4.53it/s][A
Training Epochs:  50%|█████     | 50/100 [05:30<06:09,  7.40s/it, -ELBO=0.7548, Potential Metric=0.1449, Entropy Metric=0.0393]

Epoch 50:  62%|██████▎   | 20/32 [00:04<00:02,  4.45it/s][A
Training Epochs:  50%|█████     | 50/100 [05:31<06:09,  7.40s/it, -ELBO=0.6857, Potential Metric=0.1514, Entropy Metric=0.0423]

Epoch 50:  66%|██████▌   | 21/32 [00:04<00:02,  4.51it/s][A
Training Epochs:  50%|█████     | 50/100 [05:31<06:09,  7.40s/it, -ELBO=0.6688, Potential Metric=0.1377, Entropy Metric=0.0428]

Epoch 50:  69%|██████▉   | 22/32 [00:04<00:02,  4.65it/s][A
Training Epochs:  50%|█████     | 50/100 [05:31<06:09,  7.40s/it, -ELBO=0.7257, Potential Metric=0.1309, Entropy Metric=0.0421]

Epoch 50:  72%|███████▏  | 23/32 [00:05<00:02,  4.40it/s][A
Training Epochs:  50%|█████     | 50/100 [05:31<06:09,  7.40s/it, -ELBO=0.7132, Potential Metric=0.1351, Entropy Metric=0.0431]

Epoch 50:  75%|███████▌  | 24/32 [00:05<00:01,  4.42it/s][A
Training Epochs:  50%|█████     | 50/100 [05:32<06:09,  7.40s/it, -ELBO=0.6514, Potential Metric=0.1376, Entropy Metric=0.0441]

Epoch 50:  78%|███████▊  | 25/32 [00:05<00:01,  4.60it/s][A
Training Epochs:  50%|█████     | 50/100 [05:32<06:09,  7.40s/it, -ELBO=0.7646, Potential Metric=0.1476, Entropy Metric=0.0438]

Epoch 50:  81%|████████▏ | 26/32 [00:05<00:01,  4.59it/s][A
Training Epochs:  50%|█████     | 50/100 [05:32<06:09,  7.40s/it, -ELBO=0.7686, Potential Metric=0.1365, Entropy Metric=0.0426]

Epoch 50:  84%|████████▍ | 27/32 [00:06<00:01,  4.43it/s][A
Training Epochs:  50%|█████     | 50/100 [05:32<06:09,  7.40s/it, -ELBO=0.6534, Potential Metric=0.1398, Entropy Metric=0.0454]

Epoch 50:  88%|████████▊ | 28/32 [00:06<00:00,  4.30it/s][A
Training Epochs:  50%|█████     | 50/100 [05:32<06:09,  7.40s/it, -ELBO=0.6407, Potential Metric=0.1386, Entropy Metric=0.0437]

Epoch 50:  91%|█████████ | 29/32 [00:06<00:00,  4.30it/s][A
Training Epochs:  50%|█████     | 50/100 [05:33<06:09,  7.40s/it, -ELBO=0.6942, Potential Metric=0.1446, Entropy Metric=0.0432]

Epoch 50:  94%|█████████▍| 30/32 [00:06<00:00,  4.42it/s][A
Training Epochs:  50%|█████     | 50/100 [05:33<06:09,  7.40s/it, -ELBO=0.6766, Potential Metric=0.1397, Entropy Metric=0.0430]

Epoch 50:  97%|█████████▋| 31/32 [00:07<00:00,  4.30it/s][A
Training Epochs:  50%|█████     | 50/100 [05:33<06:09,  7.40s/it, -ELBO=0.6567, Potential Metric=0.1376, Entropy Metric=0.0436]

Epoch 50: 100%|██████████| 32/32 [00:07<00:00,  4.30it/s][A

                                                         [A
Training Epochs:  51%|█████     | 51/100 [05:33<06:03,  7.42s/it, -ELBO=0.6567, Potential Metric=0.1376, Entropy Metric=0.0436]

Epoch 51:   0%|          | 0/32 [00:00<?, ?it/s][A
Training Epochs:  51%|█████     | 51/100 [05:34<06:03,  7.42s/it, -ELBO=0.6980, Potential Metric=0.1388, Entropy Metric=0.0414]

Epoch 51:   3%|▎         | 1/32 [00:00<00:09,  3.43it/s][A
Training Epochs:  51%|█████     | 51/100 [05:34<06:03,  7.42s/it, -ELBO=0.7435, Potential Metric=0.1576, Entropy Metric=0.0433]

Epoch 51:   6%|▋         | 2/32 [00:00<00:08,  3.51it/s][A
Training Epochs:  51%|█████     | 51/100 [05:34<06:03,  7.42s/it, -ELBO=0.6650, Potential Metric=0.1587, Entropy Metric=0.0441]

Epoch 51:   9%|▉         | 3/32 [00:00<00:07,  4.01it/s][A
Training Epochs:  51%|█████     | 51/100 [05:34<06:03,  7.42s/it, -ELBO=0.6498, Potential Metric=0.1502, Entropy Metric=0.0428]

Epoch 51:  12%|█▎        | 4/32 [00:00<00:06,  4.32it/s][A
Training Epochs:  51%|█████     | 51/100 [05:35<06:03,  7.42s/it, -ELBO=0.6889, Potential Metric=0.1420, Entropy Metric=0.0415]

Epoch 51:  16%|█▌        | 5/32 [00:01<00:06,  4.28it/s][A
Training Epochs:  51%|█████     | 51/100 [05:35<06:03,  7.42s/it, -ELBO=0.7016, Potential Metric=0.1435, Entropy Metric=0.0407]

Epoch 51:  19%|█▉        | 6/32 [00:01<00:05,  4.45it/s][A
Training Epochs:  51%|█████     | 51/100 [05:35<06:03,  7.42s/it, -ELBO=0.6821, Potential Metric=0.1324, Entropy Metric=0.0408]

Epoch 51:  22%|██▏       | 7/32 [00:01<00:05,  4.45it/s][A
Training Epochs:  51%|█████     | 51/100 [05:35<06:03,  7.42s/it, -ELBO=0.6046, Potential Metric=0.1451, Entropy Metric=0.0436]

Epoch 51:  25%|██▌       | 8/32 [00:01<00:05,  4.29it/s][A
Training Epochs:  51%|█████     | 51/100 [05:35<06:03,  7.42s/it, -ELBO=0.6729, Potential Metric=0.1368, Entropy Metric=0.0414]

Epoch 51:  28%|██▊       | 9/32 [00:02<00:05,  4.28it/s][A
Training Epochs:  51%|█████     | 51/100 [05:36<06:03,  7.42s/it, -ELBO=0.6721, Potential Metric=0.1387, Entropy Metric=0.0392]

Epoch 51:  31%|███▏      | 10/32 [00:02<00:04,  4.42it/s][A
Training Epochs:  51%|█████     | 51/100 [05:36<06:03,  7.42s/it, -ELBO=0.7416, Potential Metric=0.1363, Entropy Metric=0.0356]

Epoch 51:  34%|███▍      | 11/32 [00:02<00:04,  4.33it/s][A
Training Epochs:  51%|█████     | 51/100 [05:36<06:03,  7.42s/it, -ELBO=0.6278, Potential Metric=0.1468, Entropy Metric=0.0410]

Epoch 51:  38%|███▊      | 12/32 [00:02<00:04,  4.28it/s][A
Training Epochs:  51%|█████     | 51/100 [05:36<06:03,  7.42s/it, -ELBO=0.6057, Potential Metric=0.1369, Entropy Metric=0.0413]

Epoch 51:  41%|████      | 13/32 [00:03<00:04,  4.37it/s][A
Training Epochs:  51%|█████     | 51/100 [05:37<06:03,  7.42s/it, -ELBO=0.6504, Potential Metric=0.1562, Entropy Metric=0.0414]

Epoch 51:  44%|████▍     | 14/32 [00:03<00:03,  4.54it/s][A
Training Epochs:  51%|█████     | 51/100 [05:37<06:03,  7.42s/it, -ELBO=0.6689, Potential Metric=0.1531, Entropy Metric=0.0444]

Epoch 51:  47%|████▋     | 15/32 [00:03<00:03,  4.53it/s][A
Training Epochs:  51%|█████     | 51/100 [05:37<06:03,  7.42s/it, -ELBO=0.7281, Potential Metric=0.1602, Entropy Metric=0.0443]

Epoch 51:  50%|█████     | 16/32 [00:03<00:03,  4.23it/s][A
Training Epochs:  51%|█████     | 51/100 [05:37<06:03,  7.42s/it, -ELBO=0.6769, Potential Metric=0.1498, Entropy Metric=0.0424]

Epoch 51:  53%|█████▎    | 17/32 [00:03<00:03,  4.37it/s][A
Training Epochs:  51%|█████     | 51/100 [05:38<06:03,  7.42s/it, -ELBO=0.6975, Potential Metric=0.1622, Entropy Metric=0.0453]

Epoch 51:  56%|█████▋    | 18/32 [00:04<00:03,  4.35it/s][A
Training Epochs:  51%|█████     | 51/100 [05:38<06:03,  7.42s/it, -ELBO=0.6435, Potential Metric=0.1449, Entropy Metric=0.0441]

Epoch 51:  59%|█████▉    | 19/32 [00:04<00:02,  4.60it/s][A
Training Epochs:  51%|█████     | 51/100 [05:38<06:03,  7.42s/it, -ELBO=0.6983, Potential Metric=0.1444, Entropy Metric=0.0441]

Epoch 51:  62%|██████▎   | 20/32 [00:04<00:02,  4.56it/s][A
Training Epochs:  51%|█████     | 51/100 [05:38<06:03,  7.42s/it, -ELBO=0.7275, Potential Metric=0.1472, Entropy Metric=0.0409]

Epoch 51:  66%|██████▌   | 21/32 [00:04<00:02,  4.59it/s][A
Training Epochs:  51%|█████     | 51/100 [05:38<06:03,  7.42s/it, -ELBO=0.6411, Potential Metric=0.1571, Entropy Metric=0.0436]

Epoch 51:  69%|██████▉   | 22/32 [00:05<00:02,  4.53it/s][A
Training Epochs:  51%|█████     | 51/100 [05:39<06:03,  7.42s/it, -ELBO=0.6948, Potential Metric=0.1615, Entropy Metric=0.0436]

Epoch 51:  72%|███████▏  | 23/32 [00:05<00:01,  4.56it/s][A
Training Epochs:  51%|█████     | 51/100 [05:39<06:03,  7.42s/it, -ELBO=0.6263, Potential Metric=0.1410, Entropy Metric=0.0458]

Epoch 51:  75%|███████▌  | 24/32 [00:05<00:01,  4.64it/s][A
Training Epochs:  51%|█████     | 51/100 [05:39<06:03,  7.42s/it, -ELBO=0.7558, Potential Metric=0.1485, Entropy Metric=0.0440]

Epoch 51:  78%|███████▊  | 25/32 [00:05<00:01,  4.58it/s][A
Training Epochs:  51%|█████     | 51/100 [05:39<06:03,  7.42s/it, -ELBO=0.6560, Potential Metric=0.1486, Entropy Metric=0.0472]

Epoch 51:  81%|████████▏ | 26/32 [00:05<00:01,  4.62it/s][A
Training Epochs:  51%|█████     | 51/100 [05:40<06:03,  7.42s/it, -ELBO=0.7175, Potential Metric=0.1483, Entropy Metric=0.0443]

Epoch 51:  84%|████████▍ | 27/32 [00:06<00:01,  4.42it/s][A
Training Epochs:  51%|█████     | 51/100 [05:40<06:03,  7.42s/it, -ELBO=0.6709, Potential Metric=0.1351, Entropy Metric=0.0450]

Epoch 51:  88%|████████▊ | 28/32 [00:06<00:00,  4.28it/s][A
Training Epochs:  51%|█████     | 51/100 [05:40<06:03,  7.42s/it, -ELBO=0.6020, Potential Metric=0.1469, Entropy Metric=0.0460]

Epoch 51:  91%|█████████ | 29/32 [00:06<00:00,  4.31it/s][A
Training Epochs:  51%|█████     | 51/100 [05:40<06:03,  7.42s/it, -ELBO=0.6500, Potential Metric=0.1432, Entropy Metric=0.0424]

Epoch 51:  94%|█████████▍| 30/32 [00:06<00:00,  4.30it/s][A
Training Epochs:  51%|█████     | 51/100 [05:40<06:03,  7.42s/it, -ELBO=0.6085, Potential Metric=0.1411, Entropy Metric=0.0421]

Epoch 51:  97%|█████████▋| 31/32 [00:07<00:00,  4.46it/s][A
Training Epochs:  51%|█████     | 51/100 [05:41<06:03,  7.42s/it, -ELBO=0.6307, Potential Metric=0.1467, Entropy Metric=0.0428]

Epoch 51: 100%|██████████| 32/32 [00:07<00:00,  4.43it/s][A

                                                         [A
Training Epochs:  52%|█████▏    | 52/100 [05:41<05:57,  7.44s/it, -ELBO=0.6307, Potential Metric=0.1467, Entropy Metric=0.0428]

Epoch 52:   0%|          | 0/32 [00:00<?, ?it/s][A
Training Epochs:  52%|█████▏    | 52/100 [05:41<05:57,  7.44s/it, -ELBO=0.6669, Potential Metric=0.1542, Entropy Metric=0.0473]

Epoch 52:   3%|▎         | 1/32 [00:00<00:09,  3.27it/s][A
Training Epochs:  52%|█████▏    | 52/100 [05:41<05:57,  7.44s/it, -ELBO=0.6859, Potential Metric=0.1336, Entropy Metric=0.0401]

Epoch 52:   6%|▋         | 2/32 [00:00<00:07,  3.81it/s][A
Training Epochs:  52%|█████▏    | 52/100 [05:41<05:57,  7.44s/it, -ELBO=0.6047, Potential Metric=0.1315, Entropy Metric=0.0498]

Epoch 52:   9%|▉         | 3/32 [00:00<00:06,  4.24it/s][A
Training Epochs:  52%|█████▏    | 52/100 [05:42<05:57,  7.44s/it, -ELBO=0.7379, Potential Metric=0.1479, Entropy Metric=0.0441]

Epoch 52:  12%|█▎        | 4/32 [00:00<00:06,  4.55it/s][A
Training Epochs:  52%|█████▏    | 52/100 [05:42<05:57,  7.44s/it, -ELBO=0.6734, Potential Metric=0.1480, Entropy Metric=0.0463]

Epoch 52:  16%|█▌        | 5/32 [00:01<00:05,  4.57it/s][A
Training Epochs:  52%|█████▏    | 52/100 [05:42<05:57,  7.44s/it, -ELBO=0.6315, Potential Metric=0.1431, Entropy Metric=0.0491]

Epoch 52:  19%|█▉        | 6/32 [00:01<00:05,  4.56it/s][A
Training Epochs:  52%|█████▏    | 52/100 [05:42<05:57,  7.44s/it, -ELBO=0.5797, Potential Metric=0.1482, Entropy Metric=0.0489]

Epoch 52:  22%|██▏       | 7/32 [00:01<00:05,  4.53it/s][A
Training Epochs:  52%|█████▏    | 52/100 [05:43<05:57,  7.44s/it, -ELBO=0.6564, Potential Metric=0.1578, Entropy Metric=0.0482]

Epoch 52:  25%|██▌       | 8/32 [00:01<00:05,  4.46it/s][A
Training Epochs:  52%|█████▏    | 52/100 [05:43<05:57,  7.44s/it, -ELBO=0.6287, Potential Metric=0.1407, Entropy Metric=0.0446]

Epoch 52:  28%|██▊       | 9/32 [00:02<00:05,  4.51it/s][A
Training Epochs:  52%|█████▏    | 52/100 [05:43<05:57,  7.44s/it, -ELBO=0.6208, Potential Metric=0.1374, Entropy Metric=0.0452]

Epoch 52:  31%|███▏      | 10/32 [00:02<00:04,  4.44it/s][A
Training Epochs:  52%|█████▏    | 52/100 [05:43<05:57,  7.44s/it, -ELBO=0.6895, Potential Metric=0.1652, Entropy Metric=0.0450]

Epoch 52:  34%|███▍      | 11/32 [00:02<00:04,  4.23it/s][A
Training Epochs:  52%|█████▏    | 52/100 [05:44<05:57,  7.44s/it, -ELBO=0.6911, Potential Metric=0.1651, Entropy Metric=0.0446]

Epoch 52:  38%|███▊      | 12/32 [00:02<00:05,  3.63it/s][A
Training Epochs:  52%|█████▏    | 52/100 [05:44<05:57,  7.44s/it, -ELBO=0.6171, Potential Metric=0.1565, Entropy Metric=0.0456]

Epoch 52:  41%|████      | 13/32 [00:03<00:04,  3.89it/s][A
Training Epochs:  52%|█████▏    | 52/100 [05:44<05:57,  7.44s/it, -ELBO=0.6440, Potential Metric=0.1567, Entropy Metric=0.0462]

Epoch 52:  44%|████▍     | 14/32 [00:03<00:04,  4.05it/s][A
Training Epochs:  52%|█████▏    | 52/100 [05:44<05:57,  7.44s/it, -ELBO=0.6427, Potential Metric=0.1568, Entropy Metric=0.0452]

Epoch 52:  47%|████▋     | 15/32 [00:03<00:04,  4.15it/s][A
Training Epochs:  52%|█████▏    | 52/100 [05:45<05:57,  7.44s/it, -ELBO=0.6500, Potential Metric=0.1682, Entropy Metric=0.0467]

Epoch 52:  50%|█████     | 16/32 [00:03<00:03,  4.31it/s][A
Training Epochs:  52%|█████▏    | 52/100 [05:45<05:57,  7.44s/it, -ELBO=0.6871, Potential Metric=0.1513, Entropy Metric=0.0461]

Epoch 52:  53%|█████▎    | 17/32 [00:04<00:03,  4.22it/s][A
Training Epochs:  52%|█████▏    | 52/100 [05:45<05:57,  7.44s/it, -ELBO=0.6595, Potential Metric=0.1391, Entropy Metric=0.0454]

Epoch 52:  56%|█████▋    | 18/32 [00:04<00:03,  4.09it/s][A
Training Epochs:  52%|█████▏    | 52/100 [05:45<05:57,  7.44s/it, -ELBO=0.6123, Potential Metric=0.1539, Entropy Metric=0.0467]

Epoch 52:  59%|█████▉    | 19/32 [00:04<00:03,  4.16it/s][A
Training Epochs:  52%|█████▏    | 52/100 [05:45<05:57,  7.44s/it, -ELBO=0.6871, Potential Metric=0.1493, Entropy Metric=0.0467]

Epoch 52:  62%|██████▎   | 20/32 [00:04<00:02,  4.38it/s][A
Training Epochs:  52%|█████▏    | 52/100 [05:46<05:57,  7.44s/it, -ELBO=0.6363, Potential Metric=0.1562, Entropy Metric=0.0459]

Epoch 52:  66%|██████▌   | 21/32 [00:04<00:02,  4.37it/s][A
Training Epochs:  52%|█████▏    | 52/100 [05:46<05:57,  7.44s/it, -ELBO=0.6547, Potential Metric=0.1527, Entropy Metric=0.0455]

Epoch 52:  69%|██████▉   | 22/32 [00:05<00:02,  4.23it/s][A
Training Epochs:  52%|█████▏    | 52/100 [05:46<05:57,  7.44s/it, -ELBO=0.6569, Potential Metric=0.1608, Entropy Metric=0.0475]

Epoch 52:  72%|███████▏  | 23/32 [00:05<00:02,  4.26it/s][A
Training Epochs:  52%|█████▏    | 52/100 [05:46<05:57,  7.44s/it, -ELBO=0.6515, Potential Metric=0.1545, Entropy Metric=0.0441]

Epoch 52:  75%|███████▌  | 24/32 [00:05<00:01,  4.30it/s][A
Training Epochs:  52%|█████▏    | 52/100 [05:47<05:57,  7.44s/it, -ELBO=0.7258, Potential Metric=0.1571, Entropy Metric=0.0458]

Epoch 52:  78%|███████▊  | 25/32 [00:05<00:01,  4.34it/s][A
Training Epochs:  52%|█████▏    | 52/100 [05:47<05:57,  7.44s/it, -ELBO=0.6958, Potential Metric=0.1613, Entropy Metric=0.0462]

Epoch 52:  81%|████████▏ | 26/32 [00:06<00:01,  4.39it/s][A
Training Epochs:  52%|█████▏    | 52/100 [05:47<05:57,  7.44s/it, -ELBO=0.6507, Potential Metric=0.1432, Entropy Metric=0.0415]

Epoch 52:  84%|████████▍ | 27/32 [00:06<00:01,  4.55it/s][A
Training Epochs:  52%|█████▏    | 52/100 [05:47<05:57,  7.44s/it, -ELBO=0.6402, Potential Metric=0.1429, Entropy Metric=0.0403]

Epoch 52:  88%|████████▊ | 28/32 [00:06<00:00,  4.69it/s][A
Training Epochs:  52%|█████▏    | 52/100 [05:47<05:57,  7.44s/it, -ELBO=0.6762, Potential Metric=0.1652, Entropy Metric=0.0393]

Epoch 52:  91%|█████████ | 29/32 [00:06<00:00,  4.62it/s][A
Training Epochs:  52%|█████▏    | 52/100 [05:48<05:57,  7.44s/it, -ELBO=0.6762, Potential Metric=0.1490, Entropy Metric=0.0410]

Epoch 52:  94%|█████████▍| 30/32 [00:06<00:00,  4.46it/s][A
Training Epochs:  52%|█████▏    | 52/100 [05:48<05:57,  7.44s/it, -ELBO=0.7382, Potential Metric=0.1772, Entropy Metric=0.0458]

Epoch 52:  97%|█████████▋| 31/32 [00:07<00:00,  4.48it/s][A
Training Epochs:  52%|█████▏    | 52/100 [05:48<05:57,  7.44s/it, -ELBO=0.6412, Potential Metric=0.1547, Entropy Metric=0.0432]

Epoch 52: 100%|██████████| 32/32 [00:07<00:00,  4.20it/s][A

                                                         [A
Training Epochs:  53%|█████▎    | 53/100 [05:48<05:51,  7.48s/it, -ELBO=0.6412, Potential Metric=0.1547, Entropy Metric=0.0432]

Epoch 53:   0%|          | 0/32 [00:00<?, ?it/s][A
Training Epochs:  53%|█████▎    | 53/100 [05:49<05:51,  7.48s/it, -ELBO=0.6572, Potential Metric=0.1653, Entropy Metric=0.0435]

Epoch 53:   3%|▎         | 1/32 [00:00<00:07,  4.12it/s][A
Training Epochs:  53%|█████▎    | 53/100 [05:49<05:51,  7.48s/it, -ELBO=0.6769, Potential Metric=0.1610, Entropy Metric=0.0461]

Epoch 53:   6%|▋         | 2/32 [00:00<00:07,  4.23it/s][A
Training Epochs:  53%|█████▎    | 53/100 [05:49<05:51,  7.48s/it, -ELBO=0.6007, Potential Metric=0.1549, Entropy Metric=0.0508]

Epoch 53:   9%|▉         | 3/32 [00:00<00:06,  4.59it/s][A
Training Epochs:  53%|█████▎    | 53/100 [05:49<05:51,  7.48s/it, -ELBO=0.6280, Potential Metric=0.1660, Entropy Metric=0.0465]

Epoch 53:  12%|█▎        | 4/32 [00:00<00:05,  4.72it/s][A
Training Epochs:  53%|█████▎    | 53/100 [05:50<05:51,  7.48s/it, -ELBO=0.6928, Potential Metric=0.1530, Entropy Metric=0.0458]

Epoch 53:  16%|█▌        | 5/32 [00:01<00:05,  4.53it/s][A
Training Epochs:  53%|█████▎    | 53/100 [05:50<05:51,  7.48s/it, -ELBO=0.6254, Potential Metric=0.1483, Entropy Metric=0.0475]

Epoch 53:  19%|█▉        | 6/32 [00:01<00:05,  4.53it/s][A
Training Epochs:  53%|█████▎    | 53/100 [05:50<05:51,  7.48s/it, -ELBO=0.6890, Potential Metric=0.1526, Entropy Metric=0.0476]

Epoch 53:  22%|██▏       | 7/32 [00:01<00:05,  4.53it/s][A
Training Epochs:  53%|█████▎    | 53/100 [05:50<05:51,  7.48s/it, -ELBO=0.6627, Potential Metric=0.1583, Entropy Metric=0.0483]

Epoch 53:  25%|██▌       | 8/32 [00:01<00:05,  4.50it/s][A
Training Epochs:  53%|█████▎    | 53/100 [05:50<05:51,  7.48s/it, -ELBO=0.7751, Potential Metric=0.1610, Entropy Metric=0.0452]

Epoch 53:  28%|██▊       | 9/32 [00:01<00:05,  4.53it/s][A
Training Epochs:  53%|█████▎    | 53/100 [05:51<05:51,  7.48s/it, -ELBO=0.6803, Potential Metric=0.1526, Entropy Metric=0.0458]

Epoch 53:  31%|███▏      | 10/32 [00:02<00:04,  4.48it/s][A
Training Epochs:  53%|█████▎    | 53/100 [05:51<05:51,  7.48s/it, -ELBO=0.5994, Potential Metric=0.1631, Entropy Metric=0.0478]

Epoch 53:  34%|███▍      | 11/32 [00:02<00:04,  4.47it/s][A
Training Epochs:  53%|█████▎    | 53/100 [05:51<05:51,  7.48s/it, -ELBO=0.6821, Potential Metric=0.1492, Entropy Metric=0.0428]

Epoch 53:  38%|███▊      | 12/32 [00:02<00:04,  4.44it/s][A
Training Epochs:  53%|█████▎    | 53/100 [05:51<05:51,  7.48s/it, -ELBO=0.6727, Potential Metric=0.1743, Entropy Metric=0.0452]

Epoch 53:  41%|████      | 13/32 [00:02<00:04,  4.24it/s][A
Training Epochs:  53%|█████▎    | 53/100 [05:52<05:51,  7.48s/it, -ELBO=0.6415, Potential Metric=0.1688, Entropy Metric=0.0433]

Epoch 53:  44%|████▍     | 14/32 [00:03<00:04,  4.13it/s][A
Training Epochs:  53%|█████▎    | 53/100 [05:52<05:51,  7.48s/it, -ELBO=0.5942, Potential Metric=0.1638, Entropy Metric=0.0438]

Epoch 53:  47%|████▋     | 15/32 [00:03<00:03,  4.30it/s][A
Training Epochs:  53%|█████▎    | 53/100 [05:52<05:51,  7.48s/it, -ELBO=0.6264, Potential Metric=0.1426, Entropy Metric=0.0405]

Epoch 53:  50%|█████     | 16/32 [00:03<00:03,  4.40it/s][A
Training Epochs:  53%|█████▎    | 53/100 [05:52<05:51,  7.48s/it, -ELBO=0.6101, Potential Metric=0.1599, Entropy Metric=0.0439]

Epoch 53:  53%|█████▎    | 17/32 [00:03<00:03,  4.30it/s][A
Training Epochs:  53%|█████▎    | 53/100 [05:52<05:51,  7.48s/it, -ELBO=0.6264, Potential Metric=0.1525, Entropy Metric=0.0422]

Epoch 53:  56%|█████▋    | 18/32 [00:04<00:03,  4.45it/s][A
Training Epochs:  53%|█████▎    | 53/100 [05:53<05:51,  7.48s/it, -ELBO=0.6153, Potential Metric=0.1442, Entropy Metric=0.0439]

Epoch 53:  59%|█████▉    | 19/32 [00:04<00:02,  4.51it/s][A
Training Epochs:  53%|█████▎    | 53/100 [05:53<05:51,  7.48s/it, -ELBO=0.6103, Potential Metric=0.1405, Entropy Metric=0.0467]

Epoch 53:  62%|██████▎   | 20/32 [00:04<00:02,  4.73it/s][A
Training Epochs:  53%|█████▎    | 53/100 [05:53<05:51,  7.48s/it, -ELBO=0.6875, Potential Metric=0.1411, Entropy Metric=0.0479]

Epoch 53:  66%|██████▌   | 21/32 [00:04<00:02,  4.77it/s][A
Training Epochs:  53%|█████▎    | 53/100 [05:53<05:51,  7.48s/it, -ELBO=0.7195, Potential Metric=0.1717, Entropy Metric=0.0474]

Epoch 53:  69%|██████▉   | 22/32 [00:04<00:02,  4.72it/s][A
Training Epochs:  53%|█████▎    | 53/100 [05:54<05:51,  7.48s/it, -ELBO=0.6602, Potential Metric=0.1557, Entropy Metric=0.0484]

Epoch 53:  72%|███████▏  | 23/32 [00:05<00:01,  4.51it/s][A
Training Epochs:  53%|█████▎    | 53/100 [05:54<05:51,  7.48s/it, -ELBO=0.6340, Potential Metric=0.1371, Entropy Metric=0.0473]

Epoch 53:  75%|███████▌  | 24/32 [00:05<00:01,  4.72it/s][A
Training Epochs:  53%|█████▎    | 53/100 [05:54<05:51,  7.48s/it, -ELBO=0.6385, Potential Metric=0.1632, Entropy Metric=0.0470]

Epoch 53:  78%|███████▊  | 25/32 [00:05<00:01,  4.54it/s][A
Training Epochs:  53%|█████▎    | 53/100 [05:54<05:51,  7.48s/it, -ELBO=0.6669, Potential Metric=0.1572, Entropy Metric=0.0455]

Epoch 53:  81%|████████▏ | 26/32 [00:05<00:01,  4.60it/s][A
Training Epochs:  53%|█████▎    | 53/100 [05:54<05:51,  7.48s/it, -ELBO=0.6424, Potential Metric=0.1437, Entropy Metric=0.0438]

Epoch 53:  84%|████████▍ | 27/32 [00:06<00:01,  4.48it/s][A
Training Epochs:  53%|█████▎    | 53/100 [05:55<05:51,  7.48s/it, -ELBO=0.7228, Potential Metric=0.1438, Entropy Metric=0.0401]

Epoch 53:  88%|████████▊ | 28/32 [00:06<00:00,  4.42it/s][A
Training Epochs:  53%|█████▎    | 53/100 [05:55<05:51,  7.48s/it, -ELBO=0.5812, Potential Metric=0.1520, Entropy Metric=0.0464]

Epoch 53:  91%|█████████ | 29/32 [00:06<00:00,  4.58it/s][A
Training Epochs:  53%|█████▎    | 53/100 [05:55<05:51,  7.48s/it, -ELBO=0.6042, Potential Metric=0.1477, Entropy Metric=0.0420]

Epoch 53:  94%|█████████▍| 30/32 [00:06<00:00,  4.62it/s][A
Training Epochs:  53%|█████▎    | 53/100 [05:55<05:51,  7.48s/it, -ELBO=0.5909, Potential Metric=0.1446, Entropy Metric=0.0430]

Epoch 53:  97%|█████████▋| 31/32 [00:06<00:00,  4.56it/s][A
Training Epochs:  53%|█████▎    | 53/100 [05:56<05:51,  7.48s/it, -ELBO=0.6967, Potential Metric=0.1615, Entropy Metric=0.0463]

Epoch 53: 100%|██████████| 32/32 [00:07<00:00,  4.42it/s][A

                                                         [A
Training Epochs:  54%|█████▍    | 54/100 [05:56<05:41,  7.43s/it, -ELBO=0.6967, Potential Metric=0.1615, Entropy Metric=0.0463]

Epoch 54:   0%|          | 0/32 [00:00<?, ?it/s][A
Training Epochs:  54%|█████▍    | 54/100 [05:56<05:41,  7.43s/it, -ELBO=0.6160, Potential Metric=0.1580, Entropy Metric=0.0475]

Epoch 54:   3%|▎         | 1/32 [00:00<00:08,  3.50it/s][A
Training Epochs:  54%|█████▍    | 54/100 [05:56<05:41,  7.43s/it, -ELBO=0.5923, Potential Metric=0.1526, Entropy Metric=0.0492]

Epoch 54:   6%|▋         | 2/32 [00:00<00:07,  4.27it/s][A
Training Epochs:  54%|█████▍    | 54/100 [05:56<05:41,  7.43s/it, -ELBO=0.6469, Potential Metric=0.1629, Entropy Metric=0.0470]

Epoch 54:   9%|▉         | 3/32 [00:00<00:06,  4.47it/s][A
Training Epochs:  54%|█████▍    | 54/100 [05:57<05:41,  7.43s/it, -ELBO=0.6829, Potential Metric=0.1689, Entropy Metric=0.0471]

Epoch 54:  12%|█▎        | 4/32 [00:00<00:06,  4.38it/s][A
Training Epochs:  54%|█████▍    | 54/100 [05:57<05:41,  7.43s/it, -ELBO=0.6169, Potential Metric=0.1576, Entropy Metric=0.0476]

Epoch 54:  16%|█▌        | 5/32 [00:01<00:06,  4.45it/s][A
Training Epochs:  54%|█████▍    | 54/100 [05:57<05:41,  7.43s/it, -ELBO=0.6894, Potential Metric=0.1724, Entropy Metric=0.0451]

Epoch 54:  19%|█▉        | 6/32 [00:01<00:06,  4.21it/s][A
Training Epochs:  54%|█████▍    | 54/100 [05:57<05:41,  7.43s/it, -ELBO=0.6798, Potential Metric=0.1520, Entropy Metric=0.0412]

Epoch 54:  22%|██▏       | 7/32 [00:01<00:06,  4.15it/s][A
Training Epochs:  54%|█████▍    | 54/100 [05:58<05:41,  7.43s/it, -ELBO=0.6497, Potential Metric=0.1576, Entropy Metric=0.0449]

Epoch 54:  25%|██▌       | 8/32 [00:01<00:05,  4.25it/s][A
Training Epochs:  54%|█████▍    | 54/100 [05:58<05:41,  7.43s/it, -ELBO=0.6199, Potential Metric=0.1545, Entropy Metric=0.0448]

Epoch 54:  28%|██▊       | 9/32 [00:02<00:05,  4.48it/s][A
Training Epochs:  54%|█████▍    | 54/100 [05:58<05:41,  7.43s/it, -ELBO=0.6070, Potential Metric=0.1535, Entropy Metric=0.0466]

Epoch 54:  31%|███▏      | 10/32 [00:02<00:04,  4.60it/s][A
Training Epochs:  54%|█████▍    | 54/100 [05:58<05:41,  7.43s/it, -ELBO=0.6613, Potential Metric=0.1612, Entropy Metric=0.0455]

Epoch 54:  34%|███▍      | 11/32 [00:02<00:04,  4.59it/s][A
Training Epochs:  54%|█████▍    | 54/100 [05:58<05:41,  7.43s/it, -ELBO=0.6776, Potential Metric=0.1742, Entropy Metric=0.0478]

Epoch 54:  38%|███▊      | 12/32 [00:02<00:04,  4.72it/s][A
Training Epochs:  54%|█████▍    | 54/100 [05:59<05:41,  7.43s/it, -ELBO=0.5848, Potential Metric=0.1569, Entropy Metric=0.0452]

Epoch 54:  41%|████      | 13/32 [00:02<00:03,  4.78it/s][A
Training Epochs:  54%|█████▍    | 54/100 [05:59<05:41,  7.43s/it, -ELBO=0.6081, Potential Metric=0.1544, Entropy Metric=0.0458]

Epoch 54:  44%|████▍     | 14/32 [00:03<00:03,  4.76it/s][A
Training Epochs:  54%|█████▍    | 54/100 [05:59<05:41,  7.43s/it, -ELBO=0.6606, Potential Metric=0.1670, Entropy Metric=0.0447]

Epoch 54:  47%|████▋     | 15/32 [00:03<00:03,  4.81it/s][A
Training Epochs:  54%|█████▍    | 54/100 [05:59<05:41,  7.43s/it, -ELBO=0.6730, Potential Metric=0.1594, Entropy Metric=0.0458]

Epoch 54:  50%|█████     | 16/32 [00:03<00:03,  4.75it/s][A
Training Epochs:  54%|█████▍    | 54/100 [05:59<05:41,  7.43s/it, -ELBO=0.6276, Potential Metric=0.1465, Entropy Metric=0.0448]

Epoch 54:  53%|█████▎    | 17/32 [00:03<00:03,  4.80it/s][A
Training Epochs:  54%|█████▍    | 54/100 [06:00<05:41,  7.43s/it, -ELBO=0.6140, Potential Metric=0.1617, Entropy Metric=0.0441]

Epoch 54:  56%|█████▋    | 18/32 [00:03<00:03,  4.66it/s][A
Training Epochs:  54%|█████▍    | 54/100 [06:00<05:41,  7.43s/it, -ELBO=0.6122, Potential Metric=0.1680, Entropy Metric=0.0445]

Epoch 54:  59%|█████▉    | 19/32 [00:04<00:02,  4.71it/s][A
Training Epochs:  54%|█████▍    | 54/100 [06:00<05:41,  7.43s/it, -ELBO=0.6388, Potential Metric=0.1447, Entropy Metric=0.0421]

Epoch 54:  62%|██████▎   | 20/32 [00:04<00:02,  4.91it/s][A
Training Epochs:  54%|█████▍    | 54/100 [06:00<05:41,  7.43s/it, -ELBO=0.6038, Potential Metric=0.1499, Entropy Metric=0.0446]

Epoch 54:  66%|██████▌   | 21/32 [00:04<00:02,  4.92it/s][A
Training Epochs:  54%|█████▍    | 54/100 [06:00<05:41,  7.43s/it, -ELBO=0.6717, Potential Metric=0.1478, Entropy Metric=0.0435]

Epoch 54:  69%|██████▉   | 22/32 [00:04<00:02,  4.84it/s][A
Training Epochs:  54%|█████▍    | 54/100 [06:01<05:41,  7.43s/it, -ELBO=0.6947, Potential Metric=0.1441, Entropy Metric=0.0412]

Epoch 54:  72%|███████▏  | 23/32 [00:05<00:02,  4.49it/s][A
Training Epochs:  54%|█████▍    | 54/100 [06:01<05:41,  7.43s/it, -ELBO=0.6028, Potential Metric=0.1619, Entropy Metric=0.0427]

Epoch 54:  75%|███████▌  | 24/32 [00:05<00:01,  4.61it/s][A
Training Epochs:  54%|█████▍    | 54/100 [06:01<05:41,  7.43s/it, -ELBO=0.6505, Potential Metric=0.1588, Entropy Metric=0.0416]

Epoch 54:  78%|███████▊  | 25/32 [00:05<00:01,  4.68it/s][A
Training Epochs:  54%|█████▍    | 54/100 [06:01<05:41,  7.43s/it, -ELBO=0.6399, Potential Metric=0.1444, Entropy Metric=0.0397]

Epoch 54:  81%|████████▏ | 26/32 [00:05<00:01,  4.51it/s][A
Training Epochs:  54%|█████▍    | 54/100 [06:02<05:41,  7.43s/it, -ELBO=0.5553, Potential Metric=0.1542, Entropy Metric=0.0456]

Epoch 54:  84%|████████▍ | 27/32 [00:05<00:01,  4.50it/s][A
Training Epochs:  54%|█████▍    | 54/100 [06:02<05:41,  7.43s/it, -ELBO=0.6895, Potential Metric=0.1545, Entropy Metric=0.0440]

Epoch 54:  88%|████████▊ | 28/32 [00:06<00:00,  4.60it/s][A
Training Epochs:  54%|█████▍    | 54/100 [06:02<05:41,  7.43s/it, -ELBO=0.6415, Potential Metric=0.1489, Entropy Metric=0.0416]

Epoch 54:  91%|█████████ | 29/32 [00:06<00:00,  4.68it/s][A
Training Epochs:  54%|█████▍    | 54/100 [06:02<05:41,  7.43s/it, -ELBO=0.6018, Potential Metric=0.1550, Entropy Metric=0.0406]

Epoch 54:  94%|█████████▍| 30/32 [00:06<00:00,  4.58it/s][A
Training Epochs:  54%|█████▍    | 54/100 [06:02<05:41,  7.43s/it, -ELBO=0.6443, Potential Metric=0.1560, Entropy Metric=0.0456]

Epoch 54:  97%|█████████▋| 31/32 [00:06<00:00,  4.58it/s][A
Training Epochs:  54%|█████▍    | 54/100 [06:03<05:41,  7.43s/it, -ELBO=0.6955, Potential Metric=0.1641, Entropy Metric=0.0408]

Epoch 54: 100%|██████████| 32/32 [00:06<00:00,  4.52it/s][A

                                                         [A
Training Epochs:  55%|█████▌    | 55/100 [06:03<05:30,  7.34s/it, -ELBO=0.6955, Potential Metric=0.1641, Entropy Metric=0.0408]

Epoch 55:   0%|          | 0/32 [00:00<?, ?it/s][A
Training Epochs:  55%|█████▌    | 55/100 [06:03<05:30,  7.34s/it, -ELBO=0.6554, Potential Metric=0.1612, Entropy Metric=0.0406]

Epoch 55:   3%|▎         | 1/32 [00:00<00:08,  3.85it/s][A
Training Epochs:  55%|█████▌    | 55/100 [06:03<05:30,  7.34s/it, -ELBO=0.6277, Potential Metric=0.1646, Entropy Metric=0.0447]

Epoch 55:   6%|▋         | 2/32 [00:00<00:06,  4.31it/s][A
Training Epochs:  55%|█████▌    | 55/100 [06:04<05:30,  7.34s/it, -ELBO=0.6337, Potential Metric=0.1554, Entropy Metric=0.0414]

Epoch 55:   9%|▉         | 3/32 [00:00<00:06,  4.17it/s][A
Training Epochs:  55%|█████▌    | 55/100 [06:04<05:30,  7.34s/it, -ELBO=0.5947, Potential Metric=0.1625, Entropy Metric=0.0420]

Epoch 55:  12%|█▎        | 4/32 [00:00<00:06,  4.19it/s][A
Training Epochs:  55%|█████▌    | 55/100 [06:04<05:30,  7.34s/it, -ELBO=0.6477, Potential Metric=0.1508, Entropy Metric=0.0433]

Epoch 55:  16%|█▌        | 5/32 [00:01<00:06,  4.23it/s][A
Training Epochs:  55%|█████▌    | 55/100 [06:04<05:30,  7.34s/it, -ELBO=0.5901, Potential Metric=0.1574, Entropy Metric=0.0431]

Epoch 55:  19%|█▉        | 6/32 [00:01<00:05,  4.35it/s][A
Training Epochs:  55%|█████▌    | 55/100 [06:04<05:30,  7.34s/it, -ELBO=0.6061, Potential Metric=0.1537, Entropy Metric=0.0425]

Epoch 55:  22%|██▏       | 7/32 [00:01<00:05,  4.53it/s][A
Training Epochs:  55%|█████▌    | 55/100 [06:05<05:30,  7.34s/it, -ELBO=0.6570, Potential Metric=0.1635, Entropy Metric=0.0458]

Epoch 55:  25%|██▌       | 8/32 [00:01<00:05,  4.68it/s][A
Training Epochs:  55%|█████▌    | 55/100 [06:05<05:30,  7.34s/it, -ELBO=0.6142, Potential Metric=0.1665, Entropy Metric=0.0474]

Epoch 55:  28%|██▊       | 9/32 [00:02<00:04,  4.75it/s][A
Training Epochs:  55%|█████▌    | 55/100 [06:05<05:30,  7.34s/it, -ELBO=0.6337, Potential Metric=0.1665, Entropy Metric=0.0438]

Epoch 55:  31%|███▏      | 10/32 [00:02<00:04,  4.61it/s][A
Training Epochs:  55%|█████▌    | 55/100 [06:05<05:30,  7.34s/it, -ELBO=0.6387, Potential Metric=0.1628, Entropy Metric=0.0473]

Epoch 55:  34%|███▍      | 11/32 [00:02<00:04,  4.52it/s][A
Training Epochs:  55%|█████▌    | 55/100 [06:06<05:30,  7.34s/it, -ELBO=0.6693, Potential Metric=0.1530, Entropy Metric=0.0396]

Epoch 55:  38%|███▊      | 12/32 [00:02<00:04,  4.56it/s][A
Training Epochs:  55%|█████▌    | 55/100 [06:06<05:30,  7.34s/it, -ELBO=0.6103, Potential Metric=0.1519, Entropy Metric=0.0423]

Epoch 55:  41%|████      | 13/32 [00:02<00:04,  4.52it/s][A
Training Epochs:  55%|█████▌    | 55/100 [06:06<05:30,  7.34s/it, -ELBO=0.7121, Potential Metric=0.1681, Entropy Metric=0.0441]

Epoch 55:  44%|████▍     | 14/32 [00:03<00:04,  4.38it/s][A
Training Epochs:  55%|█████▌    | 55/100 [06:06<05:30,  7.34s/it, -ELBO=0.6089, Potential Metric=0.1815, Entropy Metric=0.0454]

Epoch 55:  47%|████▋     | 15/32 [00:03<00:03,  4.47it/s][A
Training Epochs:  55%|█████▌    | 55/100 [06:06<05:30,  7.34s/it, -ELBO=0.6749, Potential Metric=0.1748, Entropy Metric=0.0410]

Epoch 55:  50%|█████     | 16/32 [00:03<00:03,  4.55it/s][A
Training Epochs:  55%|█████▌    | 55/100 [06:07<05:30,  7.34s/it, -ELBO=0.6471, Potential Metric=0.1733, Entropy Metric=0.0431]

Epoch 55:  53%|█████▎    | 17/32 [00:03<00:03,  4.50it/s][A
Training Epochs:  55%|█████▌    | 55/100 [06:07<05:30,  7.34s/it, -ELBO=0.6190, Potential Metric=0.1604, Entropy Metric=0.0459]

Epoch 55:  56%|█████▋    | 18/32 [00:04<00:03,  4.54it/s][A
Training Epochs:  55%|█████▌    | 55/100 [06:07<05:30,  7.34s/it, -ELBO=0.6449, Potential Metric=0.1710, Entropy Metric=0.0419]

Epoch 55:  59%|█████▉    | 19/32 [00:04<00:02,  4.49it/s][A
Training Epochs:  55%|█████▌    | 55/100 [06:07<05:30,  7.34s/it, -ELBO=0.6107, Potential Metric=0.1665, Entropy Metric=0.0449]

Epoch 55:  62%|██████▎   | 20/32 [00:04<00:02,  4.60it/s][A
Training Epochs:  55%|█████▌    | 55/100 [06:08<05:30,  7.34s/it, -ELBO=0.6131, Potential Metric=0.1676, Entropy Metric=0.0440]

Epoch 55:  66%|██████▌   | 21/32 [00:04<00:02,  4.40it/s][A
Training Epochs:  55%|█████▌    | 55/100 [06:08<05:30,  7.34s/it, -ELBO=0.6138, Potential Metric=0.1638, Entropy Metric=0.0445]

Epoch 55:  69%|██████▉   | 22/32 [00:04<00:02,  4.33it/s][A
Training Epochs:  55%|█████▌    | 55/100 [06:08<05:30,  7.34s/it, -ELBO=0.5863, Potential Metric=0.1662, Entropy Metric=0.0432]

Epoch 55:  72%|███████▏  | 23/32 [00:05<00:02,  4.46it/s][A
Training Epochs:  55%|█████▌    | 55/100 [06:08<05:30,  7.34s/it, -ELBO=0.5915, Potential Metric=0.1663, Entropy Metric=0.0426]

Epoch 55:  75%|███████▌  | 24/32 [00:05<00:01,  4.41it/s][A
Training Epochs:  55%|█████▌    | 55/100 [06:08<05:30,  7.34s/it, -ELBO=0.6767, Potential Metric=0.1474, Entropy Metric=0.0426]

Epoch 55:  78%|███████▊  | 25/32 [00:05<00:01,  4.55it/s][A
Training Epochs:  55%|█████▌    | 55/100 [06:09<05:30,  7.34s/it, -ELBO=0.5978, Potential Metric=0.1483, Entropy Metric=0.0433]

Epoch 55:  81%|████████▏ | 26/32 [00:05<00:01,  4.45it/s][A
Training Epochs:  55%|█████▌    | 55/100 [06:09<05:30,  7.34s/it, -ELBO=0.6551, Potential Metric=0.1546, Entropy Metric=0.0371]

Epoch 55:  84%|████████▍ | 27/32 [00:06<00:01,  4.56it/s][A
Training Epochs:  55%|█████▌    | 55/100 [06:09<05:30,  7.34s/it, -ELBO=0.5675, Potential Metric=0.1411, Entropy Metric=0.0409]

Epoch 55:  88%|████████▊ | 28/32 [00:06<00:00,  4.58it/s][A
Training Epochs:  55%|█████▌    | 55/100 [06:09<05:30,  7.34s/it, -ELBO=0.5738, Potential Metric=0.1450, Entropy Metric=0.0393]

Epoch 55:  91%|█████████ | 29/32 [00:06<00:00,  4.42it/s][A
Training Epochs:  55%|█████▌    | 55/100 [06:10<05:30,  7.34s/it, -ELBO=0.6312, Potential Metric=0.1406, Entropy Metric=0.0419]

Epoch 55:  94%|█████████▍| 30/32 [00:06<00:00,  4.43it/s][A
Training Epochs:  55%|█████▌    | 55/100 [06:10<05:30,  7.34s/it, -ELBO=0.6155, Potential Metric=0.1584, Entropy Metric=0.0403]

Epoch 55:  97%|█████████▋| 31/32 [00:06<00:00,  4.44it/s][A
Training Epochs:  55%|█████▌    | 55/100 [06:10<05:30,  7.34s/it, -ELBO=0.7213, Potential Metric=0.1541, Entropy Metric=0.0428]

Epoch 55: 100%|██████████| 32/32 [00:07<00:00,  4.52it/s][A

                                                         [A
Training Epochs:  56%|█████▌    | 56/100 [06:10<05:23,  7.35s/it, -ELBO=0.7213, Potential Metric=0.1541, Entropy Metric=0.0428]

Epoch 56:   0%|          | 0/32 [00:00<?, ?it/s][A
Training Epochs:  56%|█████▌    | 56/100 [06:11<05:23,  7.35s/it, -ELBO=0.5908, Potential Metric=0.1655, Entropy Metric=0.0482]

Epoch 56:   3%|▎         | 1/32 [00:00<00:08,  3.71it/s][A
Training Epochs:  56%|█████▌    | 56/100 [06:11<05:23,  7.35s/it, -ELBO=0.6055, Potential Metric=0.1492, Entropy Metric=0.0476]

Epoch 56:   6%|▋         | 2/32 [00:00<00:07,  4.14it/s][A
Training Epochs:  56%|█████▌    | 56/100 [06:11<05:23,  7.35s/it, -ELBO=0.6067, Potential Metric=0.1567, Entropy Metric=0.0518]

Epoch 56:   9%|▉         | 3/32 [00:00<00:06,  4.28it/s][A
Training Epochs:  56%|█████▌    | 56/100 [06:11<05:23,  7.35s/it, -ELBO=0.6271, Potential Metric=0.1686, Entropy Metric=0.0465]

Epoch 56:  12%|█▎        | 4/32 [00:00<00:06,  4.47it/s][A
Training Epochs:  56%|█████▌    | 56/100 [06:11<05:23,  7.35s/it, -ELBO=0.6131, Potential Metric=0.1730, Entropy Metric=0.0491]

Epoch 56:  16%|█▌        | 5/32 [00:01<00:05,  4.72it/s][A
Training Epochs:  56%|█████▌    | 56/100 [06:12<05:23,  7.35s/it, -ELBO=0.6442, Potential Metric=0.1666, Entropy Metric=0.0467]

Epoch 56:  19%|█▉        | 6/32 [00:01<00:05,  4.61it/s][A
Training Epochs:  56%|█████▌    | 56/100 [06:12<05:23,  7.35s/it, -ELBO=0.6882, Potential Metric=0.1530, Entropy Metric=0.0466]

Epoch 56:  22%|██▏       | 7/32 [00:01<00:05,  4.69it/s][A
Training Epochs:  56%|█████▌    | 56/100 [06:12<05:23,  7.35s/it, -ELBO=0.5950, Potential Metric=0.1770, Entropy Metric=0.0475]

Epoch 56:  25%|██▌       | 8/32 [00:01<00:05,  4.70it/s][A
Training Epochs:  56%|█████▌    | 56/100 [06:12<05:23,  7.35s/it, -ELBO=0.5885, Potential Metric=0.1683, Entropy Metric=0.0471]

Epoch 56:  28%|██▊       | 9/32 [00:01<00:05,  4.53it/s][A
Training Epochs:  56%|█████▌    | 56/100 [06:12<05:23,  7.35s/it, -ELBO=0.6634, Potential Metric=0.1538, Entropy Metric=0.0469]

Epoch 56:  31%|███▏      | 10/32 [00:02<00:04,  4.60it/s][A
Training Epochs:  56%|█████▌    | 56/100 [06:13<05:23,  7.35s/it, -ELBO=0.5899, Potential Metric=0.1610, Entropy Metric=0.0459]

Epoch 56:  34%|███▍      | 11/32 [00:02<00:04,  4.51it/s][A
Training Epochs:  56%|█████▌    | 56/100 [06:13<05:23,  7.35s/it, -ELBO=0.6214, Potential Metric=0.1608, Entropy Metric=0.0479]

Epoch 56:  38%|███▊      | 12/32 [00:02<00:04,  4.50it/s][A
Training Epochs:  56%|█████▌    | 56/100 [06:13<05:23,  7.35s/it, -ELBO=0.5579, Potential Metric=0.1603, Entropy Metric=0.0482]

Epoch 56:  41%|████      | 13/32 [00:02<00:04,  4.37it/s][A
Training Epochs:  56%|█████▌    | 56/100 [06:13<05:23,  7.35s/it, -ELBO=0.5649, Potential Metric=0.1588, Entropy Metric=0.0495]

Epoch 56:  44%|████▍     | 14/32 [00:03<00:04,  4.39it/s][A
Training Epochs:  56%|█████▌    | 56/100 [06:14<05:23,  7.35s/it, -ELBO=0.6651, Potential Metric=0.1668, Entropy Metric=0.0492]

Epoch 56:  47%|████▋     | 15/32 [00:03<00:04,  3.73it/s][A
Training Epochs:  56%|█████▌    | 56/100 [06:14<05:23,  7.35s/it, -ELBO=0.5989, Potential Metric=0.1556, Entropy Metric=0.0498]

Epoch 56:  50%|█████     | 16/32 [00:03<00:04,  3.72it/s][A
Training Epochs:  56%|█████▌    | 56/100 [06:14<05:23,  7.35s/it, -ELBO=0.6255, Potential Metric=0.1566, Entropy Metric=0.0503]

Epoch 56:  53%|█████▎    | 17/32 [00:03<00:03,  4.02it/s][A
Training Epochs:  56%|█████▌    | 56/100 [06:14<05:23,  7.35s/it, -ELBO=0.6364, Potential Metric=0.1665, Entropy Metric=0.0523]

Epoch 56:  56%|█████▋    | 18/32 [00:04<00:03,  4.03it/s][A
Training Epochs:  56%|█████▌    | 56/100 [06:15<05:23,  7.35s/it, -ELBO=0.6183, Potential Metric=0.1658, Entropy Metric=0.0500]

Epoch 56:  59%|█████▉    | 19/32 [00:04<00:03,  4.24it/s][A
Training Epochs:  56%|█████▌    | 56/100 [06:15<05:23,  7.35s/it, -ELBO=0.6481, Potential Metric=0.1731, Entropy Metric=0.0516]

Epoch 56:  62%|██████▎   | 20/32 [00:04<00:02,  4.34it/s][A
Training Epochs:  56%|█████▌    | 56/100 [06:15<05:23,  7.35s/it, -ELBO=0.6152, Potential Metric=0.1705, Entropy Metric=0.0509]

Epoch 56:  66%|██████▌   | 21/32 [00:04<00:02,  4.37it/s][A
Training Epochs:  56%|█████▌    | 56/100 [06:15<05:23,  7.35s/it, -ELBO=0.6301, Potential Metric=0.1732, Entropy Metric=0.0480]

Epoch 56:  69%|██████▉   | 22/32 [00:05<00:02,  4.37it/s][A
Training Epochs:  56%|█████▌    | 56/100 [06:16<05:23,  7.35s/it, -ELBO=0.6487, Potential Metric=0.1828, Entropy Metric=0.0516]

Epoch 56:  72%|███████▏  | 23/32 [00:05<00:02,  4.30it/s][A
Training Epochs:  56%|█████▌    | 56/100 [06:16<05:23,  7.35s/it, -ELBO=0.6190, Potential Metric=0.1646, Entropy Metric=0.0503]

Epoch 56:  75%|███████▌  | 24/32 [00:05<00:01,  4.29it/s][A
Training Epochs:  56%|█████▌    | 56/100 [06:16<05:23,  7.35s/it, -ELBO=0.6512, Potential Metric=0.1575, Entropy Metric=0.0474]

Epoch 56:  78%|███████▊  | 25/32 [00:05<00:01,  4.30it/s][A
Training Epochs:  56%|█████▌    | 56/100 [06:16<05:23,  7.35s/it, -ELBO=0.5811, Potential Metric=0.1708, Entropy Metric=0.0495]

Epoch 56:  81%|████████▏ | 26/32 [00:06<00:01,  4.29it/s][A
Training Epochs:  56%|█████▌    | 56/100 [06:17<05:23,  7.35s/it, -ELBO=0.6342, Potential Metric=0.1747, Entropy Metric=0.0452]

Epoch 56:  84%|████████▍ | 27/32 [00:06<00:01,  4.22it/s][A
Training Epochs:  56%|█████▌    | 56/100 [06:17<05:23,  7.35s/it, -ELBO=0.6046, Potential Metric=0.1631, Entropy Metric=0.0475]

Epoch 56:  88%|████████▊ | 28/32 [00:06<00:00,  4.40it/s][A
Training Epochs:  56%|█████▌    | 56/100 [06:17<05:23,  7.35s/it, -ELBO=0.6397, Potential Metric=0.1591, Entropy Metric=0.0465]

Epoch 56:  91%|█████████ | 29/32 [00:06<00:00,  4.41it/s][A
Training Epochs:  56%|█████▌    | 56/100 [06:17<05:23,  7.35s/it, -ELBO=0.6108, Potential Metric=0.1669, Entropy Metric=0.0489]

Epoch 56:  94%|█████████▍| 30/32 [00:06<00:00,  4.32it/s][A
Training Epochs:  56%|█████▌    | 56/100 [06:17<05:23,  7.35s/it, -ELBO=0.6184, Potential Metric=0.1816, Entropy Metric=0.0456]

Epoch 56:  97%|█████████▋| 31/32 [00:07<00:00,  4.49it/s][A
Training Epochs:  56%|█████▌    | 56/100 [06:18<05:23,  7.35s/it, -ELBO=0.6099, Potential Metric=0.1715, Entropy Metric=0.0473]

Epoch 56: 100%|██████████| 32/32 [00:07<00:00,  4.43it/s][A

                                                         [A
Training Epochs:  57%|█████▋    | 57/100 [06:18<05:18,  7.42s/it, -ELBO=0.6099, Potential Metric=0.1715, Entropy Metric=0.0473]

Epoch 57:   0%|          | 0/32 [00:00<?, ?it/s][A
Training Epochs:  57%|█████▋    | 57/100 [06:18<05:18,  7.42s/it, -ELBO=0.6116, Potential Metric=0.1688, Entropy Metric=0.0466]

Epoch 57:   3%|▎         | 1/32 [00:00<00:09,  3.22it/s][A
Training Epochs:  57%|█████▋    | 57/100 [06:18<05:18,  7.42s/it, -ELBO=0.6395, Potential Metric=0.1618, Entropy Metric=0.0463]

Epoch 57:   6%|▋         | 2/32 [00:00<00:07,  4.00it/s][A
Training Epochs:  57%|█████▋    | 57/100 [06:19<05:18,  7.42s/it, -ELBO=0.5777, Potential Metric=0.1759, Entropy Metric=0.0505]

Epoch 57:   9%|▉         | 3/32 [00:00<00:06,  4.24it/s][A
Training Epochs:  57%|█████▋    | 57/100 [06:19<05:18,  7.42s/it, -ELBO=0.5455, Potential Metric=0.1620, Entropy Metric=0.0472]

Epoch 57:  12%|█▎        | 4/32 [00:00<00:06,  4.41it/s][A
Training Epochs:  57%|█████▋    | 57/100 [06:19<05:18,  7.42s/it, -ELBO=0.5763, Potential Metric=0.1912, Entropy Metric=0.0497]

Epoch 57:  16%|█▌        | 5/32 [00:01<00:06,  4.46it/s][A
Training Epochs:  57%|█████▋    | 57/100 [06:19<05:18,  7.42s/it, -ELBO=0.5665, Potential Metric=0.1680, Entropy Metric=0.0471]

Epoch 57:  19%|█▉        | 6/32 [00:01<00:05,  4.43it/s][A
Training Epochs:  57%|█████▋    | 57/100 [06:19<05:18,  7.42s/it, -ELBO=0.5970, Potential Metric=0.1762, Entropy Metric=0.0462]

Epoch 57:  22%|██▏       | 7/32 [00:01<00:05,  4.65it/s][A
Training Epochs:  57%|█████▋    | 57/100 [06:20<05:18,  7.42s/it, -ELBO=0.6999, Potential Metric=0.1598, Entropy Metric=0.0418]

Epoch 57:  25%|██▌       | 8/32 [00:01<00:05,  4.67it/s][A
Training Epochs:  57%|█████▋    | 57/100 [06:20<05:18,  7.42s/it, -ELBO=0.6320, Potential Metric=0.1538, Entropy Metric=0.0408]

Epoch 57:  28%|██▊       | 9/32 [00:01<00:04,  4.83it/s][A
Training Epochs:  57%|█████▋    | 57/100 [06:20<05:18,  7.42s/it, -ELBO=0.6365, Potential Metric=0.1777, Entropy Metric=0.0400]

Epoch 57:  31%|███▏      | 10/32 [00:02<00:04,  4.60it/s][A
Training Epochs:  57%|█████▋    | 57/100 [06:20<05:18,  7.42s/it, -ELBO=0.5875, Potential Metric=0.1671, Entropy Metric=0.0460]

Epoch 57:  34%|███▍      | 11/32 [00:02<00:04,  4.67it/s][A
Training Epochs:  57%|█████▋    | 57/100 [06:20<05:18,  7.42s/it, -ELBO=0.6382, Potential Metric=0.1637, Entropy Metric=0.0443]

Epoch 57:  38%|███▊      | 12/32 [00:02<00:04,  4.49it/s][A
Training Epochs:  57%|█████▋    | 57/100 [06:21<05:18,  7.42s/it, -ELBO=0.6143, Potential Metric=0.1551, Entropy Metric=0.0397]

Epoch 57:  41%|████      | 13/32 [00:02<00:04,  4.46it/s][A
Training Epochs:  57%|█████▋    | 57/100 [06:21<05:18,  7.42s/it, -ELBO=0.5989, Potential Metric=0.1681, Entropy Metric=0.0416]

Epoch 57:  44%|████▍     | 14/32 [00:03<00:04,  4.45it/s][A
Training Epochs:  57%|█████▋    | 57/100 [06:21<05:18,  7.42s/it, -ELBO=0.6165, Potential Metric=0.1792, Entropy Metric=0.0429]

Epoch 57:  47%|████▋     | 15/32 [00:03<00:03,  4.58it/s][A
Training Epochs:  57%|█████▋    | 57/100 [06:21<05:18,  7.42s/it, -ELBO=0.6186, Potential Metric=0.1540, Entropy Metric=0.0443]

Epoch 57:  50%|█████     | 16/32 [00:03<00:03,  4.49it/s][A
Training Epochs:  57%|█████▋    | 57/100 [06:22<05:18,  7.42s/it, -ELBO=0.5714, Potential Metric=0.1701, Entropy Metric=0.0486]

Epoch 57:  53%|█████▎    | 17/32 [00:03<00:03,  4.68it/s][A
Training Epochs:  57%|█████▋    | 57/100 [06:22<05:18,  7.42s/it, -ELBO=0.6516, Potential Metric=0.1662, Entropy Metric=0.0476]

Epoch 57:  56%|█████▋    | 18/32 [00:03<00:03,  4.57it/s][A
Training Epochs:  57%|█████▋    | 57/100 [06:22<05:18,  7.42s/it, -ELBO=0.5765, Potential Metric=0.1467, Entropy Metric=0.0486]

Epoch 57:  59%|█████▉    | 19/32 [00:04<00:02,  4.44it/s][A
Training Epochs:  57%|█████▋    | 57/100 [06:22<05:18,  7.42s/it, -ELBO=0.6803, Potential Metric=0.1563, Entropy Metric=0.0457]

Epoch 57:  62%|██████▎   | 20/32 [00:04<00:02,  4.48it/s][A
Training Epochs:  57%|█████▋    | 57/100 [06:22<05:18,  7.42s/it, -ELBO=0.6791, Potential Metric=0.1548, Entropy Metric=0.0493]

Epoch 57:  66%|██████▌   | 21/32 [00:04<00:02,  4.60it/s][A
Training Epochs:  57%|█████▋    | 57/100 [06:23<05:18,  7.42s/it, -ELBO=0.6274, Potential Metric=0.1662, Entropy Metric=0.0469]

Epoch 57:  69%|██████▉   | 22/32 [00:04<00:02,  4.46it/s][A
Training Epochs:  57%|█████▋    | 57/100 [06:23<05:18,  7.42s/it, -ELBO=0.5358, Potential Metric=0.1515, Entropy Metric=0.0548]

Epoch 57:  72%|███████▏  | 23/32 [00:05<00:01,  4.65it/s][A
Training Epochs:  57%|█████▋    | 57/100 [06:23<05:18,  7.42s/it, -ELBO=0.6313, Potential Metric=0.1672, Entropy Metric=0.0510]

Epoch 57:  75%|███████▌  | 24/32 [00:05<00:01,  4.67it/s][A
Training Epochs:  57%|█████▋    | 57/100 [06:23<05:18,  7.42s/it, -ELBO=0.6069, Potential Metric=0.1641, Entropy Metric=0.0504]

Epoch 57:  78%|███████▊  | 25/32 [00:05<00:01,  4.46it/s][A
Training Epochs:  57%|█████▋    | 57/100 [06:24<05:18,  7.42s/it, -ELBO=0.6224, Potential Metric=0.1620, Entropy Metric=0.0505]

Epoch 57:  81%|████████▏ | 26/32 [00:05<00:01,  4.45it/s][A
Training Epochs:  57%|█████▋    | 57/100 [06:24<05:18,  7.42s/it, -ELBO=0.6404, Potential Metric=0.1649, Entropy Metric=0.0488]

Epoch 57:  84%|████████▍ | 27/32 [00:06<00:01,  4.43it/s][A
Training Epochs:  57%|█████▋    | 57/100 [06:24<05:18,  7.42s/it, -ELBO=0.6034, Potential Metric=0.1747, Entropy Metric=0.0525]

Epoch 57:  88%|████████▊ | 28/32 [00:06<00:00,  4.51it/s][A
Training Epochs:  57%|█████▋    | 57/100 [06:24<05:18,  7.42s/it, -ELBO=0.5523, Potential Metric=0.1799, Entropy Metric=0.0515]

Epoch 57:  91%|█████████ | 29/32 [00:06<00:00,  4.44it/s][A
Training Epochs:  57%|█████▋    | 57/100 [06:24<05:18,  7.42s/it, -ELBO=0.5615, Potential Metric=0.1677, Entropy Metric=0.0487]

Epoch 57:  94%|█████████▍| 30/32 [00:06<00:00,  4.49it/s][A
Training Epochs:  57%|█████▋    | 57/100 [06:25<05:18,  7.42s/it, -ELBO=0.6148, Potential Metric=0.1697, Entropy Metric=0.0459]

Epoch 57:  97%|█████████▋| 31/32 [00:06<00:00,  4.42it/s][A
Training Epochs:  57%|█████▋    | 57/100 [06:25<05:18,  7.42s/it, -ELBO=0.6462, Potential Metric=0.1529, Entropy Metric=0.0474]

Epoch 57: 100%|██████████| 32/32 [00:07<00:00,  4.30it/s][A

                                                         [A
Training Epochs:  58%|█████▊    | 58/100 [06:25<05:10,  7.39s/it, -ELBO=0.6462, Potential Metric=0.1529, Entropy Metric=0.0474]

Epoch 58:   0%|          | 0/32 [00:00<?, ?it/s][A
Training Epochs:  58%|█████▊    | 58/100 [06:25<05:10,  7.39s/it, -ELBO=0.6511, Potential Metric=0.1591, Entropy Metric=0.0452]

Epoch 58:   3%|▎         | 1/32 [00:00<00:08,  3.57it/s][A
Training Epochs:  58%|█████▊    | 58/100 [06:26<05:10,  7.39s/it, -ELBO=0.6007, Potential Metric=0.1659, Entropy Metric=0.0493]

Epoch 58:   6%|▋         | 2/32 [00:00<00:06,  4.36it/s][A
Training Epochs:  58%|█████▊    | 58/100 [06:26<05:10,  7.39s/it, -ELBO=0.6555, Potential Metric=0.1595, Entropy Metric=0.0488]

Epoch 58:   9%|▉         | 3/32 [00:00<00:06,  4.59it/s][A
Training Epochs:  58%|█████▊    | 58/100 [06:26<05:10,  7.39s/it, -ELBO=0.6099, Potential Metric=0.1644, Entropy Metric=0.0489]

Epoch 58:  12%|█▎        | 4/32 [00:00<00:06,  4.47it/s][A
Training Epochs:  58%|█████▊    | 58/100 [06:26<05:10,  7.39s/it, -ELBO=0.6015, Potential Metric=0.1666, Entropy Metric=0.0501]

Epoch 58:  16%|█▌        | 5/32 [00:01<00:06,  4.36it/s][A
Training Epochs:  58%|█████▊    | 58/100 [06:27<05:10,  7.39s/it, -ELBO=0.5379, Potential Metric=0.1667, Entropy Metric=0.0486]

Epoch 58:  19%|█▉        | 6/32 [00:01<00:05,  4.51it/s][A
Training Epochs:  58%|█████▊    | 58/100 [06:27<05:10,  7.39s/it, -ELBO=0.6447, Potential Metric=0.1676, Entropy Metric=0.0463]

Epoch 58:  22%|██▏       | 7/32 [00:01<00:05,  4.68it/s][A
Training Epochs:  58%|█████▊    | 58/100 [06:27<05:10,  7.39s/it, -ELBO=0.5988, Potential Metric=0.1543, Entropy Metric=0.0470]

Epoch 58:  25%|██▌       | 8/32 [00:01<00:05,  4.59it/s][A
Training Epochs:  58%|█████▊    | 58/100 [06:27<05:10,  7.39s/it, -ELBO=0.5881, Potential Metric=0.1651, Entropy Metric=0.0450]

Epoch 58:  28%|██▊       | 9/32 [00:01<00:04,  4.79it/s][A
Training Epochs:  58%|█████▊    | 58/100 [06:27<05:10,  7.39s/it, -ELBO=0.5939, Potential Metric=0.1708, Entropy Metric=0.0430]

Epoch 58:  31%|███▏      | 10/32 [00:02<00:04,  4.85it/s][A
Training Epochs:  58%|█████▊    | 58/100 [06:28<05:10,  7.39s/it, -ELBO=0.6918, Potential Metric=0.1600, Entropy Metric=0.0444]

Epoch 58:  34%|███▍      | 11/32 [00:02<00:04,  4.77it/s][A
Training Epochs:  58%|█████▊    | 58/100 [06:28<05:10,  7.39s/it, -ELBO=0.6007, Potential Metric=0.1643, Entropy Metric=0.0464]

Epoch 58:  38%|███▊      | 12/32 [00:02<00:04,  4.66it/s][A
Training Epochs:  58%|█████▊    | 58/100 [06:28<05:10,  7.39s/it, -ELBO=0.6140, Potential Metric=0.1659, Entropy Metric=0.0476]

Epoch 58:  41%|████      | 13/32 [00:02<00:04,  4.57it/s][A
Training Epochs:  58%|█████▊    | 58/100 [06:28<05:10,  7.39s/it, -ELBO=0.5713, Potential Metric=0.1726, Entropy Metric=0.0476]

Epoch 58:  44%|████▍     | 14/32 [00:03<00:04,  4.39it/s][A
Training Epochs:  58%|█████▊    | 58/100 [06:28<05:10,  7.39s/it, -ELBO=0.5831, Potential Metric=0.1655, Entropy Metric=0.0491]

Epoch 58:  47%|████▋     | 15/32 [00:03<00:03,  4.36it/s][A
Training Epochs:  58%|█████▊    | 58/100 [06:29<05:10,  7.39s/it, -ELBO=0.6113, Potential Metric=0.1784, Entropy Metric=0.0478]

Epoch 58:  50%|█████     | 16/32 [00:03<00:03,  4.47it/s][A
Training Epochs:  58%|█████▊    | 58/100 [06:29<05:10,  7.39s/it, -ELBO=0.5803, Potential Metric=0.1680, Entropy Metric=0.0469]

Epoch 58:  53%|█████▎    | 17/32 [00:03<00:03,  4.56it/s][A
Training Epochs:  58%|█████▊    | 58/100 [06:29<05:10,  7.39s/it, -ELBO=0.5927, Potential Metric=0.1665, Entropy Metric=0.0503]

Epoch 58:  56%|█████▋    | 18/32 [00:03<00:02,  4.72it/s][A
Training Epochs:  58%|█████▊    | 58/100 [06:29<05:10,  7.39s/it, -ELBO=0.5741, Potential Metric=0.1791, Entropy Metric=0.0461]

Epoch 58:  59%|█████▉    | 19/32 [00:04<00:02,  4.74it/s][A
Training Epochs:  58%|█████▊    | 58/100 [06:30<05:10,  7.39s/it, -ELBO=0.6100, Potential Metric=0.1802, Entropy Metric=0.0458]

Epoch 58:  62%|██████▎   | 20/32 [00:04<00:02,  4.74it/s][A
Training Epochs:  58%|█████▊    | 58/100 [06:30<05:10,  7.39s/it, -ELBO=0.6437, Potential Metric=0.1702, Entropy Metric=0.0469]

Epoch 58:  66%|██████▌   | 21/32 [00:04<00:02,  4.84it/s][A
Training Epochs:  58%|█████▊    | 58/100 [06:30<05:10,  7.39s/it, -ELBO=0.6087, Potential Metric=0.1611, Entropy Metric=0.0482]

Epoch 58:  69%|██████▉   | 22/32 [00:04<00:02,  4.82it/s][A
Training Epochs:  58%|█████▊    | 58/100 [06:30<05:10,  7.39s/it, -ELBO=0.5878, Potential Metric=0.1633, Entropy Metric=0.0472]

Epoch 58:  72%|███████▏  | 23/32 [00:04<00:01,  4.84it/s][A
Training Epochs:  58%|█████▊    | 58/100 [06:30<05:10,  7.39s/it, -ELBO=0.5622, Potential Metric=0.1650, Entropy Metric=0.0477]

Epoch 58:  75%|███████▌  | 24/32 [00:05<00:01,  4.71it/s][A
Training Epochs:  58%|█████▊    | 58/100 [06:31<05:10,  7.39s/it, -ELBO=0.5793, Potential Metric=0.1699, Entropy Metric=0.0468]

Epoch 58:  78%|███████▊  | 25/32 [00:05<00:01,  4.61it/s][A
Training Epochs:  58%|█████▊    | 58/100 [06:31<05:10,  7.39s/it, -ELBO=0.5688, Potential Metric=0.1763, Entropy Metric=0.0488]

Epoch 58:  81%|████████▏ | 26/32 [00:05<00:01,  4.64it/s][A
Training Epochs:  58%|█████▊    | 58/100 [06:31<05:10,  7.39s/it, -ELBO=0.5532, Potential Metric=0.1614, Entropy Metric=0.0469]

Epoch 58:  84%|████████▍ | 27/32 [00:05<00:01,  4.53it/s][A
Training Epochs:  58%|█████▊    | 58/100 [06:31<05:10,  7.39s/it, -ELBO=0.5506, Potential Metric=0.1721, Entropy Metric=0.0467]

Epoch 58:  88%|████████▊ | 28/32 [00:06<00:00,  4.69it/s][A
Training Epochs:  58%|█████▊    | 58/100 [06:31<05:10,  7.39s/it, -ELBO=0.6475, Potential Metric=0.1705, Entropy Metric=0.0446]

Epoch 58:  91%|█████████ | 29/32 [00:06<00:00,  4.47it/s][A
Training Epochs:  58%|█████▊    | 58/100 [06:32<05:10,  7.39s/it, -ELBO=0.5530, Potential Metric=0.1677, Entropy Metric=0.0483]

Epoch 58:  94%|█████████▍| 30/32 [00:06<00:00,  4.66it/s][A
Training Epochs:  58%|█████▊    | 58/100 [06:32<05:10,  7.39s/it, -ELBO=0.6102, Potential Metric=0.1556, Entropy Metric=0.0443]

Epoch 58:  97%|█████████▋| 31/32 [00:06<00:00,  4.59it/s][A
Training Epochs:  58%|█████▊    | 58/100 [06:32<05:10,  7.39s/it, -ELBO=0.6012, Potential Metric=0.1706, Entropy Metric=0.0490]

Epoch 58: 100%|██████████| 32/32 [00:06<00:00,  4.71it/s][A

                                                         [A
Training Epochs:  59%|█████▉    | 59/100 [06:32<04:59,  7.31s/it, -ELBO=0.6012, Potential Metric=0.1706, Entropy Metric=0.0490]

Epoch 59:   0%|          | 0/32 [00:00<?, ?it/s][A
Training Epochs:  59%|█████▉    | 59/100 [06:33<04:59,  7.31s/it, -ELBO=0.6019, Potential Metric=0.1782, Entropy Metric=0.0458]

Epoch 59:   3%|▎         | 1/32 [00:00<00:08,  3.68it/s][A
Training Epochs:  59%|█████▉    | 59/100 [06:33<04:59,  7.31s/it, -ELBO=0.5687, Potential Metric=0.1773, Entropy Metric=0.0504]

Epoch 59:   6%|▋         | 2/32 [00:00<00:07,  4.28it/s][A
Training Epochs:  59%|█████▉    | 59/100 [06:33<04:59,  7.31s/it, -ELBO=0.5874, Potential Metric=0.1760, Entropy Metric=0.0511]

Epoch 59:   9%|▉         | 3/32 [00:00<00:06,  4.56it/s][A
Training Epochs:  59%|█████▉    | 59/100 [06:33<04:59,  7.31s/it, -ELBO=0.6360, Potential Metric=0.1582, Entropy Metric=0.0484]

Epoch 59:  12%|█▎        | 4/32 [00:00<00:06,  4.58it/s][A
Training Epochs:  59%|█████▉    | 59/100 [06:33<04:59,  7.31s/it, -ELBO=0.5635, Potential Metric=0.1748, Entropy Metric=0.0499]

Epoch 59:  16%|█▌        | 5/32 [00:01<00:05,  4.59it/s][A
Training Epochs:  59%|█████▉    | 59/100 [06:34<04:59,  7.31s/it, -ELBO=0.5720, Potential Metric=0.1567, Entropy Metric=0.0519]

Epoch 59:  19%|█▉        | 6/32 [00:01<00:05,  4.64it/s][A
Training Epochs:  59%|█████▉    | 59/100 [06:34<04:59,  7.31s/it, -ELBO=0.5873, Potential Metric=0.1476, Entropy Metric=0.0456]

Epoch 59:  22%|██▏       | 7/32 [00:01<00:05,  4.69it/s][A
Training Epochs:  59%|█████▉    | 59/100 [06:34<04:59,  7.31s/it, -ELBO=0.5806, Potential Metric=0.1671, Entropy Metric=0.0457]

Epoch 59:  25%|██▌       | 8/32 [00:01<00:05,  4.73it/s][A
Training Epochs:  59%|█████▉    | 59/100 [06:34<04:59,  7.31s/it, -ELBO=0.5979, Potential Metric=0.1632, Entropy Metric=0.0466]

Epoch 59:  28%|██▊       | 9/32 [00:01<00:05,  4.50it/s][A
Training Epochs:  59%|█████▉    | 59/100 [06:34<04:59,  7.31s/it, -ELBO=0.6298, Potential Metric=0.1650, Entropy Metric=0.0425]

Epoch 59:  31%|███▏      | 10/32 [00:02<00:04,  4.53it/s][A
Training Epochs:  59%|█████▉    | 59/100 [06:35<04:59,  7.31s/it, -ELBO=0.5873, Potential Metric=0.1741, Entropy Metric=0.0417]

Epoch 59:  34%|███▍      | 11/32 [00:02<00:04,  4.37it/s][A
Training Epochs:  59%|█████▉    | 59/100 [06:35<04:59,  7.31s/it, -ELBO=0.5867, Potential Metric=0.1719, Entropy Metric=0.0437]

Epoch 59:  38%|███▊      | 12/32 [00:02<00:04,  4.45it/s][A
Training Epochs:  59%|█████▉    | 59/100 [06:35<04:59,  7.31s/it, -ELBO=0.6309, Potential Metric=0.1742, Entropy Metric=0.0458]

Epoch 59:  41%|████      | 13/32 [00:02<00:04,  4.28it/s][A
Training Epochs:  59%|█████▉    | 59/100 [06:35<04:59,  7.31s/it, -ELBO=0.5715, Potential Metric=0.1650, Entropy Metric=0.0445]

Epoch 59:  44%|████▍     | 14/32 [00:03<00:03,  4.54it/s][A
Training Epochs:  59%|█████▉    | 59/100 [06:36<04:59,  7.31s/it, -ELBO=0.6281, Potential Metric=0.1684, Entropy Metric=0.0451]

Epoch 59:  47%|████▋     | 15/32 [00:03<00:03,  4.49it/s][A
Training Epochs:  59%|█████▉    | 59/100 [06:36<04:59,  7.31s/it, -ELBO=0.5981, Potential Metric=0.1707, Entropy Metric=0.0469]

Epoch 59:  50%|█████     | 16/32 [00:03<00:03,  4.50it/s][A
Training Epochs:  59%|█████▉    | 59/100 [06:36<04:59,  7.31s/it, -ELBO=0.6132, Potential Metric=0.1645, Entropy Metric=0.0509]

Epoch 59:  53%|█████▎    | 17/32 [00:03<00:03,  4.56it/s][A
Training Epochs:  59%|█████▉    | 59/100 [06:36<04:59,  7.31s/it, -ELBO=0.5706, Potential Metric=0.1806, Entropy Metric=0.0503]

Epoch 59:  56%|█████▋    | 18/32 [00:03<00:02,  4.72it/s][A
Training Epochs:  59%|█████▉    | 59/100 [06:36<04:59,  7.31s/it, -ELBO=0.5833, Potential Metric=0.1757, Entropy Metric=0.0532]

Epoch 59:  59%|█████▉    | 19/32 [00:04<00:02,  4.63it/s][A
Training Epochs:  59%|█████▉    | 59/100 [06:37<04:59,  7.31s/it, -ELBO=0.6181, Potential Metric=0.1711, Entropy Metric=0.0515]

Epoch 59:  62%|██████▎   | 20/32 [00:04<00:02,  4.65it/s][A
Training Epochs:  59%|█████▉    | 59/100 [06:37<04:59,  7.31s/it, -ELBO=0.6196, Potential Metric=0.1780, Entropy Metric=0.0477]

Epoch 59:  66%|██████▌   | 21/32 [00:04<00:02,  4.69it/s][A
Training Epochs:  59%|█████▉    | 59/100 [06:37<04:59,  7.31s/it, -ELBO=0.6134, Potential Metric=0.1774, Entropy Metric=0.0494]

Epoch 59:  69%|██████▉   | 22/32 [00:04<00:02,  4.72it/s][A
Training Epochs:  59%|█████▉    | 59/100 [06:37<04:59,  7.31s/it, -ELBO=0.5608, Potential Metric=0.1717, Entropy Metric=0.0483]

Epoch 59:  72%|███████▏  | 23/32 [00:05<00:02,  4.49it/s][A
Training Epochs:  59%|█████▉    | 59/100 [06:38<04:59,  7.31s/it, -ELBO=0.5719, Potential Metric=0.1729, Entropy Metric=0.0466]

Epoch 59:  75%|███████▌  | 24/32 [00:05<00:01,  4.79it/s][A
Training Epochs:  59%|█████▉    | 59/100 [06:38<04:59,  7.31s/it, -ELBO=0.5750, Potential Metric=0.1612, Entropy Metric=0.0490]

Epoch 59:  78%|███████▊  | 25/32 [00:05<00:01,  4.80it/s][A
Training Epochs:  59%|█████▉    | 59/100 [06:38<04:59,  7.31s/it, -ELBO=0.5804, Potential Metric=0.1699, Entropy Metric=0.0465]

Epoch 59:  81%|████████▏ | 26/32 [00:05<00:01,  4.70it/s][A
Training Epochs:  59%|█████▉    | 59/100 [06:38<04:59,  7.31s/it, -ELBO=0.6165, Potential Metric=0.1795, Entropy Metric=0.0470]

Epoch 59:  84%|████████▍ | 27/32 [00:05<00:01,  4.64it/s][A
Training Epochs:  59%|█████▉    | 59/100 [06:38<04:59,  7.31s/it, -ELBO=0.5592, Potential Metric=0.1718, Entropy Metric=0.0495]

Epoch 59:  88%|████████▊ | 28/32 [00:06<00:00,  4.60it/s][A
Training Epochs:  59%|█████▉    | 59/100 [06:39<04:59,  7.31s/it, -ELBO=0.5712, Potential Metric=0.1529, Entropy Metric=0.0495]

Epoch 59:  91%|█████████ | 29/32 [00:06<00:00,  4.50it/s][A
Training Epochs:  59%|█████▉    | 59/100 [06:39<04:59,  7.31s/it, -ELBO=0.5858, Potential Metric=0.1672, Entropy Metric=0.0461]

Epoch 59:  94%|█████████▍| 30/32 [00:06<00:00,  4.44it/s][A
Training Epochs:  59%|█████▉    | 59/100 [06:39<04:59,  7.31s/it, -ELBO=0.5794, Potential Metric=0.1589, Entropy Metric=0.0472]

Epoch 59:  97%|█████████▋| 31/32 [00:06<00:00,  4.59it/s][A
Training Epochs:  59%|█████▉    | 59/100 [06:39<04:59,  7.31s/it, -ELBO=0.5961, Potential Metric=0.1713, Entropy Metric=0.0497]

Epoch 59: 100%|██████████| 32/32 [00:07<00:00,  4.53it/s][A

                                                         [A
Training Epochs:  60%|██████    | 60/100 [06:39<04:51,  7.28s/it, -ELBO=0.5961, Potential Metric=0.1713, Entropy Metric=0.0497]

Epoch 60:   0%|          | 0/32 [00:00<?, ?it/s][A
Training Epochs:  60%|██████    | 60/100 [06:40<04:51,  7.28s/it, -ELBO=0.6228, Potential Metric=0.1778, Entropy Metric=0.0467]

Epoch 60:   3%|▎         | 1/32 [00:00<00:08,  3.60it/s][A
Training Epochs:  60%|██████    | 60/100 [06:40<04:51,  7.28s/it, -ELBO=0.5828, Potential Metric=0.1637, Entropy Metric=0.0486]

Epoch 60:   6%|▋         | 2/32 [00:00<00:07,  4.16it/s][A
Training Epochs:  60%|██████    | 60/100 [06:40<04:51,  7.28s/it, -ELBO=0.5818, Potential Metric=0.1644, Entropy Metric=0.0488]

Epoch 60:   9%|▉         | 3/32 [00:00<00:06,  4.22it/s][A
Training Epochs:  60%|██████    | 60/100 [06:40<04:51,  7.28s/it, -ELBO=0.6071, Potential Metric=0.1765, Entropy Metric=0.0461]

Epoch 60:  12%|█▎        | 4/32 [00:00<00:06,  4.52it/s][A
Training Epochs:  60%|██████    | 60/100 [06:41<04:51,  7.28s/it, -ELBO=0.5968, Potential Metric=0.1664, Entropy Metric=0.0496]

Epoch 60:  16%|█▌        | 5/32 [00:01<00:06,  4.30it/s][A
Training Epochs:  60%|██████    | 60/100 [06:41<04:51,  7.28s/it, -ELBO=0.5902, Potential Metric=0.1769, Entropy Metric=0.0521]

Epoch 60:  19%|█▉        | 6/32 [00:01<00:06,  4.28it/s][A
Training Epochs:  60%|██████    | 60/100 [06:41<04:51,  7.28s/it, -ELBO=0.6392, Potential Metric=0.1833, Entropy Metric=0.0455]

Epoch 60:  22%|██▏       | 7/32 [00:01<00:05,  4.20it/s][A
Training Epochs:  60%|██████    | 60/100 [06:41<04:51,  7.28s/it, -ELBO=0.5550, Potential Metric=0.1791, Entropy Metric=0.0515]

Epoch 60:  25%|██▌       | 8/32 [00:01<00:05,  4.19it/s][A
Training Epochs:  60%|██████    | 60/100 [06:42<04:51,  7.28s/it, -ELBO=0.5463, Potential Metric=0.1771, Entropy Metric=0.0496]

Epoch 60:  28%|██▊       | 9/32 [00:02<00:05,  4.13it/s][A
Training Epochs:  60%|██████    | 60/100 [06:42<04:51,  7.28s/it, -ELBO=0.5510, Potential Metric=0.1763, Entropy Metric=0.0473]

Epoch 60:  31%|███▏      | 10/32 [00:02<00:06,  3.57it/s][A
Training Epochs:  60%|██████    | 60/100 [06:42<04:51,  7.28s/it, -ELBO=0.5878, Potential Metric=0.1923, Entropy Metric=0.0467]

Epoch 60:  34%|███▍      | 11/32 [00:02<00:05,  3.81it/s][A
Training Epochs:  60%|██████    | 60/100 [06:42<04:51,  7.28s/it, -ELBO=0.5617, Potential Metric=0.1829, Entropy Metric=0.0480]

Epoch 60:  38%|███▊      | 12/32 [00:02<00:05,  3.89it/s][A
Training Epochs:  60%|██████    | 60/100 [06:43<04:51,  7.28s/it, -ELBO=0.5968, Potential Metric=0.1790, Entropy Metric=0.0512]

Epoch 60:  41%|████      | 13/32 [00:03<00:04,  4.15it/s][A
Training Epochs:  60%|██████    | 60/100 [06:43<04:51,  7.28s/it, -ELBO=0.5408, Potential Metric=0.1659, Entropy Metric=0.0490]

Epoch 60:  44%|████▍     | 14/32 [00:03<00:04,  4.22it/s][A
Training Epochs:  60%|██████    | 60/100 [06:43<04:51,  7.28s/it, -ELBO=0.5649, Potential Metric=0.1761, Entropy Metric=0.0532]

Epoch 60:  47%|████▋     | 15/32 [00:03<00:04,  4.22it/s][A
Training Epochs:  60%|██████    | 60/100 [06:43<04:51,  7.28s/it, -ELBO=0.6081, Potential Metric=0.1695, Entropy Metric=0.0519]

Epoch 60:  50%|█████     | 16/32 [00:03<00:03,  4.23it/s][A
Training Epochs:  60%|██████    | 60/100 [06:43<04:51,  7.28s/it, -ELBO=0.5391, Potential Metric=0.1760, Entropy Metric=0.0506]

Epoch 60:  53%|█████▎    | 17/32 [00:04<00:03,  4.38it/s][A
Training Epochs:  60%|██████    | 60/100 [06:44<04:51,  7.28s/it, -ELBO=0.5798, Potential Metric=0.1947, Entropy Metric=0.0477]

Epoch 60:  56%|█████▋    | 18/32 [00:04<00:03,  4.46it/s][A
Training Epochs:  60%|██████    | 60/100 [06:44<04:51,  7.28s/it, -ELBO=0.5673, Potential Metric=0.1808, Entropy Metric=0.0476]

Epoch 60:  59%|█████▉    | 19/32 [00:04<00:02,  4.50it/s][A
Training Epochs:  60%|██████    | 60/100 [06:44<04:51,  7.28s/it, -ELBO=0.5598, Potential Metric=0.1767, Entropy Metric=0.0488]

Epoch 60:  62%|██████▎   | 20/32 [00:04<00:02,  4.52it/s][A
Training Epochs:  60%|██████    | 60/100 [06:44<04:51,  7.28s/it, -ELBO=0.6081, Potential Metric=0.1781, Entropy Metric=0.0466]

Epoch 60:  66%|██████▌   | 21/32 [00:04<00:02,  4.55it/s][A
Training Epochs:  60%|██████    | 60/100 [06:45<04:51,  7.28s/it, -ELBO=0.6107, Potential Metric=0.1634, Entropy Metric=0.0458]

Epoch 60:  69%|██████▉   | 22/32 [00:05<00:02,  4.66it/s][A
Training Epochs:  60%|██████    | 60/100 [06:45<04:51,  7.28s/it, -ELBO=0.5600, Potential Metric=0.1768, Entropy Metric=0.0476]

Epoch 60:  72%|███████▏  | 23/32 [00:05<00:01,  4.70it/s][A
Training Epochs:  60%|██████    | 60/100 [06:45<04:51,  7.28s/it, -ELBO=0.6783, Potential Metric=0.1587, Entropy Metric=0.0434]

Epoch 60:  75%|███████▌  | 24/32 [00:05<00:01,  4.67it/s][A
Training Epochs:  60%|██████    | 60/100 [06:45<04:51,  7.28s/it, -ELBO=0.5786, Potential Metric=0.1681, Entropy Metric=0.0477]

Epoch 60:  78%|███████▊  | 25/32 [00:05<00:01,  4.62it/s][A
Training Epochs:  60%|██████    | 60/100 [06:45<04:51,  7.28s/it, -ELBO=0.5459, Potential Metric=0.1877, Entropy Metric=0.0501]

Epoch 60:  81%|████████▏ | 26/32 [00:06<00:01,  4.50it/s][A
Training Epochs:  60%|██████    | 60/100 [06:46<04:51,  7.28s/it, -ELBO=0.5663, Potential Metric=0.1758, Entropy Metric=0.0501]

Epoch 60:  84%|████████▍ | 27/32 [00:06<00:01,  4.43it/s][A
Training Epochs:  60%|██████    | 60/100 [06:46<04:51,  7.28s/it, -ELBO=0.5580, Potential Metric=0.1845, Entropy Metric=0.0498]

Epoch 60:  88%|████████▊ | 28/32 [00:06<00:00,  4.49it/s][A
Training Epochs:  60%|██████    | 60/100 [06:46<04:51,  7.28s/it, -ELBO=0.5830, Potential Metric=0.1714, Entropy Metric=0.0472]

Epoch 60:  91%|█████████ | 29/32 [00:06<00:00,  4.45it/s][A
Training Epochs:  60%|██████    | 60/100 [06:46<04:51,  7.28s/it, -ELBO=0.5903, Potential Metric=0.1613, Entropy Metric=0.0506]

Epoch 60:  94%|█████████▍| 30/32 [00:06<00:00,  4.45it/s][A
Training Epochs:  60%|██████    | 60/100 [06:47<04:51,  7.28s/it, -ELBO=0.5747, Potential Metric=0.1680, Entropy Metric=0.0511]

Epoch 60:  97%|█████████▋| 31/32 [00:07<00:00,  4.55it/s][A
Training Epochs:  60%|██████    | 60/100 [06:47<04:51,  7.28s/it, -ELBO=0.5859, Potential Metric=0.1636, Entropy Metric=0.0474]

Epoch 60: 100%|██████████| 32/32 [00:07<00:00,  4.71it/s][A

                                                         [A
Training Epochs:  61%|██████    | 61/100 [06:47<04:45,  7.33s/it, -ELBO=0.5859, Potential Metric=0.1636, Entropy Metric=0.0474]

Epoch 61:   0%|          | 0/32 [00:00<?, ?it/s][A
Training Epochs:  61%|██████    | 61/100 [06:47<04:45,  7.33s/it, -ELBO=0.5902, Potential Metric=0.1843, Entropy Metric=0.0502]

Epoch 61:   3%|▎         | 1/32 [00:00<00:07,  3.91it/s][A
Training Epochs:  61%|██████    | 61/100 [06:47<04:45,  7.33s/it, -ELBO=0.6021, Potential Metric=0.1748, Entropy Metric=0.0506]

Epoch 61:   6%|▋         | 2/32 [00:00<00:07,  4.18it/s][A
Training Epochs:  61%|██████    | 61/100 [06:48<04:45,  7.33s/it, -ELBO=0.5775, Potential Metric=0.1627, Entropy Metric=0.0505]

Epoch 61:   9%|▉         | 3/32 [00:00<00:06,  4.27it/s][A
Training Epochs:  61%|██████    | 61/100 [06:48<04:45,  7.33s/it, -ELBO=0.6080, Potential Metric=0.1699, Entropy Metric=0.0491]

Epoch 61:  12%|█▎        | 4/32 [00:00<00:06,  4.36it/s][A
Training Epochs:  61%|██████    | 61/100 [06:48<04:45,  7.33s/it, -ELBO=0.5588, Potential Metric=0.1764, Entropy Metric=0.0526]

Epoch 61:  16%|█▌        | 5/32 [00:01<00:06,  4.38it/s][A
Training Epochs:  61%|██████    | 61/100 [06:48<04:45,  7.33s/it, -ELBO=0.5658, Potential Metric=0.1756, Entropy Metric=0.0521]

Epoch 61:  19%|█▉        | 6/32 [00:01<00:05,  4.54it/s][A
Training Epochs:  61%|██████    | 61/100 [06:48<04:45,  7.33s/it, -ELBO=0.5735, Potential Metric=0.1680, Entropy Metric=0.0499]

Epoch 61:  22%|██▏       | 7/32 [00:01<00:05,  4.64it/s][A
Training Epochs:  61%|██████    | 61/100 [06:49<04:45,  7.33s/it, -ELBO=0.5999, Potential Metric=0.1761, Entropy Metric=0.0467]

Epoch 61:  25%|██▌       | 8/32 [00:01<00:05,  4.42it/s][A
Training Epochs:  61%|██████    | 61/100 [06:49<04:45,  7.33s/it, -ELBO=0.5720, Potential Metric=0.1715, Entropy Metric=0.0465]

Epoch 61:  28%|██▊       | 9/32 [00:02<00:05,  4.44it/s][A
Training Epochs:  61%|██████    | 61/100 [06:49<04:45,  7.33s/it, -ELBO=0.5904, Potential Metric=0.1784, Entropy Metric=0.0482]

Epoch 61:  31%|███▏      | 10/32 [00:02<00:04,  4.47it/s][A
Training Epochs:  61%|██████    | 61/100 [06:49<04:45,  7.33s/it, -ELBO=0.5570, Potential Metric=0.1808, Entropy Metric=0.0497]

Epoch 61:  34%|███▍      | 11/32 [00:02<00:04,  4.46it/s][A
Training Epochs:  61%|██████    | 61/100 [06:50<04:45,  7.33s/it, -ELBO=0.5680, Potential Metric=0.1805, Entropy Metric=0.0491]

Epoch 61:  38%|███▊      | 12/32 [00:02<00:04,  4.63it/s][A
Training Epochs:  61%|██████    | 61/100 [06:50<04:45,  7.33s/it, -ELBO=0.6578, Potential Metric=0.1807, Entropy Metric=0.0452]

Epoch 61:  41%|████      | 13/32 [00:02<00:04,  4.50it/s][A
Training Epochs:  61%|██████    | 61/100 [06:50<04:45,  7.33s/it, -ELBO=0.5985, Potential Metric=0.1668, Entropy Metric=0.0438]

Epoch 61:  44%|████▍     | 14/32 [00:03<00:03,  4.52it/s][A
Training Epochs:  61%|██████    | 61/100 [06:50<04:45,  7.33s/it, -ELBO=0.6079, Potential Metric=0.1755, Entropy Metric=0.0435]

Epoch 61:  47%|████▋     | 15/32 [00:03<00:03,  4.49it/s][A
Training Epochs:  61%|██████    | 61/100 [06:50<04:45,  7.33s/it, -ELBO=0.6053, Potential Metric=0.1774, Entropy Metric=0.0459]

Epoch 61:  50%|█████     | 16/32 [00:03<00:03,  4.65it/s][A
Training Epochs:  61%|██████    | 61/100 [06:51<04:45,  7.33s/it, -ELBO=0.5969, Potential Metric=0.1904, Entropy Metric=0.0478]

Epoch 61:  53%|█████▎    | 17/32 [00:03<00:03,  4.67it/s][A
Training Epochs:  61%|██████    | 61/100 [06:51<04:45,  7.33s/it, -ELBO=0.5654, Potential Metric=0.1826, Entropy Metric=0.0503]

Epoch 61:  56%|█████▋    | 18/32 [00:04<00:03,  4.60it/s][A
Training Epochs:  61%|██████    | 61/100 [06:51<04:45,  7.33s/it, -ELBO=0.5940, Potential Metric=0.1918, Entropy Metric=0.0476]

Epoch 61:  59%|█████▉    | 19/32 [00:04<00:02,  4.40it/s][A
Training Epochs:  61%|██████    | 61/100 [06:51<04:45,  7.33s/it, -ELBO=0.5706, Potential Metric=0.1661, Entropy Metric=0.0512]

Epoch 61:  62%|██████▎   | 20/32 [00:04<00:02,  4.52it/s][A
Training Epochs:  61%|██████    | 61/100 [06:51<04:45,  7.33s/it, -ELBO=0.5360, Potential Metric=0.1715, Entropy Metric=0.0490]

Epoch 61:  66%|██████▌   | 21/32 [00:04<00:02,  4.61it/s][A
Training Epochs:  61%|██████    | 61/100 [06:52<04:45,  7.33s/it, -ELBO=0.5784, Potential Metric=0.1684, Entropy Metric=0.0502]

Epoch 61:  69%|██████▉   | 22/32 [00:04<00:02,  4.52it/s][A
Training Epochs:  61%|██████    | 61/100 [06:52<04:45,  7.33s/it, -ELBO=0.5369, Potential Metric=0.1612, Entropy Metric=0.0480]

Epoch 61:  72%|███████▏  | 23/32 [00:05<00:01,  4.63it/s][A
Training Epochs:  61%|██████    | 61/100 [06:52<04:45,  7.33s/it, -ELBO=0.5985, Potential Metric=0.1572, Entropy Metric=0.0461]

Epoch 61:  75%|███████▌  | 24/32 [00:05<00:01,  4.49it/s][A
Training Epochs:  61%|██████    | 61/100 [06:52<04:45,  7.33s/it, -ELBO=0.5505, Potential Metric=0.1665, Entropy Metric=0.0466]

Epoch 61:  78%|███████▊  | 25/32 [00:05<00:01,  4.40it/s][A
Training Epochs:  61%|██████    | 61/100 [06:53<04:45,  7.33s/it, -ELBO=0.5462, Potential Metric=0.1614, Entropy Metric=0.0453]

Epoch 61:  81%|████████▏ | 26/32 [00:05<00:01,  4.49it/s][A
Training Epochs:  61%|██████    | 61/100 [06:53<04:45,  7.33s/it, -ELBO=0.5388, Potential Metric=0.1770, Entropy Metric=0.0477]

Epoch 61:  84%|████████▍ | 27/32 [00:06<00:01,  4.47it/s][A
Training Epochs:  61%|██████    | 61/100 [06:53<04:45,  7.33s/it, -ELBO=0.5470, Potential Metric=0.1645, Entropy Metric=0.0480]

Epoch 61:  88%|████████▊ | 28/32 [00:06<00:00,  4.59it/s][A
Training Epochs:  61%|██████    | 61/100 [06:53<04:45,  7.33s/it, -ELBO=0.5204, Potential Metric=0.1647, Entropy Metric=0.0497]

Epoch 61:  91%|█████████ | 29/32 [00:06<00:00,  4.50it/s][A
Training Epochs:  61%|██████    | 61/100 [06:54<04:45,  7.33s/it, -ELBO=0.5279, Potential Metric=0.1772, Entropy Metric=0.0505]

Epoch 61:  94%|█████████▍| 30/32 [00:06<00:00,  4.35it/s][A
Training Epochs:  61%|██████    | 61/100 [06:54<04:45,  7.33s/it, -ELBO=0.5623, Potential Metric=0.1640, Entropy Metric=0.0494]

Epoch 61:  97%|█████████▋| 31/32 [00:06<00:00,  4.24it/s][A
Training Epochs:  61%|██████    | 61/100 [06:54<04:45,  7.33s/it, -ELBO=0.5786, Potential Metric=0.1672, Entropy Metric=0.0477]

Epoch 61: 100%|██████████| 32/32 [00:07<00:00,  4.35it/s][A

                                                         [A
Training Epochs:  62%|██████▏   | 62/100 [06:54<04:37,  7.31s/it, -ELBO=0.5786, Potential Metric=0.1672, Entropy Metric=0.0477]

Epoch 62:   0%|          | 0/32 [00:00<?, ?it/s][A
Training Epochs:  62%|██████▏   | 62/100 [06:54<04:37,  7.31s/it, -ELBO=0.5775, Potential Metric=0.1827, Entropy Metric=0.0492]

Epoch 62:   3%|▎         | 1/32 [00:00<00:09,  3.33it/s][A
Training Epochs:  62%|██████▏   | 62/100 [06:55<04:37,  7.31s/it, -ELBO=0.5506, Potential Metric=0.1745, Entropy Metric=0.0490]

Epoch 62:   6%|▋         | 2/32 [00:00<00:07,  3.88it/s][A
Training Epochs:  62%|██████▏   | 62/100 [06:55<04:37,  7.31s/it, -ELBO=0.5456, Potential Metric=0.1676, Entropy Metric=0.0453]

Epoch 62:   9%|▉         | 3/32 [00:00<00:07,  4.07it/s][A
Training Epochs:  62%|██████▏   | 62/100 [06:55<04:37,  7.31s/it, -ELBO=0.6334, Potential Metric=0.1632, Entropy Metric=0.0458]

Epoch 62:  12%|█▎        | 4/32 [00:00<00:06,  4.19it/s][A
Training Epochs:  62%|██████▏   | 62/100 [06:55<04:37,  7.31s/it, -ELBO=0.6261, Potential Metric=0.1732, Entropy Metric=0.0480]

Epoch 62:  16%|█▌        | 5/32 [00:01<00:06,  4.40it/s][A
Training Epochs:  62%|██████▏   | 62/100 [06:56<04:37,  7.31s/it, -ELBO=0.5777, Potential Metric=0.1553, Entropy Metric=0.0518]

Epoch 62:  19%|█▉        | 6/32 [00:01<00:05,  4.61it/s][A
Training Epochs:  62%|██████▏   | 62/100 [06:56<04:37,  7.31s/it, -ELBO=0.5286, Potential Metric=0.1863, Entropy Metric=0.0533]

Epoch 62:  22%|██▏       | 7/32 [00:01<00:05,  4.46it/s][A
Training Epochs:  62%|██████▏   | 62/100 [06:56<04:37,  7.31s/it, -ELBO=0.5437, Potential Metric=0.1766, Entropy Metric=0.0527]

Epoch 62:  25%|██▌       | 8/32 [00:01<00:05,  4.53it/s][A
Training Epochs:  62%|██████▏   | 62/100 [06:56<04:37,  7.31s/it, -ELBO=0.5132, Potential Metric=0.1529, Entropy Metric=0.0468]

Epoch 62:  28%|██▊       | 9/32 [00:02<00:04,  4.65it/s][A
Training Epochs:  62%|██████▏   | 62/100 [06:56<04:37,  7.31s/it, -ELBO=0.5391, Potential Metric=0.1688, Entropy Metric=0.0476]

Epoch 62:  31%|███▏      | 10/32 [00:02<00:04,  4.70it/s][A
Training Epochs:  62%|██████▏   | 62/100 [06:57<04:37,  7.31s/it, -ELBO=0.5535, Potential Metric=0.1576, Entropy Metric=0.0470]

Epoch 62:  34%|███▍      | 11/32 [00:02<00:04,  4.79it/s][A
Training Epochs:  62%|██████▏   | 62/100 [06:57<04:37,  7.31s/it, -ELBO=0.5778, Potential Metric=0.1764, Entropy Metric=0.0472]

Epoch 62:  38%|███▊      | 12/32 [00:02<00:04,  4.62it/s][A
Training Epochs:  62%|██████▏   | 62/100 [06:57<04:37,  7.31s/it, -ELBO=0.5372, Potential Metric=0.1662, Entropy Metric=0.0465]

Epoch 62:  41%|████      | 13/32 [00:02<00:04,  4.55it/s][A
Training Epochs:  62%|██████▏   | 62/100 [06:57<04:37,  7.31s/it, -ELBO=0.5808, Potential Metric=0.1726, Entropy Metric=0.0490]

Epoch 62:  44%|████▍     | 14/32 [00:03<00:03,  4.62it/s][A
Training Epochs:  62%|██████▏   | 62/100 [06:58<04:37,  7.31s/it, -ELBO=0.5559, Potential Metric=0.1593, Entropy Metric=0.0455]

Epoch 62:  47%|████▋     | 15/32 [00:03<00:03,  4.70it/s][A
Training Epochs:  62%|██████▏   | 62/100 [06:58<04:37,  7.31s/it, -ELBO=0.5442, Potential Metric=0.1872, Entropy Metric=0.0525]

Epoch 62:  50%|█████     | 16/32 [00:03<00:03,  4.77it/s][A
Training Epochs:  62%|██████▏   | 62/100 [06:58<04:37,  7.31s/it, -ELBO=0.6191, Potential Metric=0.1817, Entropy Metric=0.0458]

Epoch 62:  53%|█████▎    | 17/32 [00:03<00:03,  4.65it/s][A
Training Epochs:  62%|██████▏   | 62/100 [06:58<04:37,  7.31s/it, -ELBO=0.5441, Potential Metric=0.1763, Entropy Metric=0.0501]

Epoch 62:  56%|█████▋    | 18/32 [00:03<00:03,  4.52it/s][A
Training Epochs:  62%|██████▏   | 62/100 [06:58<04:37,  7.31s/it, -ELBO=0.5822, Potential Metric=0.1624, Entropy Metric=0.0468]

Epoch 62:  59%|█████▉    | 19/32 [00:04<00:02,  4.55it/s][A
Training Epochs:  62%|██████▏   | 62/100 [06:59<04:37,  7.31s/it, -ELBO=0.5486, Potential Metric=0.1769, Entropy Metric=0.0473]

Epoch 62:  62%|██████▎   | 20/32 [00:04<00:02,  4.51it/s][A
Training Epochs:  62%|██████▏   | 62/100 [06:59<04:37,  7.31s/it, -ELBO=0.5466, Potential Metric=0.1653, Entropy Metric=0.0461]

Epoch 62:  66%|██████▌   | 21/32 [00:04<00:02,  4.39it/s][A
Training Epochs:  62%|██████▏   | 62/100 [06:59<04:37,  7.31s/it, -ELBO=0.6025, Potential Metric=0.1973, Entropy Metric=0.0460]

Epoch 62:  69%|██████▉   | 22/32 [00:04<00:02,  4.50it/s][A
Training Epochs:  62%|██████▏   | 62/100 [06:59<04:37,  7.31s/it, -ELBO=0.5607, Potential Metric=0.1845, Entropy Metric=0.0468]

Epoch 62:  72%|███████▏  | 23/32 [00:05<00:02,  4.32it/s][A
Training Epochs:  62%|██████▏   | 62/100 [07:00<04:37,  7.31s/it, -ELBO=0.6327, Potential Metric=0.1716, Entropy Metric=0.0459]

Epoch 62:  75%|███████▌  | 24/32 [00:05<00:01,  4.49it/s][A
Training Epochs:  62%|██████▏   | 62/100 [07:00<04:37,  7.31s/it, -ELBO=0.5782, Potential Metric=0.1767, Entropy Metric=0.0457]

Epoch 62:  78%|███████▊  | 25/32 [00:05<00:01,  4.43it/s][A
Training Epochs:  62%|██████▏   | 62/100 [07:00<04:37,  7.31s/it, -ELBO=0.5554, Potential Metric=0.1847, Entropy Metric=0.0501]

Epoch 62:  81%|████████▏ | 26/32 [00:05<00:01,  4.34it/s][A
Training Epochs:  62%|██████▏   | 62/100 [07:00<04:37,  7.31s/it, -ELBO=0.5778, Potential Metric=0.1799, Entropy Metric=0.0463]

Epoch 62:  84%|████████▍ | 27/32 [00:06<00:01,  4.30it/s][A
Training Epochs:  62%|██████▏   | 62/100 [07:00<04:37,  7.31s/it, -ELBO=0.5911, Potential Metric=0.1967, Entropy Metric=0.0501]

Epoch 62:  88%|████████▊ | 28/32 [00:06<00:00,  4.40it/s][A
Training Epochs:  62%|██████▏   | 62/100 [07:01<04:37,  7.31s/it, -ELBO=0.5582, Potential Metric=0.1816, Entropy Metric=0.0504]

Epoch 62:  91%|█████████ | 29/32 [00:06<00:00,  4.43it/s][A
Training Epochs:  62%|██████▏   | 62/100 [07:01<04:37,  7.31s/it, -ELBO=0.5577, Potential Metric=0.1739, Entropy Metric=0.0459]

Epoch 62:  94%|█████████▍| 30/32 [00:06<00:00,  4.50it/s][A
Training Epochs:  62%|██████▏   | 62/100 [07:01<04:37,  7.31s/it, -ELBO=0.5991, Potential Metric=0.1719, Entropy Metric=0.0488]

Epoch 62:  97%|█████████▋| 31/32 [00:06<00:00,  4.62it/s][A
Training Epochs:  62%|██████▏   | 62/100 [07:01<04:37,  7.31s/it, -ELBO=0.5422, Potential Metric=0.1645, Entropy Metric=0.0485]

Epoch 62: 100%|██████████| 32/32 [00:07<00:00,  4.50it/s][A

                                                         [A
Training Epochs:  63%|██████▎   | 63/100 [07:01<04:30,  7.32s/it, -ELBO=0.5422, Potential Metric=0.1645, Entropy Metric=0.0485]

Epoch 63:   0%|          | 0/32 [00:00<?, ?it/s][A
Training Epochs:  63%|██████▎   | 63/100 [07:02<04:30,  7.32s/it, -ELBO=0.6065, Potential Metric=0.1755, Entropy Metric=0.0438]

Epoch 63:   3%|▎         | 1/32 [00:00<00:08,  3.69it/s][A
Training Epochs:  63%|██████▎   | 63/100 [07:02<04:30,  7.32s/it, -ELBO=0.5379, Potential Metric=0.1670, Entropy Metric=0.0454]

Epoch 63:   6%|▋         | 2/32 [00:00<00:07,  4.01it/s][A
Training Epochs:  63%|██████▎   | 63/100 [07:02<04:30,  7.32s/it, -ELBO=0.5445, Potential Metric=0.1799, Entropy Metric=0.0472]

Epoch 63:   9%|▉         | 3/32 [00:00<00:06,  4.37it/s][A
Training Epochs:  63%|██████▎   | 63/100 [07:02<04:30,  7.32s/it, -ELBO=0.5873, Potential Metric=0.1745, Entropy Metric=0.0452]

Epoch 63:  12%|█▎        | 4/32 [00:00<00:06,  4.38it/s][A
Training Epochs:  63%|██████▎   | 63/100 [07:03<04:30,  7.32s/it, -ELBO=0.5576, Potential Metric=0.1829, Entropy Metric=0.0487]

Epoch 63:  16%|█▌        | 5/32 [00:01<00:06,  4.41it/s][A
Training Epochs:  63%|██████▎   | 63/100 [07:03<04:30,  7.32s/it, -ELBO=0.5442, Potential Metric=0.1711, Entropy Metric=0.0469]

Epoch 63:  19%|█▉        | 6/32 [00:01<00:05,  4.49it/s][A
Training Epochs:  63%|██████▎   | 63/100 [07:03<04:30,  7.32s/it, -ELBO=0.5301, Potential Metric=0.1756, Entropy Metric=0.0480]

Epoch 63:  22%|██▏       | 7/32 [00:01<00:05,  4.58it/s][A
Training Epochs:  63%|██████▎   | 63/100 [07:03<04:30,  7.32s/it, -ELBO=0.5770, Potential Metric=0.1696, Entropy Metric=0.0471]

Epoch 63:  25%|██▌       | 8/32 [00:01<00:05,  4.70it/s][A
Training Epochs:  63%|██████▎   | 63/100 [07:03<04:30,  7.32s/it, -ELBO=0.5650, Potential Metric=0.1704, Entropy Metric=0.0462]

Epoch 63:  28%|██▊       | 9/32 [00:01<00:04,  4.75it/s][A
Training Epochs:  63%|██████▎   | 63/100 [07:04<04:30,  7.32s/it, -ELBO=0.5822, Potential Metric=0.1678, Entropy Metric=0.0451]

Epoch 63:  31%|███▏      | 10/32 [00:02<00:04,  4.72it/s][A
Training Epochs:  63%|██████▎   | 63/100 [07:04<04:30,  7.32s/it, -ELBO=0.5773, Potential Metric=0.1669, Entropy Metric=0.0459]

Epoch 63:  34%|███▍      | 11/32 [00:02<00:04,  4.49it/s][A
Training Epochs:  63%|██████▎   | 63/100 [07:04<04:30,  7.32s/it, -ELBO=0.5691, Potential Metric=0.1786, Entropy Metric=0.0472]

Epoch 63:  38%|███▊      | 12/32 [00:02<00:04,  4.40it/s][A
Training Epochs:  63%|██████▎   | 63/100 [07:04<04:30,  7.32s/it, -ELBO=0.5766, Potential Metric=0.1702, Entropy Metric=0.0464]

Epoch 63:  41%|████      | 13/32 [00:02<00:04,  4.48it/s][A
Training Epochs:  63%|██████▎   | 63/100 [07:05<04:30,  7.32s/it, -ELBO=0.5555, Potential Metric=0.1683, Entropy Metric=0.0459]

Epoch 63:  44%|████▍     | 14/32 [00:03<00:04,  4.44it/s][A
Training Epochs:  63%|██████▎   | 63/100 [07:05<04:30,  7.32s/it, -ELBO=0.5383, Potential Metric=0.1847, Entropy Metric=0.0470]

Epoch 63:  47%|████▋     | 15/32 [00:03<00:03,  4.57it/s][A
Training Epochs:  63%|██████▎   | 63/100 [07:05<04:30,  7.32s/it, -ELBO=0.5996, Potential Metric=0.1820, Entropy Metric=0.0455]

Epoch 63:  50%|█████     | 16/32 [00:03<00:03,  4.48it/s][A
Training Epochs:  63%|██████▎   | 63/100 [07:05<04:30,  7.32s/it, -ELBO=0.5549, Potential Metric=0.1813, Entropy Metric=0.0470]

Epoch 63:  53%|█████▎    | 17/32 [00:03<00:03,  4.56it/s][A
Training Epochs:  63%|██████▎   | 63/100 [07:06<04:30,  7.32s/it, -ELBO=0.5917, Potential Metric=0.1945, Entropy Metric=0.0449]

Epoch 63:  56%|█████▋    | 18/32 [00:04<00:03,  4.46it/s][A
Training Epochs:  63%|██████▎   | 63/100 [07:06<04:30,  7.32s/it, -ELBO=0.5413, Potential Metric=0.1788, Entropy Metric=0.0487]

Epoch 63:  59%|█████▉    | 19/32 [00:04<00:03,  4.32it/s][A
Training Epochs:  63%|██████▎   | 63/100 [07:06<04:30,  7.32s/it, -ELBO=0.5573, Potential Metric=0.1800, Entropy Metric=0.0486]

Epoch 63:  62%|██████▎   | 20/32 [00:04<00:02,  4.44it/s][A
Training Epochs:  63%|██████▎   | 63/100 [07:06<04:30,  7.32s/it, -ELBO=0.5686, Potential Metric=0.1799, Entropy Metric=0.0446]

Epoch 63:  66%|██████▌   | 21/32 [00:04<00:02,  4.56it/s][A
Training Epochs:  63%|██████▎   | 63/100 [07:06<04:30,  7.32s/it, -ELBO=0.5814, Potential Metric=0.1743, Entropy Metric=0.0484]

Epoch 63:  69%|██████▉   | 22/32 [00:04<00:02,  4.57it/s][A
Training Epochs:  63%|██████▎   | 63/100 [07:07<04:30,  7.32s/it, -ELBO=0.5517, Potential Metric=0.1672, Entropy Metric=0.0473]

Epoch 63:  72%|███████▏  | 23/32 [00:05<00:01,  4.69it/s][A
Training Epochs:  63%|██████▎   | 63/100 [07:07<04:30,  7.32s/it, -ELBO=0.5182, Potential Metric=0.1661, Entropy Metric=0.0474]

Epoch 63:  75%|███████▌  | 24/32 [00:05<00:01,  4.59it/s][A
Training Epochs:  63%|██████▎   | 63/100 [07:07<04:30,  7.32s/it, -ELBO=0.5268, Potential Metric=0.1804, Entropy Metric=0.0525]

Epoch 63:  78%|███████▊  | 25/32 [00:05<00:01,  4.54it/s][A
Training Epochs:  63%|██████▎   | 63/100 [07:07<04:30,  7.32s/it, -ELBO=0.5598, Potential Metric=0.1887, Entropy Metric=0.0495]

Epoch 63:  81%|████████▏ | 26/32 [00:05<00:01,  4.57it/s][A
Training Epochs:  63%|██████▎   | 63/100 [07:07<04:30,  7.32s/it, -ELBO=0.5950, Potential Metric=0.1864, Entropy Metric=0.0501]

Epoch 63:  84%|████████▍ | 27/32 [00:06<00:01,  4.47it/s][A
Training Epochs:  63%|██████▎   | 63/100 [07:08<04:30,  7.32s/it, -ELBO=0.5725, Potential Metric=0.1858, Entropy Metric=0.0510]

Epoch 63:  88%|████████▊ | 28/32 [00:06<00:00,  4.49it/s][A
Training Epochs:  63%|██████▎   | 63/100 [07:08<04:30,  7.32s/it, -ELBO=0.4923, Potential Metric=0.1870, Entropy Metric=0.0532]

Epoch 63:  91%|█████████ | 29/32 [00:06<00:00,  4.49it/s][A
Training Epochs:  63%|██████▎   | 63/100 [07:08<04:30,  7.32s/it, -ELBO=0.5706, Potential Metric=0.1989, Entropy Metric=0.0517]

Epoch 63:  94%|█████████▍| 30/32 [00:06<00:00,  4.32it/s][A
Training Epochs:  63%|██████▎   | 63/100 [07:08<04:30,  7.32s/it, -ELBO=0.5257, Potential Metric=0.1953, Entropy Metric=0.0523]

Epoch 63:  97%|█████████▋| 31/32 [00:06<00:00,  4.42it/s][A
Training Epochs:  63%|██████▎   | 63/100 [07:09<04:30,  7.32s/it, -ELBO=0.5614, Potential Metric=0.1732, Entropy Metric=0.0500]

Epoch 63: 100%|██████████| 32/32 [00:07<00:00,  4.39it/s][A

                                                         [A
Training Epochs:  64%|██████▍   | 64/100 [07:09<04:23,  7.31s/it, -ELBO=0.5614, Potential Metric=0.1732, Entropy Metric=0.0500]

Epoch 64:   0%|          | 0/32 [00:00<?, ?it/s][A
Training Epochs:  64%|██████▍   | 64/100 [07:09<04:23,  7.31s/it, -ELBO=0.5592, Potential Metric=0.1819, Entropy Metric=0.0467]

Epoch 64:   3%|▎         | 1/32 [00:00<00:08,  3.50it/s][A
Training Epochs:  64%|██████▍   | 64/100 [07:09<04:23,  7.31s/it, -ELBO=0.5246, Potential Metric=0.1669, Entropy Metric=0.0519]

Epoch 64:   6%|▋         | 2/32 [00:00<00:07,  4.01it/s][A
Training Epochs:  64%|██████▍   | 64/100 [07:09<04:23,  7.31s/it, -ELBO=0.6077, Potential Metric=0.1651, Entropy Metric=0.0471]

Epoch 64:   9%|▉         | 3/32 [00:00<00:06,  4.26it/s][A
Training Epochs:  64%|██████▍   | 64/100 [07:10<04:23,  7.31s/it, -ELBO=0.5513, Potential Metric=0.1870, Entropy Metric=0.0472]

Epoch 64:  12%|█▎        | 4/32 [00:00<00:06,  4.32it/s][A
Training Epochs:  64%|██████▍   | 64/100 [07:10<04:23,  7.31s/it, -ELBO=0.5476, Potential Metric=0.1820, Entropy Metric=0.0476]

Epoch 64:  16%|█▌        | 5/32 [00:01<00:06,  4.35it/s][A
Training Epochs:  64%|██████▍   | 64/100 [07:10<04:23,  7.31s/it, -ELBO=0.5764, Potential Metric=0.1685, Entropy Metric=0.0472]

Epoch 64:  19%|█▉        | 6/32 [00:01<00:06,  4.21it/s][A
Training Epochs:  64%|██████▍   | 64/100 [07:11<04:23,  7.31s/it, -ELBO=0.5879, Potential Metric=0.1706, Entropy Metric=0.0527]

Epoch 64:  22%|██▏       | 7/32 [00:01<00:07,  3.35it/s][A
Training Epochs:  64%|██████▍   | 64/100 [07:11<04:23,  7.31s/it, -ELBO=0.5531, Potential Metric=0.1639, Entropy Metric=0.0514]

Epoch 64:  25%|██▌       | 8/32 [00:02<00:06,  3.72it/s][A
Training Epochs:  64%|██████▍   | 64/100 [07:11<04:23,  7.31s/it, -ELBO=0.5535, Potential Metric=0.1782, Entropy Metric=0.0514]

Epoch 64:  28%|██▊       | 9/32 [00:02<00:05,  4.09it/s][A
Training Epochs:  64%|██████▍   | 64/100 [07:11<04:23,  7.31s/it, -ELBO=0.5752, Potential Metric=0.1660, Entropy Metric=0.0462]

Epoch 64:  31%|███▏      | 10/32 [00:02<00:05,  4.20it/s][A
Training Epochs:  64%|██████▍   | 64/100 [07:11<04:23,  7.31s/it, -ELBO=0.5647, Potential Metric=0.1759, Entropy Metric=0.0506]

Epoch 64:  34%|███▍      | 11/32 [00:02<00:04,  4.43it/s][A
Training Epochs:  64%|██████▍   | 64/100 [07:12<04:23,  7.31s/it, -ELBO=0.5305, Potential Metric=0.1596, Entropy Metric=0.0490]

Epoch 64:  38%|███▊      | 12/32 [00:02<00:04,  4.47it/s][A
Training Epochs:  64%|██████▍   | 64/100 [07:12<04:23,  7.31s/it, -ELBO=0.5283, Potential Metric=0.1746, Entropy Metric=0.0494]

Epoch 64:  41%|████      | 13/32 [00:03<00:04,  4.45it/s][A
Training Epochs:  64%|██████▍   | 64/100 [07:12<04:23,  7.31s/it, -ELBO=0.5732, Potential Metric=0.2038, Entropy Metric=0.0513]

Epoch 64:  44%|████▍     | 14/32 [00:03<00:04,  4.49it/s][A
Training Epochs:  64%|██████▍   | 64/100 [07:12<04:23,  7.31s/it, -ELBO=0.5144, Potential Metric=0.1753, Entropy Metric=0.0497]

Epoch 64:  47%|████▋     | 15/32 [00:03<00:03,  4.53it/s][A
Training Epochs:  64%|██████▍   | 64/100 [07:13<04:23,  7.31s/it, -ELBO=0.4984, Potential Metric=0.1800, Entropy Metric=0.0484]

Epoch 64:  50%|█████     | 16/32 [00:03<00:03,  4.59it/s][A
Training Epochs:  64%|██████▍   | 64/100 [07:13<04:23,  7.31s/it, -ELBO=0.5648, Potential Metric=0.1969, Entropy Metric=0.0517]

Epoch 64:  53%|█████▎    | 17/32 [00:04<00:03,  4.48it/s][A
Training Epochs:  64%|██████▍   | 64/100 [07:13<04:23,  7.31s/it, -ELBO=0.5190, Potential Metric=0.1627, Entropy Metric=0.0468]

Epoch 64:  56%|█████▋    | 18/32 [00:04<00:03,  4.29it/s][A
Training Epochs:  64%|██████▍   | 64/100 [07:13<04:23,  7.31s/it, -ELBO=0.6087, Potential Metric=0.1693, Entropy Metric=0.0449]

Epoch 64:  59%|█████▉    | 19/32 [00:04<00:03,  4.33it/s][A
Training Epochs:  64%|██████▍   | 64/100 [07:13<04:23,  7.31s/it, -ELBO=0.5359, Potential Metric=0.1853, Entropy Metric=0.0489]

Epoch 64:  62%|██████▎   | 20/32 [00:04<00:02,  4.32it/s][A
Training Epochs:  64%|██████▍   | 64/100 [07:14<04:23,  7.31s/it, -ELBO=0.5392, Potential Metric=0.1641, Entropy Metric=0.0434]

Epoch 64:  66%|██████▌   | 21/32 [00:04<00:02,  4.40it/s][A
Training Epochs:  64%|██████▍   | 64/100 [07:14<04:23,  7.31s/it, -ELBO=0.5233, Potential Metric=0.1889, Entropy Metric=0.0465]

Epoch 64:  69%|██████▉   | 22/32 [00:05<00:02,  4.38it/s][A
Training Epochs:  64%|██████▍   | 64/100 [07:14<04:23,  7.31s/it, -ELBO=0.5411, Potential Metric=0.1839, Entropy Metric=0.0443]

Epoch 64:  72%|███████▏  | 23/32 [00:05<00:02,  4.39it/s][A
Training Epochs:  64%|██████▍   | 64/100 [07:14<04:23,  7.31s/it, -ELBO=0.5706, Potential Metric=0.2032, Entropy Metric=0.0460]

Epoch 64:  75%|███████▌  | 24/32 [00:05<00:01,  4.37it/s][A
Training Epochs:  64%|██████▍   | 64/100 [07:15<04:23,  7.31s/it, -ELBO=0.5621, Potential Metric=0.1786, Entropy Metric=0.0509]

Epoch 64:  78%|███████▊  | 25/32 [00:05<00:01,  4.41it/s][A
Training Epochs:  64%|██████▍   | 64/100 [07:15<04:23,  7.31s/it, -ELBO=0.5745, Potential Metric=0.1963, Entropy Metric=0.0544]

Epoch 64:  81%|████████▏ | 26/32 [00:06<00:01,  4.34it/s][A
Training Epochs:  64%|██████▍   | 64/100 [07:15<04:23,  7.31s/it, -ELBO=0.5812, Potential Metric=0.1932, Entropy Metric=0.0576]

Epoch 64:  84%|████████▍ | 27/32 [00:06<00:01,  4.22it/s][A
Training Epochs:  64%|██████▍   | 64/100 [07:15<04:23,  7.31s/it, -ELBO=0.5763, Potential Metric=0.1855, Entropy Metric=0.0527]

Epoch 64:  88%|████████▊ | 28/32 [00:06<00:00,  4.13it/s][A
Training Epochs:  64%|██████▍   | 64/100 [07:16<04:23,  7.31s/it, -ELBO=0.5173, Potential Metric=0.1729, Entropy Metric=0.0523]

Epoch 64:  91%|█████████ | 29/32 [00:06<00:00,  4.31it/s][A
Training Epochs:  64%|██████▍   | 64/100 [07:16<04:23,  7.31s/it, -ELBO=0.5455, Potential Metric=0.1855, Entropy Metric=0.0521]

Epoch 64:  94%|█████████▍| 30/32 [00:07<00:00,  4.35it/s][A
Training Epochs:  64%|██████▍   | 64/100 [07:16<04:23,  7.31s/it, -ELBO=0.5377, Potential Metric=0.1837, Entropy Metric=0.0483]

Epoch 64:  97%|█████████▋| 31/32 [00:07<00:00,  4.31it/s][A
Training Epochs:  64%|██████▍   | 64/100 [07:16<04:23,  7.31s/it, -ELBO=0.5363, Potential Metric=0.1834, Entropy Metric=0.0495]

Epoch 64: 100%|██████████| 32/32 [00:07<00:00,  4.27it/s][A

                                                         [A
Training Epochs:  65%|██████▌   | 65/100 [07:16<04:19,  7.41s/it, -ELBO=0.5363, Potential Metric=0.1834, Entropy Metric=0.0495]

Epoch 65:   0%|          | 0/32 [00:00<?, ?it/s][A
Training Epochs:  65%|██████▌   | 65/100 [07:17<04:19,  7.41s/it, -ELBO=0.5765, Potential Metric=0.1760, Entropy Metric=0.0486]

Epoch 65:   3%|▎         | 1/32 [00:00<00:08,  3.46it/s][A
Training Epochs:  65%|██████▌   | 65/100 [07:17<04:19,  7.41s/it, -ELBO=0.5306, Potential Metric=0.1772, Entropy Metric=0.0485]

Epoch 65:   6%|▋         | 2/32 [00:00<00:07,  4.12it/s][A
Training Epochs:  65%|██████▌   | 65/100 [07:17<04:19,  7.41s/it, -ELBO=0.5308, Potential Metric=0.1785, Entropy Metric=0.0478]

Epoch 65:   9%|▉         | 3/32 [00:00<00:06,  4.52it/s][A
Training Epochs:  65%|██████▌   | 65/100 [07:17<04:19,  7.41s/it, -ELBO=0.5544, Potential Metric=0.1808, Entropy Metric=0.0474]

Epoch 65:  12%|█▎        | 4/32 [00:00<00:06,  4.42it/s][A
Training Epochs:  65%|██████▌   | 65/100 [07:18<04:19,  7.41s/it, -ELBO=0.5207, Potential Metric=0.1733, Entropy Metric=0.0486]

Epoch 65:  16%|█▌        | 5/32 [00:01<00:05,  4.60it/s][A
Training Epochs:  65%|██████▌   | 65/100 [07:18<04:19,  7.41s/it, -ELBO=0.5193, Potential Metric=0.1928, Entropy Metric=0.0487]

Epoch 65:  19%|█▉        | 6/32 [00:01<00:05,  4.57it/s][A
Training Epochs:  65%|██████▌   | 65/100 [07:18<04:19,  7.41s/it, -ELBO=0.5844, Potential Metric=0.1683, Entropy Metric=0.0489]

Epoch 65:  22%|██▏       | 7/32 [00:01<00:05,  4.58it/s][A
Training Epochs:  65%|██████▌   | 65/100 [07:18<04:19,  7.41s/it, -ELBO=0.5240, Potential Metric=0.1679, Entropy Metric=0.0480]

Epoch 65:  25%|██▌       | 8/32 [00:01<00:05,  4.58it/s][A
Training Epochs:  65%|██████▌   | 65/100 [07:18<04:19,  7.41s/it, -ELBO=0.5036, Potential Metric=0.1759, Entropy Metric=0.0516]

Epoch 65:  28%|██▊       | 9/32 [00:02<00:05,  4.54it/s][A
Training Epochs:  65%|██████▌   | 65/100 [07:19<04:19,  7.41s/it, -ELBO=0.5794, Potential Metric=0.1924, Entropy Metric=0.0472]

Epoch 65:  31%|███▏      | 10/32 [00:02<00:04,  4.66it/s][A
Training Epochs:  65%|██████▌   | 65/100 [07:19<04:19,  7.41s/it, -ELBO=0.5227, Potential Metric=0.1708, Entropy Metric=0.0492]

Epoch 65:  34%|███▍      | 11/32 [00:02<00:04,  4.66it/s][A
Training Epochs:  65%|██████▌   | 65/100 [07:19<04:19,  7.41s/it, -ELBO=0.5431, Potential Metric=0.1813, Entropy Metric=0.0487]

Epoch 65:  38%|███▊      | 12/32 [00:02<00:04,  4.66it/s][A
Training Epochs:  65%|██████▌   | 65/100 [07:19<04:19,  7.41s/it, -ELBO=0.5429, Potential Metric=0.1726, Entropy Metric=0.0507]

Epoch 65:  41%|████      | 13/32 [00:02<00:04,  4.62it/s][A
Training Epochs:  65%|██████▌   | 65/100 [07:20<04:19,  7.41s/it, -ELBO=0.4973, Potential Metric=0.1739, Entropy Metric=0.0490]

Epoch 65:  44%|████▍     | 14/32 [00:03<00:03,  4.56it/s][A
Training Epochs:  65%|██████▌   | 65/100 [07:20<04:19,  7.41s/it, -ELBO=0.5217, Potential Metric=0.1643, Entropy Metric=0.0532]

Epoch 65:  47%|████▋     | 15/32 [00:03<00:03,  4.61it/s][A
Training Epochs:  65%|██████▌   | 65/100 [07:20<04:19,  7.41s/it, -ELBO=0.5311, Potential Metric=0.1856, Entropy Metric=0.0516]

Epoch 65:  50%|█████     | 16/32 [00:03<00:03,  4.61it/s][A
Training Epochs:  65%|██████▌   | 65/100 [07:20<04:19,  7.41s/it, -ELBO=0.5114, Potential Metric=0.1831, Entropy Metric=0.0507]

Epoch 65:  53%|█████▎    | 17/32 [00:03<00:03,  4.72it/s][A
Training Epochs:  65%|██████▌   | 65/100 [07:20<04:19,  7.41s/it, -ELBO=0.5453, Potential Metric=0.1716, Entropy Metric=0.0533]

Epoch 65:  56%|█████▋    | 18/32 [00:03<00:03,  4.66it/s][A
Training Epochs:  65%|██████▌   | 65/100 [07:21<04:19,  7.41s/it, -ELBO=0.5379, Potential Metric=0.1937, Entropy Metric=0.0517]

Epoch 65:  59%|█████▉    | 19/32 [00:04<00:02,  4.44it/s][A
Training Epochs:  65%|██████▌   | 65/100 [07:21<04:19,  7.41s/it, -ELBO=0.5226, Potential Metric=0.1863, Entropy Metric=0.0544]

Epoch 65:  62%|██████▎   | 20/32 [00:04<00:02,  4.55it/s][A
Training Epochs:  65%|██████▌   | 65/100 [07:21<04:19,  7.41s/it, -ELBO=0.5828, Potential Metric=0.1825, Entropy Metric=0.0549]

Epoch 65:  66%|██████▌   | 21/32 [00:04<00:02,  4.50it/s][A
Training Epochs:  65%|██████▌   | 65/100 [07:21<04:19,  7.41s/it, -ELBO=0.5261, Potential Metric=0.1831, Entropy Metric=0.0572]

Epoch 65:  69%|██████▉   | 22/32 [00:04<00:02,  4.57it/s][A
Training Epochs:  65%|██████▌   | 65/100 [07:22<04:19,  7.41s/it, -ELBO=0.5614, Potential Metric=0.1876, Entropy Metric=0.0594]

Epoch 65:  72%|███████▏  | 23/32 [00:05<00:02,  4.27it/s][A
Training Epochs:  65%|██████▌   | 65/100 [07:22<04:19,  7.41s/it, -ELBO=0.5856, Potential Metric=0.1733, Entropy Metric=0.0514]

Epoch 65:  75%|███████▌  | 24/32 [00:05<00:01,  4.29it/s][A
Training Epochs:  65%|██████▌   | 65/100 [07:22<04:19,  7.41s/it, -ELBO=0.5022, Potential Metric=0.1760, Entropy Metric=0.0537]

Epoch 65:  78%|███████▊  | 25/32 [00:05<00:01,  4.46it/s][A
Training Epochs:  65%|██████▌   | 65/100 [07:22<04:19,  7.41s/it, -ELBO=0.5244, Potential Metric=0.1844, Entropy Metric=0.0501]

Epoch 65:  81%|████████▏ | 26/32 [00:05<00:01,  4.48it/s][A
Training Epochs:  65%|██████▌   | 65/100 [07:22<04:19,  7.41s/it, -ELBO=0.5594, Potential Metric=0.1760, Entropy Metric=0.0501]

Epoch 65:  84%|████████▍ | 27/32 [00:05<00:01,  4.54it/s][A
Training Epochs:  65%|██████▌   | 65/100 [07:23<04:19,  7.41s/it, -ELBO=0.6038, Potential Metric=0.1868, Entropy Metric=0.0498]

Epoch 65:  88%|████████▊ | 28/32 [00:06<00:00,  4.47it/s][A
Training Epochs:  65%|██████▌   | 65/100 [07:23<04:19,  7.41s/it, -ELBO=0.5712, Potential Metric=0.1709, Entropy Metric=0.0486]

Epoch 65:  91%|█████████ | 29/32 [00:06<00:00,  4.35it/s][A
Training Epochs:  65%|██████▌   | 65/100 [07:23<04:19,  7.41s/it, -ELBO=0.5839, Potential Metric=0.1750, Entropy Metric=0.0480]

Epoch 65:  94%|█████████▍| 30/32 [00:06<00:00,  4.33it/s][A
Training Epochs:  65%|██████▌   | 65/100 [07:23<04:19,  7.41s/it, -ELBO=0.6448, Potential Metric=0.1935, Entropy Metric=0.0493]

Epoch 65:  97%|█████████▋| 31/32 [00:06<00:00,  4.20it/s][A
Training Epochs:  65%|██████▌   | 65/100 [07:24<04:19,  7.41s/it, -ELBO=0.5645, Potential Metric=0.1835, Entropy Metric=0.0528]

Epoch 65: 100%|██████████| 32/32 [00:07<00:00,  4.40it/s][A

                                                         [A
Training Epochs:  66%|██████▌   | 66/100 [07:24<04:11,  7.38s/it, -ELBO=0.5645, Potential Metric=0.1835, Entropy Metric=0.0528]

Epoch 66:   0%|          | 0/32 [00:00<?, ?it/s][A
Training Epochs:  66%|██████▌   | 66/100 [07:24<04:11,  7.38s/it, -ELBO=0.5557, Potential Metric=0.1845, Entropy Metric=0.0537]

Epoch 66:   3%|▎         | 1/32 [00:00<00:08,  3.70it/s][A
Training Epochs:  66%|██████▌   | 66/100 [07:24<04:11,  7.38s/it, -ELBO=0.5444, Potential Metric=0.1838, Entropy Metric=0.0512]

Epoch 66:   6%|▋         | 2/32 [00:00<00:07,  4.02it/s][A
Training Epochs:  66%|██████▌   | 66/100 [07:25<04:11,  7.38s/it, -ELBO=0.5470, Potential Metric=0.1829, Entropy Metric=0.0551]

Epoch 66:   9%|▉         | 3/32 [00:00<00:07,  4.09it/s][A
Training Epochs:  66%|██████▌   | 66/100 [07:25<04:11,  7.38s/it, -ELBO=0.5028, Potential Metric=0.1834, Entropy Metric=0.0545]

Epoch 66:  12%|█▎        | 4/32 [00:00<00:06,  4.35it/s][A
Training Epochs:  66%|██████▌   | 66/100 [07:25<04:11,  7.38s/it, -ELBO=0.5565, Potential Metric=0.1855, Entropy Metric=0.0548]

Epoch 66:  16%|█▌        | 5/32 [00:01<00:06,  4.50it/s][A
Training Epochs:  66%|██████▌   | 66/100 [07:25<04:11,  7.38s/it, -ELBO=0.5685, Potential Metric=0.1888, Entropy Metric=0.0535]

Epoch 66:  19%|█▉        | 6/32 [00:01<00:06,  4.31it/s][A
Training Epochs:  66%|██████▌   | 66/100 [07:25<04:11,  7.38s/it, -ELBO=0.5189, Potential Metric=0.1690, Entropy Metric=0.0567]

Epoch 66:  22%|██▏       | 7/32 [00:01<00:05,  4.40it/s][A
Training Epochs:  66%|██████▌   | 66/100 [07:26<04:11,  7.38s/it, -ELBO=0.5275, Potential Metric=0.1752, Entropy Metric=0.0558]

Epoch 66:  25%|██▌       | 8/32 [00:01<00:05,  4.48it/s][A
Training Epochs:  66%|██████▌   | 66/100 [07:26<04:11,  7.38s/it, -ELBO=0.5889, Potential Metric=0.1861, Entropy Metric=0.0505]

Epoch 66:  28%|██▊       | 9/32 [00:02<00:05,  4.45it/s][A
Training Epochs:  66%|██████▌   | 66/100 [07:26<04:11,  7.38s/it, -ELBO=0.5629, Potential Metric=0.1839, Entropy Metric=0.0528]

Epoch 66:  31%|███▏      | 10/32 [00:02<00:05,  4.29it/s][A
Training Epochs:  66%|██████▌   | 66/100 [07:26<04:11,  7.38s/it, -ELBO=0.5144, Potential Metric=0.1791, Entropy Metric=0.0536]

Epoch 66:  34%|███▍      | 11/32 [00:02<00:04,  4.29it/s][A
Training Epochs:  66%|██████▌   | 66/100 [07:27<04:11,  7.38s/it, -ELBO=0.5535, Potential Metric=0.1790, Entropy Metric=0.0511]

Epoch 66:  38%|███▊      | 12/32 [00:02<00:04,  4.43it/s][A
Training Epochs:  66%|██████▌   | 66/100 [07:27<04:11,  7.38s/it, -ELBO=0.5584, Potential Metric=0.1816, Entropy Metric=0.0537]

Epoch 66:  41%|████      | 13/32 [00:02<00:04,  4.38it/s][A
Training Epochs:  66%|██████▌   | 66/100 [07:27<04:11,  7.38s/it, -ELBO=0.5114, Potential Metric=0.1672, Entropy Metric=0.0493]

Epoch 66:  44%|████▍     | 14/32 [00:03<00:04,  4.33it/s][A
Training Epochs:  66%|██████▌   | 66/100 [07:27<04:11,  7.38s/it, -ELBO=0.5017, Potential Metric=0.1915, Entropy Metric=0.0494]

Epoch 66:  47%|████▋     | 15/32 [00:03<00:03,  4.44it/s][A
Training Epochs:  66%|██████▌   | 66/100 [07:27<04:11,  7.38s/it, -ELBO=0.5825, Potential Metric=0.2032, Entropy Metric=0.0500]

Epoch 66:  50%|█████     | 16/32 [00:03<00:03,  4.58it/s][A
Training Epochs:  66%|██████▌   | 66/100 [07:28<04:11,  7.38s/it, -ELBO=0.5033, Potential Metric=0.1823, Entropy Metric=0.0533]

Epoch 66:  53%|█████▎    | 17/32 [00:03<00:03,  4.67it/s][A
Training Epochs:  66%|██████▌   | 66/100 [07:28<04:11,  7.38s/it, -ELBO=0.6123, Potential Metric=0.1946, Entropy Metric=0.0508]

Epoch 66:  56%|█████▋    | 18/32 [00:04<00:03,  4.63it/s][A
Training Epochs:  66%|██████▌   | 66/100 [07:28<04:11,  7.38s/it, -ELBO=0.5255, Potential Metric=0.1887, Entropy Metric=0.0536]

Epoch 66:  59%|█████▉    | 19/32 [00:04<00:02,  4.72it/s][A
Training Epochs:  66%|██████▌   | 66/100 [07:28<04:11,  7.38s/it, -ELBO=0.5582, Potential Metric=0.1746, Entropy Metric=0.0508]

Epoch 66:  62%|██████▎   | 20/32 [00:04<00:02,  4.63it/s][A
Training Epochs:  66%|██████▌   | 66/100 [07:28<04:11,  7.38s/it, -ELBO=0.5231, Potential Metric=0.1716, Entropy Metric=0.0530]

Epoch 66:  66%|██████▌   | 21/32 [00:04<00:02,  4.64it/s][A
Training Epochs:  66%|██████▌   | 66/100 [07:29<04:11,  7.38s/it, -ELBO=0.5494, Potential Metric=0.1730, Entropy Metric=0.0557]

Epoch 66:  69%|██████▉   | 22/32 [00:04<00:02,  4.46it/s][A
Training Epochs:  66%|██████▌   | 66/100 [07:29<04:11,  7.38s/it, -ELBO=0.5276, Potential Metric=0.1675, Entropy Metric=0.0522]

Epoch 66:  72%|███████▏  | 23/32 [00:05<00:01,  4.54it/s][A
Training Epochs:  66%|██████▌   | 66/100 [07:29<04:11,  7.38s/it, -ELBO=0.5069, Potential Metric=0.1751, Entropy Metric=0.0542]

Epoch 66:  75%|███████▌  | 24/32 [00:05<00:01,  4.29it/s][A
Training Epochs:  66%|██████▌   | 66/100 [07:29<04:11,  7.38s/it, -ELBO=0.5552, Potential Metric=0.1810, Entropy Metric=0.0522]

Epoch 66:  78%|███████▊  | 25/32 [00:05<00:01,  4.37it/s][A
Training Epochs:  66%|██████▌   | 66/100 [07:30<04:11,  7.38s/it, -ELBO=0.5237, Potential Metric=0.1709, Entropy Metric=0.0536]

Epoch 66:  81%|████████▏ | 26/32 [00:05<00:01,  4.17it/s][A
Training Epochs:  66%|██████▌   | 66/100 [07:30<04:11,  7.38s/it, -ELBO=0.5718, Potential Metric=0.1847, Entropy Metric=0.0543]

Epoch 66:  84%|████████▍ | 27/32 [00:06<00:01,  4.36it/s][A
Training Epochs:  66%|██████▌   | 66/100 [07:30<04:11,  7.38s/it, -ELBO=0.6090, Potential Metric=0.1693, Entropy Metric=0.0501]

Epoch 66:  88%|████████▊ | 28/32 [00:06<00:00,  4.21it/s][A
Training Epochs:  66%|██████▌   | 66/100 [07:30<04:11,  7.38s/it, -ELBO=0.4877, Potential Metric=0.1813, Entropy Metric=0.0549]

Epoch 66:  91%|█████████ | 29/32 [00:06<00:00,  4.30it/s][A
Training Epochs:  66%|██████▌   | 66/100 [07:31<04:11,  7.38s/it, -ELBO=0.4864, Potential Metric=0.1901, Entropy Metric=0.0504]

Epoch 66:  94%|█████████▍| 30/32 [00:06<00:00,  4.44it/s][A
Training Epochs:  66%|██████▌   | 66/100 [07:31<04:11,  7.38s/it, -ELBO=0.5472, Potential Metric=0.1748, Entropy Metric=0.0467]

Epoch 66:  97%|█████████▋| 31/32 [00:07<00:00,  4.54it/s][A
Training Epochs:  66%|██████▌   | 66/100 [07:31<04:11,  7.38s/it, -ELBO=0.5343, Potential Metric=0.1806, Entropy Metric=0.0481]

Epoch 66: 100%|██████████| 32/32 [00:07<00:00,  4.55it/s][A

                                                         [A
Training Epochs:  67%|██████▋   | 67/100 [07:31<04:04,  7.40s/it, -ELBO=0.5343, Potential Metric=0.1806, Entropy Metric=0.0481]

Epoch 67:   0%|          | 0/32 [00:00<?, ?it/s][A
Training Epochs:  67%|██████▋   | 67/100 [07:31<04:04,  7.40s/it, -ELBO=0.4785, Potential Metric=0.1664, Entropy Metric=0.0499]

Epoch 67:   3%|▎         | 1/32 [00:00<00:08,  3.65it/s][A
Training Epochs:  67%|██████▋   | 67/100 [07:32<04:04,  7.40s/it, -ELBO=0.5313, Potential Metric=0.1937, Entropy Metric=0.0481]

Epoch 67:   6%|▋         | 2/32 [00:00<00:06,  4.29it/s][A
Training Epochs:  67%|██████▋   | 67/100 [07:32<04:04,  7.40s/it, -ELBO=0.5149, Potential Metric=0.1801, Entropy Metric=0.0483]

Epoch 67:   9%|▉         | 3/32 [00:00<00:06,  4.45it/s][A
Training Epochs:  67%|██████▋   | 67/100 [07:32<04:04,  7.40s/it, -ELBO=0.5033, Potential Metric=0.1875, Entropy Metric=0.0466]

Epoch 67:  12%|█▎        | 4/32 [00:00<00:06,  4.63it/s][A
Training Epochs:  67%|██████▋   | 67/100 [07:32<04:04,  7.40s/it, -ELBO=0.5625, Potential Metric=0.1902, Entropy Metric=0.0461]

Epoch 67:  16%|█▌        | 5/32 [00:01<00:05,  4.55it/s][A
Training Epochs:  67%|██████▋   | 67/100 [07:33<04:04,  7.40s/it, -ELBO=0.5288, Potential Metric=0.1789, Entropy Metric=0.0473]

Epoch 67:  19%|█▉        | 6/32 [00:01<00:05,  4.70it/s][A
Training Epochs:  67%|██████▋   | 67/100 [07:33<04:04,  7.40s/it, -ELBO=0.5393, Potential Metric=0.1722, Entropy Metric=0.0484]

Epoch 67:  22%|██▏       | 7/32 [00:01<00:05,  4.55it/s][A
Training Epochs:  67%|██████▋   | 67/100 [07:33<04:04,  7.40s/it, -ELBO=0.6050, Potential Metric=0.1969, Entropy Metric=0.0513]

Epoch 67:  25%|██▌       | 8/32 [00:01<00:05,  4.57it/s][A
Training Epochs:  67%|██████▋   | 67/100 [07:33<04:04,  7.40s/it, -ELBO=0.5017, Potential Metric=0.1662, Entropy Metric=0.0503]

Epoch 67:  28%|██▊       | 9/32 [00:02<00:05,  4.47it/s][A
Training Epochs:  67%|██████▋   | 67/100 [07:33<04:04,  7.40s/it, -ELBO=0.5285, Potential Metric=0.1745, Entropy Metric=0.0509]

Epoch 67:  31%|███▏      | 10/32 [00:02<00:04,  4.45it/s][A
Training Epochs:  67%|██████▋   | 67/100 [07:34<04:04,  7.40s/it, -ELBO=0.5009, Potential Metric=0.1709, Entropy Metric=0.0515]

Epoch 67:  34%|███▍      | 11/32 [00:02<00:04,  4.50it/s][A
Training Epochs:  67%|██████▋   | 67/100 [07:34<04:04,  7.40s/it, -ELBO=0.5658, Potential Metric=0.1842, Entropy Metric=0.0483]

Epoch 67:  38%|███▊      | 12/32 [00:02<00:04,  4.52it/s][A
Training Epochs:  67%|██████▋   | 67/100 [07:34<04:04,  7.40s/it, -ELBO=0.5808, Potential Metric=0.1826, Entropy Metric=0.0475]

Epoch 67:  41%|████      | 13/32 [00:02<00:04,  4.60it/s][A
Training Epochs:  67%|██████▋   | 67/100 [07:34<04:04,  7.40s/it, -ELBO=0.5384, Potential Metric=0.1738, Entropy Metric=0.0442]

Epoch 67:  44%|████▍     | 14/32 [00:03<00:03,  4.74it/s][A
Training Epochs:  67%|██████▋   | 67/100 [07:34<04:04,  7.40s/it, -ELBO=0.5680, Potential Metric=0.2016, Entropy Metric=0.0485]

Epoch 67:  47%|████▋     | 15/32 [00:03<00:03,  4.80it/s][A
Training Epochs:  67%|██████▋   | 67/100 [07:35<04:04,  7.40s/it, -ELBO=0.5215, Potential Metric=0.1919, Entropy Metric=0.0479]

Epoch 67:  50%|█████     | 16/32 [00:03<00:03,  4.70it/s][A
Training Epochs:  67%|██████▋   | 67/100 [07:35<04:04,  7.40s/it, -ELBO=0.5637, Potential Metric=0.1929, Entropy Metric=0.0473]

Epoch 67:  53%|█████▎    | 17/32 [00:03<00:03,  4.74it/s][A
Training Epochs:  67%|██████▋   | 67/100 [07:35<04:04,  7.40s/it, -ELBO=0.5236, Potential Metric=0.1828, Entropy Metric=0.0472]

Epoch 67:  56%|█████▋    | 18/32 [00:03<00:03,  4.40it/s][A
Training Epochs:  67%|██████▋   | 67/100 [07:35<04:04,  7.40s/it, -ELBO=0.5272, Potential Metric=0.1966, Entropy Metric=0.0487]

Epoch 67:  59%|█████▉    | 19/32 [00:04<00:02,  4.51it/s][A
Training Epochs:  67%|██████▋   | 67/100 [07:36<04:04,  7.40s/it, -ELBO=0.5377, Potential Metric=0.1797, Entropy Metric=0.0477]

Epoch 67:  62%|██████▎   | 20/32 [00:04<00:02,  4.52it/s][A
Training Epochs:  67%|██████▋   | 67/100 [07:36<04:04,  7.40s/it, -ELBO=0.5394, Potential Metric=0.1707, Entropy Metric=0.0467]

Epoch 67:  66%|██████▌   | 21/32 [00:04<00:02,  4.49it/s][A
Training Epochs:  67%|██████▋   | 67/100 [07:36<04:04,  7.40s/it, -ELBO=0.5030, Potential Metric=0.1781, Entropy Metric=0.0486]

Epoch 67:  69%|██████▉   | 22/32 [00:04<00:02,  4.50it/s][A
Training Epochs:  67%|██████▋   | 67/100 [07:36<04:04,  7.40s/it, -ELBO=0.5418, Potential Metric=0.1751, Entropy Metric=0.0503]

Epoch 67:  72%|███████▏  | 23/32 [00:05<00:02,  4.46it/s][A
Training Epochs:  67%|██████▋   | 67/100 [07:36<04:04,  7.40s/it, -ELBO=0.5260, Potential Metric=0.1839, Entropy Metric=0.0524]

Epoch 67:  75%|███████▌  | 24/32 [00:05<00:01,  4.54it/s][A
Training Epochs:  67%|██████▋   | 67/100 [07:37<04:04,  7.40s/it, -ELBO=0.5107, Potential Metric=0.1917, Entropy Metric=0.0535]

Epoch 67:  78%|███████▊  | 25/32 [00:05<00:01,  4.44it/s][A
Training Epochs:  67%|██████▋   | 67/100 [07:37<04:04,  7.40s/it, -ELBO=0.5279, Potential Metric=0.1957, Entropy Metric=0.0482]

Epoch 67:  81%|████████▏ | 26/32 [00:05<00:01,  4.62it/s][A
Training Epochs:  67%|██████▋   | 67/100 [07:37<04:04,  7.40s/it, -ELBO=0.5972, Potential Metric=0.1828, Entropy Metric=0.0484]

Epoch 67:  84%|████████▍ | 27/32 [00:05<00:01,  4.41it/s][A
Training Epochs:  67%|██████▋   | 67/100 [07:37<04:04,  7.40s/it, -ELBO=0.5460, Potential Metric=0.1746, Entropy Metric=0.0457]

Epoch 67:  88%|████████▊ | 28/32 [00:06<00:00,  4.49it/s][A
Training Epochs:  67%|██████▋   | 67/100 [07:38<04:04,  7.40s/it, -ELBO=0.5244, Potential Metric=0.1784, Entropy Metric=0.0461]

Epoch 67:  91%|█████████ | 29/32 [00:06<00:00,  4.27it/s][A
Training Epochs:  67%|██████▋   | 67/100 [07:38<04:04,  7.40s/it, -ELBO=0.5165, Potential Metric=0.1710, Entropy Metric=0.0495]

Epoch 67:  94%|█████████▍| 30/32 [00:06<00:00,  4.34it/s][A
Training Epochs:  67%|██████▋   | 67/100 [07:38<04:04,  7.40s/it, -ELBO=0.5273, Potential Metric=0.1799, Entropy Metric=0.0478]

Epoch 67:  97%|█████████▋| 31/32 [00:06<00:00,  4.45it/s][A
Training Epochs:  67%|██████▋   | 67/100 [07:38<04:04,  7.40s/it, -ELBO=0.5194, Potential Metric=0.1935, Entropy Metric=0.0503]

Epoch 67: 100%|██████████| 32/32 [00:07<00:00,  4.38it/s][A

                                                         [A
Training Epochs:  68%|██████▊   | 68/100 [07:38<03:55,  7.37s/it, -ELBO=0.5194, Potential Metric=0.1935, Entropy Metric=0.0503]

Epoch 68:   0%|          | 0/32 [00:00<?, ?it/s][A
Training Epochs:  68%|██████▊   | 68/100 [07:39<03:55,  7.37s/it, -ELBO=0.5382, Potential Metric=0.1918, Entropy Metric=0.0488]

Epoch 68:   3%|▎         | 1/32 [00:00<00:13,  2.30it/s][A
Training Epochs:  68%|██████▊   | 68/100 [07:39<03:55,  7.37s/it, -ELBO=0.5017, Potential Metric=0.1839, Entropy Metric=0.0559]

Epoch 68:   6%|▋         | 2/32 [00:00<00:09,  3.17it/s][A
Training Epochs:  68%|██████▊   | 68/100 [07:39<03:55,  7.37s/it, -ELBO=0.5169, Potential Metric=0.1680, Entropy Metric=0.0488]

Epoch 68:   9%|▉         | 3/32 [00:00<00:07,  3.73it/s][A
Training Epochs:  68%|██████▊   | 68/100 [07:40<03:55,  7.37s/it, -ELBO=0.5433, Potential Metric=0.1683, Entropy Metric=0.0523]

Epoch 68:  12%|█▎        | 4/32 [00:01<00:06,  4.09it/s][A
Training Epochs:  68%|██████▊   | 68/100 [07:40<03:55,  7.37s/it, -ELBO=0.5395, Potential Metric=0.1865, Entropy Metric=0.0513]

Epoch 68:  16%|█▌        | 5/32 [00:01<00:06,  4.26it/s][A
Training Epochs:  68%|██████▊   | 68/100 [07:40<03:55,  7.37s/it, -ELBO=0.4882, Potential Metric=0.1933, Entropy Metric=0.0502]

Epoch 68:  19%|█▉        | 6/32 [00:01<00:05,  4.52it/s][A
Training Epochs:  68%|██████▊   | 68/100 [07:40<03:55,  7.37s/it, -ELBO=0.5102, Potential Metric=0.1838, Entropy Metric=0.0515]

Epoch 68:  22%|██▏       | 7/32 [00:01<00:05,  4.70it/s][A
Training Epochs:  68%|██████▊   | 68/100 [07:40<03:55,  7.37s/it, -ELBO=0.5378, Potential Metric=0.1652, Entropy Metric=0.0531]

Epoch 68:  25%|██▌       | 8/32 [00:01<00:05,  4.40it/s][A
Training Epochs:  68%|██████▊   | 68/100 [07:41<03:55,  7.37s/it, -ELBO=0.5465, Potential Metric=0.1860, Entropy Metric=0.0532]

Epoch 68:  28%|██▊       | 9/32 [00:02<00:05,  4.41it/s][A
Training Epochs:  68%|██████▊   | 68/100 [07:41<03:55,  7.37s/it, -ELBO=0.5468, Potential Metric=0.1774, Entropy Metric=0.0545]

Epoch 68:  31%|███▏      | 10/32 [00:02<00:05,  4.29it/s][A
Training Epochs:  68%|██████▊   | 68/100 [07:41<03:55,  7.37s/it, -ELBO=0.5525, Potential Metric=0.1699, Entropy Metric=0.0540]

Epoch 68:  34%|███▍      | 11/32 [00:02<00:04,  4.24it/s][A
Training Epochs:  68%|██████▊   | 68/100 [07:41<03:55,  7.37s/it, -ELBO=0.4949, Potential Metric=0.1703, Entropy Metric=0.0540]

Epoch 68:  38%|███▊      | 12/32 [00:02<00:04,  4.23it/s][A
Training Epochs:  68%|██████▊   | 68/100 [07:42<03:55,  7.37s/it, -ELBO=0.4914, Potential Metric=0.1775, Entropy Metric=0.0538]

Epoch 68:  41%|████      | 13/32 [00:03<00:04,  4.37it/s][A
Training Epochs:  68%|██████▊   | 68/100 [07:42<03:55,  7.37s/it, -ELBO=0.5188, Potential Metric=0.1808, Entropy Metric=0.0514]

Epoch 68:  44%|████▍     | 14/32 [00:03<00:03,  4.51it/s][A
Training Epochs:  68%|██████▊   | 68/100 [07:42<03:55,  7.37s/it, -ELBO=0.5087, Potential Metric=0.1949, Entropy Metric=0.0481]

Epoch 68:  47%|████▋     | 15/32 [00:03<00:03,  4.36it/s][A
Training Epochs:  68%|██████▊   | 68/100 [07:42<03:55,  7.37s/it, -ELBO=0.5028, Potential Metric=0.1863, Entropy Metric=0.0495]

Epoch 68:  50%|█████     | 16/32 [00:03<00:03,  4.29it/s][A
Training Epochs:  68%|██████▊   | 68/100 [07:43<03:55,  7.37s/it, -ELBO=0.5259, Potential Metric=0.1952, Entropy Metric=0.0485]

Epoch 68:  53%|█████▎    | 17/32 [00:04<00:03,  4.39it/s][A
Training Epochs:  68%|██████▊   | 68/100 [07:43<03:55,  7.37s/it, -ELBO=0.5079, Potential Metric=0.1719, Entropy Metric=0.0469]

Epoch 68:  56%|█████▋    | 18/32 [00:04<00:03,  4.56it/s][A
Training Epochs:  68%|██████▊   | 68/100 [07:43<03:55,  7.37s/it, -ELBO=0.5249, Potential Metric=0.2011, Entropy Metric=0.0504]

Epoch 68:  59%|█████▉    | 19/32 [00:04<00:02,  4.63it/s][A
Training Epochs:  68%|██████▊   | 68/100 [07:43<03:55,  7.37s/it, -ELBO=0.5167, Potential Metric=0.1753, Entropy Metric=0.0484]

Epoch 68:  62%|██████▎   | 20/32 [00:04<00:02,  4.64it/s][A
Training Epochs:  68%|██████▊   | 68/100 [07:43<03:55,  7.37s/it, -ELBO=0.5308, Potential Metric=0.1846, Entropy Metric=0.0495]

Epoch 68:  66%|██████▌   | 21/32 [00:04<00:02,  4.36it/s][A
Training Epochs:  68%|██████▊   | 68/100 [07:44<03:55,  7.37s/it, -ELBO=0.5167, Potential Metric=0.1783, Entropy Metric=0.0521]

Epoch 68:  69%|██████▉   | 22/32 [00:05<00:02,  4.41it/s][A
Training Epochs:  68%|██████▊   | 68/100 [07:44<03:55,  7.37s/it, -ELBO=0.5675, Potential Metric=0.1891, Entropy Metric=0.0497]

Epoch 68:  72%|███████▏  | 23/32 [00:05<00:02,  4.48it/s][A
Training Epochs:  68%|██████▊   | 68/100 [07:44<03:55,  7.37s/it, -ELBO=0.5468, Potential Metric=0.1925, Entropy Metric=0.0517]

Epoch 68:  75%|███████▌  | 24/32 [00:05<00:01,  4.32it/s][A
Training Epochs:  68%|██████▊   | 68/100 [07:44<03:55,  7.37s/it, -ELBO=0.5797, Potential Metric=0.1795, Entropy Metric=0.0515]

Epoch 68:  78%|███████▊  | 25/32 [00:05<00:01,  4.29it/s][A
Training Epochs:  68%|██████▊   | 68/100 [07:45<03:55,  7.37s/it, -ELBO=0.5128, Potential Metric=0.1896, Entropy Metric=0.0520]

Epoch 68:  81%|████████▏ | 26/32 [00:06<00:01,  4.39it/s][A
Training Epochs:  68%|██████▊   | 68/100 [07:45<03:55,  7.37s/it, -ELBO=0.5406, Potential Metric=0.1884, Entropy Metric=0.0535]

Epoch 68:  84%|████████▍ | 27/32 [00:06<00:01,  4.29it/s][A
Training Epochs:  68%|██████▊   | 68/100 [07:45<03:55,  7.37s/it, -ELBO=0.5129, Potential Metric=0.1824, Entropy Metric=0.0531]

Epoch 68:  88%|████████▊ | 28/32 [00:06<00:00,  4.36it/s][A
Training Epochs:  68%|██████▊   | 68/100 [07:45<03:55,  7.37s/it, -ELBO=0.5149, Potential Metric=0.1863, Entropy Metric=0.0527]

Epoch 68:  91%|█████████ | 29/32 [00:06<00:00,  4.31it/s][A
Training Epochs:  68%|██████▊   | 68/100 [07:45<03:55,  7.37s/it, -ELBO=0.5193, Potential Metric=0.1820, Entropy Metric=0.0526]

Epoch 68:  94%|█████████▍| 30/32 [00:06<00:00,  4.42it/s][A
Training Epochs:  68%|██████▊   | 68/100 [07:46<03:55,  7.37s/it, -ELBO=0.5440, Potential Metric=0.1888, Entropy Metric=0.0516]

Epoch 68:  97%|█████████▋| 31/32 [00:07<00:00,  4.07it/s][A
Training Epochs:  68%|██████▊   | 68/100 [07:46<03:55,  7.37s/it, -ELBO=0.5949, Potential Metric=0.1782, Entropy Metric=0.0503]

Epoch 68: 100%|██████████| 32/32 [00:07<00:00,  4.20it/s][A

                                                         [A
Training Epochs:  69%|██████▉   | 69/100 [07:46<03:50,  7.45s/it, -ELBO=0.5949, Potential Metric=0.1782, Entropy Metric=0.0503]

Epoch 69:   0%|          | 0/32 [00:00<?, ?it/s][A
Training Epochs:  69%|██████▉   | 69/100 [07:46<03:50,  7.45s/it, -ELBO=0.5271, Potential Metric=0.1794, Entropy Metric=0.0533]

Epoch 69:   3%|▎         | 1/32 [00:00<00:08,  3.71it/s][A
Training Epochs:  69%|██████▉   | 69/100 [07:47<03:50,  7.45s/it, -ELBO=0.5257, Potential Metric=0.1732, Entropy Metric=0.0501]

Epoch 69:   6%|▋         | 2/32 [00:00<00:06,  4.48it/s][A
Training Epochs:  69%|██████▉   | 69/100 [07:47<03:50,  7.45s/it, -ELBO=0.5534, Potential Metric=0.1721, Entropy Metric=0.0496]

Epoch 69:   9%|▉         | 3/32 [00:00<00:06,  4.18it/s][A
Training Epochs:  69%|██████▉   | 69/100 [07:47<03:50,  7.45s/it, -ELBO=0.5119, Potential Metric=0.1860, Entropy Metric=0.0469]

Epoch 69:  12%|█▎        | 4/32 [00:00<00:06,  4.19it/s][A
Training Epochs:  69%|██████▉   | 69/100 [07:47<03:50,  7.45s/it, -ELBO=0.4871, Potential Metric=0.1713, Entropy Metric=0.0494]

Epoch 69:  16%|█▌        | 5/32 [00:01<00:06,  4.39it/s][A
Training Epochs:  69%|██████▉   | 69/100 [07:48<03:50,  7.45s/it, -ELBO=0.5256, Potential Metric=0.1918, Entropy Metric=0.0474]

Epoch 69:  19%|█▉        | 6/32 [00:01<00:06,  4.30it/s][A
Training Epochs:  69%|██████▉   | 69/100 [07:48<03:50,  7.45s/it, -ELBO=0.5213, Potential Metric=0.1642, Entropy Metric=0.0491]

Epoch 69:  22%|██▏       | 7/32 [00:01<00:05,  4.27it/s][A
Training Epochs:  69%|██████▉   | 69/100 [07:48<03:50,  7.45s/it, -ELBO=0.5982, Potential Metric=0.1770, Entropy Metric=0.0474]

Epoch 69:  25%|██▌       | 8/32 [00:01<00:05,  4.32it/s][A
Training Epochs:  69%|██████▉   | 69/100 [07:48<03:50,  7.45s/it, -ELBO=0.5266, Potential Metric=0.1600, Entropy Metric=0.0482]

Epoch 69:  28%|██▊       | 9/32 [00:02<00:05,  4.34it/s][A
Training Epochs:  69%|██████▉   | 69/100 [07:48<03:50,  7.45s/it, -ELBO=0.5288, Potential Metric=0.1974, Entropy Metric=0.0524]

Epoch 69:  31%|███▏      | 10/32 [00:02<00:05,  4.39it/s][A
Training Epochs:  69%|██████▉   | 69/100 [07:49<03:50,  7.45s/it, -ELBO=0.5436, Potential Metric=0.1858, Entropy Metric=0.0500]

Epoch 69:  34%|███▍      | 11/32 [00:02<00:04,  4.39it/s][A
Training Epochs:  69%|██████▉   | 69/100 [07:49<03:50,  7.45s/it, -ELBO=0.5169, Potential Metric=0.1938, Entropy Metric=0.0519]

Epoch 69:  38%|███▊      | 12/32 [00:02<00:04,  4.34it/s][A
Training Epochs:  69%|██████▉   | 69/100 [07:49<03:50,  7.45s/it, -ELBO=0.5222, Potential Metric=0.1956, Entropy Metric=0.0467]

Epoch 69:  41%|████      | 13/32 [00:03<00:04,  4.39it/s][A
Training Epochs:  69%|██████▉   | 69/100 [07:49<03:50,  7.45s/it, -ELBO=0.5149, Potential Metric=0.1829, Entropy Metric=0.0476]

Epoch 69:  44%|████▍     | 14/32 [00:03<00:04,  4.41it/s][A
Training Epochs:  69%|██████▉   | 69/100 [07:50<03:50,  7.45s/it, -ELBO=0.5232, Potential Metric=0.1930, Entropy Metric=0.0470]

Epoch 69:  47%|████▋     | 15/32 [00:03<00:03,  4.49it/s][A
Training Epochs:  69%|██████▉   | 69/100 [07:50<03:50,  7.45s/it, -ELBO=0.5142, Potential Metric=0.1793, Entropy Metric=0.0490]

Epoch 69:  50%|█████     | 16/32 [00:03<00:03,  4.34it/s][A
Training Epochs:  69%|██████▉   | 69/100 [07:50<03:50,  7.45s/it, -ELBO=0.4873, Potential Metric=0.2080, Entropy Metric=0.0513]

Epoch 69:  53%|█████▎    | 17/32 [00:03<00:03,  4.41it/s][A
Training Epochs:  69%|██████▉   | 69/100 [07:50<03:50,  7.45s/it, -ELBO=0.5727, Potential Metric=0.1958, Entropy Metric=0.0514]

Epoch 69:  56%|█████▋    | 18/32 [00:04<00:03,  4.26it/s][A
Training Epochs:  69%|██████▉   | 69/100 [07:51<03:50,  7.45s/it, -ELBO=0.5294, Potential Metric=0.1874, Entropy Metric=0.0463]

Epoch 69:  59%|█████▉    | 19/32 [00:04<00:03,  4.09it/s][A
Training Epochs:  69%|██████▉   | 69/100 [07:51<03:50,  7.45s/it, -ELBO=0.5399, Potential Metric=0.2045, Entropy Metric=0.0487]

Epoch 69:  62%|██████▎   | 20/32 [00:04<00:02,  4.20it/s][A
Training Epochs:  69%|██████▉   | 69/100 [07:51<03:50,  7.45s/it, -ELBO=0.4839, Potential Metric=0.1965, Entropy Metric=0.0498]

Epoch 69:  66%|██████▌   | 21/32 [00:04<00:02,  4.21it/s][A
Training Epochs:  69%|██████▉   | 69/100 [07:51<03:50,  7.45s/it, -ELBO=0.5001, Potential Metric=0.1763, Entropy Metric=0.0502]

Epoch 69:  69%|██████▉   | 22/32 [00:05<00:02,  4.34it/s][A
Training Epochs:  69%|██████▉   | 69/100 [07:51<03:50,  7.45s/it, -ELBO=0.5039, Potential Metric=0.1802, Entropy Metric=0.0518]

Epoch 69:  72%|███████▏  | 23/32 [00:05<00:02,  4.47it/s][A
Training Epochs:  69%|██████▉   | 69/100 [07:52<03:50,  7.45s/it, -ELBO=0.5029, Potential Metric=0.1754, Entropy Metric=0.0515]

Epoch 69:  75%|███████▌  | 24/32 [00:05<00:01,  4.48it/s][A
Training Epochs:  69%|██████▉   | 69/100 [07:52<03:50,  7.45s/it, -ELBO=0.5483, Potential Metric=0.1935, Entropy Metric=0.0491]

Epoch 69:  78%|███████▊  | 25/32 [00:05<00:01,  4.49it/s][A
Training Epochs:  69%|██████▉   | 69/100 [07:52<03:50,  7.45s/it, -ELBO=0.5112, Potential Metric=0.1756, Entropy Metric=0.0523]

Epoch 69:  81%|████████▏ | 26/32 [00:06<00:01,  4.33it/s][A
Training Epochs:  69%|██████▉   | 69/100 [07:52<03:50,  7.45s/it, -ELBO=0.5036, Potential Metric=0.1917, Entropy Metric=0.0554]

Epoch 69:  84%|████████▍ | 27/32 [00:06<00:01,  4.22it/s][A
Training Epochs:  69%|██████▉   | 69/100 [07:53<03:50,  7.45s/it, -ELBO=0.5544, Potential Metric=0.1988, Entropy Metric=0.0525]

Epoch 69:  88%|████████▊ | 28/32 [00:06<00:00,  4.23it/s][A
Training Epochs:  69%|██████▉   | 69/100 [07:53<03:50,  7.45s/it, -ELBO=0.5044, Potential Metric=0.1864, Entropy Metric=0.0513]

Epoch 69:  91%|█████████ | 29/32 [00:06<00:00,  4.42it/s][A
Training Epochs:  69%|██████▉   | 69/100 [07:53<03:50,  7.45s/it, -ELBO=0.5343, Potential Metric=0.1962, Entropy Metric=0.0552]

Epoch 69:  94%|█████████▍| 30/32 [00:06<00:00,  4.25it/s][A
Training Epochs:  69%|██████▉   | 69/100 [07:53<03:50,  7.45s/it, -ELBO=0.5208, Potential Metric=0.1947, Entropy Metric=0.0517]

Epoch 69:  97%|█████████▋| 31/32 [00:07<00:00,  4.41it/s][A
Training Epochs:  69%|██████▉   | 69/100 [07:54<03:50,  7.45s/it, -ELBO=0.5150, Potential Metric=0.1929, Entropy Metric=0.0570]

Epoch 69: 100%|██████████| 32/32 [00:07<00:00,  4.38it/s][A

                                                         [A
Training Epochs:  70%|███████   | 70/100 [07:54<03:44,  7.49s/it, -ELBO=0.5150, Potential Metric=0.1929, Entropy Metric=0.0570]

Epoch 70:   0%|          | 0/32 [00:00<?, ?it/s][A
Training Epochs:  70%|███████   | 70/100 [07:54<03:44,  7.49s/it, -ELBO=0.5205, Potential Metric=0.2011, Entropy Metric=0.0519]

Epoch 70:   3%|▎         | 1/32 [00:00<00:09,  3.43it/s][A
Training Epochs:  70%|███████   | 70/100 [07:54<03:44,  7.49s/it, -ELBO=0.5404, Potential Metric=0.2139, Entropy Metric=0.0537]

Epoch 70:   6%|▋         | 2/32 [00:00<00:07,  4.07it/s][A
Training Epochs:  70%|███████   | 70/100 [07:54<03:44,  7.49s/it, -ELBO=0.5137, Potential Metric=0.1963, Entropy Metric=0.0506]

Epoch 70:   9%|▉         | 3/32 [00:00<00:06,  4.33it/s][A
Training Epochs:  70%|███████   | 70/100 [07:55<03:44,  7.49s/it, -ELBO=0.5012, Potential Metric=0.1920, Entropy Metric=0.0516]

Epoch 70:  12%|█▎        | 4/32 [00:00<00:06,  4.16it/s][A
Training Epochs:  70%|███████   | 70/100 [07:55<03:44,  7.49s/it, -ELBO=0.5205, Potential Metric=0.1694, Entropy Metric=0.0493]

Epoch 70:  16%|█▌        | 5/32 [00:01<00:06,  4.34it/s][A
Training Epochs:  70%|███████   | 70/100 [07:55<03:44,  7.49s/it, -ELBO=0.4724, Potential Metric=0.2015, Entropy Metric=0.0557]

Epoch 70:  19%|█▉        | 6/32 [00:01<00:05,  4.37it/s][A
Training Epochs:  70%|███████   | 70/100 [07:55<03:44,  7.49s/it, -ELBO=0.5479, Potential Metric=0.1901, Entropy Metric=0.0452]

Epoch 70:  22%|██▏       | 7/32 [00:01<00:05,  4.37it/s][A
Training Epochs:  70%|███████   | 70/100 [07:56<03:44,  7.49s/it, -ELBO=0.5197, Potential Metric=0.1939, Entropy Metric=0.0512]

Epoch 70:  25%|██▌       | 8/32 [00:01<00:05,  4.53it/s][A
Training Epochs:  70%|███████   | 70/100 [07:56<03:44,  7.49s/it, -ELBO=0.5559, Potential Metric=0.1805, Entropy Metric=0.0510]

Epoch 70:  28%|██▊       | 9/32 [00:02<00:05,  4.47it/s][A
Training Epochs:  70%|███████   | 70/100 [07:56<03:44,  7.49s/it, -ELBO=0.5278, Potential Metric=0.1970, Entropy Metric=0.0490]

Epoch 70:  31%|███▏      | 10/32 [00:02<00:05,  4.27it/s][A
Training Epochs:  70%|███████   | 70/100 [07:56<03:44,  7.49s/it, -ELBO=0.5171, Potential Metric=0.1908, Entropy Metric=0.0540]

Epoch 70:  34%|███▍      | 11/32 [00:02<00:04,  4.23it/s][A
Training Epochs:  70%|███████   | 70/100 [07:56<03:44,  7.49s/it, -ELBO=0.5104, Potential Metric=0.1788, Entropy Metric=0.0484]

Epoch 70:  38%|███▊      | 12/32 [00:02<00:04,  4.36it/s][A
Training Epochs:  70%|███████   | 70/100 [07:57<03:44,  7.49s/it, -ELBO=0.4890, Potential Metric=0.2005, Entropy Metric=0.0524]

Epoch 70:  41%|████      | 13/32 [00:03<00:04,  4.43it/s][A
Training Epochs:  70%|███████   | 70/100 [07:57<03:44,  7.49s/it, -ELBO=0.5485, Potential Metric=0.1862, Entropy Metric=0.0496]

Epoch 70:  44%|████▍     | 14/32 [00:03<00:04,  4.39it/s][A
Training Epochs:  70%|███████   | 70/100 [07:57<03:44,  7.49s/it, -ELBO=0.5027, Potential Metric=0.1836, Entropy Metric=0.0542]

Epoch 70:  47%|████▋     | 15/32 [00:03<00:03,  4.55it/s][A
Training Epochs:  70%|███████   | 70/100 [07:57<03:44,  7.49s/it, -ELBO=0.4840, Potential Metric=0.1810, Entropy Metric=0.0542]

Epoch 70:  50%|█████     | 16/32 [00:03<00:03,  4.36it/s][A
Training Epochs:  70%|███████   | 70/100 [07:58<03:44,  7.49s/it, -ELBO=0.4826, Potential Metric=0.2020, Entropy Metric=0.0560]

Epoch 70:  53%|█████▎    | 17/32 [00:03<00:03,  4.47it/s][A
Training Epochs:  70%|███████   | 70/100 [07:58<03:44,  7.49s/it, -ELBO=0.5132, Potential Metric=0.1852, Entropy Metric=0.0530]

Epoch 70:  56%|█████▋    | 18/32 [00:04<00:03,  4.35it/s][A
Training Epochs:  70%|███████   | 70/100 [07:58<03:44,  7.49s/it, -ELBO=0.5443, Potential Metric=0.1823, Entropy Metric=0.0513]

Epoch 70:  59%|█████▉    | 19/32 [00:04<00:02,  4.48it/s][A
Training Epochs:  70%|███████   | 70/100 [07:58<03:44,  7.49s/it, -ELBO=0.5097, Potential Metric=0.2117, Entropy Metric=0.0502]

Epoch 70:  62%|██████▎   | 20/32 [00:04<00:02,  4.51it/s][A
Training Epochs:  70%|███████   | 70/100 [07:58<03:44,  7.49s/it, -ELBO=0.5140, Potential Metric=0.1983, Entropy Metric=0.0504]

Epoch 70:  66%|██████▌   | 21/32 [00:04<00:02,  4.44it/s][A
Training Epochs:  70%|███████   | 70/100 [07:59<03:44,  7.49s/it, -ELBO=0.4766, Potential Metric=0.1883, Entropy Metric=0.0517]

Epoch 70:  69%|██████▉   | 22/32 [00:05<00:02,  4.35it/s][A
Training Epochs:  70%|███████   | 70/100 [07:59<03:44,  7.49s/it, -ELBO=0.5209, Potential Metric=0.1644, Entropy Metric=0.0508]

Epoch 70:  72%|███████▏  | 23/32 [00:05<00:02,  4.34it/s][A
Training Epochs:  70%|███████   | 70/100 [07:59<03:44,  7.49s/it, -ELBO=0.5383, Potential Metric=0.1891, Entropy Metric=0.0471]

Epoch 70:  75%|███████▌  | 24/32 [00:05<00:01,  4.23it/s][A
Training Epochs:  70%|███████   | 70/100 [07:59<03:44,  7.49s/it, -ELBO=0.4649, Potential Metric=0.1731, Entropy Metric=0.0504]

Epoch 70:  78%|███████▊  | 25/32 [00:05<00:01,  4.24it/s][A
Training Epochs:  70%|███████   | 70/100 [08:00<03:44,  7.49s/it, -ELBO=0.4973, Potential Metric=0.1850, Entropy Metric=0.0533]

Epoch 70:  81%|████████▏ | 26/32 [00:05<00:01,  4.27it/s][A
Training Epochs:  70%|███████   | 70/100 [08:00<03:44,  7.49s/it, -ELBO=0.5031, Potential Metric=0.1694, Entropy Metric=0.0512]

Epoch 70:  84%|████████▍ | 27/32 [00:06<00:01,  4.40it/s][A
Training Epochs:  70%|███████   | 70/100 [08:00<03:44,  7.49s/it, -ELBO=0.5259, Potential Metric=0.1742, Entropy Metric=0.0483]

Epoch 70:  88%|████████▊ | 28/32 [00:06<00:00,  4.41it/s][A
Training Epochs:  70%|███████   | 70/100 [08:00<03:44,  7.49s/it, -ELBO=0.5794, Potential Metric=0.1713, Entropy Metric=0.0494]

Epoch 70:  91%|█████████ | 29/32 [00:06<00:00,  4.39it/s][A
Training Epochs:  70%|███████   | 70/100 [08:01<03:44,  7.49s/it, -ELBO=0.5048, Potential Metric=0.1907, Entropy Metric=0.0484]

Epoch 70:  94%|█████████▍| 30/32 [00:06<00:00,  4.53it/s][A
Training Epochs:  70%|███████   | 70/100 [08:01<03:44,  7.49s/it, -ELBO=0.5427, Potential Metric=0.1767, Entropy Metric=0.0491]

Epoch 70:  97%|█████████▋| 31/32 [00:07<00:00,  4.50it/s][A
Training Epochs:  70%|███████   | 70/100 [08:01<03:44,  7.49s/it, -ELBO=0.5327, Potential Metric=0.1847, Entropy Metric=0.0534]

Epoch 70: 100%|██████████| 32/32 [00:07<00:00,  4.55it/s][A

                                                         [A
Training Epochs:  71%|███████   | 71/100 [08:01<03:36,  7.47s/it, -ELBO=0.5327, Potential Metric=0.1847, Entropy Metric=0.0534]

Epoch 71:   0%|          | 0/32 [00:00<?, ?it/s][A
Training Epochs:  71%|███████   | 71/100 [08:01<03:36,  7.47s/it, -ELBO=0.5453, Potential Metric=0.1737, Entropy Metric=0.0494]

Epoch 71:   3%|▎         | 1/32 [00:00<00:09,  3.37it/s][A
Training Epochs:  71%|███████   | 71/100 [08:02<03:36,  7.47s/it, -ELBO=0.5118, Potential Metric=0.1767, Entropy Metric=0.0517]

Epoch 71:   6%|▋         | 2/32 [00:00<00:07,  3.94it/s][A
Training Epochs:  71%|███████   | 71/100 [08:02<03:36,  7.47s/it, -ELBO=0.5486, Potential Metric=0.1786, Entropy Metric=0.0534]

Epoch 71:   9%|▉         | 3/32 [00:00<00:07,  3.90it/s][A
Training Epochs:  71%|███████   | 71/100 [08:02<03:36,  7.47s/it, -ELBO=0.5112, Potential Metric=0.1857, Entropy Metric=0.0547]

Epoch 71:  12%|█▎        | 4/32 [00:01<00:06,  4.08it/s][A
Training Epochs:  71%|███████   | 71/100 [08:02<03:36,  7.47s/it, -ELBO=0.4770, Potential Metric=0.1733, Entropy Metric=0.0543]

Epoch 71:  16%|█▌        | 5/32 [00:01<00:06,  4.11it/s][A
Training Epochs:  71%|███████   | 71/100 [08:03<03:36,  7.47s/it, -ELBO=0.4933, Potential Metric=0.1686, Entropy Metric=0.0508]

Epoch 71:  19%|█▉        | 6/32 [00:01<00:05,  4.37it/s][A
Training Epochs:  71%|███████   | 71/100 [08:03<03:36,  7.47s/it, -ELBO=0.4810, Potential Metric=0.1674, Entropy Metric=0.0523]

Epoch 71:  22%|██▏       | 7/32 [00:01<00:05,  4.52it/s][A
Training Epochs:  71%|███████   | 71/100 [08:03<03:36,  7.47s/it, -ELBO=0.5181, Potential Metric=0.1711, Entropy Metric=0.0531]

Epoch 71:  25%|██▌       | 8/32 [00:01<00:05,  4.33it/s][A
Training Epochs:  71%|███████   | 71/100 [08:03<03:36,  7.47s/it, -ELBO=0.5164, Potential Metric=0.1881, Entropy Metric=0.0511]

Epoch 71:  28%|██▊       | 9/32 [00:02<00:05,  4.32it/s][A
Training Epochs:  71%|███████   | 71/100 [08:04<03:36,  7.47s/it, -ELBO=0.5034, Potential Metric=0.1812, Entropy Metric=0.0536]

Epoch 71:  31%|███▏      | 10/32 [00:02<00:04,  4.42it/s][A
Training Epochs:  71%|███████   | 71/100 [08:04<03:36,  7.47s/it, -ELBO=0.4691, Potential Metric=0.1763, Entropy Metric=0.0543]

Epoch 71:  34%|███▍      | 11/32 [00:02<00:04,  4.43it/s][A
Training Epochs:  71%|███████   | 71/100 [08:04<03:36,  7.47s/it, -ELBO=0.4560, Potential Metric=0.1954, Entropy Metric=0.0551]

Epoch 71:  38%|███▊      | 12/32 [00:02<00:04,  4.52it/s][A
Training Epochs:  71%|███████   | 71/100 [08:04<03:36,  7.47s/it, -ELBO=0.5121, Potential Metric=0.1593, Entropy Metric=0.0533]

Epoch 71:  41%|████      | 13/32 [00:03<00:04,  4.45it/s][A
Training Epochs:  71%|███████   | 71/100 [08:04<03:36,  7.47s/it, -ELBO=0.4970, Potential Metric=0.1837, Entropy Metric=0.0542]

Epoch 71:  44%|████▍     | 14/32 [00:03<00:04,  4.38it/s][A
Training Epochs:  71%|███████   | 71/100 [08:05<03:36,  7.47s/it, -ELBO=0.5245, Potential Metric=0.1850, Entropy Metric=0.0495]

Epoch 71:  47%|████▋     | 15/32 [00:03<00:03,  4.37it/s][A
Training Epochs:  71%|███████   | 71/100 [08:05<03:36,  7.47s/it, -ELBO=0.5434, Potential Metric=0.1852, Entropy Metric=0.0514]

Epoch 71:  50%|█████     | 16/32 [00:03<00:03,  4.39it/s][A
Training Epochs:  71%|███████   | 71/100 [08:05<03:36,  7.47s/it, -ELBO=0.4959, Potential Metric=0.1946, Entropy Metric=0.0531]

Epoch 71:  53%|█████▎    | 17/32 [00:03<00:03,  4.39it/s][A
Training Epochs:  71%|███████   | 71/100 [08:05<03:36,  7.47s/it, -ELBO=0.4745, Potential Metric=0.1858, Entropy Metric=0.0508]

Epoch 71:  56%|█████▋    | 18/32 [00:04<00:03,  4.32it/s][A
Training Epochs:  71%|███████   | 71/100 [08:06<03:36,  7.47s/it, -ELBO=0.4881, Potential Metric=0.1850, Entropy Metric=0.0510]

Epoch 71:  59%|█████▉    | 19/32 [00:04<00:02,  4.48it/s][A
Training Epochs:  71%|███████   | 71/100 [08:06<03:36,  7.47s/it, -ELBO=0.5283, Potential Metric=0.1928, Entropy Metric=0.0499]

Epoch 71:  62%|██████▎   | 20/32 [00:04<00:02,  4.55it/s][A
Training Epochs:  71%|███████   | 71/100 [08:06<03:36,  7.47s/it, -ELBO=0.4722, Potential Metric=0.1793, Entropy Metric=0.0487]

Epoch 71:  66%|██████▌   | 21/32 [00:04<00:02,  4.65it/s][A
Training Epochs:  71%|███████   | 71/100 [08:06<03:36,  7.47s/it, -ELBO=0.5259, Potential Metric=0.1830, Entropy Metric=0.0510]

Epoch 71:  69%|██████▉   | 22/32 [00:05<00:02,  4.63it/s][A
Training Epochs:  71%|███████   | 71/100 [08:06<03:36,  7.47s/it, -ELBO=0.5373, Potential Metric=0.1758, Entropy Metric=0.0508]

Epoch 71:  72%|███████▏  | 23/32 [00:05<00:01,  4.63it/s][A
Training Epochs:  71%|███████   | 71/100 [08:07<03:36,  7.47s/it, -ELBO=0.5343, Potential Metric=0.1981, Entropy Metric=0.0515]

Epoch 71:  75%|███████▌  | 24/32 [00:05<00:02,  3.84it/s][A
Training Epochs:  71%|███████   | 71/100 [08:07<03:36,  7.47s/it, -ELBO=0.5235, Potential Metric=0.1863, Entropy Metric=0.0533]

Epoch 71:  78%|███████▊  | 25/32 [00:05<00:01,  4.03it/s][A
Training Epochs:  71%|███████   | 71/100 [08:07<03:36,  7.47s/it, -ELBO=0.5728, Potential Metric=0.1813, Entropy Metric=0.0527]

Epoch 71:  81%|████████▏ | 26/32 [00:06<00:01,  4.05it/s][A
Training Epochs:  71%|███████   | 71/100 [08:07<03:36,  7.47s/it, -ELBO=0.5147, Potential Metric=0.1962, Entropy Metric=0.0517]

Epoch 71:  84%|████████▍ | 27/32 [00:06<00:01,  4.26it/s][A
Training Epochs:  71%|███████   | 71/100 [08:08<03:36,  7.47s/it, -ELBO=0.5192, Potential Metric=0.2055, Entropy Metric=0.0521]

Epoch 71:  88%|████████▊ | 28/32 [00:06<00:00,  4.22it/s][A
Training Epochs:  71%|███████   | 71/100 [08:08<03:36,  7.47s/it, -ELBO=0.5094, Potential Metric=0.1993, Entropy Metric=0.0528]

Epoch 71:  91%|█████████ | 29/32 [00:06<00:00,  4.32it/s][A
Training Epochs:  71%|███████   | 71/100 [08:08<03:36,  7.47s/it, -ELBO=0.5399, Potential Metric=0.1885, Entropy Metric=0.0504]

Epoch 71:  94%|█████████▍| 30/32 [00:06<00:00,  4.39it/s][A
Training Epochs:  71%|███████   | 71/100 [08:08<03:36,  7.47s/it, -ELBO=0.5251, Potential Metric=0.1827, Entropy Metric=0.0535]

Epoch 71:  97%|█████████▋| 31/32 [00:07<00:00,  4.41it/s][A
Training Epochs:  71%|███████   | 71/100 [08:09<03:36,  7.47s/it, -ELBO=0.5125, Potential Metric=0.1989, Entropy Metric=0.0530]

Epoch 71: 100%|██████████| 32/32 [00:07<00:00,  4.33it/s][A

                                                         [A
Training Epochs:  72%|███████▏  | 72/100 [08:09<03:30,  7.52s/it, -ELBO=0.5125, Potential Metric=0.1989, Entropy Metric=0.0530]

Epoch 72:   0%|          | 0/32 [00:00<?, ?it/s][A
Training Epochs:  72%|███████▏  | 72/100 [08:09<03:30,  7.52s/it, -ELBO=0.5394, Potential Metric=0.1928, Entropy Metric=0.0513]

Epoch 72:   3%|▎         | 1/32 [00:00<00:08,  3.70it/s][A
Training Epochs:  72%|███████▏  | 72/100 [08:09<03:30,  7.52s/it, -ELBO=0.5121, Potential Metric=0.1785, Entropy Metric=0.0544]

Epoch 72:   6%|▋         | 2/32 [00:00<00:06,  4.41it/s][A
Training Epochs:  72%|███████▏  | 72/100 [08:09<03:30,  7.52s/it, -ELBO=0.5401, Potential Metric=0.1954, Entropy Metric=0.0529]

Epoch 72:   9%|▉         | 3/32 [00:00<00:06,  4.46it/s][A
Training Epochs:  72%|███████▏  | 72/100 [08:10<03:30,  7.52s/it, -ELBO=0.4983, Potential Metric=0.1936, Entropy Metric=0.0537]

Epoch 72:  12%|█▎        | 4/32 [00:00<00:06,  4.20it/s][A
Training Epochs:  72%|███████▏  | 72/100 [08:10<03:30,  7.52s/it, -ELBO=0.5445, Potential Metric=0.1726, Entropy Metric=0.0507]

Epoch 72:  16%|█▌        | 5/32 [00:01<00:06,  4.14it/s][A
Training Epochs:  72%|███████▏  | 72/100 [08:10<03:30,  7.52s/it, -ELBO=0.5248, Potential Metric=0.1872, Entropy Metric=0.0548]

Epoch 72:  19%|█▉        | 6/32 [00:01<00:06,  4.18it/s][A
Training Epochs:  72%|███████▏  | 72/100 [08:10<03:30,  7.52s/it, -ELBO=0.5402, Potential Metric=0.1779, Entropy Metric=0.0513]

Epoch 72:  22%|██▏       | 7/32 [00:01<00:06,  4.13it/s][A
Training Epochs:  72%|███████▏  | 72/100 [08:11<03:30,  7.52s/it, -ELBO=0.5131, Potential Metric=0.2027, Entropy Metric=0.0523]

Epoch 72:  25%|██▌       | 8/32 [00:01<00:05,  4.18it/s][A
Training Epochs:  72%|███████▏  | 72/100 [08:11<03:30,  7.52s/it, -ELBO=0.5275, Potential Metric=0.1899, Entropy Metric=0.0543]

Epoch 72:  28%|██▊       | 9/32 [00:02<00:05,  4.07it/s][A
Training Epochs:  72%|███████▏  | 72/100 [08:11<03:30,  7.52s/it, -ELBO=0.4808, Potential Metric=0.1923, Entropy Metric=0.0535]

Epoch 72:  31%|███▏      | 10/32 [00:02<00:05,  4.13it/s][A
Training Epochs:  72%|███████▏  | 72/100 [08:11<03:30,  7.52s/it, -ELBO=0.5351, Potential Metric=0.1803, Entropy Metric=0.0463]

Epoch 72:  34%|███▍      | 11/32 [00:02<00:05,  3.94it/s][A
Training Epochs:  72%|███████▏  | 72/100 [08:12<03:30,  7.52s/it, -ELBO=0.5106, Potential Metric=0.1855, Entropy Metric=0.0512]

Epoch 72:  38%|███▊      | 12/32 [00:02<00:04,  4.01it/s][A
Training Epochs:  72%|███████▏  | 72/100 [08:12<03:30,  7.52s/it, -ELBO=0.4904, Potential Metric=0.1801, Entropy Metric=0.0534]

Epoch 72:  41%|████      | 13/32 [00:03<00:04,  4.11it/s][A
Training Epochs:  72%|███████▏  | 72/100 [08:12<03:30,  7.52s/it, -ELBO=0.4951, Potential Metric=0.1807, Entropy Metric=0.0497]

Epoch 72:  44%|████▍     | 14/32 [00:03<00:04,  4.32it/s][A
Training Epochs:  72%|███████▏  | 72/100 [08:12<03:30,  7.52s/it, -ELBO=0.5145, Potential Metric=0.1794, Entropy Metric=0.0484]

Epoch 72:  47%|████▋     | 15/32 [00:03<00:03,  4.26it/s][A
Training Epochs:  72%|███████▏  | 72/100 [08:13<03:30,  7.52s/it, -ELBO=0.4927, Potential Metric=0.1782, Entropy Metric=0.0473]

Epoch 72:  50%|█████     | 16/32 [00:03<00:03,  4.21it/s][A
Training Epochs:  72%|███████▏  | 72/100 [08:13<03:30,  7.52s/it, -ELBO=0.4998, Potential Metric=0.1736, Entropy Metric=0.0461]

Epoch 72:  53%|█████▎    | 17/32 [00:04<00:03,  4.22it/s][A
Training Epochs:  72%|███████▏  | 72/100 [08:13<03:30,  7.52s/it, -ELBO=0.5180, Potential Metric=0.1720, Entropy Metric=0.0489]

Epoch 72:  56%|█████▋    | 18/32 [00:04<00:03,  4.25it/s][A
Training Epochs:  72%|███████▏  | 72/100 [08:13<03:30,  7.52s/it, -ELBO=0.4856, Potential Metric=0.1910, Entropy Metric=0.0501]

Epoch 72:  59%|█████▉    | 19/32 [00:04<00:02,  4.42it/s][A
Training Epochs:  72%|███████▏  | 72/100 [08:14<03:30,  7.52s/it, -ELBO=0.4677, Potential Metric=0.1960, Entropy Metric=0.0482]

Epoch 72:  62%|██████▎   | 20/32 [00:04<00:02,  4.34it/s][A
Training Epochs:  72%|███████▏  | 72/100 [08:14<03:30,  7.52s/it, -ELBO=0.4998, Potential Metric=0.1851, Entropy Metric=0.0473]

Epoch 72:  66%|██████▌   | 21/32 [00:04<00:02,  4.39it/s][A
Training Epochs:  72%|███████▏  | 72/100 [08:14<03:30,  7.52s/it, -ELBO=0.5033, Potential Metric=0.1812, Entropy Metric=0.0497]

Epoch 72:  69%|██████▉   | 22/32 [00:05<00:02,  4.32it/s][A
Training Epochs:  72%|███████▏  | 72/100 [08:14<03:30,  7.52s/it, -ELBO=0.5097, Potential Metric=0.2012, Entropy Metric=0.0510]

Epoch 72:  72%|███████▏  | 23/32 [00:05<00:02,  4.23it/s][A
Training Epochs:  72%|███████▏  | 72/100 [08:14<03:30,  7.52s/it, -ELBO=0.4835, Potential Metric=0.1795, Entropy Metric=0.0488]

Epoch 72:  75%|███████▌  | 24/32 [00:05<00:01,  4.18it/s][A
Training Epochs:  72%|███████▏  | 72/100 [08:15<03:30,  7.52s/it, -ELBO=0.5193, Potential Metric=0.1896, Entropy Metric=0.0497]

Epoch 72:  78%|███████▊  | 25/32 [00:05<00:01,  4.27it/s][A
Training Epochs:  72%|███████▏  | 72/100 [08:15<03:30,  7.52s/it, -ELBO=0.4825, Potential Metric=0.1872, Entropy Metric=0.0495]

Epoch 72:  81%|████████▏ | 26/32 [00:06<00:01,  4.24it/s][A
Training Epochs:  72%|███████▏  | 72/100 [08:15<03:30,  7.52s/it, -ELBO=0.5452, Potential Metric=0.1703, Entropy Metric=0.0450]

Epoch 72:  84%|████████▍ | 27/32 [00:06<00:01,  4.31it/s][A
Training Epochs:  72%|███████▏  | 72/100 [08:15<03:30,  7.52s/it, -ELBO=0.4703, Potential Metric=0.1870, Entropy Metric=0.0508]

Epoch 72:  88%|████████▊ | 28/32 [00:06<00:00,  4.23it/s][A
Training Epochs:  72%|███████▏  | 72/100 [08:16<03:30,  7.52s/it, -ELBO=0.4870, Potential Metric=0.1917, Entropy Metric=0.0513]

Epoch 72:  91%|█████████ | 29/32 [00:06<00:00,  4.41it/s][A
Training Epochs:  72%|███████▏  | 72/100 [08:16<03:30,  7.52s/it, -ELBO=0.4828, Potential Metric=0.1718, Entropy Metric=0.0466]

Epoch 72:  94%|█████████▍| 30/32 [00:07<00:00,  4.41it/s][A
Training Epochs:  72%|███████▏  | 72/100 [08:16<03:30,  7.52s/it, -ELBO=0.4547, Potential Metric=0.1868, Entropy Metric=0.0491]

Epoch 72:  97%|█████████▋| 31/32 [00:07<00:00,  4.44it/s][A
Training Epochs:  72%|███████▏  | 72/100 [08:16<03:30,  7.52s/it, -ELBO=0.5188, Potential Metric=0.1645, Entropy Metric=0.0483]

Epoch 72: 100%|██████████| 32/32 [00:07<00:00,  4.35it/s][A

                                                         [A
Training Epochs:  73%|███████▎  | 73/100 [08:16<03:24,  7.58s/it, -ELBO=0.5188, Potential Metric=0.1645, Entropy Metric=0.0483]

Epoch 73:   0%|          | 0/32 [00:00<?, ?it/s][A
Training Epochs:  73%|███████▎  | 73/100 [08:17<03:24,  7.58s/it, -ELBO=0.5425, Potential Metric=0.1784, Entropy Metric=0.0499]

Epoch 73:   3%|▎         | 1/32 [00:00<00:08,  3.79it/s][A
Training Epochs:  73%|███████▎  | 73/100 [08:17<03:24,  7.58s/it, -ELBO=0.4829, Potential Metric=0.1735, Entropy Metric=0.0532]

Epoch 73:   6%|▋         | 2/32 [00:00<00:07,  4.26it/s][A
Training Epochs:  73%|███████▎  | 73/100 [08:17<03:24,  7.58s/it, -ELBO=0.4837, Potential Metric=0.1660, Entropy Metric=0.0537]

Epoch 73:   9%|▉         | 3/32 [00:00<00:06,  4.46it/s][A
Training Epochs:  73%|███████▎  | 73/100 [08:17<03:24,  7.58s/it, -ELBO=0.5029, Potential Metric=0.1713, Entropy Metric=0.0559]

Epoch 73:  12%|█▎        | 4/32 [00:00<00:06,  4.42it/s][A
Training Epochs:  73%|███████▎  | 73/100 [08:18<03:24,  7.58s/it, -ELBO=0.5154, Potential Metric=0.1962, Entropy Metric=0.0530]

Epoch 73:  16%|█▌        | 5/32 [00:01<00:06,  4.38it/s][A
Training Epochs:  73%|███████▎  | 73/100 [08:18<03:24,  7.58s/it, -ELBO=0.5084, Potential Metric=0.1840, Entropy Metric=0.0556]

Epoch 73:  19%|█▉        | 6/32 [00:01<00:06,  4.32it/s][A
Training Epochs:  73%|███████▎  | 73/100 [08:18<03:24,  7.58s/it, -ELBO=0.5238, Potential Metric=0.1840, Entropy Metric=0.0548]

Epoch 73:  22%|██▏       | 7/32 [00:01<00:05,  4.29it/s][A
Training Epochs:  73%|███████▎  | 73/100 [08:18<03:24,  7.58s/it, -ELBO=0.4799, Potential Metric=0.1799, Entropy Metric=0.0535]

Epoch 73:  25%|██▌       | 8/32 [00:01<00:05,  4.23it/s][A
Training Epochs:  73%|███████▎  | 73/100 [08:19<03:24,  7.58s/it, -ELBO=0.4960, Potential Metric=0.1866, Entropy Metric=0.0560]

Epoch 73:  28%|██▊       | 9/32 [00:02<00:05,  4.34it/s][A
Training Epochs:  73%|███████▎  | 73/100 [08:19<03:24,  7.58s/it, -ELBO=0.5179, Potential Metric=0.1957, Entropy Metric=0.0529]

Epoch 73:  31%|███▏      | 10/32 [00:02<00:05,  4.33it/s][A
Training Epochs:  73%|███████▎  | 73/100 [08:19<03:24,  7.58s/it, -ELBO=0.4859, Potential Metric=0.1794, Entropy Metric=0.0516]

Epoch 73:  34%|███▍      | 11/32 [00:02<00:04,  4.43it/s][A
Training Epochs:  73%|███████▎  | 73/100 [08:19<03:24,  7.58s/it, -ELBO=0.4749, Potential Metric=0.1796, Entropy Metric=0.0522]

Epoch 73:  38%|███▊      | 12/32 [00:02<00:04,  4.55it/s][A
Training Epochs:  73%|███████▎  | 73/100 [08:19<03:24,  7.58s/it, -ELBO=0.5400, Potential Metric=0.2094, Entropy Metric=0.0529]

Epoch 73:  41%|████      | 13/32 [00:02<00:04,  4.56it/s][A
Training Epochs:  73%|███████▎  | 73/100 [08:20<03:24,  7.58s/it, -ELBO=0.4808, Potential Metric=0.1936, Entropy Metric=0.0519]

Epoch 73:  44%|████▍     | 14/32 [00:03<00:03,  4.65it/s][A
Training Epochs:  73%|███████▎  | 73/100 [08:20<03:24,  7.58s/it, -ELBO=0.5324, Potential Metric=0.1789, Entropy Metric=0.0534]

Epoch 73:  47%|████▋     | 15/32 [00:03<00:03,  4.67it/s][A
Training Epochs:  73%|███████▎  | 73/100 [08:20<03:24,  7.58s/it, -ELBO=0.4805, Potential Metric=0.2155, Entropy Metric=0.0621]

Epoch 73:  50%|█████     | 16/32 [00:03<00:03,  4.58it/s][A
Training Epochs:  73%|███████▎  | 73/100 [08:20<03:24,  7.58s/it, -ELBO=0.5092, Potential Metric=0.1923, Entropy Metric=0.0539]

Epoch 73:  53%|█████▎    | 17/32 [00:03<00:03,  4.43it/s][A
Training Epochs:  73%|███████▎  | 73/100 [08:21<03:24,  7.58s/it, -ELBO=0.5102, Potential Metric=0.1837, Entropy Metric=0.0577]

Epoch 73:  56%|█████▋    | 18/32 [00:04<00:03,  4.48it/s][A
Training Epochs:  73%|███████▎  | 73/100 [08:21<03:24,  7.58s/it, -ELBO=0.4918, Potential Metric=0.1851, Entropy Metric=0.0559]

Epoch 73:  59%|█████▉    | 19/32 [00:04<00:02,  4.63it/s][A
Training Epochs:  73%|███████▎  | 73/100 [08:21<03:24,  7.58s/it, -ELBO=0.5143, Potential Metric=0.1863, Entropy Metric=0.0512]

Epoch 73:  62%|██████▎   | 20/32 [00:04<00:02,  4.60it/s][A
Training Epochs:  73%|███████▎  | 73/100 [08:21<03:24,  7.58s/it, -ELBO=0.5390, Potential Metric=0.1796, Entropy Metric=0.0545]

Epoch 73:  66%|██████▌   | 21/32 [00:04<00:02,  4.35it/s][A
Training Epochs:  73%|███████▎  | 73/100 [08:21<03:24,  7.58s/it, -ELBO=0.4888, Potential Metric=0.1883, Entropy Metric=0.0549]

Epoch 73:  69%|██████▉   | 22/32 [00:04<00:02,  4.32it/s][A
Training Epochs:  73%|███████▎  | 73/100 [08:22<03:24,  7.58s/it, -ELBO=0.4922, Potential Metric=0.1840, Entropy Metric=0.0516]

Epoch 73:  72%|███████▏  | 23/32 [00:05<00:02,  4.48it/s][A
Training Epochs:  73%|███████▎  | 73/100 [08:22<03:24,  7.58s/it, -ELBO=0.4982, Potential Metric=0.1944, Entropy Metric=0.0508]

Epoch 73:  75%|███████▌  | 24/32 [00:05<00:01,  4.40it/s][A
Training Epochs:  73%|███████▎  | 73/100 [08:22<03:24,  7.58s/it, -ELBO=0.4835, Potential Metric=0.1897, Entropy Metric=0.0516]

Epoch 73:  78%|███████▊  | 25/32 [00:05<00:01,  4.42it/s][A
Training Epochs:  73%|███████▎  | 73/100 [08:22<03:24,  7.58s/it, -ELBO=0.5700, Potential Metric=0.1824, Entropy Metric=0.0507]

Epoch 73:  81%|████████▏ | 26/32 [00:05<00:01,  4.40it/s][A
Training Epochs:  73%|███████▎  | 73/100 [08:23<03:24,  7.58s/it, -ELBO=0.4931, Potential Metric=0.1811, Entropy Metric=0.0490]

Epoch 73:  84%|████████▍ | 27/32 [00:06<00:01,  4.47it/s][A
Training Epochs:  73%|███████▎  | 73/100 [08:23<03:24,  7.58s/it, -ELBO=0.5119, Potential Metric=0.1756, Entropy Metric=0.0503]

Epoch 73:  88%|████████▊ | 28/32 [00:06<00:00,  4.53it/s][A
Training Epochs:  73%|███████▎  | 73/100 [08:23<03:24,  7.58s/it, -ELBO=0.4728, Potential Metric=0.1858, Entropy Metric=0.0528]

Epoch 73:  91%|█████████ | 29/32 [00:06<00:00,  4.44it/s][A
Training Epochs:  73%|███████▎  | 73/100 [08:23<03:24,  7.58s/it, -ELBO=0.4560, Potential Metric=0.1712, Entropy Metric=0.0523]

Epoch 73:  94%|█████████▍| 30/32 [00:06<00:00,  4.59it/s][A
Training Epochs:  73%|███████▎  | 73/100 [08:23<03:24,  7.58s/it, -ELBO=0.4896, Potential Metric=0.1713, Entropy Metric=0.0500]

Epoch 73:  97%|█████████▋| 31/32 [00:06<00:00,  4.53it/s][A
Training Epochs:  73%|███████▎  | 73/100 [08:24<03:24,  7.58s/it, -ELBO=0.4764, Potential Metric=0.1830, Entropy Metric=0.0512]

Epoch 73: 100%|██████████| 32/32 [00:07<00:00,  4.61it/s][A

                                                         [A
Training Epochs:  74%|███████▍  | 74/100 [08:24<03:15,  7.51s/it, -ELBO=0.4764, Potential Metric=0.1830, Entropy Metric=0.0512]

Epoch 74:   0%|          | 0/32 [00:00<?, ?it/s][A
Training Epochs:  74%|███████▍  | 74/100 [08:24<03:15,  7.51s/it, -ELBO=0.5125, Potential Metric=0.1737, Entropy Metric=0.0494]

Epoch 74:   3%|▎         | 1/32 [00:00<00:08,  3.85it/s][A
Training Epochs:  74%|███████▍  | 74/100 [08:24<03:15,  7.51s/it, -ELBO=0.4823, Potential Metric=0.1868, Entropy Metric=0.0495]

Epoch 74:   6%|▋         | 2/32 [00:00<00:07,  4.18it/s][A
Training Epochs:  74%|███████▍  | 74/100 [08:25<03:15,  7.51s/it, -ELBO=0.4812, Potential Metric=0.1768, Entropy Metric=0.0490]

Epoch 74:   9%|▉         | 3/32 [00:00<00:06,  4.27it/s][A
Training Epochs:  74%|███████▍  | 74/100 [08:25<03:15,  7.51s/it, -ELBO=0.4661, Potential Metric=0.1719, Entropy Metric=0.0509]

Epoch 74:  12%|█▎        | 4/32 [00:00<00:06,  4.41it/s][A
Training Epochs:  74%|███████▍  | 74/100 [08:25<03:15,  7.51s/it, -ELBO=0.4939, Potential Metric=0.2032, Entropy Metric=0.0481]

Epoch 74:  16%|█▌        | 5/32 [00:01<00:06,  4.15it/s][A
Training Epochs:  74%|███████▍  | 74/100 [08:25<03:15,  7.51s/it, -ELBO=0.5194, Potential Metric=0.2084, Entropy Metric=0.0461]

Epoch 74:  19%|█▉        | 6/32 [00:01<00:05,  4.33it/s][A
Training Epochs:  74%|███████▍  | 74/100 [08:25<03:15,  7.51s/it, -ELBO=0.5107, Potential Metric=0.1779, Entropy Metric=0.0473]

Epoch 74:  22%|██▏       | 7/32 [00:01<00:05,  4.37it/s][A
Training Epochs:  74%|███████▍  | 74/100 [08:26<03:15,  7.51s/it, -ELBO=0.4790, Potential Metric=0.1840, Entropy Metric=0.0496]

Epoch 74:  25%|██▌       | 8/32 [00:01<00:05,  4.43it/s][A
Training Epochs:  74%|███████▍  | 74/100 [08:26<03:15,  7.51s/it, -ELBO=0.5125, Potential Metric=0.1786, Entropy Metric=0.0496]

Epoch 74:  28%|██▊       | 9/32 [00:02<00:05,  4.39it/s][A
Training Epochs:  74%|███████▍  | 74/100 [08:26<03:15,  7.51s/it, -ELBO=0.4894, Potential Metric=0.1785, Entropy Metric=0.0505]

Epoch 74:  31%|███▏      | 10/32 [00:02<00:04,  4.47it/s][A
Training Epochs:  74%|███████▍  | 74/100 [08:26<03:15,  7.51s/it, -ELBO=0.5254, Potential Metric=0.1871, Entropy Metric=0.0495]

Epoch 74:  34%|███▍      | 11/32 [00:02<00:04,  4.54it/s][A
Training Epochs:  74%|███████▍  | 74/100 [08:27<03:15,  7.51s/it, -ELBO=0.4703, Potential Metric=0.1917, Entropy Metric=0.0527]

Epoch 74:  38%|███▊      | 12/32 [00:02<00:04,  4.32it/s][A
Training Epochs:  74%|███████▍  | 74/100 [08:27<03:15,  7.51s/it, -ELBO=0.5192, Potential Metric=0.1893, Entropy Metric=0.0556]

Epoch 74:  41%|████      | 13/32 [00:02<00:04,  4.45it/s][A
Training Epochs:  74%|███████▍  | 74/100 [08:27<03:15,  7.51s/it, -ELBO=0.4801, Potential Metric=0.1875, Entropy Metric=0.0540]

Epoch 74:  44%|████▍     | 14/32 [00:03<00:04,  4.36it/s][A
Training Epochs:  74%|███████▍  | 74/100 [08:27<03:15,  7.51s/it, -ELBO=0.4590, Potential Metric=0.1899, Entropy Metric=0.0527]

Epoch 74:  47%|████▋     | 15/32 [00:03<00:03,  4.37it/s][A
Training Epochs:  74%|███████▍  | 74/100 [08:28<03:15,  7.51s/it, -ELBO=0.4851, Potential Metric=0.1903, Entropy Metric=0.0504]

Epoch 74:  50%|█████     | 16/32 [00:03<00:03,  4.37it/s][A
Training Epochs:  74%|███████▍  | 74/100 [08:28<03:15,  7.51s/it, -ELBO=0.5105, Potential Metric=0.1894, Entropy Metric=0.0535]

Epoch 74:  53%|█████▎    | 17/32 [00:03<00:03,  4.50it/s][A
Training Epochs:  74%|███████▍  | 74/100 [08:28<03:15,  7.51s/it, -ELBO=0.4975, Potential Metric=0.1920, Entropy Metric=0.0468]

Epoch 74:  56%|█████▋    | 18/32 [00:04<00:03,  4.30it/s][A
Training Epochs:  74%|███████▍  | 74/100 [08:28<03:15,  7.51s/it, -ELBO=0.4791, Potential Metric=0.1704, Entropy Metric=0.0461]

Epoch 74:  59%|█████▉    | 19/32 [00:04<00:03,  4.11it/s][A
Training Epochs:  74%|███████▍  | 74/100 [08:29<03:15,  7.51s/it, -ELBO=0.5141, Potential Metric=0.1823, Entropy Metric=0.0491]

Epoch 74:  62%|██████▎   | 20/32 [00:04<00:02,  4.13it/s][A
Training Epochs:  74%|███████▍  | 74/100 [08:29<03:15,  7.51s/it, -ELBO=0.4831, Potential Metric=0.1830, Entropy Metric=0.0475]

Epoch 74:  66%|██████▌   | 21/32 [00:04<00:02,  4.31it/s][A
Training Epochs:  74%|███████▍  | 74/100 [08:29<03:15,  7.51s/it, -ELBO=0.5283, Potential Metric=0.1887, Entropy Metric=0.0467]

Epoch 74:  69%|██████▉   | 22/32 [00:05<00:02,  4.33it/s][A
Training Epochs:  74%|███████▍  | 74/100 [08:29<03:15,  7.51s/it, -ELBO=0.4873, Potential Metric=0.2106, Entropy Metric=0.0491]

Epoch 74:  72%|███████▏  | 23/32 [00:05<00:02,  4.32it/s][A
Training Epochs:  74%|███████▍  | 74/100 [08:29<03:15,  7.51s/it, -ELBO=0.4768, Potential Metric=0.1754, Entropy Metric=0.0505]

Epoch 74:  75%|███████▌  | 24/32 [00:05<00:01,  4.34it/s][A
Training Epochs:  74%|███████▍  | 74/100 [08:30<03:15,  7.51s/it, -ELBO=0.5026, Potential Metric=0.1768, Entropy Metric=0.0476]

Epoch 74:  78%|███████▊  | 25/32 [00:05<00:01,  4.47it/s][A
Training Epochs:  74%|███████▍  | 74/100 [08:30<03:15,  7.51s/it, -ELBO=0.5155, Potential Metric=0.1874, Entropy Metric=0.0531]

Epoch 74:  81%|████████▏ | 26/32 [00:05<00:01,  4.54it/s][A
Training Epochs:  74%|███████▍  | 74/100 [08:30<03:15,  7.51s/it, -ELBO=0.4787, Potential Metric=0.1930, Entropy Metric=0.0539]

Epoch 74:  84%|████████▍ | 27/32 [00:06<00:01,  4.51it/s][A
Training Epochs:  74%|███████▍  | 74/100 [08:30<03:15,  7.51s/it, -ELBO=0.4860, Potential Metric=0.1898, Entropy Metric=0.0535]

Epoch 74:  88%|████████▊ | 28/32 [00:06<00:00,  4.41it/s][A
Training Epochs:  74%|███████▍  | 74/100 [08:31<03:15,  7.51s/it, -ELBO=0.5246, Potential Metric=0.1869, Entropy Metric=0.0530]

Epoch 74:  91%|█████████ | 29/32 [00:06<00:00,  4.38it/s][A
Training Epochs:  74%|███████▍  | 74/100 [08:31<03:15,  7.51s/it, -ELBO=0.4940, Potential Metric=0.1874, Entropy Metric=0.0536]

Epoch 74:  94%|█████████▍| 30/32 [00:06<00:00,  4.35it/s][A
Training Epochs:  74%|███████▍  | 74/100 [08:31<03:15,  7.51s/it, -ELBO=0.5012, Potential Metric=0.1781, Entropy Metric=0.0548]

Epoch 74:  97%|█████████▋| 31/32 [00:07<00:00,  4.43it/s][A
Training Epochs:  74%|███████▍  | 74/100 [08:31<03:15,  7.51s/it, -ELBO=0.5146, Potential Metric=0.1966, Entropy Metric=0.0556]

Epoch 74: 100%|██████████| 32/32 [00:07<00:00,  4.36it/s][A

                                                         [A
Training Epochs:  75%|███████▌  | 75/100 [08:31<03:07,  7.52s/it, -ELBO=0.5146, Potential Metric=0.1966, Entropy Metric=0.0556]

Epoch 75:   0%|          | 0/32 [00:00<?, ?it/s][A
Training Epochs:  75%|███████▌  | 75/100 [08:32<03:07,  7.52s/it, -ELBO=0.4859, Potential Metric=0.1911, Entropy Metric=0.0532]

Epoch 75:   3%|▎         | 1/32 [00:00<00:09,  3.31it/s][A
Training Epochs:  75%|███████▌  | 75/100 [08:32<03:07,  7.52s/it, -ELBO=0.4974, Potential Metric=0.1833, Entropy Metric=0.0498]

Epoch 75:   6%|▋         | 2/32 [00:00<00:07,  3.91it/s][A
Training Epochs:  75%|███████▌  | 75/100 [08:32<03:07,  7.52s/it, -ELBO=0.4731, Potential Metric=0.1689, Entropy Metric=0.0522]

Epoch 75:   9%|▉         | 3/32 [00:00<00:06,  4.33it/s][A
Training Epochs:  75%|███████▌  | 75/100 [08:32<03:07,  7.52s/it, -ELBO=0.4796, Potential Metric=0.1812, Entropy Metric=0.0538]

Epoch 75:  12%|█▎        | 4/32 [00:00<00:06,  4.14it/s][A
Training Epochs:  75%|███████▌  | 75/100 [08:33<03:07,  7.52s/it, -ELBO=0.4878, Potential Metric=0.1826, Entropy Metric=0.0540]

Epoch 75:  16%|█▌        | 5/32 [00:01<00:06,  4.18it/s][A
Training Epochs:  75%|███████▌  | 75/100 [08:33<03:07,  7.52s/it, -ELBO=0.5445, Potential Metric=0.1815, Entropy Metric=0.0564]

Epoch 75:  19%|█▉        | 6/32 [00:01<00:06,  4.28it/s][A
Training Epochs:  75%|███████▌  | 75/100 [08:33<03:07,  7.52s/it, -ELBO=0.5005, Potential Metric=0.1791, Entropy Metric=0.0486]

Epoch 75:  22%|██▏       | 7/32 [00:01<00:05,  4.23it/s][A
Training Epochs:  75%|███████▌  | 75/100 [08:33<03:07,  7.52s/it, -ELBO=0.5170, Potential Metric=0.1833, Entropy Metric=0.0527]

Epoch 75:  25%|██▌       | 8/32 [00:01<00:05,  4.40it/s][A
Training Epochs:  75%|███████▌  | 75/100 [08:33<03:07,  7.52s/it, -ELBO=0.5278, Potential Metric=0.1961, Entropy Metric=0.0557]

Epoch 75:  28%|██▊       | 9/32 [00:02<00:05,  4.43it/s][A
Training Epochs:  75%|███████▌  | 75/100 [08:34<03:07,  7.52s/it, -ELBO=0.4625, Potential Metric=0.1747, Entropy Metric=0.0558]

Epoch 75:  31%|███▏      | 10/32 [00:02<00:04,  4.40it/s][A
Training Epochs:  75%|███████▌  | 75/100 [08:34<03:07,  7.52s/it, -ELBO=0.5269, Potential Metric=0.1774, Entropy Metric=0.0513]

Epoch 75:  34%|███▍      | 11/32 [00:02<00:04,  4.42it/s][A
Training Epochs:  75%|███████▌  | 75/100 [08:34<03:07,  7.52s/it, -ELBO=0.4666, Potential Metric=0.1755, Entropy Metric=0.0546]

Epoch 75:  38%|███▊      | 12/32 [00:02<00:04,  4.59it/s][A
Training Epochs:  75%|███████▌  | 75/100 [08:34<03:07,  7.52s/it, -ELBO=0.4798, Potential Metric=0.1785, Entropy Metric=0.0537]

Epoch 75:  41%|████      | 13/32 [00:02<00:04,  4.67it/s][A
Training Epochs:  75%|███████▌  | 75/100 [08:35<03:07,  7.52s/it, -ELBO=0.4643, Potential Metric=0.1808, Entropy Metric=0.0534]

Epoch 75:  44%|████▍     | 14/32 [00:03<00:03,  4.55it/s][A
Training Epochs:  75%|███████▌  | 75/100 [08:35<03:07,  7.52s/it, -ELBO=0.4893, Potential Metric=0.1845, Entropy Metric=0.0541]

Epoch 75:  47%|████▋     | 15/32 [00:03<00:03,  4.52it/s][A
Training Epochs:  75%|███████▌  | 75/100 [08:35<03:07,  7.52s/it, -ELBO=0.4916, Potential Metric=0.1768, Entropy Metric=0.0551]

Epoch 75:  50%|█████     | 16/32 [00:03<00:03,  4.56it/s][A
Training Epochs:  75%|███████▌  | 75/100 [08:35<03:07,  7.52s/it, -ELBO=0.4769, Potential Metric=0.2084, Entropy Metric=0.0547]

Epoch 75:  53%|█████▎    | 17/32 [00:03<00:03,  4.72it/s][A
Training Epochs:  75%|███████▌  | 75/100 [08:35<03:07,  7.52s/it, -ELBO=0.4836, Potential Metric=0.1855, Entropy Metric=0.0545]

Epoch 75:  56%|█████▋    | 18/32 [00:04<00:02,  4.82it/s][A
Training Epochs:  75%|███████▌  | 75/100 [08:36<03:07,  7.52s/it, -ELBO=0.4868, Potential Metric=0.1780, Entropy Metric=0.0530]

Epoch 75:  59%|█████▉    | 19/32 [00:04<00:02,  4.40it/s][A
Training Epochs:  75%|███████▌  | 75/100 [08:36<03:07,  7.52s/it, -ELBO=0.4761, Potential Metric=0.1685, Entropy Metric=0.0525]

Epoch 75:  62%|██████▎   | 20/32 [00:04<00:02,  4.41it/s][A
Training Epochs:  75%|███████▌  | 75/100 [08:36<03:07,  7.52s/it, -ELBO=0.4964, Potential Metric=0.1899, Entropy Metric=0.0548]

Epoch 75:  66%|██████▌   | 21/32 [00:04<00:02,  4.61it/s][A
Training Epochs:  75%|███████▌  | 75/100 [08:36<03:07,  7.52s/it, -ELBO=0.5098, Potential Metric=0.1893, Entropy Metric=0.0555]

Epoch 75:  69%|██████▉   | 22/32 [00:04<00:02,  4.66it/s][A
Training Epochs:  75%|███████▌  | 75/100 [08:37<03:07,  7.52s/it, -ELBO=0.5097, Potential Metric=0.1821, Entropy Metric=0.0519]

Epoch 75:  72%|███████▏  | 23/32 [00:05<00:02,  3.86it/s][A
Training Epochs:  75%|███████▌  | 75/100 [08:37<03:07,  7.52s/it, -ELBO=0.5054, Potential Metric=0.1882, Entropy Metric=0.0545]

Epoch 75:  75%|███████▌  | 24/32 [00:05<00:01,  4.09it/s][A
Training Epochs:  75%|███████▌  | 75/100 [08:37<03:07,  7.52s/it, -ELBO=0.4814, Potential Metric=0.1768, Entropy Metric=0.0502]

Epoch 75:  78%|███████▊  | 25/32 [00:05<00:01,  4.28it/s][A
Training Epochs:  75%|███████▌  | 75/100 [08:37<03:07,  7.52s/it, -ELBO=0.4803, Potential Metric=0.1966, Entropy Metric=0.0562]

Epoch 75:  81%|████████▏ | 26/32 [00:05<00:01,  4.26it/s][A
Training Epochs:  75%|███████▌  | 75/100 [08:37<03:07,  7.52s/it, -ELBO=0.4354, Potential Metric=0.1802, Entropy Metric=0.0556]

Epoch 75:  84%|████████▍ | 27/32 [00:06<00:01,  4.47it/s][A
Training Epochs:  75%|███████▌  | 75/100 [08:38<03:07,  7.52s/it, -ELBO=0.5078, Potential Metric=0.1857, Entropy Metric=0.0540]

Epoch 75:  88%|████████▊ | 28/32 [00:06<00:00,  4.53it/s][A
Training Epochs:  75%|███████▌  | 75/100 [08:38<03:07,  7.52s/it, -ELBO=0.4975, Potential Metric=0.2079, Entropy Metric=0.0591]

Epoch 75:  91%|█████████ | 29/32 [00:06<00:00,  4.54it/s][A
Training Epochs:  75%|███████▌  | 75/100 [08:38<03:07,  7.52s/it, -ELBO=0.4971, Potential Metric=0.1721, Entropy Metric=0.0533]

Epoch 75:  94%|█████████▍| 30/32 [00:06<00:00,  4.53it/s][A
Training Epochs:  75%|███████▌  | 75/100 [08:38<03:07,  7.52s/it, -ELBO=0.4892, Potential Metric=0.2057, Entropy Metric=0.0543]

Epoch 75:  97%|█████████▋| 31/32 [00:07<00:00,  4.52it/s][A
Training Epochs:  75%|███████▌  | 75/100 [08:39<03:07,  7.52s/it, -ELBO=0.5041, Potential Metric=0.1986, Entropy Metric=0.0573]

Epoch 75: 100%|██████████| 32/32 [00:07<00:00,  4.61it/s][A

                                                         [A
Training Epochs:  76%|███████▌  | 76/100 [08:39<02:59,  7.48s/it, -ELBO=0.5041, Potential Metric=0.1986, Entropy Metric=0.0573]

Epoch 76:   0%|          | 0/32 [00:00<?, ?it/s][A
Training Epochs:  76%|███████▌  | 76/100 [08:39<02:59,  7.48s/it, -ELBO=0.5133, Potential Metric=0.1900, Entropy Metric=0.0518]

Epoch 76:   3%|▎         | 1/32 [00:00<00:08,  3.59it/s][A
Training Epochs:  76%|███████▌  | 76/100 [08:39<02:59,  7.48s/it, -ELBO=0.5091, Potential Metric=0.1998, Entropy Metric=0.0561]

Epoch 76:   6%|▋         | 2/32 [00:00<00:07,  4.03it/s][A
Training Epochs:  76%|███████▌  | 76/100 [08:40<02:59,  7.48s/it, -ELBO=0.4590, Potential Metric=0.1781, Entropy Metric=0.0568]

Epoch 76:   9%|▉         | 3/32 [00:00<00:06,  4.36it/s][A
Training Epochs:  76%|███████▌  | 76/100 [08:40<02:59,  7.48s/it, -ELBO=0.4532, Potential Metric=0.1963, Entropy Metric=0.0565]

Epoch 76:  12%|█▎        | 4/32 [00:00<00:06,  4.24it/s][A
Training Epochs:  76%|███████▌  | 76/100 [08:40<02:59,  7.48s/it, -ELBO=0.5158, Potential Metric=0.1795, Entropy Metric=0.0547]

Epoch 76:  16%|█▌        | 5/32 [00:01<00:06,  4.21it/s][A
Training Epochs:  76%|███████▌  | 76/100 [08:40<02:59,  7.48s/it, -ELBO=0.4979, Potential Metric=0.1824, Entropy Metric=0.0514]

Epoch 76:  19%|█▉        | 6/32 [00:01<00:05,  4.36it/s][A
Training Epochs:  76%|███████▌  | 76/100 [08:40<02:59,  7.48s/it, -ELBO=0.5171, Potential Metric=0.1767, Entropy Metric=0.0505]

Epoch 76:  22%|██▏       | 7/32 [00:01<00:05,  4.49it/s][A
Training Epochs:  76%|███████▌  | 76/100 [08:41<02:59,  7.48s/it, -ELBO=0.4563, Potential Metric=0.1873, Entropy Metric=0.0525]

Epoch 76:  25%|██▌       | 8/32 [00:01<00:05,  4.58it/s][A
Training Epochs:  76%|███████▌  | 76/100 [08:41<02:59,  7.48s/it, -ELBO=0.4734, Potential Metric=0.1913, Entropy Metric=0.0500]

Epoch 76:  28%|██▊       | 9/32 [00:02<00:05,  4.57it/s][A
Training Epochs:  76%|███████▌  | 76/100 [08:41<02:59,  7.48s/it, -ELBO=0.4971, Potential Metric=0.1847, Entropy Metric=0.0484]

Epoch 76:  31%|███▏      | 10/32 [00:02<00:04,  4.64it/s][A
Training Epochs:  76%|███████▌  | 76/100 [08:41<02:59,  7.48s/it, -ELBO=0.4944, Potential Metric=0.1880, Entropy Metric=0.0474]

Epoch 76:  34%|███▍      | 11/32 [00:02<00:04,  4.72it/s][A
Training Epochs:  76%|███████▌  | 76/100 [08:41<02:59,  7.48s/it, -ELBO=0.4761, Potential Metric=0.1870, Entropy Metric=0.0488]

Epoch 76:  38%|███▊      | 12/32 [00:02<00:04,  4.69it/s][A
Training Epochs:  76%|███████▌  | 76/100 [08:42<02:59,  7.48s/it, -ELBO=0.5320, Potential Metric=0.2038, Entropy Metric=0.0515]

Epoch 76:  41%|████      | 13/32 [00:02<00:03,  4.77it/s][A
Training Epochs:  76%|███████▌  | 76/100 [08:42<02:59,  7.48s/it, -ELBO=0.4750, Potential Metric=0.1728, Entropy Metric=0.0537]

Epoch 76:  44%|████▍     | 14/32 [00:03<00:03,  4.56it/s][A
Training Epochs:  76%|███████▌  | 76/100 [08:42<02:59,  7.48s/it, -ELBO=0.5070, Potential Metric=0.1997, Entropy Metric=0.0510]

Epoch 76:  47%|████▋     | 15/32 [00:03<00:03,  4.65it/s][A
Training Epochs:  76%|███████▌  | 76/100 [08:42<02:59,  7.48s/it, -ELBO=0.4850, Potential Metric=0.1771, Entropy Metric=0.0500]

Epoch 76:  50%|█████     | 16/32 [00:03<00:03,  4.49it/s][A
Training Epochs:  76%|███████▌  | 76/100 [08:43<02:59,  7.48s/it, -ELBO=0.4995, Potential Metric=0.1781, Entropy Metric=0.0505]

Epoch 76:  53%|█████▎    | 17/32 [00:03<00:03,  4.61it/s][A
Training Epochs:  76%|███████▌  | 76/100 [08:43<02:59,  7.48s/it, -ELBO=0.5026, Potential Metric=0.1862, Entropy Metric=0.0489]

Epoch 76:  56%|█████▋    | 18/32 [00:03<00:03,  4.57it/s][A
Training Epochs:  76%|███████▌  | 76/100 [08:43<02:59,  7.48s/it, -ELBO=0.4476, Potential Metric=0.1908, Entropy Metric=0.0528]

Epoch 76:  59%|█████▉    | 19/32 [00:04<00:02,  4.59it/s][A
Training Epochs:  76%|███████▌  | 76/100 [08:43<02:59,  7.48s/it, -ELBO=0.4821, Potential Metric=0.1922, Entropy Metric=0.0536]

Epoch 76:  62%|██████▎   | 20/32 [00:04<00:02,  4.59it/s][A
Training Epochs:  76%|███████▌  | 76/100 [08:43<02:59,  7.48s/it, -ELBO=0.4853, Potential Metric=0.1905, Entropy Metric=0.0489]

Epoch 76:  66%|██████▌   | 21/32 [00:04<00:02,  4.62it/s][A
Training Epochs:  76%|███████▌  | 76/100 [08:44<02:59,  7.48s/it, -ELBO=0.4519, Potential Metric=0.1824, Entropy Metric=0.0516]

Epoch 76:  69%|██████▉   | 22/32 [00:04<00:02,  4.36it/s][A
Training Epochs:  76%|███████▌  | 76/100 [08:44<02:59,  7.48s/it, -ELBO=0.4825, Potential Metric=0.1667, Entropy Metric=0.0466]

Epoch 76:  72%|███████▏  | 23/32 [00:05<00:01,  4.51it/s][A
Training Epochs:  76%|███████▌  | 76/100 [08:44<02:59,  7.48s/it, -ELBO=0.4902, Potential Metric=0.1809, Entropy Metric=0.0476]

Epoch 76:  75%|███████▌  | 24/32 [00:05<00:01,  4.57it/s][A
Training Epochs:  76%|███████▌  | 76/100 [08:44<02:59,  7.48s/it, -ELBO=0.4494, Potential Metric=0.1765, Entropy Metric=0.0490]

Epoch 76:  78%|███████▊  | 25/32 [00:05<00:01,  4.61it/s][A
Training Epochs:  76%|███████▌  | 76/100 [08:45<02:59,  7.48s/it, -ELBO=0.4890, Potential Metric=0.1761, Entropy Metric=0.0486]

Epoch 76:  81%|████████▏ | 26/32 [00:05<00:01,  4.39it/s][A
Training Epochs:  76%|███████▌  | 76/100 [08:45<02:59,  7.48s/it, -ELBO=0.4876, Potential Metric=0.1860, Entropy Metric=0.0466]

Epoch 76:  84%|████████▍ | 27/32 [00:06<00:01,  4.40it/s][A
Training Epochs:  76%|███████▌  | 76/100 [08:45<02:59,  7.48s/it, -ELBO=0.5293, Potential Metric=0.1846, Entropy Metric=0.0520]

Epoch 76:  88%|████████▊ | 28/32 [00:06<00:00,  4.45it/s][A
Training Epochs:  76%|███████▌  | 76/100 [08:45<02:59,  7.48s/it, -ELBO=0.4885, Potential Metric=0.1831, Entropy Metric=0.0500]

Epoch 76:  91%|█████████ | 29/32 [00:06<00:00,  4.63it/s][A
Training Epochs:  76%|███████▌  | 76/100 [08:45<02:59,  7.48s/it, -ELBO=0.4841, Potential Metric=0.1758, Entropy Metric=0.0516]

Epoch 76:  94%|█████████▍| 30/32 [00:06<00:00,  4.59it/s][A
Training Epochs:  76%|███████▌  | 76/100 [08:46<02:59,  7.48s/it, -ELBO=0.4860, Potential Metric=0.1987, Entropy Metric=0.0518]

Epoch 76:  97%|█████████▋| 31/32 [00:06<00:00,  4.63it/s][A
Training Epochs:  76%|███████▌  | 76/100 [08:46<02:59,  7.48s/it, -ELBO=0.4830, Potential Metric=0.2013, Entropy Metric=0.0523]

Epoch 76: 100%|██████████| 32/32 [00:07<00:00,  4.60it/s][A

                                                         [A
Training Epochs:  77%|███████▋  | 77/100 [08:46<02:50,  7.42s/it, -ELBO=0.4830, Potential Metric=0.2013, Entropy Metric=0.0523]

Epoch 77:   0%|          | 0/32 [00:00<?, ?it/s][A
Training Epochs:  77%|███████▋  | 77/100 [08:46<02:50,  7.42s/it, -ELBO=0.4555, Potential Metric=0.1808, Entropy Metric=0.0513]

Epoch 77:   3%|▎         | 1/32 [00:00<00:07,  4.01it/s][A
Training Epochs:  77%|███████▋  | 77/100 [08:46<02:50,  7.42s/it, -ELBO=0.4523, Potential Metric=0.1820, Entropy Metric=0.0517]

Epoch 77:   6%|▋         | 2/32 [00:00<00:06,  4.36it/s][A
Training Epochs:  77%|███████▋  | 77/100 [08:47<02:50,  7.42s/it, -ELBO=0.4681, Potential Metric=0.1971, Entropy Metric=0.0515]

Epoch 77:   9%|▉         | 3/32 [00:00<00:06,  4.51it/s][A
Training Epochs:  77%|███████▋  | 77/100 [08:47<02:50,  7.42s/it, -ELBO=0.4984, Potential Metric=0.1919, Entropy Metric=0.0520]

Epoch 77:  12%|█▎        | 4/32 [00:00<00:05,  4.67it/s][A
Training Epochs:  77%|███████▋  | 77/100 [08:47<02:50,  7.42s/it, -ELBO=0.4992, Potential Metric=0.1913, Entropy Metric=0.0537]

Epoch 77:  16%|█▌        | 5/32 [00:01<00:05,  4.57it/s][A
Training Epochs:  77%|███████▋  | 77/100 [08:47<02:50,  7.42s/it, -ELBO=0.4373, Potential Metric=0.1881, Entropy Metric=0.0540]

Epoch 77:  19%|█▉        | 6/32 [00:01<00:05,  4.66it/s][A
Training Epochs:  77%|███████▋  | 77/100 [08:48<02:50,  7.42s/it, -ELBO=0.4488, Potential Metric=0.2031, Entropy Metric=0.0546]

Epoch 77:  22%|██▏       | 7/32 [00:01<00:05,  4.49it/s][A
Training Epochs:  77%|███████▋  | 77/100 [08:48<02:50,  7.42s/it, -ELBO=0.4863, Potential Metric=0.2184, Entropy Metric=0.0547]

Epoch 77:  25%|██▌       | 8/32 [00:01<00:05,  4.25it/s][A
Training Epochs:  77%|███████▋  | 77/100 [08:48<02:50,  7.42s/it, -ELBO=0.4731, Potential Metric=0.1961, Entropy Metric=0.0513]

Epoch 77:  28%|██▊       | 9/32 [00:02<00:05,  4.45it/s][A
Training Epochs:  77%|███████▋  | 77/100 [08:48<02:50,  7.42s/it, -ELBO=0.5026, Potential Metric=0.2039, Entropy Metric=0.0544]

Epoch 77:  31%|███▏      | 10/32 [00:02<00:04,  4.47it/s][A
Training Epochs:  77%|███████▋  | 77/100 [08:48<02:50,  7.42s/it, -ELBO=0.4827, Potential Metric=0.1890, Entropy Metric=0.0504]

Epoch 77:  34%|███▍      | 11/32 [00:02<00:04,  4.60it/s][A
Training Epochs:  77%|███████▋  | 77/100 [08:49<02:50,  7.42s/it, -ELBO=0.4771, Potential Metric=0.1753, Entropy Metric=0.0511]

Epoch 77:  38%|███▊      | 12/32 [00:02<00:04,  4.45it/s][A
Training Epochs:  77%|███████▋  | 77/100 [08:49<02:50,  7.42s/it, -ELBO=0.5454, Potential Metric=0.1935, Entropy Metric=0.0521]

Epoch 77:  41%|████      | 13/32 [00:02<00:04,  4.51it/s][A
Training Epochs:  77%|███████▋  | 77/100 [08:49<02:50,  7.42s/it, -ELBO=0.5098, Potential Metric=0.2087, Entropy Metric=0.0480]

Epoch 77:  44%|████▍     | 14/32 [00:03<00:03,  4.67it/s][A
Training Epochs:  77%|███████▋  | 77/100 [08:49<02:50,  7.42s/it, -ELBO=0.4770, Potential Metric=0.1958, Entropy Metric=0.0540]

Epoch 77:  47%|████▋     | 15/32 [00:03<00:03,  4.62it/s][A
Training Epochs:  77%|███████▋  | 77/100 [08:50<02:50,  7.42s/it, -ELBO=0.4720, Potential Metric=0.1836, Entropy Metric=0.0571]

Epoch 77:  50%|█████     | 16/32 [00:03<00:03,  4.51it/s][A
Training Epochs:  77%|███████▋  | 77/100 [08:50<02:50,  7.42s/it, -ELBO=0.4772, Potential Metric=0.1964, Entropy Metric=0.0536]

Epoch 77:  53%|█████▎    | 17/32 [00:03<00:03,  4.52it/s][A
Training Epochs:  77%|███████▋  | 77/100 [08:50<02:50,  7.42s/it, -ELBO=0.5172, Potential Metric=0.1876, Entropy Metric=0.0521]

Epoch 77:  56%|█████▋    | 18/32 [00:04<00:03,  4.41it/s][A
Training Epochs:  77%|███████▋  | 77/100 [08:50<02:50,  7.42s/it, -ELBO=0.4745, Potential Metric=0.1864, Entropy Metric=0.0511]

Epoch 77:  59%|█████▉    | 19/32 [00:04<00:03,  4.31it/s][A
Training Epochs:  77%|███████▋  | 77/100 [08:50<02:50,  7.42s/it, -ELBO=0.4703, Potential Metric=0.1807, Entropy Metric=0.0554]

Epoch 77:  62%|██████▎   | 20/32 [00:04<00:02,  4.50it/s][A
Training Epochs:  77%|███████▋  | 77/100 [08:51<02:50,  7.42s/it, -ELBO=0.4923, Potential Metric=0.1754, Entropy Metric=0.0518]

Epoch 77:  66%|██████▌   | 21/32 [00:04<00:02,  4.64it/s][A
Training Epochs:  77%|███████▋  | 77/100 [08:51<02:50,  7.42s/it, -ELBO=0.5169, Potential Metric=0.1702, Entropy Metric=0.0529]

Epoch 77:  69%|██████▉   | 22/32 [00:04<00:02,  4.57it/s][A
Training Epochs:  77%|███████▋  | 77/100 [08:51<02:50,  7.42s/it, -ELBO=0.4608, Potential Metric=0.1948, Entropy Metric=0.0559]

Epoch 77:  72%|███████▏  | 23/32 [00:05<00:01,  4.72it/s][A
Training Epochs:  77%|███████▋  | 77/100 [08:51<02:50,  7.42s/it, -ELBO=0.4873, Potential Metric=0.1902, Entropy Metric=0.0548]

Epoch 77:  75%|███████▌  | 24/32 [00:05<00:01,  4.66it/s][A
Training Epochs:  77%|███████▋  | 77/100 [08:51<02:50,  7.42s/it, -ELBO=0.4737, Potential Metric=0.1762, Entropy Metric=0.0556]

Epoch 77:  78%|███████▊  | 25/32 [00:05<00:01,  4.64it/s][A
Training Epochs:  77%|███████▋  | 77/100 [08:52<02:50,  7.42s/it, -ELBO=0.5308, Potential Metric=0.1788, Entropy Metric=0.0512]

Epoch 77:  81%|████████▏ | 26/32 [00:05<00:01,  4.66it/s][A
Training Epochs:  77%|███████▋  | 77/100 [08:52<02:50,  7.42s/it, -ELBO=0.4635, Potential Metric=0.1888, Entropy Metric=0.0516]

Epoch 77:  84%|████████▍ | 27/32 [00:05<00:01,  4.75it/s][A
Training Epochs:  77%|███████▋  | 77/100 [08:52<02:50,  7.42s/it, -ELBO=0.5061, Potential Metric=0.1976, Entropy Metric=0.0530]

Epoch 77:  88%|████████▊ | 28/32 [00:06<00:00,  4.77it/s][A
Training Epochs:  77%|███████▋  | 77/100 [08:52<02:50,  7.42s/it, -ELBO=0.5171, Potential Metric=0.2087, Entropy Metric=0.0518]

Epoch 77:  91%|█████████ | 29/32 [00:06<00:00,  4.68it/s][A
Training Epochs:  77%|███████▋  | 77/100 [08:53<02:50,  7.42s/it, -ELBO=0.4759, Potential Metric=0.2015, Entropy Metric=0.0573]

Epoch 77:  94%|█████████▍| 30/32 [00:06<00:00,  4.79it/s][A
Training Epochs:  77%|███████▋  | 77/100 [08:53<02:50,  7.42s/it, -ELBO=0.4448, Potential Metric=0.2019, Entropy Metric=0.0591]

Epoch 77:  97%|█████████▋| 31/32 [00:06<00:00,  4.85it/s][A
Training Epochs:  77%|███████▋  | 77/100 [08:53<02:50,  7.42s/it, -ELBO=0.4979, Potential Metric=0.1846, Entropy Metric=0.0521]

Epoch 77: 100%|██████████| 32/32 [00:06<00:00,  4.90it/s][A

                                                         [A
Training Epochs:  78%|███████▊  | 78/100 [08:53<02:40,  7.31s/it, -ELBO=0.4979, Potential Metric=0.1846, Entropy Metric=0.0521]

Epoch 78:   0%|          | 0/32 [00:00<?, ?it/s][A
Training Epochs:  78%|███████▊  | 78/100 [08:53<02:40,  7.31s/it, -ELBO=0.4807, Potential Metric=0.2004, Entropy Metric=0.0516]

Epoch 78:   3%|▎         | 1/32 [00:00<00:08,  3.87it/s][A
Training Epochs:  78%|███████▊  | 78/100 [08:54<02:40,  7.31s/it, -ELBO=0.4920, Potential Metric=0.1806, Entropy Metric=0.0514]

Epoch 78:   6%|▋         | 2/32 [00:00<00:07,  4.07it/s][A
Training Epochs:  78%|███████▊  | 78/100 [08:54<02:40,  7.31s/it, -ELBO=0.5258, Potential Metric=0.1918, Entropy Metric=0.0579]

Epoch 78:   9%|▉         | 3/32 [00:00<00:06,  4.26it/s][A
Training Epochs:  78%|███████▊  | 78/100 [08:54<02:40,  7.31s/it, -ELBO=0.4986, Potential Metric=0.1935, Entropy Metric=0.0515]

Epoch 78:  12%|█▎        | 4/32 [00:00<00:06,  4.36it/s][A
Training Epochs:  78%|███████▊  | 78/100 [08:54<02:40,  7.31s/it, -ELBO=0.4419, Potential Metric=0.1826, Entropy Metric=0.0565]

Epoch 78:  16%|█▌        | 5/32 [00:01<00:05,  4.51it/s][A
Training Epochs:  78%|███████▊  | 78/100 [08:54<02:40,  7.31s/it, -ELBO=0.5159, Potential Metric=0.1865, Entropy Metric=0.0542]

Epoch 78:  19%|█▉        | 6/32 [00:01<00:05,  4.36it/s][A
Training Epochs:  78%|███████▊  | 78/100 [08:55<02:40,  7.31s/it, -ELBO=0.4669, Potential Metric=0.1826, Entropy Metric=0.0511]

Epoch 78:  22%|██▏       | 7/32 [00:01<00:05,  4.49it/s][A
Training Epochs:  78%|███████▊  | 78/100 [08:55<02:40,  7.31s/it, -ELBO=0.4185, Potential Metric=0.1848, Entropy Metric=0.0542]

Epoch 78:  25%|██▌       | 8/32 [00:01<00:05,  4.62it/s][A
Training Epochs:  78%|███████▊  | 78/100 [08:55<02:40,  7.31s/it, -ELBO=0.4695, Potential Metric=0.2053, Entropy Metric=0.0496]

Epoch 78:  28%|██▊       | 9/32 [00:02<00:04,  4.71it/s][A
Training Epochs:  78%|███████▊  | 78/100 [08:55<02:40,  7.31s/it, -ELBO=0.4744, Potential Metric=0.1856, Entropy Metric=0.0538]

Epoch 78:  31%|███▏      | 10/32 [00:02<00:04,  4.59it/s][A
Training Epochs:  78%|███████▊  | 78/100 [08:56<02:40,  7.31s/it, -ELBO=0.4949, Potential Metric=0.1613, Entropy Metric=0.0516]

Epoch 78:  34%|███▍      | 11/32 [00:02<00:04,  4.53it/s][A
Training Epochs:  78%|███████▊  | 78/100 [08:56<02:40,  7.31s/it, -ELBO=0.4594, Potential Metric=0.1899, Entropy Metric=0.0569]

Epoch 78:  38%|███▊      | 12/32 [00:02<00:04,  4.53it/s][A
Training Epochs:  78%|███████▊  | 78/100 [08:56<02:40,  7.31s/it, -ELBO=0.4928, Potential Metric=0.1844, Entropy Metric=0.0524]

Epoch 78:  41%|████      | 13/32 [00:02<00:04,  4.44it/s][A
Training Epochs:  78%|███████▊  | 78/100 [08:56<02:40,  7.31s/it, -ELBO=0.4729, Potential Metric=0.1880, Entropy Metric=0.0534]

Epoch 78:  44%|████▍     | 14/32 [00:03<00:04,  4.24it/s][A
Training Epochs:  78%|███████▊  | 78/100 [08:56<02:40,  7.31s/it, -ELBO=0.4889, Potential Metric=0.1884, Entropy Metric=0.0529]

Epoch 78:  47%|████▋     | 15/32 [00:03<00:03,  4.30it/s][A
Training Epochs:  78%|███████▊  | 78/100 [08:57<02:40,  7.31s/it, -ELBO=0.5008, Potential Metric=0.1858, Entropy Metric=0.0526]

Epoch 78:  50%|█████     | 16/32 [00:03<00:03,  4.46it/s][A
Training Epochs:  78%|███████▊  | 78/100 [08:57<02:40,  7.31s/it, -ELBO=0.4877, Potential Metric=0.1810, Entropy Metric=0.0528]

Epoch 78:  53%|█████▎    | 17/32 [00:03<00:03,  4.28it/s][A
Training Epochs:  78%|███████▊  | 78/100 [08:57<02:40,  7.31s/it, -ELBO=0.4688, Potential Metric=0.1720, Entropy Metric=0.0567]

Epoch 78:  56%|█████▋    | 18/32 [00:04<00:03,  4.36it/s][A
Training Epochs:  78%|███████▊  | 78/100 [08:57<02:40,  7.31s/it, -ELBO=0.5053, Potential Metric=0.1911, Entropy Metric=0.0559]

Epoch 78:  59%|█████▉    | 19/32 [00:04<00:02,  4.44it/s][A
Training Epochs:  78%|███████▊  | 78/100 [08:58<02:40,  7.31s/it, -ELBO=0.4637, Potential Metric=0.1675, Entropy Metric=0.0591]

Epoch 78:  62%|██████▎   | 20/32 [00:04<00:02,  4.42it/s][A
Training Epochs:  78%|███████▊  | 78/100 [08:58<02:40,  7.31s/it, -ELBO=0.4721, Potential Metric=0.1730, Entropy Metric=0.0560]

Epoch 78:  66%|██████▌   | 21/32 [00:04<00:02,  4.51it/s][A
Training Epochs:  78%|███████▊  | 78/100 [08:58<02:40,  7.31s/it, -ELBO=0.4572, Potential Metric=0.2055, Entropy Metric=0.0576]

Epoch 78:  69%|██████▉   | 22/32 [00:04<00:02,  4.68it/s][A
Training Epochs:  78%|███████▊  | 78/100 [08:58<02:40,  7.31s/it, -ELBO=0.5046, Potential Metric=0.1846, Entropy Metric=0.0544]

Epoch 78:  72%|███████▏  | 23/32 [00:05<00:01,  4.61it/s][A
Training Epochs:  78%|███████▊  | 78/100 [08:58<02:40,  7.31s/it, -ELBO=0.4799, Potential Metric=0.2100, Entropy Metric=0.0544]

Epoch 78:  75%|███████▌  | 24/32 [00:05<00:01,  4.50it/s][A
Training Epochs:  78%|███████▊  | 78/100 [08:59<02:40,  7.31s/it, -ELBO=0.4611, Potential Metric=0.1871, Entropy Metric=0.0523]

Epoch 78:  78%|███████▊  | 25/32 [00:05<00:01,  4.38it/s][A
Training Epochs:  78%|███████▊  | 78/100 [08:59<02:40,  7.31s/it, -ELBO=0.4654, Potential Metric=0.1939, Entropy Metric=0.0483]

Epoch 78:  81%|████████▏ | 26/32 [00:05<00:01,  4.17it/s][A
Training Epochs:  78%|███████▊  | 78/100 [08:59<02:40,  7.31s/it, -ELBO=0.4851, Potential Metric=0.1980, Entropy Metric=0.0441]

Epoch 78:  84%|████████▍ | 27/32 [00:06<00:01,  4.03it/s][A
Training Epochs:  78%|███████▊  | 78/100 [08:59<02:40,  7.31s/it, -ELBO=0.5199, Potential Metric=0.1991, Entropy Metric=0.0510]

Epoch 78:  88%|████████▊ | 28/32 [00:06<00:00,  4.19it/s][A
Training Epochs:  78%|███████▊  | 78/100 [09:00<02:40,  7.31s/it, -ELBO=0.4431, Potential Metric=0.1878, Entropy Metric=0.0514]

Epoch 78:  91%|█████████ | 29/32 [00:06<00:00,  4.24it/s][A
Training Epochs:  78%|███████▊  | 78/100 [09:00<02:40,  7.31s/it, -ELBO=0.4772, Potential Metric=0.1822, Entropy Metric=0.0493]

Epoch 78:  94%|█████████▍| 30/32 [00:06<00:00,  4.30it/s][A
Training Epochs:  78%|███████▊  | 78/100 [09:00<02:40,  7.31s/it, -ELBO=0.4520, Potential Metric=0.1745, Entropy Metric=0.0536]

Epoch 78:  97%|█████████▋| 31/32 [00:07<00:00,  4.36it/s][A
Training Epochs:  78%|███████▊  | 78/100 [09:00<02:40,  7.31s/it, -ELBO=0.5127, Potential Metric=0.1965, Entropy Metric=0.0517]

Epoch 78: 100%|██████████| 32/32 [00:07<00:00,  4.39it/s][A

                                                         [A
Training Epochs:  79%|███████▉  | 79/100 [09:00<02:34,  7.34s/it, -ELBO=0.5127, Potential Metric=0.1965, Entropy Metric=0.0517]

Epoch 79:   0%|          | 0/32 [00:00<?, ?it/s][A
Training Epochs:  79%|███████▉  | 79/100 [09:01<02:34,  7.34s/it, -ELBO=0.4750, Potential Metric=0.1791, Entropy Metric=0.0510]

Epoch 79:   3%|▎         | 1/32 [00:00<00:08,  3.69it/s][A
Training Epochs:  79%|███████▉  | 79/100 [09:01<02:34,  7.34s/it, -ELBO=0.4881, Potential Metric=0.1803, Entropy Metric=0.0528]

Epoch 79:   6%|▋         | 2/32 [00:00<00:07,  4.27it/s][A
Training Epochs:  79%|███████▉  | 79/100 [09:01<02:34,  7.34s/it, -ELBO=0.5126, Potential Metric=0.1882, Entropy Metric=0.0487]

Epoch 79:   9%|▉         | 3/32 [00:00<00:06,  4.41it/s][A
Training Epochs:  79%|███████▉  | 79/100 [09:01<02:34,  7.34s/it, -ELBO=0.4510, Potential Metric=0.1907, Entropy Metric=0.0503]

Epoch 79:  12%|█▎        | 4/32 [00:00<00:06,  4.37it/s][A
Training Epochs:  79%|███████▉  | 79/100 [09:02<02:34,  7.34s/it, -ELBO=0.4668, Potential Metric=0.1847, Entropy Metric=0.0498]

Epoch 79:  16%|█▌        | 5/32 [00:01<00:06,  4.47it/s][A
Training Epochs:  79%|███████▉  | 79/100 [09:02<02:34,  7.34s/it, -ELBO=0.5420, Potential Metric=0.1966, Entropy Metric=0.0471]

Epoch 79:  19%|█▉        | 6/32 [00:01<00:05,  4.46it/s][A
Training Epochs:  79%|███████▉  | 79/100 [09:02<02:34,  7.34s/it, -ELBO=0.4560, Potential Metric=0.1885, Entropy Metric=0.0520]

Epoch 79:  22%|██▏       | 7/32 [00:01<00:05,  4.55it/s][A
Training Epochs:  79%|███████▉  | 79/100 [09:02<02:34,  7.34s/it, -ELBO=0.4652, Potential Metric=0.1854, Entropy Metric=0.0502]

Epoch 79:  25%|██▌       | 8/32 [00:01<00:05,  4.59it/s][A
Training Epochs:  79%|███████▉  | 79/100 [09:02<02:34,  7.34s/it, -ELBO=0.4874, Potential Metric=0.2058, Entropy Metric=0.0485]

Epoch 79:  28%|██▊       | 9/32 [00:02<00:05,  4.49it/s][A
Training Epochs:  79%|███████▉  | 79/100 [09:03<02:34,  7.34s/it, -ELBO=0.4493, Potential Metric=0.1865, Entropy Metric=0.0486]

Epoch 79:  31%|███▏      | 10/32 [00:02<00:04,  4.56it/s][A
Training Epochs:  79%|███████▉  | 79/100 [09:03<02:34,  7.34s/it, -ELBO=0.4639, Potential Metric=0.1796, Entropy Metric=0.0501]

Epoch 79:  34%|███▍      | 11/32 [00:02<00:04,  4.45it/s][A
Training Epochs:  79%|███████▉  | 79/100 [09:03<02:34,  7.34s/it, -ELBO=0.4592, Potential Metric=0.1808, Entropy Metric=0.0523]

Epoch 79:  38%|███▊      | 12/32 [00:02<00:04,  4.41it/s][A
Training Epochs:  79%|███████▉  | 79/100 [09:03<02:34,  7.34s/it, -ELBO=0.4928, Potential Metric=0.1792, Entropy Metric=0.0526]

Epoch 79:  41%|████      | 13/32 [00:02<00:04,  4.34it/s][A
Training Epochs:  79%|███████▉  | 79/100 [09:04<02:34,  7.34s/it, -ELBO=0.4833, Potential Metric=0.1704, Entropy Metric=0.0509]

Epoch 79:  44%|████▍     | 14/32 [00:03<00:04,  4.15it/s][A
Training Epochs:  79%|███████▉  | 79/100 [09:04<02:34,  7.34s/it, -ELBO=0.4660, Potential Metric=0.1998, Entropy Metric=0.0520]

Epoch 79:  47%|████▋     | 15/32 [00:03<00:04,  4.17it/s][A
Training Epochs:  79%|███████▉  | 79/100 [09:04<02:34,  7.34s/it, -ELBO=0.4768, Potential Metric=0.2091, Entropy Metric=0.0533]

Epoch 79:  50%|█████     | 16/32 [00:03<00:03,  4.38it/s][A
Training Epochs:  79%|███████▉  | 79/100 [09:04<02:34,  7.34s/it, -ELBO=0.4504, Potential Metric=0.1855, Entropy Metric=0.0522]

Epoch 79:  53%|█████▎    | 17/32 [00:04<00:04,  3.60it/s][A
Training Epochs:  79%|███████▉  | 79/100 [09:05<02:34,  7.34s/it, -ELBO=0.4420, Potential Metric=0.1803, Entropy Metric=0.0499]

Epoch 79:  56%|█████▋    | 18/32 [00:04<00:03,  3.85it/s][A
Training Epochs:  79%|███████▉  | 79/100 [09:05<02:34,  7.34s/it, -ELBO=0.4726, Potential Metric=0.2013, Entropy Metric=0.0521]

Epoch 79:  59%|█████▉    | 19/32 [00:04<00:03,  3.94it/s][A
Training Epochs:  79%|███████▉  | 79/100 [09:05<02:34,  7.34s/it, -ELBO=0.4562, Potential Metric=0.1886, Entropy Metric=0.0481]

Epoch 79:  62%|██████▎   | 20/32 [00:04<00:02,  4.06it/s][A
Training Epochs:  79%|███████▉  | 79/100 [09:05<02:34,  7.34s/it, -ELBO=0.4742, Potential Metric=0.1895, Entropy Metric=0.0530]

Epoch 79:  66%|██████▌   | 21/32 [00:04<00:02,  3.99it/s][A
Training Epochs:  79%|███████▉  | 79/100 [09:06<02:34,  7.34s/it, -ELBO=0.4579, Potential Metric=0.1940, Entropy Metric=0.0499]

Epoch 79:  69%|██████▉   | 22/32 [00:05<00:02,  4.17it/s][A
Training Epochs:  79%|███████▉  | 79/100 [09:06<02:34,  7.34s/it, -ELBO=0.4793, Potential Metric=0.1753, Entropy Metric=0.0505]

Epoch 79:  72%|███████▏  | 23/32 [00:05<00:02,  4.24it/s][A
Training Epochs:  79%|███████▉  | 79/100 [09:06<02:34,  7.34s/it, -ELBO=0.4839, Potential Metric=0.1912, Entropy Metric=0.0512]

Epoch 79:  75%|███████▌  | 24/32 [00:05<00:01,  4.23it/s][A
Training Epochs:  79%|███████▉  | 79/100 [09:06<02:34,  7.34s/it, -ELBO=0.5264, Potential Metric=0.2025, Entropy Metric=0.0519]

Epoch 79:  78%|███████▊  | 25/32 [00:05<00:01,  4.26it/s][A
Training Epochs:  79%|███████▉  | 79/100 [09:07<02:34,  7.34s/it, -ELBO=0.4808, Potential Metric=0.1848, Entropy Metric=0.0516]

Epoch 79:  81%|████████▏ | 26/32 [00:06<00:01,  4.29it/s][A
Training Epochs:  79%|███████▉  | 79/100 [09:07<02:34,  7.34s/it, -ELBO=0.4907, Potential Metric=0.1816, Entropy Metric=0.0532]

Epoch 79:  84%|████████▍ | 27/32 [00:06<00:01,  4.52it/s][A
Training Epochs:  79%|███████▉  | 79/100 [09:07<02:34,  7.34s/it, -ELBO=0.4473, Potential Metric=0.1942, Entropy Metric=0.0557]

Epoch 79:  88%|████████▊ | 28/32 [00:06<00:00,  4.45it/s][A
Training Epochs:  79%|███████▉  | 79/100 [09:07<02:34,  7.34s/it, -ELBO=0.4625, Potential Metric=0.1877, Entropy Metric=0.0534]

Epoch 79:  91%|█████████ | 29/32 [00:06<00:00,  4.47it/s][A
Training Epochs:  79%|███████▉  | 79/100 [09:07<02:34,  7.34s/it, -ELBO=0.4808, Potential Metric=0.1776, Entropy Metric=0.0507]

Epoch 79:  94%|█████████▍| 30/32 [00:07<00:00,  4.36it/s][A
Training Epochs:  79%|███████▉  | 79/100 [09:08<02:34,  7.34s/it, -ELBO=0.5072, Potential Metric=0.1723, Entropy Metric=0.0540]

Epoch 79:  97%|█████████▋| 31/32 [00:07<00:00,  4.43it/s][A
Training Epochs:  79%|███████▉  | 79/100 [09:08<02:34,  7.34s/it, -ELBO=0.4664, Potential Metric=0.1810, Entropy Metric=0.0511]

Epoch 79: 100%|██████████| 32/32 [00:07<00:00,  4.46it/s][A

                                                         [A
Training Epochs:  80%|████████  | 80/100 [09:08<02:28,  7.40s/it, -ELBO=0.4664, Potential Metric=0.1810, Entropy Metric=0.0511]

Epoch 80:   0%|          | 0/32 [00:00<?, ?it/s][A
Training Epochs:  80%|████████  | 80/100 [09:08<02:28,  7.40s/it, -ELBO=0.5027, Potential Metric=0.1872, Entropy Metric=0.0512]

Epoch 80:   3%|▎         | 1/32 [00:00<00:09,  3.33it/s][A
Training Epochs:  80%|████████  | 80/100 [09:09<02:28,  7.40s/it, -ELBO=0.4852, Potential Metric=0.1939, Entropy Metric=0.0543]

Epoch 80:   6%|▋         | 2/32 [00:00<00:07,  4.02it/s][A
Training Epochs:  80%|████████  | 80/100 [09:09<02:28,  7.40s/it, -ELBO=0.4702, Potential Metric=0.2003, Entropy Metric=0.0577]

Epoch 80:   9%|▉         | 3/32 [00:00<00:07,  4.14it/s][A
Training Epochs:  80%|████████  | 80/100 [09:09<02:28,  7.40s/it, -ELBO=0.4743, Potential Metric=0.1866, Entropy Metric=0.0521]

Epoch 80:  12%|█▎        | 4/32 [00:00<00:06,  4.18it/s][A
Training Epochs:  80%|████████  | 80/100 [09:09<02:28,  7.40s/it, -ELBO=0.4720, Potential Metric=0.1705, Entropy Metric=0.0502]

Epoch 80:  16%|█▌        | 5/32 [00:01<00:06,  4.31it/s][A
Training Epochs:  80%|████████  | 80/100 [09:10<02:28,  7.40s/it, -ELBO=0.4861, Potential Metric=0.1776, Entropy Metric=0.0477]

Epoch 80:  19%|█▉        | 6/32 [00:01<00:06,  4.14it/s][A
Training Epochs:  80%|████████  | 80/100 [09:10<02:28,  7.40s/it, -ELBO=0.4596, Potential Metric=0.1819, Entropy Metric=0.0515]

Epoch 80:  22%|██▏       | 7/32 [00:01<00:05,  4.21it/s][A
Training Epochs:  80%|████████  | 80/100 [09:10<02:28,  7.40s/it, -ELBO=0.4802, Potential Metric=0.1768, Entropy Metric=0.0508]

Epoch 80:  25%|██▌       | 8/32 [00:01<00:05,  4.25it/s][A
Training Epochs:  80%|████████  | 80/100 [09:10<02:28,  7.40s/it, -ELBO=0.4749, Potential Metric=0.1987, Entropy Metric=0.0513]

Epoch 80:  28%|██▊       | 9/32 [00:02<00:05,  4.38it/s][A
Training Epochs:  80%|████████  | 80/100 [09:10<02:28,  7.40s/it, -ELBO=0.4808, Potential Metric=0.1933, Entropy Metric=0.0497]

Epoch 80:  31%|███▏      | 10/32 [00:02<00:04,  4.49it/s][A
Training Epochs:  80%|████████  | 80/100 [09:11<02:28,  7.40s/it, -ELBO=0.4552, Potential Metric=0.1891, Entropy Metric=0.0531]

Epoch 80:  34%|███▍      | 11/32 [00:02<00:04,  4.46it/s][A
Training Epochs:  80%|████████  | 80/100 [09:11<02:28,  7.40s/it, -ELBO=0.4474, Potential Metric=0.1878, Entropy Metric=0.0539]

Epoch 80:  38%|███▊      | 12/32 [00:02<00:04,  4.49it/s][A
Training Epochs:  80%|████████  | 80/100 [09:11<02:28,  7.40s/it, -ELBO=0.4636, Potential Metric=0.1896, Entropy Metric=0.0512]

Epoch 80:  41%|████      | 13/32 [00:03<00:04,  4.44it/s][A
Training Epochs:  80%|████████  | 80/100 [09:11<02:28,  7.40s/it, -ELBO=0.4725, Potential Metric=0.1863, Entropy Metric=0.0480]

Epoch 80:  44%|████▍     | 14/32 [00:03<00:03,  4.50it/s][A
Training Epochs:  80%|████████  | 80/100 [09:12<02:28,  7.40s/it, -ELBO=0.4739, Potential Metric=0.1754, Entropy Metric=0.0521]

Epoch 80:  47%|████▋     | 15/32 [00:03<00:03,  4.59it/s][A
Training Epochs:  80%|████████  | 80/100 [09:12<02:28,  7.40s/it, -ELBO=0.5176, Potential Metric=0.1923, Entropy Metric=0.0480]

Epoch 80:  50%|█████     | 16/32 [00:03<00:03,  4.50it/s][A
Training Epochs:  80%|████████  | 80/100 [09:12<02:28,  7.40s/it, -ELBO=0.4673, Potential Metric=0.1916, Entropy Metric=0.0487]

Epoch 80:  53%|█████▎    | 17/32 [00:03<00:03,  4.56it/s][A
Training Epochs:  80%|████████  | 80/100 [09:12<02:28,  7.40s/it, -ELBO=0.4873, Potential Metric=0.2076, Entropy Metric=0.0555]

Epoch 80:  56%|█████▋    | 18/32 [00:04<00:02,  4.70it/s][A
Training Epochs:  80%|████████  | 80/100 [09:12<02:28,  7.40s/it, -ELBO=0.4701, Potential Metric=0.1941, Entropy Metric=0.0567]

Epoch 80:  59%|█████▉    | 19/32 [00:04<00:02,  4.70it/s][A
Training Epochs:  80%|████████  | 80/100 [09:13<02:28,  7.40s/it, -ELBO=0.4697, Potential Metric=0.2063, Entropy Metric=0.0525]

Epoch 80:  62%|██████▎   | 20/32 [00:04<00:02,  4.65it/s][A
Training Epochs:  80%|████████  | 80/100 [09:13<02:28,  7.40s/it, -ELBO=0.4537, Potential Metric=0.2054, Entropy Metric=0.0557]

Epoch 80:  66%|██████▌   | 21/32 [00:04<00:02,  4.70it/s][A
Training Epochs:  80%|████████  | 80/100 [09:13<02:28,  7.40s/it, -ELBO=0.5250, Potential Metric=0.1998, Entropy Metric=0.0507]

Epoch 80:  69%|██████▉   | 22/32 [00:04<00:02,  4.36it/s][A
Training Epochs:  80%|████████  | 80/100 [09:13<02:28,  7.40s/it, -ELBO=0.4973, Potential Metric=0.1940, Entropy Metric=0.0512]

Epoch 80:  72%|███████▏  | 23/32 [00:05<00:02,  4.45it/s][A
Training Epochs:  80%|████████  | 80/100 [09:14<02:28,  7.40s/it, -ELBO=0.4788, Potential Metric=0.1854, Entropy Metric=0.0550]

Epoch 80:  75%|███████▌  | 24/32 [00:05<00:01,  4.29it/s][A
Training Epochs:  80%|████████  | 80/100 [09:14<02:28,  7.40s/it, -ELBO=0.4420, Potential Metric=0.1777, Entropy Metric=0.0544]

Epoch 80:  78%|███████▊  | 25/32 [00:05<00:01,  4.44it/s][A
Training Epochs:  80%|████████  | 80/100 [09:14<02:28,  7.40s/it, -ELBO=0.4832, Potential Metric=0.2029, Entropy Metric=0.0568]

Epoch 80:  81%|████████▏ | 26/32 [00:05<00:01,  4.33it/s][A
Training Epochs:  80%|████████  | 80/100 [09:14<02:28,  7.40s/it, -ELBO=0.4603, Potential Metric=0.1960, Entropy Metric=0.0529]

Epoch 80:  84%|████████▍ | 27/32 [00:06<00:01,  4.47it/s][A
Training Epochs:  80%|████████  | 80/100 [09:14<02:28,  7.40s/it, -ELBO=0.4290, Potential Metric=0.1711, Entropy Metric=0.0546]

Epoch 80:  88%|████████▊ | 28/32 [00:06<00:00,  4.39it/s][A
Training Epochs:  80%|████████  | 80/100 [09:15<02:28,  7.40s/it, -ELBO=0.4529, Potential Metric=0.1809, Entropy Metric=0.0506]

Epoch 80:  91%|█████████ | 29/32 [00:06<00:00,  4.47it/s][A
Training Epochs:  80%|████████  | 80/100 [09:15<02:28,  7.40s/it, -ELBO=0.4528, Potential Metric=0.1901, Entropy Metric=0.0515]

Epoch 80:  94%|█████████▍| 30/32 [00:06<00:00,  4.44it/s][A
Training Epochs:  80%|████████  | 80/100 [09:15<02:28,  7.40s/it, -ELBO=0.4622, Potential Metric=0.1799, Entropy Metric=0.0530]

Epoch 80:  97%|█████████▋| 31/32 [00:07<00:00,  4.43it/s][A
Training Epochs:  80%|████████  | 80/100 [09:15<02:28,  7.40s/it, -ELBO=0.4552, Potential Metric=0.1724, Entropy Metric=0.0545]

Epoch 80: 100%|██████████| 32/32 [00:07<00:00,  4.45it/s][A

                                                         [A
Training Epochs:  81%|████████  | 81/100 [09:15<02:20,  7.42s/it, -ELBO=0.4552, Potential Metric=0.1724, Entropy Metric=0.0545]

Epoch 81:   0%|          | 0/32 [00:00<?, ?it/s][A
Training Epochs:  81%|████████  | 81/100 [09:16<02:20,  7.42s/it, -ELBO=0.4536, Potential Metric=0.1911, Entropy Metric=0.0516]

Epoch 81:   3%|▎         | 1/32 [00:00<00:08,  3.48it/s][A
Training Epochs:  81%|████████  | 81/100 [09:16<02:20,  7.42s/it, -ELBO=0.5098, Potential Metric=0.1939, Entropy Metric=0.0520]

Epoch 81:   6%|▋         | 2/32 [00:00<00:07,  4.03it/s][A
Training Epochs:  81%|████████  | 81/100 [09:16<02:20,  7.42s/it, -ELBO=0.4871, Potential Metric=0.1932, Entropy Metric=0.0491]

Epoch 81:   9%|▉         | 3/32 [00:00<00:06,  4.29it/s][A
Training Epochs:  81%|████████  | 81/100 [09:16<02:20,  7.42s/it, -ELBO=0.4774, Potential Metric=0.1889, Entropy Metric=0.0519]

Epoch 81:  12%|█▎        | 4/32 [00:00<00:06,  4.27it/s][A
Training Epochs:  81%|████████  | 81/100 [09:17<02:20,  7.42s/it, -ELBO=0.4144, Potential Metric=0.1839, Entropy Metric=0.0535]

Epoch 81:  16%|█▌        | 5/32 [00:01<00:06,  4.44it/s][A
Training Epochs:  81%|████████  | 81/100 [09:17<02:20,  7.42s/it, -ELBO=0.4347, Potential Metric=0.1796, Entropy Metric=0.0520]

Epoch 81:  19%|█▉        | 6/32 [00:01<00:05,  4.34it/s][A
Training Epochs:  81%|████████  | 81/100 [09:17<02:20,  7.42s/it, -ELBO=0.4992, Potential Metric=0.1845, Entropy Metric=0.0518]

Epoch 81:  22%|██▏       | 7/32 [00:01<00:05,  4.36it/s][A
Training Epochs:  81%|████████  | 81/100 [09:17<02:20,  7.42s/it, -ELBO=0.4475, Potential Metric=0.1747, Entropy Metric=0.0487]

Epoch 81:  25%|██▌       | 8/32 [00:01<00:05,  4.56it/s][A
Training Epochs:  81%|████████  | 81/100 [09:18<02:20,  7.42s/it, -ELBO=0.4602, Potential Metric=0.1904, Entropy Metric=0.0532]

Epoch 81:  28%|██▊       | 9/32 [00:02<00:05,  4.55it/s][A
Training Epochs:  81%|████████  | 81/100 [09:18<02:20,  7.42s/it, -ELBO=0.4646, Potential Metric=0.1729, Entropy Metric=0.0548]

Epoch 81:  31%|███▏      | 10/32 [00:02<00:04,  4.55it/s][A
Training Epochs:  81%|████████  | 81/100 [09:18<02:20,  7.42s/it, -ELBO=0.4750, Potential Metric=0.1901, Entropy Metric=0.0512]

Epoch 81:  34%|███▍      | 11/32 [00:02<00:04,  4.40it/s][A
Training Epochs:  81%|████████  | 81/100 [09:18<02:20,  7.42s/it, -ELBO=0.4960, Potential Metric=0.2005, Entropy Metric=0.0552]

Epoch 81:  38%|███▊      | 12/32 [00:02<00:04,  4.54it/s][A
Training Epochs:  81%|████████  | 81/100 [09:18<02:20,  7.42s/it, -ELBO=0.4905, Potential Metric=0.2140, Entropy Metric=0.0598]

Epoch 81:  41%|████      | 13/32 [00:02<00:04,  4.63it/s][A
Training Epochs:  81%|████████  | 81/100 [09:19<02:20,  7.42s/it, -ELBO=0.4558, Potential Metric=0.1992, Entropy Metric=0.0568]

Epoch 81:  44%|████▍     | 14/32 [00:03<00:03,  4.68it/s][A
Training Epochs:  81%|████████  | 81/100 [09:19<02:20,  7.42s/it, -ELBO=0.4914, Potential Metric=0.1946, Entropy Metric=0.0577]

Epoch 81:  47%|████▋     | 15/32 [00:03<00:03,  4.70it/s][A
Training Epochs:  81%|████████  | 81/100 [09:19<02:20,  7.42s/it, -ELBO=0.4485, Potential Metric=0.2007, Entropy Metric=0.0566]

Epoch 81:  50%|█████     | 16/32 [00:03<00:03,  4.54it/s][A
Training Epochs:  81%|████████  | 81/100 [09:19<02:20,  7.42s/it, -ELBO=0.4209, Potential Metric=0.2054, Entropy Metric=0.0578]

Epoch 81:  53%|█████▎    | 17/32 [00:03<00:03,  4.58it/s][A
Training Epochs:  81%|████████  | 81/100 [09:20<02:20,  7.42s/it, -ELBO=0.4679, Potential Metric=0.1756, Entropy Metric=0.0505]

Epoch 81:  56%|█████▋    | 18/32 [00:04<00:03,  4.42it/s][A
Training Epochs:  81%|████████  | 81/100 [09:20<02:20,  7.42s/it, -ELBO=0.5135, Potential Metric=0.1842, Entropy Metric=0.0520]

Epoch 81:  59%|█████▉    | 19/32 [00:04<00:02,  4.35it/s][A
Training Epochs:  81%|████████  | 81/100 [09:20<02:20,  7.42s/it, -ELBO=0.4475, Potential Metric=0.1811, Entropy Metric=0.0514]

Epoch 81:  62%|██████▎   | 20/32 [00:04<00:02,  4.32it/s][A
Training Epochs:  81%|████████  | 81/100 [09:20<02:20,  7.42s/it, -ELBO=0.4079, Potential Metric=0.1833, Entropy Metric=0.0517]

Epoch 81:  66%|██████▌   | 21/32 [00:04<00:02,  4.28it/s][A
Training Epochs:  81%|████████  | 81/100 [09:21<02:20,  7.42s/it, -ELBO=0.4982, Potential Metric=0.2031, Entropy Metric=0.0480]

Epoch 81:  69%|██████▉   | 22/32 [00:04<00:02,  4.26it/s][A
Training Epochs:  81%|████████  | 81/100 [09:21<02:20,  7.42s/it, -ELBO=0.4810, Potential Metric=0.1723, Entropy Metric=0.0482]

Epoch 81:  72%|███████▏  | 23/32 [00:05<00:02,  4.33it/s][A
Training Epochs:  81%|████████  | 81/100 [09:21<02:20,  7.42s/it, -ELBO=0.4706, Potential Metric=0.1818, Entropy Metric=0.0471]

Epoch 81:  75%|███████▌  | 24/32 [00:05<00:01,  4.33it/s][A
Training Epochs:  81%|████████  | 81/100 [09:21<02:20,  7.42s/it, -ELBO=0.4763, Potential Metric=0.1775, Entropy Metric=0.0514]

Epoch 81:  78%|███████▊  | 25/32 [00:05<00:01,  4.36it/s][A
Training Epochs:  81%|████████  | 81/100 [09:21<02:20,  7.42s/it, -ELBO=0.5063, Potential Metric=0.1737, Entropy Metric=0.0458]

Epoch 81:  81%|████████▏ | 26/32 [00:05<00:01,  4.40it/s][A
Training Epochs:  81%|████████  | 81/100 [09:22<02:20,  7.42s/it, -ELBO=0.4549, Potential Metric=0.1938, Entropy Metric=0.0516]

Epoch 81:  84%|████████▍ | 27/32 [00:06<00:01,  4.52it/s][A
Training Epochs:  81%|████████  | 81/100 [09:22<02:20,  7.42s/it, -ELBO=0.4697, Potential Metric=0.1962, Entropy Metric=0.0513]

Epoch 81:  88%|████████▊ | 28/32 [00:06<00:00,  4.58it/s][A
Training Epochs:  81%|████████  | 81/100 [09:22<02:20,  7.42s/it, -ELBO=0.4424, Potential Metric=0.1823, Entropy Metric=0.0543]

Epoch 81:  91%|█████████ | 29/32 [00:06<00:00,  4.44it/s][A
Training Epochs:  81%|████████  | 81/100 [09:22<02:20,  7.42s/it, -ELBO=0.4743, Potential Metric=0.1854, Entropy Metric=0.0515]

Epoch 81:  94%|█████████▍| 30/32 [00:06<00:00,  4.62it/s][A
Training Epochs:  81%|████████  | 81/100 [09:22<02:20,  7.42s/it, -ELBO=0.4907, Potential Metric=0.1823, Entropy Metric=0.0495]

Epoch 81:  97%|█████████▋| 31/32 [00:06<00:00,  4.66it/s][A
Training Epochs:  81%|████████  | 81/100 [09:23<02:20,  7.42s/it, -ELBO=0.4761, Potential Metric=0.1874, Entropy Metric=0.0578]

Epoch 81: 100%|██████████| 32/32 [00:07<00:00,  4.33it/s][A

                                                         [A
Training Epochs:  82%|████████▏ | 82/100 [09:23<02:13,  7.42s/it, -ELBO=0.4761, Potential Metric=0.1874, Entropy Metric=0.0578]

Epoch 82:   0%|          | 0/32 [00:00<?, ?it/s][A
Training Epochs:  82%|████████▏ | 82/100 [09:23<02:13,  7.42s/it, -ELBO=0.5085, Potential Metric=0.1743, Entropy Metric=0.0569]

Epoch 82:   3%|▎         | 1/32 [00:00<00:09,  3.40it/s][A
Training Epochs:  82%|████████▏ | 82/100 [09:23<02:13,  7.42s/it, -ELBO=0.4800, Potential Metric=0.1937, Entropy Metric=0.0564]

Epoch 82:   6%|▋         | 2/32 [00:00<00:07,  3.97it/s][A
Training Epochs:  82%|████████▏ | 82/100 [09:24<02:13,  7.42s/it, -ELBO=0.4350, Potential Metric=0.1930, Entropy Metric=0.0550]

Epoch 82:   9%|▉         | 3/32 [00:00<00:07,  4.07it/s][A
Training Epochs:  82%|████████▏ | 82/100 [09:24<02:13,  7.42s/it, -ELBO=0.4616, Potential Metric=0.2075, Entropy Metric=0.0539]

Epoch 82:  12%|█▎        | 4/32 [00:00<00:06,  4.47it/s][A
Training Epochs:  82%|████████▏ | 82/100 [09:24<02:13,  7.42s/it, -ELBO=0.4656, Potential Metric=0.1884, Entropy Metric=0.0533]

Epoch 82:  16%|█▌        | 5/32 [00:01<00:05,  4.54it/s][A
Training Epochs:  82%|████████▏ | 82/100 [09:24<02:13,  7.42s/it, -ELBO=0.4286, Potential Metric=0.2021, Entropy Metric=0.0551]

Epoch 82:  19%|█▉        | 6/32 [00:01<00:05,  4.66it/s][A
Training Epochs:  82%|████████▏ | 82/100 [09:24<02:13,  7.42s/it, -ELBO=0.4739, Potential Metric=0.2024, Entropy Metric=0.0522]

Epoch 82:  22%|██▏       | 7/32 [00:01<00:05,  4.52it/s][A
Training Epochs:  82%|████████▏ | 82/100 [09:25<02:13,  7.42s/it, -ELBO=0.4659, Potential Metric=0.1961, Entropy Metric=0.0541]

Epoch 82:  25%|██▌       | 8/32 [00:01<00:05,  4.35it/s][A
Training Epochs:  82%|████████▏ | 82/100 [09:25<02:13,  7.42s/it, -ELBO=0.4509, Potential Metric=0.1757, Entropy Metric=0.0554]

Epoch 82:  28%|██▊       | 9/32 [00:02<00:05,  4.35it/s][A
Training Epochs:  82%|████████▏ | 82/100 [09:25<02:13,  7.42s/it, -ELBO=0.4400, Potential Metric=0.1777, Entropy Metric=0.0543]

Epoch 82:  31%|███▏      | 10/32 [00:02<00:05,  4.35it/s][A
Training Epochs:  82%|████████▏ | 82/100 [09:25<02:13,  7.42s/it, -ELBO=0.4756, Potential Metric=0.2053, Entropy Metric=0.0564]

Epoch 82:  34%|███▍      | 11/32 [00:02<00:04,  4.50it/s][A
Training Epochs:  82%|████████▏ | 82/100 [09:26<02:13,  7.42s/it, -ELBO=0.4826, Potential Metric=0.1804, Entropy Metric=0.0505]

Epoch 82:  38%|███▊      | 12/32 [00:02<00:04,  4.38it/s][A
Training Epochs:  82%|████████▏ | 82/100 [09:26<02:13,  7.42s/it, -ELBO=0.4833, Potential Metric=0.1885, Entropy Metric=0.0521]

Epoch 82:  41%|████      | 13/32 [00:02<00:04,  4.28it/s][A
Training Epochs:  82%|████████▏ | 82/100 [09:26<02:13,  7.42s/it, -ELBO=0.4348, Potential Metric=0.1773, Entropy Metric=0.0536]

Epoch 82:  44%|████▍     | 14/32 [00:03<00:04,  4.25it/s][A
Training Epochs:  82%|████████▏ | 82/100 [09:26<02:13,  7.42s/it, -ELBO=0.4559, Potential Metric=0.1878, Entropy Metric=0.0561]

Epoch 82:  47%|████▋     | 15/32 [00:03<00:04,  3.97it/s][A
Training Epochs:  82%|████████▏ | 82/100 [09:27<02:13,  7.42s/it, -ELBO=0.4558, Potential Metric=0.1808, Entropy Metric=0.0530]

Epoch 82:  50%|█████     | 16/32 [00:03<00:03,  4.17it/s][A
Training Epochs:  82%|████████▏ | 82/100 [09:27<02:13,  7.42s/it, -ELBO=0.4886, Potential Metric=0.1841, Entropy Metric=0.0527]

Epoch 82:  53%|█████▎    | 17/32 [00:04<00:03,  4.06it/s][A
Training Epochs:  82%|████████▏ | 82/100 [09:27<02:13,  7.42s/it, -ELBO=0.4654, Potential Metric=0.1793, Entropy Metric=0.0503]

Epoch 82:  56%|█████▋    | 18/32 [00:04<00:03,  4.05it/s][A
Training Epochs:  82%|████████▏ | 82/100 [09:27<02:13,  7.42s/it, -ELBO=0.4438, Potential Metric=0.1829, Entropy Metric=0.0548]

Epoch 82:  59%|█████▉    | 19/32 [00:04<00:03,  4.21it/s][A
Training Epochs:  82%|████████▏ | 82/100 [09:28<02:13,  7.42s/it, -ELBO=0.5132, Potential Metric=0.1768, Entropy Metric=0.0507]

Epoch 82:  62%|██████▎   | 20/32 [00:04<00:02,  4.21it/s][A
Training Epochs:  82%|████████▏ | 82/100 [09:28<02:13,  7.42s/it, -ELBO=0.4416, Potential Metric=0.1651, Entropy Metric=0.0531]

Epoch 82:  66%|██████▌   | 21/32 [00:04<00:02,  4.18it/s][A
Training Epochs:  82%|████████▏ | 82/100 [09:28<02:13,  7.42s/it, -ELBO=0.4962, Potential Metric=0.1847, Entropy Metric=0.0554]

Epoch 82:  69%|██████▉   | 22/32 [00:05<00:02,  4.18it/s][A
Training Epochs:  82%|████████▏ | 82/100 [09:28<02:13,  7.42s/it, -ELBO=0.4879, Potential Metric=0.1821, Entropy Metric=0.0555]

Epoch 82:  72%|███████▏  | 23/32 [00:05<00:02,  4.12it/s][A
Training Epochs:  82%|████████▏ | 82/100 [09:29<02:13,  7.42s/it, -ELBO=0.4530, Potential Metric=0.1795, Entropy Metric=0.0551]

Epoch 82:  75%|███████▌  | 24/32 [00:05<00:01,  4.27it/s][A
Training Epochs:  82%|████████▏ | 82/100 [09:29<02:13,  7.42s/it, -ELBO=0.4508, Potential Metric=0.2025, Entropy Metric=0.0557]

Epoch 82:  78%|███████▊  | 25/32 [00:05<00:01,  4.23it/s][A
Training Epochs:  82%|████████▏ | 82/100 [09:29<02:13,  7.42s/it, -ELBO=0.4442, Potential Metric=0.2073, Entropy Metric=0.0543]

Epoch 82:  81%|████████▏ | 26/32 [00:06<00:01,  4.05it/s][A
Training Epochs:  82%|████████▏ | 82/100 [09:29<02:13,  7.42s/it, -ELBO=0.4479, Potential Metric=0.1866, Entropy Metric=0.0540]

Epoch 82:  84%|████████▍ | 27/32 [00:06<00:01,  4.09it/s][A
Training Epochs:  82%|████████▏ | 82/100 [09:29<02:13,  7.42s/it, -ELBO=0.4702, Potential Metric=0.1931, Entropy Metric=0.0569]

Epoch 82:  88%|████████▊ | 28/32 [00:06<00:00,  4.27it/s][A
Training Epochs:  82%|████████▏ | 82/100 [09:30<02:13,  7.42s/it, -ELBO=0.4634, Potential Metric=0.1844, Entropy Metric=0.0583]

Epoch 82:  91%|█████████ | 29/32 [00:06<00:00,  4.16it/s][A
Training Epochs:  82%|████████▏ | 82/100 [09:30<02:13,  7.42s/it, -ELBO=0.4644, Potential Metric=0.1915, Entropy Metric=0.0527]

Epoch 82:  94%|█████████▍| 30/32 [00:07<00:00,  4.29it/s][A
Training Epochs:  82%|████████▏ | 82/100 [09:30<02:13,  7.42s/it, -ELBO=0.4862, Potential Metric=0.1791, Entropy Metric=0.0545]

Epoch 82:  97%|█████████▋| 31/32 [00:07<00:00,  4.35it/s][A
Training Epochs:  82%|████████▏ | 82/100 [09:30<02:13,  7.42s/it, -ELBO=0.4742, Potential Metric=0.1891, Entropy Metric=0.0555]

Epoch 82: 100%|██████████| 32/32 [00:07<00:00,  4.29it/s][A

                                                         [A
Training Epochs:  83%|████████▎ | 83/100 [09:30<02:07,  7.49s/it, -ELBO=0.4742, Potential Metric=0.1891, Entropy Metric=0.0555]

Epoch 83:   0%|          | 0/32 [00:00<?, ?it/s][A
Training Epochs:  83%|████████▎ | 83/100 [09:31<02:07,  7.49s/it, -ELBO=0.4829, Potential Metric=0.1962, Entropy Metric=0.0556]

Epoch 83:   3%|▎         | 1/32 [00:00<00:09,  3.28it/s][A
Training Epochs:  83%|████████▎ | 83/100 [09:31<02:07,  7.49s/it, -ELBO=0.5165, Potential Metric=0.1708, Entropy Metric=0.0526]

Epoch 83:   6%|▋         | 2/32 [00:00<00:07,  3.78it/s][A
Training Epochs:  83%|████████▎ | 83/100 [09:31<02:07,  7.49s/it, -ELBO=0.4982, Potential Metric=0.1885, Entropy Metric=0.0507]

Epoch 83:   9%|▉         | 3/32 [00:00<00:07,  4.06it/s][A
Training Epochs:  83%|████████▎ | 83/100 [09:32<02:07,  7.49s/it, -ELBO=0.4461, Potential Metric=0.1779, Entropy Metric=0.0513]

Epoch 83:  12%|█▎        | 4/32 [00:01<00:06,  4.04it/s][A
Training Epochs:  83%|████████▎ | 83/100 [09:32<02:07,  7.49s/it, -ELBO=0.4691, Potential Metric=0.1929, Entropy Metric=0.0491]

Epoch 83:  16%|█▌        | 5/32 [00:01<00:06,  4.21it/s][A
Training Epochs:  83%|████████▎ | 83/100 [09:32<02:07,  7.49s/it, -ELBO=0.4729, Potential Metric=0.1868, Entropy Metric=0.0526]

Epoch 83:  19%|█▉        | 6/32 [00:01<00:06,  4.30it/s][A
Training Epochs:  83%|████████▎ | 83/100 [09:32<02:07,  7.49s/it, -ELBO=0.4533, Potential Metric=0.1831, Entropy Metric=0.0545]

Epoch 83:  22%|██▏       | 7/32 [00:01<00:05,  4.46it/s][A
Training Epochs:  83%|████████▎ | 83/100 [09:32<02:07,  7.49s/it, -ELBO=0.4146, Potential Metric=0.1856, Entropy Metric=0.0514]

Epoch 83:  25%|██▌       | 8/32 [00:01<00:05,  4.56it/s][A
Training Epochs:  83%|████████▎ | 83/100 [09:33<02:07,  7.49s/it, -ELBO=0.4645, Potential Metric=0.1894, Entropy Metric=0.0545]

Epoch 83:  28%|██▊       | 9/32 [00:02<00:06,  3.75it/s][A
Training Epochs:  83%|████████▎ | 83/100 [09:33<02:07,  7.49s/it, -ELBO=0.4345, Potential Metric=0.1716, Entropy Metric=0.0572]

Epoch 83:  31%|███▏      | 10/32 [00:02<00:05,  3.85it/s][A
Training Epochs:  83%|████████▎ | 83/100 [09:33<02:07,  7.49s/it, -ELBO=0.4423, Potential Metric=0.1778, Entropy Metric=0.0580]

Epoch 83:  34%|███▍      | 11/32 [00:02<00:05,  4.08it/s][A
Training Epochs:  83%|████████▎ | 83/100 [09:34<02:07,  7.49s/it, -ELBO=0.4318, Potential Metric=0.1737, Entropy Metric=0.0572]

Epoch 83:  38%|███▊      | 12/32 [00:02<00:04,  4.25it/s][A
Training Epochs:  83%|████████▎ | 83/100 [09:34<02:07,  7.49s/it, -ELBO=0.4467, Potential Metric=0.1992, Entropy Metric=0.0599]

Epoch 83:  41%|████      | 13/32 [00:03<00:04,  4.40it/s][A
Training Epochs:  83%|████████▎ | 83/100 [09:34<02:07,  7.49s/it, -ELBO=0.4589, Potential Metric=0.2026, Entropy Metric=0.0596]

Epoch 83:  44%|████▍     | 14/32 [00:03<00:04,  4.44it/s][A
Training Epochs:  83%|████████▎ | 83/100 [09:34<02:07,  7.49s/it, -ELBO=0.4665, Potential Metric=0.1950, Entropy Metric=0.0561]

Epoch 83:  47%|████▋     | 15/32 [00:03<00:03,  4.62it/s][A
Training Epochs:  83%|████████▎ | 83/100 [09:34<02:07,  7.49s/it, -ELBO=0.4760, Potential Metric=0.1896, Entropy Metric=0.0552]

Epoch 83:  50%|█████     | 16/32 [00:03<00:03,  4.54it/s][A
Training Epochs:  83%|████████▎ | 83/100 [09:35<02:07,  7.49s/it, -ELBO=0.4497, Potential Metric=0.1840, Entropy Metric=0.0608]

Epoch 83:  53%|█████▎    | 17/32 [00:04<00:03,  4.44it/s][A
Training Epochs:  83%|████████▎ | 83/100 [09:35<02:07,  7.49s/it, -ELBO=0.4723, Potential Metric=0.2027, Entropy Metric=0.0590]

Epoch 83:  56%|█████▋    | 18/32 [00:04<00:03,  4.49it/s][A
Training Epochs:  83%|████████▎ | 83/100 [09:35<02:07,  7.49s/it, -ELBO=0.4564, Potential Metric=0.1785, Entropy Metric=0.0543]

Epoch 83:  59%|█████▉    | 19/32 [00:04<00:02,  4.57it/s][A
Training Epochs:  83%|████████▎ | 83/100 [09:35<02:07,  7.49s/it, -ELBO=0.4463, Potential Metric=0.1692, Entropy Metric=0.0566]

Epoch 83:  62%|██████▎   | 20/32 [00:04<00:02,  4.52it/s][A
Training Epochs:  83%|████████▎ | 83/100 [09:35<02:07,  7.49s/it, -ELBO=0.4806, Potential Metric=0.1683, Entropy Metric=0.0533]

Epoch 83:  66%|██████▌   | 21/32 [00:04<00:02,  4.50it/s][A
Training Epochs:  83%|████████▎ | 83/100 [09:36<02:07,  7.49s/it, -ELBO=0.4786, Potential Metric=0.1883, Entropy Metric=0.0510]

Epoch 83:  69%|██████▉   | 22/32 [00:05<00:02,  4.57it/s][A
Training Epochs:  83%|████████▎ | 83/100 [09:36<02:07,  7.49s/it, -ELBO=0.4514, Potential Metric=0.1808, Entropy Metric=0.0518]

Epoch 83:  72%|███████▏  | 23/32 [00:05<00:01,  4.56it/s][A
Training Epochs:  83%|████████▎ | 83/100 [09:36<02:07,  7.49s/it, -ELBO=0.4431, Potential Metric=0.1788, Entropy Metric=0.0585]

Epoch 83:  75%|███████▌  | 24/32 [00:05<00:01,  4.50it/s][A
Training Epochs:  83%|████████▎ | 83/100 [09:36<02:07,  7.49s/it, -ELBO=0.4470, Potential Metric=0.1701, Entropy Metric=0.0551]

Epoch 83:  78%|███████▊  | 25/32 [00:05<00:01,  4.52it/s][A
Training Epochs:  83%|████████▎ | 83/100 [09:37<02:07,  7.49s/it, -ELBO=0.4620, Potential Metric=0.1715, Entropy Metric=0.0521]

Epoch 83:  81%|████████▏ | 26/32 [00:06<00:01,  4.42it/s][A
Training Epochs:  83%|████████▎ | 83/100 [09:37<02:07,  7.49s/it, -ELBO=0.4596, Potential Metric=0.1888, Entropy Metric=0.0500]

Epoch 83:  84%|████████▍ | 27/32 [00:06<00:01,  4.56it/s][A
Training Epochs:  83%|████████▎ | 83/100 [09:37<02:07,  7.49s/it, -ELBO=0.4614, Potential Metric=0.1749, Entropy Metric=0.0515]

Epoch 83:  88%|████████▊ | 28/32 [00:06<00:00,  4.70it/s][A
Training Epochs:  83%|████████▎ | 83/100 [09:37<02:07,  7.49s/it, -ELBO=0.5001, Potential Metric=0.1861, Entropy Metric=0.0531]

Epoch 83:  91%|█████████ | 29/32 [00:06<00:00,  4.70it/s][A
Training Epochs:  83%|████████▎ | 83/100 [09:37<02:07,  7.49s/it, -ELBO=0.4999, Potential Metric=0.1727, Entropy Metric=0.0540]

Epoch 83:  94%|█████████▍| 30/32 [00:06<00:00,  4.60it/s][A
Training Epochs:  83%|████████▎ | 83/100 [09:38<02:07,  7.49s/it, -ELBO=0.4298, Potential Metric=0.1934, Entropy Metric=0.0540]

Epoch 83:  97%|█████████▋| 31/32 [00:07<00:00,  4.68it/s][A
Training Epochs:  83%|████████▎ | 83/100 [09:38<02:07,  7.49s/it, -ELBO=0.4654, Potential Metric=0.1974, Entropy Metric=0.0536]

Epoch 83: 100%|██████████| 32/32 [00:07<00:00,  4.67it/s][A

                                                         [A
Training Epochs:  84%|████████▍ | 84/100 [09:38<01:59,  7.48s/it, -ELBO=0.4654, Potential Metric=0.1974, Entropy Metric=0.0536]

Epoch 84:   0%|          | 0/32 [00:00<?, ?it/s][A
Training Epochs:  84%|████████▍ | 84/100 [09:38<01:59,  7.48s/it, -ELBO=0.4957, Potential Metric=0.1871, Entropy Metric=0.0517]

Epoch 84:   3%|▎         | 1/32 [00:00<00:09,  3.43it/s][A
Training Epochs:  84%|████████▍ | 84/100 [09:39<01:59,  7.48s/it, -ELBO=0.4268, Potential Metric=0.1868, Entropy Metric=0.0558]

Epoch 84:   6%|▋         | 2/32 [00:00<00:07,  3.94it/s][A
Training Epochs:  84%|████████▍ | 84/100 [09:39<01:59,  7.48s/it, -ELBO=0.4509, Potential Metric=0.1703, Entropy Metric=0.0488]

Epoch 84:   9%|▉         | 3/32 [00:00<00:06,  4.29it/s][A
Training Epochs:  84%|████████▍ | 84/100 [09:39<01:59,  7.48s/it, -ELBO=0.4654, Potential Metric=0.1861, Entropy Metric=0.0520]

Epoch 84:  12%|█▎        | 4/32 [00:00<00:06,  4.28it/s][A
Training Epochs:  84%|████████▍ | 84/100 [09:39<01:59,  7.48s/it, -ELBO=0.4273, Potential Metric=0.1805, Entropy Metric=0.0499]

Epoch 84:  16%|█▌        | 5/32 [00:01<00:06,  4.45it/s][A
Training Epochs:  84%|████████▍ | 84/100 [09:39<01:59,  7.48s/it, -ELBO=0.4471, Potential Metric=0.1870, Entropy Metric=0.0481]

Epoch 84:  19%|█▉        | 6/32 [00:01<00:05,  4.67it/s][A
Training Epochs:  84%|████████▍ | 84/100 [09:40<01:59,  7.48s/it, -ELBO=0.4537, Potential Metric=0.1796, Entropy Metric=0.0497]

Epoch 84:  22%|██▏       | 7/32 [00:01<00:05,  4.63it/s][A
Training Epochs:  84%|████████▍ | 84/100 [09:40<01:59,  7.48s/it, -ELBO=0.4531, Potential Metric=0.1726, Entropy Metric=0.0475]

Epoch 84:  25%|██▌       | 8/32 [00:01<00:05,  4.60it/s][A
Training Epochs:  84%|████████▍ | 84/100 [09:40<01:59,  7.48s/it, -ELBO=0.4425, Potential Metric=0.1743, Entropy Metric=0.0526]

Epoch 84:  28%|██▊       | 9/32 [00:02<00:05,  4.52it/s][A
Training Epochs:  84%|████████▍ | 84/100 [09:40<01:59,  7.48s/it, -ELBO=0.4665, Potential Metric=0.1844, Entropy Metric=0.0477]

Epoch 84:  31%|███▏      | 10/32 [00:02<00:04,  4.54it/s][A
Training Epochs:  84%|████████▍ | 84/100 [09:41<01:59,  7.48s/it, -ELBO=0.4669, Potential Metric=0.1873, Entropy Metric=0.0488]

Epoch 84:  34%|███▍      | 11/32 [00:02<00:04,  4.36it/s][A
Training Epochs:  84%|████████▍ | 84/100 [09:41<01:59,  7.48s/it, -ELBO=0.4746, Potential Metric=0.1724, Entropy Metric=0.0490]

Epoch 84:  38%|███▊      | 12/32 [00:02<00:04,  4.56it/s][A
Training Epochs:  84%|████████▍ | 84/100 [09:41<01:59,  7.48s/it, -ELBO=0.4721, Potential Metric=0.1702, Entropy Metric=0.0490]

Epoch 84:  41%|████      | 13/32 [00:02<00:04,  4.55it/s][A
Training Epochs:  84%|████████▍ | 84/100 [09:41<01:59,  7.48s/it, -ELBO=0.4425, Potential Metric=0.1931, Entropy Metric=0.0490]

Epoch 84:  44%|████▍     | 14/32 [00:03<00:03,  4.56it/s][A
Training Epochs:  84%|████████▍ | 84/100 [09:41<01:59,  7.48s/it, -ELBO=0.4847, Potential Metric=0.2078, Entropy Metric=0.0477]

Epoch 84:  47%|████▋     | 15/32 [00:03<00:03,  4.34it/s][A
Training Epochs:  84%|████████▍ | 84/100 [09:42<01:59,  7.48s/it, -ELBO=0.4584, Potential Metric=0.1894, Entropy Metric=0.0513]

Epoch 84:  50%|█████     | 16/32 [00:03<00:03,  4.33it/s][A
Training Epochs:  84%|████████▍ | 84/100 [09:42<01:59,  7.48s/it, -ELBO=0.4586, Potential Metric=0.1958, Entropy Metric=0.0485]

Epoch 84:  53%|█████▎    | 17/32 [00:03<00:03,  4.29it/s][A
Training Epochs:  84%|████████▍ | 84/100 [09:42<01:59,  7.48s/it, -ELBO=0.4237, Potential Metric=0.1721, Entropy Metric=0.0504]

Epoch 84:  56%|█████▋    | 18/32 [00:04<00:03,  4.25it/s][A
Training Epochs:  84%|████████▍ | 84/100 [09:42<01:59,  7.48s/it, -ELBO=0.4643, Potential Metric=0.1880, Entropy Metric=0.0544]

Epoch 84:  59%|█████▉    | 19/32 [00:04<00:03,  4.24it/s][A
Training Epochs:  84%|████████▍ | 84/100 [09:43<01:59,  7.48s/it, -ELBO=0.4962, Potential Metric=0.1893, Entropy Metric=0.0539]

Epoch 84:  62%|██████▎   | 20/32 [00:04<00:02,  4.38it/s][A
Training Epochs:  84%|████████▍ | 84/100 [09:43<01:59,  7.48s/it, -ELBO=0.4612, Potential Metric=0.2153, Entropy Metric=0.0577]

Epoch 84:  66%|██████▌   | 21/32 [00:04<00:02,  4.39it/s][A
Training Epochs:  84%|████████▍ | 84/100 [09:43<01:59,  7.48s/it, -ELBO=0.4377, Potential Metric=0.1882, Entropy Metric=0.0554]

Epoch 84:  69%|██████▉   | 22/32 [00:05<00:02,  4.43it/s][A
Training Epochs:  84%|████████▍ | 84/100 [09:43<01:59,  7.48s/it, -ELBO=0.4874, Potential Metric=0.1834, Entropy Metric=0.0551]

Epoch 84:  72%|███████▏  | 23/32 [00:05<00:02,  4.42it/s][A
Training Epochs:  84%|████████▍ | 84/100 [09:43<01:59,  7.48s/it, -ELBO=0.4542, Potential Metric=0.1878, Entropy Metric=0.0569]

Epoch 84:  75%|███████▌  | 24/32 [00:05<00:01,  4.43it/s][A
Training Epochs:  84%|████████▍ | 84/100 [09:44<01:59,  7.48s/it, -ELBO=0.4596, Potential Metric=0.1899, Entropy Metric=0.0529]

Epoch 84:  78%|███████▊  | 25/32 [00:05<00:01,  4.48it/s][A
Training Epochs:  84%|████████▍ | 84/100 [09:44<01:59,  7.48s/it, -ELBO=0.4538, Potential Metric=0.1985, Entropy Metric=0.0554]

Epoch 84:  81%|████████▏ | 26/32 [00:05<00:01,  4.56it/s][A
Training Epochs:  84%|████████▍ | 84/100 [09:44<01:59,  7.48s/it, -ELBO=0.4396, Potential Metric=0.1876, Entropy Metric=0.0559]

Epoch 84:  84%|████████▍ | 27/32 [00:06<00:01,  4.54it/s][A
Training Epochs:  84%|████████▍ | 84/100 [09:44<01:59,  7.48s/it, -ELBO=0.4800, Potential Metric=0.1779, Entropy Metric=0.0541]

Epoch 84:  88%|████████▊ | 28/32 [00:06<00:00,  4.60it/s][A
Training Epochs:  84%|████████▍ | 84/100 [09:45<01:59,  7.48s/it, -ELBO=0.4434, Potential Metric=0.1983, Entropy Metric=0.0512]

Epoch 84:  91%|█████████ | 29/32 [00:06<00:00,  4.65it/s][A
Training Epochs:  84%|████████▍ | 84/100 [09:45<01:59,  7.48s/it, -ELBO=0.4847, Potential Metric=0.1989, Entropy Metric=0.0519]

Epoch 84:  94%|█████████▍| 30/32 [00:06<00:00,  4.62it/s][A
Training Epochs:  84%|████████▍ | 84/100 [09:45<01:59,  7.48s/it, -ELBO=0.4446, Potential Metric=0.1744, Entropy Metric=0.0489]

Epoch 84:  97%|█████████▋| 31/32 [00:06<00:00,  4.68it/s][A
Training Epochs:  84%|████████▍ | 84/100 [09:45<01:59,  7.48s/it, -ELBO=0.4468, Potential Metric=0.1662, Entropy Metric=0.0517]

Epoch 84: 100%|██████████| 32/32 [00:07<00:00,  4.57it/s][A

                                                         [A
Training Epochs:  85%|████████▌ | 85/100 [09:45<01:51,  7.43s/it, -ELBO=0.4468, Potential Metric=0.1662, Entropy Metric=0.0517]

Epoch 85:   0%|          | 0/32 [00:00<?, ?it/s][A
Training Epochs:  85%|████████▌ | 85/100 [09:46<01:51,  7.43s/it, -ELBO=0.5099, Potential Metric=0.1616, Entropy Metric=0.0498]

Epoch 85:   3%|▎         | 1/32 [00:00<00:08,  3.64it/s][A
Training Epochs:  85%|████████▌ | 85/100 [09:46<01:51,  7.43s/it, -ELBO=0.4531, Potential Metric=0.1711, Entropy Metric=0.0526]

Epoch 85:   6%|▋         | 2/32 [00:00<00:06,  4.39it/s][A
Training Epochs:  85%|████████▌ | 85/100 [09:46<01:51,  7.43s/it, -ELBO=0.4580, Potential Metric=0.1855, Entropy Metric=0.0544]

Epoch 85:   9%|▉         | 3/32 [00:00<00:06,  4.46it/s][A
Training Epochs:  85%|████████▌ | 85/100 [09:46<01:51,  7.43s/it, -ELBO=0.4435, Potential Metric=0.1880, Entropy Metric=0.0522]

Epoch 85:  12%|█▎        | 4/32 [00:00<00:06,  4.53it/s][A
Training Epochs:  85%|████████▌ | 85/100 [09:46<01:51,  7.43s/it, -ELBO=0.4518, Potential Metric=0.1928, Entropy Metric=0.0560]

Epoch 85:  16%|█▌        | 5/32 [00:01<00:06,  4.49it/s][A
Training Epochs:  85%|████████▌ | 85/100 [09:47<01:51,  7.43s/it, -ELBO=0.4512, Potential Metric=0.1913, Entropy Metric=0.0550]

Epoch 85:  19%|█▉        | 6/32 [00:01<00:06,  4.28it/s][A
Training Epochs:  85%|████████▌ | 85/100 [09:47<01:51,  7.43s/it, -ELBO=0.4555, Potential Metric=0.2000, Entropy Metric=0.0570]

Epoch 85:  22%|██▏       | 7/32 [00:01<00:05,  4.34it/s][A
Training Epochs:  85%|████████▌ | 85/100 [09:47<01:51,  7.43s/it, -ELBO=0.4700, Potential Metric=0.1911, Entropy Metric=0.0569]

Epoch 85:  25%|██▌       | 8/32 [00:01<00:05,  4.25it/s][A
Training Epochs:  85%|████████▌ | 85/100 [09:47<01:51,  7.43s/it, -ELBO=0.4575, Potential Metric=0.2113, Entropy Metric=0.0523]

Epoch 85:  28%|██▊       | 9/32 [00:02<00:05,  4.31it/s][A
Training Epochs:  85%|████████▌ | 85/100 [09:48<01:51,  7.43s/it, -ELBO=0.4404, Potential Metric=0.1781, Entropy Metric=0.0532]

Epoch 85:  31%|███▏      | 10/32 [00:02<00:05,  4.24it/s][A
Training Epochs:  85%|████████▌ | 85/100 [09:48<01:51,  7.43s/it, -ELBO=0.4459, Potential Metric=0.1780, Entropy Metric=0.0507]

Epoch 85:  34%|███▍      | 11/32 [00:02<00:05,  4.18it/s][A
Training Epochs:  85%|████████▌ | 85/100 [09:48<01:51,  7.43s/it, -ELBO=0.4421, Potential Metric=0.1843, Entropy Metric=0.0507]

Epoch 85:  38%|███▊      | 12/32 [00:02<00:04,  4.12it/s][A
Training Epochs:  85%|████████▌ | 85/100 [09:48<01:51,  7.43s/it, -ELBO=0.4606, Potential Metric=0.1898, Entropy Metric=0.0522]

Epoch 85:  41%|████      | 13/32 [00:03<00:04,  4.02it/s][A
Training Epochs:  85%|████████▌ | 85/100 [09:49<01:51,  7.43s/it, -ELBO=0.4293, Potential Metric=0.1665, Entropy Metric=0.0508]

Epoch 85:  44%|████▍     | 14/32 [00:03<00:04,  4.06it/s][A
Training Epochs:  85%|████████▌ | 85/100 [09:49<01:51,  7.43s/it, -ELBO=0.4761, Potential Metric=0.1952, Entropy Metric=0.0504]

Epoch 85:  47%|████▋     | 15/32 [00:03<00:04,  4.07it/s][A
Training Epochs:  85%|████████▌ | 85/100 [09:49<01:51,  7.43s/it, -ELBO=0.4537, Potential Metric=0.1781, Entropy Metric=0.0480]

Epoch 85:  50%|█████     | 16/32 [00:03<00:03,  4.22it/s][A
Training Epochs:  85%|████████▌ | 85/100 [09:49<01:51,  7.43s/it, -ELBO=0.4693, Potential Metric=0.2033, Entropy Metric=0.0525]

Epoch 85:  53%|█████▎    | 17/32 [00:04<00:03,  4.18it/s][A
Training Epochs:  85%|████████▌ | 85/100 [09:50<01:51,  7.43s/it, -ELBO=0.4382, Potential Metric=0.1847, Entropy Metric=0.0527]

Epoch 85:  56%|█████▋    | 18/32 [00:04<00:03,  4.22it/s][A
Training Epochs:  85%|████████▌ | 85/100 [09:50<01:51,  7.43s/it, -ELBO=0.4511, Potential Metric=0.1793, Entropy Metric=0.0515]

Epoch 85:  59%|█████▉    | 19/32 [00:04<00:03,  4.14it/s][A
Training Epochs:  85%|████████▌ | 85/100 [09:50<01:51,  7.43s/it, -ELBO=0.4516, Potential Metric=0.1826, Entropy Metric=0.0551]

Epoch 85:  62%|██████▎   | 20/32 [00:04<00:02,  4.21it/s][A
Training Epochs:  85%|████████▌ | 85/100 [09:50<01:51,  7.43s/it, -ELBO=0.4602, Potential Metric=0.1784, Entropy Metric=0.0556]

Epoch 85:  66%|██████▌   | 21/32 [00:04<00:02,  4.31it/s][A
Training Epochs:  85%|████████▌ | 85/100 [09:51<01:51,  7.43s/it, -ELBO=0.4106, Potential Metric=0.1754, Entropy Metric=0.0561]

Epoch 85:  69%|██████▉   | 22/32 [00:05<00:02,  4.29it/s][A
Training Epochs:  85%|████████▌ | 85/100 [09:51<01:51,  7.43s/it, -ELBO=0.4533, Potential Metric=0.1697, Entropy Metric=0.0535]

Epoch 85:  72%|███████▏  | 23/32 [00:05<00:02,  4.17it/s][A
Training Epochs:  85%|████████▌ | 85/100 [09:51<01:51,  7.43s/it, -ELBO=0.4745, Potential Metric=0.1730, Entropy Metric=0.0531]

Epoch 85:  75%|███████▌  | 24/32 [00:05<00:01,  4.18it/s][A
Training Epochs:  85%|████████▌ | 85/100 [09:51<01:51,  7.43s/it, -ELBO=0.4490, Potential Metric=0.1652, Entropy Metric=0.0553]

Epoch 85:  78%|███████▊  | 25/32 [00:05<00:01,  4.13it/s][A
Training Epochs:  85%|████████▌ | 85/100 [09:52<01:51,  7.43s/it, -ELBO=0.4712, Potential Metric=0.1774, Entropy Metric=0.0527]

Epoch 85:  81%|████████▏ | 26/32 [00:06<00:01,  3.98it/s][A
Training Epochs:  85%|████████▌ | 85/100 [09:52<01:51,  7.43s/it, -ELBO=0.4479, Potential Metric=0.1833, Entropy Metric=0.0593]

Epoch 85:  84%|████████▍ | 27/32 [00:06<00:01,  4.01it/s][A
Training Epochs:  85%|████████▌ | 85/100 [09:52<01:51,  7.43s/it, -ELBO=0.4430, Potential Metric=0.1921, Entropy Metric=0.0546]

Epoch 85:  88%|████████▊ | 28/32 [00:06<00:00,  4.05it/s][A
Training Epochs:  85%|████████▌ | 85/100 [09:52<01:51,  7.43s/it, -ELBO=0.4712, Potential Metric=0.1778, Entropy Metric=0.0576]

Epoch 85:  91%|█████████ | 29/32 [00:06<00:00,  4.11it/s][A
Training Epochs:  85%|████████▌ | 85/100 [09:53<01:51,  7.43s/it, -ELBO=0.4408, Potential Metric=0.1944, Entropy Metric=0.0543]

Epoch 85:  94%|█████████▍| 30/32 [00:07<00:00,  4.08it/s][A
Training Epochs:  85%|████████▌ | 85/100 [09:53<01:51,  7.43s/it, -ELBO=0.4929, Potential Metric=0.1888, Entropy Metric=0.0540]

Epoch 85:  97%|█████████▋| 31/32 [00:07<00:00,  4.19it/s][A
Training Epochs:  85%|████████▌ | 85/100 [09:53<01:51,  7.43s/it, -ELBO=0.4312, Potential Metric=0.2013, Entropy Metric=0.0543]

Epoch 85: 100%|██████████| 32/32 [00:07<00:00,  4.24it/s][A

                                                         [A
Training Epochs:  86%|████████▌ | 86/100 [09:53<01:45,  7.53s/it, -ELBO=0.4312, Potential Metric=0.2013, Entropy Metric=0.0543]

Epoch 86:   0%|          | 0/32 [00:00<?, ?it/s][A
Training Epochs:  86%|████████▌ | 86/100 [09:53<01:45,  7.53s/it, -ELBO=0.4486, Potential Metric=0.1944, Entropy Metric=0.0541]

Epoch 86:   3%|▎         | 1/32 [00:00<00:08,  3.78it/s][A
Training Epochs:  86%|████████▌ | 86/100 [09:54<01:45,  7.53s/it, -ELBO=0.4627, Potential Metric=0.2179, Entropy Metric=0.0544]

Epoch 86:   6%|▋         | 2/32 [00:00<00:07,  4.10it/s][A
Training Epochs:  86%|████████▌ | 86/100 [09:54<01:45,  7.53s/it, -ELBO=0.4586, Potential Metric=0.1791, Entropy Metric=0.0539]

Epoch 86:   9%|▉         | 3/32 [00:00<00:06,  4.33it/s][A
Training Epochs:  86%|████████▌ | 86/100 [09:54<01:45,  7.53s/it, -ELBO=0.4212, Potential Metric=0.1860, Entropy Metric=0.0533]

Epoch 86:  12%|█▎        | 4/32 [00:00<00:06,  4.29it/s][A
Training Epochs:  86%|████████▌ | 86/100 [09:54<01:45,  7.53s/it, -ELBO=0.4591, Potential Metric=0.1774, Entropy Metric=0.0518]

Epoch 86:  16%|█▌        | 5/32 [00:01<00:06,  4.29it/s][A
Training Epochs:  86%|████████▌ | 86/100 [09:55<01:45,  7.53s/it, -ELBO=0.4339, Potential Metric=0.1975, Entropy Metric=0.0513]

Epoch 86:  19%|█▉        | 6/32 [00:01<00:05,  4.37it/s][A
Training Epochs:  86%|████████▌ | 86/100 [09:55<01:45,  7.53s/it, -ELBO=0.4213, Potential Metric=0.1860, Entropy Metric=0.0518]

Epoch 86:  22%|██▏       | 7/32 [00:01<00:05,  4.39it/s][A
Training Epochs:  86%|████████▌ | 86/100 [09:55<01:45,  7.53s/it, -ELBO=0.4798, Potential Metric=0.1884, Entropy Metric=0.0526]

Epoch 86:  25%|██▌       | 8/32 [00:01<00:05,  4.21it/s][A
Training Epochs:  86%|████████▌ | 86/100 [09:55<01:45,  7.53s/it, -ELBO=0.4202, Potential Metric=0.1964, Entropy Metric=0.0524]

Epoch 86:  28%|██▊       | 9/32 [00:02<00:05,  4.33it/s][A
Training Epochs:  86%|████████▌ | 86/100 [09:55<01:45,  7.53s/it, -ELBO=0.4285, Potential Metric=0.1775, Entropy Metric=0.0537]

Epoch 86:  31%|███▏      | 10/32 [00:02<00:04,  4.40it/s][A
Training Epochs:  86%|████████▌ | 86/100 [09:56<01:45,  7.53s/it, -ELBO=0.4258, Potential Metric=0.1633, Entropy Metric=0.0502]

Epoch 86:  34%|███▍      | 11/32 [00:02<00:04,  4.30it/s][A
Training Epochs:  86%|████████▌ | 86/100 [09:56<01:45,  7.53s/it, -ELBO=0.4721, Potential Metric=0.1864, Entropy Metric=0.0468]

Epoch 86:  38%|███▊      | 12/32 [00:02<00:04,  4.39it/s][A
Training Epochs:  86%|████████▌ | 86/100 [09:56<01:45,  7.53s/it, -ELBO=0.4752, Potential Metric=0.2027, Entropy Metric=0.0498]

Epoch 86:  41%|████      | 13/32 [00:03<00:04,  4.42it/s][A
Training Epochs:  86%|████████▌ | 86/100 [09:56<01:45,  7.53s/it, -ELBO=0.4269, Potential Metric=0.1762, Entropy Metric=0.0492]

Epoch 86:  44%|████▍     | 14/32 [00:03<00:04,  4.38it/s][A
Training Epochs:  86%|████████▌ | 86/100 [09:57<01:45,  7.53s/it, -ELBO=0.4369, Potential Metric=0.1732, Entropy Metric=0.0482]

Epoch 86:  47%|████▋     | 15/32 [00:03<00:03,  4.36it/s][A
Training Epochs:  86%|████████▌ | 86/100 [09:57<01:45,  7.53s/it, -ELBO=0.4664, Potential Metric=0.1783, Entropy Metric=0.0492]

Epoch 86:  50%|█████     | 16/32 [00:03<00:03,  4.52it/s][A
Training Epochs:  86%|████████▌ | 86/100 [09:57<01:45,  7.53s/it, -ELBO=0.4706, Potential Metric=0.1629, Entropy Metric=0.0480]

Epoch 86:  53%|█████▎    | 17/32 [00:03<00:03,  4.56it/s][A
Training Epochs:  86%|████████▌ | 86/100 [09:57<01:45,  7.53s/it, -ELBO=0.4463, Potential Metric=0.1922, Entropy Metric=0.0524]

Epoch 86:  56%|█████▋    | 18/32 [00:04<00:03,  4.65it/s][A
Training Epochs:  86%|████████▌ | 86/100 [09:57<01:45,  7.53s/it, -ELBO=0.4538, Potential Metric=0.1701, Entropy Metric=0.0516]

Epoch 86:  59%|█████▉    | 19/32 [00:04<00:02,  4.53it/s][A
Training Epochs:  86%|████████▌ | 86/100 [09:58<01:45,  7.53s/it, -ELBO=0.4938, Potential Metric=0.1697, Entropy Metric=0.0489]

Epoch 86:  62%|██████▎   | 20/32 [00:04<00:02,  4.42it/s][A
Training Epochs:  86%|████████▌ | 86/100 [09:58<01:45,  7.53s/it, -ELBO=0.4611, Potential Metric=0.2005, Entropy Metric=0.0542]

Epoch 86:  66%|██████▌   | 21/32 [00:04<00:02,  4.39it/s][A
Training Epochs:  86%|████████▌ | 86/100 [09:58<01:45,  7.53s/it, -ELBO=0.4317, Potential Metric=0.1851, Entropy Metric=0.0526]

Epoch 86:  69%|██████▉   | 22/32 [00:05<00:02,  4.45it/s][A
Training Epochs:  86%|████████▌ | 86/100 [09:58<01:45,  7.53s/it, -ELBO=0.4347, Potential Metric=0.1962, Entropy Metric=0.0536]

Epoch 86:  72%|███████▏  | 23/32 [00:05<00:02,  4.25it/s][A
Training Epochs:  86%|████████▌ | 86/100 [09:59<01:45,  7.53s/it, -ELBO=0.4865, Potential Metric=0.1877, Entropy Metric=0.0501]

Epoch 86:  75%|███████▌  | 24/32 [00:05<00:01,  4.29it/s][A
Training Epochs:  86%|████████▌ | 86/100 [09:59<01:45,  7.53s/it, -ELBO=0.4655, Potential Metric=0.1612, Entropy Metric=0.0497]

Epoch 86:  78%|███████▊  | 25/32 [00:05<00:01,  4.32it/s][A
Training Epochs:  86%|████████▌ | 86/100 [09:59<01:45,  7.53s/it, -ELBO=0.4346, Potential Metric=0.1853, Entropy Metric=0.0503]

Epoch 86:  81%|████████▏ | 26/32 [00:05<00:01,  4.57it/s][A
Training Epochs:  86%|████████▌ | 86/100 [09:59<01:45,  7.53s/it, -ELBO=0.4485, Potential Metric=0.1691, Entropy Metric=0.0459]

Epoch 86:  84%|████████▍ | 27/32 [00:06<00:01,  4.56it/s][A
Training Epochs:  86%|████████▌ | 86/100 [09:59<01:45,  7.53s/it, -ELBO=0.5382, Potential Metric=0.1825, Entropy Metric=0.0515]

Epoch 86:  88%|████████▊ | 28/32 [00:06<00:00,  4.42it/s][A
Training Epochs:  86%|████████▌ | 86/100 [10:00<01:45,  7.53s/it, -ELBO=0.4419, Potential Metric=0.1770, Entropy Metric=0.0493]

Epoch 86:  91%|█████████ | 29/32 [00:06<00:00,  4.37it/s][A
Training Epochs:  86%|████████▌ | 86/100 [10:00<01:45,  7.53s/it, -ELBO=0.4342, Potential Metric=0.1859, Entropy Metric=0.0518]

Epoch 86:  94%|█████████▍| 30/32 [00:06<00:00,  4.45it/s][A
Training Epochs:  86%|████████▌ | 86/100 [10:00<01:45,  7.53s/it, -ELBO=0.4699, Potential Metric=0.2010, Entropy Metric=0.0496]

Epoch 86:  97%|█████████▋| 31/32 [00:07<00:00,  4.38it/s][A
Training Epochs:  86%|████████▌ | 86/100 [10:00<01:45,  7.53s/it, -ELBO=0.4197, Potential Metric=0.2005, Entropy Metric=0.0548]

Epoch 86: 100%|██████████| 32/32 [00:07<00:00,  4.43it/s][A

                                                         [A
Training Epochs:  87%|████████▋ | 87/100 [10:00<01:37,  7.51s/it, -ELBO=0.4197, Potential Metric=0.2005, Entropy Metric=0.0548]

Epoch 87:   0%|          | 0/32 [00:00<?, ?it/s][A
Training Epochs:  87%|████████▋ | 87/100 [10:01<01:37,  7.51s/it, -ELBO=0.4508, Potential Metric=0.1999, Entropy Metric=0.0483]

Epoch 87:   3%|▎         | 1/32 [00:00<00:09,  3.28it/s][A
Training Epochs:  87%|████████▋ | 87/100 [10:01<01:37,  7.51s/it, -ELBO=0.4531, Potential Metric=0.1923, Entropy Metric=0.0521]

Epoch 87:   6%|▋         | 2/32 [00:00<00:08,  3.57it/s][A
Training Epochs:  87%|████████▋ | 87/100 [10:01<01:37,  7.51s/it, -ELBO=0.4530, Potential Metric=0.2200, Entropy Metric=0.0555]

Epoch 87:   9%|▉         | 3/32 [00:00<00:07,  4.02it/s][A
Training Epochs:  87%|████████▋ | 87/100 [10:02<01:37,  7.51s/it, -ELBO=0.4555, Potential Metric=0.1828, Entropy Metric=0.0518]

Epoch 87:  12%|█▎        | 4/32 [00:00<00:06,  4.26it/s][A
Training Epochs:  87%|████████▋ | 87/100 [10:02<01:37,  7.51s/it, -ELBO=0.4835, Potential Metric=0.1923, Entropy Metric=0.0537]

Epoch 87:  16%|█▌        | 5/32 [00:01<00:06,  4.33it/s][A
Training Epochs:  87%|████████▋ | 87/100 [10:02<01:37,  7.51s/it, -ELBO=0.4751, Potential Metric=0.1782, Entropy Metric=0.0536]

Epoch 87:  19%|█▉        | 6/32 [00:01<00:07,  3.41it/s][A
Training Epochs:  87%|████████▋ | 87/100 [10:02<01:37,  7.51s/it, -ELBO=0.4552, Potential Metric=0.1916, Entropy Metric=0.0512]

Epoch 87:  22%|██▏       | 7/32 [00:01<00:06,  3.66it/s][A
Training Epochs:  87%|████████▋ | 87/100 [10:03<01:37,  7.51s/it, -ELBO=0.4358, Potential Metric=0.1860, Entropy Metric=0.0537]

Epoch 87:  25%|██▌       | 8/32 [00:02<00:06,  3.83it/s][A
Training Epochs:  87%|████████▋ | 87/100 [10:03<01:37,  7.51s/it, -ELBO=0.4290, Potential Metric=0.1848, Entropy Metric=0.0508]

Epoch 87:  28%|██▊       | 9/32 [00:02<00:05,  4.17it/s][A
Training Epochs:  87%|████████▋ | 87/100 [10:03<01:37,  7.51s/it, -ELBO=0.4284, Potential Metric=0.1738, Entropy Metric=0.0515]

Epoch 87:  31%|███▏      | 10/32 [00:02<00:05,  4.40it/s][A
Training Epochs:  87%|████████▋ | 87/100 [10:03<01:37,  7.51s/it, -ELBO=0.4826, Potential Metric=0.1929, Entropy Metric=0.0492]

Epoch 87:  34%|███▍      | 11/32 [00:02<00:04,  4.50it/s][A
Training Epochs:  87%|████████▋ | 87/100 [10:04<01:37,  7.51s/it, -ELBO=0.4184, Potential Metric=0.1743, Entropy Metric=0.0511]

Epoch 87:  38%|███▊      | 12/32 [00:02<00:04,  4.56it/s][A
Training Epochs:  87%|████████▋ | 87/100 [10:04<01:37,  7.51s/it, -ELBO=0.4537, Potential Metric=0.1829, Entropy Metric=0.0517]

Epoch 87:  41%|████      | 13/32 [00:03<00:04,  4.66it/s][A
Training Epochs:  87%|████████▋ | 87/100 [10:04<01:37,  7.51s/it, -ELBO=0.5122, Potential Metric=0.1811, Entropy Metric=0.0521]

Epoch 87:  44%|████▍     | 14/32 [00:03<00:03,  4.70it/s][A
Training Epochs:  87%|████████▋ | 87/100 [10:04<01:37,  7.51s/it, -ELBO=0.4732, Potential Metric=0.2007, Entropy Metric=0.0554]

Epoch 87:  47%|████▋     | 15/32 [00:03<00:03,  4.80it/s][A
Training Epochs:  87%|████████▋ | 87/100 [10:04<01:37,  7.51s/it, -ELBO=0.4615, Potential Metric=0.1922, Entropy Metric=0.0527]

Epoch 87:  50%|█████     | 16/32 [00:03<00:03,  4.82it/s][A
Training Epochs:  87%|████████▋ | 87/100 [10:05<01:37,  7.51s/it, -ELBO=0.4096, Potential Metric=0.1933, Entropy Metric=0.0549]

Epoch 87:  53%|█████▎    | 17/32 [00:03<00:03,  4.61it/s][A
Training Epochs:  87%|████████▋ | 87/100 [10:05<01:37,  7.51s/it, -ELBO=0.4498, Potential Metric=0.1723, Entropy Metric=0.0557]

Epoch 87:  56%|█████▋    | 18/32 [00:04<00:03,  4.63it/s][A
Training Epochs:  87%|████████▋ | 87/100 [10:05<01:37,  7.51s/it, -ELBO=0.4495, Potential Metric=0.1838, Entropy Metric=0.0554]

Epoch 87:  59%|█████▉    | 19/32 [00:04<00:02,  4.66it/s][A
Training Epochs:  87%|████████▋ | 87/100 [10:05<01:37,  7.51s/it, -ELBO=0.4451, Potential Metric=0.1755, Entropy Metric=0.0536]

Epoch 87:  62%|██████▎   | 20/32 [00:04<00:02,  4.67it/s][A
Training Epochs:  87%|████████▋ | 87/100 [10:05<01:37,  7.51s/it, -ELBO=0.4202, Potential Metric=0.1980, Entropy Metric=0.0567]

Epoch 87:  66%|██████▌   | 21/32 [00:04<00:02,  4.45it/s][A
Training Epochs:  87%|████████▋ | 87/100 [10:06<01:37,  7.51s/it, -ELBO=0.4506, Potential Metric=0.1714, Entropy Metric=0.0507]

Epoch 87:  69%|██████▉   | 22/32 [00:05<00:02,  4.38it/s][A
Training Epochs:  87%|████████▋ | 87/100 [10:06<01:37,  7.51s/it, -ELBO=0.4619, Potential Metric=0.1752, Entropy Metric=0.0518]

Epoch 87:  72%|███████▏  | 23/32 [00:05<00:02,  4.40it/s][A
Training Epochs:  87%|████████▋ | 87/100 [10:06<01:37,  7.51s/it, -ELBO=0.4903, Potential Metric=0.1838, Entropy Metric=0.0528]

Epoch 87:  75%|███████▌  | 24/32 [00:05<00:01,  4.29it/s][A
Training Epochs:  87%|████████▋ | 87/100 [10:06<01:37,  7.51s/it, -ELBO=0.4302, Potential Metric=0.1668, Entropy Metric=0.0524]

Epoch 87:  78%|███████▊  | 25/32 [00:05<00:01,  4.25it/s][A
Training Epochs:  87%|████████▋ | 87/100 [10:07<01:37,  7.51s/it, -ELBO=0.4659, Potential Metric=0.1647, Entropy Metric=0.0480]

Epoch 87:  81%|████████▏ | 26/32 [00:06<00:01,  4.26it/s][A
Training Epochs:  87%|████████▋ | 87/100 [10:07<01:37,  7.51s/it, -ELBO=0.4158, Potential Metric=0.1776, Entropy Metric=0.0520]

Epoch 87:  84%|████████▍ | 27/32 [00:06<00:01,  4.31it/s][A
Training Epochs:  87%|████████▋ | 87/100 [10:07<01:37,  7.51s/it, -ELBO=0.4279, Potential Metric=0.1764, Entropy Metric=0.0489]

Epoch 87:  88%|████████▊ | 28/32 [00:06<00:00,  4.52it/s][A
Training Epochs:  87%|████████▋ | 87/100 [10:07<01:37,  7.51s/it, -ELBO=0.4633, Potential Metric=0.1771, Entropy Metric=0.0481]

Epoch 87:  91%|█████████ | 29/32 [00:06<00:00,  4.57it/s][A
Training Epochs:  87%|████████▋ | 87/100 [10:07<01:37,  7.51s/it, -ELBO=0.4390, Potential Metric=0.1881, Entropy Metric=0.0514]

Epoch 87:  94%|█████████▍| 30/32 [00:06<00:00,  4.62it/s][A
Training Epochs:  87%|████████▋ | 87/100 [10:08<01:37,  7.51s/it, -ELBO=0.4272, Potential Metric=0.1657, Entropy Metric=0.0517]

Epoch 87:  97%|█████████▋| 31/32 [00:07<00:00,  4.69it/s][A
Training Epochs:  87%|████████▋ | 87/100 [10:08<01:37,  7.51s/it, -ELBO=0.4626, Potential Metric=0.1979, Entropy Metric=0.0489]

Epoch 87: 100%|██████████| 32/32 [00:07<00:00,  4.43it/s][A

                                                         [A
Training Epochs:  88%|████████▊ | 88/100 [10:08<01:30,  7.52s/it, -ELBO=0.4626, Potential Metric=0.1979, Entropy Metric=0.0489]

Epoch 88:   0%|          | 0/32 [00:00<?, ?it/s][A
Training Epochs:  88%|████████▊ | 88/100 [10:08<01:30,  7.52s/it, -ELBO=0.4651, Potential Metric=0.1816, Entropy Metric=0.0531]

Epoch 88:   3%|▎         | 1/32 [00:00<00:08,  3.47it/s][A
Training Epochs:  88%|████████▊ | 88/100 [10:09<01:30,  7.52s/it, -ELBO=0.4564, Potential Metric=0.1739, Entropy Metric=0.0542]

Epoch 88:   6%|▋         | 2/32 [00:00<00:07,  3.80it/s][A
Training Epochs:  88%|████████▊ | 88/100 [10:09<01:30,  7.52s/it, -ELBO=0.4020, Potential Metric=0.1816, Entropy Metric=0.0585]

Epoch 88:   9%|▉         | 3/32 [00:00<00:06,  4.23it/s][A
Training Epochs:  88%|████████▊ | 88/100 [10:09<01:30,  7.52s/it, -ELBO=0.4756, Potential Metric=0.1627, Entropy Metric=0.0573]

Epoch 88:  12%|█▎        | 4/32 [00:00<00:06,  4.44it/s][A
Training Epochs:  88%|████████▊ | 88/100 [10:09<01:30,  7.52s/it, -ELBO=0.4579, Potential Metric=0.1722, Entropy Metric=0.0541]

Epoch 88:  16%|█▌        | 5/32 [00:01<00:05,  4.73it/s][A
Training Epochs:  88%|████████▊ | 88/100 [10:09<01:30,  7.52s/it, -ELBO=0.4432, Potential Metric=0.1936, Entropy Metric=0.0562]

Epoch 88:  19%|█▉        | 6/32 [00:01<00:05,  4.44it/s][A
Training Epochs:  88%|████████▊ | 88/100 [10:10<01:30,  7.52s/it, -ELBO=0.4489, Potential Metric=0.1644, Entropy Metric=0.0539]

Epoch 88:  22%|██▏       | 7/32 [00:01<00:05,  4.55it/s][A
Training Epochs:  88%|████████▊ | 88/100 [10:10<01:30,  7.52s/it, -ELBO=0.4362, Potential Metric=0.1748, Entropy Metric=0.0529]

Epoch 88:  25%|██▌       | 8/32 [00:01<00:05,  4.47it/s][A
Training Epochs:  88%|████████▊ | 88/100 [10:10<01:30,  7.52s/it, -ELBO=0.4516, Potential Metric=0.1892, Entropy Metric=0.0585]

Epoch 88:  28%|██▊       | 9/32 [00:02<00:05,  4.48it/s][A
Training Epochs:  88%|████████▊ | 88/100 [10:10<01:30,  7.52s/it, -ELBO=0.4370, Potential Metric=0.1860, Entropy Metric=0.0565]

Epoch 88:  31%|███▏      | 10/32 [00:02<00:04,  4.42it/s][A
Training Epochs:  88%|████████▊ | 88/100 [10:11<01:30,  7.52s/it, -ELBO=0.4105, Potential Metric=0.1788, Entropy Metric=0.0548]

Epoch 88:  34%|███▍      | 11/32 [00:02<00:04,  4.41it/s][A
Training Epochs:  88%|████████▊ | 88/100 [10:11<01:30,  7.52s/it, -ELBO=0.4288, Potential Metric=0.1732, Entropy Metric=0.0542]

Epoch 88:  38%|███▊      | 12/32 [00:02<00:04,  4.53it/s][A
Training Epochs:  88%|████████▊ | 88/100 [10:11<01:30,  7.52s/it, -ELBO=0.4577, Potential Metric=0.1923, Entropy Metric=0.0501]

Epoch 88:  41%|████      | 13/32 [00:02<00:04,  4.46it/s][A
Training Epochs:  88%|████████▊ | 88/100 [10:11<01:30,  7.52s/it, -ELBO=0.4720, Potential Metric=0.1892, Entropy Metric=0.0522]

Epoch 88:  44%|████▍     | 14/32 [00:03<00:04,  4.49it/s][A
Training Epochs:  88%|████████▊ | 88/100 [10:11<01:30,  7.52s/it, -ELBO=0.4658, Potential Metric=0.2063, Entropy Metric=0.0518]

Epoch 88:  47%|████▋     | 15/32 [00:03<00:03,  4.47it/s][A
Training Epochs:  88%|████████▊ | 88/100 [10:12<01:30,  7.52s/it, -ELBO=0.4399, Potential Metric=0.1684, Entropy Metric=0.0470]

Epoch 88:  50%|█████     | 16/32 [00:03<00:03,  4.62it/s][A
Training Epochs:  88%|████████▊ | 88/100 [10:12<01:30,  7.52s/it, -ELBO=0.4143, Potential Metric=0.1894, Entropy Metric=0.0508]

Epoch 88:  53%|█████▎    | 17/32 [00:03<00:03,  4.50it/s][A
Training Epochs:  88%|████████▊ | 88/100 [10:12<01:30,  7.52s/it, -ELBO=0.4390, Potential Metric=0.2048, Entropy Metric=0.0482]

Epoch 88:  56%|█████▋    | 18/32 [00:04<00:03,  4.64it/s][A
Training Epochs:  88%|████████▊ | 88/100 [10:12<01:30,  7.52s/it, -ELBO=0.3993, Potential Metric=0.1699, Entropy Metric=0.0528]

Epoch 88:  59%|█████▉    | 19/32 [00:04<00:02,  4.60it/s][A
Training Epochs:  88%|████████▊ | 88/100 [10:13<01:30,  7.52s/it, -ELBO=0.4480, Potential Metric=0.1849, Entropy Metric=0.0503]

Epoch 88:  62%|██████▎   | 20/32 [00:04<00:02,  4.47it/s][A
Training Epochs:  88%|████████▊ | 88/100 [10:13<01:30,  7.52s/it, -ELBO=0.4512, Potential Metric=0.1677, Entropy Metric=0.0517]

Epoch 88:  66%|██████▌   | 21/32 [00:04<00:02,  4.54it/s][A
Training Epochs:  88%|████████▊ | 88/100 [10:13<01:30,  7.52s/it, -ELBO=0.4151, Potential Metric=0.1758, Entropy Metric=0.0516]

Epoch 88:  69%|██████▉   | 22/32 [00:04<00:02,  4.44it/s][A
Training Epochs:  88%|████████▊ | 88/100 [10:13<01:30,  7.52s/it, -ELBO=0.4392, Potential Metric=0.1906, Entropy Metric=0.0546]

Epoch 88:  72%|███████▏  | 23/32 [00:05<00:02,  4.41it/s][A
Training Epochs:  88%|████████▊ | 88/100 [10:14<01:30,  7.52s/it, -ELBO=0.4874, Potential Metric=0.1903, Entropy Metric=0.0580]

Epoch 88:  75%|███████▌  | 24/32 [00:05<00:01,  4.36it/s][A
Training Epochs:  88%|████████▊ | 88/100 [10:14<01:30,  7.52s/it, -ELBO=0.4487, Potential Metric=0.1972, Entropy Metric=0.0558]

Epoch 88:  78%|███████▊  | 25/32 [00:05<00:01,  4.46it/s][A
Training Epochs:  88%|████████▊ | 88/100 [10:14<01:30,  7.52s/it, -ELBO=0.4570, Potential Metric=0.1650, Entropy Metric=0.0539]

Epoch 88:  81%|████████▏ | 26/32 [00:05<00:01,  4.47it/s][A
Training Epochs:  88%|████████▊ | 88/100 [10:14<01:30,  7.52s/it, -ELBO=0.4611, Potential Metric=0.2194, Entropy Metric=0.0567]

Epoch 88:  84%|████████▍ | 27/32 [00:06<00:01,  4.59it/s][A
Training Epochs:  88%|████████▊ | 88/100 [10:14<01:30,  7.52s/it, -ELBO=0.4843, Potential Metric=0.2033, Entropy Metric=0.0547]

Epoch 88:  88%|████████▊ | 28/32 [00:06<00:00,  4.51it/s][A
Training Epochs:  88%|████████▊ | 88/100 [10:15<01:30,  7.52s/it, -ELBO=0.4468, Potential Metric=0.1825, Entropy Metric=0.0535]

Epoch 88:  91%|█████████ | 29/32 [00:06<00:00,  4.43it/s][A
Training Epochs:  88%|████████▊ | 88/100 [10:15<01:30,  7.52s/it, -ELBO=0.4654, Potential Metric=0.1851, Entropy Metric=0.0539]

Epoch 88:  94%|█████████▍| 30/32 [00:06<00:00,  4.39it/s][A
Training Epochs:  88%|████████▊ | 88/100 [10:15<01:30,  7.52s/it, -ELBO=0.4460, Potential Metric=0.1910, Entropy Metric=0.0550]

Epoch 88:  97%|█████████▋| 31/32 [00:06<00:00,  4.44it/s][A
Training Epochs:  88%|████████▊ | 88/100 [10:15<01:30,  7.52s/it, -ELBO=0.4557, Potential Metric=0.1592, Entropy Metric=0.0549]

Epoch 88: 100%|██████████| 32/32 [00:07<00:00,  4.37it/s][A

                                                         [A
Training Epochs:  89%|████████▉ | 89/100 [10:15<01:22,  7.47s/it, -ELBO=0.4557, Potential Metric=0.1592, Entropy Metric=0.0549]

Epoch 89:   0%|          | 0/32 [00:00<?, ?it/s][A
Training Epochs:  89%|████████▉ | 89/100 [10:16<01:22,  7.47s/it, -ELBO=0.4571, Potential Metric=0.1763, Entropy Metric=0.0523]

Epoch 89:   3%|▎         | 1/32 [00:00<00:08,  3.75it/s][A
Training Epochs:  89%|████████▉ | 89/100 [10:16<01:22,  7.47s/it, -ELBO=0.4281, Potential Metric=0.1787, Entropy Metric=0.0537]

Epoch 89:   6%|▋         | 2/32 [00:00<00:07,  4.26it/s][A
Training Epochs:  89%|████████▉ | 89/100 [10:16<01:22,  7.47s/it, -ELBO=0.4514, Potential Metric=0.1646, Entropy Metric=0.0543]

Epoch 89:   9%|▉         | 3/32 [00:00<00:06,  4.39it/s][A
Training Epochs:  89%|████████▉ | 89/100 [10:16<01:22,  7.47s/it, -ELBO=0.4245, Potential Metric=0.1869, Entropy Metric=0.0547]

Epoch 89:  12%|█▎        | 4/32 [00:00<00:06,  4.46it/s][A
Training Epochs:  89%|████████▉ | 89/100 [10:17<01:22,  7.47s/it, -ELBO=0.4390, Potential Metric=0.1862, Entropy Metric=0.0542]

Epoch 89:  16%|█▌        | 5/32 [00:01<00:06,  4.42it/s][A
Training Epochs:  89%|████████▉ | 89/100 [10:17<01:22,  7.47s/it, -ELBO=0.4794, Potential Metric=0.1783, Entropy Metric=0.0555]

Epoch 89:  19%|█▉        | 6/32 [00:01<00:05,  4.48it/s][A
Training Epochs:  89%|████████▉ | 89/100 [10:17<01:22,  7.47s/it, -ELBO=0.4454, Potential Metric=0.1761, Entropy Metric=0.0544]

Epoch 89:  22%|██▏       | 7/32 [00:01<00:05,  4.49it/s][A
Training Epochs:  89%|████████▉ | 89/100 [10:17<01:22,  7.47s/it, -ELBO=0.4125, Potential Metric=0.1651, Entropy Metric=0.0533]

Epoch 89:  25%|██▌       | 8/32 [00:01<00:05,  4.57it/s][A
Training Epochs:  89%|████████▉ | 89/100 [10:18<01:22,  7.47s/it, -ELBO=0.4726, Potential Metric=0.1767, Entropy Metric=0.0541]

Epoch 89:  28%|██▊       | 9/32 [00:02<00:05,  4.51it/s][A
Training Epochs:  89%|████████▉ | 89/100 [10:18<01:22,  7.47s/it, -ELBO=0.4533, Potential Metric=0.1890, Entropy Metric=0.0513]

Epoch 89:  31%|███▏      | 10/32 [00:02<00:04,  4.58it/s][A
Training Epochs:  89%|████████▉ | 89/100 [10:18<01:22,  7.47s/it, -ELBO=0.4300, Potential Metric=0.1840, Entropy Metric=0.0521]

Epoch 89:  34%|███▍      | 11/32 [00:02<00:04,  4.72it/s][A
Training Epochs:  89%|████████▉ | 89/100 [10:18<01:22,  7.47s/it, -ELBO=0.4553, Potential Metric=0.1755, Entropy Metric=0.0511]

Epoch 89:  38%|███▊      | 12/32 [00:02<00:04,  4.66it/s][A
Training Epochs:  89%|████████▉ | 89/100 [10:18<01:22,  7.47s/it, -ELBO=0.4568, Potential Metric=0.1718, Entropy Metric=0.0531]

Epoch 89:  41%|████      | 13/32 [00:02<00:03,  4.76it/s][A
Training Epochs:  89%|████████▉ | 89/100 [10:19<01:22,  7.47s/it, -ELBO=0.4210, Potential Metric=0.1989, Entropy Metric=0.0517]

Epoch 89:  44%|████▍     | 14/32 [00:03<00:03,  4.83it/s][A
Training Epochs:  89%|████████▉ | 89/100 [10:19<01:22,  7.47s/it, -ELBO=0.4195, Potential Metric=0.1754, Entropy Metric=0.0488]

Epoch 89:  47%|████▋     | 15/32 [00:03<00:03,  4.72it/s][A
Training Epochs:  89%|████████▉ | 89/100 [10:19<01:22,  7.47s/it, -ELBO=0.4464, Potential Metric=0.1662, Entropy Metric=0.0525]

Epoch 89:  50%|█████     | 16/32 [00:03<00:03,  4.67it/s][A
Training Epochs:  89%|████████▉ | 89/100 [10:19<01:22,  7.47s/it, -ELBO=0.4294, Potential Metric=0.1878, Entropy Metric=0.0508]

Epoch 89:  53%|█████▎    | 17/32 [00:03<00:03,  4.47it/s][A
Training Epochs:  89%|████████▉ | 89/100 [10:19<01:22,  7.47s/it, -ELBO=0.4933, Potential Metric=0.1842, Entropy Metric=0.0511]

Epoch 89:  56%|█████▋    | 18/32 [00:03<00:03,  4.37it/s][A
Training Epochs:  89%|████████▉ | 89/100 [10:20<01:22,  7.47s/it, -ELBO=0.4264, Potential Metric=0.1985, Entropy Metric=0.0514]

Epoch 89:  59%|█████▉    | 19/32 [00:04<00:02,  4.37it/s][A
Training Epochs:  89%|████████▉ | 89/100 [10:20<01:22,  7.47s/it, -ELBO=0.4372, Potential Metric=0.1842, Entropy Metric=0.0484]

Epoch 89:  62%|██████▎   | 20/32 [00:04<00:02,  4.36it/s][A
Training Epochs:  89%|████████▉ | 89/100 [10:20<01:22,  7.47s/it, -ELBO=0.4514, Potential Metric=0.1944, Entropy Metric=0.0519]

Epoch 89:  66%|██████▌   | 21/32 [00:04<00:02,  4.52it/s][A
Training Epochs:  89%|████████▉ | 89/100 [10:20<01:22,  7.47s/it, -ELBO=0.4531, Potential Metric=0.1961, Entropy Metric=0.0536]

Epoch 89:  69%|██████▉   | 22/32 [00:04<00:02,  4.67it/s][A
Training Epochs:  89%|████████▉ | 89/100 [10:21<01:22,  7.47s/it, -ELBO=0.4637, Potential Metric=0.1864, Entropy Metric=0.0488]

Epoch 89:  72%|███████▏  | 23/32 [00:05<00:01,  4.52it/s][A
Training Epochs:  89%|████████▉ | 89/100 [10:21<01:22,  7.47s/it, -ELBO=0.4436, Potential Metric=0.1692, Entropy Metric=0.0483]

Epoch 89:  75%|███████▌  | 24/32 [00:05<00:01,  4.71it/s][A
Training Epochs:  89%|████████▉ | 89/100 [10:21<01:22,  7.47s/it, -ELBO=0.4283, Potential Metric=0.1768, Entropy Metric=0.0512]

Epoch 89:  78%|███████▊  | 25/32 [00:05<00:01,  4.72it/s][A
Training Epochs:  89%|████████▉ | 89/100 [10:21<01:22,  7.47s/it, -ELBO=0.4492, Potential Metric=0.1765, Entropy Metric=0.0514]

Epoch 89:  81%|████████▏ | 26/32 [00:05<00:01,  4.75it/s][A
Training Epochs:  89%|████████▉ | 89/100 [10:21<01:22,  7.47s/it, -ELBO=0.4136, Potential Metric=0.1829, Entropy Metric=0.0521]

Epoch 89:  84%|████████▍ | 27/32 [00:05<00:01,  4.83it/s][A
Training Epochs:  89%|████████▉ | 89/100 [10:22<01:22,  7.47s/it, -ELBO=0.4569, Potential Metric=0.1943, Entropy Metric=0.0505]

Epoch 89:  88%|████████▊ | 28/32 [00:06<00:00,  4.65it/s][A
Training Epochs:  89%|████████▉ | 89/100 [10:22<01:22,  7.47s/it, -ELBO=0.4034, Potential Metric=0.1718, Entropy Metric=0.0523]

Epoch 89:  91%|█████████ | 29/32 [00:06<00:00,  4.34it/s][A
Training Epochs:  89%|████████▉ | 89/100 [10:22<01:22,  7.47s/it, -ELBO=0.4510, Potential Metric=0.1821, Entropy Metric=0.0522]

Epoch 89:  94%|█████████▍| 30/32 [00:06<00:00,  4.40it/s][A
Training Epochs:  89%|████████▉ | 89/100 [10:22<01:22,  7.47s/it, -ELBO=0.4452, Potential Metric=0.1853, Entropy Metric=0.0549]

Epoch 89:  97%|█████████▋| 31/32 [00:06<00:00,  4.45it/s][A
Training Epochs:  89%|████████▉ | 89/100 [10:23<01:22,  7.47s/it, -ELBO=0.4495, Potential Metric=0.1712, Entropy Metric=0.0537]

Epoch 89: 100%|██████████| 32/32 [00:07<00:00,  4.46it/s][A

                                                         [A
Training Epochs:  90%|█████████ | 90/100 [10:23<01:13,  7.40s/it, -ELBO=0.4495, Potential Metric=0.1712, Entropy Metric=0.0537]

Epoch 90:   0%|          | 0/32 [00:00<?, ?it/s][A
Training Epochs:  90%|█████████ | 90/100 [10:23<01:13,  7.40s/it, -ELBO=0.4500, Potential Metric=0.1905, Entropy Metric=0.0517]

Epoch 90:   3%|▎         | 1/32 [00:00<00:07,  3.93it/s][A
Training Epochs:  90%|█████████ | 90/100 [10:23<01:13,  7.40s/it, -ELBO=0.4154, Potential Metric=0.1733, Entropy Metric=0.0531]

Epoch 90:   6%|▋         | 2/32 [00:00<00:06,  4.55it/s][A
Training Epochs:  90%|█████████ | 90/100 [10:23<01:13,  7.40s/it, -ELBO=0.4426, Potential Metric=0.2006, Entropy Metric=0.0514]

Epoch 90:   9%|▉         | 3/32 [00:00<00:06,  4.44it/s][A
Training Epochs:  90%|█████████ | 90/100 [10:24<01:13,  7.40s/it, -ELBO=0.4372, Potential Metric=0.1830, Entropy Metric=0.0522]

Epoch 90:  12%|█▎        | 4/32 [00:00<00:06,  4.50it/s][A
Training Epochs:  90%|█████████ | 90/100 [10:24<01:13,  7.40s/it, -ELBO=0.4172, Potential Metric=0.1799, Entropy Metric=0.0514]

Epoch 90:  16%|█▌        | 5/32 [00:01<00:06,  4.46it/s][A
Training Epochs:  90%|█████████ | 90/100 [10:24<01:13,  7.40s/it, -ELBO=0.4342, Potential Metric=0.1654, Entropy Metric=0.0520]

Epoch 90:  19%|█▉        | 6/32 [00:01<00:05,  4.66it/s][A
Training Epochs:  90%|█████████ | 90/100 [10:24<01:13,  7.40s/it, -ELBO=0.4398, Potential Metric=0.1913, Entropy Metric=0.0555]

Epoch 90:  22%|██▏       | 7/32 [00:01<00:05,  4.51it/s][A
Training Epochs:  90%|█████████ | 90/100 [10:25<01:13,  7.40s/it, -ELBO=0.4437, Potential Metric=0.1730, Entropy Metric=0.0532]

Epoch 90:  25%|██▌       | 8/32 [00:01<00:05,  4.66it/s][A
Training Epochs:  90%|█████████ | 90/100 [10:25<01:13,  7.40s/it, -ELBO=0.4677, Potential Metric=0.1734, Entropy Metric=0.0539]

Epoch 90:  28%|██▊       | 9/32 [00:01<00:05,  4.54it/s][A
Training Epochs:  90%|█████████ | 90/100 [10:25<01:13,  7.40s/it, -ELBO=0.4344, Potential Metric=0.1617, Entropy Metric=0.0547]

Epoch 90:  31%|███▏      | 10/32 [00:02<00:04,  4.44it/s][A
Training Epochs:  90%|█████████ | 90/100 [10:25<01:13,  7.40s/it, -ELBO=0.4574, Potential Metric=0.1885, Entropy Metric=0.0521]

Epoch 90:  34%|███▍      | 11/32 [00:02<00:04,  4.46it/s][A
Training Epochs:  90%|█████████ | 90/100 [10:25<01:13,  7.40s/it, -ELBO=0.4418, Potential Metric=0.1892, Entropy Metric=0.0542]

Epoch 90:  38%|███▊      | 12/32 [00:02<00:04,  4.45it/s][A
Training Epochs:  90%|█████████ | 90/100 [10:26<01:13,  7.40s/it, -ELBO=0.4509, Potential Metric=0.1800, Entropy Metric=0.0582]

Epoch 90:  41%|████      | 13/32 [00:02<00:04,  4.61it/s][A
Training Epochs:  90%|█████████ | 90/100 [10:26<01:13,  7.40s/it, -ELBO=0.4617, Potential Metric=0.1914, Entropy Metric=0.0605]

Epoch 90:  44%|████▍     | 14/32 [00:03<00:04,  4.40it/s][A
Training Epochs:  90%|█████████ | 90/100 [10:26<01:13,  7.40s/it, -ELBO=0.4417, Potential Metric=0.1899, Entropy Metric=0.0541]

Epoch 90:  47%|████▋     | 15/32 [00:03<00:03,  4.41it/s][A
Training Epochs:  90%|█████████ | 90/100 [10:26<01:13,  7.40s/it, -ELBO=0.4919, Potential Metric=0.2037, Entropy Metric=0.0516]

Epoch 90:  50%|█████     | 16/32 [00:03<00:03,  4.44it/s][A
Training Epochs:  90%|█████████ | 90/100 [10:27<01:13,  7.40s/it, -ELBO=0.4318, Potential Metric=0.1917, Entropy Metric=0.0534]

Epoch 90:  53%|█████▎    | 17/32 [00:03<00:03,  4.39it/s][A
Training Epochs:  90%|█████████ | 90/100 [10:27<01:13,  7.40s/it, -ELBO=0.4279, Potential Metric=0.1905, Entropy Metric=0.0561]

Epoch 90:  56%|█████▋    | 18/32 [00:04<00:03,  4.46it/s][A
Training Epochs:  90%|█████████ | 90/100 [10:27<01:13,  7.40s/it, -ELBO=0.4292, Potential Metric=0.2061, Entropy Metric=0.0529]

Epoch 90:  59%|█████▉    | 19/32 [00:04<00:02,  4.51it/s][A
Training Epochs:  90%|█████████ | 90/100 [10:27<01:13,  7.40s/it, -ELBO=0.4443, Potential Metric=0.2022, Entropy Metric=0.0511]

Epoch 90:  62%|██████▎   | 20/32 [00:04<00:02,  4.62it/s][A
Training Epochs:  90%|█████████ | 90/100 [10:27<01:13,  7.40s/it, -ELBO=0.4055, Potential Metric=0.1693, Entropy Metric=0.0520]

Epoch 90:  66%|██████▌   | 21/32 [00:04<00:02,  4.55it/s][A
Training Epochs:  90%|█████████ | 90/100 [10:28<01:13,  7.40s/it, -ELBO=0.4495, Potential Metric=0.1967, Entropy Metric=0.0489]

Epoch 90:  69%|██████▉   | 22/32 [00:04<00:02,  4.61it/s][A
Training Epochs:  90%|█████████ | 90/100 [10:28<01:13,  7.40s/it, -ELBO=0.4549, Potential Metric=0.1717, Entropy Metric=0.0500]

Epoch 90:  72%|███████▏  | 23/32 [00:05<00:01,  4.51it/s][A
Training Epochs:  90%|█████████ | 90/100 [10:28<01:13,  7.40s/it, -ELBO=0.4200, Potential Metric=0.1891, Entropy Metric=0.0536]

Epoch 90:  75%|███████▌  | 24/32 [00:05<00:01,  4.37it/s][A
Training Epochs:  90%|█████████ | 90/100 [10:28<01:13,  7.40s/it, -ELBO=0.4745, Potential Metric=0.1819, Entropy Metric=0.0510]

Epoch 90:  78%|███████▊  | 25/32 [00:05<00:01,  4.43it/s][A
Training Epochs:  90%|█████████ | 90/100 [10:29<01:13,  7.40s/it, -ELBO=0.4568, Potential Metric=0.1886, Entropy Metric=0.0530]

Epoch 90:  81%|████████▏ | 26/32 [00:05<00:01,  4.39it/s][A
Training Epochs:  90%|█████████ | 90/100 [10:29<01:13,  7.40s/it, -ELBO=0.4308, Potential Metric=0.1790, Entropy Metric=0.0547]

Epoch 90:  84%|████████▍ | 27/32 [00:06<00:01,  4.49it/s][A
Training Epochs:  90%|█████████ | 90/100 [10:29<01:13,  7.40s/it, -ELBO=0.4256, Potential Metric=0.1879, Entropy Metric=0.0536]

Epoch 90:  88%|████████▊ | 28/32 [00:06<00:00,  4.45it/s][A
Training Epochs:  90%|█████████ | 90/100 [10:29<01:13,  7.40s/it, -ELBO=0.4084, Potential Metric=0.2021, Entropy Metric=0.0567]

Epoch 90:  91%|█████████ | 29/32 [00:06<00:00,  4.41it/s][A
Training Epochs:  90%|█████████ | 90/100 [10:29<01:13,  7.40s/it, -ELBO=0.4429, Potential Metric=0.1836, Entropy Metric=0.0542]

Epoch 90:  94%|█████████▍| 30/32 [00:06<00:00,  4.46it/s][A
Training Epochs:  90%|█████████ | 90/100 [10:30<01:13,  7.40s/it, -ELBO=0.4378, Potential Metric=0.1839, Entropy Metric=0.0519]

Epoch 90:  97%|█████████▋| 31/32 [00:06<00:00,  4.60it/s][A
Training Epochs:  90%|█████████ | 90/100 [10:30<01:13,  7.40s/it, -ELBO=0.4338, Potential Metric=0.1579, Entropy Metric=0.0519]

Epoch 90: 100%|██████████| 32/32 [00:07<00:00,  4.61it/s][A

                                                         [A
Training Epochs:  91%|█████████ | 91/100 [10:30<01:06,  7.38s/it, -ELBO=0.4338, Potential Metric=0.1579, Entropy Metric=0.0519]

Epoch 91:   0%|          | 0/32 [00:00<?, ?it/s][A
Training Epochs:  91%|█████████ | 91/100 [10:30<01:06,  7.38s/it, -ELBO=0.4408, Potential Metric=0.1981, Entropy Metric=0.0523]

Epoch 91:   3%|▎         | 1/32 [00:00<00:12,  2.42it/s][A
Training Epochs:  91%|█████████ | 91/100 [10:31<01:06,  7.38s/it, -ELBO=0.4178, Potential Metric=0.1768, Entropy Metric=0.0497]

Epoch 91:   6%|▋         | 2/32 [00:00<00:08,  3.46it/s][A
Training Epochs:  91%|█████████ | 91/100 [10:31<01:06,  7.38s/it, -ELBO=0.4378, Potential Metric=0.1898, Entropy Metric=0.0506]

Epoch 91:   9%|▉         | 3/32 [00:00<00:07,  3.90it/s][A
Training Epochs:  91%|█████████ | 91/100 [10:31<01:06,  7.38s/it, -ELBO=0.4257, Potential Metric=0.1921, Entropy Metric=0.0528]

Epoch 91:  12%|█▎        | 4/32 [00:01<00:06,  4.31it/s][A
Training Epochs:  91%|█████████ | 91/100 [10:31<01:06,  7.38s/it, -ELBO=0.4451, Potential Metric=0.1745, Entropy Metric=0.0524]

Epoch 91:  16%|█▌        | 5/32 [00:01<00:06,  4.43it/s][A
Training Epochs:  91%|█████████ | 91/100 [10:31<01:06,  7.38s/it, -ELBO=0.4191, Potential Metric=0.1740, Entropy Metric=0.0573]

Epoch 91:  19%|█▉        | 6/32 [00:01<00:05,  4.59it/s][A
Training Epochs:  91%|█████████ | 91/100 [10:32<01:06,  7.38s/it, -ELBO=0.4399, Potential Metric=0.1869, Entropy Metric=0.0564]

Epoch 91:  22%|██▏       | 7/32 [00:01<00:05,  4.49it/s][A
Training Epochs:  91%|█████████ | 91/100 [10:32<01:06,  7.38s/it, -ELBO=0.4293, Potential Metric=0.1941, Entropy Metric=0.0534]

Epoch 91:  25%|██▌       | 8/32 [00:01<00:05,  4.39it/s][A
Training Epochs:  91%|█████████ | 91/100 [10:32<01:06,  7.38s/it, -ELBO=0.4269, Potential Metric=0.1940, Entropy Metric=0.0562]

Epoch 91:  28%|██▊       | 9/32 [00:02<00:05,  4.48it/s][A
Training Epochs:  91%|█████████ | 91/100 [10:32<01:06,  7.38s/it, -ELBO=0.4453, Potential Metric=0.1816, Entropy Metric=0.0540]

Epoch 91:  31%|███▏      | 10/32 [00:02<00:05,  4.39it/s][A
Training Epochs:  91%|█████████ | 91/100 [10:33<01:06,  7.38s/it, -ELBO=0.4308, Potential Metric=0.1956, Entropy Metric=0.0544]

Epoch 91:  34%|███▍      | 11/32 [00:02<00:04,  4.32it/s][A
Training Epochs:  91%|█████████ | 91/100 [10:33<01:06,  7.38s/it, -ELBO=0.4594, Potential Metric=0.1752, Entropy Metric=0.0529]

Epoch 91:  38%|███▊      | 12/32 [00:02<00:04,  4.37it/s][A
Training Epochs:  91%|█████████ | 91/100 [10:33<01:06,  7.38s/it, -ELBO=0.4045, Potential Metric=0.1782, Entropy Metric=0.0508]

Epoch 91:  41%|████      | 13/32 [00:03<00:04,  4.51it/s][A
Training Epochs:  91%|█████████ | 91/100 [10:33<01:06,  7.38s/it, -ELBO=0.4132, Potential Metric=0.1751, Entropy Metric=0.0516]

Epoch 91:  44%|████▍     | 14/32 [00:03<00:03,  4.54it/s][A
Training Epochs:  91%|█████████ | 91/100 [10:33<01:06,  7.38s/it, -ELBO=0.4885, Potential Metric=0.1738, Entropy Metric=0.0505]

Epoch 91:  47%|████▋     | 15/32 [00:03<00:03,  4.53it/s][A
Training Epochs:  91%|█████████ | 91/100 [10:34<01:06,  7.38s/it, -ELBO=0.4481, Potential Metric=0.1756, Entropy Metric=0.0558]

Epoch 91:  50%|█████     | 16/32 [00:03<00:03,  4.53it/s][A
Training Epochs:  91%|█████████ | 91/100 [10:34<01:06,  7.38s/it, -ELBO=0.4492, Potential Metric=0.1778, Entropy Metric=0.0521]

Epoch 91:  53%|█████▎    | 17/32 [00:03<00:03,  4.51it/s][A
Training Epochs:  91%|█████████ | 91/100 [10:34<01:06,  7.38s/it, -ELBO=0.4198, Potential Metric=0.1800, Entropy Metric=0.0539]

Epoch 91:  56%|█████▋    | 18/32 [00:04<00:03,  4.43it/s][A
Training Epochs:  91%|█████████ | 91/100 [10:34<01:06,  7.38s/it, -ELBO=0.4507, Potential Metric=0.1605, Entropy Metric=0.0560]

Epoch 91:  59%|█████▉    | 19/32 [00:04<00:02,  4.56it/s][A
Training Epochs:  91%|█████████ | 91/100 [10:35<01:06,  7.38s/it, -ELBO=0.4243, Potential Metric=0.1779, Entropy Metric=0.0536]

Epoch 91:  62%|██████▎   | 20/32 [00:04<00:02,  4.61it/s][A
Training Epochs:  91%|█████████ | 91/100 [10:35<01:06,  7.38s/it, -ELBO=0.4409, Potential Metric=0.1693, Entropy Metric=0.0535]

Epoch 91:  66%|██████▌   | 21/32 [00:04<00:02,  4.59it/s][A
Training Epochs:  91%|█████████ | 91/100 [10:35<01:06,  7.38s/it, -ELBO=0.4399, Potential Metric=0.1920, Entropy Metric=0.0567]

Epoch 91:  69%|██████▉   | 22/32 [00:05<00:02,  4.49it/s][A
Training Epochs:  91%|█████████ | 91/100 [10:35<01:06,  7.38s/it, -ELBO=0.4244, Potential Metric=0.1761, Entropy Metric=0.0529]

Epoch 91:  72%|███████▏  | 23/32 [00:05<00:02,  4.26it/s][A
Training Epochs:  91%|█████████ | 91/100 [10:36<01:06,  7.38s/it, -ELBO=0.4435, Potential Metric=0.1724, Entropy Metric=0.0464]

Epoch 91:  75%|███████▌  | 24/32 [00:05<00:01,  4.21it/s][A
Training Epochs:  91%|█████████ | 91/100 [10:36<01:06,  7.38s/it, -ELBO=0.4452, Potential Metric=0.1767, Entropy Metric=0.0502]

Epoch 91:  78%|███████▊  | 25/32 [00:05<00:01,  4.21it/s][A
Training Epochs:  91%|█████████ | 91/100 [10:36<01:06,  7.38s/it, -ELBO=0.4428, Potential Metric=0.1781, Entropy Metric=0.0518]

Epoch 91:  81%|████████▏ | 26/32 [00:06<00:01,  4.19it/s][A
Training Epochs:  91%|█████████ | 91/100 [10:36<01:06,  7.38s/it, -ELBO=0.4403, Potential Metric=0.1900, Entropy Metric=0.0489]

Epoch 91:  84%|████████▍ | 27/32 [00:06<00:01,  4.24it/s][A
Training Epochs:  91%|█████████ | 91/100 [10:37<01:06,  7.38s/it, -ELBO=0.4442, Potential Metric=0.1771, Entropy Metric=0.0527]

Epoch 91:  88%|████████▊ | 28/32 [00:06<00:00,  4.14it/s][A
Training Epochs:  91%|█████████ | 91/100 [10:37<01:06,  7.38s/it, -ELBO=0.4415, Potential Metric=0.1905, Entropy Metric=0.0493]

Epoch 91:  91%|█████████ | 29/32 [00:06<00:00,  4.28it/s][A
Training Epochs:  91%|█████████ | 91/100 [10:37<01:06,  7.38s/it, -ELBO=0.4239, Potential Metric=0.1803, Entropy Metric=0.0531]

Epoch 91:  94%|█████████▍| 30/32 [00:06<00:00,  4.40it/s][A
Training Epochs:  91%|█████████ | 91/100 [10:37<01:06,  7.38s/it, -ELBO=0.4511, Potential Metric=0.1895, Entropy Metric=0.0520]

Epoch 91:  97%|█████████▋| 31/32 [00:07<00:00,  4.42it/s][A
Training Epochs:  91%|█████████ | 91/100 [10:37<01:06,  7.38s/it, -ELBO=0.4523, Potential Metric=0.1756, Entropy Metric=0.0476]

Epoch 91: 100%|██████████| 32/32 [00:07<00:00,  4.29it/s][A

                                                         [A
Training Epochs:  92%|█████████▏| 92/100 [10:37<00:59,  7.43s/it, -ELBO=0.4523, Potential Metric=0.1756, Entropy Metric=0.0476]

Epoch 92:   0%|          | 0/32 [00:00<?, ?it/s][A
Training Epochs:  92%|█████████▏| 92/100 [10:38<00:59,  7.43s/it, -ELBO=0.4168, Potential Metric=0.1568, Entropy Metric=0.0509]

Epoch 92:   3%|▎         | 1/32 [00:00<00:08,  3.58it/s][A
Training Epochs:  92%|█████████▏| 92/100 [10:38<00:59,  7.43s/it, -ELBO=0.4309, Potential Metric=0.1843, Entropy Metric=0.0509]

Epoch 92:   6%|▋         | 2/32 [00:00<00:07,  4.09it/s][A
Training Epochs:  92%|█████████▏| 92/100 [10:38<00:59,  7.43s/it, -ELBO=0.4799, Potential Metric=0.1820, Entropy Metric=0.0545]

Epoch 92:   9%|▉         | 3/32 [00:00<00:06,  4.32it/s][A
Training Epochs:  92%|█████████▏| 92/100 [10:39<00:59,  7.43s/it, -ELBO=0.3957, Potential Metric=0.1853, Entropy Metric=0.0551]

Epoch 92:  12%|█▎        | 4/32 [00:00<00:06,  4.34it/s][A
Training Epochs:  92%|█████████▏| 92/100 [10:39<00:59,  7.43s/it, -ELBO=0.4511, Potential Metric=0.1974, Entropy Metric=0.0527]

Epoch 92:  16%|█▌        | 5/32 [00:01<00:06,  4.34it/s][A
Training Epochs:  92%|█████████▏| 92/100 [10:39<00:59,  7.43s/it, -ELBO=0.4369, Potential Metric=0.1816, Entropy Metric=0.0568]

Epoch 92:  19%|█▉        | 6/32 [00:01<00:05,  4.39it/s][A
Training Epochs:  92%|█████████▏| 92/100 [10:39<00:59,  7.43s/it, -ELBO=0.4330, Potential Metric=0.1764, Entropy Metric=0.0536]

Epoch 92:  22%|██▏       | 7/32 [00:01<00:05,  4.45it/s][A
Training Epochs:  92%|█████████▏| 92/100 [10:39<00:59,  7.43s/it, -ELBO=0.5204, Potential Metric=0.1756, Entropy Metric=0.0542]

Epoch 92:  25%|██▌       | 8/32 [00:01<00:05,  4.40it/s][A
Training Epochs:  92%|█████████▏| 92/100 [10:40<00:59,  7.43s/it, -ELBO=0.4479, Potential Metric=0.1822, Entropy Metric=0.0523]

Epoch 92:  28%|██▊       | 9/32 [00:02<00:04,  4.66it/s][A
Training Epochs:  92%|█████████▏| 92/100 [10:40<00:59,  7.43s/it, -ELBO=0.4460, Potential Metric=0.1751, Entropy Metric=0.0559]

Epoch 92:  31%|███▏      | 10/32 [00:02<00:04,  4.53it/s][A
Training Epochs:  92%|█████████▏| 92/100 [10:40<00:59,  7.43s/it, -ELBO=0.4369, Potential Metric=0.1777, Entropy Metric=0.0571]

Epoch 92:  34%|███▍      | 11/32 [00:02<00:04,  4.49it/s][A
Training Epochs:  92%|█████████▏| 92/100 [10:40<00:59,  7.43s/it, -ELBO=0.4461, Potential Metric=0.1988, Entropy Metric=0.0559]

Epoch 92:  38%|███▊      | 12/32 [00:02<00:04,  4.49it/s][A
Training Epochs:  92%|█████████▏| 92/100 [10:41<00:59,  7.43s/it, -ELBO=0.4095, Potential Metric=0.1502, Entropy Metric=0.0605]

Epoch 92:  41%|████      | 13/32 [00:02<00:04,  4.51it/s][A
Training Epochs:  92%|█████████▏| 92/100 [10:41<00:59,  7.43s/it, -ELBO=0.4376, Potential Metric=0.1819, Entropy Metric=0.0560]

Epoch 92:  44%|████▍     | 14/32 [00:03<00:03,  4.56it/s][A
Training Epochs:  92%|█████████▏| 92/100 [10:41<00:59,  7.43s/it, -ELBO=0.4280, Potential Metric=0.1777, Entropy Metric=0.0560]

Epoch 92:  47%|████▋     | 15/32 [00:03<00:03,  4.72it/s][A
Training Epochs:  92%|█████████▏| 92/100 [10:41<00:59,  7.43s/it, -ELBO=0.4292, Potential Metric=0.1653, Entropy Metric=0.0565]

Epoch 92:  50%|█████     | 16/32 [00:03<00:03,  4.75it/s][A
Training Epochs:  92%|█████████▏| 92/100 [10:41<00:59,  7.43s/it, -ELBO=0.4208, Potential Metric=0.1771, Entropy Metric=0.0540]

Epoch 92:  53%|█████▎    | 17/32 [00:03<00:03,  4.85it/s][A
Training Epochs:  92%|█████████▏| 92/100 [10:42<00:59,  7.43s/it, -ELBO=0.4520, Potential Metric=0.1762, Entropy Metric=0.0520]

Epoch 92:  56%|█████▋    | 18/32 [00:03<00:02,  4.71it/s][A
Training Epochs:  92%|█████████▏| 92/100 [10:42<00:59,  7.43s/it, -ELBO=0.4006, Potential Metric=0.1865, Entropy Metric=0.0535]

Epoch 92:  59%|█████▉    | 19/32 [00:04<00:02,  4.74it/s][A
Training Epochs:  92%|█████████▏| 92/100 [10:42<00:59,  7.43s/it, -ELBO=0.4432, Potential Metric=0.1908, Entropy Metric=0.0499]

Epoch 92:  62%|██████▎   | 20/32 [00:04<00:02,  4.57it/s][A
Training Epochs:  92%|█████████▏| 92/100 [10:42<00:59,  7.43s/it, -ELBO=0.4366, Potential Metric=0.1798, Entropy Metric=0.0482]

Epoch 92:  66%|██████▌   | 21/32 [00:04<00:02,  4.47it/s][A
Training Epochs:  92%|█████████▏| 92/100 [10:42<00:59,  7.43s/it, -ELBO=0.4159, Potential Metric=0.1695, Entropy Metric=0.0467]

Epoch 92:  69%|██████▉   | 22/32 [00:04<00:02,  4.54it/s][A
Training Epochs:  92%|█████████▏| 92/100 [10:43<00:59,  7.43s/it, -ELBO=0.4636, Potential Metric=0.1766, Entropy Metric=0.0483]

Epoch 92:  72%|███████▏  | 23/32 [00:05<00:02,  4.45it/s][A
Training Epochs:  92%|█████████▏| 92/100 [10:43<00:59,  7.43s/it, -ELBO=0.4419, Potential Metric=0.1787, Entropy Metric=0.0516]

Epoch 92:  75%|███████▌  | 24/32 [00:05<00:01,  4.41it/s][A
Training Epochs:  92%|█████████▏| 92/100 [10:43<00:59,  7.43s/it, -ELBO=0.4710, Potential Metric=0.1853, Entropy Metric=0.0481]

Epoch 92:  78%|███████▊  | 25/32 [00:05<00:01,  4.40it/s][A
Training Epochs:  92%|█████████▏| 92/100 [10:43<00:59,  7.43s/it, -ELBO=0.4325, Potential Metric=0.1807, Entropy Metric=0.0491]

Epoch 92:  81%|████████▏ | 26/32 [00:05<00:01,  4.47it/s][A
Training Epochs:  92%|█████████▏| 92/100 [10:44<00:59,  7.43s/it, -ELBO=0.4109, Potential Metric=0.1588, Entropy Metric=0.0496]

Epoch 92:  84%|████████▍ | 27/32 [00:05<00:01,  4.59it/s][A
Training Epochs:  92%|█████████▏| 92/100 [10:44<00:59,  7.43s/it, -ELBO=0.4099, Potential Metric=0.1910, Entropy Metric=0.0501]

Epoch 92:  88%|████████▊ | 28/32 [00:06<00:00,  4.55it/s][A
Training Epochs:  92%|█████████▏| 92/100 [10:44<00:59,  7.43s/it, -ELBO=0.4636, Potential Metric=0.1905, Entropy Metric=0.0526]

Epoch 92:  91%|█████████ | 29/32 [00:06<00:00,  4.38it/s][A
Training Epochs:  92%|█████████▏| 92/100 [10:44<00:59,  7.43s/it, -ELBO=0.4158, Potential Metric=0.1667, Entropy Metric=0.0530]

Epoch 92:  94%|█████████▍| 30/32 [00:06<00:00,  4.38it/s][A
Training Epochs:  92%|█████████▏| 92/100 [10:44<00:59,  7.43s/it, -ELBO=0.4176, Potential Metric=0.1792, Entropy Metric=0.0503]

Epoch 92:  97%|█████████▋| 31/32 [00:06<00:00,  4.41it/s][A
Training Epochs:  92%|█████████▏| 92/100 [10:45<00:59,  7.43s/it, -ELBO=0.4284, Potential Metric=0.1953, Entropy Metric=0.0531]

Epoch 92: 100%|██████████| 32/32 [00:07<00:00,  4.53it/s][A

                                                         [A
Training Epochs:  93%|█████████▎| 93/100 [10:45<00:51,  7.39s/it, -ELBO=0.4284, Potential Metric=0.1953, Entropy Metric=0.0531]

Epoch 93:   0%|          | 0/32 [00:00<?, ?it/s][A
Training Epochs:  93%|█████████▎| 93/100 [10:45<00:51,  7.39s/it, -ELBO=0.4446, Potential Metric=0.1791, Entropy Metric=0.0524]

Epoch 93:   3%|▎         | 1/32 [00:00<00:08,  3.45it/s][A
Training Epochs:  93%|█████████▎| 93/100 [10:45<00:51,  7.39s/it, -ELBO=0.4084, Potential Metric=0.1696, Entropy Metric=0.0536]

Epoch 93:   6%|▋         | 2/32 [00:00<00:07,  3.93it/s][A
Training Epochs:  93%|█████████▎| 93/100 [10:46<00:51,  7.39s/it, -ELBO=0.4357, Potential Metric=0.1743, Entropy Metric=0.0563]

Epoch 93:   9%|▉         | 3/32 [00:00<00:07,  3.89it/s][A
Training Epochs:  93%|█████████▎| 93/100 [10:46<00:51,  7.39s/it, -ELBO=0.4339, Potential Metric=0.1857, Entropy Metric=0.0538]

Epoch 93:  12%|█▎        | 4/32 [00:01<00:06,  4.09it/s][A
Training Epochs:  93%|█████████▎| 93/100 [10:46<00:51,  7.39s/it, -ELBO=0.4738, Potential Metric=0.1805, Entropy Metric=0.0557]

Epoch 93:  16%|█▌        | 5/32 [00:01<00:06,  4.26it/s][A
Training Epochs:  93%|█████████▎| 93/100 [10:46<00:51,  7.39s/it, -ELBO=0.4198, Potential Metric=0.1749, Entropy Metric=0.0555]

Epoch 93:  19%|█▉        | 6/32 [00:01<00:06,  4.19it/s][A
Training Epochs:  93%|█████████▎| 93/100 [10:47<00:51,  7.39s/it, -ELBO=0.4134, Potential Metric=0.1917, Entropy Metric=0.0591]

Epoch 93:  22%|██▏       | 7/32 [00:01<00:05,  4.38it/s][A
Training Epochs:  93%|█████████▎| 93/100 [10:47<00:51,  7.39s/it, -ELBO=0.4405, Potential Metric=0.1699, Entropy Metric=0.0535]

Epoch 93:  25%|██▌       | 8/32 [00:01<00:05,  4.43it/s][A
Training Epochs:  93%|█████████▎| 93/100 [10:47<00:51,  7.39s/it, -ELBO=0.4501, Potential Metric=0.1719, Entropy Metric=0.0519]

Epoch 93:  28%|██▊       | 9/32 [00:02<00:05,  4.48it/s][A
Training Epochs:  93%|█████████▎| 93/100 [10:47<00:51,  7.39s/it, -ELBO=0.4447, Potential Metric=0.1882, Entropy Metric=0.0522]

Epoch 93:  31%|███▏      | 10/32 [00:02<00:04,  4.60it/s][A
Training Epochs:  93%|█████████▎| 93/100 [10:47<00:51,  7.39s/it, -ELBO=0.4536, Potential Metric=0.1869, Entropy Metric=0.0558]

Epoch 93:  34%|███▍      | 11/32 [00:02<00:04,  4.61it/s][A
Training Epochs:  93%|█████████▎| 93/100 [10:48<00:51,  7.39s/it, -ELBO=0.4260, Potential Metric=0.1691, Entropy Metric=0.0548]

Epoch 93:  38%|███▊      | 12/32 [00:02<00:04,  4.61it/s][A
Training Epochs:  93%|█████████▎| 93/100 [10:48<00:51,  7.39s/it, -ELBO=0.4284, Potential Metric=0.1746, Entropy Metric=0.0549]

Epoch 93:  41%|████      | 13/32 [00:02<00:04,  4.51it/s][A
Training Epochs:  93%|█████████▎| 93/100 [10:48<00:51,  7.39s/it, -ELBO=0.4293, Potential Metric=0.1880, Entropy Metric=0.0526]

Epoch 93:  44%|████▍     | 14/32 [00:03<00:03,  4.62it/s][A
Training Epochs:  93%|█████████▎| 93/100 [10:48<00:51,  7.39s/it, -ELBO=0.4253, Potential Metric=0.1680, Entropy Metric=0.0527]

Epoch 93:  47%|████▋     | 15/32 [00:03<00:03,  4.60it/s][A
Training Epochs:  93%|█████████▎| 93/100 [10:48<00:51,  7.39s/it, -ELBO=0.4414, Potential Metric=0.1943, Entropy Metric=0.0575]

Epoch 93:  50%|█████     | 16/32 [00:03<00:03,  4.66it/s][A
Training Epochs:  93%|█████████▎| 93/100 [10:49<00:51,  7.39s/it, -ELBO=0.4237, Potential Metric=0.1852, Entropy Metric=0.0541]

Epoch 93:  53%|█████▎    | 17/32 [00:03<00:03,  4.61it/s][A
Training Epochs:  93%|█████████▎| 93/100 [10:49<00:51,  7.39s/it, -ELBO=0.4052, Potential Metric=0.1831, Entropy Metric=0.0529]

Epoch 93:  56%|█████▋    | 18/32 [00:04<00:03,  4.61it/s][A
Training Epochs:  93%|█████████▎| 93/100 [10:49<00:51,  7.39s/it, -ELBO=0.4566, Potential Metric=0.1912, Entropy Metric=0.0535]

Epoch 93:  59%|█████▉    | 19/32 [00:04<00:02,  4.50it/s][A
Training Epochs:  93%|█████████▎| 93/100 [10:49<00:51,  7.39s/it, -ELBO=0.4127, Potential Metric=0.1737, Entropy Metric=0.0549]

Epoch 93:  62%|██████▎   | 20/32 [00:04<00:02,  4.45it/s][A
Training Epochs:  93%|█████████▎| 93/100 [10:50<00:51,  7.39s/it, -ELBO=0.4202, Potential Metric=0.1671, Entropy Metric=0.0527]

Epoch 93:  66%|██████▌   | 21/32 [00:04<00:02,  4.42it/s][A
Training Epochs:  93%|█████████▎| 93/100 [10:50<00:51,  7.39s/it, -ELBO=0.4315, Potential Metric=0.1889, Entropy Metric=0.0543]

Epoch 93:  69%|██████▉   | 22/32 [00:04<00:02,  4.48it/s][A
Training Epochs:  93%|█████████▎| 93/100 [10:50<00:51,  7.39s/it, -ELBO=0.4488, Potential Metric=0.1867, Entropy Metric=0.0524]

Epoch 93:  72%|███████▏  | 23/32 [00:05<00:02,  4.31it/s][A
Training Epochs:  93%|█████████▎| 93/100 [10:50<00:51,  7.39s/it, -ELBO=0.4452, Potential Metric=0.1685, Entropy Metric=0.0515]

Epoch 93:  75%|███████▌  | 24/32 [00:05<00:01,  4.16it/s][A
Training Epochs:  93%|█████████▎| 93/100 [10:51<00:51,  7.39s/it, -ELBO=0.4459, Potential Metric=0.1830, Entropy Metric=0.0528]

Epoch 93:  78%|███████▊  | 25/32 [00:05<00:01,  4.35it/s][A
Training Epochs:  93%|█████████▎| 93/100 [10:51<00:51,  7.39s/it, -ELBO=0.4381, Potential Metric=0.1785, Entropy Metric=0.0519]

Epoch 93:  81%|████████▏ | 26/32 [00:05<00:01,  4.46it/s][A
Training Epochs:  93%|█████████▎| 93/100 [10:51<00:51,  7.39s/it, -ELBO=0.4090, Potential Metric=0.1956, Entropy Metric=0.0543]

Epoch 93:  84%|████████▍ | 27/32 [00:06<00:01,  4.57it/s][A
Training Epochs:  93%|█████████▎| 93/100 [10:51<00:51,  7.39s/it, -ELBO=0.4109, Potential Metric=0.1726, Entropy Metric=0.0522]

Epoch 93:  88%|████████▊ | 28/32 [00:06<00:00,  4.57it/s][A
Training Epochs:  93%|█████████▎| 93/100 [10:51<00:51,  7.39s/it, -ELBO=0.4445, Potential Metric=0.1737, Entropy Metric=0.0506]

Epoch 93:  91%|█████████ | 29/32 [00:06<00:00,  4.72it/s][A
Training Epochs:  93%|█████████▎| 93/100 [10:52<00:51,  7.39s/it, -ELBO=0.4340, Potential Metric=0.1917, Entropy Metric=0.0514]

Epoch 93:  94%|█████████▍| 30/32 [00:06<00:00,  4.66it/s][A
Training Epochs:  93%|█████████▎| 93/100 [10:52<00:51,  7.39s/it, -ELBO=0.4377, Potential Metric=0.1877, Entropy Metric=0.0509]

Epoch 93:  97%|█████████▋| 31/32 [00:06<00:00,  4.75it/s][A
Training Epochs:  93%|█████████▎| 93/100 [10:52<00:51,  7.39s/it, -ELBO=0.4366, Potential Metric=0.1909, Entropy Metric=0.0494]

Epoch 93: 100%|██████████| 32/32 [00:07<00:00,  4.85it/s][A

                                                         [A
Training Epochs:  94%|█████████▍| 94/100 [10:52<00:44,  7.36s/it, -ELBO=0.4366, Potential Metric=0.1909, Entropy Metric=0.0494]

Epoch 94:   0%|          | 0/32 [00:00<?, ?it/s][A
Training Epochs:  94%|█████████▍| 94/100 [10:52<00:44,  7.36s/it, -ELBO=0.4426, Potential Metric=0.1862, Entropy Metric=0.0477]

Epoch 94:   3%|▎         | 1/32 [00:00<00:07,  4.00it/s][A
Training Epochs:  94%|█████████▍| 94/100 [10:53<00:44,  7.36s/it, -ELBO=0.4346, Potential Metric=0.1890, Entropy Metric=0.0497]

Epoch 94:   6%|▋         | 2/32 [00:00<00:06,  4.50it/s][A
Training Epochs:  94%|█████████▍| 94/100 [10:53<00:44,  7.36s/it, -ELBO=0.4286, Potential Metric=0.1845, Entropy Metric=0.0513]

Epoch 94:   9%|▉         | 3/32 [00:00<00:06,  4.45it/s][A
Training Epochs:  94%|█████████▍| 94/100 [10:53<00:44,  7.36s/it, -ELBO=0.4306, Potential Metric=0.1670, Entropy Metric=0.0500]

Epoch 94:  12%|█▎        | 4/32 [00:00<00:06,  4.51it/s][A
Training Epochs:  94%|█████████▍| 94/100 [10:53<00:44,  7.36s/it, -ELBO=0.4447, Potential Metric=0.1769, Entropy Metric=0.0519]

Epoch 94:  16%|█▌        | 5/32 [00:01<00:06,  4.45it/s][A
Training Epochs:  94%|█████████▍| 94/100 [10:54<00:44,  7.36s/it, -ELBO=0.4596, Potential Metric=0.1667, Entropy Metric=0.0494]

Epoch 94:  19%|█▉        | 6/32 [00:01<00:05,  4.36it/s][A
Training Epochs:  94%|█████████▍| 94/100 [10:54<00:44,  7.36s/it, -ELBO=0.4280, Potential Metric=0.1839, Entropy Metric=0.0542]

Epoch 94:  22%|██▏       | 7/32 [00:01<00:05,  4.36it/s][A
Training Epochs:  94%|█████████▍| 94/100 [10:54<00:44,  7.36s/it, -ELBO=0.4214, Potential Metric=0.1788, Entropy Metric=0.0521]

Epoch 94:  25%|██▌       | 8/32 [00:01<00:05,  4.37it/s][A
Training Epochs:  94%|█████████▍| 94/100 [10:54<00:44,  7.36s/it, -ELBO=0.4190, Potential Metric=0.1857, Entropy Metric=0.0541]

Epoch 94:  28%|██▊       | 9/32 [00:02<00:05,  4.49it/s][A
Training Epochs:  94%|█████████▍| 94/100 [10:54<00:44,  7.36s/it, -ELBO=0.4191, Potential Metric=0.1738, Entropy Metric=0.0564]

Epoch 94:  31%|███▏      | 10/32 [00:02<00:04,  4.51it/s][A
Training Epochs:  94%|█████████▍| 94/100 [10:55<00:44,  7.36s/it, -ELBO=0.4276, Potential Metric=0.1881, Entropy Metric=0.0546]

Epoch 94:  34%|███▍      | 11/32 [00:02<00:04,  4.60it/s][A
Training Epochs:  94%|█████████▍| 94/100 [10:55<00:44,  7.36s/it, -ELBO=0.4527, Potential Metric=0.1905, Entropy Metric=0.0542]

Epoch 94:  38%|███▊      | 12/32 [00:02<00:04,  4.77it/s][A
Training Epochs:  94%|█████████▍| 94/100 [10:55<00:44,  7.36s/it, -ELBO=0.4109, Potential Metric=0.1713, Entropy Metric=0.0537]

Epoch 94:  41%|████      | 13/32 [00:02<00:03,  4.82it/s][A
Training Epochs:  94%|█████████▍| 94/100 [10:55<00:44,  7.36s/it, -ELBO=0.4533, Potential Metric=0.1741, Entropy Metric=0.0522]

Epoch 94:  44%|████▍     | 14/32 [00:03<00:03,  4.59it/s][A
Training Epochs:  94%|█████████▍| 94/100 [10:56<00:44,  7.36s/it, -ELBO=0.4107, Potential Metric=0.1894, Entropy Metric=0.0527]

Epoch 94:  47%|████▋     | 15/32 [00:03<00:03,  4.56it/s][A
Training Epochs:  94%|█████████▍| 94/100 [10:56<00:44,  7.36s/it, -ELBO=0.4121, Potential Metric=0.1840, Entropy Metric=0.0505]

Epoch 94:  50%|█████     | 16/32 [00:03<00:03,  4.60it/s][A
Training Epochs:  94%|█████████▍| 94/100 [10:56<00:44,  7.36s/it, -ELBO=0.4534, Potential Metric=0.1952, Entropy Metric=0.0517]

Epoch 94:  53%|█████▎    | 17/32 [00:03<00:03,  4.64it/s][A
Training Epochs:  94%|█████████▍| 94/100 [10:56<00:44,  7.36s/it, -ELBO=0.4618, Potential Metric=0.1734, Entropy Metric=0.0554]

Epoch 94:  56%|█████▋    | 18/32 [00:03<00:02,  4.68it/s][A
Training Epochs:  94%|█████████▍| 94/100 [10:56<00:44,  7.36s/it, -ELBO=0.4206, Potential Metric=0.1845, Entropy Metric=0.0519]

Epoch 94:  59%|█████▉    | 19/32 [00:04<00:02,  4.62it/s][A
Training Epochs:  94%|█████████▍| 94/100 [10:57<00:44,  7.36s/it, -ELBO=0.4249, Potential Metric=0.1741, Entropy Metric=0.0531]

Epoch 94:  62%|██████▎   | 20/32 [00:04<00:02,  4.68it/s][A
Training Epochs:  94%|█████████▍| 94/100 [10:57<00:44,  7.36s/it, -ELBO=0.4213, Potential Metric=0.1892, Entropy Metric=0.0492]

Epoch 94:  66%|██████▌   | 21/32 [00:04<00:02,  4.66it/s][A
Training Epochs:  94%|█████████▍| 94/100 [10:57<00:44,  7.36s/it, -ELBO=0.4184, Potential Metric=0.1699, Entropy Metric=0.0525]

Epoch 94:  69%|██████▉   | 22/32 [00:04<00:02,  4.66it/s][A
Training Epochs:  94%|█████████▍| 94/100 [10:57<00:44,  7.36s/it, -ELBO=0.4115, Potential Metric=0.1804, Entropy Metric=0.0503]

Epoch 94:  72%|███████▏  | 23/32 [00:05<00:01,  4.69it/s][A
Training Epochs:  94%|█████████▍| 94/100 [10:57<00:44,  7.36s/it, -ELBO=0.4344, Potential Metric=0.1789, Entropy Metric=0.0549]

Epoch 94:  75%|███████▌  | 24/32 [00:05<00:01,  4.51it/s][A
Training Epochs:  94%|█████████▍| 94/100 [10:58<00:44,  7.36s/it, -ELBO=0.3931, Potential Metric=0.1772, Entropy Metric=0.0547]

Epoch 94:  78%|███████▊  | 25/32 [00:05<00:01,  4.45it/s][A
Training Epochs:  94%|█████████▍| 94/100 [10:58<00:44,  7.36s/it, -ELBO=0.3869, Potential Metric=0.1783, Entropy Metric=0.0508]

Epoch 94:  81%|████████▏ | 26/32 [00:05<00:01,  4.53it/s][A
Training Epochs:  94%|█████████▍| 94/100 [10:58<00:44,  7.36s/it, -ELBO=0.4519, Potential Metric=0.2016, Entropy Metric=0.0529]

Epoch 94:  84%|████████▍ | 27/32 [00:05<00:01,  4.40it/s][A
Training Epochs:  94%|█████████▍| 94/100 [10:58<00:44,  7.36s/it, -ELBO=0.4486, Potential Metric=0.2047, Entropy Metric=0.0510]

Epoch 94:  88%|████████▊ | 28/32 [00:06<00:00,  4.45it/s][A
Training Epochs:  94%|█████████▍| 94/100 [10:59<00:44,  7.36s/it, -ELBO=0.4426, Potential Metric=0.1781, Entropy Metric=0.0499]

Epoch 94:  91%|█████████ | 29/32 [00:06<00:00,  3.69it/s][A
Training Epochs:  94%|█████████▍| 94/100 [10:59<00:44,  7.36s/it, -ELBO=0.4280, Potential Metric=0.1799, Entropy Metric=0.0503]

Epoch 94:  94%|█████████▍| 30/32 [00:06<00:00,  3.88it/s][A
Training Epochs:  94%|█████████▍| 94/100 [10:59<00:44,  7.36s/it, -ELBO=0.4445, Potential Metric=0.1961, Entropy Metric=0.0467]

Epoch 94:  97%|█████████▋| 31/32 [00:07<00:00,  3.99it/s][A
Training Epochs:  94%|█████████▍| 94/100 [10:59<00:44,  7.36s/it, -ELBO=0.4639, Potential Metric=0.1858, Entropy Metric=0.0468]

Epoch 94: 100%|██████████| 32/32 [00:07<00:00,  4.27it/s][A

                                                         [A
Training Epochs:  95%|█████████▌| 95/100 [10:59<00:36,  7.37s/it, -ELBO=0.4639, Potential Metric=0.1858, Entropy Metric=0.0468]

Epoch 95:   0%|          | 0/32 [00:00<?, ?it/s][A
Training Epochs:  95%|█████████▌| 95/100 [11:00<00:36,  7.37s/it, -ELBO=0.4735, Potential Metric=0.1895, Entropy Metric=0.0504]

Epoch 95:   3%|▎         | 1/32 [00:00<00:08,  3.59it/s][A
Training Epochs:  95%|█████████▌| 95/100 [11:00<00:36,  7.37s/it, -ELBO=0.4342, Potential Metric=0.1816, Entropy Metric=0.0507]

Epoch 95:   6%|▋         | 2/32 [00:00<00:07,  3.94it/s][A
Training Epochs:  95%|█████████▌| 95/100 [11:00<00:36,  7.37s/it, -ELBO=0.4274, Potential Metric=0.1790, Entropy Metric=0.0526]

Epoch 95:   9%|▉         | 3/32 [00:00<00:07,  4.02it/s][A
Training Epochs:  95%|█████████▌| 95/100 [11:00<00:36,  7.37s/it, -ELBO=0.4269, Potential Metric=0.1726, Entropy Metric=0.0542]

Epoch 95:  12%|█▎        | 4/32 [00:00<00:06,  4.28it/s][A
Training Epochs:  95%|█████████▌| 95/100 [11:01<00:36,  7.37s/it, -ELBO=0.4005, Potential Metric=0.1772, Entropy Metric=0.0544]

Epoch 95:  16%|█▌        | 5/32 [00:01<00:06,  4.31it/s][A
Training Epochs:  95%|█████████▌| 95/100 [11:01<00:36,  7.37s/it, -ELBO=0.4180, Potential Metric=0.1874, Entropy Metric=0.0548]

Epoch 95:  19%|█▉        | 6/32 [00:01<00:05,  4.44it/s][A
Training Epochs:  95%|█████████▌| 95/100 [11:01<00:36,  7.37s/it, -ELBO=0.3989, Potential Metric=0.1847, Entropy Metric=0.0564]

Epoch 95:  22%|██▏       | 7/32 [00:01<00:05,  4.49it/s][A
Training Epochs:  95%|█████████▌| 95/100 [11:01<00:36,  7.37s/it, -ELBO=0.4451, Potential Metric=0.1713, Entropy Metric=0.0524]

Epoch 95:  25%|██▌       | 8/32 [00:01<00:05,  4.55it/s][A
Training Epochs:  95%|█████████▌| 95/100 [11:02<00:36,  7.37s/it, -ELBO=0.4084, Potential Metric=0.1811, Entropy Metric=0.0539]

Epoch 95:  28%|██▊       | 9/32 [00:02<00:04,  4.67it/s][A
Training Epochs:  95%|█████████▌| 95/100 [11:02<00:36,  7.37s/it, -ELBO=0.4212, Potential Metric=0.1795, Entropy Metric=0.0551]

Epoch 95:  31%|███▏      | 10/32 [00:02<00:04,  4.67it/s][A
Training Epochs:  95%|█████████▌| 95/100 [11:02<00:36,  7.37s/it, -ELBO=0.4509, Potential Metric=0.1873, Entropy Metric=0.0524]

Epoch 95:  34%|███▍      | 11/32 [00:02<00:04,  4.67it/s][A
Training Epochs:  95%|█████████▌| 95/100 [11:02<00:36,  7.37s/it, -ELBO=0.4379, Potential Metric=0.1958, Entropy Metric=0.0531]

Epoch 95:  38%|███▊      | 12/32 [00:02<00:04,  4.63it/s][A
Training Epochs:  95%|█████████▌| 95/100 [11:02<00:36,  7.37s/it, -ELBO=0.4024, Potential Metric=0.1657, Entropy Metric=0.0562]

Epoch 95:  41%|████      | 13/32 [00:02<00:04,  4.66it/s][A
Training Epochs:  95%|█████████▌| 95/100 [11:03<00:36,  7.37s/it, -ELBO=0.4533, Potential Metric=0.1703, Entropy Metric=0.0513]

Epoch 95:  44%|████▍     | 14/32 [00:03<00:03,  4.69it/s][A
Training Epochs:  95%|█████████▌| 95/100 [11:03<00:36,  7.37s/it, -ELBO=0.4143, Potential Metric=0.1703, Entropy Metric=0.0556]

Epoch 95:  47%|████▋     | 15/32 [00:03<00:03,  4.81it/s][A
Training Epochs:  95%|█████████▌| 95/100 [11:03<00:36,  7.37s/it, -ELBO=0.4554, Potential Metric=0.1876, Entropy Metric=0.0524]

Epoch 95:  50%|█████     | 16/32 [00:03<00:03,  4.63it/s][A
Training Epochs:  95%|█████████▌| 95/100 [11:03<00:36,  7.37s/it, -ELBO=0.4503, Potential Metric=0.1839, Entropy Metric=0.0529]

Epoch 95:  53%|█████▎    | 17/32 [00:03<00:03,  4.63it/s][A
Training Epochs:  95%|█████████▌| 95/100 [11:03<00:36,  7.37s/it, -ELBO=0.4821, Potential Metric=0.1791, Entropy Metric=0.0513]

Epoch 95:  56%|█████▋    | 18/32 [00:03<00:03,  4.58it/s][A
Training Epochs:  95%|█████████▌| 95/100 [11:04<00:36,  7.37s/it, -ELBO=0.4578, Potential Metric=0.1903, Entropy Metric=0.0527]

Epoch 95:  59%|█████▉    | 19/32 [00:04<00:02,  4.55it/s][A
Training Epochs:  95%|█████████▌| 95/100 [11:04<00:36,  7.37s/it, -ELBO=0.4209, Potential Metric=0.1814, Entropy Metric=0.0539]

Epoch 95:  62%|██████▎   | 20/32 [00:04<00:02,  4.46it/s][A
Training Epochs:  95%|█████████▌| 95/100 [11:04<00:36,  7.37s/it, -ELBO=0.4156, Potential Metric=0.1935, Entropy Metric=0.0543]

Epoch 95:  66%|██████▌   | 21/32 [00:04<00:02,  4.55it/s][A
Training Epochs:  95%|█████████▌| 95/100 [11:04<00:36,  7.37s/it, -ELBO=0.3973, Potential Metric=0.1818, Entropy Metric=0.0558]

Epoch 95:  69%|██████▉   | 22/32 [00:04<00:02,  4.59it/s][A
Training Epochs:  95%|█████████▌| 95/100 [11:05<00:36,  7.37s/it, -ELBO=0.4162, Potential Metric=0.1866, Entropy Metric=0.0536]

Epoch 95:  72%|███████▏  | 23/32 [00:05<00:02,  4.47it/s][A
Training Epochs:  95%|█████████▌| 95/100 [11:05<00:36,  7.37s/it, -ELBO=0.4400, Potential Metric=0.1660, Entropy Metric=0.0501]

Epoch 95:  75%|███████▌  | 24/32 [00:05<00:01,  4.57it/s][A
Training Epochs:  95%|█████████▌| 95/100 [11:05<00:36,  7.37s/it, -ELBO=0.4514, Potential Metric=0.1949, Entropy Metric=0.0539]

Epoch 95:  78%|███████▊  | 25/32 [00:05<00:01,  4.69it/s][A
Training Epochs:  95%|█████████▌| 95/100 [11:05<00:36,  7.37s/it, -ELBO=0.4127, Potential Metric=0.1700, Entropy Metric=0.0545]

Epoch 95:  81%|████████▏ | 26/32 [00:05<00:01,  4.47it/s][A
Training Epochs:  95%|█████████▌| 95/100 [11:05<00:36,  7.37s/it, -ELBO=0.4050, Potential Metric=0.1731, Entropy Metric=0.0494]

Epoch 95:  84%|████████▍ | 27/32 [00:05<00:01,  4.52it/s][A
Training Epochs:  95%|█████████▌| 95/100 [11:06<00:36,  7.37s/it, -ELBO=0.4059, Potential Metric=0.1781, Entropy Metric=0.0525]

Epoch 95:  88%|████████▊ | 28/32 [00:06<00:00,  4.41it/s][A
Training Epochs:  95%|█████████▌| 95/100 [11:06<00:36,  7.37s/it, -ELBO=0.4052, Potential Metric=0.1750, Entropy Metric=0.0535]

Epoch 95:  91%|█████████ | 29/32 [00:06<00:00,  4.48it/s][A
Training Epochs:  95%|█████████▌| 95/100 [11:06<00:36,  7.37s/it, -ELBO=0.4623, Potential Metric=0.1864, Entropy Metric=0.0521]

Epoch 95:  94%|█████████▍| 30/32 [00:06<00:00,  4.44it/s][A
Training Epochs:  95%|█████████▌| 95/100 [11:06<00:36,  7.37s/it, -ELBO=0.4280, Potential Metric=0.1942, Entropy Metric=0.0534]

Epoch 95:  97%|█████████▋| 31/32 [00:06<00:00,  4.35it/s][A
Training Epochs:  95%|█████████▌| 95/100 [11:07<00:36,  7.37s/it, -ELBO=0.4517, Potential Metric=0.2033, Entropy Metric=0.0513]

Epoch 95: 100%|██████████| 32/32 [00:07<00:00,  4.36it/s][A

                                                         [A
Training Epochs:  96%|█████████▌| 96/100 [11:07<00:29,  7.33s/it, -ELBO=0.4517, Potential Metric=0.2033, Entropy Metric=0.0513]

Epoch 96:   0%|          | 0/32 [00:00<?, ?it/s][A
Training Epochs:  96%|█████████▌| 96/100 [11:07<00:29,  7.33s/it, -ELBO=0.3830, Potential Metric=0.1814, Entropy Metric=0.0511]

Epoch 96:   3%|▎         | 1/32 [00:00<00:08,  3.51it/s][A
Training Epochs:  96%|█████████▌| 96/100 [11:07<00:29,  7.33s/it, -ELBO=0.4196, Potential Metric=0.1716, Entropy Metric=0.0498]

Epoch 96:   6%|▋         | 2/32 [00:00<00:07,  4.05it/s][A
Training Epochs:  96%|█████████▌| 96/100 [11:08<00:29,  7.33s/it, -ELBO=0.4273, Potential Metric=0.1732, Entropy Metric=0.0509]

Epoch 96:   9%|▉         | 3/32 [00:00<00:06,  4.21it/s][A
Training Epochs:  96%|█████████▌| 96/100 [11:08<00:29,  7.33s/it, -ELBO=0.4300, Potential Metric=0.1863, Entropy Metric=0.0542]

Epoch 96:  12%|█▎        | 4/32 [00:00<00:06,  4.27it/s][A
Training Epochs:  96%|█████████▌| 96/100 [11:08<00:29,  7.33s/it, -ELBO=0.4363, Potential Metric=0.1973, Entropy Metric=0.0518]

Epoch 96:  16%|█▌        | 5/32 [00:01<00:06,  4.28it/s][A
Training Epochs:  96%|█████████▌| 96/100 [11:08<00:29,  7.33s/it, -ELBO=0.4086, Potential Metric=0.1774, Entropy Metric=0.0513]

Epoch 96:  19%|█▉        | 6/32 [00:01<00:05,  4.48it/s][A
Training Epochs:  96%|█████████▌| 96/100 [11:08<00:29,  7.33s/it, -ELBO=0.4170, Potential Metric=0.1825, Entropy Metric=0.0515]

Epoch 96:  22%|██▏       | 7/32 [00:01<00:05,  4.41it/s][A
Training Epochs:  96%|█████████▌| 96/100 [11:09<00:29,  7.33s/it, -ELBO=0.3934, Potential Metric=0.1698, Entropy Metric=0.0514]

Epoch 96:  25%|██▌       | 8/32 [00:01<00:05,  4.48it/s][A
Training Epochs:  96%|█████████▌| 96/100 [11:09<00:29,  7.33s/it, -ELBO=0.4026, Potential Metric=0.1730, Entropy Metric=0.0511]

Epoch 96:  28%|██▊       | 9/32 [00:02<00:05,  4.49it/s][A
Training Epochs:  96%|█████████▌| 96/100 [11:09<00:29,  7.33s/it, -ELBO=0.4657, Potential Metric=0.1716, Entropy Metric=0.0539]

Epoch 96:  31%|███▏      | 10/32 [00:02<00:04,  4.45it/s][A
Training Epochs:  96%|█████████▌| 96/100 [11:09<00:29,  7.33s/it, -ELBO=0.4220, Potential Metric=0.1930, Entropy Metric=0.0602]

Epoch 96:  34%|███▍      | 11/32 [00:02<00:04,  4.59it/s][A
Training Epochs:  96%|█████████▌| 96/100 [11:10<00:29,  7.33s/it, -ELBO=0.4184, Potential Metric=0.1867, Entropy Metric=0.0556]

Epoch 96:  38%|███▊      | 12/32 [00:02<00:04,  4.51it/s][A
Training Epochs:  96%|█████████▌| 96/100 [11:10<00:29,  7.33s/it, -ELBO=0.4103, Potential Metric=0.1856, Entropy Metric=0.0532]

Epoch 96:  41%|████      | 13/32 [00:02<00:04,  4.64it/s][A
Training Epochs:  96%|█████████▌| 96/100 [11:10<00:29,  7.33s/it, -ELBO=0.4127, Potential Metric=0.2029, Entropy Metric=0.0568]

Epoch 96:  44%|████▍     | 14/32 [00:03<00:03,  4.67it/s][A
Training Epochs:  96%|█████████▌| 96/100 [11:10<00:29,  7.33s/it, -ELBO=0.4593, Potential Metric=0.1790, Entropy Metric=0.0501]

Epoch 96:  47%|████▋     | 15/32 [00:03<00:03,  4.69it/s][A
Training Epochs:  96%|█████████▌| 96/100 [11:10<00:29,  7.33s/it, -ELBO=0.4332, Potential Metric=0.1963, Entropy Metric=0.0506]

Epoch 96:  50%|█████     | 16/32 [00:03<00:03,  4.62it/s][A
Training Epochs:  96%|█████████▌| 96/100 [11:11<00:29,  7.33s/it, -ELBO=0.4288, Potential Metric=0.1738, Entropy Metric=0.0518]

Epoch 96:  53%|█████▎    | 17/32 [00:03<00:03,  4.63it/s][A
Training Epochs:  96%|█████████▌| 96/100 [11:11<00:29,  7.33s/it, -ELBO=0.4557, Potential Metric=0.1945, Entropy Metric=0.0496]

Epoch 96:  56%|█████▋    | 18/32 [00:04<00:03,  4.55it/s][A
Training Epochs:  96%|█████████▌| 96/100 [11:11<00:29,  7.33s/it, -ELBO=0.4400, Potential Metric=0.1758, Entropy Metric=0.0504]

Epoch 96:  59%|█████▉    | 19/32 [00:04<00:02,  4.41it/s][A
Training Epochs:  96%|█████████▌| 96/100 [11:11<00:29,  7.33s/it, -ELBO=0.4389, Potential Metric=0.2015, Entropy Metric=0.0516]

Epoch 96:  62%|██████▎   | 20/32 [00:04<00:02,  4.62it/s][A
Training Epochs:  96%|█████████▌| 96/100 [11:11<00:29,  7.33s/it, -ELBO=0.4380, Potential Metric=0.1964, Entropy Metric=0.0514]

Epoch 96:  66%|██████▌   | 21/32 [00:04<00:02,  4.62it/s][A
Training Epochs:  96%|█████████▌| 96/100 [11:12<00:29,  7.33s/it, -ELBO=0.4212, Potential Metric=0.1768, Entropy Metric=0.0513]

Epoch 96:  69%|██████▉   | 22/32 [00:04<00:02,  4.47it/s][A
Training Epochs:  96%|█████████▌| 96/100 [11:12<00:29,  7.33s/it, -ELBO=0.4374, Potential Metric=0.1915, Entropy Metric=0.0540]

Epoch 96:  72%|███████▏  | 23/32 [00:05<00:02,  4.47it/s][A
Training Epochs:  96%|█████████▌| 96/100 [11:12<00:29,  7.33s/it, -ELBO=0.4200, Potential Metric=0.1675, Entropy Metric=0.0505]

Epoch 96:  75%|███████▌  | 24/32 [00:05<00:01,  4.59it/s][A
Training Epochs:  96%|█████████▌| 96/100 [11:12<00:29,  7.33s/it, -ELBO=0.4089, Potential Metric=0.1755, Entropy Metric=0.0524]

Epoch 96:  78%|███████▊  | 25/32 [00:05<00:01,  4.60it/s][A
Training Epochs:  96%|█████████▌| 96/100 [11:13<00:29,  7.33s/it, -ELBO=0.4089, Potential Metric=0.1735, Entropy Metric=0.0526]

Epoch 96:  81%|████████▏ | 26/32 [00:05<00:01,  4.58it/s][A
Training Epochs:  96%|█████████▌| 96/100 [11:13<00:29,  7.33s/it, -ELBO=0.4380, Potential Metric=0.1719, Entropy Metric=0.0512]

Epoch 96:  84%|████████▍ | 27/32 [00:06<00:01,  4.40it/s][A
Training Epochs:  96%|█████████▌| 96/100 [11:13<00:29,  7.33s/it, -ELBO=0.4490, Potential Metric=0.1852, Entropy Metric=0.0536]

Epoch 96:  88%|████████▊ | 28/32 [00:06<00:00,  4.42it/s][A
Training Epochs:  96%|█████████▌| 96/100 [11:13<00:29,  7.33s/it, -ELBO=0.4391, Potential Metric=0.1756, Entropy Metric=0.0552]

Epoch 96:  91%|█████████ | 29/32 [00:06<00:00,  4.41it/s][A
Training Epochs:  96%|█████████▌| 96/100 [11:13<00:29,  7.33s/it, -ELBO=0.4457, Potential Metric=0.1952, Entropy Metric=0.0540]

Epoch 96:  94%|█████████▍| 30/32 [00:06<00:00,  4.33it/s][A
Training Epochs:  96%|█████████▌| 96/100 [11:14<00:29,  7.33s/it, -ELBO=0.4381, Potential Metric=0.1694, Entropy Metric=0.0552]

Epoch 96:  97%|█████████▋| 31/32 [00:06<00:00,  4.21it/s][A
Training Epochs:  96%|█████████▌| 96/100 [11:14<00:29,  7.33s/it, -ELBO=0.4363, Potential Metric=0.1829, Entropy Metric=0.0553]

Epoch 96: 100%|██████████| 32/32 [00:07<00:00,  4.37it/s][A

                                                         [A
Training Epochs:  97%|█████████▋| 97/100 [11:14<00:21,  7.33s/it, -ELBO=0.4363, Potential Metric=0.1829, Entropy Metric=0.0553]

Epoch 97:   0%|          | 0/32 [00:00<?, ?it/s][A
Training Epochs:  97%|█████████▋| 97/100 [11:14<00:21,  7.33s/it, -ELBO=0.4394, Potential Metric=0.1883, Entropy Metric=0.0554]

Epoch 97:   3%|▎         | 1/32 [00:00<00:08,  3.48it/s][A
Training Epochs:  97%|█████████▋| 97/100 [11:15<00:21,  7.33s/it, -ELBO=0.4195, Potential Metric=0.1789, Entropy Metric=0.0550]

Epoch 97:   6%|▋         | 2/32 [00:00<00:07,  4.02it/s][A
Training Epochs:  97%|█████████▋| 97/100 [11:15<00:21,  7.33s/it, -ELBO=0.4234, Potential Metric=0.1838, Entropy Metric=0.0559]

Epoch 97:   9%|▉         | 3/32 [00:00<00:06,  4.15it/s][A
Training Epochs:  97%|█████████▋| 97/100 [11:15<00:21,  7.33s/it, -ELBO=0.4294, Potential Metric=0.1919, Entropy Metric=0.0513]

Epoch 97:  12%|█▎        | 4/32 [00:00<00:06,  4.26it/s][A
Training Epochs:  97%|█████████▋| 97/100 [11:15<00:21,  7.33s/it, -ELBO=0.4097, Potential Metric=0.1920, Entropy Metric=0.0539]

Epoch 97:  16%|█▌        | 5/32 [00:01<00:05,  4.56it/s][A
Training Epochs:  97%|█████████▋| 97/100 [11:15<00:21,  7.33s/it, -ELBO=0.4029, Potential Metric=0.1890, Entropy Metric=0.0549]

Epoch 97:  19%|█▉        | 6/32 [00:01<00:05,  4.50it/s][A
Training Epochs:  97%|█████████▋| 97/100 [11:16<00:21,  7.33s/it, -ELBO=0.4156, Potential Metric=0.1863, Entropy Metric=0.0485]

Epoch 97:  22%|██▏       | 7/32 [00:01<00:05,  4.52it/s][A
Training Epochs:  97%|█████████▋| 97/100 [11:16<00:21,  7.33s/it, -ELBO=0.4115, Potential Metric=0.1673, Entropy Metric=0.0511]

Epoch 97:  25%|██▌       | 8/32 [00:01<00:05,  4.50it/s][A
Training Epochs:  97%|█████████▋| 97/100 [11:16<00:21,  7.33s/it, -ELBO=0.4394, Potential Metric=0.1802, Entropy Metric=0.0549]

Epoch 97:  28%|██▊       | 9/32 [00:02<00:05,  4.40it/s][A
Training Epochs:  97%|█████████▋| 97/100 [11:16<00:21,  7.33s/it, -ELBO=0.4949, Potential Metric=0.1713, Entropy Metric=0.0530]

Epoch 97:  31%|███▏      | 10/32 [00:02<00:04,  4.41it/s][A
Training Epochs:  97%|█████████▋| 97/100 [11:17<00:21,  7.33s/it, -ELBO=0.4526, Potential Metric=0.1826, Entropy Metric=0.0536]

Epoch 97:  34%|███▍      | 11/32 [00:02<00:04,  4.51it/s][A
Training Epochs:  97%|█████████▋| 97/100 [11:17<00:21,  7.33s/it, -ELBO=0.4008, Potential Metric=0.1734, Entropy Metric=0.0504]

Epoch 97:  38%|███▊      | 12/32 [00:02<00:04,  4.53it/s][A
Training Epochs:  97%|█████████▋| 97/100 [11:17<00:21,  7.33s/it, -ELBO=0.4227, Potential Metric=0.1769, Entropy Metric=0.0525]

Epoch 97:  41%|████      | 13/32 [00:02<00:04,  4.50it/s][A
Training Epochs:  97%|█████████▋| 97/100 [11:17<00:21,  7.33s/it, -ELBO=0.3889, Potential Metric=0.1740, Entropy Metric=0.0518]

Epoch 97:  44%|████▍     | 14/32 [00:03<00:03,  4.54it/s][A
Training Epochs:  97%|█████████▋| 97/100 [11:17<00:21,  7.33s/it, -ELBO=0.4454, Potential Metric=0.1727, Entropy Metric=0.0517]

Epoch 97:  47%|████▋     | 15/32 [00:03<00:03,  4.45it/s][A
Training Epochs:  97%|█████████▋| 97/100 [11:18<00:21,  7.33s/it, -ELBO=0.3993, Potential Metric=0.1769, Entropy Metric=0.0534]

Epoch 97:  50%|█████     | 16/32 [00:03<00:03,  4.67it/s][A
Training Epochs:  97%|█████████▋| 97/100 [11:18<00:21,  7.33s/it, -ELBO=0.4402, Potential Metric=0.1908, Entropy Metric=0.0515]

Epoch 97:  53%|█████▎    | 17/32 [00:03<00:03,  4.67it/s][A
Training Epochs:  97%|█████████▋| 97/100 [11:18<00:21,  7.33s/it, -ELBO=0.4197, Potential Metric=0.1756, Entropy Metric=0.0558]

Epoch 97:  56%|█████▋    | 18/32 [00:04<00:02,  4.71it/s][A
Training Epochs:  97%|█████████▋| 97/100 [11:18<00:21,  7.33s/it, -ELBO=0.4087, Potential Metric=0.1737, Entropy Metric=0.0559]

Epoch 97:  59%|█████▉    | 19/32 [00:04<00:02,  4.75it/s][A
Training Epochs:  97%|█████████▋| 97/100 [11:19<00:21,  7.33s/it, -ELBO=0.4168, Potential Metric=0.1844, Entropy Metric=0.0576]

Epoch 97:  62%|██████▎   | 20/32 [00:04<00:02,  4.73it/s][A
Training Epochs:  97%|█████████▋| 97/100 [11:19<00:21,  7.33s/it, -ELBO=0.4266, Potential Metric=0.1867, Entropy Metric=0.0588]

Epoch 97:  66%|██████▌   | 21/32 [00:04<00:02,  4.69it/s][A
Training Epochs:  97%|█████████▋| 97/100 [11:19<00:21,  7.33s/it, -ELBO=0.4486, Potential Metric=0.1920, Entropy Metric=0.0554]

Epoch 97:  69%|██████▉   | 22/32 [00:04<00:02,  4.78it/s][A
Training Epochs:  97%|█████████▋| 97/100 [11:19<00:21,  7.33s/it, -ELBO=0.4171, Potential Metric=0.1769, Entropy Metric=0.0541]

Epoch 97:  72%|███████▏  | 23/32 [00:05<00:01,  4.59it/s][A
Training Epochs:  97%|█████████▋| 97/100 [11:19<00:21,  7.33s/it, -ELBO=0.4392, Potential Metric=0.1837, Entropy Metric=0.0562]

Epoch 97:  75%|███████▌  | 24/32 [00:05<00:01,  4.65it/s][A
Training Epochs:  97%|█████████▋| 97/100 [11:20<00:21,  7.33s/it, -ELBO=0.4112, Potential Metric=0.1999, Entropy Metric=0.0579]

Epoch 97:  78%|███████▊  | 25/32 [00:05<00:01,  4.78it/s][A
Training Epochs:  97%|█████████▋| 97/100 [11:20<00:21,  7.33s/it, -ELBO=0.4311, Potential Metric=0.1841, Entropy Metric=0.0524]

Epoch 97:  81%|████████▏ | 26/32 [00:05<00:01,  4.70it/s][A
Training Epochs:  97%|█████████▋| 97/100 [11:20<00:21,  7.33s/it, -ELBO=0.4258, Potential Metric=0.1845, Entropy Metric=0.0502]

Epoch 97:  84%|████████▍ | 27/32 [00:05<00:01,  4.53it/s][A
Training Epochs:  97%|█████████▋| 97/100 [11:20<00:21,  7.33s/it, -ELBO=0.4360, Potential Metric=0.1709, Entropy Metric=0.0447]

Epoch 97:  88%|████████▊ | 28/32 [00:06<00:00,  4.42it/s][A
Training Epochs:  97%|█████████▋| 97/100 [11:20<00:21,  7.33s/it, -ELBO=0.4364, Potential Metric=0.1773, Entropy Metric=0.0497]

Epoch 97:  91%|█████████ | 29/32 [00:06<00:00,  4.50it/s][A
Training Epochs:  97%|█████████▋| 97/100 [11:21<00:21,  7.33s/it, -ELBO=0.4428, Potential Metric=0.1840, Entropy Metric=0.0507]

Epoch 97:  94%|█████████▍| 30/32 [00:06<00:00,  4.53it/s][A
Training Epochs:  97%|█████████▋| 97/100 [11:21<00:21,  7.33s/it, -ELBO=0.4170, Potential Metric=0.1801, Entropy Metric=0.0505]

Epoch 97:  97%|█████████▋| 31/32 [00:06<00:00,  4.61it/s][A
Training Epochs:  97%|█████████▋| 97/100 [11:21<00:21,  7.33s/it, -ELBO=0.4161, Potential Metric=0.1561, Entropy Metric=0.0499]

Epoch 97: 100%|██████████| 32/32 [00:07<00:00,  4.75it/s][A

                                                         [A
Training Epochs:  98%|█████████▊| 98/100 [11:21<00:14,  7.28s/it, -ELBO=0.4161, Potential Metric=0.1561, Entropy Metric=0.0499]

Epoch 98:   0%|          | 0/32 [00:00<?, ?it/s][A
Training Epochs:  98%|█████████▊| 98/100 [11:22<00:14,  7.28s/it, -ELBO=0.4269, Potential Metric=0.1811, Entropy Metric=0.0500]

Epoch 98:   3%|▎         | 1/32 [00:00<00:07,  4.05it/s][A
Training Epochs:  98%|█████████▊| 98/100 [11:22<00:14,  7.28s/it, -ELBO=0.3848, Potential Metric=0.1747, Entropy Metric=0.0498]

Epoch 98:   6%|▋         | 2/32 [00:00<00:07,  4.17it/s][A
Training Epochs:  98%|█████████▊| 98/100 [11:22<00:14,  7.28s/it, -ELBO=0.4075, Potential Metric=0.1546, Entropy Metric=0.0522]

Epoch 98:   9%|▉         | 3/32 [00:00<00:06,  4.24it/s][A
Training Epochs:  98%|█████████▊| 98/100 [11:22<00:14,  7.28s/it, -ELBO=0.3964, Potential Metric=0.1750, Entropy Metric=0.0511]

Epoch 98:  12%|█▎        | 4/32 [00:00<00:06,  4.48it/s][A
Training Epochs:  98%|█████████▊| 98/100 [11:22<00:14,  7.28s/it, -ELBO=0.4164, Potential Metric=0.1714, Entropy Metric=0.0542]

Epoch 98:  16%|█▌        | 5/32 [00:01<00:05,  4.57it/s][A
Training Epochs:  98%|█████████▊| 98/100 [11:23<00:14,  7.28s/it, -ELBO=0.4188, Potential Metric=0.1817, Entropy Metric=0.0518]

Epoch 98:  19%|█▉        | 6/32 [00:01<00:05,  4.68it/s][A
Training Epochs:  98%|█████████▊| 98/100 [11:23<00:14,  7.28s/it, -ELBO=0.4378, Potential Metric=0.1811, Entropy Metric=0.0521]

Epoch 98:  22%|██▏       | 7/32 [00:01<00:05,  4.58it/s][A
Training Epochs:  98%|█████████▊| 98/100 [11:23<00:14,  7.28s/it, -ELBO=0.4174, Potential Metric=0.1929, Entropy Metric=0.0513]

Epoch 98:  25%|██▌       | 8/32 [00:01<00:05,  4.58it/s][A
Training Epochs:  98%|█████████▊| 98/100 [11:23<00:14,  7.28s/it, -ELBO=0.4211, Potential Metric=0.1757, Entropy Metric=0.0502]

Epoch 98:  28%|██▊       | 9/32 [00:01<00:04,  4.62it/s][A
Training Epochs:  98%|█████████▊| 98/100 [11:23<00:14,  7.28s/it, -ELBO=0.4436, Potential Metric=0.1848, Entropy Metric=0.0480]

Epoch 98:  31%|███▏      | 10/32 [00:02<00:04,  4.62it/s][A
Training Epochs:  98%|█████████▊| 98/100 [11:24<00:14,  7.28s/it, -ELBO=0.4084, Potential Metric=0.1752, Entropy Metric=0.0454]

Epoch 98:  34%|███▍      | 11/32 [00:02<00:04,  4.71it/s][A
Training Epochs:  98%|█████████▊| 98/100 [11:24<00:14,  7.28s/it, -ELBO=0.4665, Potential Metric=0.1749, Entropy Metric=0.0478]

Epoch 98:  38%|███▊      | 12/32 [00:02<00:04,  4.65it/s][A
Training Epochs:  98%|█████████▊| 98/100 [11:24<00:14,  7.28s/it, -ELBO=0.4215, Potential Metric=0.1715, Entropy Metric=0.0489]

Epoch 98:  41%|████      | 13/32 [00:02<00:04,  4.71it/s][A
Training Epochs:  98%|█████████▊| 98/100 [11:24<00:14,  7.28s/it, -ELBO=0.4151, Potential Metric=0.1723, Entropy Metric=0.0463]

Epoch 98:  44%|████▍     | 14/32 [00:03<00:03,  4.72it/s][A
Training Epochs:  98%|█████████▊| 98/100 [11:25<00:14,  7.28s/it, -ELBO=0.4059, Potential Metric=0.1706, Entropy Metric=0.0499]

Epoch 98:  47%|████▋     | 15/32 [00:03<00:03,  4.72it/s][A
Training Epochs:  98%|█████████▊| 98/100 [11:25<00:14,  7.28s/it, -ELBO=0.4036, Potential Metric=0.1878, Entropy Metric=0.0481]

Epoch 98:  50%|█████     | 16/32 [00:03<00:03,  4.67it/s][A
Training Epochs:  98%|█████████▊| 98/100 [11:25<00:14,  7.28s/it, -ELBO=0.3963, Potential Metric=0.2002, Entropy Metric=0.0522]

Epoch 98:  53%|█████▎    | 17/32 [00:03<00:03,  4.73it/s][A
Training Epochs:  98%|█████████▊| 98/100 [11:25<00:14,  7.28s/it, -ELBO=0.4331, Potential Metric=0.1669, Entropy Metric=0.0513]

Epoch 98:  56%|█████▋    | 18/32 [00:03<00:03,  4.47it/s][A
Training Epochs:  98%|█████████▊| 98/100 [11:25<00:14,  7.28s/it, -ELBO=0.4004, Potential Metric=0.1956, Entropy Metric=0.0506]

Epoch 98:  59%|█████▉    | 19/32 [00:04<00:02,  4.50it/s][A
Training Epochs:  98%|█████████▊| 98/100 [11:26<00:14,  7.28s/it, -ELBO=0.4258, Potential Metric=0.1930, Entropy Metric=0.0502]

Epoch 98:  62%|██████▎   | 20/32 [00:04<00:02,  4.59it/s][A
Training Epochs:  98%|█████████▊| 98/100 [11:26<00:14,  7.28s/it, -ELBO=0.4274, Potential Metric=0.1843, Entropy Metric=0.0501]

Epoch 98:  66%|██████▌   | 21/32 [00:04<00:02,  4.68it/s][A
Training Epochs:  98%|█████████▊| 98/100 [11:26<00:14,  7.28s/it, -ELBO=0.4623, Potential Metric=0.1824, Entropy Metric=0.0492]

Epoch 98:  69%|██████▉   | 22/32 [00:04<00:02,  4.68it/s][A
Training Epochs:  98%|█████████▊| 98/100 [11:26<00:14,  7.28s/it, -ELBO=0.4073, Potential Metric=0.1697, Entropy Metric=0.0484]

Epoch 98:  72%|███████▏  | 23/32 [00:04<00:01,  4.78it/s][A
Training Epochs:  98%|█████████▊| 98/100 [11:27<00:14,  7.28s/it, -ELBO=0.4317, Potential Metric=0.1776, Entropy Metric=0.0495]

Epoch 98:  75%|███████▌  | 24/32 [00:05<00:02,  3.86it/s][A
Training Epochs:  98%|█████████▊| 98/100 [11:27<00:14,  7.28s/it, -ELBO=0.4404, Potential Metric=0.1921, Entropy Metric=0.0526]

Epoch 98:  78%|███████▊  | 25/32 [00:05<00:01,  4.08it/s][A
Training Epochs:  98%|█████████▊| 98/100 [11:27<00:14,  7.28s/it, -ELBO=0.4204, Potential Metric=0.1779, Entropy Metric=0.0547]

Epoch 98:  81%|████████▏ | 26/32 [00:05<00:01,  4.26it/s][A
Training Epochs:  98%|█████████▊| 98/100 [11:27<00:14,  7.28s/it, -ELBO=0.3816, Potential Metric=0.1900, Entropy Metric=0.0547]

Epoch 98:  84%|████████▍ | 27/32 [00:05<00:01,  4.38it/s][A
Training Epochs:  98%|█████████▊| 98/100 [11:27<00:14,  7.28s/it, -ELBO=0.4101, Potential Metric=0.1708, Entropy Metric=0.0524]

Epoch 98:  88%|████████▊ | 28/32 [00:06<00:00,  4.43it/s][A
Training Epochs:  98%|█████████▊| 98/100 [11:28<00:14,  7.28s/it, -ELBO=0.4477, Potential Metric=0.1988, Entropy Metric=0.0552]

Epoch 98:  91%|█████████ | 29/32 [00:06<00:00,  4.61it/s][A
Training Epochs:  98%|█████████▊| 98/100 [11:28<00:14,  7.28s/it, -ELBO=0.4380, Potential Metric=0.1781, Entropy Metric=0.0555]

Epoch 98:  94%|█████████▍| 30/32 [00:06<00:00,  4.65it/s][A
Training Epochs:  98%|█████████▊| 98/100 [11:28<00:14,  7.28s/it, -ELBO=0.4589, Potential Metric=0.1877, Entropy Metric=0.0556]

Epoch 98:  97%|█████████▋| 31/32 [00:06<00:00,  4.75it/s][A
Training Epochs:  98%|█████████▊| 98/100 [11:28<00:14,  7.28s/it, -ELBO=0.4840, Potential Metric=0.1899, Entropy Metric=0.0569]

Epoch 98: 100%|██████████| 32/32 [00:07<00:00,  4.68it/s][A

                                                         [A
Training Epochs:  99%|█████████▉| 99/100 [11:28<00:07,  7.25s/it, -ELBO=0.4840, Potential Metric=0.1899, Entropy Metric=0.0569]

Epoch 99:   0%|          | 0/32 [00:00<?, ?it/s][A
Training Epochs:  99%|█████████▉| 99/100 [11:29<00:07,  7.25s/it, -ELBO=0.4237, Potential Metric=0.1920, Entropy Metric=0.0589]

Epoch 99:   3%|▎         | 1/32 [00:00<00:08,  3.79it/s][A
Training Epochs:  99%|█████████▉| 99/100 [11:29<00:07,  7.25s/it, -ELBO=0.4114, Potential Metric=0.1838, Entropy Metric=0.0596]

Epoch 99:   6%|▋         | 2/32 [00:00<00:07,  4.27it/s][A
Training Epochs:  99%|█████████▉| 99/100 [11:29<00:07,  7.25s/it, -ELBO=0.4208, Potential Metric=0.1861, Entropy Metric=0.0554]

Epoch 99:   9%|▉         | 3/32 [00:00<00:06,  4.49it/s][A
Training Epochs:  99%|█████████▉| 99/100 [11:29<00:07,  7.25s/it, -ELBO=0.4312, Potential Metric=0.1778, Entropy Metric=0.0543]

Epoch 99:  12%|█▎        | 4/32 [00:00<00:06,  4.41it/s][A
Training Epochs:  99%|█████████▉| 99/100 [11:30<00:07,  7.25s/it, -ELBO=0.4275, Potential Metric=0.1764, Entropy Metric=0.0523]

Epoch 99:  16%|█▌        | 5/32 [00:01<00:05,  4.54it/s][A
Training Epochs:  99%|█████████▉| 99/100 [11:30<00:07,  7.25s/it, -ELBO=0.4428, Potential Metric=0.1958, Entropy Metric=0.0502]

Epoch 99:  19%|█▉        | 6/32 [00:01<00:05,  4.49it/s][A
Training Epochs:  99%|█████████▉| 99/100 [11:30<00:07,  7.25s/it, -ELBO=0.4344, Potential Metric=0.1714, Entropy Metric=0.0495]

Epoch 99:  22%|██▏       | 7/32 [00:01<00:05,  4.57it/s][A
Training Epochs:  99%|█████████▉| 99/100 [11:30<00:07,  7.25s/it, -ELBO=0.4555, Potential Metric=0.1788, Entropy Metric=0.0487]

Epoch 99:  25%|██▌       | 8/32 [00:01<00:05,  4.70it/s][A
Training Epochs:  99%|█████████▉| 99/100 [11:30<00:07,  7.25s/it, -ELBO=0.4378, Potential Metric=0.1794, Entropy Metric=0.0523]

Epoch 99:  28%|██▊       | 9/32 [00:01<00:04,  4.80it/s][A
Training Epochs:  99%|█████████▉| 99/100 [11:31<00:07,  7.25s/it, -ELBO=0.4130, Potential Metric=0.1817, Entropy Metric=0.0514]

Epoch 99:  31%|███▏      | 10/32 [00:02<00:04,  4.77it/s][A
Training Epochs:  99%|█████████▉| 99/100 [11:31<00:07,  7.25s/it, -ELBO=0.4351, Potential Metric=0.1749, Entropy Metric=0.0518]

Epoch 99:  34%|███▍      | 11/32 [00:02<00:04,  4.65it/s][A
Training Epochs:  99%|█████████▉| 99/100 [11:31<00:07,  7.25s/it, -ELBO=0.4054, Potential Metric=0.1783, Entropy Metric=0.0481]

Epoch 99:  38%|███▊      | 12/32 [00:02<00:04,  4.51it/s][A
Training Epochs:  99%|█████████▉| 99/100 [11:31<00:07,  7.25s/it, -ELBO=0.4137, Potential Metric=0.1871, Entropy Metric=0.0523]

Epoch 99:  41%|████      | 13/32 [00:02<00:04,  4.54it/s][A
Training Epochs:  99%|█████████▉| 99/100 [11:32<00:07,  7.25s/it, -ELBO=0.4140, Potential Metric=0.1813, Entropy Metric=0.0499]

Epoch 99:  44%|████▍     | 14/32 [00:03<00:04,  4.45it/s][A
Training Epochs:  99%|█████████▉| 99/100 [11:32<00:07,  7.25s/it, -ELBO=0.4243, Potential Metric=0.1806, Entropy Metric=0.0507]

Epoch 99:  47%|████▋     | 15/32 [00:03<00:03,  4.48it/s][A
Training Epochs:  99%|█████████▉| 99/100 [11:32<00:07,  7.25s/it, -ELBO=0.4512, Potential Metric=0.1843, Entropy Metric=0.0506]

Epoch 99:  50%|█████     | 16/32 [00:03<00:03,  4.44it/s][A
Training Epochs:  99%|█████████▉| 99/100 [11:32<00:07,  7.25s/it, -ELBO=0.3893, Potential Metric=0.1927, Entropy Metric=0.0544]

Epoch 99:  53%|█████▎    | 17/32 [00:03<00:03,  4.58it/s][A
Training Epochs:  99%|█████████▉| 99/100 [11:32<00:07,  7.25s/it, -ELBO=0.4088, Potential Metric=0.1642, Entropy Metric=0.0497]

Epoch 99:  56%|█████▋    | 18/32 [00:03<00:03,  4.62it/s][A
Training Epochs:  99%|█████████▉| 99/100 [11:33<00:07,  7.25s/it, -ELBO=0.4105, Potential Metric=0.1831, Entropy Metric=0.0537]

Epoch 99:  59%|█████▉    | 19/32 [00:04<00:02,  4.66it/s][A
Training Epochs:  99%|█████████▉| 99/100 [11:33<00:07,  7.25s/it, -ELBO=0.4421, Potential Metric=0.1927, Entropy Metric=0.0519]

Epoch 99:  62%|██████▎   | 20/32 [00:04<00:02,  4.47it/s][A
Training Epochs:  99%|█████████▉| 99/100 [11:33<00:07,  7.25s/it, -ELBO=0.4411, Potential Metric=0.1793, Entropy Metric=0.0507]

Epoch 99:  66%|██████▌   | 21/32 [00:04<00:02,  4.35it/s][A
Training Epochs:  99%|█████████▉| 99/100 [11:33<00:07,  7.25s/it, -ELBO=0.3968, Potential Metric=0.1822, Entropy Metric=0.0497]

Epoch 99:  69%|██████▉   | 22/32 [00:04<00:02,  4.45it/s][A
Training Epochs:  99%|█████████▉| 99/100 [11:34<00:07,  7.25s/it, -ELBO=0.4032, Potential Metric=0.1775, Entropy Metric=0.0528]

Epoch 99:  72%|███████▏  | 23/32 [00:05<00:02,  4.40it/s][A
Training Epochs:  99%|█████████▉| 99/100 [11:34<00:07,  7.25s/it, -ELBO=0.4400, Potential Metric=0.1836, Entropy Metric=0.0550]

Epoch 99:  75%|███████▌  | 24/32 [00:05<00:01,  4.54it/s][A
Training Epochs:  99%|█████████▉| 99/100 [11:34<00:07,  7.25s/it, -ELBO=0.4047, Potential Metric=0.1833, Entropy Metric=0.0529]

Epoch 99:  78%|███████▊  | 25/32 [00:05<00:01,  4.60it/s][A
Training Epochs:  99%|█████████▉| 99/100 [11:34<00:07,  7.25s/it, -ELBO=0.4159, Potential Metric=0.1793, Entropy Metric=0.0530]

Epoch 99:  81%|████████▏ | 26/32 [00:05<00:01,  4.58it/s][A
Training Epochs:  99%|█████████▉| 99/100 [11:34<00:07,  7.25s/it, -ELBO=0.4091, Potential Metric=0.1713, Entropy Metric=0.0529]

Epoch 99:  84%|████████▍ | 27/32 [00:05<00:01,  4.46it/s][A
Training Epochs:  99%|█████████▉| 99/100 [11:35<00:07,  7.25s/it, -ELBO=0.4274, Potential Metric=0.1831, Entropy Metric=0.0545]

Epoch 99:  88%|████████▊ | 28/32 [00:06<00:00,  4.44it/s][A
Training Epochs:  99%|█████████▉| 99/100 [11:35<00:07,  7.25s/it, -ELBO=0.4273, Potential Metric=0.1632, Entropy Metric=0.0537]

Epoch 99:  91%|█████████ | 29/32 [00:06<00:00,  4.38it/s][A
Training Epochs:  99%|█████████▉| 99/100 [11:35<00:07,  7.25s/it, -ELBO=0.4112, Potential Metric=0.1812, Entropy Metric=0.0498]

Epoch 99:  94%|█████████▍| 30/32 [00:06<00:00,  4.41it/s][A
Training Epochs:  99%|█████████▉| 99/100 [11:35<00:07,  7.25s/it, -ELBO=0.4261, Potential Metric=0.1795, Entropy Metric=0.0511]

Epoch 99:  97%|█████████▋| 31/32 [00:06<00:00,  4.39it/s][A
Training Epochs:  99%|█████████▉| 99/100 [11:36<00:07,  7.25s/it, -ELBO=0.4170, Potential Metric=0.1733, Entropy Metric=0.0504]

Epoch 99: 100%|██████████| 32/32 [00:07<00:00,  4.14it/s][A

                                                         [A
Training Epochs: 100%|██████████| 100/100 [11:36<00:00,  7.28s/it, -ELBO=0.4170, Potential Metric=0.1733, Entropy Metric=0.0504]
Training Epochs: 100%|██████████| 100/100 [11:36<00:00,  6.96s/it, -ELBO=0.4170, Potential Metric=0.1733, Entropy Metric=0.0504]
SCLSD_BENCHMARK_EVENT {"cpu_seconds": 1068.7052791479998, "cuda_peak_allocated_bytes": 579843584, "cuda_peak_reserved_bytes": 696254464, "cuda_start_allocated_bytes": 10991616, "cuda_start_reserved_bytes": 25165824, "error": null, "event": "stage_end", "name": "training", "status": "ok", "time": "2026-07-17T20:12:09.333339+00:00", "wall_seconds": 696.8983027078211}
