SCLSD_BENCHMARK_EVENT {"event": "stage_start", "stage": "data_load", "time": "2026-07-17T19:49:34.162069+00:00"}
SCLSD_BENCHMARK_EVENT {"cpu_seconds": 0.4947430639999997, "cuda_peak_allocated_bytes": 0, "cuda_peak_reserved_bytes": 0, "cuda_start_allocated_bytes": 0, "cuda_start_reserved_bytes": 0, "error": null, "event": "stage_end", "name": "data_load", "status": "ok", "time": "2026-07-17T19:49:34.657047+00:00", "wall_seconds": 0.49496056605130434}
SCLSD_BENCHMARK_EVENT {"event": "stage_start", "stage": "model_initialization", "time": "2026-07-17T19:49:34.657404+00:00"}
SCLSD_BENCHMARK_EVENT {"cpu_seconds": 0.2271086769999986, "cuda_peak_allocated_bytes": 11011072, "cuda_peak_reserved_bytes": 25165824, "cuda_start_allocated_bytes": 0, "cuda_start_reserved_bytes": 0, "error": null, "event": "stage_end", "name": "model_initialization", "status": "ok", "time": "2026-07-17T19:49:34.887815+00:00", "wall_seconds": 0.23038633819669485}
SCLSD_BENCHMARK_EVENT {"event": "stage_start", "stage": "prior_transition", "time": "2026-07-17T19:49:34.888188+00:00"}
[LSD] Prior transition matrix set from pseudotime and connectivities.
SCLSD_BENCHMARK_EVENT {"cpu_seconds": 20.304501025999997, "cuda_peak_allocated_bytes": 10991616, "cuda_peak_reserved_bytes": 25165824, "cuda_start_allocated_bytes": 10991616, "cuda_start_reserved_bytes": 25165824, "error": null, "event": "stage_end", "name": "prior_transition", "status": "ok", "time": "2026-07-17T19:49:49.773578+00:00", "wall_seconds": 14.885341815650463}
SCLSD_BENCHMARK_EVENT {"event": "stage_start", "stage": "walk_generation", "time": "2026-07-17T19:49:49.774550+00:00"}
SCLSD_BENCHMARK_EVENT {"cpu_seconds": 3.1518892670000014, "cuda_peak_allocated_bytes": 6589822976, "cuda_peak_reserved_bytes": 6606028800, "cuda_start_allocated_bytes": 10991616, "cuda_start_reserved_bytes": 25165824, "error": null, "event": "stage_end", "name": "walk_generation", "status": "ok", "time": "2026-07-17T19:49:52.926314+00:00", "wall_seconds": 3.1517336908727884}
SCLSD_BENCHMARK_EVENT {"event": "stage_start", "stage": "training", "time": "2026-07-17T19:49:52.927210+00:00"}

Training Epochs:   0%|          | 0/100 [00:00<?, ?it/s]

Epoch 0:   0%|          | 0/32 [00:00<?, ?it/s][A
Training Epochs:   0%|          | 0/100 [00:01<?, ?it/s, -ELBO=4.0450, Potential Metric=0.0000, Entropy Metric=0.0004]

Epoch 0:   3%|▎         | 1/32 [00:01<00:34,  1.12s/it][A
Training Epochs:   0%|          | 0/100 [00:01<?, ?it/s, -ELBO=3.7694, Potential Metric=0.0000, Entropy Metric=0.0031]
Training Epochs:   0%|          | 0/100 [00:01<?, ?it/s, -ELBO=3.8109, Potential Metric=0.0001, Entropy Metric=0.0064]

Epoch 0:   9%|▉         | 3/32 [00:01<00:10,  2.87it/s][A
Training Epochs:   0%|          | 0/100 [00:01<?, ?it/s, -ELBO=3.0358, Potential Metric=0.0003, Entropy Metric=0.0094]
Training Epochs:   0%|          | 0/100 [00:01<?, ?it/s, -ELBO=3.2896, Potential Metric=0.0005, Entropy Metric=0.0111]

Epoch 0:  16%|█▌        | 5/32 [00:01<00:05,  4.86it/s][A
Training Epochs:   0%|          | 0/100 [00:01<?, ?it/s, -ELBO=3.6418, Potential Metric=0.0007, Entropy Metric=0.0128]
Training Epochs:   0%|          | 0/100 [00:01<?, ?it/s, -ELBO=3.4110, Potential Metric=0.0009, Entropy Metric=0.0147]

Epoch 0:  22%|██▏       | 7/32 [00:01<00:03,  6.70it/s][A
Training Epochs:   0%|          | 0/100 [00:01<?, ?it/s, -ELBO=3.0275, Potential Metric=0.0010, Entropy Metric=0.0142]
Training Epochs:   0%|          | 0/100 [00:01<?, ?it/s, -ELBO=3.5317, Potential Metric=0.0011, Entropy Metric=0.0162]

Epoch 0:  28%|██▊       | 9/32 [00:01<00:02,  8.33it/s][A
Training Epochs:   0%|          | 0/100 [00:01<?, ?it/s, -ELBO=3.1629, Potential Metric=0.0010, Entropy Metric=0.0152]
Training Epochs:   0%|          | 0/100 [00:02<?, ?it/s, -ELBO=3.3335, Potential Metric=0.0009, Entropy Metric=0.0167]

Epoch 0:  34%|███▍      | 11/32 [00:01<00:02,  9.71it/s][A
Training Epochs:   0%|          | 0/100 [00:02<?, ?it/s, -ELBO=3.4259, Potential Metric=0.0009, Entropy Metric=0.0174]
Training Epochs:   0%|          | 0/100 [00:02<?, ?it/s, -ELBO=3.9198, Potential Metric=0.0007, Entropy Metric=0.0191]

Epoch 0:  41%|████      | 13/32 [00:01<00:01, 10.78it/s][A
Training Epochs:   0%|          | 0/100 [00:02<?, ?it/s, -ELBO=3.4082, Potential Metric=0.0008, Entropy Metric=0.0201]
Training Epochs:   0%|          | 0/100 [00:02<?, ?it/s, -ELBO=3.0332, Potential Metric=0.0007, Entropy Metric=0.0178]

Epoch 0:  47%|████▋     | 15/32 [00:02<00:01, 11.60it/s][A
Training Epochs:   0%|          | 0/100 [00:02<?, ?it/s, -ELBO=3.3453, Potential Metric=0.0007, Entropy Metric=0.0174]
Training Epochs:   0%|          | 0/100 [00:02<?, ?it/s, -ELBO=3.2038, Potential Metric=0.0006, Entropy Metric=0.0143]

Epoch 0:  53%|█████▎    | 17/32 [00:02<00:01, 12.24it/s][A
Training Epochs:   0%|          | 0/100 [00:02<?, ?it/s, -ELBO=3.2907, Potential Metric=0.0005, Entropy Metric=0.0143]
Training Epochs:   0%|          | 0/100 [00:02<?, ?it/s, -ELBO=3.2099, Potential Metric=0.0004, Entropy Metric=0.0128]

Epoch 0:  59%|█████▉    | 19/32 [00:02<00:01, 12.64it/s][A
Training Epochs:   0%|          | 0/100 [00:02<?, ?it/s, -ELBO=2.9848, Potential Metric=0.0003, Entropy Metric=0.0112]
Training Epochs:   0%|          | 0/100 [00:02<?, ?it/s, -ELBO=3.1724, Potential Metric=0.0002, Entropy Metric=0.0103]

Epoch 0:  66%|██████▌   | 21/32 [00:02<00:00, 13.02it/s][A
Training Epochs:   0%|          | 0/100 [00:02<?, ?it/s, -ELBO=3.0128, Potential Metric=0.0002, Entropy Metric=0.0112]
Training Epochs:   0%|          | 0/100 [00:02<?, ?it/s, -ELBO=2.9834, Potential Metric=0.0003, Entropy Metric=0.0109]

Epoch 0:  72%|███████▏  | 23/32 [00:02<00:00, 13.28it/s][A
Training Epochs:   0%|          | 0/100 [00:02<?, ?it/s, -ELBO=3.4078, Potential Metric=0.0004, Entropy Metric=0.0105]
Training Epochs:   0%|          | 0/100 [00:03<?, ?it/s, -ELBO=2.4495, Potential Metric=0.0003, Entropy Metric=0.0090]

Epoch 0:  78%|███████▊  | 25/32 [00:02<00:00, 13.36it/s][A
Training Epochs:   0%|          | 0/100 [00:03<?, ?it/s, -ELBO=3.1219, Potential Metric=0.0004, Entropy Metric=0.0092]
Training Epochs:   0%|          | 0/100 [00:03<?, ?it/s, -ELBO=3.2242, Potential Metric=0.0004, Entropy Metric=0.0091]

Epoch 0:  84%|████████▍ | 27/32 [00:03<00:00, 13.36it/s][A
Training Epochs:   0%|          | 0/100 [00:03<?, ?it/s, -ELBO=3.1499, Potential Metric=0.0005, Entropy Metric=0.0082]
Training Epochs:   0%|          | 0/100 [00:03<?, ?it/s, -ELBO=3.2255, Potential Metric=0.0005, Entropy Metric=0.0086]

Epoch 0:  91%|█████████ | 29/32 [00:03<00:00, 13.46it/s][A
Training Epochs:   0%|          | 0/100 [00:03<?, ?it/s, -ELBO=2.7545, Potential Metric=0.0004, Entropy Metric=0.0072]
Training Epochs:   0%|          | 0/100 [00:03<?, ?it/s, -ELBO=3.6835, Potential Metric=0.0006, Entropy Metric=0.0079]

Epoch 0:  97%|█████████▋| 31/32 [00:03<00:00, 13.53it/s][A
Training Epochs:   0%|          | 0/100 [00:03<?, ?it/s, -ELBO=3.2467, Potential Metric=0.0006, Entropy Metric=0.0076]

                                                        [A
Training Epochs:   1%|          | 1/100 [00:03<05:52,  3.56s/it, -ELBO=3.2467, Potential Metric=0.0006, Entropy Metric=0.0076]

Epoch 1:   0%|          | 0/32 [00:00<?, ?it/s][A
Training Epochs:   1%|          | 1/100 [00:03<05:52,  3.56s/it, -ELBO=3.6236, Potential Metric=0.0005, Entropy Metric=0.0070]

Epoch 1:   3%|▎         | 1/32 [00:00<00:04,  7.75it/s][A
Training Epochs:   1%|          | 1/100 [00:03<05:52,  3.56s/it, -ELBO=3.6633, Potential Metric=0.0006, Entropy Metric=0.0070]
Training Epochs:   1%|          | 1/100 [00:04<05:52,  3.56s/it, -ELBO=3.0630, Potential Metric=0.0006, Entropy Metric=0.0070]

Epoch 1:   9%|▉         | 3/32 [00:00<00:02, 11.34it/s][A
Training Epochs:   1%|          | 1/100 [00:04<05:52,  3.56s/it, -ELBO=3.0601, Potential Metric=0.0007, Entropy Metric=0.0056]
Training Epochs:   1%|          | 1/100 [00:04<05:52,  3.56s/it, -ELBO=3.0416, Potential Metric=0.0007, Entropy Metric=0.0062]

Epoch 1:  16%|█▌        | 5/32 [00:00<00:02, 12.44it/s][A
Training Epochs:   1%|          | 1/100 [00:04<05:52,  3.56s/it, -ELBO=3.0727, Potential Metric=0.0010, Entropy Metric=0.0066]
Training Epochs:   1%|          | 1/100 [00:04<05:52,  3.56s/it, -ELBO=2.9894, Potential Metric=0.0013, Entropy Metric=0.0066]

Epoch 1:  22%|██▏       | 7/32 [00:00<00:01, 12.91it/s][A
Training Epochs:   1%|          | 1/100 [00:04<05:52,  3.56s/it, -ELBO=2.9692, Potential Metric=0.0013, Entropy Metric=0.0057]
Training Epochs:   1%|          | 1/100 [00:04<05:52,  3.56s/it, -ELBO=3.0259, Potential Metric=0.0017, Entropy Metric=0.0065]

Epoch 1:  28%|██▊       | 9/32 [00:00<00:01, 12.59it/s][A
Training Epochs:   1%|          | 1/100 [00:04<05:52,  3.56s/it, -ELBO=2.8519, Potential Metric=0.0019, Entropy Metric=0.0063]
Training Epochs:   1%|          | 1/100 [00:04<05:52,  3.56s/it, -ELBO=2.9981, Potential Metric=0.0023, Entropy Metric=0.0061]

Epoch 1:  34%|███▍      | 11/32 [00:00<00:01, 12.41it/s][A
Training Epochs:   1%|          | 1/100 [00:04<05:52,  3.56s/it, -ELBO=2.7879, Potential Metric=0.0027, Entropy Metric=0.0059]
Training Epochs:   1%|          | 1/100 [00:04<05:52,  3.56s/it, -ELBO=3.1525, Potential Metric=0.0026, Entropy Metric=0.0058]

Epoch 1:  41%|████      | 13/32 [00:01<00:01, 12.32it/s][A
Training Epochs:   1%|          | 1/100 [00:04<05:52,  3.56s/it, -ELBO=2.9526, Potential Metric=0.0035, Entropy Metric=0.0057]
Training Epochs:   1%|          | 1/100 [00:04<05:52,  3.56s/it, -ELBO=3.1455, Potential Metric=0.0037, Entropy Metric=0.0059]

Epoch 1:  47%|████▋     | 15/32 [00:01<00:01, 12.29it/s][A
Training Epochs:   1%|          | 1/100 [00:05<05:52,  3.56s/it, -ELBO=3.0453, Potential Metric=0.0049, Entropy Metric=0.0055]
Training Epochs:   1%|          | 1/100 [00:05<05:52,  3.56s/it, -ELBO=3.2456, Potential Metric=0.0042, Entropy Metric=0.0053]

Epoch 1:  53%|█████▎    | 17/32 [00:01<00:01, 12.27it/s][A
Training Epochs:   1%|          | 1/100 [00:05<05:52,  3.56s/it, -ELBO=3.1924, Potential Metric=0.0057, Entropy Metric=0.0057]
Training Epochs:   1%|          | 1/100 [00:05<05:52,  3.56s/it, -ELBO=3.4666, Potential Metric=0.0054, Entropy Metric=0.0060]

Epoch 1:  59%|█████▉    | 19/32 [00:01<00:01, 12.23it/s][A
Training Epochs:   1%|          | 1/100 [00:05<05:52,  3.56s/it, -ELBO=2.6379, Potential Metric=0.0056, Entropy Metric=0.0055]
Training Epochs:   1%|          | 1/100 [00:05<05:52,  3.56s/it, -ELBO=2.9379, Potential Metric=0.0085, Entropy Metric=0.0056]

Epoch 1:  66%|██████▌   | 21/32 [00:01<00:00, 12.27it/s][A
Training Epochs:   1%|          | 1/100 [00:05<05:52,  3.56s/it, -ELBO=2.8505, Potential Metric=0.0098, Entropy Metric=0.0059]
Training Epochs:   1%|          | 1/100 [00:05<05:52,  3.56s/it, -ELBO=3.3826, Potential Metric=0.0111, Entropy Metric=0.0062]

Epoch 1:  72%|███████▏  | 23/32 [00:01<00:00, 12.09it/s][A
Training Epochs:   1%|          | 1/100 [00:05<05:52,  3.56s/it, -ELBO=2.7313, Potential Metric=0.0127, Entropy Metric=0.0062]
Training Epochs:   1%|          | 1/100 [00:05<05:52,  3.56s/it, -ELBO=2.8890, Potential Metric=0.0154, Entropy Metric=0.0063]

Epoch 1:  78%|███████▊  | 25/32 [00:02<00:00, 11.83it/s][A
Training Epochs:   1%|          | 1/100 [00:05<05:52,  3.56s/it, -ELBO=2.9022, Potential Metric=0.0180, Entropy Metric=0.0065]
Training Epochs:   1%|          | 1/100 [00:05<05:52,  3.56s/it, -ELBO=2.6486, Potential Metric=0.0208, Entropy Metric=0.0070]

Epoch 1:  84%|████████▍ | 27/32 [00:02<00:00, 11.55it/s][A
Training Epochs:   1%|          | 1/100 [00:06<05:52,  3.56s/it, -ELBO=3.2231, Potential Metric=0.0217, Entropy Metric=0.0068]
Training Epochs:   1%|          | 1/100 [00:06<05:52,  3.56s/it, -ELBO=2.5534, Potential Metric=0.0286, Entropy Metric=0.0083]

Epoch 1:  91%|█████████ | 29/32 [00:02<00:00, 10.50it/s][A
Training Epochs:   1%|          | 1/100 [00:06<05:52,  3.56s/it, -ELBO=3.0951, Potential Metric=0.0292, Entropy Metric=0.0083]
Training Epochs:   1%|          | 1/100 [00:06<05:52,  3.56s/it, -ELBO=2.7886, Potential Metric=0.0288, Entropy Metric=0.0082]

Epoch 1:  97%|█████████▋| 31/32 [00:02<00:00,  9.83it/s][A
Training Epochs:   1%|          | 1/100 [00:06<05:52,  3.56s/it, -ELBO=2.7866, Potential Metric=0.0288, Entropy Metric=0.0080]

                                                        [A
Training Epochs:   2%|▏         | 2/100 [00:06<05:16,  3.23s/it, -ELBO=2.7866, Potential Metric=0.0288, Entropy Metric=0.0080]

Epoch 2:   0%|          | 0/32 [00:00<?, ?it/s][A
Training Epochs:   2%|▏         | 2/100 [00:06<05:16,  3.23s/it, -ELBO=3.0428, Potential Metric=0.0279, Entropy Metric=0.0089]

Epoch 2:   3%|▎         | 1/32 [00:00<00:04,  7.42it/s][A
Training Epochs:   2%|▏         | 2/100 [00:06<05:16,  3.23s/it, -ELBO=3.0849, Potential Metric=0.0321, Entropy Metric=0.0088]
Training Epochs:   2%|▏         | 2/100 [00:07<05:16,  3.23s/it, -ELBO=2.7325, Potential Metric=0.0252, Entropy Metric=0.0083]

Epoch 2:   9%|▉         | 3/32 [00:00<00:02,  9.86it/s][A
Training Epochs:   2%|▏         | 2/100 [00:07<05:16,  3.23s/it, -ELBO=2.9063, Potential Metric=0.0321, Entropy Metric=0.0075]
Training Epochs:   2%|▏         | 2/100 [00:07<05:16,  3.23s/it, -ELBO=2.6719, Potential Metric=0.0297, Entropy Metric=0.0072]

Epoch 2:  16%|█▌        | 5/32 [00:00<00:02, 10.44it/s][A
Training Epochs:   2%|▏         | 2/100 [00:07<05:16,  3.23s/it, -ELBO=2.7622, Potential Metric=0.0396, Entropy Metric=0.0071]
Training Epochs:   2%|▏         | 2/100 [00:07<05:16,  3.23s/it, -ELBO=3.2494, Potential Metric=0.0364, Entropy Metric=0.0065]

Epoch 2:  22%|██▏       | 7/32 [00:00<00:02, 10.47it/s][A
Training Epochs:   2%|▏         | 2/100 [00:07<05:16,  3.23s/it, -ELBO=3.1252, Potential Metric=0.0384, Entropy Metric=0.0071]
Training Epochs:   2%|▏         | 2/100 [00:07<05:16,  3.23s/it, -ELBO=3.3345, Potential Metric=0.0379, Entropy Metric=0.0074]

Epoch 2:  28%|██▊       | 9/32 [00:00<00:02, 10.36it/s][A
Training Epochs:   2%|▏         | 2/100 [00:07<05:16,  3.23s/it, -ELBO=3.0881, Potential Metric=0.0368, Entropy Metric=0.0070]
Training Epochs:   2%|▏         | 2/100 [00:07<05:16,  3.23s/it, -ELBO=2.9268, Potential Metric=0.0475, Entropy Metric=0.0072]

Epoch 2:  34%|███▍      | 11/32 [00:01<00:02, 10.35it/s][A
Training Epochs:   2%|▏         | 2/100 [00:07<05:16,  3.23s/it, -ELBO=2.6945, Potential Metric=0.0506, Entropy Metric=0.0083]
Training Epochs:   2%|▏         | 2/100 [00:08<05:16,  3.23s/it, -ELBO=2.5300, Potential Metric=0.0529, Entropy Metric=0.0080]

Epoch 2:  41%|████      | 13/32 [00:01<00:01, 10.19it/s][A
Training Epochs:   2%|▏         | 2/100 [00:08<05:16,  3.23s/it, -ELBO=3.1346, Potential Metric=0.0515, Entropy Metric=0.0088]
Training Epochs:   2%|▏         | 2/100 [00:08<05:16,  3.23s/it, -ELBO=2.9049, Potential Metric=0.0519, Entropy Metric=0.0091]

Epoch 2:  47%|████▋     | 15/32 [00:01<00:01,  9.99it/s][A
Training Epochs:   2%|▏         | 2/100 [00:08<05:16,  3.23s/it, -ELBO=2.9370, Potential Metric=0.0487, Entropy Metric=0.0091]

Epoch 2:  50%|█████     | 16/32 [00:01<00:01,  9.89it/s][A
Training Epochs:   2%|▏         | 2/100 [00:08<05:16,  3.23s/it, -ELBO=2.7116, Potential Metric=0.0471, Entropy Metric=0.0086]

Epoch 2:  53%|█████▎    | 17/32 [00:01<00:01,  9.74it/s][A
Training Epochs:   2%|▏         | 2/100 [00:08<05:16,  3.23s/it, -ELBO=2.9493, Potential Metric=0.0533, Entropy Metric=0.0089]

Epoch 2:  56%|█████▋    | 18/32 [00:01<00:01,  9.70it/s][A
Training Epochs:   2%|▏         | 2/100 [00:08<05:16,  3.23s/it, -ELBO=2.6880, Potential Metric=0.0604, Entropy Metric=0.0088]

Epoch 2:  59%|█████▉    | 19/32 [00:01<00:01,  9.62it/s][A
Training Epochs:   2%|▏         | 2/100 [00:08<05:16,  3.23s/it, -ELBO=2.7626, Potential Metric=0.0525, Entropy Metric=0.0083]

Epoch 2:  62%|██████▎   | 20/32 [00:02<00:01,  9.29it/s][A
Training Epochs:   2%|▏         | 2/100 [00:08<05:16,  3.23s/it, -ELBO=2.6921, Potential Metric=0.0560, Entropy Metric=0.0073]

Epoch 2:  66%|██████▌   | 21/32 [00:02<00:01,  9.05it/s][A
Training Epochs:   2%|▏         | 2/100 [00:09<05:16,  3.23s/it, -ELBO=3.1170, Potential Metric=0.0619, Entropy Metric=0.0081]

Epoch 2:  69%|██████▉   | 22/32 [00:02<00:01,  6.92it/s][A
Training Epochs:   2%|▏         | 2/100 [00:09<05:16,  3.23s/it, -ELBO=2.7465, Potential Metric=0.0583, Entropy Metric=0.0081]

Epoch 2:  72%|███████▏  | 23/32 [00:02<00:01,  7.26it/s][A
Training Epochs:   2%|▏         | 2/100 [00:09<05:16,  3.23s/it, -ELBO=2.6863, Potential Metric=0.0624, Entropy Metric=0.0091]

Epoch 2:  75%|███████▌  | 24/32 [00:02<00:01,  7.67it/s][A
Training Epochs:   2%|▏         | 2/100 [00:09<05:16,  3.23s/it, -ELBO=2.6016, Potential Metric=0.0658, Entropy Metric=0.0089]

Epoch 2:  78%|███████▊  | 25/32 [00:02<00:00,  7.84it/s][A
Training Epochs:   2%|▏         | 2/100 [00:09<05:16,  3.23s/it, -ELBO=2.9756, Potential Metric=0.0709, Entropy Metric=0.0097]

Epoch 2:  81%|████████▏ | 26/32 [00:02<00:00,  8.02it/s][A
Training Epochs:   2%|▏         | 2/100 [00:09<05:16,  3.23s/it, -ELBO=3.0645, Potential Metric=0.0732, Entropy Metric=0.0092]

Epoch 2:  84%|████████▍ | 27/32 [00:02<00:00,  7.97it/s][A
Training Epochs:   2%|▏         | 2/100 [00:09<05:16,  3.23s/it, -ELBO=2.9638, Potential Metric=0.0720, Entropy Metric=0.0097]

Epoch 2:  88%|████████▊ | 28/32 [00:03<00:00,  8.16it/s][A
Training Epochs:   2%|▏         | 2/100 [00:09<05:16,  3.23s/it, -ELBO=2.6222, Potential Metric=0.0679, Entropy Metric=0.0108]

Epoch 2:  91%|█████████ | 29/32 [00:03<00:00,  8.26it/s][A
Training Epochs:   2%|▏         | 2/100 [00:10<05:16,  3.23s/it, -ELBO=2.8897, Potential Metric=0.0607, Entropy Metric=0.0115]

Epoch 2:  94%|█████████▍| 30/32 [00:03<00:00,  8.12it/s][A
Training Epochs:   2%|▏         | 2/100 [00:10<05:16,  3.23s/it, -ELBO=2.8910, Potential Metric=0.0621, Entropy Metric=0.0125]

Epoch 2:  97%|█████████▋| 31/32 [00:03<00:00,  8.05it/s][A
Training Epochs:   2%|▏         | 2/100 [00:10<05:16,  3.23s/it, -ELBO=2.7865, Potential Metric=0.0684, Entropy Metric=0.0131]

Epoch 2: 100%|██████████| 32/32 [00:03<00:00,  8.18it/s][A

                                                        [A
Training Epochs:   3%|▎         | 3/100 [00:10<05:37,  3.47s/it, -ELBO=2.7865, Potential Metric=0.0684, Entropy Metric=0.0131]

Epoch 3:   0%|          | 0/32 [00:00<?, ?it/s][A
Training Epochs:   3%|▎         | 3/100 [00:10<05:37,  3.47s/it, -ELBO=2.7234, Potential Metric=0.0665, Entropy Metric=0.0132]

Epoch 3:   3%|▎         | 1/32 [00:00<00:05,  5.40it/s][A
Training Epochs:   3%|▎         | 3/100 [00:10<05:37,  3.47s/it, -ELBO=3.0215, Potential Metric=0.0581, Entropy Metric=0.0125]

Epoch 3:   6%|▋         | 2/32 [00:00<00:04,  6.68it/s][A
Training Epochs:   3%|▎         | 3/100 [00:10<05:37,  3.47s/it, -ELBO=3.3583, Potential Metric=0.0626, Entropy Metric=0.0121]

Epoch 3:   9%|▉         | 3/32 [00:00<00:03,  7.29it/s][A
Training Epochs:   3%|▎         | 3/100 [00:11<05:37,  3.47s/it, -ELBO=3.1391, Potential Metric=0.0606, Entropy Metric=0.0118]

Epoch 3:  12%|█▎        | 4/32 [00:00<00:03,  7.49it/s][A
Training Epochs:   3%|▎         | 3/100 [00:11<05:37,  3.47s/it, -ELBO=2.7660, Potential Metric=0.0630, Entropy Metric=0.0138]

Epoch 3:  16%|█▌        | 5/32 [00:00<00:03,  7.82it/s][A
Training Epochs:   3%|▎         | 3/100 [00:11<05:37,  3.47s/it, -ELBO=2.5154, Potential Metric=0.0666, Entropy Metric=0.0136]

Epoch 3:  19%|█▉        | 6/32 [00:00<00:03,  7.91it/s][A
Training Epochs:   3%|▎         | 3/100 [00:11<05:37,  3.47s/it, -ELBO=2.4013, Potential Metric=0.0622, Entropy Metric=0.0142]

Epoch 3:  22%|██▏       | 7/32 [00:00<00:03,  7.99it/s][A
Training Epochs:   3%|▎         | 3/100 [00:11<05:37,  3.47s/it, -ELBO=3.0181, Potential Metric=0.0631, Entropy Metric=0.0119]

Epoch 3:  25%|██▌       | 8/32 [00:01<00:03,  7.93it/s][A
Training Epochs:   3%|▎         | 3/100 [00:11<05:37,  3.47s/it, -ELBO=3.0520, Potential Metric=0.0628, Entropy Metric=0.0111]

Epoch 3:  28%|██▊       | 9/32 [00:01<00:02,  7.93it/s][A
Training Epochs:   3%|▎         | 3/100 [00:11<05:37,  3.47s/it, -ELBO=3.0214, Potential Metric=0.0618, Entropy Metric=0.0116]

Epoch 3:  31%|███▏      | 10/32 [00:01<00:02,  7.96it/s][A
Training Epochs:   3%|▎         | 3/100 [00:11<05:37,  3.47s/it, -ELBO=2.6532, Potential Metric=0.0586, Entropy Metric=0.0109]

Epoch 3:  34%|███▍      | 11/32 [00:01<00:02,  7.94it/s][A
Training Epochs:   3%|▎         | 3/100 [00:12<05:37,  3.47s/it, -ELBO=2.6237, Potential Metric=0.0562, Entropy Metric=0.0104]

Epoch 3:  38%|███▊      | 12/32 [00:01<00:02,  7.96it/s][A
Training Epochs:   3%|▎         | 3/100 [00:12<05:37,  3.47s/it, -ELBO=2.6936, Potential Metric=0.0600, Entropy Metric=0.0108]

Epoch 3:  41%|████      | 13/32 [00:01<00:02,  7.89it/s][A
Training Epochs:   3%|▎         | 3/100 [00:12<05:37,  3.47s/it, -ELBO=2.7948, Potential Metric=0.0747, Entropy Metric=0.0111]

Epoch 3:  44%|████▍     | 14/32 [00:01<00:02,  7.99it/s][A
Training Epochs:   3%|▎         | 3/100 [00:12<05:37,  3.47s/it, -ELBO=2.7552, Potential Metric=0.0809, Entropy Metric=0.0108]

Epoch 3:  47%|████▋     | 15/32 [00:01<00:02,  7.76it/s][A
Training Epochs:   3%|▎         | 3/100 [00:12<05:37,  3.47s/it, -ELBO=2.4982, Potential Metric=0.0691, Entropy Metric=0.0120]

Epoch 3:  50%|█████     | 16/32 [00:02<00:02,  7.83it/s][A
Training Epochs:   3%|▎         | 3/100 [00:12<05:37,  3.47s/it, -ELBO=2.7531, Potential Metric=0.0676, Entropy Metric=0.0123]

Epoch 3:  53%|█████▎    | 17/32 [00:02<00:01,  7.90it/s][A
Training Epochs:   3%|▎         | 3/100 [00:12<05:37,  3.47s/it, -ELBO=2.7416, Potential Metric=0.0534, Entropy Metric=0.0122]

Epoch 3:  56%|█████▋    | 18/32 [00:02<00:01,  7.86it/s][A
Training Epochs:   3%|▎         | 3/100 [00:12<05:37,  3.47s/it, -ELBO=3.1003, Potential Metric=0.0677, Entropy Metric=0.0131]

Epoch 3:  59%|█████▉    | 19/32 [00:02<00:01,  7.77it/s][A
Training Epochs:   3%|▎         | 3/100 [00:13<05:37,  3.47s/it, -ELBO=2.7374, Potential Metric=0.0625, Entropy Metric=0.0145]

Epoch 3:  62%|██████▎   | 20/32 [00:02<00:01,  7.85it/s][A
Training Epochs:   3%|▎         | 3/100 [00:13<05:37,  3.47s/it, -ELBO=2.7269, Potential Metric=0.0530, Entropy Metric=0.0143]

Epoch 3:  66%|██████▌   | 21/32 [00:02<00:01,  7.89it/s][A
Training Epochs:   3%|▎         | 3/100 [00:13<05:37,  3.47s/it, -ELBO=2.4865, Potential Metric=0.0621, Entropy Metric=0.0145]

Epoch 3:  69%|██████▉   | 22/32 [00:02<00:01,  7.86it/s][A
Training Epochs:   3%|▎         | 3/100 [00:13<05:37,  3.47s/it, -ELBO=2.7236, Potential Metric=0.0602, Entropy Metric=0.0163]

Epoch 3:  72%|███████▏  | 23/32 [00:02<00:01,  7.84it/s][A
Training Epochs:   3%|▎         | 3/100 [00:13<05:37,  3.47s/it, -ELBO=2.7559, Potential Metric=0.0552, Entropy Metric=0.0161]

Epoch 3:  75%|███████▌  | 24/32 [00:03<00:01,  7.87it/s][A
Training Epochs:   3%|▎         | 3/100 [00:13<05:37,  3.47s/it, -ELBO=2.6911, Potential Metric=0.0565, Entropy Metric=0.0171]

Epoch 3:  78%|███████▊  | 25/32 [00:03<00:00,  7.89it/s][A
Training Epochs:   3%|▎         | 3/100 [00:13<05:37,  3.47s/it, -ELBO=2.6385, Potential Metric=0.0561, Entropy Metric=0.0167]

Epoch 3:  81%|████████▏ | 26/32 [00:03<00:00,  7.86it/s][A
Training Epochs:   3%|▎         | 3/100 [00:13<05:37,  3.47s/it, -ELBO=2.6389, Potential Metric=0.0658, Entropy Metric=0.0183]

Epoch 3:  84%|████████▍ | 27/32 [00:03<00:00,  7.87it/s][A
Training Epochs:   3%|▎         | 3/100 [00:14<05:37,  3.47s/it, -ELBO=2.5502, Potential Metric=0.0697, Entropy Metric=0.0192]

Epoch 3:  88%|████████▊ | 28/32 [00:03<00:00,  7.86it/s][A
Training Epochs:   3%|▎         | 3/100 [00:14<05:37,  3.47s/it, -ELBO=2.7388, Potential Metric=0.0625, Entropy Metric=0.0204]

Epoch 3:  91%|█████████ | 29/32 [00:03<00:00,  7.81it/s][A
Training Epochs:   3%|▎         | 3/100 [00:14<05:37,  3.47s/it, -ELBO=2.7652, Potential Metric=0.0787, Entropy Metric=0.0199]

Epoch 3:  94%|█████████▍| 30/32 [00:03<00:00,  7.61it/s][A
Training Epochs:   3%|▎         | 3/100 [00:14<05:37,  3.47s/it, -ELBO=2.5848, Potential Metric=0.0671, Entropy Metric=0.0201]

Epoch 3:  97%|█████████▋| 31/32 [00:04<00:00,  7.46it/s][A
Training Epochs:   3%|▎         | 3/100 [00:14<05:37,  3.47s/it, -ELBO=2.8613, Potential Metric=0.0571, Entropy Metric=0.0185]

Epoch 3: 100%|██████████| 32/32 [00:04<00:00,  7.44it/s][A

                                                        [A
Training Epochs:   4%|▍         | 4/100 [00:14<06:05,  3.81s/it, -ELBO=2.8613, Potential Metric=0.0571, Entropy Metric=0.0185]

Epoch 4:   0%|          | 0/32 [00:00<?, ?it/s][A
Training Epochs:   4%|▍         | 4/100 [00:15<06:05,  3.81s/it, -ELBO=2.4783, Potential Metric=0.0681, Entropy Metric=0.0194]

Epoch 4:   3%|▎         | 1/32 [00:00<00:05,  5.94it/s][A
Training Epochs:   4%|▍         | 4/100 [00:15<06:05,  3.81s/it, -ELBO=2.6394, Potential Metric=0.0580, Entropy Metric=0.0205]

Epoch 4:   6%|▋         | 2/32 [00:00<00:04,  6.79it/s][A
Training Epochs:   4%|▍         | 4/100 [00:15<06:05,  3.81s/it, -ELBO=2.8805, Potential Metric=0.0615, Entropy Metric=0.0188]

Epoch 4:   9%|▉         | 3/32 [00:00<00:04,  6.89it/s][A
Training Epochs:   4%|▍         | 4/100 [00:15<06:05,  3.81s/it, -ELBO=2.6926, Potential Metric=0.0688, Entropy Metric=0.0187]

Epoch 4:  12%|█▎        | 4/32 [00:00<00:04,  6.89it/s][A
Training Epochs:   4%|▍         | 4/100 [00:15<06:05,  3.81s/it, -ELBO=2.7126, Potential Metric=0.0667, Entropy Metric=0.0185]

Epoch 4:  16%|█▌        | 5/32 [00:00<00:03,  6.94it/s][A
Training Epochs:   4%|▍         | 4/100 [00:15<06:05,  3.81s/it, -ELBO=2.5428, Potential Metric=0.0541, Entropy Metric=0.0195]

Epoch 4:  19%|█▉        | 6/32 [00:00<00:03,  6.90it/s][A
Training Epochs:   4%|▍         | 4/100 [00:15<06:05,  3.81s/it, -ELBO=2.9650, Potential Metric=0.0614, Entropy Metric=0.0193]

Epoch 4:  22%|██▏       | 7/32 [00:01<00:03,  6.65it/s][A
Training Epochs:   4%|▍         | 4/100 [00:16<06:05,  3.81s/it, -ELBO=2.7039, Potential Metric=0.0664, Entropy Metric=0.0180]

Epoch 4:  25%|██▌       | 8/32 [00:01<00:03,  6.85it/s][A
Training Epochs:   4%|▍         | 4/100 [00:16<06:05,  3.81s/it, -ELBO=2.6953, Potential Metric=0.0602, Entropy Metric=0.0183]

Epoch 4:  28%|██▊       | 9/32 [00:01<00:03,  7.07it/s][A
Training Epochs:   4%|▍         | 4/100 [00:16<06:05,  3.81s/it, -ELBO=2.7635, Potential Metric=0.0551, Entropy Metric=0.0185]

Epoch 4:  31%|███▏      | 10/32 [00:01<00:03,  7.03it/s][A
Training Epochs:   4%|▍         | 4/100 [00:16<06:05,  3.81s/it, -ELBO=2.8092, Potential Metric=0.0662, Entropy Metric=0.0180]

Epoch 4:  34%|███▍      | 11/32 [00:01<00:03,  6.84it/s][A
Training Epochs:   4%|▍         | 4/100 [00:16<06:05,  3.81s/it, -ELBO=2.9072, Potential Metric=0.0645, Entropy Metric=0.0186]

Epoch 4:  38%|███▊      | 12/32 [00:01<00:03,  6.66it/s][A
Training Epochs:   4%|▍         | 4/100 [00:16<06:05,  3.81s/it, -ELBO=2.6945, Potential Metric=0.0734, Entropy Metric=0.0191]

Epoch 4:  41%|████      | 13/32 [00:01<00:02,  6.52it/s][A
Training Epochs:   4%|▍         | 4/100 [00:16<06:05,  3.81s/it, -ELBO=2.5963, Potential Metric=0.0646, Entropy Metric=0.0207]

Epoch 4:  44%|████▍     | 14/32 [00:02<00:02,  6.55it/s][A
Training Epochs:   4%|▍         | 4/100 [00:17<06:05,  3.81s/it, -ELBO=2.5209, Potential Metric=0.0639, Entropy Metric=0.0236]

Epoch 4:  47%|████▋     | 15/32 [00:02<00:02,  6.35it/s][A
Training Epochs:   4%|▍         | 4/100 [00:17<06:05,  3.81s/it, -ELBO=3.0383, Potential Metric=0.0735, Entropy Metric=0.0230]

Epoch 4:  50%|█████     | 16/32 [00:02<00:02,  6.49it/s][A
Training Epochs:   4%|▍         | 4/100 [00:17<06:05,  3.81s/it, -ELBO=2.8399, Potential Metric=0.0739, Entropy Metric=0.0257]

Epoch 4:  53%|█████▎    | 17/32 [00:02<00:02,  6.59it/s][A
Training Epochs:   4%|▍         | 4/100 [00:17<06:05,  3.81s/it, -ELBO=3.1313, Potential Metric=0.0637, Entropy Metric=0.0272]

Epoch 4:  56%|█████▋    | 18/32 [00:02<00:02,  6.63it/s][A
Training Epochs:   4%|▍         | 4/100 [00:17<06:05,  3.81s/it, -ELBO=2.3332, Potential Metric=0.0671, Entropy Metric=0.0293]

Epoch 4:  59%|█████▉    | 19/32 [00:02<00:01,  6.76it/s][A
Training Epochs:   4%|▍         | 4/100 [00:17<06:05,  3.81s/it, -ELBO=2.4612, Potential Metric=0.0643, Entropy Metric=0.0318]

Epoch 4:  62%|██████▎   | 20/32 [00:02<00:01,  6.80it/s][A
Training Epochs:   4%|▍         | 4/100 [00:17<06:05,  3.81s/it, -ELBO=2.3916, Potential Metric=0.0745, Entropy Metric=0.0303]

Epoch 4:  66%|██████▌   | 21/32 [00:03<00:01,  6.84it/s][A
Training Epochs:   4%|▍         | 4/100 [00:18<06:05,  3.81s/it, -ELBO=2.5733, Potential Metric=0.0658, Entropy Metric=0.0269]

Epoch 4:  69%|██████▉   | 22/32 [00:03<00:01,  6.78it/s][A
Training Epochs:   4%|▍         | 4/100 [00:18<06:05,  3.81s/it, -ELBO=2.6859, Potential Metric=0.0741, Entropy Metric=0.0235]

Epoch 4:  72%|███████▏  | 23/32 [00:03<00:01,  6.90it/s][A
Training Epochs:   4%|▍         | 4/100 [00:18<06:05,  3.81s/it, -ELBO=2.3914, Potential Metric=0.0543, Entropy Metric=0.0230]

Epoch 4:  75%|███████▌  | 24/32 [00:03<00:01,  6.79it/s][A
Training Epochs:   4%|▍         | 4/100 [00:18<06:05,  3.81s/it, -ELBO=2.6330, Potential Metric=0.0569, Entropy Metric=0.0208]

Epoch 4:  78%|███████▊  | 25/32 [00:03<00:01,  6.71it/s][A
Training Epochs:   4%|▍         | 4/100 [00:18<06:05,  3.81s/it, -ELBO=2.6607, Potential Metric=0.0739, Entropy Metric=0.0205]

Epoch 4:  81%|████████▏ | 26/32 [00:03<00:00,  6.65it/s][A
Training Epochs:   4%|▍         | 4/100 [00:18<06:05,  3.81s/it, -ELBO=2.2292, Potential Metric=0.0575, Entropy Metric=0.0211]

Epoch 4:  84%|████████▍ | 27/32 [00:04<00:00,  6.56it/s][A
Training Epochs:   4%|▍         | 4/100 [00:19<06:05,  3.81s/it, -ELBO=2.9900, Potential Metric=0.0660, Entropy Metric=0.0186]

Epoch 4:  88%|████████▊ | 28/32 [00:04<00:00,  6.49it/s][A
Training Epochs:   4%|▍         | 4/100 [00:19<06:05,  3.81s/it, -ELBO=2.6805, Potential Metric=0.0560, Entropy Metric=0.0176]

Epoch 4:  91%|█████████ | 29/32 [00:04<00:00,  6.44it/s][A
Training Epochs:   4%|▍         | 4/100 [00:19<06:05,  3.81s/it, -ELBO=2.9048, Potential Metric=0.0643, Entropy Metric=0.0163]

Epoch 4:  94%|█████████▍| 30/32 [00:04<00:00,  6.45it/s][A
Training Epochs:   4%|▍         | 4/100 [00:19<06:05,  3.81s/it, -ELBO=2.0361, Potential Metric=0.0544, Entropy Metric=0.0167]

Epoch 4:  97%|█████████▋| 31/32 [00:04<00:00,  6.41it/s][A
Training Epochs:   4%|▍         | 4/100 [00:19<06:05,  3.81s/it, -ELBO=2.5087, Potential Metric=0.0596, Entropy Metric=0.0182]

Epoch 4: 100%|██████████| 32/32 [00:04<00:00,  6.45it/s][A

                                                        [A
Training Epochs:   5%|▌         | 5/100 [00:19<06:42,  4.24s/it, -ELBO=2.5087, Potential Metric=0.0596, Entropy Metric=0.0182]

Epoch 5:   0%|          | 0/32 [00:00<?, ?it/s][A
Training Epochs:   5%|▌         | 5/100 [00:20<06:42,  4.24s/it, -ELBO=2.3929, Potential Metric=0.0639, Entropy Metric=0.0171]

Epoch 5:   3%|▎         | 1/32 [00:00<00:05,  6.20it/s][A
Training Epochs:   5%|▌         | 5/100 [00:20<06:42,  4.24s/it, -ELBO=2.8918, Potential Metric=0.0553, Entropy Metric=0.0157]

Epoch 5:   6%|▋         | 2/32 [00:00<00:04,  6.77it/s][A
Training Epochs:   5%|▌         | 5/100 [00:20<06:42,  4.24s/it, -ELBO=2.7710, Potential Metric=0.0523, Entropy Metric=0.0167]

Epoch 5:   9%|▉         | 3/32 [00:00<00:04,  7.06it/s][A
Training Epochs:   5%|▌         | 5/100 [00:20<06:42,  4.24s/it, -ELBO=2.3472, Potential Metric=0.0551, Entropy Metric=0.0160]

Epoch 5:  12%|█▎        | 4/32 [00:00<00:03,  7.08it/s][A
Training Epochs:   5%|▌         | 5/100 [00:20<06:42,  4.24s/it, -ELBO=2.7075, Potential Metric=0.0547, Entropy Metric=0.0156]

Epoch 5:  16%|█▌        | 5/32 [00:00<00:03,  7.08it/s][A
Training Epochs:   5%|▌         | 5/100 [00:20<06:42,  4.24s/it, -ELBO=2.5689, Potential Metric=0.0557, Entropy Metric=0.0150]

Epoch 5:  19%|█▉        | 6/32 [00:00<00:03,  7.26it/s][A
Training Epochs:   5%|▌         | 5/100 [00:20<06:42,  4.24s/it, -ELBO=2.6795, Potential Metric=0.0633, Entropy Metric=0.0158]

Epoch 5:  22%|██▏       | 7/32 [00:00<00:03,  7.45it/s][A
Training Epochs:   5%|▌         | 5/100 [00:20<06:42,  4.24s/it, -ELBO=2.4601, Potential Metric=0.0613, Entropy Metric=0.0144]

Epoch 5:  25%|██▌       | 8/32 [00:01<00:03,  7.69it/s][A
Training Epochs:   5%|▌         | 5/100 [00:21<06:42,  4.24s/it, -ELBO=2.5806, Potential Metric=0.0588, Entropy Metric=0.0135]

Epoch 5:  28%|██▊       | 9/32 [00:01<00:02,  7.76it/s][A
Training Epochs:   5%|▌         | 5/100 [00:21<06:42,  4.24s/it, -ELBO=2.7605, Potential Metric=0.0637, Entropy Metric=0.0126]

Epoch 5:  31%|███▏      | 10/32 [00:01<00:02,  7.61it/s][A
Training Epochs:   5%|▌         | 5/100 [00:21<06:42,  4.24s/it, -ELBO=2.8193, Potential Metric=0.0560, Entropy Metric=0.0121]

Epoch 5:  34%|███▍      | 11/32 [00:01<00:02,  7.51it/s][A
Training Epochs:   5%|▌         | 5/100 [00:21<06:42,  4.24s/it, -ELBO=2.5412, Potential Metric=0.0636, Entropy Metric=0.0127]

Epoch 5:  38%|███▊      | 12/32 [00:01<00:02,  7.65it/s][A
Training Epochs:   5%|▌         | 5/100 [00:21<06:42,  4.24s/it, -ELBO=2.5485, Potential Metric=0.0642, Entropy Metric=0.0129]

Epoch 5:  41%|████      | 13/32 [00:01<00:02,  7.52it/s][A
Training Epochs:   5%|▌         | 5/100 [00:21<06:42,  4.24s/it, -ELBO=2.5385, Potential Metric=0.0687, Entropy Metric=0.0130]

Epoch 5:  44%|████▍     | 14/32 [00:01<00:02,  7.50it/s][A
Training Epochs:   5%|▌         | 5/100 [00:21<06:42,  4.24s/it, -ELBO=2.7417, Potential Metric=0.0535, Entropy Metric=0.0132]

Epoch 5:  47%|████▋     | 15/32 [00:02<00:02,  7.41it/s][A
Training Epochs:   5%|▌         | 5/100 [00:22<06:42,  4.24s/it, -ELBO=2.4632, Potential Metric=0.0534, Entropy Metric=0.0145]

Epoch 5:  50%|█████     | 16/32 [00:02<00:02,  7.40it/s][A
Training Epochs:   5%|▌         | 5/100 [00:22<06:42,  4.24s/it, -ELBO=2.7206, Potential Metric=0.0640, Entropy Metric=0.0153]

Epoch 5:  53%|█████▎    | 17/32 [00:02<00:01,  7.51it/s][A
Training Epochs:   5%|▌         | 5/100 [00:22<06:42,  4.24s/it, -ELBO=2.4554, Potential Metric=0.0625, Entropy Metric=0.0176]

Epoch 5:  56%|█████▋    | 18/32 [00:02<00:01,  7.30it/s][A
Training Epochs:   5%|▌         | 5/100 [00:22<06:42,  4.24s/it, -ELBO=2.3013, Potential Metric=0.0567, Entropy Metric=0.0180]

Epoch 5:  59%|█████▉    | 19/32 [00:02<00:01,  7.22it/s][A
Training Epochs:   5%|▌         | 5/100 [00:22<06:42,  4.24s/it, -ELBO=2.8074, Potential Metric=0.0675, Entropy Metric=0.0182]

Epoch 5:  62%|██████▎   | 20/32 [00:02<00:01,  7.08it/s][A
Training Epochs:   5%|▌         | 5/100 [00:22<06:42,  4.24s/it, -ELBO=2.5083, Potential Metric=0.0610, Entropy Metric=0.0183]

Epoch 5:  66%|██████▌   | 21/32 [00:02<00:01,  7.03it/s][A
Training Epochs:   5%|▌         | 5/100 [00:22<06:42,  4.24s/it, -ELBO=2.4540, Potential Metric=0.0648, Entropy Metric=0.0210]

Epoch 5:  69%|██████▉   | 22/32 [00:03<00:01,  7.03it/s][A
Training Epochs:   5%|▌         | 5/100 [00:23<06:42,  4.24s/it, -ELBO=2.3090, Potential Metric=0.0673, Entropy Metric=0.0188]

Epoch 5:  72%|███████▏  | 23/32 [00:03<00:01,  6.93it/s][A
Training Epochs:   5%|▌         | 5/100 [00:23<06:42,  4.24s/it, -ELBO=2.4124, Potential Metric=0.0544, Entropy Metric=0.0183]

Epoch 5:  75%|███████▌  | 24/32 [00:03<00:01,  6.84it/s][A
Training Epochs:   5%|▌         | 5/100 [00:23<06:42,  4.24s/it, -ELBO=2.4686, Potential Metric=0.0567, Entropy Metric=0.0176]

Epoch 5:  78%|███████▊  | 25/32 [00:03<00:01,  7.00it/s][A
Training Epochs:   5%|▌         | 5/100 [00:23<06:42,  4.24s/it, -ELBO=2.3870, Potential Metric=0.0489, Entropy Metric=0.0176]

Epoch 5:  81%|████████▏ | 26/32 [00:03<00:00,  7.06it/s][A
Training Epochs:   5%|▌         | 5/100 [00:23<06:42,  4.24s/it, -ELBO=2.6899, Potential Metric=0.0592, Entropy Metric=0.0153]

Epoch 5:  84%|████████▍ | 27/32 [00:03<00:00,  7.08it/s][A
Training Epochs:   5%|▌         | 5/100 [00:23<06:42,  4.24s/it, -ELBO=2.8030, Potential Metric=0.0719, Entropy Metric=0.0161]

Epoch 5:  88%|████████▊ | 28/32 [00:03<00:00,  7.05it/s][A
Training Epochs:   5%|▌         | 5/100 [00:23<06:42,  4.24s/it, -ELBO=2.1617, Potential Metric=0.0632, Entropy Metric=0.0166]

Epoch 5:  91%|█████████ | 29/32 [00:04<00:00,  7.00it/s][A
Training Epochs:   5%|▌         | 5/100 [00:24<06:42,  4.24s/it, -ELBO=2.4714, Potential Metric=0.0750, Entropy Metric=0.0168]

Epoch 5:  94%|█████████▍| 30/32 [00:04<00:00,  6.80it/s][A
Training Epochs:   5%|▌         | 5/100 [00:24<06:42,  4.24s/it, -ELBO=2.8581, Potential Metric=0.0669, Entropy Metric=0.0140]

Epoch 5:  97%|█████████▋| 31/32 [00:04<00:00,  6.71it/s][A
Training Epochs:   5%|▌         | 5/100 [00:24<06:42,  4.24s/it, -ELBO=2.4571, Potential Metric=0.0603, Entropy Metric=0.0129]

Epoch 5: 100%|██████████| 32/32 [00:04<00:00,  6.66it/s][A

                                                        [A
Training Epochs:   6%|▌         | 6/100 [00:24<06:52,  4.39s/it, -ELBO=2.4571, Potential Metric=0.0603, Entropy Metric=0.0129]

Epoch 6:   0%|          | 0/32 [00:00<?, ?it/s][A
Training Epochs:   6%|▌         | 6/100 [00:24<06:52,  4.39s/it, -ELBO=2.3571, Potential Metric=0.0620, Entropy Metric=0.0125]

Epoch 6:   3%|▎         | 1/32 [00:00<00:05,  5.41it/s][A
Training Epochs:   6%|▌         | 6/100 [00:24<06:52,  4.39s/it, -ELBO=2.4375, Potential Metric=0.0571, Entropy Metric=0.0130]

Epoch 6:   6%|▋         | 2/32 [00:00<00:04,  6.37it/s][A
Training Epochs:   6%|▌         | 6/100 [00:24<06:52,  4.39s/it, -ELBO=2.5644, Potential Metric=0.0562, Entropy Metric=0.0144]

Epoch 6:   9%|▉         | 3/32 [00:00<00:04,  6.85it/s][A
Training Epochs:   6%|▌         | 6/100 [00:25<06:52,  4.39s/it, -ELBO=2.7710, Potential Metric=0.0714, Entropy Metric=0.0150]

Epoch 6:  12%|█▎        | 4/32 [00:00<00:04,  6.70it/s][A
Training Epochs:   6%|▌         | 6/100 [00:25<06:52,  4.39s/it, -ELBO=2.3456, Potential Metric=0.0646, Entropy Metric=0.0143]

Epoch 6:  16%|█▌        | 5/32 [00:00<00:03,  6.86it/s][A
Training Epochs:   6%|▌         | 6/100 [00:25<06:52,  4.39s/it, -ELBO=2.6635, Potential Metric=0.0672, Entropy Metric=0.0131]

Epoch 6:  19%|█▉        | 6/32 [00:00<00:03,  6.91it/s][A
Training Epochs:   6%|▌         | 6/100 [00:25<06:52,  4.39s/it, -ELBO=2.4218, Potential Metric=0.0524, Entropy Metric=0.0125]

Epoch 6:  22%|██▏       | 7/32 [00:01<00:03,  7.01it/s][A
Training Epochs:   6%|▌         | 6/100 [00:25<06:52,  4.39s/it, -ELBO=2.7042, Potential Metric=0.0562, Entropy Metric=0.0130]

Epoch 6:  25%|██▌       | 8/32 [00:01<00:03,  6.91it/s][A
Training Epochs:   6%|▌         | 6/100 [00:25<06:52,  4.39s/it, -ELBO=2.5347, Potential Metric=0.0570, Entropy Metric=0.0119]

Epoch 6:  28%|██▊       | 9/32 [00:01<00:03,  6.83it/s][A
Training Epochs:   6%|▌         | 6/100 [00:25<06:52,  4.39s/it, -ELBO=2.4362, Potential Metric=0.0528, Entropy Metric=0.0116]

Epoch 6:  31%|███▏      | 10/32 [00:01<00:03,  6.85it/s][A
Training Epochs:   6%|▌         | 6/100 [00:26<06:52,  4.39s/it, -ELBO=2.3067, Potential Metric=0.0624, Entropy Metric=0.0117]

Epoch 6:  34%|███▍      | 11/32 [00:01<00:03,  6.86it/s][A
Training Epochs:   6%|▌         | 6/100 [00:26<06:52,  4.39s/it, -ELBO=2.6420, Potential Metric=0.0675, Entropy Metric=0.0115]

Epoch 6:  38%|███▊      | 12/32 [00:01<00:02,  7.03it/s][A
Training Epochs:   6%|▌         | 6/100 [00:26<06:52,  4.39s/it, -ELBO=2.6313, Potential Metric=0.0656, Entropy Metric=0.0111]

Epoch 6:  41%|████      | 13/32 [00:01<00:02,  7.16it/s][A
Training Epochs:   6%|▌         | 6/100 [00:26<06:52,  4.39s/it, -ELBO=2.7189, Potential Metric=0.0524, Entropy Metric=0.0111]

Epoch 6:  44%|████▍     | 14/32 [00:02<00:02,  7.06it/s][A
Training Epochs:   6%|▌         | 6/100 [00:26<06:52,  4.39s/it, -ELBO=2.2403, Potential Metric=0.0674, Entropy Metric=0.0103]

Epoch 6:  47%|████▋     | 15/32 [00:02<00:02,  7.04it/s][A
Training Epochs:   6%|▌         | 6/100 [00:26<06:52,  4.39s/it, -ELBO=2.6125, Potential Metric=0.0664, Entropy Metric=0.0102]

Epoch 6:  50%|█████     | 16/32 [00:02<00:02,  6.96it/s][A
Training Epochs:   6%|▌         | 6/100 [00:26<06:52,  4.39s/it, -ELBO=2.6211, Potential Metric=0.0685, Entropy Metric=0.0112]

Epoch 6:  53%|█████▎    | 17/32 [00:02<00:02,  6.98it/s][A
Training Epochs:   6%|▌         | 6/100 [00:27<06:52,  4.39s/it, -ELBO=2.6437, Potential Metric=0.0695, Entropy Metric=0.0112]

Epoch 6:  56%|█████▋    | 18/32 [00:02<00:02,  6.97it/s][A
Training Epochs:   6%|▌         | 6/100 [00:27<06:52,  4.39s/it, -ELBO=2.5600, Potential Metric=0.0725, Entropy Metric=0.0113]

Epoch 6:  59%|█████▉    | 19/32 [00:02<00:01,  6.90it/s][A
Training Epochs:   6%|▌         | 6/100 [00:27<06:52,  4.39s/it, -ELBO=2.5568, Potential Metric=0.0645, Entropy Metric=0.0124]

Epoch 6:  62%|██████▎   | 20/32 [00:02<00:01,  6.75it/s][A
Training Epochs:   6%|▌         | 6/100 [00:27<06:52,  4.39s/it, -ELBO=2.4722, Potential Metric=0.0617, Entropy Metric=0.0117]

Epoch 6:  66%|██████▌   | 21/32 [00:03<00:01,  6.81it/s][A
Training Epochs:   6%|▌         | 6/100 [00:27<06:52,  4.39s/it, -ELBO=2.5481, Potential Metric=0.0738, Entropy Metric=0.0124]

Epoch 6:  69%|██████▉   | 22/32 [00:03<00:01,  6.75it/s][A
Training Epochs:   6%|▌         | 6/100 [00:27<06:52,  4.39s/it, -ELBO=2.2616, Potential Metric=0.0668, Entropy Metric=0.0130]

Epoch 6:  72%|███████▏  | 23/32 [00:03<00:01,  6.76it/s][A
Training Epochs:   6%|▌         | 6/100 [00:28<06:52,  4.39s/it, -ELBO=2.3294, Potential Metric=0.0748, Entropy Metric=0.0119]

Epoch 6:  75%|███████▌  | 24/32 [00:03<00:01,  6.63it/s][A
Training Epochs:   6%|▌         | 6/100 [00:28<06:52,  4.39s/it, -ELBO=2.3550, Potential Metric=0.0670, Entropy Metric=0.0120]

Epoch 6:  78%|███████▊  | 25/32 [00:03<00:01,  6.51it/s][A
Training Epochs:   6%|▌         | 6/100 [00:28<06:52,  4.39s/it, -ELBO=2.4459, Potential Metric=0.0643, Entropy Metric=0.0128]

Epoch 6:  81%|████████▏ | 26/32 [00:03<00:00,  6.41it/s][A
Training Epochs:   6%|▌         | 6/100 [00:28<06:52,  4.39s/it, -ELBO=2.3081, Potential Metric=0.0719, Entropy Metric=0.0113]

Epoch 6:  84%|████████▍ | 27/32 [00:03<00:00,  6.45it/s][A
Training Epochs:   6%|▌         | 6/100 [00:28<06:52,  4.39s/it, -ELBO=2.1883, Potential Metric=0.0685, Entropy Metric=0.0109]

Epoch 6:  88%|████████▊ | 28/32 [00:04<00:00,  6.38it/s][A
Training Epochs:   6%|▌         | 6/100 [00:28<06:52,  4.39s/it, -ELBO=2.1606, Potential Metric=0.0614, Entropy Metric=0.0124]

Epoch 6:  91%|█████████ | 29/32 [00:04<00:00,  6.28it/s][A
Training Epochs:   6%|▌         | 6/100 [00:28<06:52,  4.39s/it, -ELBO=2.5604, Potential Metric=0.0718, Entropy Metric=0.0121]

Epoch 6:  94%|█████████▍| 30/32 [00:04<00:00,  6.20it/s][A
Training Epochs:   6%|▌         | 6/100 [00:29<06:52,  4.39s/it, -ELBO=2.0495, Potential Metric=0.0568, Entropy Metric=0.0126]

Epoch 6:  97%|█████████▋| 31/32 [00:04<00:00,  6.21it/s][A
Training Epochs:   6%|▌         | 6/100 [00:29<06:52,  4.39s/it, -ELBO=2.7765, Potential Metric=0.0451, Entropy Metric=0.0108]

Epoch 6: 100%|██████████| 32/32 [00:04<00:00,  6.18it/s][A

                                                        [A
Training Epochs:   7%|▋         | 7/100 [00:29<07:06,  4.58s/it, -ELBO=2.7765, Potential Metric=0.0451, Entropy Metric=0.0108]

Epoch 7:   0%|          | 0/32 [00:00<?, ?it/s][A
Training Epochs:   7%|▋         | 7/100 [00:29<07:06,  4.58s/it, -ELBO=2.7858, Potential Metric=0.0581, Entropy Metric=0.0114]

Epoch 7:   3%|▎         | 1/32 [00:00<00:05,  5.69it/s][A
Training Epochs:   7%|▋         | 7/100 [00:29<07:06,  4.58s/it, -ELBO=2.2144, Potential Metric=0.0570, Entropy Metric=0.0114]

Epoch 7:   6%|▋         | 2/32 [00:00<00:04,  6.55it/s][A
Training Epochs:   7%|▋         | 7/100 [00:29<07:06,  4.58s/it, -ELBO=2.5358, Potential Metric=0.0529, Entropy Metric=0.0129]

Epoch 7:   9%|▉         | 3/32 [00:00<00:04,  6.70it/s][A
Training Epochs:   7%|▋         | 7/100 [00:30<07:06,  4.58s/it, -ELBO=2.2236, Potential Metric=0.0625, Entropy Metric=0.0123]

Epoch 7:  12%|█▎        | 4/32 [00:00<00:04,  6.56it/s][A
Training Epochs:   7%|▋         | 7/100 [00:30<07:06,  4.58s/it, -ELBO=2.6083, Potential Metric=0.0592, Entropy Metric=0.0129]

Epoch 7:  16%|█▌        | 5/32 [00:00<00:04,  6.58it/s][A
Training Epochs:   7%|▋         | 7/100 [00:30<07:06,  4.58s/it, -ELBO=2.2591, Potential Metric=0.0581, Entropy Metric=0.0135]

Epoch 7:  19%|█▉        | 6/32 [00:00<00:03,  6.65it/s][A
Training Epochs:   7%|▋         | 7/100 [00:30<07:06,  4.58s/it, -ELBO=2.0514, Potential Metric=0.0585, Entropy Metric=0.0141]

Epoch 7:  22%|██▏       | 7/32 [00:01<00:03,  6.75it/s][A
Training Epochs:   7%|▋         | 7/100 [00:30<07:06,  4.58s/it, -ELBO=2.4934, Potential Metric=0.0566, Entropy Metric=0.0137]

Epoch 7:  25%|██▌       | 8/32 [00:01<00:03,  6.76it/s][A
Training Epochs:   7%|▋         | 7/100 [00:30<07:06,  4.58s/it, -ELBO=2.3811, Potential Metric=0.0527, Entropy Metric=0.0138]

Epoch 7:  28%|██▊       | 9/32 [00:01<00:03,  6.85it/s][A
Training Epochs:   7%|▋         | 7/100 [00:30<07:06,  4.58s/it, -ELBO=2.4254, Potential Metric=0.0620, Entropy Metric=0.0137]

Epoch 7:  31%|███▏      | 10/32 [00:01<00:03,  7.01it/s][A
Training Epochs:   7%|▋         | 7/100 [00:31<07:06,  4.58s/it, -ELBO=2.3463, Potential Metric=0.0477, Entropy Metric=0.0141]

Epoch 7:  34%|███▍      | 11/32 [00:01<00:02,  7.10it/s][A
Training Epochs:   7%|▋         | 7/100 [00:31<07:06,  4.58s/it, -ELBO=2.5426, Potential Metric=0.0584, Entropy Metric=0.0139]

Epoch 7:  38%|███▊      | 12/32 [00:01<00:02,  7.24it/s][A
Training Epochs:   7%|▋         | 7/100 [00:31<07:06,  4.58s/it, -ELBO=2.1675, Potential Metric=0.0590, Entropy Metric=0.0134]

Epoch 7:  41%|████      | 13/32 [00:01<00:02,  7.22it/s][A
Training Epochs:   7%|▋         | 7/100 [00:31<07:06,  4.58s/it, -ELBO=2.1878, Potential Metric=0.0566, Entropy Metric=0.0143]

Epoch 7:  44%|████▍     | 14/32 [00:02<00:02,  7.29it/s][A
Training Epochs:   7%|▋         | 7/100 [00:31<07:06,  4.58s/it, -ELBO=2.4313, Potential Metric=0.0556, Entropy Metric=0.0162]

Epoch 7:  47%|████▋     | 15/32 [00:02<00:02,  7.57it/s][A
Training Epochs:   7%|▋         | 7/100 [00:31<07:06,  4.58s/it, -ELBO=2.2088, Potential Metric=0.0571, Entropy Metric=0.0172]

Epoch 7:  50%|█████     | 16/32 [00:02<00:02,  7.36it/s][A
Training Epochs:   7%|▋         | 7/100 [00:31<07:06,  4.58s/it, -ELBO=2.3344, Potential Metric=0.0564, Entropy Metric=0.0162]

Epoch 7:  53%|█████▎    | 17/32 [00:02<00:02,  7.40it/s][A
Training Epochs:   7%|▋         | 7/100 [00:32<07:06,  4.58s/it, -ELBO=2.5240, Potential Metric=0.0633, Entropy Metric=0.0154]

Epoch 7:  56%|█████▋    | 18/32 [00:02<00:01,  7.36it/s][A
Training Epochs:   7%|▋         | 7/100 [00:32<07:06,  4.58s/it, -ELBO=2.1763, Potential Metric=0.0574, Entropy Metric=0.0163]

Epoch 7:  59%|█████▉    | 19/32 [00:02<00:01,  7.40it/s][A
Training Epochs:   7%|▋         | 7/100 [00:32<07:06,  4.58s/it, -ELBO=2.5061, Potential Metric=0.0473, Entropy Metric=0.0148]

Epoch 7:  62%|██████▎   | 20/32 [00:02<00:01,  7.25it/s][A
Training Epochs:   7%|▋         | 7/100 [00:32<07:06,  4.58s/it, -ELBO=2.5965, Potential Metric=0.0553, Entropy Metric=0.0149]

Epoch 7:  66%|██████▌   | 21/32 [00:02<00:01,  7.27it/s][A
Training Epochs:   7%|▋         | 7/100 [00:32<07:06,  4.58s/it, -ELBO=2.3001, Potential Metric=0.0572, Entropy Metric=0.0139]

Epoch 7:  69%|██████▉   | 22/32 [00:03<00:01,  7.05it/s][A
Training Epochs:   7%|▋         | 7/100 [00:32<07:06,  4.58s/it, -ELBO=2.3020, Potential Metric=0.0572, Entropy Metric=0.0151]

Epoch 7:  72%|███████▏  | 23/32 [00:03<00:01,  7.00it/s][A
Training Epochs:   7%|▋         | 7/100 [00:32<07:06,  4.58s/it, -ELBO=2.1542, Potential Metric=0.0629, Entropy Metric=0.0165]

Epoch 7:  75%|███████▌  | 24/32 [00:03<00:01,  7.15it/s][A
Training Epochs:   7%|▋         | 7/100 [00:33<07:06,  4.58s/it, -ELBO=2.6565, Potential Metric=0.0576, Entropy Metric=0.0165]

Epoch 7:  78%|███████▊  | 25/32 [00:03<00:00,  7.11it/s][A
Training Epochs:   7%|▋         | 7/100 [00:33<07:06,  4.58s/it, -ELBO=2.5486, Potential Metric=0.0621, Entropy Metric=0.0147]

Epoch 7:  81%|████████▏ | 26/32 [00:03<00:00,  7.09it/s][A
Training Epochs:   7%|▋         | 7/100 [00:33<07:06,  4.58s/it, -ELBO=2.7064, Potential Metric=0.0681, Entropy Metric=0.0155]

Epoch 7:  84%|████████▍ | 27/32 [00:03<00:00,  7.11it/s][A
Training Epochs:   7%|▋         | 7/100 [00:33<07:06,  4.58s/it, -ELBO=2.5018, Potential Metric=0.0751, Entropy Metric=0.0158]

Epoch 7:  88%|████████▊ | 28/32 [00:03<00:00,  7.10it/s][A
Training Epochs:   7%|▋         | 7/100 [00:33<07:06,  4.58s/it, -ELBO=2.1442, Potential Metric=0.0636, Entropy Metric=0.0156]

Epoch 7:  91%|█████████ | 29/32 [00:04<00:00,  7.01it/s][A
Training Epochs:   7%|▋         | 7/100 [00:33<07:06,  4.58s/it, -ELBO=2.4884, Potential Metric=0.0549, Entropy Metric=0.0157]

Epoch 7:  94%|█████████▍| 30/32 [00:04<00:00,  6.91it/s][A
Training Epochs:   7%|▋         | 7/100 [00:33<07:06,  4.58s/it, -ELBO=2.3407, Potential Metric=0.0662, Entropy Metric=0.0161]

Epoch 7:  97%|█████████▋| 31/32 [00:04<00:00,  6.84it/s][A
Training Epochs:   7%|▋         | 7/100 [00:34<07:06,  4.58s/it, -ELBO=2.3728, Potential Metric=0.0623, Entropy Metric=0.0167]

Epoch 7: 100%|██████████| 32/32 [00:04<00:00,  6.79it/s][A

                                                        [A
Training Epochs:   8%|▊         | 8/100 [00:34<07:06,  4.63s/it, -ELBO=2.3728, Potential Metric=0.0623, Entropy Metric=0.0167]

Epoch 8:   0%|          | 0/32 [00:00<?, ?it/s][A
Training Epochs:   8%|▊         | 8/100 [00:34<07:06,  4.63s/it, -ELBO=2.5324, Potential Metric=0.0690, Entropy Metric=0.0169]

Epoch 8:   3%|▎         | 1/32 [00:00<00:05,  5.55it/s][A
Training Epochs:   8%|▊         | 8/100 [00:34<07:06,  4.63s/it, -ELBO=2.2838, Potential Metric=0.0696, Entropy Metric=0.0172]

Epoch 8:   6%|▋         | 2/32 [00:00<00:04,  6.17it/s][A
Training Epochs:   8%|▊         | 8/100 [00:34<07:06,  4.63s/it, -ELBO=2.3268, Potential Metric=0.0624, Entropy Metric=0.0160]

Epoch 8:   9%|▉         | 3/32 [00:00<00:04,  6.39it/s][A
Training Epochs:   8%|▊         | 8/100 [00:34<07:06,  4.63s/it, -ELBO=2.8835, Potential Metric=0.0635, Entropy Metric=0.0148]

Epoch 8:  12%|█▎        | 4/32 [00:00<00:04,  6.61it/s][A
Training Epochs:   8%|▊         | 8/100 [00:35<07:06,  4.63s/it, -ELBO=2.1611, Potential Metric=0.0529, Entropy Metric=0.0162]

Epoch 8:  16%|█▌        | 5/32 [00:00<00:04,  6.67it/s][A
Training Epochs:   8%|▊         | 8/100 [00:35<07:06,  4.63s/it, -ELBO=2.1686, Potential Metric=0.0578, Entropy Metric=0.0167]

Epoch 8:  19%|█▉        | 6/32 [00:00<00:03,  6.63it/s][A
Training Epochs:   8%|▊         | 8/100 [00:35<07:06,  4.63s/it, -ELBO=2.2209, Potential Metric=0.0552, Entropy Metric=0.0157]

Epoch 8:  22%|██▏       | 7/32 [00:01<00:03,  6.53it/s][A
Training Epochs:   8%|▊         | 8/100 [00:35<07:06,  4.63s/it, -ELBO=2.5938, Potential Metric=0.0649, Entropy Metric=0.0157]

Epoch 8:  25%|██▌       | 8/32 [00:01<00:03,  6.56it/s][A
Training Epochs:   8%|▊         | 8/100 [00:35<07:06,  4.63s/it, -ELBO=2.1673, Potential Metric=0.0626, Entropy Metric=0.0158]

Epoch 8:  28%|██▊       | 9/32 [00:01<00:03,  6.59it/s][A
Training Epochs:   8%|▊         | 8/100 [00:35<07:06,  4.63s/it, -ELBO=2.3296, Potential Metric=0.0600, Entropy Metric=0.0160]

Epoch 8:  31%|███▏      | 10/32 [00:01<00:03,  6.65it/s][A
Training Epochs:   8%|▊         | 8/100 [00:35<07:06,  4.63s/it, -ELBO=2.3062, Potential Metric=0.0618, Entropy Metric=0.0178]

Epoch 8:  34%|███▍      | 11/32 [00:01<00:03,  6.52it/s][A
Training Epochs:   8%|▊         | 8/100 [00:36<07:06,  4.63s/it, -ELBO=1.7831, Potential Metric=0.0595, Entropy Metric=0.0172]

Epoch 8:  38%|███▊      | 12/32 [00:01<00:03,  6.65it/s][A
Training Epochs:   8%|▊         | 8/100 [00:36<07:06,  4.63s/it, -ELBO=2.4861, Potential Metric=0.0631, Entropy Metric=0.0184]

Epoch 8:  41%|████      | 13/32 [00:01<00:02,  6.60it/s][A
Training Epochs:   8%|▊         | 8/100 [00:36<07:06,  4.63s/it, -ELBO=2.3199, Potential Metric=0.0585, Entropy Metric=0.0188]

Epoch 8:  44%|████▍     | 14/32 [00:02<00:02,  6.59it/s][A
Training Epochs:   8%|▊         | 8/100 [00:36<07:06,  4.63s/it, -ELBO=2.1802, Potential Metric=0.0556, Entropy Metric=0.0176]

Epoch 8:  47%|████▋     | 15/32 [00:02<00:02,  6.48it/s][A
Training Epochs:   8%|▊         | 8/100 [00:36<07:06,  4.63s/it, -ELBO=2.1097, Potential Metric=0.0587, Entropy Metric=0.0176]

Epoch 8:  50%|█████     | 16/32 [00:02<00:02,  6.45it/s][A
Training Epochs:   8%|▊         | 8/100 [00:36<07:06,  4.63s/it, -ELBO=2.2085, Potential Metric=0.0545, Entropy Metric=0.0166]

Epoch 8:  53%|█████▎    | 17/32 [00:02<00:02,  6.44it/s][A
Training Epochs:   8%|▊         | 8/100 [00:36<07:06,  4.63s/it, -ELBO=2.1401, Potential Metric=0.0566, Entropy Metric=0.0171]

Epoch 8:  56%|█████▋    | 18/32 [00:02<00:02,  6.52it/s][A
Training Epochs:   8%|▊         | 8/100 [00:37<07:06,  4.63s/it, -ELBO=2.1808, Potential Metric=0.0655, Entropy Metric=0.0179]

Epoch 8:  59%|█████▉    | 19/32 [00:02<00:01,  6.55it/s][A
Training Epochs:   8%|▊         | 8/100 [00:37<07:06,  4.63s/it, -ELBO=2.2348, Potential Metric=0.0628, Entropy Metric=0.0176]

Epoch 8:  62%|██████▎   | 20/32 [00:03<00:01,  6.60it/s][A
Training Epochs:   8%|▊         | 8/100 [00:37<07:06,  4.63s/it, -ELBO=2.3057, Potential Metric=0.0607, Entropy Metric=0.0189]

Epoch 8:  66%|██████▌   | 21/32 [00:03<00:01,  6.54it/s][A
Training Epochs:   8%|▊         | 8/100 [00:37<07:06,  4.63s/it, -ELBO=2.7098, Potential Metric=0.0693, Entropy Metric=0.0166]

Epoch 8:  69%|██████▉   | 22/32 [00:03<00:01,  6.50it/s][A
Training Epochs:   8%|▊         | 8/100 [00:37<07:06,  4.63s/it, -ELBO=2.2740, Potential Metric=0.0659, Entropy Metric=0.0159]

Epoch 8:  72%|███████▏  | 23/32 [00:03<00:01,  6.49it/s][A
Training Epochs:   8%|▊         | 8/100 [00:37<07:06,  4.63s/it, -ELBO=2.4088, Potential Metric=0.0599, Entropy Metric=0.0145]

Epoch 8:  75%|███████▌  | 24/32 [00:03<00:01,  6.32it/s][A
Training Epochs:   8%|▊         | 8/100 [00:38<07:06,  4.63s/it, -ELBO=2.4524, Potential Metric=0.0496, Entropy Metric=0.0155]

Epoch 8:  78%|███████▊  | 25/32 [00:03<00:01,  6.45it/s][A
Training Epochs:   8%|▊         | 8/100 [00:38<07:06,  4.63s/it, -ELBO=2.2098, Potential Metric=0.0642, Entropy Metric=0.0151]

Epoch 8:  81%|████████▏ | 26/32 [00:04<00:00,  6.24it/s][A
Training Epochs:   8%|▊         | 8/100 [00:38<07:06,  4.63s/it, -ELBO=2.3295, Potential Metric=0.0706, Entropy Metric=0.0165]

Epoch 8:  84%|████████▍ | 27/32 [00:04<00:00,  6.37it/s][A
Training Epochs:   8%|▊         | 8/100 [00:38<07:06,  4.63s/it, -ELBO=2.2706, Potential Metric=0.0594, Entropy Metric=0.0170]

Epoch 8:  88%|████████▊ | 28/32 [00:04<00:00,  6.22it/s][A
Training Epochs:   8%|▊         | 8/100 [00:38<07:06,  4.63s/it, -ELBO=2.1109, Potential Metric=0.0641, Entropy Metric=0.0177]

Epoch 8:  91%|█████████ | 29/32 [00:04<00:00,  6.13it/s][A
Training Epochs:   8%|▊         | 8/100 [00:38<07:06,  4.63s/it, -ELBO=2.4928, Potential Metric=0.0621, Entropy Metric=0.0164]

Epoch 8:  94%|█████████▍| 30/32 [00:04<00:00,  6.04it/s][A
Training Epochs:   8%|▊         | 8/100 [00:39<07:06,  4.63s/it, -ELBO=2.3377, Potential Metric=0.0678, Entropy Metric=0.0169]

Epoch 8:  97%|█████████▋| 31/32 [00:04<00:00,  6.19it/s][A
Training Epochs:   8%|▊         | 8/100 [00:39<07:06,  4.63s/it, -ELBO=2.3781, Potential Metric=0.0698, Entropy Metric=0.0163]

Epoch 8: 100%|██████████| 32/32 [00:05<00:00,  5.99it/s][A

                                                        [A
Training Epochs:   9%|▉         | 9/100 [00:39<07:17,  4.81s/it, -ELBO=2.3781, Potential Metric=0.0698, Entropy Metric=0.0163]

Epoch 9:   0%|          | 0/32 [00:00<?, ?it/s][A
Training Epochs:   9%|▉         | 9/100 [00:39<07:17,  4.81s/it, -ELBO=2.2999, Potential Metric=0.0606, Entropy Metric=0.0157]

Epoch 9:   3%|▎         | 1/32 [00:00<00:05,  5.33it/s][A
Training Epochs:   9%|▉         | 9/100 [00:39<07:17,  4.81s/it, -ELBO=2.0036, Potential Metric=0.0593, Entropy Metric=0.0163]

Epoch 9:   6%|▋         | 2/32 [00:00<00:05,  5.87it/s][A
Training Epochs:   9%|▉         | 9/100 [00:39<07:17,  4.81s/it, -ELBO=2.2299, Potential Metric=0.0526, Entropy Metric=0.0174]

Epoch 9:   9%|▉         | 3/32 [00:00<00:04,  6.38it/s][A
Training Epochs:   9%|▉         | 9/100 [00:40<07:17,  4.81s/it, -ELBO=2.1450, Potential Metric=0.0694, Entropy Metric=0.0187]

Epoch 9:  12%|█▎        | 4/32 [00:00<00:04,  6.39it/s][A
Training Epochs:   9%|▉         | 9/100 [00:40<07:17,  4.81s/it, -ELBO=1.9363, Potential Metric=0.0572, Entropy Metric=0.0171]

Epoch 9:  16%|█▌        | 5/32 [00:00<00:04,  6.51it/s][A
Training Epochs:   9%|▉         | 9/100 [00:40<07:17,  4.81s/it, -ELBO=2.1265, Potential Metric=0.0587, Entropy Metric=0.0171]

Epoch 9:  19%|█▉        | 6/32 [00:00<00:03,  6.54it/s][A
Training Epochs:   9%|▉         | 9/100 [00:40<07:17,  4.81s/it, -ELBO=2.1511, Potential Metric=0.0558, Entropy Metric=0.0170]

Epoch 9:  22%|██▏       | 7/32 [00:01<00:03,  6.56it/s][A
Training Epochs:   9%|▉         | 9/100 [00:40<07:17,  4.81s/it, -ELBO=2.5019, Potential Metric=0.0550, Entropy Metric=0.0171]

Epoch 9:  25%|██▌       | 8/32 [00:01<00:03,  6.47it/s][A
Training Epochs:   9%|▉         | 9/100 [00:40<07:17,  4.81s/it, -ELBO=2.2863, Potential Metric=0.0552, Entropy Metric=0.0192]

Epoch 9:  28%|██▊       | 9/32 [00:01<00:03,  6.50it/s][A
Training Epochs:   9%|▉         | 9/100 [00:40<07:17,  4.81s/it, -ELBO=2.4177, Potential Metric=0.0568, Entropy Metric=0.0166]

Epoch 9:  31%|███▏      | 10/32 [00:01<00:03,  6.52it/s][A
Training Epochs:   9%|▉         | 9/100 [00:41<07:17,  4.81s/it, -ELBO=2.1683, Potential Metric=0.0590, Entropy Metric=0.0183]

Epoch 9:  34%|███▍      | 11/32 [00:01<00:03,  6.56it/s][A
Training Epochs:   9%|▉         | 9/100 [00:41<07:17,  4.81s/it, -ELBO=2.3291, Potential Metric=0.0583, Entropy Metric=0.0191]

Epoch 9:  38%|███▊      | 12/32 [00:01<00:02,  6.67it/s][A
Training Epochs:   9%|▉         | 9/100 [00:41<07:17,  4.81s/it, -ELBO=2.3023, Potential Metric=0.0666, Entropy Metric=0.0209]

Epoch 9:  41%|████      | 13/32 [00:02<00:02,  6.67it/s][A
Training Epochs:   9%|▉         | 9/100 [00:41<07:17,  4.81s/it, -ELBO=2.1658, Potential Metric=0.0588, Entropy Metric=0.0209]

Epoch 9:  44%|████▍     | 14/32 [00:02<00:02,  6.53it/s][A
Training Epochs:   9%|▉         | 9/100 [00:41<07:17,  4.81s/it, -ELBO=1.9190, Potential Metric=0.0629, Entropy Metric=0.0198]

Epoch 9:  47%|████▋     | 15/32 [00:02<00:02,  6.32it/s][A
Training Epochs:   9%|▉         | 9/100 [00:41<07:17,  4.81s/it, -ELBO=2.2105, Potential Metric=0.0664, Entropy Metric=0.0197]

Epoch 9:  50%|█████     | 16/32 [00:02<00:02,  6.34it/s][A
Training Epochs:   9%|▉         | 9/100 [00:42<07:17,  4.81s/it, -ELBO=2.3207, Potential Metric=0.0577, Entropy Metric=0.0196]

Epoch 9:  53%|█████▎    | 17/32 [00:02<00:02,  6.30it/s][A
Training Epochs:   9%|▉         | 9/100 [00:42<07:17,  4.81s/it, -ELBO=2.1922, Potential Metric=0.0661, Entropy Metric=0.0185]

Epoch 9:  56%|█████▋    | 18/32 [00:02<00:02,  6.34it/s][A
Training Epochs:   9%|▉         | 9/100 [00:42<07:17,  4.81s/it, -ELBO=2.4946, Potential Metric=0.0668, Entropy Metric=0.0195]

Epoch 9:  59%|█████▉    | 19/32 [00:02<00:02,  6.45it/s][A
Training Epochs:   9%|▉         | 9/100 [00:42<07:17,  4.81s/it, -ELBO=2.3326, Potential Metric=0.0697, Entropy Metric=0.0202]

Epoch 9:  62%|██████▎   | 20/32 [00:03<00:01,  6.37it/s][A
Training Epochs:   9%|▉         | 9/100 [00:42<07:17,  4.81s/it, -ELBO=2.3729, Potential Metric=0.0638, Entropy Metric=0.0198]

Epoch 9:  66%|██████▌   | 21/32 [00:03<00:01,  6.48it/s][A
Training Epochs:   9%|▉         | 9/100 [00:42<07:17,  4.81s/it, -ELBO=1.9825, Potential Metric=0.0577, Entropy Metric=0.0191]

Epoch 9:  69%|██████▉   | 22/32 [00:03<00:01,  6.40it/s][A
Training Epochs:   9%|▉         | 9/100 [00:42<07:17,  4.81s/it, -ELBO=2.2759, Potential Metric=0.0609, Entropy Metric=0.0196]

Epoch 9:  72%|███████▏  | 23/32 [00:03<00:01,  6.31it/s][A
Training Epochs:   9%|▉         | 9/100 [00:43<07:17,  4.81s/it, -ELBO=2.1229, Potential Metric=0.0638, Entropy Metric=0.0184]

Epoch 9:  75%|███████▌  | 24/32 [00:03<00:01,  6.43it/s][A
Training Epochs:   9%|▉         | 9/100 [00:43<07:17,  4.81s/it, -ELBO=2.2695, Potential Metric=0.0658, Entropy Metric=0.0195]

Epoch 9:  78%|███████▊  | 25/32 [00:03<00:01,  6.41it/s][A
Training Epochs:   9%|▉         | 9/100 [00:43<07:17,  4.81s/it, -ELBO=2.4165, Potential Metric=0.0719, Entropy Metric=0.0184]

Epoch 9:  81%|████████▏ | 26/32 [00:04<00:00,  6.35it/s][A
Training Epochs:   9%|▉         | 9/100 [00:43<07:17,  4.81s/it, -ELBO=2.2786, Potential Metric=0.0765, Entropy Metric=0.0181]

Epoch 9:  84%|████████▍ | 27/32 [00:04<00:00,  6.37it/s][A
Training Epochs:   9%|▉         | 9/100 [00:43<07:17,  4.81s/it, -ELBO=2.2402, Potential Metric=0.0626, Entropy Metric=0.0203]

Epoch 9:  88%|████████▊ | 28/32 [00:04<00:00,  6.36it/s][A
Training Epochs:   9%|▉         | 9/100 [00:43<07:17,  4.81s/it, -ELBO=2.0619, Potential Metric=0.0604, Entropy Metric=0.0209]

Epoch 9:  91%|█████████ | 29/32 [00:04<00:00,  6.19it/s][A
Training Epochs:   9%|▉         | 9/100 [00:44<07:17,  4.81s/it, -ELBO=2.2708, Potential Metric=0.0605, Entropy Metric=0.0221]

Epoch 9:  94%|█████████▍| 30/32 [00:04<00:00,  6.04it/s][A
Training Epochs:   9%|▉         | 9/100 [00:44<07:17,  4.81s/it, -ELBO=2.4389, Potential Metric=0.0602, Entropy Metric=0.0213]

Epoch 9:  97%|█████████▋| 31/32 [00:04<00:00,  6.10it/s][A
Training Epochs:   9%|▉         | 9/100 [00:44<07:17,  4.81s/it, -ELBO=2.2495, Potential Metric=0.0522, Entropy Metric=0.0209]

Epoch 9: 100%|██████████| 32/32 [00:05<00:00,  6.22it/s][A

                                                        [A
Training Epochs:  10%|█         | 10/100 [00:44<07:23,  4.93s/it, -ELBO=2.2495, Potential Metric=0.0522, Entropy Metric=0.0209]

Epoch 10:   0%|          | 0/32 [00:00<?, ?it/s][A
Training Epochs:  10%|█         | 10/100 [00:44<07:23,  4.93s/it, -ELBO=2.3314, Potential Metric=0.0582, Entropy Metric=0.0208]

Epoch 10:   3%|▎         | 1/32 [00:00<00:05,  5.27it/s][A
Training Epochs:  10%|█         | 10/100 [00:45<07:23,  4.93s/it, -ELBO=2.2682, Potential Metric=0.0525, Entropy Metric=0.0197]

Epoch 10:   6%|▋         | 2/32 [00:00<00:07,  4.02it/s][A
Training Epochs:  10%|█         | 10/100 [00:45<07:23,  4.93s/it, -ELBO=2.2918, Potential Metric=0.0466, Entropy Metric=0.0211]

Epoch 10:   9%|▉         | 3/32 [00:00<00:05,  4.85it/s][A
Training Epochs:  10%|█         | 10/100 [00:45<07:23,  4.93s/it, -ELBO=2.0472, Potential Metric=0.0500, Entropy Metric=0.0197]

Epoch 10:  12%|█▎        | 4/32 [00:00<00:05,  5.60it/s][A
Training Epochs:  10%|█         | 10/100 [00:45<07:23,  4.93s/it, -ELBO=2.2382, Potential Metric=0.0482, Entropy Metric=0.0209]

Epoch 10:  16%|█▌        | 5/32 [00:00<00:04,  5.91it/s][A
Training Epochs:  10%|█         | 10/100 [00:45<07:23,  4.93s/it, -ELBO=2.3048, Potential Metric=0.0556, Entropy Metric=0.0208]

Epoch 10:  19%|█▉        | 6/32 [00:01<00:04,  5.93it/s][A
Training Epochs:  10%|█         | 10/100 [00:45<07:23,  4.93s/it, -ELBO=2.0231, Potential Metric=0.0610, Entropy Metric=0.0201]

Epoch 10:  22%|██▏       | 7/32 [00:01<00:04,  6.16it/s][A
Training Epochs:  10%|█         | 10/100 [00:46<07:23,  4.93s/it, -ELBO=2.2953, Potential Metric=0.0609, Entropy Metric=0.0191]

Epoch 10:  25%|██▌       | 8/32 [00:01<00:03,  6.18it/s][A
Training Epochs:  10%|█         | 10/100 [00:46<07:23,  4.93s/it, -ELBO=2.0685, Potential Metric=0.0674, Entropy Metric=0.0213]

Epoch 10:  28%|██▊       | 9/32 [00:01<00:03,  6.11it/s][A
Training Epochs:  10%|█         | 10/100 [00:46<07:23,  4.93s/it, -ELBO=2.1111, Potential Metric=0.0698, Entropy Metric=0.0199]

Epoch 10:  31%|███▏      | 10/32 [00:01<00:03,  6.22it/s][A
Training Epochs:  10%|█         | 10/100 [00:46<07:23,  4.93s/it, -ELBO=2.1125, Potential Metric=0.0561, Entropy Metric=0.0196]

Epoch 10:  34%|███▍      | 11/32 [00:01<00:03,  6.35it/s][A
Training Epochs:  10%|█         | 10/100 [00:46<07:23,  4.93s/it, -ELBO=2.1111, Potential Metric=0.0742, Entropy Metric=0.0188]

Epoch 10:  38%|███▊      | 12/32 [00:02<00:03,  6.33it/s][A
Training Epochs:  10%|█         | 10/100 [00:46<07:23,  4.93s/it, -ELBO=2.3022, Potential Metric=0.0703, Entropy Metric=0.0180]

Epoch 10:  41%|████      | 13/32 [00:02<00:03,  6.29it/s][A
Training Epochs:  10%|█         | 10/100 [00:46<07:23,  4.93s/it, -ELBO=2.3582, Potential Metric=0.0640, Entropy Metric=0.0195]

Epoch 10:  44%|████▍     | 14/32 [00:02<00:02,  6.17it/s][A
Training Epochs:  10%|█         | 10/100 [00:47<07:23,  4.93s/it, -ELBO=2.0181, Potential Metric=0.0711, Entropy Metric=0.0202]

Epoch 10:  47%|████▋     | 15/32 [00:02<00:02,  6.18it/s][A
Training Epochs:  10%|█         | 10/100 [00:47<07:23,  4.93s/it, -ELBO=2.0967, Potential Metric=0.0611, Entropy Metric=0.0207]

Epoch 10:  50%|█████     | 16/32 [00:02<00:02,  5.94it/s][A
Training Epochs:  10%|█         | 10/100 [00:47<07:23,  4.93s/it, -ELBO=2.2255, Potential Metric=0.0616, Entropy Metric=0.0210]

Epoch 10:  53%|█████▎    | 17/32 [00:02<00:02,  5.84it/s][A
Training Epochs:  10%|█         | 10/100 [00:47<07:23,  4.93s/it, -ELBO=2.3023, Potential Metric=0.0615, Entropy Metric=0.0201]

Epoch 10:  56%|█████▋    | 18/32 [00:03<00:02,  5.94it/s][A
Training Epochs:  10%|█         | 10/100 [00:47<07:23,  4.93s/it, -ELBO=2.1457, Potential Metric=0.0647, Entropy Metric=0.0194]

Epoch 10:  59%|█████▉    | 19/32 [00:03<00:02,  6.00it/s][A
Training Epochs:  10%|█         | 10/100 [00:48<07:23,  4.93s/it, -ELBO=2.3141, Potential Metric=0.0572, Entropy Metric=0.0197]

Epoch 10:  62%|██████▎   | 20/32 [00:03<00:02,  5.89it/s][A
Training Epochs:  10%|█         | 10/100 [00:48<07:23,  4.93s/it, -ELBO=2.0389, Potential Metric=0.0663, Entropy Metric=0.0199]

Epoch 10:  66%|██████▌   | 21/32 [00:03<00:01,  5.98it/s][A
Training Epochs:  10%|█         | 10/100 [00:48<07:23,  4.93s/it, -ELBO=2.1248, Potential Metric=0.0586, Entropy Metric=0.0183]

Epoch 10:  69%|██████▉   | 22/32 [00:03<00:01,  5.92it/s][A
Training Epochs:  10%|█         | 10/100 [00:48<07:23,  4.93s/it, -ELBO=2.2096, Potential Metric=0.0645, Entropy Metric=0.0206]

Epoch 10:  72%|███████▏  | 23/32 [00:03<00:01,  5.98it/s][A
Training Epochs:  10%|█         | 10/100 [00:48<07:23,  4.93s/it, -ELBO=2.4835, Potential Metric=0.0617, Entropy Metric=0.0203]

Epoch 10:  75%|███████▌  | 24/32 [00:04<00:01,  5.92it/s][A
Training Epochs:  10%|█         | 10/100 [00:48<07:23,  4.93s/it, -ELBO=2.2948, Potential Metric=0.0633, Entropy Metric=0.0202]

Epoch 10:  78%|███████▊  | 25/32 [00:04<00:01,  5.84it/s][A
Training Epochs:  10%|█         | 10/100 [00:49<07:23,  4.93s/it, -ELBO=2.0392, Potential Metric=0.0619, Entropy Metric=0.0201]

Epoch 10:  81%|████████▏ | 26/32 [00:04<00:01,  5.92it/s][A
Training Epochs:  10%|█         | 10/100 [00:49<07:23,  4.93s/it, -ELBO=2.2466, Potential Metric=0.0683, Entropy Metric=0.0197]

Epoch 10:  84%|████████▍ | 27/32 [00:04<00:00,  5.97it/s][A
Training Epochs:  10%|█         | 10/100 [00:49<07:23,  4.93s/it, -ELBO=1.8094, Potential Metric=0.0592, Entropy Metric=0.0206]

Epoch 10:  88%|████████▊ | 28/32 [00:04<00:00,  5.96it/s][A
Training Epochs:  10%|█         | 10/100 [00:49<07:23,  4.93s/it, -ELBO=2.0962, Potential Metric=0.0665, Entropy Metric=0.0199]

Epoch 10:  91%|█████████ | 29/32 [00:04<00:00,  5.91it/s][A
Training Epochs:  10%|█         | 10/100 [00:49<07:23,  4.93s/it, -ELBO=2.0360, Potential Metric=0.0596, Entropy Metric=0.0208]

Epoch 10:  94%|█████████▍| 30/32 [00:05<00:00,  5.84it/s][A
Training Epochs:  10%|█         | 10/100 [00:49<07:23,  4.93s/it, -ELBO=2.0232, Potential Metric=0.0588, Entropy Metric=0.0229]

Epoch 10:  97%|█████████▋| 31/32 [00:05<00:00,  5.76it/s][A
Training Epochs:  10%|█         | 10/100 [00:50<07:23,  4.93s/it, -ELBO=1.8285, Potential Metric=0.0634, Entropy Metric=0.0225]

Epoch 10: 100%|██████████| 32/32 [00:05<00:00,  5.68it/s][A

                                                         [A
Training Epochs:  11%|█         | 11/100 [00:50<07:37,  5.14s/it, -ELBO=1.8285, Potential Metric=0.0634, Entropy Metric=0.0225]

Epoch 11:   0%|          | 0/32 [00:00<?, ?it/s][A
Training Epochs:  11%|█         | 11/100 [00:50<07:37,  5.14s/it, -ELBO=2.3414, Potential Metric=0.0595, Entropy Metric=0.0216]

Epoch 11:   3%|▎         | 1/32 [00:00<00:06,  4.68it/s][A
Training Epochs:  11%|█         | 11/100 [00:50<07:37,  5.14s/it, -ELBO=2.0380, Potential Metric=0.0745, Entropy Metric=0.0207]

Epoch 11:   6%|▋         | 2/32 [00:00<00:05,  5.52it/s][A
Training Epochs:  11%|█         | 11/100 [00:50<07:37,  5.14s/it, -ELBO=2.2171, Potential Metric=0.0619, Entropy Metric=0.0203]

Epoch 11:   9%|▉         | 3/32 [00:00<00:05,  5.78it/s][A
Training Epochs:  11%|█         | 11/100 [00:50<07:37,  5.14s/it, -ELBO=2.2410, Potential Metric=0.0620, Entropy Metric=0.0195]

Epoch 11:  12%|█▎        | 4/32 [00:00<00:04,  5.84it/s][A
Training Epochs:  11%|█         | 11/100 [00:51<07:37,  5.14s/it, -ELBO=2.0194, Potential Metric=0.0621, Entropy Metric=0.0191]

Epoch 11:  16%|█▌        | 5/32 [00:00<00:04,  5.97it/s][A
Training Epochs:  11%|█         | 11/100 [00:51<07:37,  5.14s/it, -ELBO=2.4854, Potential Metric=0.0690, Entropy Metric=0.0191]

Epoch 11:  19%|█▉        | 6/32 [00:01<00:04,  6.14it/s][A
Training Epochs:  11%|█         | 11/100 [00:51<07:37,  5.14s/it, -ELBO=1.9953, Potential Metric=0.0762, Entropy Metric=0.0183]

Epoch 11:  22%|██▏       | 7/32 [00:01<00:03,  6.27it/s][A
Training Epochs:  11%|█         | 11/100 [00:51<07:37,  5.14s/it, -ELBO=1.9446, Potential Metric=0.0648, Entropy Metric=0.0209]

Epoch 11:  25%|██▌       | 8/32 [00:01<00:03,  6.26it/s][A
Training Epochs:  11%|█         | 11/100 [00:51<07:37,  5.14s/it, -ELBO=1.9944, Potential Metric=0.0634, Entropy Metric=0.0198]

Epoch 11:  28%|██▊       | 9/32 [00:01<00:03,  6.20it/s][A
Training Epochs:  11%|█         | 11/100 [00:51<07:37,  5.14s/it, -ELBO=1.8787, Potential Metric=0.0600, Entropy Metric=0.0227]

Epoch 11:  31%|███▏      | 10/32 [00:01<00:03,  6.05it/s][A
Training Epochs:  11%|█         | 11/100 [00:52<07:37,  5.14s/it, -ELBO=2.2199, Potential Metric=0.0597, Entropy Metric=0.0224]

Epoch 11:  34%|███▍      | 11/32 [00:01<00:03,  6.07it/s][A
Training Epochs:  11%|█         | 11/100 [00:52<07:37,  5.14s/it, -ELBO=1.9559, Potential Metric=0.0697, Entropy Metric=0.0235]

Epoch 11:  38%|███▊      | 12/32 [00:01<00:03,  6.18it/s][A
Training Epochs:  11%|█         | 11/100 [00:52<07:37,  5.14s/it, -ELBO=2.0132, Potential Metric=0.0663, Entropy Metric=0.0216]

Epoch 11:  41%|████      | 13/32 [00:02<00:03,  6.17it/s][A
Training Epochs:  11%|█         | 11/100 [00:52<07:37,  5.14s/it, -ELBO=1.9894, Potential Metric=0.0705, Entropy Metric=0.0215]

Epoch 11:  44%|████▍     | 14/32 [00:02<00:02,  6.24it/s][A
Training Epochs:  11%|█         | 11/100 [00:52<07:37,  5.14s/it, -ELBO=1.9920, Potential Metric=0.0747, Entropy Metric=0.0208]

Epoch 11:  47%|████▋     | 15/32 [00:02<00:02,  6.00it/s][A
Training Epochs:  11%|█         | 11/100 [00:52<07:37,  5.14s/it, -ELBO=2.0225, Potential Metric=0.0756, Entropy Metric=0.0224]

Epoch 11:  50%|█████     | 16/32 [00:02<00:02,  6.09it/s][A
Training Epochs:  11%|█         | 11/100 [00:53<07:37,  5.14s/it, -ELBO=2.1236, Potential Metric=0.0679, Entropy Metric=0.0212]

Epoch 11:  53%|█████▎    | 17/32 [00:02<00:02,  6.06it/s][A
Training Epochs:  11%|█         | 11/100 [00:53<07:37,  5.14s/it, -ELBO=2.1977, Potential Metric=0.0655, Entropy Metric=0.0228]

Epoch 11:  56%|█████▋    | 18/32 [00:02<00:02,  5.97it/s][A
Training Epochs:  11%|█         | 11/100 [00:53<07:37,  5.14s/it, -ELBO=2.3218, Potential Metric=0.0706, Entropy Metric=0.0225]

Epoch 11:  59%|█████▉    | 19/32 [00:03<00:02,  6.15it/s][A
Training Epochs:  11%|█         | 11/100 [00:53<07:37,  5.14s/it, -ELBO=2.1232, Potential Metric=0.0606, Entropy Metric=0.0233]

Epoch 11:  62%|██████▎   | 20/32 [00:03<00:01,  6.13it/s][A
Training Epochs:  11%|█         | 11/100 [00:53<07:37,  5.14s/it, -ELBO=2.1166, Potential Metric=0.0676, Entropy Metric=0.0248]

Epoch 11:  66%|██████▌   | 21/32 [00:03<00:01,  6.19it/s][A
Training Epochs:  11%|█         | 11/100 [00:53<07:37,  5.14s/it, -ELBO=1.8804, Potential Metric=0.0561, Entropy Metric=0.0261]

Epoch 11:  69%|██████▉   | 22/32 [00:03<00:01,  6.02it/s][A
Training Epochs:  11%|█         | 11/100 [00:54<07:37,  5.14s/it, -ELBO=2.0778, Potential Metric=0.0620, Entropy Metric=0.0242]

Epoch 11:  72%|███████▏  | 23/32 [00:03<00:01,  6.14it/s][A
Training Epochs:  11%|█         | 11/100 [00:54<07:37,  5.14s/it, -ELBO=1.9501, Potential Metric=0.0717, Entropy Metric=0.0258]

Epoch 11:  75%|███████▌  | 24/32 [00:03<00:01,  6.10it/s][A
Training Epochs:  11%|█         | 11/100 [00:54<07:37,  5.14s/it, -ELBO=2.1842, Potential Metric=0.0662, Entropy Metric=0.0240]

Epoch 11:  78%|███████▊  | 25/32 [00:04<00:01,  6.19it/s][A
Training Epochs:  11%|█         | 11/100 [00:54<07:37,  5.14s/it, -ELBO=2.0085, Potential Metric=0.0698, Entropy Metric=0.0256]

Epoch 11:  81%|████████▏ | 26/32 [00:04<00:00,  6.34it/s][A
Training Epochs:  11%|█         | 11/100 [00:54<07:37,  5.14s/it, -ELBO=2.0554, Potential Metric=0.0600, Entropy Metric=0.0264]

Epoch 11:  84%|████████▍ | 27/32 [00:04<00:00,  6.35it/s][A
Training Epochs:  11%|█         | 11/100 [00:54<07:37,  5.14s/it, -ELBO=2.1225, Potential Metric=0.0529, Entropy Metric=0.0247]

Epoch 11:  88%|████████▊ | 28/32 [00:04<00:00,  6.34it/s][A
Training Epochs:  11%|█         | 11/100 [00:54<07:37,  5.14s/it, -ELBO=2.1084, Potential Metric=0.0609, Entropy Metric=0.0239]

Epoch 11:  91%|█████████ | 29/32 [00:04<00:00,  6.23it/s][A
Training Epochs:  11%|█         | 11/100 [00:55<07:37,  5.14s/it, -ELBO=2.0636, Potential Metric=0.0683, Entropy Metric=0.0236]

Epoch 11:  94%|█████████▍| 30/32 [00:04<00:00,  6.32it/s][A
Training Epochs:  11%|█         | 11/100 [00:55<07:37,  5.14s/it, -ELBO=2.0689, Potential Metric=0.0612, Entropy Metric=0.0221]

Epoch 11:  97%|█████████▋| 31/32 [00:05<00:00,  6.15it/s][A
Training Epochs:  11%|█         | 11/100 [00:55<07:37,  5.14s/it, -ELBO=2.1675, Potential Metric=0.0734, Entropy Metric=0.0234]

Epoch 11: 100%|██████████| 32/32 [00:05<00:00,  6.15it/s][A

                                                         [A
Training Epochs:  12%|█▏        | 12/100 [00:55<07:39,  5.23s/it, -ELBO=2.1675, Potential Metric=0.0734, Entropy Metric=0.0234]

Epoch 12:   0%|          | 0/32 [00:00<?, ?it/s][A
Training Epochs:  12%|█▏        | 12/100 [00:55<07:39,  5.23s/it, -ELBO=2.0647, Potential Metric=0.0597, Entropy Metric=0.0223]

Epoch 12:   3%|▎         | 1/32 [00:00<00:06,  4.70it/s][A
Training Epochs:  12%|█▏        | 12/100 [00:56<07:39,  5.23s/it, -ELBO=2.0236, Potential Metric=0.0608, Entropy Metric=0.0236]

Epoch 12:   6%|▋         | 2/32 [00:00<00:05,  5.41it/s][A
Training Epochs:  12%|█▏        | 12/100 [00:56<07:39,  5.23s/it, -ELBO=1.9334, Potential Metric=0.0786, Entropy Metric=0.0215]

Epoch 12:   9%|▉         | 3/32 [00:00<00:05,  5.72it/s][A
Training Epochs:  12%|█▏        | 12/100 [00:56<07:39,  5.23s/it, -ELBO=2.2271, Potential Metric=0.0711, Entropy Metric=0.0216]

Epoch 12:  12%|█▎        | 4/32 [00:00<00:04,  5.77it/s][A
Training Epochs:  12%|█▏        | 12/100 [00:56<07:39,  5.23s/it, -ELBO=1.8323, Potential Metric=0.0634, Entropy Metric=0.0226]

Epoch 12:  16%|█▌        | 5/32 [00:00<00:04,  5.92it/s][A
Training Epochs:  12%|█▏        | 12/100 [00:56<07:39,  5.23s/it, -ELBO=2.0761, Potential Metric=0.0744, Entropy Metric=0.0237]

Epoch 12:  19%|█▉        | 6/32 [00:01<00:04,  6.03it/s][A
Training Epochs:  12%|█▏        | 12/100 [00:56<07:39,  5.23s/it, -ELBO=2.1010, Potential Metric=0.0719, Entropy Metric=0.0223]

Epoch 12:  22%|██▏       | 7/32 [00:01<00:04,  6.15it/s][A
Training Epochs:  12%|█▏        | 12/100 [00:57<07:39,  5.23s/it, -ELBO=2.0873, Potential Metric=0.0731, Entropy Metric=0.0239]

Epoch 12:  25%|██▌       | 8/32 [00:01<00:03,  6.21it/s][A
Training Epochs:  12%|█▏        | 12/100 [00:57<07:39,  5.23s/it, -ELBO=2.3050, Potential Metric=0.0814, Entropy Metric=0.0232]

Epoch 12:  28%|██▊       | 9/32 [00:01<00:03,  6.02it/s][A
Training Epochs:  12%|█▏        | 12/100 [00:57<07:39,  5.23s/it, -ELBO=1.8858, Potential Metric=0.0648, Entropy Metric=0.0220]

Epoch 12:  31%|███▏      | 10/32 [00:01<00:03,  5.99it/s][A
Training Epochs:  12%|█▏        | 12/100 [00:57<07:39,  5.23s/it, -ELBO=2.0735, Potential Metric=0.0757, Entropy Metric=0.0223]

Epoch 12:  34%|███▍      | 11/32 [00:01<00:03,  5.93it/s][A
Training Epochs:  12%|█▏        | 12/100 [00:57<07:39,  5.23s/it, -ELBO=2.2348, Potential Metric=0.0628, Entropy Metric=0.0214]

Epoch 12:  38%|███▊      | 12/32 [00:02<00:03,  5.90it/s][A
Training Epochs:  12%|█▏        | 12/100 [00:57<07:39,  5.23s/it, -ELBO=1.9310, Potential Metric=0.0668, Entropy Metric=0.0218]

Epoch 12:  41%|████      | 13/32 [00:02<00:03,  5.96it/s][A
Training Epochs:  12%|█▏        | 12/100 [00:58<07:39,  5.23s/it, -ELBO=1.7341, Potential Metric=0.0584, Entropy Metric=0.0245]

Epoch 12:  44%|████▍     | 14/32 [00:02<00:03,  5.97it/s][A
Training Epochs:  12%|█▏        | 12/100 [00:58<07:39,  5.23s/it, -ELBO=2.2593, Potential Metric=0.0658, Entropy Metric=0.0243]

Epoch 12:  47%|████▋     | 15/32 [00:02<00:02,  6.10it/s][A
Training Epochs:  12%|█▏        | 12/100 [00:58<07:39,  5.23s/it, -ELBO=2.3778, Potential Metric=0.0660, Entropy Metric=0.0254]

Epoch 12:  50%|█████     | 16/32 [00:02<00:02,  6.11it/s][A
Training Epochs:  12%|█▏        | 12/100 [00:58<07:39,  5.23s/it, -ELBO=2.0907, Potential Metric=0.0642, Entropy Metric=0.0253]

Epoch 12:  53%|█████▎    | 17/32 [00:02<00:02,  6.16it/s][A
Training Epochs:  12%|█▏        | 12/100 [00:58<07:39,  5.23s/it, -ELBO=1.9278, Potential Metric=0.0649, Entropy Metric=0.0262]

Epoch 12:  56%|█████▋    | 18/32 [00:03<00:02,  6.11it/s][A
Training Epochs:  12%|█▏        | 12/100 [00:58<07:39,  5.23s/it, -ELBO=2.0388, Potential Metric=0.0653, Entropy Metric=0.0262]

Epoch 12:  59%|█████▉    | 19/32 [00:03<00:02,  6.05it/s][A
Training Epochs:  12%|█▏        | 12/100 [00:59<07:39,  5.23s/it, -ELBO=2.1882, Potential Metric=0.0665, Entropy Metric=0.0257]

Epoch 12:  62%|██████▎   | 20/32 [00:03<00:01,  6.04it/s][A
Training Epochs:  12%|█▏        | 12/100 [00:59<07:39,  5.23s/it, -ELBO=1.8579, Potential Metric=0.0635, Entropy Metric=0.0275]

Epoch 12:  66%|██████▌   | 21/32 [00:03<00:01,  6.06it/s][A
Training Epochs:  12%|█▏        | 12/100 [00:59<07:39,  5.23s/it, -ELBO=1.9263, Potential Metric=0.0668, Entropy Metric=0.0268]

Epoch 12:  69%|██████▉   | 22/32 [00:03<00:01,  6.06it/s][A
Training Epochs:  12%|█▏        | 12/100 [00:59<07:39,  5.23s/it, -ELBO=1.7400, Potential Metric=0.0722, Entropy Metric=0.0274]

Epoch 12:  72%|███████▏  | 23/32 [00:03<00:01,  6.07it/s][A
Training Epochs:  12%|█▏        | 12/100 [00:59<07:39,  5.23s/it, -ELBO=1.8695, Potential Metric=0.0670, Entropy Metric=0.0263]

Epoch 12:  75%|███████▌  | 24/32 [00:04<00:01,  6.08it/s][A
Training Epochs:  12%|█▏        | 12/100 [00:59<07:39,  5.23s/it, -ELBO=1.8405, Potential Metric=0.0716, Entropy Metric=0.0274]

Epoch 12:  78%|███████▊  | 25/32 [00:04<00:01,  5.97it/s][A
Training Epochs:  12%|█▏        | 12/100 [01:00<07:39,  5.23s/it, -ELBO=1.8867, Potential Metric=0.0599, Entropy Metric=0.0256]

Epoch 12:  81%|████████▏ | 26/32 [00:04<00:01,  5.82it/s][A
Training Epochs:  12%|█▏        | 12/100 [01:00<07:39,  5.23s/it, -ELBO=1.9292, Potential Metric=0.0637, Entropy Metric=0.0249]

Epoch 12:  84%|████████▍ | 27/32 [00:04<00:00,  5.63it/s][A
Training Epochs:  12%|█▏        | 12/100 [01:00<07:39,  5.23s/it, -ELBO=2.1774, Potential Metric=0.0720, Entropy Metric=0.0235]

Epoch 12:  88%|████████▊ | 28/32 [00:04<00:00,  5.73it/s][A
Training Epochs:  12%|█▏        | 12/100 [01:00<07:39,  5.23s/it, -ELBO=2.0028, Potential Metric=0.0638, Entropy Metric=0.0241]

Epoch 12:  91%|█████████ | 29/32 [00:04<00:00,  5.84it/s][A
Training Epochs:  12%|█▏        | 12/100 [01:00<07:39,  5.23s/it, -ELBO=2.0439, Potential Metric=0.0658, Entropy Metric=0.0249]

Epoch 12:  94%|█████████▍| 30/32 [00:05<00:00,  5.75it/s][A
Training Epochs:  12%|█▏        | 12/100 [01:00<07:39,  5.23s/it, -ELBO=2.1979, Potential Metric=0.0739, Entropy Metric=0.0265]

Epoch 12:  97%|█████████▋| 31/32 [00:05<00:00,  5.78it/s][A
Training Epochs:  12%|█▏        | 12/100 [01:01<07:39,  5.23s/it, -ELBO=1.7892, Potential Metric=0.0616, Entropy Metric=0.0267]

Epoch 12: 100%|██████████| 32/32 [00:05<00:00,  5.70it/s][A

                                                         [A
Training Epochs:  13%|█▎        | 13/100 [01:01<07:45,  5.35s/it, -ELBO=1.7892, Potential Metric=0.0616, Entropy Metric=0.0267]

Epoch 13:   0%|          | 0/32 [00:00<?, ?it/s][A
Training Epochs:  13%|█▎        | 13/100 [01:01<07:45,  5.35s/it, -ELBO=2.0444, Potential Metric=0.0610, Entropy Metric=0.0257]

Epoch 13:   3%|▎         | 1/32 [00:00<00:06,  4.79it/s][A
Training Epochs:  13%|█▎        | 13/100 [01:01<07:45,  5.35s/it, -ELBO=1.8541, Potential Metric=0.0630, Entropy Metric=0.0265]

Epoch 13:   6%|▋         | 2/32 [00:00<00:05,  5.20it/s][A
Training Epochs:  13%|█▎        | 13/100 [01:01<07:45,  5.35s/it, -ELBO=1.7887, Potential Metric=0.0614, Entropy Metric=0.0282]

Epoch 13:   9%|▉         | 3/32 [00:00<00:05,  5.35it/s][A
Training Epochs:  13%|█▎        | 13/100 [01:01<07:45,  5.35s/it, -ELBO=1.9688, Potential Metric=0.0633, Entropy Metric=0.0298]

Epoch 13:  12%|█▎        | 4/32 [00:00<00:04,  5.64it/s][A
Training Epochs:  13%|█▎        | 13/100 [01:02<07:45,  5.35s/it, -ELBO=1.9478, Potential Metric=0.0671, Entropy Metric=0.0292]

Epoch 13:  16%|█▌        | 5/32 [00:00<00:04,  5.85it/s][A
Training Epochs:  13%|█▎        | 13/100 [01:02<07:45,  5.35s/it, -ELBO=1.9006, Potential Metric=0.0794, Entropy Metric=0.0281]

Epoch 13:  19%|█▉        | 6/32 [00:01<00:04,  6.07it/s][A
Training Epochs:  13%|█▎        | 13/100 [01:02<07:45,  5.35s/it, -ELBO=2.0423, Potential Metric=0.0627, Entropy Metric=0.0283]

Epoch 13:  22%|██▏       | 7/32 [00:01<00:04,  6.17it/s][A
Training Epochs:  13%|█▎        | 13/100 [01:02<07:45,  5.35s/it, -ELBO=2.0649, Potential Metric=0.0655, Entropy Metric=0.0293]

Epoch 13:  25%|██▌       | 8/32 [00:01<00:03,  6.34it/s][A
Training Epochs:  13%|█▎        | 13/100 [01:02<07:45,  5.35s/it, -ELBO=1.9718, Potential Metric=0.0671, Entropy Metric=0.0297]

Epoch 13:  28%|██▊       | 9/32 [00:01<00:03,  6.32it/s][A
Training Epochs:  13%|█▎        | 13/100 [01:02<07:45,  5.35s/it, -ELBO=2.0525, Potential Metric=0.0734, Entropy Metric=0.0279]

Epoch 13:  31%|███▏      | 10/32 [00:01<00:03,  6.35it/s][A
Training Epochs:  13%|█▎        | 13/100 [01:03<07:45,  5.35s/it, -ELBO=2.2242, Potential Metric=0.0758, Entropy Metric=0.0256]

Epoch 13:  34%|███▍      | 11/32 [00:01<00:03,  6.31it/s][A
Training Epochs:  13%|█▎        | 13/100 [01:03<07:45,  5.35s/it, -ELBO=1.8272, Potential Metric=0.0733, Entropy Metric=0.0263]

Epoch 13:  38%|███▊      | 12/32 [00:01<00:03,  6.26it/s][A
Training Epochs:  13%|█▎        | 13/100 [01:03<07:45,  5.35s/it, -ELBO=1.9433, Potential Metric=0.0739, Entropy Metric=0.0264]

Epoch 13:  41%|████      | 13/32 [00:02<00:02,  6.44it/s][A
Training Epochs:  13%|█▎        | 13/100 [01:03<07:45,  5.35s/it, -ELBO=2.0176, Potential Metric=0.0671, Entropy Metric=0.0282]

Epoch 13:  44%|████▍     | 14/32 [00:02<00:02,  6.33it/s][A
Training Epochs:  13%|█▎        | 13/100 [01:03<07:45,  5.35s/it, -ELBO=1.8247, Potential Metric=0.0719, Entropy Metric=0.0301]

Epoch 13:  47%|████▋     | 15/32 [00:02<00:02,  6.36it/s][A
Training Epochs:  13%|█▎        | 13/100 [01:03<07:45,  5.35s/it, -ELBO=2.0288, Potential Metric=0.0775, Entropy Metric=0.0257]

Epoch 13:  50%|█████     | 16/32 [00:02<00:02,  6.47it/s][A
Training Epochs:  13%|█▎        | 13/100 [01:03<07:45,  5.35s/it, -ELBO=2.0442, Potential Metric=0.0708, Entropy Metric=0.0248]

Epoch 13:  53%|█████▎    | 17/32 [00:02<00:02,  6.35it/s][A
Training Epochs:  13%|█▎        | 13/100 [01:04<07:45,  5.35s/it, -ELBO=2.0238, Potential Metric=0.0645, Entropy Metric=0.0273]

Epoch 13:  56%|█████▋    | 18/32 [00:02<00:02,  6.28it/s][A
Training Epochs:  13%|█▎        | 13/100 [01:04<07:45,  5.35s/it, -ELBO=2.0641, Potential Metric=0.0698, Entropy Metric=0.0285]

Epoch 13:  59%|█████▉    | 19/32 [00:03<00:02,  6.33it/s][A
Training Epochs:  13%|█▎        | 13/100 [01:04<07:45,  5.35s/it, -ELBO=1.8988, Potential Metric=0.0757, Entropy Metric=0.0292]

Epoch 13:  62%|██████▎   | 20/32 [00:03<00:01,  6.49it/s][A
Training Epochs:  13%|█▎        | 13/100 [01:04<07:45,  5.35s/it, -ELBO=1.9697, Potential Metric=0.0707, Entropy Metric=0.0282]

Epoch 13:  66%|██████▌   | 21/32 [00:03<00:01,  6.54it/s][A
Training Epochs:  13%|█▎        | 13/100 [01:04<07:45,  5.35s/it, -ELBO=1.5295, Potential Metric=0.0671, Entropy Metric=0.0301]

Epoch 13:  69%|██████▉   | 22/32 [00:03<00:01,  6.36it/s][A
Training Epochs:  13%|█▎        | 13/100 [01:04<07:45,  5.35s/it, -ELBO=1.8782, Potential Metric=0.0671, Entropy Metric=0.0295]

Epoch 13:  72%|███████▏  | 23/32 [00:03<00:01,  6.31it/s][A
Training Epochs:  13%|█▎        | 13/100 [01:05<07:45,  5.35s/it, -ELBO=1.8360, Potential Metric=0.0708, Entropy Metric=0.0276]

Epoch 13:  75%|███████▌  | 24/32 [00:03<00:01,  6.37it/s][A
Training Epochs:  13%|█▎        | 13/100 [01:05<07:45,  5.35s/it, -ELBO=2.1008, Potential Metric=0.0597, Entropy Metric=0.0293]

Epoch 13:  78%|███████▊  | 25/32 [00:04<00:01,  6.25it/s][A
Training Epochs:  13%|█▎        | 13/100 [01:05<07:45,  5.35s/it, -ELBO=1.9815, Potential Metric=0.0688, Entropy Metric=0.0259]

Epoch 13:  81%|████████▏ | 26/32 [00:04<00:00,  6.31it/s][A
Training Epochs:  13%|█▎        | 13/100 [01:05<07:45,  5.35s/it, -ELBO=2.1056, Potential Metric=0.0682, Entropy Metric=0.0248]

Epoch 13:  84%|████████▍ | 27/32 [00:04<00:00,  6.41it/s][A
Training Epochs:  13%|█▎        | 13/100 [01:05<07:45,  5.35s/it, -ELBO=1.9861, Potential Metric=0.0680, Entropy Metric=0.0272]

Epoch 13:  88%|████████▊ | 28/32 [00:04<00:00,  6.50it/s][A
Training Epochs:  13%|█▎        | 13/100 [01:05<07:45,  5.35s/it, -ELBO=1.9436, Potential Metric=0.0671, Entropy Metric=0.0280]

Epoch 13:  91%|█████████ | 29/32 [00:04<00:00,  6.39it/s][A
Training Epochs:  13%|█▎        | 13/100 [01:06<07:45,  5.35s/it, -ELBO=1.7082, Potential Metric=0.0825, Entropy Metric=0.0306]

Epoch 13:  94%|█████████▍| 30/32 [00:04<00:00,  6.40it/s][A
Training Epochs:  13%|█▎        | 13/100 [01:06<07:45,  5.35s/it, -ELBO=1.9607, Potential Metric=0.0719, Entropy Metric=0.0296]

Epoch 13:  97%|█████████▋| 31/32 [00:04<00:00,  6.34it/s][A
Training Epochs:  13%|█▎        | 13/100 [01:06<07:45,  5.35s/it, -ELBO=2.0046, Potential Metric=0.0820, Entropy Metric=0.0303]

Epoch 13: 100%|██████████| 32/32 [00:05<00:00,  6.29it/s][A

                                                         [A
Training Epochs:  14%|█▍        | 14/100 [01:06<07:36,  5.31s/it, -ELBO=2.0046, Potential Metric=0.0820, Entropy Metric=0.0303]

Epoch 14:   0%|          | 0/32 [00:00<?, ?it/s][A
Training Epochs:  14%|█▍        | 14/100 [01:06<07:36,  5.31s/it, -ELBO=1.7805, Potential Metric=0.0743, Entropy Metric=0.0302]

Epoch 14:   3%|▎         | 1/32 [00:00<00:06,  4.98it/s][A
Training Epochs:  14%|█▍        | 14/100 [01:06<07:36,  5.31s/it, -ELBO=1.8170, Potential Metric=0.0667, Entropy Metric=0.0312]

Epoch 14:   6%|▋         | 2/32 [00:00<00:05,  5.61it/s][A
Training Epochs:  14%|█▍        | 14/100 [01:07<07:36,  5.31s/it, -ELBO=1.7916, Potential Metric=0.0739, Entropy Metric=0.0312]

Epoch 14:   9%|▉         | 3/32 [00:00<00:04,  5.90it/s][A
Training Epochs:  14%|█▍        | 14/100 [01:07<07:36,  5.31s/it, -ELBO=1.8908, Potential Metric=0.0719, Entropy Metric=0.0301]

Epoch 14:  12%|█▎        | 4/32 [00:00<00:04,  5.97it/s][A
Training Epochs:  14%|█▍        | 14/100 [01:07<07:36,  5.31s/it, -ELBO=2.0943, Potential Metric=0.0625, Entropy Metric=0.0281]

Epoch 14:  16%|█▌        | 5/32 [00:00<00:04,  6.26it/s][A
Training Epochs:  14%|█▍        | 14/100 [01:07<07:36,  5.31s/it, -ELBO=1.9221, Potential Metric=0.0656, Entropy Metric=0.0298]

Epoch 14:  19%|█▉        | 6/32 [00:00<00:04,  6.30it/s][A
Training Epochs:  14%|█▍        | 14/100 [01:07<07:36,  5.31s/it, -ELBO=2.2139, Potential Metric=0.0643, Entropy Metric=0.0275]

Epoch 14:  22%|██▏       | 7/32 [00:01<00:03,  6.43it/s][A
Training Epochs:  14%|█▍        | 14/100 [01:07<07:36,  5.31s/it, -ELBO=1.9745, Potential Metric=0.0638, Entropy Metric=0.0302]

Epoch 14:  25%|██▌       | 8/32 [00:01<00:03,  6.36it/s][A
Training Epochs:  14%|█▍        | 14/100 [01:08<07:36,  5.31s/it, -ELBO=2.3012, Potential Metric=0.0620, Entropy Metric=0.0295]

Epoch 14:  28%|██▊       | 9/32 [00:01<00:03,  6.31it/s][A
Training Epochs:  14%|█▍        | 14/100 [01:08<07:36,  5.31s/it, -ELBO=1.9127, Potential Metric=0.0665, Entropy Metric=0.0309]

Epoch 14:  31%|███▏      | 10/32 [00:01<00:03,  6.24it/s][A
Training Epochs:  14%|█▍        | 14/100 [01:08<07:36,  5.31s/it, -ELBO=1.8364, Potential Metric=0.0707, Entropy Metric=0.0320]

Epoch 14:  34%|███▍      | 11/32 [00:01<00:03,  6.14it/s][A
Training Epochs:  14%|█▍        | 14/100 [01:08<07:36,  5.31s/it, -ELBO=2.0145, Potential Metric=0.0648, Entropy Metric=0.0297]

Epoch 14:  38%|███▊      | 12/32 [00:01<00:03,  6.12it/s][A
Training Epochs:  14%|█▍        | 14/100 [01:08<07:36,  5.31s/it, -ELBO=2.0573, Potential Metric=0.0684, Entropy Metric=0.0276]

Epoch 14:  41%|████      | 13/32 [00:02<00:03,  6.19it/s][A
Training Epochs:  14%|█▍        | 14/100 [01:08<07:36,  5.31s/it, -ELBO=1.6440, Potential Metric=0.0753, Entropy Metric=0.0317]

Epoch 14:  44%|████▍     | 14/32 [00:02<00:02,  6.30it/s][A
Training Epochs:  14%|█▍        | 14/100 [01:08<07:36,  5.31s/it, -ELBO=1.9387, Potential Metric=0.0732, Entropy Metric=0.0322]

Epoch 14:  47%|████▋     | 15/32 [00:02<00:02,  6.32it/s][A
Training Epochs:  14%|█▍        | 14/100 [01:09<07:36,  5.31s/it, -ELBO=1.7737, Potential Metric=0.0728, Entropy Metric=0.0309]

Epoch 14:  50%|█████     | 16/32 [00:02<00:02,  6.40it/s][A
Training Epochs:  14%|█▍        | 14/100 [01:09<07:36,  5.31s/it, -ELBO=2.0552, Potential Metric=0.0757, Entropy Metric=0.0300]

Epoch 14:  53%|█████▎    | 17/32 [00:02<00:02,  6.26it/s][A
Training Epochs:  14%|█▍        | 14/100 [01:09<07:36,  5.31s/it, -ELBO=1.8657, Potential Metric=0.0783, Entropy Metric=0.0316]

Epoch 14:  56%|█████▋    | 18/32 [00:02<00:02,  6.25it/s][A
Training Epochs:  14%|█▍        | 14/100 [01:09<07:36,  5.31s/it, -ELBO=1.9283, Potential Metric=0.0730, Entropy Metric=0.0313]

Epoch 14:  59%|█████▉    | 19/32 [00:03<00:02,  6.17it/s][A
Training Epochs:  14%|█▍        | 14/100 [01:09<07:36,  5.31s/it, -ELBO=1.8211, Potential Metric=0.0698, Entropy Metric=0.0314]

Epoch 14:  62%|██████▎   | 20/32 [00:03<00:01,  6.24it/s][A
Training Epochs:  14%|█▍        | 14/100 [01:09<07:36,  5.31s/it, -ELBO=1.7845, Potential Metric=0.0735, Entropy Metric=0.0302]

Epoch 14:  66%|██████▌   | 21/32 [00:03<00:01,  6.24it/s][A
Training Epochs:  14%|█▍        | 14/100 [01:10<07:36,  5.31s/it, -ELBO=1.8107, Potential Metric=0.0771, Entropy Metric=0.0314]

Epoch 14:  69%|██████▉   | 22/32 [00:03<00:01,  6.28it/s][A
Training Epochs:  14%|█▍        | 14/100 [01:10<07:36,  5.31s/it, -ELBO=1.9944, Potential Metric=0.0694, Entropy Metric=0.0294]

Epoch 14:  72%|███████▏  | 23/32 [00:03<00:01,  6.34it/s][A
Training Epochs:  14%|█▍        | 14/100 [01:10<07:36,  5.31s/it, -ELBO=1.7519, Potential Metric=0.0719, Entropy Metric=0.0306]

Epoch 14:  75%|███████▌  | 24/32 [00:03<00:01,  6.20it/s][A
Training Epochs:  14%|█▍        | 14/100 [01:10<07:36,  5.31s/it, -ELBO=1.9612, Potential Metric=0.0635, Entropy Metric=0.0270]

Epoch 14:  78%|███████▊  | 25/32 [00:04<00:01,  6.15it/s][A
Training Epochs:  14%|█▍        | 14/100 [01:10<07:36,  5.31s/it, -ELBO=1.6855, Potential Metric=0.0656, Entropy Metric=0.0290]

Epoch 14:  81%|████████▏ | 26/32 [00:04<00:00,  6.25it/s][A
Training Epochs:  14%|█▍        | 14/100 [01:11<07:36,  5.31s/it, -ELBO=1.8499, Potential Metric=0.0726, Entropy Metric=0.0315]

Epoch 14:  84%|████████▍ | 27/32 [00:04<00:01,  4.85it/s][A
Training Epochs:  14%|█▍        | 14/100 [01:11<07:36,  5.31s/it, -ELBO=2.0540, Potential Metric=0.0808, Entropy Metric=0.0302]

Epoch 14:  88%|████████▊ | 28/32 [00:04<00:00,  5.05it/s][A
Training Epochs:  14%|█▍        | 14/100 [01:11<07:36,  5.31s/it, -ELBO=1.6824, Potential Metric=0.0815, Entropy Metric=0.0316]

Epoch 14:  91%|█████████ | 29/32 [00:04<00:00,  5.27it/s][A
Training Epochs:  14%|█▍        | 14/100 [01:11<07:36,  5.31s/it, -ELBO=1.6134, Potential Metric=0.0661, Entropy Metric=0.0329]

Epoch 14:  94%|█████████▍| 30/32 [00:05<00:00,  5.42it/s][A
Training Epochs:  14%|█▍        | 14/100 [01:11<07:36,  5.31s/it, -ELBO=1.7853, Potential Metric=0.0788, Entropy Metric=0.0315]

Epoch 14:  97%|█████████▋| 31/32 [00:05<00:00,  5.45it/s][A
Training Epochs:  14%|█▍        | 14/100 [01:11<07:36,  5.31s/it, -ELBO=1.8149, Potential Metric=0.0730, Entropy Metric=0.0326]

Epoch 14: 100%|██████████| 32/32 [00:05<00:00,  5.31it/s][A

                                                         [A
Training Epochs:  15%|█▌        | 15/100 [01:11<07:39,  5.40s/it, -ELBO=1.8149, Potential Metric=0.0730, Entropy Metric=0.0326]

Epoch 15:   0%|          | 0/32 [00:00<?, ?it/s][A
Training Epochs:  15%|█▌        | 15/100 [01:12<07:39,  5.40s/it, -ELBO=1.7443, Potential Metric=0.0726, Entropy Metric=0.0330]

Epoch 15:   3%|▎         | 1/32 [00:00<00:06,  4.62it/s][A
Training Epochs:  15%|█▌        | 15/100 [01:12<07:39,  5.40s/it, -ELBO=1.8798, Potential Metric=0.0713, Entropy Metric=0.0291]

Epoch 15:   6%|▋         | 2/32 [00:00<00:05,  5.45it/s][A
Training Epochs:  15%|█▌        | 15/100 [01:12<07:39,  5.40s/it, -ELBO=1.8376, Potential Metric=0.0703, Entropy Metric=0.0272]

Epoch 15:   9%|▉         | 3/32 [00:00<00:05,  5.72it/s][A
Training Epochs:  15%|█▌        | 15/100 [01:12<07:39,  5.40s/it, -ELBO=2.1545, Potential Metric=0.0830, Entropy Metric=0.0295]

Epoch 15:  12%|█▎        | 4/32 [00:00<00:04,  5.93it/s][A
Training Epochs:  15%|█▌        | 15/100 [01:12<07:39,  5.40s/it, -ELBO=1.9116, Potential Metric=0.0734, Entropy Metric=0.0315]

Epoch 15:  16%|█▌        | 5/32 [00:00<00:04,  5.98it/s][A
Training Epochs:  15%|█▌        | 15/100 [01:13<07:39,  5.40s/it, -ELBO=1.9248, Potential Metric=0.0690, Entropy Metric=0.0302]

Epoch 15:  19%|█▉        | 6/32 [00:01<00:04,  6.12it/s][A
Training Epochs:  15%|█▌        | 15/100 [01:13<07:39,  5.40s/it, -ELBO=1.8200, Potential Metric=0.0641, Entropy Metric=0.0305]

Epoch 15:  22%|██▏       | 7/32 [00:01<00:04,  6.20it/s][A
Training Epochs:  15%|█▌        | 15/100 [01:13<07:39,  5.40s/it, -ELBO=1.7033, Potential Metric=0.0748, Entropy Metric=0.0300]

Epoch 15:  25%|██▌       | 8/32 [00:01<00:03,  6.40it/s][A
Training Epochs:  15%|█▌        | 15/100 [01:13<07:39,  5.40s/it, -ELBO=1.6313, Potential Metric=0.0744, Entropy Metric=0.0322]

Epoch 15:  28%|██▊       | 9/32 [00:01<00:03,  6.48it/s][A
Training Epochs:  15%|█▌        | 15/100 [01:13<07:39,  5.40s/it, -ELBO=1.7961, Potential Metric=0.0725, Entropy Metric=0.0322]

Epoch 15:  31%|███▏      | 10/32 [00:01<00:03,  6.51it/s][A
Training Epochs:  15%|█▌        | 15/100 [01:13<07:39,  5.40s/it, -ELBO=1.7024, Potential Metric=0.0779, Entropy Metric=0.0328]

Epoch 15:  34%|███▍      | 11/32 [00:01<00:03,  6.45it/s][A
Training Epochs:  15%|█▌        | 15/100 [01:14<07:39,  5.40s/it, -ELBO=1.8993, Potential Metric=0.0736, Entropy Metric=0.0314]

Epoch 15:  38%|███▊      | 12/32 [00:01<00:03,  6.41it/s][A
Training Epochs:  15%|█▌        | 15/100 [01:14<07:39,  5.40s/it, -ELBO=1.7890, Potential Metric=0.0870, Entropy Metric=0.0338]

Epoch 15:  41%|████      | 13/32 [00:02<00:02,  6.41it/s][A
Training Epochs:  15%|█▌        | 15/100 [01:14<07:39,  5.40s/it, -ELBO=1.8026, Potential Metric=0.0744, Entropy Metric=0.0319]

Epoch 15:  44%|████▍     | 14/32 [00:02<00:02,  6.34it/s][A
Training Epochs:  15%|█▌        | 15/100 [01:14<07:39,  5.40s/it, -ELBO=1.8670, Potential Metric=0.0645, Entropy Metric=0.0303]

Epoch 15:  47%|████▋     | 15/32 [00:02<00:02,  6.30it/s][A
Training Epochs:  15%|█▌        | 15/100 [01:14<07:39,  5.40s/it, -ELBO=1.8689, Potential Metric=0.0675, Entropy Metric=0.0329]

Epoch 15:  50%|█████     | 16/32 [00:02<00:02,  6.44it/s][A
Training Epochs:  15%|█▌        | 15/100 [01:14<07:39,  5.40s/it, -ELBO=1.7315, Potential Metric=0.0723, Entropy Metric=0.0323]

Epoch 15:  53%|█████▎    | 17/32 [00:02<00:02,  6.44it/s][A
Training Epochs:  15%|█▌        | 15/100 [01:14<07:39,  5.40s/it, -ELBO=1.8492, Potential Metric=0.0731, Entropy Metric=0.0332]

Epoch 15:  56%|█████▋    | 18/32 [00:02<00:02,  6.43it/s][A
Training Epochs:  15%|█▌        | 15/100 [01:15<07:39,  5.40s/it, -ELBO=1.8226, Potential Metric=0.0765, Entropy Metric=0.0354]

Epoch 15:  59%|█████▉    | 19/32 [00:03<00:02,  6.42it/s][A
Training Epochs:  15%|█▌        | 15/100 [01:15<07:39,  5.40s/it, -ELBO=2.1176, Potential Metric=0.0750, Entropy Metric=0.0300]

Epoch 15:  62%|██████▎   | 20/32 [00:03<00:01,  6.54it/s][A
Training Epochs:  15%|█▌        | 15/100 [01:15<07:39,  5.40s/it, -ELBO=1.7154, Potential Metric=0.0692, Entropy Metric=0.0302]

Epoch 15:  66%|██████▌   | 21/32 [00:03<00:01,  6.50it/s][A
Training Epochs:  15%|█▌        | 15/100 [01:15<07:39,  5.40s/it, -ELBO=1.7574, Potential Metric=0.0708, Entropy Metric=0.0310]

Epoch 15:  69%|██████▉   | 22/32 [00:03<00:01,  6.35it/s][A
Training Epochs:  15%|█▌        | 15/100 [01:15<07:39,  5.40s/it, -ELBO=1.6591, Potential Metric=0.0720, Entropy Metric=0.0337]

Epoch 15:  72%|███████▏  | 23/32 [00:03<00:01,  6.16it/s][A
Training Epochs:  15%|█▌        | 15/100 [01:15<07:39,  5.40s/it, -ELBO=1.7181, Potential Metric=0.0737, Entropy Metric=0.0360]

Epoch 15:  75%|███████▌  | 24/32 [00:03<00:01,  6.17it/s][A
Training Epochs:  15%|█▌        | 15/100 [01:16<07:39,  5.40s/it, -ELBO=1.9035, Potential Metric=0.0830, Entropy Metric=0.0359]

Epoch 15:  78%|███████▊  | 25/32 [00:03<00:01,  6.28it/s][A
Training Epochs:  15%|█▌        | 15/100 [01:16<07:39,  5.40s/it, -ELBO=1.7651, Potential Metric=0.0715, Entropy Metric=0.0380]

Epoch 15:  81%|████████▏ | 26/32 [00:04<00:00,  6.30it/s][A
Training Epochs:  15%|█▌        | 15/100 [01:16<07:39,  5.40s/it, -ELBO=1.8469, Potential Metric=0.0690, Entropy Metric=0.0358]

Epoch 15:  84%|████████▍ | 27/32 [00:04<00:00,  6.27it/s][A
Training Epochs:  15%|█▌        | 15/100 [01:16<07:39,  5.40s/it, -ELBO=1.6579, Potential Metric=0.0731, Entropy Metric=0.0382]

Epoch 15:  88%|████████▊ | 28/32 [00:04<00:00,  6.34it/s][A
Training Epochs:  15%|█▌        | 15/100 [01:16<07:39,  5.40s/it, -ELBO=1.9254, Potential Metric=0.0775, Entropy Metric=0.0348]

Epoch 15:  91%|█████████ | 29/32 [00:04<00:00,  6.49it/s][A
Training Epochs:  15%|█▌        | 15/100 [01:16<07:39,  5.40s/it, -ELBO=1.8225, Potential Metric=0.0700, Entropy Metric=0.0336]

Epoch 15:  94%|█████████▍| 30/32 [00:04<00:00,  6.62it/s][A
Training Epochs:  15%|█▌        | 15/100 [01:16<07:39,  5.40s/it, -ELBO=1.7287, Potential Metric=0.0658, Entropy Metric=0.0356]

Epoch 15:  97%|█████████▋| 31/32 [00:04<00:00,  6.55it/s][A
Training Epochs:  15%|█▌        | 15/100 [01:17<07:39,  5.40s/it, -ELBO=1.9224, Potential Metric=0.0740, Entropy Metric=0.0335]

Epoch 15: 100%|██████████| 32/32 [00:05<00:00,  6.59it/s][A

                                                         [A
Training Epochs:  16%|█▌        | 16/100 [01:17<07:27,  5.33s/it, -ELBO=1.9224, Potential Metric=0.0740, Entropy Metric=0.0335]

Epoch 16:   0%|          | 0/32 [00:00<?, ?it/s][A
Training Epochs:  16%|█▌        | 16/100 [01:17<07:27,  5.33s/it, -ELBO=1.8585, Potential Metric=0.0782, Entropy Metric=0.0328]

Epoch 16:   3%|▎         | 1/32 [00:00<00:05,  5.17it/s][A
Training Epochs:  16%|█▌        | 16/100 [01:17<07:27,  5.33s/it, -ELBO=1.6307, Potential Metric=0.0801, Entropy Metric=0.0355]

Epoch 16:   6%|▋         | 2/32 [00:00<00:05,  5.89it/s][A
Training Epochs:  16%|█▌        | 16/100 [01:17<07:27,  5.33s/it, -ELBO=1.8280, Potential Metric=0.0816, Entropy Metric=0.0322]

Epoch 16:   9%|▉         | 3/32 [00:00<00:04,  6.05it/s][A
Training Epochs:  16%|█▌        | 16/100 [01:17<07:27,  5.33s/it, -ELBO=1.6572, Potential Metric=0.0758, Entropy Metric=0.0314]

Epoch 16:  12%|█▎        | 4/32 [00:00<00:04,  6.12it/s][A
Training Epochs:  16%|█▌        | 16/100 [01:18<07:27,  5.33s/it, -ELBO=1.8900, Potential Metric=0.0746, Entropy Metric=0.0331]

Epoch 16:  16%|█▌        | 5/32 [00:00<00:04,  6.27it/s][A
Training Epochs:  16%|█▌        | 16/100 [01:18<07:27,  5.33s/it, -ELBO=1.8569, Potential Metric=0.0695, Entropy Metric=0.0308]

Epoch 16:  19%|█▉        | 6/32 [00:00<00:04,  6.32it/s][A
Training Epochs:  16%|█▌        | 16/100 [01:18<07:27,  5.33s/it, -ELBO=1.7277, Potential Metric=0.0744, Entropy Metric=0.0313]

Epoch 16:  22%|██▏       | 7/32 [00:01<00:03,  6.44it/s][A
Training Epochs:  16%|█▌        | 16/100 [01:18<07:27,  5.33s/it, -ELBO=1.8421, Potential Metric=0.0773, Entropy Metric=0.0327]

Epoch 16:  25%|██▌       | 8/32 [00:01<00:03,  6.42it/s][A
Training Epochs:  16%|█▌        | 16/100 [01:18<07:27,  5.33s/it, -ELBO=1.8984, Potential Metric=0.0760, Entropy Metric=0.0343]

Epoch 16:  28%|██▊       | 9/32 [00:01<00:03,  6.18it/s][A
Training Epochs:  16%|█▌        | 16/100 [01:18<07:27,  5.33s/it, -ELBO=1.5002, Potential Metric=0.0688, Entropy Metric=0.0366]

Epoch 16:  31%|███▏      | 10/32 [00:01<00:03,  6.42it/s][A
Training Epochs:  16%|█▌        | 16/100 [01:19<07:27,  5.33s/it, -ELBO=1.7554, Potential Metric=0.0805, Entropy Metric=0.0375]

Epoch 16:  34%|███▍      | 11/32 [00:01<00:03,  6.51it/s][A
Training Epochs:  16%|█▌        | 16/100 [01:19<07:27,  5.33s/it, -ELBO=1.7748, Potential Metric=0.0784, Entropy Metric=0.0376]

Epoch 16:  38%|███▊      | 12/32 [00:01<00:03,  6.64it/s][A
Training Epochs:  16%|█▌        | 16/100 [01:19<07:27,  5.33s/it, -ELBO=1.5765, Potential Metric=0.0668, Entropy Metric=0.0385]

Epoch 16:  41%|████      | 13/32 [00:02<00:02,  6.74it/s][A
Training Epochs:  16%|█▌        | 16/100 [01:19<07:27,  5.33s/it, -ELBO=1.9738, Potential Metric=0.0663, Entropy Metric=0.0334]

Epoch 16:  44%|████▍     | 14/32 [00:02<00:02,  6.76it/s][A
Training Epochs:  16%|█▌        | 16/100 [01:19<07:27,  5.33s/it, -ELBO=1.9550, Potential Metric=0.0728, Entropy Metric=0.0341]

Epoch 16:  47%|████▋     | 15/32 [00:02<00:02,  6.70it/s][A
Training Epochs:  16%|█▌        | 16/100 [01:19<07:27,  5.33s/it, -ELBO=1.8219, Potential Metric=0.0742, Entropy Metric=0.0354]

Epoch 16:  50%|█████     | 16/32 [00:02<00:02,  6.83it/s][A
Training Epochs:  16%|█▌        | 16/100 [01:19<07:27,  5.33s/it, -ELBO=1.8074, Potential Metric=0.0623, Entropy Metric=0.0346]

Epoch 16:  53%|█████▎    | 17/32 [00:02<00:02,  6.72it/s][A
Training Epochs:  16%|█▌        | 16/100 [01:20<07:27,  5.33s/it, -ELBO=1.8279, Potential Metric=0.0673, Entropy Metric=0.0338]

Epoch 16:  56%|█████▋    | 18/32 [00:02<00:02,  6.79it/s][A
Training Epochs:  16%|█▌        | 16/100 [01:20<07:27,  5.33s/it, -ELBO=1.6198, Potential Metric=0.0686, Entropy Metric=0.0362]

Epoch 16:  59%|█████▉    | 19/32 [00:02<00:01,  6.81it/s][A
Training Epochs:  16%|█▌        | 16/100 [01:20<07:27,  5.33s/it, -ELBO=1.7910, Potential Metric=0.0790, Entropy Metric=0.0357]

Epoch 16:  62%|██████▎   | 20/32 [00:03<00:01,  6.50it/s][A
Training Epochs:  16%|█▌        | 16/100 [01:20<07:27,  5.33s/it, -ELBO=1.5747, Potential Metric=0.0758, Entropy Metric=0.0407]

Epoch 16:  66%|██████▌   | 21/32 [00:03<00:01,  6.41it/s][A
Training Epochs:  16%|█▌        | 16/100 [01:20<07:27,  5.33s/it, -ELBO=1.5817, Potential Metric=0.0739, Entropy Metric=0.0363]

Epoch 16:  69%|██████▉   | 22/32 [00:03<00:01,  6.51it/s][A
Training Epochs:  16%|█▌        | 16/100 [01:20<07:27,  5.33s/it, -ELBO=1.7680, Potential Metric=0.0723, Entropy Metric=0.0374]

Epoch 16:  72%|███████▏  | 23/32 [00:03<00:01,  6.46it/s][A
Training Epochs:  16%|█▌        | 16/100 [01:20<07:27,  5.33s/it, -ELBO=1.7329, Potential Metric=0.0651, Entropy Metric=0.0331]

Epoch 16:  75%|███████▌  | 24/32 [00:03<00:01,  6.52it/s][A
Training Epochs:  16%|█▌        | 16/100 [01:21<07:27,  5.33s/it, -ELBO=1.8984, Potential Metric=0.0762, Entropy Metric=0.0347]

Epoch 16:  78%|███████▊  | 25/32 [00:03<00:01,  6.47it/s][A
Training Epochs:  16%|█▌        | 16/100 [01:21<07:27,  5.33s/it, -ELBO=2.0117, Potential Metric=0.0729, Entropy Metric=0.0329]

Epoch 16:  81%|████████▏ | 26/32 [00:04<00:00,  6.38it/s][A
Training Epochs:  16%|█▌        | 16/100 [01:21<07:27,  5.33s/it, -ELBO=1.9613, Potential Metric=0.0913, Entropy Metric=0.0312]

Epoch 16:  84%|████████▍ | 27/32 [00:04<00:00,  6.38it/s][A
Training Epochs:  16%|█▌        | 16/100 [01:21<07:27,  5.33s/it, -ELBO=1.4956, Potential Metric=0.0725, Entropy Metric=0.0332]

Epoch 16:  88%|████████▊ | 28/32 [00:04<00:00,  6.32it/s][A
Training Epochs:  16%|█▌        | 16/100 [01:21<07:27,  5.33s/it, -ELBO=1.4309, Potential Metric=0.0845, Entropy Metric=0.0368]

Epoch 16:  91%|█████████ | 29/32 [00:04<00:00,  6.46it/s][A
Training Epochs:  16%|█▌        | 16/100 [01:21<07:27,  5.33s/it, -ELBO=1.8387, Potential Metric=0.0649, Entropy Metric=0.0313]

Epoch 16:  94%|█████████▍| 30/32 [00:04<00:00,  6.52it/s][A
Training Epochs:  16%|█▌        | 16/100 [01:22<07:27,  5.33s/it, -ELBO=1.7607, Potential Metric=0.0733, Entropy Metric=0.0305]

Epoch 16:  97%|█████████▋| 31/32 [00:04<00:00,  6.51it/s][A
Training Epochs:  16%|█▌        | 16/100 [01:22<07:27,  5.33s/it, -ELBO=1.7754, Potential Metric=0.0813, Entropy Metric=0.0297]

Epoch 16: 100%|██████████| 32/32 [00:04<00:00,  6.45it/s][A

                                                         [A
Training Epochs:  17%|█▋        | 17/100 [01:22<07:17,  5.27s/it, -ELBO=1.7754, Potential Metric=0.0813, Entropy Metric=0.0297]

Epoch 17:   0%|          | 0/32 [00:00<?, ?it/s][A
Training Epochs:  17%|█▋        | 17/100 [01:22<07:17,  5.27s/it, -ELBO=1.7161, Potential Metric=0.0727, Entropy Metric=0.0321]

Epoch 17:   3%|▎         | 1/32 [00:00<00:05,  5.27it/s][A
Training Epochs:  17%|█▋        | 17/100 [01:22<07:17,  5.27s/it, -ELBO=1.6414, Potential Metric=0.0762, Entropy Metric=0.0331]

Epoch 17:   6%|▋         | 2/32 [00:00<00:05,  5.96it/s][A
Training Epochs:  17%|█▋        | 17/100 [01:22<07:17,  5.27s/it, -ELBO=1.8545, Potential Metric=0.0841, Entropy Metric=0.0353]

Epoch 17:   9%|▉         | 3/32 [00:00<00:04,  6.23it/s][A
Training Epochs:  17%|█▋        | 17/100 [01:23<07:17,  5.27s/it, -ELBO=1.8594, Potential Metric=0.0833, Entropy Metric=0.0319]

Epoch 17:  12%|█▎        | 4/32 [00:00<00:04,  6.50it/s][A
Training Epochs:  17%|█▋        | 17/100 [01:23<07:17,  5.27s/it, -ELBO=1.7208, Potential Metric=0.0833, Entropy Metric=0.0299]

Epoch 17:  16%|█▌        | 5/32 [00:00<00:04,  6.59it/s][A
Training Epochs:  17%|█▋        | 17/100 [01:23<07:17,  5.27s/it, -ELBO=1.4259, Potential Metric=0.0739, Entropy Metric=0.0311]

Epoch 17:  19%|█▉        | 6/32 [00:00<00:04,  6.48it/s][A
Training Epochs:  17%|█▋        | 17/100 [01:23<07:17,  5.27s/it, -ELBO=1.7815, Potential Metric=0.0698, Entropy Metric=0.0315]

Epoch 17:  22%|██▏       | 7/32 [00:01<00:03,  6.52it/s][A
Training Epochs:  17%|█▋        | 17/100 [01:23<07:17,  5.27s/it, -ELBO=1.6911, Potential Metric=0.0799, Entropy Metric=0.0341]

Epoch 17:  25%|██▌       | 8/32 [00:01<00:03,  6.42it/s][A
Training Epochs:  17%|█▋        | 17/100 [01:23<07:17,  5.27s/it, -ELBO=1.8715, Potential Metric=0.0798, Entropy Metric=0.0328]

Epoch 17:  28%|██▊       | 9/32 [00:01<00:03,  6.52it/s][A
Training Epochs:  17%|█▋        | 17/100 [01:23<07:17,  5.27s/it, -ELBO=1.9935, Potential Metric=0.0717, Entropy Metric=0.0342]

Epoch 17:  31%|███▏      | 10/32 [00:01<00:03,  6.51it/s][A
Training Epochs:  17%|█▋        | 17/100 [01:24<07:17,  5.27s/it, -ELBO=2.0293, Potential Metric=0.0762, Entropy Metric=0.0326]

Epoch 17:  34%|███▍      | 11/32 [00:01<00:03,  6.54it/s][A
Training Epochs:  17%|█▋        | 17/100 [01:24<07:17,  5.27s/it, -ELBO=1.7408, Potential Metric=0.0747, Entropy Metric=0.0321]

Epoch 17:  38%|███▊      | 12/32 [00:01<00:03,  6.49it/s][A
Training Epochs:  17%|█▋        | 17/100 [01:24<07:17,  5.27s/it, -ELBO=1.8063, Potential Metric=0.0784, Entropy Metric=0.0330]

Epoch 17:  41%|████      | 13/32 [00:02<00:02,  6.47it/s][A
Training Epochs:  17%|█▋        | 17/100 [01:24<07:17,  5.27s/it, -ELBO=1.7769, Potential Metric=0.0780, Entropy Metric=0.0317]

Epoch 17:  44%|████▍     | 14/32 [00:02<00:02,  6.46it/s][A
Training Epochs:  17%|█▋        | 17/100 [01:24<07:17,  5.27s/it, -ELBO=1.6373, Potential Metric=0.0779, Entropy Metric=0.0341]

Epoch 17:  47%|████▋     | 15/32 [00:02<00:02,  6.44it/s][A
Training Epochs:  17%|█▋        | 17/100 [01:24<07:17,  5.27s/it, -ELBO=1.6172, Potential Metric=0.0763, Entropy Metric=0.0341]

Epoch 17:  50%|█████     | 16/32 [00:02<00:02,  6.36it/s][A
Training Epochs:  17%|█▋        | 17/100 [01:25<07:17,  5.27s/it, -ELBO=1.4463, Potential Metric=0.0770, Entropy Metric=0.0338]

Epoch 17:  53%|█████▎    | 17/32 [00:02<00:02,  6.30it/s][A
Training Epochs:  17%|█▋        | 17/100 [01:25<07:17,  5.27s/it, -ELBO=1.6377, Potential Metric=0.0692, Entropy Metric=0.0358]

Epoch 17:  56%|█████▋    | 18/32 [00:02<00:02,  6.32it/s][A
Training Epochs:  17%|█▋        | 17/100 [01:25<07:17,  5.27s/it, -ELBO=1.5627, Potential Metric=0.0759, Entropy Metric=0.0383]

Epoch 17:  59%|█████▉    | 19/32 [00:02<00:02,  6.47it/s][A
Training Epochs:  17%|█▋        | 17/100 [01:25<07:17,  5.27s/it, -ELBO=1.7452, Potential Metric=0.0723, Entropy Metric=0.0370]

Epoch 17:  62%|██████▎   | 20/32 [00:03<00:01,  6.50it/s][A
Training Epochs:  17%|█▋        | 17/100 [01:25<07:17,  5.27s/it, -ELBO=1.9095, Potential Metric=0.0778, Entropy Metric=0.0353]

Epoch 17:  66%|██████▌   | 21/32 [00:03<00:01,  6.42it/s][A
Training Epochs:  17%|█▋        | 17/100 [01:25<07:17,  5.27s/it, -ELBO=1.7717, Potential Metric=0.0819, Entropy Metric=0.0376]

Epoch 17:  69%|██████▉   | 22/32 [00:03<00:01,  6.51it/s][A
Training Epochs:  17%|█▋        | 17/100 [01:25<07:17,  5.27s/it, -ELBO=1.6225, Potential Metric=0.0808, Entropy Metric=0.0409]

Epoch 17:  72%|███████▏  | 23/32 [00:03<00:01,  6.51it/s][A
Training Epochs:  17%|█▋        | 17/100 [01:26<07:17,  5.27s/it, -ELBO=1.6970, Potential Metric=0.0778, Entropy Metric=0.0395]

Epoch 17:  75%|███████▌  | 24/32 [00:03<00:01,  6.52it/s][A
Training Epochs:  17%|█▋        | 17/100 [01:26<07:17,  5.27s/it, -ELBO=1.7450, Potential Metric=0.0763, Entropy Metric=0.0381]

Epoch 17:  78%|███████▊  | 25/32 [00:03<00:01,  6.45it/s][A
Training Epochs:  17%|█▋        | 17/100 [01:26<07:17,  5.27s/it, -ELBO=1.5648, Potential Metric=0.0790, Entropy Metric=0.0395]

Epoch 17:  81%|████████▏ | 26/32 [00:04<00:00,  6.44it/s][A
Training Epochs:  17%|█▋        | 17/100 [01:26<07:17,  5.27s/it, -ELBO=1.7921, Potential Metric=0.0694, Entropy Metric=0.0392]

Epoch 17:  84%|████████▍ | 27/32 [00:04<00:00,  6.54it/s][A
Training Epochs:  17%|█▋        | 17/100 [01:26<07:17,  5.27s/it, -ELBO=1.6596, Potential Metric=0.0801, Entropy Metric=0.0378]

Epoch 17:  88%|████████▊ | 28/32 [00:04<00:00,  6.44it/s][A
Training Epochs:  17%|█▋        | 17/100 [01:26<07:17,  5.27s/it, -ELBO=1.5408, Potential Metric=0.0793, Entropy Metric=0.0398]

Epoch 17:  91%|█████████ | 29/32 [00:04<00:00,  6.40it/s][A
Training Epochs:  17%|█▋        | 17/100 [01:27<07:17,  5.27s/it, -ELBO=1.4510, Potential Metric=0.0828, Entropy Metric=0.0408]

Epoch 17:  94%|█████████▍| 30/32 [00:04<00:00,  6.30it/s][A
Training Epochs:  17%|█▋        | 17/100 [01:27<07:17,  5.27s/it, -ELBO=1.3576, Potential Metric=0.0808, Entropy Metric=0.0411]

Epoch 17:  97%|█████████▋| 31/32 [00:04<00:00,  6.23it/s][A
Training Epochs:  17%|█▋        | 17/100 [01:27<07:17,  5.27s/it, -ELBO=1.7659, Potential Metric=0.0840, Entropy Metric=0.0365]

Epoch 17: 100%|██████████| 32/32 [00:04<00:00,  6.29it/s][A

                                                         [A
Training Epochs:  18%|█▊        | 18/100 [01:27<07:09,  5.24s/it, -ELBO=1.7659, Potential Metric=0.0840, Entropy Metric=0.0365]

Epoch 18:   0%|          | 0/32 [00:00<?, ?it/s][A
Training Epochs:  18%|█▊        | 18/100 [01:27<07:09,  5.24s/it, -ELBO=1.7597, Potential Metric=0.0816, Entropy Metric=0.0388]

Epoch 18:   3%|▎         | 1/32 [00:00<00:06,  4.86it/s][A
Training Epochs:  18%|█▊        | 18/100 [01:27<07:09,  5.24s/it, -ELBO=1.5909, Potential Metric=0.0732, Entropy Metric=0.0385]

Epoch 18:   6%|▋         | 2/32 [00:00<00:05,  5.43it/s][A
Training Epochs:  18%|█▊        | 18/100 [01:28<07:09,  5.24s/it, -ELBO=1.7655, Potential Metric=0.0771, Entropy Metric=0.0356]

Epoch 18:   9%|▉         | 3/32 [00:00<00:05,  5.73it/s][A
Training Epochs:  18%|█▊        | 18/100 [01:28<07:09,  5.24s/it, -ELBO=1.6951, Potential Metric=0.0755, Entropy Metric=0.0372]

Epoch 18:  12%|█▎        | 4/32 [00:00<00:04,  6.02it/s][A
Training Epochs:  18%|█▊        | 18/100 [01:28<07:09,  5.24s/it, -ELBO=1.8084, Potential Metric=0.0739, Entropy Metric=0.0356]

Epoch 18:  16%|█▌        | 5/32 [00:00<00:04,  6.32it/s][A
Training Epochs:  18%|█▊        | 18/100 [01:28<07:09,  5.24s/it, -ELBO=1.5950, Potential Metric=0.0702, Entropy Metric=0.0386]

Epoch 18:  19%|█▉        | 6/32 [00:00<00:04,  6.29it/s][A
Training Epochs:  18%|█▊        | 18/100 [01:28<07:09,  5.24s/it, -ELBO=1.7222, Potential Metric=0.0741, Entropy Metric=0.0364]

Epoch 18:  22%|██▏       | 7/32 [00:01<00:03,  6.33it/s][A
Training Epochs:  18%|█▊        | 18/100 [01:28<07:09,  5.24s/it, -ELBO=1.8160, Potential Metric=0.0788, Entropy Metric=0.0371]

Epoch 18:  25%|██▌       | 8/32 [00:01<00:03,  6.43it/s][A
Training Epochs:  18%|█▊        | 18/100 [01:29<07:09,  5.24s/it, -ELBO=1.7437, Potential Metric=0.0784, Entropy Metric=0.0366]

Epoch 18:  28%|██▊       | 9/32 [00:01<00:03,  6.52it/s][A
Training Epochs:  18%|█▊        | 18/100 [01:29<07:09,  5.24s/it, -ELBO=1.4148, Potential Metric=0.0702, Entropy Metric=0.0385]

Epoch 18:  31%|███▏      | 10/32 [00:01<00:03,  6.46it/s][A
Training Epochs:  18%|█▊        | 18/100 [01:29<07:09,  5.24s/it, -ELBO=1.4837, Potential Metric=0.0844, Entropy Metric=0.0416]

Epoch 18:  34%|███▍      | 11/32 [00:01<00:03,  6.27it/s][A
Training Epochs:  18%|█▊        | 18/100 [01:29<07:09,  5.24s/it, -ELBO=1.6743, Potential Metric=0.0853, Entropy Metric=0.0385]

Epoch 18:  38%|███▊      | 12/32 [00:01<00:03,  6.29it/s][A
Training Epochs:  18%|█▊        | 18/100 [01:29<07:09,  5.24s/it, -ELBO=1.4095, Potential Metric=0.0699, Entropy Metric=0.0429]

Epoch 18:  41%|████      | 13/32 [00:02<00:03,  6.15it/s][A
Training Epochs:  18%|█▊        | 18/100 [01:29<07:09,  5.24s/it, -ELBO=1.6697, Potential Metric=0.0750, Entropy Metric=0.0403]

Epoch 18:  44%|████▍     | 14/32 [00:02<00:02,  6.22it/s][A
Training Epochs:  18%|█▊        | 18/100 [01:29<07:09,  5.24s/it, -ELBO=1.8198, Potential Metric=0.0815, Entropy Metric=0.0407]

Epoch 18:  47%|████▋     | 15/32 [00:02<00:02,  6.19it/s][A
Training Epochs:  18%|█▊        | 18/100 [01:30<07:09,  5.24s/it, -ELBO=1.5319, Potential Metric=0.0756, Entropy Metric=0.0447]

Epoch 18:  50%|█████     | 16/32 [00:02<00:02,  6.05it/s][A
Training Epochs:  18%|█▊        | 18/100 [01:30<07:09,  5.24s/it, -ELBO=1.7834, Potential Metric=0.0709, Entropy Metric=0.0415]

Epoch 18:  53%|█████▎    | 17/32 [00:02<00:02,  6.22it/s][A
Training Epochs:  18%|█▊        | 18/100 [01:30<07:09,  5.24s/it, -ELBO=1.5572, Potential Metric=0.0872, Entropy Metric=0.0460]

Epoch 18:  56%|█████▋    | 18/32 [00:02<00:02,  6.25it/s][A
Training Epochs:  18%|█▊        | 18/100 [01:30<07:09,  5.24s/it, -ELBO=1.5813, Potential Metric=0.0842, Entropy Metric=0.0441]

Epoch 18:  59%|█████▉    | 19/32 [00:03<00:02,  6.35it/s][A
Training Epochs:  18%|█▊        | 18/100 [01:30<07:09,  5.24s/it, -ELBO=1.5938, Potential Metric=0.0913, Entropy Metric=0.0416]

Epoch 18:  62%|██████▎   | 20/32 [00:03<00:02,  4.95it/s][A
Training Epochs:  18%|█▊        | 18/100 [01:31<07:09,  5.24s/it, -ELBO=1.7352, Potential Metric=0.0848, Entropy Metric=0.0416]

Epoch 18:  66%|██████▌   | 21/32 [00:03<00:02,  5.33it/s][A
Training Epochs:  18%|█▊        | 18/100 [01:31<07:09,  5.24s/it, -ELBO=1.4861, Potential Metric=0.0827, Entropy Metric=0.0390]

Epoch 18:  69%|██████▉   | 22/32 [00:03<00:01,  5.64it/s][A
Training Epochs:  18%|█▊        | 18/100 [01:31<07:09,  5.24s/it, -ELBO=1.5257, Potential Metric=0.0781, Entropy Metric=0.0403]

Epoch 18:  72%|███████▏  | 23/32 [00:03<00:01,  5.89it/s][A
Training Epochs:  18%|█▊        | 18/100 [01:31<07:09,  5.24s/it, -ELBO=1.6585, Potential Metric=0.0838, Entropy Metric=0.0361]

Epoch 18:  75%|███████▌  | 24/32 [00:03<00:01,  5.96it/s][A
Training Epochs:  18%|█▊        | 18/100 [01:31<07:09,  5.24s/it, -ELBO=1.6451, Potential Metric=0.0776, Entropy Metric=0.0366]

Epoch 18:  78%|███████▊  | 25/32 [00:04<00:01,  6.16it/s][A
Training Epochs:  18%|█▊        | 18/100 [01:31<07:09,  5.24s/it, -ELBO=1.8321, Potential Metric=0.0895, Entropy Metric=0.0355]

Epoch 18:  81%|████████▏ | 26/32 [00:04<00:00,  6.22it/s][A
Training Epochs:  18%|█▊        | 18/100 [01:32<07:09,  5.24s/it, -ELBO=1.6512, Potential Metric=0.0921, Entropy Metric=0.0388]

Epoch 18:  84%|████████▍ | 27/32 [00:04<00:00,  6.21it/s][A
Training Epochs:  18%|█▊        | 18/100 [01:32<07:09,  5.24s/it, -ELBO=1.6005, Potential Metric=0.0828, Entropy Metric=0.0353]

Epoch 18:  88%|████████▊ | 28/32 [00:04<00:00,  6.19it/s][A
Training Epochs:  18%|█▊        | 18/100 [01:32<07:09,  5.24s/it, -ELBO=1.7145, Potential Metric=0.0824, Entropy Metric=0.0359]

Epoch 18:  91%|█████████ | 29/32 [00:04<00:00,  6.22it/s][A
Training Epochs:  18%|█▊        | 18/100 [01:32<07:09,  5.24s/it, -ELBO=1.5781, Potential Metric=0.0855, Entropy Metric=0.0375]

Epoch 18:  94%|█████████▍| 30/32 [00:04<00:00,  6.26it/s][A
Training Epochs:  18%|█▊        | 18/100 [01:32<07:09,  5.24s/it, -ELBO=1.5355, Potential Metric=0.0895, Entropy Metric=0.0371]

Epoch 18:  97%|█████████▋| 31/32 [00:05<00:00,  6.35it/s][A
Training Epochs:  18%|█▊        | 18/100 [01:32<07:09,  5.24s/it, -ELBO=1.6047, Potential Metric=0.0897, Entropy Metric=0.0375]

Epoch 18: 100%|██████████| 32/32 [00:05<00:00,  6.42it/s][A

                                                         [A
Training Epochs:  19%|█▉        | 19/100 [01:32<07:07,  5.28s/it, -ELBO=1.6047, Potential Metric=0.0897, Entropy Metric=0.0375]

Epoch 19:   0%|          | 0/32 [00:00<?, ?it/s][A
Training Epochs:  19%|█▉        | 19/100 [01:33<07:07,  5.28s/it, -ELBO=1.7866, Potential Metric=0.0837, Entropy Metric=0.0376]

Epoch 19:   3%|▎         | 1/32 [00:00<00:05,  5.19it/s][A
Training Epochs:  19%|█▉        | 19/100 [01:33<07:07,  5.28s/it, -ELBO=1.6370, Potential Metric=0.0715, Entropy Metric=0.0382]

Epoch 19:   6%|▋         | 2/32 [00:00<00:05,  5.99it/s][A
Training Epochs:  19%|█▉        | 19/100 [01:33<07:07,  5.28s/it, -ELBO=1.6099, Potential Metric=0.0754, Entropy Metric=0.0380]

Epoch 19:   9%|▉         | 3/32 [00:00<00:04,  6.16it/s][A
Training Epochs:  19%|█▉        | 19/100 [01:33<07:07,  5.28s/it, -ELBO=1.6876, Potential Metric=0.0820, Entropy Metric=0.0383]

Epoch 19:  12%|█▎        | 4/32 [00:00<00:04,  6.20it/s][A
Training Epochs:  19%|█▉        | 19/100 [01:33<07:07,  5.28s/it, -ELBO=1.6222, Potential Metric=0.0723, Entropy Metric=0.0383]

Epoch 19:  16%|█▌        | 5/32 [00:00<00:04,  6.22it/s][A
Training Epochs:  19%|█▉        | 19/100 [01:33<07:07,  5.28s/it, -ELBO=1.6482, Potential Metric=0.0777, Entropy Metric=0.0398]

Epoch 19:  19%|█▉        | 6/32 [00:00<00:04,  6.21it/s][A
Training Epochs:  19%|█▉        | 19/100 [01:34<07:07,  5.28s/it, -ELBO=1.5559, Potential Metric=0.0762, Entropy Metric=0.0388]

Epoch 19:  22%|██▏       | 7/32 [00:01<00:03,  6.38it/s][A
Training Epochs:  19%|█▉        | 19/100 [01:34<07:07,  5.28s/it, -ELBO=1.6256, Potential Metric=0.0762, Entropy Metric=0.0429]

Epoch 19:  25%|██▌       | 8/32 [00:01<00:03,  6.39it/s][A
Training Epochs:  19%|█▉        | 19/100 [01:34<07:07,  5.28s/it, -ELBO=1.6130, Potential Metric=0.0773, Entropy Metric=0.0434]

Epoch 19:  28%|██▊       | 9/32 [00:01<00:03,  6.25it/s][A
Training Epochs:  19%|█▉        | 19/100 [01:34<07:07,  5.28s/it, -ELBO=1.4594, Potential Metric=0.0753, Entropy Metric=0.0406]

Epoch 19:  31%|███▏      | 10/32 [00:01<00:03,  6.39it/s][A
Training Epochs:  19%|█▉        | 19/100 [01:34<07:07,  5.28s/it, -ELBO=1.5153, Potential Metric=0.0796, Entropy Metric=0.0415]

Epoch 19:  34%|███▍      | 11/32 [00:01<00:03,  6.39it/s][A
Training Epochs:  19%|█▉        | 19/100 [01:34<07:07,  5.28s/it, -ELBO=1.6180, Potential Metric=0.0842, Entropy Metric=0.0463]

Epoch 19:  38%|███▊      | 12/32 [00:01<00:03,  6.17it/s][A
Training Epochs:  19%|█▉        | 19/100 [01:35<07:07,  5.28s/it, -ELBO=1.5993, Potential Metric=0.0783, Entropy Metric=0.0453]

Epoch 19:  41%|████      | 13/32 [00:02<00:03,  6.32it/s][A
Training Epochs:  19%|█▉        | 19/100 [01:35<07:07,  5.28s/it, -ELBO=1.5664, Potential Metric=0.0846, Entropy Metric=0.0440]

Epoch 19:  44%|████▍     | 14/32 [00:02<00:02,  6.33it/s][A
Training Epochs:  19%|█▉        | 19/100 [01:35<07:07,  5.28s/it, -ELBO=1.5963, Potential Metric=0.0829, Entropy Metric=0.0445]

Epoch 19:  47%|████▋     | 15/32 [00:02<00:02,  6.36it/s][A
Training Epochs:  19%|█▉        | 19/100 [01:35<07:07,  5.28s/it, -ELBO=1.6841, Potential Metric=0.0925, Entropy Metric=0.0429]

Epoch 19:  50%|█████     | 16/32 [00:02<00:02,  6.35it/s][A
Training Epochs:  19%|█▉        | 19/100 [01:35<07:07,  5.28s/it, -ELBO=1.5871, Potential Metric=0.0869, Entropy Metric=0.0386]

Epoch 19:  53%|█████▎    | 17/32 [00:02<00:02,  6.32it/s][A
Training Epochs:  19%|█▉        | 19/100 [01:35<07:07,  5.28s/it, -ELBO=1.3671, Potential Metric=0.0830, Entropy Metric=0.0429]

Epoch 19:  56%|█████▋    | 18/32 [00:02<00:02,  6.34it/s][A
Training Epochs:  19%|█▉        | 19/100 [01:36<07:07,  5.28s/it, -ELBO=1.6346, Potential Metric=0.0959, Entropy Metric=0.0433]

Epoch 19:  59%|█████▉    | 19/32 [00:03<00:02,  6.26it/s][A
Training Epochs:  19%|█▉        | 19/100 [01:36<07:07,  5.28s/it, -ELBO=1.6988, Potential Metric=0.0908, Entropy Metric=0.0408]

Epoch 19:  62%|██████▎   | 20/32 [00:03<00:01,  6.45it/s][A
Training Epochs:  19%|█▉        | 19/100 [01:36<07:07,  5.28s/it, -ELBO=1.5248, Potential Metric=0.0880, Entropy Metric=0.0406]

Epoch 19:  66%|██████▌   | 21/32 [00:03<00:01,  6.50it/s][A
Training Epochs:  19%|█▉        | 19/100 [01:36<07:07,  5.28s/it, -ELBO=1.5122, Potential Metric=0.0935, Entropy Metric=0.0427]

Epoch 19:  69%|██████▉   | 22/32 [00:03<00:01,  6.48it/s][A
Training Epochs:  19%|█▉        | 19/100 [01:36<07:07,  5.28s/it, -ELBO=1.4504, Potential Metric=0.0859, Entropy Metric=0.0406]

Epoch 19:  72%|███████▏  | 23/32 [00:03<00:01,  6.54it/s][A
Training Epochs:  19%|█▉        | 19/100 [01:36<07:07,  5.28s/it, -ELBO=1.5757, Potential Metric=0.0949, Entropy Metric=0.0408]

Epoch 19:  75%|███████▌  | 24/32 [00:03<00:01,  6.53it/s][A
Training Epochs:  19%|█▉        | 19/100 [01:36<07:07,  5.28s/it, -ELBO=1.4808, Potential Metric=0.0849, Entropy Metric=0.0435]

Epoch 19:  78%|███████▊  | 25/32 [00:03<00:01,  6.57it/s][A
Training Epochs:  19%|█▉        | 19/100 [01:37<07:07,  5.28s/it, -ELBO=1.5814, Potential Metric=0.0876, Entropy Metric=0.0431]

Epoch 19:  81%|████████▏ | 26/32 [00:04<00:00,  6.76it/s][A
Training Epochs:  19%|█▉        | 19/100 [01:37<07:07,  5.28s/it, -ELBO=1.6436, Potential Metric=0.0867, Entropy Metric=0.0471]

Epoch 19:  84%|████████▍ | 27/32 [00:04<00:00,  6.76it/s][A
Training Epochs:  19%|█▉        | 19/100 [01:37<07:07,  5.28s/it, -ELBO=1.4451, Potential Metric=0.0843, Entropy Metric=0.0402]

Epoch 19:  88%|████████▊ | 28/32 [00:04<00:00,  6.78it/s][A
Training Epochs:  19%|█▉        | 19/100 [01:37<07:07,  5.28s/it, -ELBO=1.6374, Potential Metric=0.0865, Entropy Metric=0.0380]

Epoch 19:  91%|█████████ | 29/32 [00:04<00:00,  6.68it/s][A
Training Epochs:  19%|█▉        | 19/100 [01:37<07:07,  5.28s/it, -ELBO=1.4906, Potential Metric=0.1008, Entropy Metric=0.0443]

Epoch 19:  94%|█████████▍| 30/32 [00:04<00:00,  6.64it/s][A
Training Epochs:  19%|█▉        | 19/100 [01:37<07:07,  5.28s/it, -ELBO=1.4068, Potential Metric=0.0885, Entropy Metric=0.0472]

Epoch 19:  97%|█████████▋| 31/32 [00:04<00:00,  6.66it/s][A
Training Epochs:  19%|█▉        | 19/100 [01:37<07:07,  5.28s/it, -ELBO=1.7570, Potential Metric=0.0857, Entropy Metric=0.0400]

Epoch 19: 100%|██████████| 32/32 [00:04<00:00,  6.57it/s][A

                                                         [A
Training Epochs:  20%|██        | 20/100 [01:37<07:00,  5.25s/it, -ELBO=1.7570, Potential Metric=0.0857, Entropy Metric=0.0400]

Epoch 20:   0%|          | 0/32 [00:00<?, ?it/s][A
Training Epochs:  20%|██        | 20/100 [01:38<07:00,  5.25s/it, -ELBO=1.4782, Potential Metric=0.0775, Entropy Metric=0.0409]

Epoch 20:   3%|▎         | 1/32 [00:00<00:06,  5.12it/s][A
Training Epochs:  20%|██        | 20/100 [01:38<07:00,  5.25s/it, -ELBO=1.7856, Potential Metric=0.0856, Entropy Metric=0.0382]

Epoch 20:   6%|▋         | 2/32 [00:00<00:05,  5.87it/s][A
Training Epochs:  20%|██        | 20/100 [01:38<07:00,  5.25s/it, -ELBO=1.5444, Potential Metric=0.0927, Entropy Metric=0.0405]

Epoch 20:   9%|▉         | 3/32 [00:00<00:04,  6.04it/s][A
Training Epochs:  20%|██        | 20/100 [01:38<07:00,  5.25s/it, -ELBO=1.4771, Potential Metric=0.0878, Entropy Metric=0.0399]

Epoch 20:  12%|█▎        | 4/32 [00:00<00:04,  6.27it/s][A
Training Epochs:  20%|██        | 20/100 [01:38<07:00,  5.25s/it, -ELBO=1.5408, Potential Metric=0.0881, Entropy Metric=0.0380]

Epoch 20:  16%|█▌        | 5/32 [00:00<00:04,  6.49it/s][A
Training Epochs:  20%|██        | 20/100 [01:39<07:00,  5.25s/it, -ELBO=1.5378, Potential Metric=0.0950, Entropy Metric=0.0371]

Epoch 20:  19%|█▉        | 6/32 [00:00<00:03,  6.64it/s][A
Training Epochs:  20%|██        | 20/100 [01:39<07:00,  5.25s/it, -ELBO=1.5304, Potential Metric=0.0965, Entropy Metric=0.0390]

Epoch 20:  22%|██▏       | 7/32 [00:01<00:03,  6.57it/s][A
Training Epochs:  20%|██        | 20/100 [01:39<07:00,  5.25s/it, -ELBO=1.5558, Potential Metric=0.0989, Entropy Metric=0.0423]

Epoch 20:  25%|██▌       | 8/32 [00:01<00:03,  6.66it/s][A
Training Epochs:  20%|██        | 20/100 [01:39<07:00,  5.25s/it, -ELBO=1.7404, Potential Metric=0.0867, Entropy Metric=0.0378]

Epoch 20:  28%|██▊       | 9/32 [00:01<00:03,  6.68it/s][A
Training Epochs:  20%|██        | 20/100 [01:39<07:00,  5.25s/it, -ELBO=1.4245, Potential Metric=0.0907, Entropy Metric=0.0433]

Epoch 20:  31%|███▏      | 10/32 [00:01<00:03,  6.76it/s][A
Training Epochs:  20%|██        | 20/100 [01:39<07:00,  5.25s/it, -ELBO=1.5421, Potential Metric=0.0880, Entropy Metric=0.0395]

Epoch 20:  34%|███▍      | 11/32 [00:01<00:03,  6.76it/s][A
Training Epochs:  20%|██        | 20/100 [01:40<07:00,  5.25s/it, -ELBO=1.4704, Potential Metric=0.0842, Entropy Metric=0.0403]

Epoch 20:  38%|███▊      | 12/32 [00:01<00:03,  6.53it/s][A
Training Epochs:  20%|██        | 20/100 [01:40<07:00,  5.25s/it, -ELBO=1.3347, Potential Metric=0.0830, Entropy Metric=0.0395]

Epoch 20:  41%|████      | 13/32 [00:02<00:02,  6.54it/s][A
Training Epochs:  20%|██        | 20/100 [01:40<07:00,  5.25s/it, -ELBO=1.4883, Potential Metric=0.0864, Entropy Metric=0.0411]

Epoch 20:  44%|████▍     | 14/32 [00:02<00:02,  6.58it/s][A
Training Epochs:  20%|██        | 20/100 [01:40<07:00,  5.25s/it, -ELBO=1.4054, Potential Metric=0.0773, Entropy Metric=0.0462]

Epoch 20:  47%|████▋     | 15/32 [00:02<00:02,  6.66it/s][A
Training Epochs:  20%|██        | 20/100 [01:40<07:00,  5.25s/it, -ELBO=1.3652, Potential Metric=0.0894, Entropy Metric=0.0469]

Epoch 20:  50%|█████     | 16/32 [00:02<00:02,  6.66it/s][A
Training Epochs:  20%|██        | 20/100 [01:40<07:00,  5.25s/it, -ELBO=1.7110, Potential Metric=0.0807, Entropy Metric=0.0427]

Epoch 20:  53%|█████▎    | 17/32 [00:02<00:02,  6.48it/s][A
Training Epochs:  20%|██        | 20/100 [01:40<07:00,  5.25s/it, -ELBO=1.7651, Potential Metric=0.0902, Entropy Metric=0.0399]

Epoch 20:  56%|█████▋    | 18/32 [00:02<00:02,  6.44it/s][A
Training Epochs:  20%|██        | 20/100 [01:41<07:00,  5.25s/it, -ELBO=1.7093, Potential Metric=0.0883, Entropy Metric=0.0392]

Epoch 20:  59%|█████▉    | 19/32 [00:02<00:02,  6.43it/s][A
Training Epochs:  20%|██        | 20/100 [01:41<07:00,  5.25s/it, -ELBO=1.4883, Potential Metric=0.0868, Entropy Metric=0.0436]

Epoch 20:  62%|██████▎   | 20/32 [00:03<00:01,  6.17it/s][A
Training Epochs:  20%|██        | 20/100 [01:41<07:00,  5.25s/it, -ELBO=1.4786, Potential Metric=0.0839, Entropy Metric=0.0458]

Epoch 20:  66%|██████▌   | 21/32 [00:03<00:01,  6.21it/s][A
Training Epochs:  20%|██        | 20/100 [01:41<07:00,  5.25s/it, -ELBO=1.4648, Potential Metric=0.1050, Entropy Metric=0.0436]

Epoch 20:  69%|██████▉   | 22/32 [00:03<00:01,  6.24it/s][A
Training Epochs:  20%|██        | 20/100 [01:41<07:00,  5.25s/it, -ELBO=1.6154, Potential Metric=0.0883, Entropy Metric=0.0426]

Epoch 20:  72%|███████▏  | 23/32 [00:03<00:01,  6.29it/s][A
Training Epochs:  20%|██        | 20/100 [01:41<07:00,  5.25s/it, -ELBO=1.5172, Potential Metric=0.0907, Entropy Metric=0.0427]

Epoch 20:  75%|███████▌  | 24/32 [00:03<00:01,  6.33it/s][A
Training Epochs:  20%|██        | 20/100 [01:42<07:00,  5.25s/it, -ELBO=1.7055, Potential Metric=0.0859, Entropy Metric=0.0391]

Epoch 20:  78%|███████▊  | 25/32 [00:03<00:01,  6.35it/s][A
Training Epochs:  20%|██        | 20/100 [01:42<07:00,  5.25s/it, -ELBO=1.5615, Potential Metric=0.0891, Entropy Metric=0.0392]

Epoch 20:  81%|████████▏ | 26/32 [00:04<00:00,  6.30it/s][A
Training Epochs:  20%|██        | 20/100 [01:42<07:00,  5.25s/it, -ELBO=1.4498, Potential Metric=0.0908, Entropy Metric=0.0386]

Epoch 20:  84%|████████▍ | 27/32 [00:04<00:00,  6.45it/s][A
Training Epochs:  20%|██        | 20/100 [01:42<07:00,  5.25s/it, -ELBO=1.4144, Potential Metric=0.0867, Entropy Metric=0.0420]

Epoch 20:  88%|████████▊ | 28/32 [00:04<00:00,  6.36it/s][A
Training Epochs:  20%|██        | 20/100 [01:42<07:00,  5.25s/it, -ELBO=1.5018, Potential Metric=0.0856, Entropy Metric=0.0403]

Epoch 20:  91%|█████████ | 29/32 [00:04<00:00,  6.45it/s][A
Training Epochs:  20%|██        | 20/100 [01:42<07:00,  5.25s/it, -ELBO=1.4852, Potential Metric=0.0924, Entropy Metric=0.0453]

Epoch 20:  94%|█████████▍| 30/32 [00:04<00:00,  6.56it/s][A
Training Epochs:  20%|██        | 20/100 [01:42<07:00,  5.25s/it, -ELBO=1.3875, Potential Metric=0.0919, Entropy Metric=0.0398]

Epoch 20:  97%|█████████▋| 31/32 [00:04<00:00,  6.50it/s][A
Training Epochs:  20%|██        | 20/100 [01:43<07:00,  5.25s/it, -ELBO=1.4337, Potential Metric=0.0960, Entropy Metric=0.0415]

Epoch 20: 100%|██████████| 32/32 [00:04<00:00,  6.47it/s][A

                                                         [A
Training Epochs:  21%|██        | 21/100 [01:43<06:52,  5.22s/it, -ELBO=1.4337, Potential Metric=0.0960, Entropy Metric=0.0415]

Epoch 21:   0%|          | 0/32 [00:00<?, ?it/s][A
Training Epochs:  21%|██        | 21/100 [01:43<06:52,  5.22s/it, -ELBO=1.5650, Potential Metric=0.0885, Entropy Metric=0.0431]

Epoch 21:   3%|▎         | 1/32 [00:00<00:06,  4.96it/s][A
Training Epochs:  21%|██        | 21/100 [01:43<06:52,  5.22s/it, -ELBO=1.5437, Potential Metric=0.0905, Entropy Metric=0.0446]

Epoch 21:   6%|▋         | 2/32 [00:00<00:05,  5.95it/s][A
Training Epochs:  21%|██        | 21/100 [01:43<06:52,  5.22s/it, -ELBO=1.4069, Potential Metric=0.0864, Entropy Metric=0.0439]

Epoch 21:   9%|▉         | 3/32 [00:00<00:04,  6.37it/s][A
Training Epochs:  21%|██        | 21/100 [01:43<06:52,  5.22s/it, -ELBO=1.5068, Potential Metric=0.0898, Entropy Metric=0.0447]

Epoch 21:  12%|█▎        | 4/32 [00:00<00:04,  6.53it/s][A
Training Epochs:  21%|██        | 21/100 [01:44<06:52,  5.22s/it, -ELBO=1.4231, Potential Metric=0.0911, Entropy Metric=0.0474]

Epoch 21:  16%|█▌        | 5/32 [00:00<00:04,  6.48it/s][A
Training Epochs:  21%|██        | 21/100 [01:44<06:52,  5.22s/it, -ELBO=1.5635, Potential Metric=0.0909, Entropy Metric=0.0451]

Epoch 21:  19%|█▉        | 6/32 [00:00<00:04,  6.25it/s][A
Training Epochs:  21%|██        | 21/100 [01:44<06:52,  5.22s/it, -ELBO=1.4139, Potential Metric=0.0960, Entropy Metric=0.0433]

Epoch 21:  22%|██▏       | 7/32 [00:01<00:03,  6.36it/s][A
Training Epochs:  21%|██        | 21/100 [01:44<06:52,  5.22s/it, -ELBO=1.5301, Potential Metric=0.1055, Entropy Metric=0.0442]

Epoch 21:  25%|██▌       | 8/32 [00:01<00:03,  6.30it/s][A
Training Epochs:  21%|██        | 21/100 [01:44<06:52,  5.22s/it, -ELBO=1.5170, Potential Metric=0.0905, Entropy Metric=0.0443]

Epoch 21:  28%|██▊       | 9/32 [00:01<00:03,  6.17it/s][A
Training Epochs:  21%|██        | 21/100 [01:44<06:52,  5.22s/it, -ELBO=1.7457, Potential Metric=0.1044, Entropy Metric=0.0430]

Epoch 21:  31%|███▏      | 10/32 [00:01<00:03,  6.16it/s][A
Training Epochs:  21%|██        | 21/100 [01:45<06:52,  5.22s/it, -ELBO=1.5274, Potential Metric=0.0927, Entropy Metric=0.0434]

Epoch 21:  34%|███▍      | 11/32 [00:01<00:03,  6.33it/s][A
Training Epochs:  21%|██        | 21/100 [01:45<06:52,  5.22s/it, -ELBO=1.3604, Potential Metric=0.0990, Entropy Metric=0.0436]

Epoch 21:  38%|███▊      | 12/32 [00:01<00:03,  6.25it/s][A
Training Epochs:  21%|██        | 21/100 [01:45<06:52,  5.22s/it, -ELBO=1.4340, Potential Metric=0.0877, Entropy Metric=0.0438]

Epoch 21:  41%|████      | 13/32 [00:02<00:02,  6.35it/s][A
Training Epochs:  21%|██        | 21/100 [01:45<06:52,  5.22s/it, -ELBO=1.2709, Potential Metric=0.0888, Entropy Metric=0.0466]

Epoch 21:  44%|████▍     | 14/32 [00:02<00:02,  6.20it/s][A
Training Epochs:  21%|██        | 21/100 [01:45<06:52,  5.22s/it, -ELBO=1.5895, Potential Metric=0.0949, Entropy Metric=0.0436]

Epoch 21:  47%|████▋     | 15/32 [00:02<00:02,  6.28it/s][A
Training Epochs:  21%|██        | 21/100 [01:45<06:52,  5.22s/it, -ELBO=1.4484, Potential Metric=0.0843, Entropy Metric=0.0434]

Epoch 21:  50%|█████     | 16/32 [00:02<00:02,  6.26it/s][A
Training Epochs:  21%|██        | 21/100 [01:45<06:52,  5.22s/it, -ELBO=1.4273, Potential Metric=0.0922, Entropy Metric=0.0432]

Epoch 21:  53%|█████▎    | 17/32 [00:02<00:02,  6.40it/s][A
Training Epochs:  21%|██        | 21/100 [01:46<06:52,  5.22s/it, -ELBO=1.3087, Potential Metric=0.0909, Entropy Metric=0.0400]

Epoch 21:  56%|█████▋    | 18/32 [00:02<00:02,  6.36it/s][A
Training Epochs:  21%|██        | 21/100 [01:46<06:52,  5.22s/it, -ELBO=1.4007, Potential Metric=0.0853, Entropy Metric=0.0409]

Epoch 21:  59%|█████▉    | 19/32 [00:03<00:02,  6.22it/s][A
Training Epochs:  21%|██        | 21/100 [01:46<06:52,  5.22s/it, -ELBO=1.2730, Potential Metric=0.0963, Entropy Metric=0.0399]

Epoch 21:  62%|██████▎   | 20/32 [00:03<00:01,  6.28it/s][A
Training Epochs:  21%|██        | 21/100 [01:46<06:52,  5.22s/it, -ELBO=1.4129, Potential Metric=0.0984, Entropy Metric=0.0399]

Epoch 21:  66%|██████▌   | 21/32 [00:03<00:01,  6.34it/s][A
Training Epochs:  21%|██        | 21/100 [01:46<06:52,  5.22s/it, -ELBO=1.7281, Potential Metric=0.0886, Entropy Metric=0.0406]

Epoch 21:  69%|██████▉   | 22/32 [00:03<00:01,  6.30it/s][A
Training Epochs:  21%|██        | 21/100 [01:46<06:52,  5.22s/it, -ELBO=1.2681, Potential Metric=0.0876, Entropy Metric=0.0446]

Epoch 21:  72%|███████▏  | 23/32 [00:03<00:01,  6.27it/s][A
Training Epochs:  21%|██        | 21/100 [01:47<06:52,  5.22s/it, -ELBO=1.4644, Potential Metric=0.0982, Entropy Metric=0.0418]

Epoch 21:  75%|███████▌  | 24/32 [00:03<00:01,  6.34it/s][A
Training Epochs:  21%|██        | 21/100 [01:47<06:52,  5.22s/it, -ELBO=1.5453, Potential Metric=0.1022, Entropy Metric=0.0422]

Epoch 21:  78%|███████▊  | 25/32 [00:03<00:01,  6.26it/s][A
Training Epochs:  21%|██        | 21/100 [01:47<06:52,  5.22s/it, -ELBO=1.4034, Potential Metric=0.0963, Entropy Metric=0.0424]

Epoch 21:  81%|████████▏ | 26/32 [00:04<00:00,  6.29it/s][A
Training Epochs:  21%|██        | 21/100 [01:47<06:52,  5.22s/it, -ELBO=1.4356, Potential Metric=0.0917, Entropy Metric=0.0427]

Epoch 21:  84%|████████▍ | 27/32 [00:04<00:00,  6.31it/s][A
Training Epochs:  21%|██        | 21/100 [01:47<06:52,  5.22s/it, -ELBO=1.5121, Potential Metric=0.0900, Entropy Metric=0.0406]

Epoch 21:  88%|████████▊ | 28/32 [00:04<00:00,  6.33it/s][A
Training Epochs:  21%|██        | 21/100 [01:47<06:52,  5.22s/it, -ELBO=1.5503, Potential Metric=0.0888, Entropy Metric=0.0390]

Epoch 21:  91%|█████████ | 29/32 [00:04<00:00,  6.38it/s][A
Training Epochs:  21%|██        | 21/100 [01:48<06:52,  5.22s/it, -ELBO=1.4989, Potential Metric=0.0830, Entropy Metric=0.0477]

Epoch 21:  94%|█████████▍| 30/32 [00:04<00:00,  6.36it/s][A
Training Epochs:  21%|██        | 21/100 [01:48<06:52,  5.22s/it, -ELBO=1.5675, Potential Metric=0.0889, Entropy Metric=0.0466]

Epoch 21:  97%|█████████▋| 31/32 [00:04<00:00,  6.32it/s][A
Training Epochs:  21%|██        | 21/100 [01:48<06:52,  5.22s/it, -ELBO=1.6593, Potential Metric=0.0929, Entropy Metric=0.0435]

Epoch 21: 100%|██████████| 32/32 [00:05<00:00,  6.02it/s][A

                                                         [A
Training Epochs:  22%|██▏       | 22/100 [01:48<06:48,  5.24s/it, -ELBO=1.6593, Potential Metric=0.0929, Entropy Metric=0.0435]

Epoch 22:   0%|          | 0/32 [00:00<?, ?it/s][A
Training Epochs:  22%|██▏       | 22/100 [01:48<06:48,  5.24s/it, -ELBO=1.5572, Potential Metric=0.0935, Entropy Metric=0.0447]

Epoch 22:   3%|▎         | 1/32 [00:00<00:06,  4.95it/s][A
Training Epochs:  22%|██▏       | 22/100 [01:48<06:48,  5.24s/it, -ELBO=1.4400, Potential Metric=0.1048, Entropy Metric=0.0433]

Epoch 22:   6%|▋         | 2/32 [00:00<00:05,  5.81it/s][A
Training Epochs:  22%|██▏       | 22/100 [01:49<06:48,  5.24s/it, -ELBO=1.5899, Potential Metric=0.1024, Entropy Metric=0.0430]

Epoch 22:   9%|▉         | 3/32 [00:00<00:04,  5.98it/s][A
Training Epochs:  22%|██▏       | 22/100 [01:49<06:48,  5.24s/it, -ELBO=1.3309, Potential Metric=0.0947, Entropy Metric=0.0456]

Epoch 22:  12%|█▎        | 4/32 [00:00<00:04,  6.07it/s][A
Training Epochs:  22%|██▏       | 22/100 [01:49<06:48,  5.24s/it, -ELBO=1.5887, Potential Metric=0.0969, Entropy Metric=0.0390]

Epoch 22:  16%|█▌        | 5/32 [00:00<00:04,  6.12it/s][A
Training Epochs:  22%|██▏       | 22/100 [01:49<06:48,  5.24s/it, -ELBO=1.4923, Potential Metric=0.0838, Entropy Metric=0.0373]

Epoch 22:  19%|█▉        | 6/32 [00:00<00:04,  6.16it/s][A
Training Epochs:  22%|██▏       | 22/100 [01:49<06:48,  5.24s/it, -ELBO=1.4853, Potential Metric=0.0866, Entropy Metric=0.0389]

Epoch 22:  22%|██▏       | 7/32 [00:01<00:04,  6.17it/s][A
Training Epochs:  22%|██▏       | 22/100 [01:49<06:48,  5.24s/it, -ELBO=1.6154, Potential Metric=0.0850, Entropy Metric=0.0396]

Epoch 22:  25%|██▌       | 8/32 [00:01<00:03,  6.36it/s][A
Training Epochs:  22%|██▏       | 22/100 [01:50<06:48,  5.24s/it, -ELBO=1.5247, Potential Metric=0.0900, Entropy Metric=0.0419]

Epoch 22:  28%|██▊       | 9/32 [00:01<00:03,  6.35it/s][A
Training Epochs:  22%|██▏       | 22/100 [01:50<06:48,  5.24s/it, -ELBO=1.3711, Potential Metric=0.0899, Entropy Metric=0.0392]

Epoch 22:  31%|███▏      | 10/32 [00:01<00:03,  6.36it/s][A
Training Epochs:  22%|██▏       | 22/100 [01:50<06:48,  5.24s/it, -ELBO=1.4215, Potential Metric=0.0778, Entropy Metric=0.0382]

Epoch 22:  34%|███▍      | 11/32 [00:01<00:03,  6.24it/s][A
Training Epochs:  22%|██▏       | 22/100 [01:50<06:48,  5.24s/it, -ELBO=1.5650, Potential Metric=0.0891, Entropy Metric=0.0407]

Epoch 22:  38%|███▊      | 12/32 [00:01<00:03,  6.37it/s][A
Training Epochs:  22%|██▏       | 22/100 [01:50<06:48,  5.24s/it, -ELBO=1.3489, Potential Metric=0.0921, Entropy Metric=0.0459]

Epoch 22:  41%|████      | 13/32 [00:02<00:03,  6.27it/s][A
Training Epochs:  22%|██▏       | 22/100 [01:50<06:48,  5.24s/it, -ELBO=1.4463, Potential Metric=0.0829, Entropy Metric=0.0457]

Epoch 22:  44%|████▍     | 14/32 [00:02<00:02,  6.21it/s][A
Training Epochs:  22%|██▏       | 22/100 [01:51<06:48,  5.24s/it, -ELBO=1.4043, Potential Metric=0.1002, Entropy Metric=0.0421]

Epoch 22:  47%|████▋     | 15/32 [00:02<00:02,  6.21it/s][A
Training Epochs:  22%|██▏       | 22/100 [01:51<06:48,  5.24s/it, -ELBO=1.3976, Potential Metric=0.0970, Entropy Metric=0.0440]

Epoch 22:  50%|█████     | 16/32 [00:02<00:02,  6.26it/s][A
Training Epochs:  22%|██▏       | 22/100 [01:51<06:48,  5.24s/it, -ELBO=1.3827, Potential Metric=0.1040, Entropy Metric=0.0473]

Epoch 22:  53%|█████▎    | 17/32 [00:02<00:02,  6.29it/s][A
Training Epochs:  22%|██▏       | 22/100 [01:51<06:48,  5.24s/it, -ELBO=1.1788, Potential Metric=0.0928, Entropy Metric=0.0497]

Epoch 22:  56%|█████▋    | 18/32 [00:02<00:02,  6.32it/s][A
Training Epochs:  22%|██▏       | 22/100 [01:51<06:48,  5.24s/it, -ELBO=1.3509, Potential Metric=0.1071, Entropy Metric=0.0466]

Epoch 22:  59%|█████▉    | 19/32 [00:03<00:02,  6.28it/s][A
Training Epochs:  22%|██▏       | 22/100 [01:51<06:48,  5.24s/it, -ELBO=1.5260, Potential Metric=0.0925, Entropy Metric=0.0422]

Epoch 22:  62%|██████▎   | 20/32 [00:03<00:01,  6.15it/s][A
Training Epochs:  22%|██▏       | 22/100 [01:51<06:48,  5.24s/it, -ELBO=1.3375, Potential Metric=0.1056, Entropy Metric=0.0435]

Epoch 22:  66%|██████▌   | 21/32 [00:03<00:01,  6.20it/s][A
Training Epochs:  22%|██▏       | 22/100 [01:52<06:48,  5.24s/it, -ELBO=1.4201, Potential Metric=0.1024, Entropy Metric=0.0466]

Epoch 22:  69%|██████▉   | 22/32 [00:03<00:01,  6.15it/s][A
Training Epochs:  22%|██▏       | 22/100 [01:52<06:48,  5.24s/it, -ELBO=1.3136, Potential Metric=0.0986, Entropy Metric=0.0422]

Epoch 22:  72%|███████▏  | 23/32 [00:03<00:01,  6.11it/s][A
Training Epochs:  22%|██▏       | 22/100 [01:52<06:48,  5.24s/it, -ELBO=1.4875, Potential Metric=0.0944, Entropy Metric=0.0409]

Epoch 22:  75%|███████▌  | 24/32 [00:03<00:01,  6.17it/s][A
Training Epochs:  22%|██▏       | 22/100 [01:52<06:48,  5.24s/it, -ELBO=1.3701, Potential Metric=0.0927, Entropy Metric=0.0438]

Epoch 22:  78%|███████▊  | 25/32 [00:04<00:01,  6.28it/s][A
Training Epochs:  22%|██▏       | 22/100 [01:52<06:48,  5.24s/it, -ELBO=1.1942, Potential Metric=0.0990, Entropy Metric=0.0426]

Epoch 22:  81%|████████▏ | 26/32 [00:04<00:00,  6.29it/s][A
Training Epochs:  22%|██▏       | 22/100 [01:52<06:48,  5.24s/it, -ELBO=1.4256, Potential Metric=0.0943, Entropy Metric=0.0410]

Epoch 22:  84%|████████▍ | 27/32 [00:04<00:00,  6.30it/s][A
Training Epochs:  22%|██▏       | 22/100 [01:53<06:48,  5.24s/it, -ELBO=1.5493, Potential Metric=0.0904, Entropy Metric=0.0411]

Epoch 22:  88%|████████▊ | 28/32 [00:04<00:00,  6.22it/s][A
Training Epochs:  22%|██▏       | 22/100 [01:53<06:48,  5.24s/it, -ELBO=1.4612, Potential Metric=0.0945, Entropy Metric=0.0372]

Epoch 22:  91%|█████████ | 29/32 [00:04<00:00,  6.36it/s][A
Training Epochs:  22%|██▏       | 22/100 [01:53<06:48,  5.24s/it, -ELBO=1.4302, Potential Metric=0.1064, Entropy Metric=0.0365]

Epoch 22:  94%|█████████▍| 30/32 [00:04<00:00,  6.29it/s][A
Training Epochs:  22%|██▏       | 22/100 [01:53<06:48,  5.24s/it, -ELBO=1.3142, Potential Metric=0.0908, Entropy Metric=0.0407]

Epoch 22:  97%|█████████▋| 31/32 [00:04<00:00,  6.40it/s][A
Training Epochs:  22%|██▏       | 22/100 [01:53<06:48,  5.24s/it, -ELBO=1.3564, Potential Metric=0.1022, Entropy Metric=0.0431]

Epoch 22: 100%|██████████| 32/32 [00:05<00:00,  6.44it/s][A

                                                         [A
Training Epochs:  23%|██▎       | 23/100 [01:53<06:45,  5.26s/it, -ELBO=1.3564, Potential Metric=0.1022, Entropy Metric=0.0431]

Epoch 23:   0%|          | 0/32 [00:00<?, ?it/s][A
Training Epochs:  23%|██▎       | 23/100 [01:54<06:45,  5.26s/it, -ELBO=1.3131, Potential Metric=0.0998, Entropy Metric=0.0415]

Epoch 23:   3%|▎         | 1/32 [00:00<00:06,  4.79it/s][A
Training Epochs:  23%|██▎       | 23/100 [01:54<06:45,  5.26s/it, -ELBO=1.3370, Potential Metric=0.0979, Entropy Metric=0.0381]

Epoch 23:   6%|▋         | 2/32 [00:00<00:05,  5.63it/s][A
Training Epochs:  23%|██▎       | 23/100 [01:54<06:45,  5.26s/it, -ELBO=1.4159, Potential Metric=0.0984, Entropy Metric=0.0428]

Epoch 23:   9%|▉         | 3/32 [00:00<00:04,  5.94it/s][A
Training Epochs:  23%|██▎       | 23/100 [01:54<06:45,  5.26s/it, -ELBO=1.4303, Potential Metric=0.1053, Entropy Metric=0.0426]

Epoch 23:  12%|█▎        | 4/32 [00:00<00:04,  6.10it/s][A
Training Epochs:  23%|██▎       | 23/100 [01:54<06:45,  5.26s/it, -ELBO=1.1951, Potential Metric=0.0922, Entropy Metric=0.0417]

Epoch 23:  16%|█▌        | 5/32 [00:00<00:04,  6.20it/s][A
Training Epochs:  23%|██▎       | 23/100 [01:54<06:45,  5.26s/it, -ELBO=1.4700, Potential Metric=0.1051, Entropy Metric=0.0403]

Epoch 23:  19%|█▉        | 6/32 [00:00<00:04,  6.33it/s][A
Training Epochs:  23%|██▎       | 23/100 [01:55<06:45,  5.26s/it, -ELBO=1.6733, Potential Metric=0.0996, Entropy Metric=0.0369]

Epoch 23:  22%|██▏       | 7/32 [00:01<00:03,  6.36it/s][A
Training Epochs:  23%|██▎       | 23/100 [01:55<06:45,  5.26s/it, -ELBO=1.2988, Potential Metric=0.0967, Entropy Metric=0.0364]

Epoch 23:  25%|██▌       | 8/32 [00:01<00:03,  6.38it/s][A
Training Epochs:  23%|██▎       | 23/100 [01:55<06:45,  5.26s/it, -ELBO=1.5575, Potential Metric=0.0990, Entropy Metric=0.0361]

Epoch 23:  28%|██▊       | 9/32 [00:01<00:03,  6.31it/s][A
Training Epochs:  23%|██▎       | 23/100 [01:55<06:45,  5.26s/it, -ELBO=1.4035, Potential Metric=0.1049, Entropy Metric=0.0374]

Epoch 23:  31%|███▏      | 10/32 [00:01<00:03,  6.37it/s][A
Training Epochs:  23%|██▎       | 23/100 [01:55<06:45,  5.26s/it, -ELBO=1.4454, Potential Metric=0.0937, Entropy Metric=0.0370]

Epoch 23:  34%|███▍      | 11/32 [00:01<00:03,  6.36it/s][A
Training Epochs:  23%|██▎       | 23/100 [01:55<06:45,  5.26s/it, -ELBO=1.3993, Potential Metric=0.0974, Entropy Metric=0.0352]

Epoch 23:  38%|███▊      | 12/32 [00:01<00:03,  6.52it/s][A
Training Epochs:  23%|██▎       | 23/100 [01:55<06:45,  5.26s/it, -ELBO=1.5100, Potential Metric=0.0959, Entropy Metric=0.0346]

Epoch 23:  41%|████      | 13/32 [00:02<00:02,  6.43it/s][A
Training Epochs:  23%|██▎       | 23/100 [01:56<06:45,  5.26s/it, -ELBO=1.3736, Potential Metric=0.0955, Entropy Metric=0.0414]

Epoch 23:  44%|████▍     | 14/32 [00:02<00:02,  6.45it/s][A
Training Epochs:  23%|██▎       | 23/100 [01:56<06:45,  5.26s/it, -ELBO=1.2733, Potential Metric=0.1067, Entropy Metric=0.0423]

Epoch 23:  47%|████▋     | 15/32 [00:02<00:02,  6.41it/s][A
Training Epochs:  23%|██▎       | 23/100 [01:56<06:45,  5.26s/it, -ELBO=1.3870, Potential Metric=0.0927, Entropy Metric=0.0402]

Epoch 23:  50%|█████     | 16/32 [00:02<00:02,  6.56it/s][A
Training Epochs:  23%|██▎       | 23/100 [01:56<06:45,  5.26s/it, -ELBO=1.2155, Potential Metric=0.0944, Entropy Metric=0.0436]

Epoch 23:  53%|█████▎    | 17/32 [00:02<00:02,  6.46it/s][A
Training Epochs:  23%|██▎       | 23/100 [01:56<06:45,  5.26s/it, -ELBO=1.3528, Potential Metric=0.0910, Entropy Metric=0.0465]

Epoch 23:  56%|█████▋    | 18/32 [00:02<00:02,  6.60it/s][A
Training Epochs:  23%|██▎       | 23/100 [01:56<06:45,  5.26s/it, -ELBO=1.5103, Potential Metric=0.0910, Entropy Metric=0.0424]

Epoch 23:  59%|█████▉    | 19/32 [00:02<00:02,  6.48it/s][A
Training Epochs:  23%|██▎       | 23/100 [01:57<06:45,  5.26s/it, -ELBO=1.4036, Potential Metric=0.0976, Entropy Metric=0.0452]

Epoch 23:  62%|██████▎   | 20/32 [00:03<00:01,  6.54it/s][A
Training Epochs:  23%|██▎       | 23/100 [01:57<06:45,  5.26s/it, -ELBO=1.1939, Potential Metric=0.0959, Entropy Metric=0.0504]

Epoch 23:  66%|██████▌   | 21/32 [00:03<00:01,  6.60it/s][A
Training Epochs:  23%|██▎       | 23/100 [01:57<06:45,  5.26s/it, -ELBO=1.4056, Potential Metric=0.0875, Entropy Metric=0.0466]

Epoch 23:  69%|██████▉   | 22/32 [00:03<00:01,  6.65it/s][A
Training Epochs:  23%|██▎       | 23/100 [01:57<06:45,  5.26s/it, -ELBO=1.3425, Potential Metric=0.0879, Entropy Metric=0.0485]

Epoch 23:  72%|███████▏  | 23/32 [00:03<00:01,  6.72it/s][A
Training Epochs:  23%|██▎       | 23/100 [01:57<06:45,  5.26s/it, -ELBO=1.3677, Potential Metric=0.0929, Entropy Metric=0.0482]

Epoch 23:  75%|███████▌  | 24/32 [00:03<00:01,  6.48it/s][A
Training Epochs:  23%|██▎       | 23/100 [01:57<06:45,  5.26s/it, -ELBO=1.2356, Potential Metric=0.0933, Entropy Metric=0.0465]

Epoch 23:  78%|███████▊  | 25/32 [00:03<00:01,  6.34it/s][A
Training Epochs:  23%|██▎       | 23/100 [01:57<06:45,  5.26s/it, -ELBO=1.4035, Potential Metric=0.1111, Entropy Metric=0.0446]

Epoch 23:  81%|████████▏ | 26/32 [00:04<00:00,  6.34it/s][A
Training Epochs:  23%|██▎       | 23/100 [01:58<06:45,  5.26s/it, -ELBO=1.3942, Potential Metric=0.0985, Entropy Metric=0.0438]

Epoch 23:  84%|████████▍ | 27/32 [00:04<00:00,  6.35it/s][A
Training Epochs:  23%|██▎       | 23/100 [01:58<06:45,  5.26s/it, -ELBO=1.3180, Potential Metric=0.0917, Entropy Metric=0.0399]

Epoch 23:  88%|████████▊ | 28/32 [00:04<00:00,  6.25it/s][A
Training Epochs:  23%|██▎       | 23/100 [01:58<06:45,  5.26s/it, -ELBO=1.6360, Potential Metric=0.0920, Entropy Metric=0.0381]

Epoch 23:  91%|█████████ | 29/32 [00:04<00:00,  6.30it/s][A
Training Epochs:  23%|██▎       | 23/100 [01:58<06:45,  5.26s/it, -ELBO=1.3253, Potential Metric=0.0980, Entropy Metric=0.0414]

Epoch 23:  94%|█████████▍| 30/32 [00:04<00:00,  6.25it/s][A
Training Epochs:  23%|██▎       | 23/100 [01:58<06:45,  5.26s/it, -ELBO=1.3945, Potential Metric=0.0986, Entropy Metric=0.0404]

Epoch 23:  97%|█████████▋| 31/32 [00:04<00:00,  6.23it/s][A
Training Epochs:  23%|██▎       | 23/100 [01:58<06:45,  5.26s/it, -ELBO=1.2560, Potential Metric=0.0898, Entropy Metric=0.0384]

Epoch 23: 100%|██████████| 32/32 [00:05<00:00,  6.27it/s][A

                                                         [A
Training Epochs:  24%|██▍       | 24/100 [01:58<06:38,  5.25s/it, -ELBO=1.2560, Potential Metric=0.0898, Entropy Metric=0.0384]

Epoch 24:   0%|          | 0/32 [00:00<?, ?it/s][A
Training Epochs:  24%|██▍       | 24/100 [01:59<06:38,  5.25s/it, -ELBO=1.3336, Potential Metric=0.1083, Entropy Metric=0.0356]

Epoch 24:   3%|▎         | 1/32 [00:00<00:06,  5.07it/s][A
Training Epochs:  24%|██▍       | 24/100 [01:59<06:38,  5.25s/it, -ELBO=1.3172, Potential Metric=0.0875, Entropy Metric=0.0377]

Epoch 24:   6%|▋         | 2/32 [00:00<00:05,  5.75it/s][A
Training Epochs:  24%|██▍       | 24/100 [01:59<06:38,  5.25s/it, -ELBO=1.2467, Potential Metric=0.0999, Entropy Metric=0.0406]

Epoch 24:   9%|▉         | 3/32 [00:00<00:04,  6.03it/s][A
Training Epochs:  24%|██▍       | 24/100 [01:59<06:38,  5.25s/it, -ELBO=1.3320, Potential Metric=0.1069, Entropy Metric=0.0372]

Epoch 24:  12%|█▎        | 4/32 [00:00<00:04,  5.90it/s][A
Training Epochs:  24%|██▍       | 24/100 [01:59<06:38,  5.25s/it, -ELBO=1.2305, Potential Metric=0.1030, Entropy Metric=0.0348]

Epoch 24:  16%|█▌        | 5/32 [00:00<00:04,  6.06it/s][A
Training Epochs:  24%|██▍       | 24/100 [02:00<06:38,  5.25s/it, -ELBO=1.3293, Potential Metric=0.1020, Entropy Metric=0.0352]

Epoch 24:  19%|█▉        | 6/32 [00:00<00:04,  6.19it/s][A
Training Epochs:  24%|██▍       | 24/100 [02:00<06:38,  5.25s/it, -ELBO=1.3982, Potential Metric=0.1051, Entropy Metric=0.0357]

Epoch 24:  22%|██▏       | 7/32 [00:01<00:04,  6.18it/s][A
Training Epochs:  24%|██▍       | 24/100 [02:00<06:38,  5.25s/it, -ELBO=1.2672, Potential Metric=0.1057, Entropy Metric=0.0397]

Epoch 24:  25%|██▌       | 8/32 [00:01<00:03,  6.10it/s][A
Training Epochs:  24%|██▍       | 24/100 [02:00<06:38,  5.25s/it, -ELBO=1.3788, Potential Metric=0.1068, Entropy Metric=0.0367]

Epoch 24:  28%|██▊       | 9/32 [00:01<00:03,  6.17it/s][A
Training Epochs:  24%|██▍       | 24/100 [02:00<06:38,  5.25s/it, -ELBO=1.3849, Potential Metric=0.1073, Entropy Metric=0.0356]

Epoch 24:  31%|███▏      | 10/32 [00:01<00:03,  6.22it/s][A
Training Epochs:  24%|██▍       | 24/100 [02:00<06:38,  5.25s/it, -ELBO=1.3195, Potential Metric=0.1044, Entropy Metric=0.0363]

Epoch 24:  34%|███▍      | 11/32 [00:01<00:03,  6.23it/s][A
Training Epochs:  24%|██▍       | 24/100 [02:01<06:38,  5.25s/it, -ELBO=1.3754, Potential Metric=0.1016, Entropy Metric=0.0397]

Epoch 24:  38%|███▊      | 12/32 [00:01<00:03,  6.27it/s][A
Training Epochs:  24%|██▍       | 24/100 [02:01<06:38,  5.25s/it, -ELBO=1.4444, Potential Metric=0.1044, Entropy Metric=0.0399]

Epoch 24:  41%|████      | 13/32 [00:02<00:02,  6.34it/s][A
Training Epochs:  24%|██▍       | 24/100 [02:01<06:38,  5.25s/it, -ELBO=1.3685, Potential Metric=0.0958, Entropy Metric=0.0427]

Epoch 24:  44%|████▍     | 14/32 [00:02<00:02,  6.34it/s][A
Training Epochs:  24%|██▍       | 24/100 [02:01<06:38,  5.25s/it, -ELBO=1.2638, Potential Metric=0.1028, Entropy Metric=0.0410]

Epoch 24:  47%|████▋     | 15/32 [00:02<00:02,  6.44it/s][A
Training Epochs:  24%|██▍       | 24/100 [02:01<06:38,  5.25s/it, -ELBO=1.3074, Potential Metric=0.0909, Entropy Metric=0.0395]

Epoch 24:  50%|█████     | 16/32 [00:02<00:02,  6.32it/s][A
Training Epochs:  24%|██▍       | 24/100 [02:01<06:38,  5.25s/it, -ELBO=1.4276, Potential Metric=0.1007, Entropy Metric=0.0436]

Epoch 24:  53%|█████▎    | 17/32 [00:02<00:02,  6.31it/s][A
Training Epochs:  24%|██▍       | 24/100 [02:01<06:38,  5.25s/it, -ELBO=1.4543, Potential Metric=0.1017, Entropy Metric=0.0434]

Epoch 24:  56%|█████▋    | 18/32 [00:02<00:02,  6.33it/s][A
Training Epochs:  24%|██▍       | 24/100 [02:02<06:38,  5.25s/it, -ELBO=1.3044, Potential Metric=0.0970, Entropy Metric=0.0443]

Epoch 24:  59%|█████▉    | 19/32 [00:03<00:02,  6.30it/s][A
Training Epochs:  24%|██▍       | 24/100 [02:02<06:38,  5.25s/it, -ELBO=1.3518, Potential Metric=0.1049, Entropy Metric=0.0390]

Epoch 24:  62%|██████▎   | 20/32 [00:03<00:01,  6.31it/s][A
Training Epochs:  24%|██▍       | 24/100 [02:02<06:38,  5.25s/it, -ELBO=1.3491, Potential Metric=0.1011, Entropy Metric=0.0389]

Epoch 24:  66%|██████▌   | 21/32 [00:03<00:01,  6.41it/s][A
Training Epochs:  24%|██▍       | 24/100 [02:02<06:38,  5.25s/it, -ELBO=1.2971, Potential Metric=0.0973, Entropy Metric=0.0386]

Epoch 24:  69%|██████▉   | 22/32 [00:03<00:01,  6.29it/s][A
Training Epochs:  24%|██▍       | 24/100 [02:02<06:38,  5.25s/it, -ELBO=1.3561, Potential Metric=0.1024, Entropy Metric=0.0398]

Epoch 24:  72%|███████▏  | 23/32 [00:03<00:01,  6.27it/s][A
Training Epochs:  24%|██▍       | 24/100 [02:02<06:38,  5.25s/it, -ELBO=1.4169, Potential Metric=0.1061, Entropy Metric=0.0407]

Epoch 24:  75%|███████▌  | 24/32 [00:03<00:01,  6.19it/s][A
Training Epochs:  24%|██▍       | 24/100 [02:03<06:38,  5.25s/it, -ELBO=1.2214, Potential Metric=0.0938, Entropy Metric=0.0404]

Epoch 24:  78%|███████▊  | 25/32 [00:04<00:01,  6.11it/s][A
Training Epochs:  24%|██▍       | 24/100 [02:03<06:38,  5.25s/it, -ELBO=1.2723, Potential Metric=0.0943, Entropy Metric=0.0385]

Epoch 24:  81%|████████▏ | 26/32 [00:04<00:00,  6.23it/s][A
Training Epochs:  24%|██▍       | 24/100 [02:03<06:38,  5.25s/it, -ELBO=1.3046, Potential Metric=0.0987, Entropy Metric=0.0370]

Epoch 24:  84%|████████▍ | 27/32 [00:04<00:00,  6.35it/s][A
Training Epochs:  24%|██▍       | 24/100 [02:03<06:38,  5.25s/it, -ELBO=1.2348, Potential Metric=0.1004, Entropy Metric=0.0409]

Epoch 24:  88%|████████▊ | 28/32 [00:04<00:00,  6.29it/s][A
Training Epochs:  24%|██▍       | 24/100 [02:03<06:38,  5.25s/it, -ELBO=1.3279, Potential Metric=0.0970, Entropy Metric=0.0411]

Epoch 24:  91%|█████████ | 29/32 [00:04<00:00,  6.29it/s][A
Training Epochs:  24%|██▍       | 24/100 [02:03<06:38,  5.25s/it, -ELBO=1.2911, Potential Metric=0.1115, Entropy Metric=0.0449]

Epoch 24:  94%|█████████▍| 30/32 [00:04<00:00,  6.37it/s][A
Training Epochs:  24%|██▍       | 24/100 [02:04<06:38,  5.25s/it, -ELBO=1.4258, Potential Metric=0.1091, Entropy Metric=0.0422]

Epoch 24:  97%|█████████▋| 31/32 [00:04<00:00,  6.29it/s][A
Training Epochs:  24%|██▍       | 24/100 [02:04<06:38,  5.25s/it, -ELBO=1.2780, Potential Metric=0.1005, Entropy Metric=0.0410]

Epoch 24: 100%|██████████| 32/32 [00:05<00:00,  6.22it/s][A

                                                         [A
Training Epochs:  25%|██▌       | 25/100 [02:04<06:34,  5.26s/it, -ELBO=1.2780, Potential Metric=0.1005, Entropy Metric=0.0410]

Epoch 25:   0%|          | 0/32 [00:00<?, ?it/s][A
Training Epochs:  25%|██▌       | 25/100 [02:04<06:34,  5.26s/it, -ELBO=1.3252, Potential Metric=0.0965, Entropy Metric=0.0416]

Epoch 25:   3%|▎         | 1/32 [00:00<00:06,  4.86it/s][A
Training Epochs:  25%|██▌       | 25/100 [02:04<06:34,  5.26s/it, -ELBO=1.3022, Potential Metric=0.0956, Entropy Metric=0.0400]

Epoch 25:   6%|▋         | 2/32 [00:00<00:05,  5.67it/s][A
Training Epochs:  25%|██▌       | 25/100 [02:04<06:34,  5.26s/it, -ELBO=1.4504, Potential Metric=0.0982, Entropy Metric=0.0412]

Epoch 25:   9%|▉         | 3/32 [00:00<00:04,  5.97it/s][A
Training Epochs:  25%|██▌       | 25/100 [02:05<06:34,  5.26s/it, -ELBO=1.3072, Potential Metric=0.0975, Entropy Metric=0.0438]

Epoch 25:  12%|█▎        | 4/32 [00:00<00:04,  5.96it/s][A
Training Epochs:  25%|██▌       | 25/100 [02:05<06:34,  5.26s/it, -ELBO=1.3263, Potential Metric=0.0971, Entropy Metric=0.0437]

Epoch 25:  16%|█▌        | 5/32 [00:00<00:04,  6.05it/s][A
Training Epochs:  25%|██▌       | 25/100 [02:05<06:34,  5.26s/it, -ELBO=1.3901, Potential Metric=0.1022, Entropy Metric=0.0480]

Epoch 25:  19%|█▉        | 6/32 [00:01<00:04,  5.98it/s][A
Training Epochs:  25%|██▌       | 25/100 [02:05<06:34,  5.26s/it, -ELBO=1.1682, Potential Metric=0.0880, Entropy Metric=0.0458]

Epoch 25:  22%|██▏       | 7/32 [00:01<00:04,  6.14it/s][A
Training Epochs:  25%|██▌       | 25/100 [02:05<06:34,  5.26s/it, -ELBO=1.1941, Potential Metric=0.1011, Entropy Metric=0.0450]

Epoch 25:  25%|██▌       | 8/32 [00:01<00:03,  6.29it/s][A
Training Epochs:  25%|██▌       | 25/100 [02:05<06:34,  5.26s/it, -ELBO=1.2909, Potential Metric=0.0884, Entropy Metric=0.0412]

Epoch 25:  28%|██▊       | 9/32 [00:01<00:03,  6.19it/s][A
Training Epochs:  25%|██▌       | 25/100 [02:06<06:34,  5.26s/it, -ELBO=1.2349, Potential Metric=0.0947, Entropy Metric=0.0462]

Epoch 25:  31%|███▏      | 10/32 [00:01<00:03,  6.24it/s][A
Training Epochs:  25%|██▌       | 25/100 [02:06<06:34,  5.26s/it, -ELBO=1.2076, Potential Metric=0.0971, Entropy Metric=0.0437]

Epoch 25:  34%|███▍      | 11/32 [00:01<00:03,  6.29it/s][A
Training Epochs:  25%|██▌       | 25/100 [02:06<06:34,  5.26s/it, -ELBO=1.2187, Potential Metric=0.0936, Entropy Metric=0.0463]

Epoch 25:  38%|███▊      | 12/32 [00:01<00:03,  6.37it/s][A
Training Epochs:  25%|██▌       | 25/100 [02:06<06:34,  5.26s/it, -ELBO=1.3271, Potential Metric=0.1010, Entropy Metric=0.0406]

Epoch 25:  41%|████      | 13/32 [00:02<00:02,  6.40it/s][A
Training Epochs:  25%|██▌       | 25/100 [02:06<06:34,  5.26s/it, -ELBO=1.2617, Potential Metric=0.0978, Entropy Metric=0.0374]

Epoch 25:  44%|████▍     | 14/32 [00:02<00:02,  6.32it/s][A
Training Epochs:  25%|██▌       | 25/100 [02:06<06:34,  5.26s/it, -ELBO=1.4315, Potential Metric=0.0959, Entropy Metric=0.0389]

Epoch 25:  47%|████▋     | 15/32 [00:02<00:02,  6.29it/s][A
Training Epochs:  25%|██▌       | 25/100 [02:06<06:34,  5.26s/it, -ELBO=1.1637, Potential Metric=0.1032, Entropy Metric=0.0431]

Epoch 25:  50%|█████     | 16/32 [00:02<00:02,  6.32it/s][A
Training Epochs:  25%|██▌       | 25/100 [02:07<06:34,  5.26s/it, -ELBO=1.2164, Potential Metric=0.0998, Entropy Metric=0.0392]

Epoch 25:  53%|█████▎    | 17/32 [00:02<00:02,  6.15it/s][A
Training Epochs:  25%|██▌       | 25/100 [02:07<06:34,  5.26s/it, -ELBO=1.2870, Potential Metric=0.1073, Entropy Metric=0.0429]

Epoch 25:  56%|█████▋    | 18/32 [00:02<00:02,  6.19it/s][A
Training Epochs:  25%|██▌       | 25/100 [02:07<06:34,  5.26s/it, -ELBO=1.2560, Potential Metric=0.1026, Entropy Metric=0.0421]

Epoch 25:  59%|█████▉    | 19/32 [00:03<00:02,  6.24it/s][A
Training Epochs:  25%|██▌       | 25/100 [02:07<06:34,  5.26s/it, -ELBO=1.2246, Potential Metric=0.1008, Entropy Metric=0.0426]

Epoch 25:  62%|██████▎   | 20/32 [00:03<00:01,  6.35it/s][A
Training Epochs:  25%|██▌       | 25/100 [02:07<06:34,  5.26s/it, -ELBO=1.3586, Potential Metric=0.1060, Entropy Metric=0.0425]

Epoch 25:  66%|██████▌   | 21/32 [00:03<00:01,  6.17it/s][A
Training Epochs:  25%|██▌       | 25/100 [02:07<06:34,  5.26s/it, -ELBO=1.3790, Potential Metric=0.0917, Entropy Metric=0.0383]

Epoch 25:  69%|██████▉   | 22/32 [00:03<00:01,  6.15it/s][A
Training Epochs:  25%|██▌       | 25/100 [02:08<06:34,  5.26s/it, -ELBO=1.3510, Potential Metric=0.1072, Entropy Metric=0.0416]

Epoch 25:  72%|███████▏  | 23/32 [00:03<00:01,  6.22it/s][A
Training Epochs:  25%|██▌       | 25/100 [02:08<06:34,  5.26s/it, -ELBO=1.2498, Potential Metric=0.1044, Entropy Metric=0.0395]

Epoch 25:  75%|███████▌  | 24/32 [00:03<00:01,  6.26it/s][A
Training Epochs:  25%|██▌       | 25/100 [02:08<06:34,  5.26s/it, -ELBO=1.2799, Potential Metric=0.0976, Entropy Metric=0.0399]

Epoch 25:  78%|███████▊  | 25/32 [00:04<00:01,  6.25it/s][A
Training Epochs:  25%|██▌       | 25/100 [02:08<06:34,  5.26s/it, -ELBO=1.3596, Potential Metric=0.1025, Entropy Metric=0.0379]

Epoch 25:  81%|████████▏ | 26/32 [00:04<00:00,  6.18it/s][A
Training Epochs:  25%|██▌       | 25/100 [02:08<06:34,  5.26s/it, -ELBO=1.2548, Potential Metric=0.1049, Entropy Metric=0.0403]

Epoch 25:  84%|████████▍ | 27/32 [00:04<00:00,  6.23it/s][A
Training Epochs:  25%|██▌       | 25/100 [02:08<06:34,  5.26s/it, -ELBO=1.1285, Potential Metric=0.0977, Entropy Metric=0.0401]

Epoch 25:  88%|████████▊ | 28/32 [00:04<00:00,  6.23it/s][A
Training Epochs:  25%|██▌       | 25/100 [02:09<06:34,  5.26s/it, -ELBO=1.2900, Potential Metric=0.1002, Entropy Metric=0.0410]

Epoch 25:  91%|█████████ | 29/32 [00:04<00:00,  6.13it/s][A
Training Epochs:  25%|██▌       | 25/100 [02:09<06:34,  5.26s/it, -ELBO=1.2276, Potential Metric=0.1086, Entropy Metric=0.0377]

Epoch 25:  94%|█████████▍| 30/32 [00:04<00:00,  6.14it/s][A
Training Epochs:  25%|██▌       | 25/100 [02:09<06:34,  5.26s/it, -ELBO=1.4461, Potential Metric=0.1023, Entropy Metric=0.0388]

Epoch 25:  97%|█████████▋| 31/32 [00:05<00:00,  6.11it/s][A
Training Epochs:  25%|██▌       | 25/100 [02:09<06:34,  5.26s/it, -ELBO=1.3777, Potential Metric=0.0976, Entropy Metric=0.0380]

Epoch 25: 100%|██████████| 32/32 [00:05<00:00,  6.05it/s][A

                                                         [A
Training Epochs:  26%|██▌       | 26/100 [02:09<06:30,  5.28s/it, -ELBO=1.3777, Potential Metric=0.0976, Entropy Metric=0.0380]

Epoch 26:   0%|          | 0/32 [00:00<?, ?it/s][A
Training Epochs:  26%|██▌       | 26/100 [02:09<06:30,  5.28s/it, -ELBO=1.4609, Potential Metric=0.1039, Entropy Metric=0.0409]

Epoch 26:   3%|▎         | 1/32 [00:00<00:06,  4.83it/s][A
Training Epochs:  26%|██▌       | 26/100 [02:09<06:30,  5.28s/it, -ELBO=1.2371, Potential Metric=0.0890, Entropy Metric=0.0396]

Epoch 26:   6%|▋         | 2/32 [00:00<00:05,  5.63it/s][A
Training Epochs:  26%|██▌       | 26/100 [02:10<06:30,  5.28s/it, -ELBO=1.3030, Potential Metric=0.0962, Entropy Metric=0.0388]

Epoch 26:   9%|▉         | 3/32 [00:00<00:04,  6.01it/s][A
Training Epochs:  26%|██▌       | 26/100 [02:10<06:30,  5.28s/it, -ELBO=1.2440, Potential Metric=0.0915, Entropy Metric=0.0405]

Epoch 26:  12%|█▎        | 4/32 [00:00<00:04,  6.07it/s][A
Training Epochs:  26%|██▌       | 26/100 [02:10<06:30,  5.28s/it, -ELBO=1.2692, Potential Metric=0.1096, Entropy Metric=0.0409]

Epoch 26:  16%|█▌        | 5/32 [00:00<00:04,  6.16it/s][A
Training Epochs:  26%|██▌       | 26/100 [02:10<06:30,  5.28s/it, -ELBO=1.2900, Potential Metric=0.1026, Entropy Metric=0.0420]

Epoch 26:  19%|█▉        | 6/32 [00:00<00:04,  6.28it/s][A
Training Epochs:  26%|██▌       | 26/100 [02:10<06:30,  5.28s/it, -ELBO=1.1548, Potential Metric=0.1005, Entropy Metric=0.0426]

Epoch 26:  22%|██▏       | 7/32 [00:01<00:03,  6.28it/s][A
Training Epochs:  26%|██▌       | 26/100 [02:10<06:30,  5.28s/it, -ELBO=1.2173, Potential Metric=0.1062, Entropy Metric=0.0420]

Epoch 26:  25%|██▌       | 8/32 [00:01<00:03,  6.29it/s][A
Training Epochs:  26%|██▌       | 26/100 [02:11<06:30,  5.28s/it, -ELBO=1.2024, Potential Metric=0.1062, Entropy Metric=0.0438]

Epoch 26:  28%|██▊       | 9/32 [00:01<00:03,  6.22it/s][A
Training Epochs:  26%|██▌       | 26/100 [02:11<06:30,  5.28s/it, -ELBO=1.2267, Potential Metric=0.1061, Entropy Metric=0.0447]

Epoch 26:  31%|███▏      | 10/32 [00:01<00:03,  6.13it/s][A
Training Epochs:  26%|██▌       | 26/100 [02:11<06:30,  5.28s/it, -ELBO=1.2441, Potential Metric=0.1016, Entropy Metric=0.0463]

Epoch 26:  34%|███▍      | 11/32 [00:01<00:03,  6.08it/s][A
Training Epochs:  26%|██▌       | 26/100 [02:11<06:30,  5.28s/it, -ELBO=1.3147, Potential Metric=0.1012, Entropy Metric=0.0404]

Epoch 26:  38%|███▊      | 12/32 [00:01<00:03,  5.98it/s][A
Training Epochs:  26%|██▌       | 26/100 [02:11<06:30,  5.28s/it, -ELBO=1.2597, Potential Metric=0.1000, Entropy Metric=0.0350]

Epoch 26:  41%|████      | 13/32 [00:02<00:03,  6.08it/s][A
Training Epochs:  26%|██▌       | 26/100 [02:11<06:30,  5.28s/it, -ELBO=1.2920, Potential Metric=0.0951, Entropy Metric=0.0382]

Epoch 26:  44%|████▍     | 14/32 [00:02<00:03,  5.86it/s][A
Training Epochs:  26%|██▌       | 26/100 [02:12<06:30,  5.28s/it, -ELBO=1.1855, Potential Metric=0.0954, Entropy Metric=0.0361]

Epoch 26:  47%|████▋     | 15/32 [00:02<00:02,  6.01it/s][A
Training Epochs:  26%|██▌       | 26/100 [02:12<06:30,  5.28s/it, -ELBO=1.3734, Potential Metric=0.0969, Entropy Metric=0.0367]

Epoch 26:  50%|█████     | 16/32 [00:02<00:02,  6.10it/s][A
Training Epochs:  26%|██▌       | 26/100 [02:12<06:30,  5.28s/it, -ELBO=1.1551, Potential Metric=0.1091, Entropy Metric=0.0394]

Epoch 26:  53%|█████▎    | 17/32 [00:02<00:02,  6.17it/s][A
Training Epochs:  26%|██▌       | 26/100 [02:12<06:30,  5.28s/it, -ELBO=1.2661, Potential Metric=0.1082, Entropy Metric=0.0414]

Epoch 26:  56%|█████▋    | 18/32 [00:02<00:02,  6.14it/s][A
Training Epochs:  26%|██▌       | 26/100 [02:12<06:30,  5.28s/it, -ELBO=1.3486, Potential Metric=0.1066, Entropy Metric=0.0406]

Epoch 26:  59%|█████▉    | 19/32 [00:03<00:02,  6.06it/s][A
Training Epochs:  26%|██▌       | 26/100 [02:12<06:30,  5.28s/it, -ELBO=1.2175, Potential Metric=0.1080, Entropy Metric=0.0457]

Epoch 26:  62%|██████▎   | 20/32 [00:03<00:01,  6.03it/s][A
Training Epochs:  26%|██▌       | 26/100 [02:13<06:30,  5.28s/it, -ELBO=1.1542, Potential Metric=0.1037, Entropy Metric=0.0426]

Epoch 26:  66%|██████▌   | 21/32 [00:03<00:01,  6.00it/s][A
Training Epochs:  26%|██▌       | 26/100 [02:13<06:30,  5.28s/it, -ELBO=1.1335, Potential Metric=0.1045, Entropy Metric=0.0443]

Epoch 26:  69%|██████▉   | 22/32 [00:03<00:01,  5.99it/s][A
Training Epochs:  26%|██▌       | 26/100 [02:13<06:30,  5.28s/it, -ELBO=1.1941, Potential Metric=0.0993, Entropy Metric=0.0401]

Epoch 26:  72%|███████▏  | 23/32 [00:03<00:01,  6.01it/s][A
Training Epochs:  26%|██▌       | 26/100 [02:13<06:30,  5.28s/it, -ELBO=1.1676, Potential Metric=0.1046, Entropy Metric=0.0408]

Epoch 26:  75%|███████▌  | 24/32 [00:03<00:01,  6.16it/s][A
Training Epochs:  26%|██▌       | 26/100 [02:13<06:30,  5.28s/it, -ELBO=1.3530, Potential Metric=0.1045, Entropy Metric=0.0365]

Epoch 26:  78%|███████▊  | 25/32 [00:04<00:01,  6.25it/s][A
Training Epochs:  26%|██▌       | 26/100 [02:13<06:30,  5.28s/it, -ELBO=1.2188, Potential Metric=0.1008, Entropy Metric=0.0357]

Epoch 26:  81%|████████▏ | 26/32 [00:04<00:00,  6.28it/s][A
Training Epochs:  26%|██▌       | 26/100 [02:14<06:30,  5.28s/it, -ELBO=1.2879, Potential Metric=0.1089, Entropy Metric=0.0371]

Epoch 26:  84%|████████▍ | 27/32 [00:04<00:00,  6.29it/s][A
Training Epochs:  26%|██▌       | 26/100 [02:14<06:30,  5.28s/it, -ELBO=1.2182, Potential Metric=0.0956, Entropy Metric=0.0389]

Epoch 26:  88%|████████▊ | 28/32 [00:04<00:00,  6.22it/s][A
Training Epochs:  26%|██▌       | 26/100 [02:14<06:30,  5.28s/it, -ELBO=1.2589, Potential Metric=0.0966, Entropy Metric=0.0406]

Epoch 26:  91%|█████████ | 29/32 [00:04<00:00,  6.29it/s][A
Training Epochs:  26%|██▌       | 26/100 [02:14<06:30,  5.28s/it, -ELBO=1.3247, Potential Metric=0.0991, Entropy Metric=0.0431]

Epoch 26:  94%|█████████▍| 30/32 [00:04<00:00,  6.21it/s][A
Training Epochs:  26%|██▌       | 26/100 [02:14<06:30,  5.28s/it, -ELBO=1.2500, Potential Metric=0.1047, Entropy Metric=0.0441]

Epoch 26:  97%|█████████▋| 31/32 [00:05<00:00,  6.16it/s][A
Training Epochs:  26%|██▌       | 26/100 [02:14<06:30,  5.28s/it, -ELBO=1.1655, Potential Metric=0.1089, Entropy Metric=0.0427]

Epoch 26: 100%|██████████| 32/32 [00:05<00:00,  6.07it/s][A

                                                         [A
Training Epochs:  27%|██▋       | 27/100 [02:14<06:26,  5.29s/it, -ELBO=1.1655, Potential Metric=0.1089, Entropy Metric=0.0427]

Epoch 27:   0%|          | 0/32 [00:00<?, ?it/s][A
Training Epochs:  27%|██▋       | 27/100 [02:15<06:26,  5.29s/it, -ELBO=1.2226, Potential Metric=0.1086, Entropy Metric=0.0432]

Epoch 27:   3%|▎         | 1/32 [00:00<00:06,  4.67it/s][A
Training Epochs:  27%|██▋       | 27/100 [02:15<06:26,  5.29s/it, -ELBO=1.2984, Potential Metric=0.1152, Entropy Metric=0.0428]

Epoch 27:   6%|▋         | 2/32 [00:00<00:05,  5.38it/s][A
Training Epochs:  27%|██▋       | 27/100 [02:15<06:26,  5.29s/it, -ELBO=1.2321, Potential Metric=0.1001, Entropy Metric=0.0385]

Epoch 27:   9%|▉         | 3/32 [00:00<00:05,  5.68it/s][A
Training Epochs:  27%|██▋       | 27/100 [02:15<06:26,  5.29s/it, -ELBO=1.3325, Potential Metric=0.0986, Entropy Metric=0.0384]

Epoch 27:  12%|█▎        | 4/32 [00:00<00:04,  5.99it/s][A
Training Epochs:  27%|██▋       | 27/100 [02:15<06:26,  5.29s/it, -ELBO=1.2950, Potential Metric=0.1099, Entropy Metric=0.0400]

Epoch 27:  16%|█▌        | 5/32 [00:00<00:04,  6.10it/s][A
Training Epochs:  27%|██▋       | 27/100 [02:16<06:26,  5.29s/it, -ELBO=1.1736, Potential Metric=0.1027, Entropy Metric=0.0388]

Epoch 27:  19%|█▉        | 6/32 [00:01<00:04,  6.06it/s][A
Training Epochs:  27%|██▋       | 27/100 [02:16<06:26,  5.29s/it, -ELBO=1.0372, Potential Metric=0.1013, Entropy Metric=0.0454]

Epoch 27:  22%|██▏       | 7/32 [00:01<00:04,  6.03it/s][A
Training Epochs:  27%|██▋       | 27/100 [02:16<06:26,  5.29s/it, -ELBO=1.2308, Potential Metric=0.1074, Entropy Metric=0.0369]

Epoch 27:  25%|██▌       | 8/32 [00:01<00:03,  6.12it/s][A
Training Epochs:  27%|██▋       | 27/100 [02:16<06:26,  5.29s/it, -ELBO=1.2630, Potential Metric=0.0919, Entropy Metric=0.0374]

Epoch 27:  28%|██▊       | 9/32 [00:01<00:03,  6.09it/s][A
Training Epochs:  27%|██▋       | 27/100 [02:16<06:26,  5.29s/it, -ELBO=1.2001, Potential Metric=0.0931, Entropy Metric=0.0387]

Epoch 27:  31%|███▏      | 10/32 [00:01<00:03,  6.05it/s][A
Training Epochs:  27%|██▋       | 27/100 [02:16<06:26,  5.29s/it, -ELBO=1.1962, Potential Metric=0.1067, Entropy Metric=0.0401]

Epoch 27:  34%|███▍      | 11/32 [00:01<00:03,  6.14it/s][A
Training Epochs:  27%|██▋       | 27/100 [02:17<06:26,  5.29s/it, -ELBO=1.3034, Potential Metric=0.1048, Entropy Metric=0.0369]

Epoch 27:  38%|███▊      | 12/32 [00:01<00:03,  6.21it/s][A
Training Epochs:  27%|██▋       | 27/100 [02:17<06:26,  5.29s/it, -ELBO=1.2258, Potential Metric=0.1105, Entropy Metric=0.0364]

Epoch 27:  41%|████      | 13/32 [00:02<00:03,  6.30it/s][A
Training Epochs:  27%|██▋       | 27/100 [02:17<06:26,  5.29s/it, -ELBO=1.0479, Potential Metric=0.1114, Entropy Metric=0.0401]

Epoch 27:  44%|████▍     | 14/32 [00:02<00:02,  6.29it/s][A
Training Epochs:  27%|██▋       | 27/100 [02:17<06:26,  5.29s/it, -ELBO=1.3433, Potential Metric=0.1093, Entropy Metric=0.0387]

Epoch 27:  47%|████▋     | 15/32 [00:02<00:02,  6.17it/s][A
Training Epochs:  27%|██▋       | 27/100 [02:17<06:26,  5.29s/it, -ELBO=1.2961, Potential Metric=0.0994, Entropy Metric=0.0392]

Epoch 27:  50%|█████     | 16/32 [00:02<00:02,  6.01it/s][A
Training Epochs:  27%|██▋       | 27/100 [02:17<06:26,  5.29s/it, -ELBO=1.2663, Potential Metric=0.1042, Entropy Metric=0.0381]

Epoch 27:  53%|█████▎    | 17/32 [00:02<00:02,  5.98it/s][A
Training Epochs:  27%|██▋       | 27/100 [02:18<06:26,  5.29s/it, -ELBO=1.1673, Potential Metric=0.0988, Entropy Metric=0.0353]

Epoch 27:  56%|█████▋    | 18/32 [00:02<00:02,  6.04it/s][A
Training Epochs:  27%|██▋       | 27/100 [02:18<06:26,  5.29s/it, -ELBO=1.1209, Potential Metric=0.1089, Entropy Metric=0.0367]

Epoch 27:  59%|█████▉    | 19/32 [00:03<00:02,  6.05it/s][A
Training Epochs:  27%|██▋       | 27/100 [02:18<06:26,  5.29s/it, -ELBO=1.2837, Potential Metric=0.0956, Entropy Metric=0.0360]

Epoch 27:  62%|██████▎   | 20/32 [00:03<00:01,  6.02it/s][A
Training Epochs:  27%|██▋       | 27/100 [02:18<06:26,  5.29s/it, -ELBO=1.1775, Potential Metric=0.1000, Entropy Metric=0.0395]

Epoch 27:  66%|██████▌   | 21/32 [00:03<00:01,  6.04it/s][A
Training Epochs:  27%|██▋       | 27/100 [02:18<06:26,  5.29s/it, -ELBO=1.3039, Potential Metric=0.1093, Entropy Metric=0.0379]

Epoch 27:  69%|██████▉   | 22/32 [00:03<00:01,  6.14it/s][A
Training Epochs:  27%|██▋       | 27/100 [02:18<06:26,  5.29s/it, -ELBO=1.1896, Potential Metric=0.1037, Entropy Metric=0.0405]

Epoch 27:  72%|███████▏  | 23/32 [00:03<00:01,  6.22it/s][A
Training Epochs:  27%|██▋       | 27/100 [02:19<06:26,  5.29s/it, -ELBO=1.1873, Potential Metric=0.1078, Entropy Metric=0.0402]

Epoch 27:  75%|███████▌  | 24/32 [00:03<00:01,  6.13it/s][A
Training Epochs:  27%|██▋       | 27/100 [02:19<06:26,  5.29s/it, -ELBO=1.3828, Potential Metric=0.1101, Entropy Metric=0.0400]

Epoch 27:  78%|███████▊  | 25/32 [00:04<00:01,  6.21it/s][A
Training Epochs:  27%|██▋       | 27/100 [02:19<06:26,  5.29s/it, -ELBO=1.1962, Potential Metric=0.1083, Entropy Metric=0.0389]

Epoch 27:  81%|████████▏ | 26/32 [00:04<00:00,  6.16it/s][A
Training Epochs:  27%|██▋       | 27/100 [02:19<06:26,  5.29s/it, -ELBO=1.2081, Potential Metric=0.1058, Entropy Metric=0.0433]

Epoch 27:  84%|████████▍ | 27/32 [00:04<00:00,  6.26it/s][A
Training Epochs:  27%|██▋       | 27/100 [02:19<06:26,  5.29s/it, -ELBO=1.1667, Potential Metric=0.1054, Entropy Metric=0.0418]

Epoch 27:  88%|████████▊ | 28/32 [00:04<00:00,  6.15it/s][A
Training Epochs:  27%|██▋       | 27/100 [02:19<06:26,  5.29s/it, -ELBO=1.1062, Potential Metric=0.1171, Entropy Metric=0.0414]

Epoch 27:  91%|█████████ | 29/32 [00:04<00:00,  6.10it/s][A
Training Epochs:  27%|██▋       | 27/100 [02:20<06:26,  5.29s/it, -ELBO=0.9433, Potential Metric=0.1054, Entropy Metric=0.0399]

Epoch 27:  94%|█████████▍| 30/32 [00:04<00:00,  6.09it/s][A
Training Epochs:  27%|██▋       | 27/100 [02:20<06:26,  5.29s/it, -ELBO=1.1274, Potential Metric=0.1144, Entropy Metric=0.0384]

Epoch 27:  97%|█████████▋| 31/32 [00:05<00:00,  6.03it/s][A
Training Epochs:  27%|██▋       | 27/100 [02:20<06:26,  5.29s/it, -ELBO=1.2293, Potential Metric=0.1128, Entropy Metric=0.0372]

Epoch 27: 100%|██████████| 32/32 [00:05<00:00,  6.03it/s][A

                                                         [A
Training Epochs:  28%|██▊       | 28/100 [02:20<06:25,  5.35s/it, -ELBO=1.2293, Potential Metric=0.1128, Entropy Metric=0.0372]

Epoch 28:   0%|          | 0/32 [00:00<?, ?it/s][A
Training Epochs:  28%|██▊       | 28/100 [02:20<06:25,  5.35s/it, -ELBO=1.1988, Potential Metric=0.0962, Entropy Metric=0.0373]

Epoch 28:   3%|▎         | 1/32 [00:00<00:07,  4.31it/s][A
Training Epochs:  28%|██▊       | 28/100 [02:20<06:25,  5.35s/it, -ELBO=1.3086, Potential Metric=0.1018, Entropy Metric=0.0385]

Epoch 28:   6%|▋         | 2/32 [00:00<00:05,  5.05it/s][A
Training Epochs:  28%|██▊       | 28/100 [02:21<06:25,  5.35s/it, -ELBO=1.3090, Potential Metric=0.1144, Entropy Metric=0.0410]

Epoch 28:   9%|▉         | 3/32 [00:00<00:05,  5.59it/s][A
Training Epochs:  28%|██▊       | 28/100 [02:21<06:25,  5.35s/it, -ELBO=1.2636, Potential Metric=0.0986, Entropy Metric=0.0408]

Epoch 28:  12%|█▎        | 4/32 [00:00<00:04,  5.87it/s][A
Training Epochs:  28%|██▊       | 28/100 [02:21<06:25,  5.35s/it, -ELBO=1.1842, Potential Metric=0.1002, Entropy Metric=0.0449]

Epoch 28:  16%|█▌        | 5/32 [00:00<00:04,  6.09it/s][A
Training Epochs:  28%|██▊       | 28/100 [02:21<06:25,  5.35s/it, -ELBO=1.0551, Potential Metric=0.1111, Entropy Metric=0.0442]

Epoch 28:  19%|█▉        | 6/32 [00:01<00:04,  6.19it/s][A
Training Epochs:  28%|██▊       | 28/100 [02:21<06:25,  5.35s/it, -ELBO=1.0594, Potential Metric=0.1096, Entropy Metric=0.0449]

Epoch 28:  22%|██▏       | 7/32 [00:01<00:04,  6.24it/s][A
Training Epochs:  28%|██▊       | 28/100 [02:21<06:25,  5.35s/it, -ELBO=1.1906, Potential Metric=0.1017, Entropy Metric=0.0439]

Epoch 28:  25%|██▌       | 8/32 [00:01<00:03,  6.29it/s][A
Training Epochs:  28%|██▊       | 28/100 [02:22<06:25,  5.35s/it, -ELBO=1.1724, Potential Metric=0.1087, Entropy Metric=0.0443]

Epoch 28:  28%|██▊       | 9/32 [00:01<00:03,  6.08it/s][A
Training Epochs:  28%|██▊       | 28/100 [02:22<06:25,  5.35s/it, -ELBO=1.1610, Potential Metric=0.1048, Entropy Metric=0.0447]

Epoch 28:  31%|███▏      | 10/32 [00:01<00:03,  6.11it/s][A
Training Epochs:  28%|██▊       | 28/100 [02:22<06:25,  5.35s/it, -ELBO=1.2238, Potential Metric=0.1028, Entropy Metric=0.0389]

Epoch 28:  34%|███▍      | 11/32 [00:01<00:03,  6.16it/s][A
Training Epochs:  28%|██▊       | 28/100 [02:22<06:25,  5.35s/it, -ELBO=1.1680, Potential Metric=0.1008, Entropy Metric=0.0423]

Epoch 28:  38%|███▊      | 12/32 [00:01<00:03,  6.22it/s][A
Training Epochs:  28%|██▊       | 28/100 [02:22<06:25,  5.35s/it, -ELBO=1.1195, Potential Metric=0.1008, Entropy Metric=0.0386]

Epoch 28:  41%|████      | 13/32 [00:02<00:03,  6.17it/s][A
Training Epochs:  28%|██▊       | 28/100 [02:22<06:25,  5.35s/it, -ELBO=1.0159, Potential Metric=0.1054, Entropy Metric=0.0429]

Epoch 28:  44%|████▍     | 14/32 [00:02<00:02,  6.21it/s][A
Training Epochs:  28%|██▊       | 28/100 [02:23<06:25,  5.35s/it, -ELBO=1.1756, Potential Metric=0.1064, Entropy Metric=0.0386]

Epoch 28:  47%|████▋     | 15/32 [00:02<00:02,  6.17it/s][A
Training Epochs:  28%|██▊       | 28/100 [02:23<06:25,  5.35s/it, -ELBO=1.1431, Potential Metric=0.1079, Entropy Metric=0.0418]

Epoch 28:  50%|█████     | 16/32 [00:02<00:02,  6.29it/s][A
Training Epochs:  28%|██▊       | 28/100 [02:23<06:25,  5.35s/it, -ELBO=1.2090, Potential Metric=0.1094, Entropy Metric=0.0375]

Epoch 28:  53%|█████▎    | 17/32 [00:02<00:02,  6.22it/s][A
Training Epochs:  28%|██▊       | 28/100 [02:23<06:25,  5.35s/it, -ELBO=1.1158, Potential Metric=0.0997, Entropy Metric=0.0390]

Epoch 28:  56%|█████▋    | 18/32 [00:02<00:02,  6.18it/s][A
Training Epochs:  28%|██▊       | 28/100 [02:23<06:25,  5.35s/it, -ELBO=1.0839, Potential Metric=0.1078, Entropy Metric=0.0394]

Epoch 28:  59%|█████▉    | 19/32 [00:03<00:02,  6.25it/s][A
Training Epochs:  28%|██▊       | 28/100 [02:23<06:25,  5.35s/it, -ELBO=1.2755, Potential Metric=0.1057, Entropy Metric=0.0346]

Epoch 28:  62%|██████▎   | 20/32 [00:03<00:01,  6.16it/s][A
Training Epochs:  28%|██▊       | 28/100 [02:23<06:25,  5.35s/it, -ELBO=1.1103, Potential Metric=0.1004, Entropy Metric=0.0368]

Epoch 28:  66%|██████▌   | 21/32 [00:03<00:01,  6.15it/s][A
Training Epochs:  28%|██▊       | 28/100 [02:24<06:25,  5.35s/it, -ELBO=1.1054, Potential Metric=0.0974, Entropy Metric=0.0405]

Epoch 28:  69%|██████▉   | 22/32 [00:03<00:01,  5.98it/s][A
Training Epochs:  28%|██▊       | 28/100 [02:24<06:25,  5.35s/it, -ELBO=1.1983, Potential Metric=0.0995, Entropy Metric=0.0388]

Epoch 28:  72%|███████▏  | 23/32 [00:03<00:01,  6.03it/s][A
Training Epochs:  28%|██▊       | 28/100 [02:24<06:25,  5.35s/it, -ELBO=1.2666, Potential Metric=0.0995, Entropy Metric=0.0366]

Epoch 28:  75%|███████▌  | 24/32 [00:03<00:01,  6.10it/s][A
Training Epochs:  28%|██▊       | 28/100 [02:24<06:25,  5.35s/it, -ELBO=1.1805, Potential Metric=0.1004, Entropy Metric=0.0377]

Epoch 28:  78%|███████▊  | 25/32 [00:04<00:01,  6.07it/s][A
Training Epochs:  28%|██▊       | 28/100 [02:24<06:25,  5.35s/it, -ELBO=1.3861, Potential Metric=0.1061, Entropy Metric=0.0393]

Epoch 28:  81%|████████▏ | 26/32 [00:04<00:00,  6.12it/s][A
Training Epochs:  28%|██▊       | 28/100 [02:24<06:25,  5.35s/it, -ELBO=1.0105, Potential Metric=0.1016, Entropy Metric=0.0438]

Epoch 28:  84%|████████▍ | 27/32 [00:04<00:00,  6.15it/s][A
Training Epochs:  28%|██▊       | 28/100 [02:25<06:25,  5.35s/it, -ELBO=1.1267, Potential Metric=0.1172, Entropy Metric=0.0448]

Epoch 28:  88%|████████▊ | 28/32 [00:04<00:00,  6.12it/s][A
Training Epochs:  28%|██▊       | 28/100 [02:25<06:25,  5.35s/it, -ELBO=1.2795, Potential Metric=0.1076, Entropy Metric=0.0434]

Epoch 28:  91%|█████████ | 29/32 [00:04<00:00,  6.05it/s][A
Training Epochs:  28%|██▊       | 28/100 [02:25<06:25,  5.35s/it, -ELBO=1.1990, Potential Metric=0.1064, Entropy Metric=0.0361]

Epoch 28:  94%|█████████▍| 30/32 [00:04<00:00,  5.99it/s][A
Training Epochs:  28%|██▊       | 28/100 [02:25<06:25,  5.35s/it, -ELBO=1.2351, Potential Metric=0.1131, Entropy Metric=0.0395]

Epoch 28:  97%|█████████▋| 31/32 [00:05<00:00,  6.03it/s][A
Training Epochs:  28%|██▊       | 28/100 [02:25<06:25,  5.35s/it, -ELBO=1.1060, Potential Metric=0.1069, Entropy Metric=0.0391]

Epoch 28: 100%|██████████| 32/32 [00:05<00:00,  6.16it/s][A

                                                         [A
Training Epochs:  29%|██▉       | 29/100 [02:25<06:22,  5.38s/it, -ELBO=1.1060, Potential Metric=0.1069, Entropy Metric=0.0391]

Epoch 29:   0%|          | 0/32 [00:00<?, ?it/s][A
Training Epochs:  29%|██▉       | 29/100 [02:26<06:22,  5.38s/it, -ELBO=1.2005, Potential Metric=0.1046, Entropy Metric=0.0360]

Epoch 29:   3%|▎         | 1/32 [00:00<00:06,  4.98it/s][A
Training Epochs:  29%|██▉       | 29/100 [02:26<06:22,  5.38s/it, -ELBO=1.2207, Potential Metric=0.1022, Entropy Metric=0.0370]

Epoch 29:   6%|▋         | 2/32 [00:00<00:05,  5.64it/s][A
Training Epochs:  29%|██▉       | 29/100 [02:26<06:22,  5.38s/it, -ELBO=1.2138, Potential Metric=0.0986, Entropy Metric=0.0371]

Epoch 29:   9%|▉         | 3/32 [00:00<00:05,  5.77it/s][A
Training Epochs:  29%|██▉       | 29/100 [02:26<06:22,  5.38s/it, -ELBO=1.0702, Potential Metric=0.0924, Entropy Metric=0.0380]

Epoch 29:  12%|█▎        | 4/32 [00:00<00:04,  5.82it/s][A
Training Epochs:  29%|██▉       | 29/100 [02:26<06:22,  5.38s/it, -ELBO=1.1881, Potential Metric=0.1053, Entropy Metric=0.0363]

Epoch 29:  16%|█▌        | 5/32 [00:00<00:04,  5.89it/s][A
Training Epochs:  29%|██▉       | 29/100 [02:26<06:22,  5.38s/it, -ELBO=1.1512, Potential Metric=0.1067, Entropy Metric=0.0400]

Epoch 29:  19%|█▉        | 6/32 [00:01<00:04,  5.95it/s][A
Training Epochs:  29%|██▉       | 29/100 [02:27<06:22,  5.38s/it, -ELBO=1.1718, Potential Metric=0.1175, Entropy Metric=0.0410]

Epoch 29:  22%|██▏       | 7/32 [00:01<00:04,  5.94it/s][A
Training Epochs:  29%|██▉       | 29/100 [02:27<06:22,  5.38s/it, -ELBO=0.9405, Potential Metric=0.1075, Entropy Metric=0.0394]

Epoch 29:  25%|██▌       | 8/32 [00:01<00:04,  5.96it/s][A
Training Epochs:  29%|██▉       | 29/100 [02:27<06:22,  5.38s/it, -ELBO=1.1417, Potential Metric=0.1114, Entropy Metric=0.0403]

Epoch 29:  28%|██▊       | 9/32 [00:01<00:03,  5.97it/s][A
Training Epochs:  29%|██▉       | 29/100 [02:27<06:22,  5.38s/it, -ELBO=1.1298, Potential Metric=0.1072, Entropy Metric=0.0384]

Epoch 29:  31%|███▏      | 10/32 [00:01<00:03,  6.06it/s][A
Training Epochs:  29%|██▉       | 29/100 [02:27<06:22,  5.38s/it, -ELBO=1.1498, Potential Metric=0.1081, Entropy Metric=0.0385]

Epoch 29:  34%|███▍      | 11/32 [00:01<00:03,  6.11it/s][A
Training Epochs:  29%|██▉       | 29/100 [02:27<06:22,  5.38s/it, -ELBO=1.1018, Potential Metric=0.1027, Entropy Metric=0.0349]

Epoch 29:  38%|███▊      | 12/32 [00:02<00:03,  6.09it/s][A
Training Epochs:  29%|██▉       | 29/100 [02:28<06:22,  5.38s/it, -ELBO=1.0639, Potential Metric=0.1012, Entropy Metric=0.0383]

Epoch 29:  41%|████      | 13/32 [00:02<00:03,  5.99it/s][A
Training Epochs:  29%|██▉       | 29/100 [02:28<06:22,  5.38s/it, -ELBO=1.1883, Potential Metric=0.1102, Entropy Metric=0.0398]

Epoch 29:  44%|████▍     | 14/32 [00:02<00:03,  6.00it/s][A
Training Epochs:  29%|██▉       | 29/100 [02:28<06:22,  5.38s/it, -ELBO=1.1266, Potential Metric=0.0966, Entropy Metric=0.0410]

Epoch 29:  47%|████▋     | 15/32 [00:02<00:02,  6.12it/s][A
Training Epochs:  29%|██▉       | 29/100 [02:28<06:22,  5.38s/it, -ELBO=1.0183, Potential Metric=0.1026, Entropy Metric=0.0428]

Epoch 29:  50%|█████     | 16/32 [00:02<00:02,  6.22it/s][A
Training Epochs:  29%|██▉       | 29/100 [02:28<06:22,  5.38s/it, -ELBO=0.9682, Potential Metric=0.1057, Entropy Metric=0.0413]

Epoch 29:  53%|█████▎    | 17/32 [00:02<00:02,  6.31it/s][A
Training Epochs:  29%|██▉       | 29/100 [02:28<06:22,  5.38s/it, -ELBO=1.2518, Potential Metric=0.1078, Entropy Metric=0.0399]

Epoch 29:  56%|█████▋    | 18/32 [00:02<00:02,  6.20it/s][A
Training Epochs:  29%|██▉       | 29/100 [02:29<06:22,  5.38s/it, -ELBO=1.1856, Potential Metric=0.1099, Entropy Metric=0.0401]

Epoch 29:  59%|█████▉    | 19/32 [00:03<00:02,  6.13it/s][A
Training Epochs:  29%|██▉       | 29/100 [02:29<06:22,  5.38s/it, -ELBO=1.3437, Potential Metric=0.1082, Entropy Metric=0.0410]

Epoch 29:  62%|██████▎   | 20/32 [00:03<00:02,  5.93it/s][A
Training Epochs:  29%|██▉       | 29/100 [02:29<06:22,  5.38s/it, -ELBO=1.1699, Potential Metric=0.1139, Entropy Metric=0.0410]

Epoch 29:  66%|██████▌   | 21/32 [00:03<00:01,  5.95it/s][A
Training Epochs:  29%|██▉       | 29/100 [02:29<06:22,  5.38s/it, -ELBO=1.2611, Potential Metric=0.1041, Entropy Metric=0.0397]

Epoch 29:  69%|██████▉   | 22/32 [00:03<00:01,  5.99it/s][A
Training Epochs:  29%|██▉       | 29/100 [02:29<06:22,  5.38s/it, -ELBO=1.0581, Potential Metric=0.1053, Entropy Metric=0.0418]

Epoch 29:  72%|███████▏  | 23/32 [00:03<00:01,  6.00it/s][A
Training Epochs:  29%|██▉       | 29/100 [02:29<06:22,  5.38s/it, -ELBO=1.1969, Potential Metric=0.1083, Entropy Metric=0.0410]

Epoch 29:  75%|███████▌  | 24/32 [00:04<00:01,  5.98it/s][A
Training Epochs:  29%|██▉       | 29/100 [02:30<06:22,  5.38s/it, -ELBO=1.1185, Potential Metric=0.1080, Entropy Metric=0.0393]

Epoch 29:  78%|███████▊  | 25/32 [00:04<00:01,  6.00it/s][A
Training Epochs:  29%|██▉       | 29/100 [02:30<06:22,  5.38s/it, -ELBO=1.0737, Potential Metric=0.1062, Entropy Metric=0.0409]

Epoch 29:  81%|████████▏ | 26/32 [00:04<00:01,  5.98it/s][A
Training Epochs:  29%|██▉       | 29/100 [02:30<06:22,  5.38s/it, -ELBO=1.0621, Potential Metric=0.1050, Entropy Metric=0.0401]

Epoch 29:  84%|████████▍ | 27/32 [00:04<00:00,  5.98it/s][A
Training Epochs:  29%|██▉       | 29/100 [02:30<06:22,  5.38s/it, -ELBO=1.1217, Potential Metric=0.1110, Entropy Metric=0.0404]

Epoch 29:  88%|████████▊ | 28/32 [00:04<00:00,  5.81it/s][A
Training Epochs:  29%|██▉       | 29/100 [02:30<06:22,  5.38s/it, -ELBO=1.1322, Potential Metric=0.1056, Entropy Metric=0.0408]

Epoch 29:  91%|█████████ | 29/32 [00:04<00:00,  5.72it/s][A
Training Epochs:  29%|██▉       | 29/100 [02:31<06:22,  5.38s/it, -ELBO=1.0871, Potential Metric=0.1000, Entropy Metric=0.0425]

Epoch 29:  94%|█████████▍| 30/32 [00:05<00:00,  5.81it/s][A
Training Epochs:  29%|██▉       | 29/100 [02:31<06:22,  5.38s/it, -ELBO=1.1192, Potential Metric=0.1018, Entropy Metric=0.0379]

Epoch 29:  97%|█████████▋| 31/32 [00:05<00:00,  5.88it/s][A
Training Epochs:  29%|██▉       | 29/100 [02:31<06:22,  5.38s/it, -ELBO=1.1365, Potential Metric=0.0971, Entropy Metric=0.0353]

Epoch 29: 100%|██████████| 32/32 [00:05<00:00,  5.86it/s][A

                                                         [A
Training Epochs:  30%|███       | 30/100 [02:31<06:19,  5.43s/it, -ELBO=1.1365, Potential Metric=0.0971, Entropy Metric=0.0353]

Epoch 30:   0%|          | 0/32 [00:00<?, ?it/s][A
Training Epochs:  30%|███       | 30/100 [02:31<06:19,  5.43s/it, -ELBO=1.2089, Potential Metric=0.1125, Entropy Metric=0.0408]

Epoch 30:   3%|▎         | 1/32 [00:00<00:06,  4.51it/s][A
Training Epochs:  30%|███       | 30/100 [02:31<06:19,  5.43s/it, -ELBO=1.0866, Potential Metric=0.0939, Entropy Metric=0.0382]

Epoch 30:   6%|▋         | 2/32 [00:00<00:05,  5.25it/s][A
Training Epochs:  30%|███       | 30/100 [02:32<06:19,  5.43s/it, -ELBO=1.1585, Potential Metric=0.1022, Entropy Metric=0.0367]

Epoch 30:   9%|▉         | 3/32 [00:00<00:05,  5.60it/s][A
Training Epochs:  30%|███       | 30/100 [02:32<06:19,  5.43s/it, -ELBO=1.1268, Potential Metric=0.1217, Entropy Metric=0.0388]

Epoch 30:  12%|█▎        | 4/32 [00:00<00:04,  5.78it/s][A
Training Epochs:  30%|███       | 30/100 [02:32<06:19,  5.43s/it, -ELBO=0.9588, Potential Metric=0.1067, Entropy Metric=0.0399]

Epoch 30:  16%|█▌        | 5/32 [00:01<00:05,  4.54it/s][A
Training Epochs:  30%|███       | 30/100 [02:32<06:19,  5.43s/it, -ELBO=1.1672, Potential Metric=0.1052, Entropy Metric=0.0359]

Epoch 30:  19%|█▉        | 6/32 [00:01<00:05,  4.97it/s][A
Training Epochs:  30%|███       | 30/100 [02:32<06:19,  5.43s/it, -ELBO=1.0126, Potential Metric=0.1050, Entropy Metric=0.0382]

Epoch 30:  22%|██▏       | 7/32 [00:01<00:04,  5.24it/s][A
Training Epochs:  30%|███       | 30/100 [02:33<06:19,  5.43s/it, -ELBO=1.1379, Potential Metric=0.1127, Entropy Metric=0.0416]

Epoch 30:  25%|██▌       | 8/32 [00:01<00:04,  5.47it/s][A
Training Epochs:  30%|███       | 30/100 [02:33<06:19,  5.43s/it, -ELBO=1.1227, Potential Metric=0.1114, Entropy Metric=0.0415]

Epoch 30:  28%|██▊       | 9/32 [00:01<00:04,  5.61it/s][A
Training Epochs:  30%|███       | 30/100 [02:33<06:19,  5.43s/it, -ELBO=1.0548, Potential Metric=0.1040, Entropy Metric=0.0417]

Epoch 30:  31%|███▏      | 10/32 [00:01<00:03,  5.70it/s][A
Training Epochs:  30%|███       | 30/100 [02:33<06:19,  5.43s/it, -ELBO=1.0599, Potential Metric=0.1053, Entropy Metric=0.0415]

Epoch 30:  34%|███▍      | 11/32 [00:02<00:03,  5.71it/s][A
Training Epochs:  30%|███       | 30/100 [02:33<06:19,  5.43s/it, -ELBO=1.1724, Potential Metric=0.1110, Entropy Metric=0.0373]

Epoch 30:  38%|███▊      | 12/32 [00:02<00:03,  5.74it/s][A
Training Epochs:  30%|███       | 30/100 [02:33<06:19,  5.43s/it, -ELBO=1.0533, Potential Metric=0.1072, Entropy Metric=0.0381]

Epoch 30:  41%|████      | 13/32 [00:02<00:03,  5.83it/s][A
Training Epochs:  30%|███       | 30/100 [02:34<06:19,  5.43s/it, -ELBO=1.0411, Potential Metric=0.1023, Entropy Metric=0.0371]

Epoch 30:  44%|████▍     | 14/32 [00:02<00:03,  5.89it/s][A
Training Epochs:  30%|███       | 30/100 [02:34<06:19,  5.43s/it, -ELBO=1.1584, Potential Metric=0.0908, Entropy Metric=0.0383]

Epoch 30:  47%|████▋     | 15/32 [00:02<00:02,  5.95it/s][A
Training Epochs:  30%|███       | 30/100 [02:34<06:19,  5.43s/it, -ELBO=1.0792, Potential Metric=0.1030, Entropy Metric=0.0393]

Epoch 30:  50%|█████     | 16/32 [00:02<00:02,  5.99it/s][A
Training Epochs:  30%|███       | 30/100 [02:34<06:19,  5.43s/it, -ELBO=1.1412, Potential Metric=0.0935, Entropy Metric=0.0360]

Epoch 30:  53%|█████▎    | 17/32 [00:03<00:02,  6.02it/s][A
Training Epochs:  30%|███       | 30/100 [02:34<06:19,  5.43s/it, -ELBO=1.1453, Potential Metric=0.1024, Entropy Metric=0.0356]

Epoch 30:  56%|█████▋    | 18/32 [00:03<00:02,  5.91it/s][A
Training Epochs:  30%|███       | 30/100 [02:34<06:19,  5.43s/it, -ELBO=1.0409, Potential Metric=0.0967, Entropy Metric=0.0390]

Epoch 30:  59%|█████▉    | 19/32 [00:03<00:02,  5.91it/s][A
Training Epochs:  30%|███       | 30/100 [02:35<06:19,  5.43s/it, -ELBO=1.2820, Potential Metric=0.1059, Entropy Metric=0.0362]

Epoch 30:  62%|██████▎   | 20/32 [00:03<00:02,  5.93it/s][A
Training Epochs:  30%|███       | 30/100 [02:35<06:19,  5.43s/it, -ELBO=1.0411, Potential Metric=0.1058, Entropy Metric=0.0416]

Epoch 30:  66%|██████▌   | 21/32 [00:03<00:01,  5.96it/s][A
Training Epochs:  30%|███       | 30/100 [02:35<06:19,  5.43s/it, -ELBO=1.0498, Potential Metric=0.1034, Entropy Metric=0.0407]

Epoch 30:  69%|██████▉   | 22/32 [00:03<00:01,  5.97it/s][A
Training Epochs:  30%|███       | 30/100 [02:35<06:19,  5.43s/it, -ELBO=1.1805, Potential Metric=0.1058, Entropy Metric=0.0396]

Epoch 30:  72%|███████▏  | 23/32 [00:04<00:01,  5.83it/s][A
Training Epochs:  30%|███       | 30/100 [02:35<06:19,  5.43s/it, -ELBO=1.0856, Potential Metric=0.1055, Entropy Metric=0.0389]

Epoch 30:  75%|███████▌  | 24/32 [00:04<00:01,  5.89it/s][A
Training Epochs:  30%|███       | 30/100 [02:35<06:19,  5.43s/it, -ELBO=0.9732, Potential Metric=0.1073, Entropy Metric=0.0430]

Epoch 30:  78%|███████▊  | 25/32 [00:04<00:01,  5.95it/s][A
Training Epochs:  30%|███       | 30/100 [02:36<06:19,  5.43s/it, -ELBO=1.2552, Potential Metric=0.1119, Entropy Metric=0.0398]

Epoch 30:  81%|████████▏ | 26/32 [00:04<00:01,  5.91it/s][A
Training Epochs:  30%|███       | 30/100 [02:36<06:19,  5.43s/it, -ELBO=1.1466, Potential Metric=0.1079, Entropy Metric=0.0400]

Epoch 30:  84%|████████▍ | 27/32 [00:04<00:00,  5.83it/s][A
Training Epochs:  30%|███       | 30/100 [02:36<06:19,  5.43s/it, -ELBO=1.1274, Potential Metric=0.1078, Entropy Metric=0.0429]

Epoch 30:  88%|████████▊ | 28/32 [00:04<00:00,  5.88it/s][A
Training Epochs:  30%|███       | 30/100 [02:36<06:19,  5.43s/it, -ELBO=1.0590, Potential Metric=0.1072, Entropy Metric=0.0404]

Epoch 30:  91%|█████████ | 29/32 [00:05<00:00,  5.91it/s][A
Training Epochs:  30%|███       | 30/100 [02:36<06:19,  5.43s/it, -ELBO=1.0774, Potential Metric=0.1157, Entropy Metric=0.0413]

Epoch 30:  94%|█████████▍| 30/32 [00:05<00:00,  5.94it/s][A
Training Epochs:  30%|███       | 30/100 [02:36<06:19,  5.43s/it, -ELBO=1.0155, Potential Metric=0.1154, Entropy Metric=0.0424]

Epoch 30:  97%|█████████▋| 31/32 [00:05<00:00,  5.99it/s][A
Training Epochs:  30%|███       | 30/100 [02:37<06:19,  5.43s/it, -ELBO=1.0672, Potential Metric=0.1145, Entropy Metric=0.0364]

Epoch 30: 100%|██████████| 32/32 [00:05<00:00,  6.00it/s][A

                                                         [A
Training Epochs:  31%|███       | 31/100 [02:37<06:21,  5.53s/it, -ELBO=1.0672, Potential Metric=0.1145, Entropy Metric=0.0364]

Epoch 31:   0%|          | 0/32 [00:00<?, ?it/s][A
Training Epochs:  31%|███       | 31/100 [02:37<06:21,  5.53s/it, -ELBO=1.0609, Potential Metric=0.1105, Entropy Metric=0.0329]

Epoch 31:   3%|▎         | 1/32 [00:00<00:06,  4.51it/s][A
Training Epochs:  31%|███       | 31/100 [02:37<06:21,  5.53s/it, -ELBO=0.9955, Potential Metric=0.1063, Entropy Metric=0.0361]

Epoch 31:   6%|▋         | 2/32 [00:00<00:05,  5.32it/s][A
Training Epochs:  31%|███       | 31/100 [02:37<06:21,  5.53s/it, -ELBO=1.0850, Potential Metric=0.0988, Entropy Metric=0.0347]

Epoch 31:   9%|▉         | 3/32 [00:00<00:05,  5.42it/s][A
Training Epochs:  31%|███       | 31/100 [02:37<06:21,  5.53s/it, -ELBO=1.0795, Potential Metric=0.1080, Entropy Metric=0.0355]

Epoch 31:  12%|█▎        | 4/32 [00:00<00:04,  5.65it/s][A
Training Epochs:  31%|███       | 31/100 [02:38<06:21,  5.53s/it, -ELBO=1.0257, Potential Metric=0.1080, Entropy Metric=0.0379]

Epoch 31:  16%|█▌        | 5/32 [00:00<00:04,  5.81it/s][A
Training Epochs:  31%|███       | 31/100 [02:38<06:21,  5.53s/it, -ELBO=1.1614, Potential Metric=0.0969, Entropy Metric=0.0368]

Epoch 31:  19%|█▉        | 6/32 [00:01<00:04,  5.90it/s][A
Training Epochs:  31%|███       | 31/100 [02:38<06:21,  5.53s/it, -ELBO=0.9677, Potential Metric=0.1041, Entropy Metric=0.0360]

Epoch 31:  22%|██▏       | 7/32 [00:01<00:04,  5.95it/s][A
Training Epochs:  31%|███       | 31/100 [02:38<06:21,  5.53s/it, -ELBO=1.1464, Potential Metric=0.0945, Entropy Metric=0.0372]

Epoch 31:  25%|██▌       | 8/32 [00:01<00:04,  5.98it/s][A
Training Epochs:  31%|███       | 31/100 [02:38<06:21,  5.53s/it, -ELBO=1.1537, Potential Metric=0.1036, Entropy Metric=0.0374]

Epoch 31:  28%|██▊       | 9/32 [00:01<00:03,  5.98it/s][A
Training Epochs:  31%|███       | 31/100 [02:38<06:21,  5.53s/it, -ELBO=1.0233, Potential Metric=0.1090, Entropy Metric=0.0389]

Epoch 31:  31%|███▏      | 10/32 [00:01<00:03,  5.99it/s][A
Training Epochs:  31%|███       | 31/100 [02:39<06:21,  5.53s/it, -ELBO=1.0595, Potential Metric=0.1036, Entropy Metric=0.0421]

Epoch 31:  34%|███▍      | 11/32 [00:01<00:03,  5.90it/s][A
Training Epochs:  31%|███       | 31/100 [02:39<06:21,  5.53s/it, -ELBO=1.0984, Potential Metric=0.1051, Entropy Metric=0.0431]

Epoch 31:  38%|███▊      | 12/32 [00:02<00:03,  5.84it/s][A
Training Epochs:  31%|███       | 31/100 [02:39<06:21,  5.53s/it, -ELBO=1.1854, Potential Metric=0.1119, Entropy Metric=0.0447]

Epoch 31:  41%|████      | 13/32 [00:02<00:03,  5.90it/s][A
Training Epochs:  31%|███       | 31/100 [02:39<06:21,  5.53s/it, -ELBO=1.0350, Potential Metric=0.1039, Entropy Metric=0.0416]

Epoch 31:  44%|████▍     | 14/32 [00:02<00:03,  5.96it/s][A
Training Epochs:  31%|███       | 31/100 [02:39<06:21,  5.53s/it, -ELBO=1.1911, Potential Metric=0.1133, Entropy Metric=0.0447]

Epoch 31:  47%|████▋     | 15/32 [00:02<00:02,  5.91it/s][A
Training Epochs:  31%|███       | 31/100 [02:39<06:21,  5.53s/it, -ELBO=1.0350, Potential Metric=0.1076, Entropy Metric=0.0426]

Epoch 31:  50%|█████     | 16/32 [00:02<00:02,  5.91it/s][A
Training Epochs:  31%|███       | 31/100 [02:40<06:21,  5.53s/it, -ELBO=1.0440, Potential Metric=0.1007, Entropy Metric=0.0428]

Epoch 31:  53%|█████▎    | 17/32 [00:02<00:02,  5.96it/s][A
Training Epochs:  31%|███       | 31/100 [02:40<06:21,  5.53s/it, -ELBO=1.0733, Potential Metric=0.1096, Entropy Metric=0.0407]

Epoch 31:  56%|█████▋    | 18/32 [00:03<00:02,  6.01it/s][A
Training Epochs:  31%|███       | 31/100 [02:40<06:21,  5.53s/it, -ELBO=0.9412, Potential Metric=0.1103, Entropy Metric=0.0419]

Epoch 31:  59%|█████▉    | 19/32 [00:03<00:02,  6.04it/s][A
Training Epochs:  31%|███       | 31/100 [02:40<06:21,  5.53s/it, -ELBO=1.0144, Potential Metric=0.1099, Entropy Metric=0.0398]

Epoch 31:  62%|██████▎   | 20/32 [00:03<00:02,  5.98it/s][A
Training Epochs:  31%|███       | 31/100 [02:40<06:21,  5.53s/it, -ELBO=1.1142, Potential Metric=0.1126, Entropy Metric=0.0405]

Epoch 31:  66%|██████▌   | 21/32 [00:03<00:01,  5.99it/s][A
Training Epochs:  31%|███       | 31/100 [02:40<06:21,  5.53s/it, -ELBO=1.0899, Potential Metric=0.1058, Entropy Metric=0.0397]

Epoch 31:  69%|██████▉   | 22/32 [00:03<00:01,  6.02it/s][A
Training Epochs:  31%|███       | 31/100 [02:41<06:21,  5.53s/it, -ELBO=1.0890, Potential Metric=0.1047, Entropy Metric=0.0373]

Epoch 31:  72%|███████▏  | 23/32 [00:03<00:01,  6.02it/s][A
Training Epochs:  31%|███       | 31/100 [02:41<06:21,  5.53s/it, -ELBO=1.0331, Potential Metric=0.1125, Entropy Metric=0.0386]

Epoch 31:  75%|███████▌  | 24/32 [00:04<00:01,  5.96it/s][A
Training Epochs:  31%|███       | 31/100 [02:41<06:21,  5.53s/it, -ELBO=1.0306, Potential Metric=0.1201, Entropy Metric=0.0395]

Epoch 31:  78%|███████▊  | 25/32 [00:04<00:01,  6.00it/s][A
Training Epochs:  31%|███       | 31/100 [02:41<06:21,  5.53s/it, -ELBO=1.0332, Potential Metric=0.1104, Entropy Metric=0.0401]

Epoch 31:  81%|████████▏ | 26/32 [00:04<00:00,  6.07it/s][A
Training Epochs:  31%|███       | 31/100 [02:41<06:21,  5.53s/it, -ELBO=1.1921, Potential Metric=0.1065, Entropy Metric=0.0383]

Epoch 31:  84%|████████▍ | 27/32 [00:04<00:00,  6.06it/s][A
Training Epochs:  31%|███       | 31/100 [02:41<06:21,  5.53s/it, -ELBO=1.0372, Potential Metric=0.1008, Entropy Metric=0.0374]

Epoch 31:  88%|████████▊ | 28/32 [00:04<00:00,  6.07it/s][A
Training Epochs:  31%|███       | 31/100 [02:42<06:21,  5.53s/it, -ELBO=0.9590, Potential Metric=0.1123, Entropy Metric=0.0403]

Epoch 31:  91%|█████████ | 29/32 [00:04<00:00,  6.07it/s][A
Training Epochs:  31%|███       | 31/100 [02:42<06:21,  5.53s/it, -ELBO=1.0825, Potential Metric=0.1049, Entropy Metric=0.0361]

Epoch 31:  94%|█████████▍| 30/32 [00:05<00:00,  6.02it/s][A
Training Epochs:  31%|███       | 31/100 [02:42<06:21,  5.53s/it, -ELBO=1.2079, Potential Metric=0.1020, Entropy Metric=0.0365]

Epoch 31:  97%|█████████▋| 31/32 [00:05<00:00,  5.84it/s][A
Training Epochs:  31%|███       | 31/100 [02:42<06:21,  5.53s/it, -ELBO=0.9724, Potential Metric=0.1179, Entropy Metric=0.0434]

Epoch 31: 100%|██████████| 32/32 [00:05<00:00,  5.78it/s][A

                                                         [A
Training Epochs:  32%|███▏      | 32/100 [02:42<06:16,  5.54s/it, -ELBO=0.9724, Potential Metric=0.1179, Entropy Metric=0.0434]

Epoch 32:   0%|          | 0/32 [00:00<?, ?it/s][A
Training Epochs:  32%|███▏      | 32/100 [02:43<06:16,  5.54s/it, -ELBO=1.1730, Potential Metric=0.1069, Entropy Metric=0.0423]

Epoch 32:   3%|▎         | 1/32 [00:00<00:07,  4.30it/s][A
Training Epochs:  32%|███▏      | 32/100 [02:43<06:16,  5.54s/it, -ELBO=0.8647, Potential Metric=0.1101, Entropy Metric=0.0419]

Epoch 32:   6%|▋         | 2/32 [00:00<00:05,  5.22it/s][A
Training Epochs:  32%|███▏      | 32/100 [02:43<06:16,  5.54s/it, -ELBO=1.0242, Potential Metric=0.1167, Entropy Metric=0.0401]

Epoch 32:   9%|▉         | 3/32 [00:00<00:05,  5.48it/s][A
Training Epochs:  32%|███▏      | 32/100 [02:43<06:16,  5.54s/it, -ELBO=0.9843, Potential Metric=0.1059, Entropy Metric=0.0401]

Epoch 32:  12%|█▎        | 4/32 [00:00<00:05,  5.58it/s][A
Training Epochs:  32%|███▏      | 32/100 [02:43<06:16,  5.54s/it, -ELBO=1.1904, Potential Metric=0.1063, Entropy Metric=0.0370]

Epoch 32:  16%|█▌        | 5/32 [00:00<00:04,  5.63it/s][A
Training Epochs:  32%|███▏      | 32/100 [02:43<06:16,  5.54s/it, -ELBO=1.0195, Potential Metric=0.1122, Entropy Metric=0.0366]

Epoch 32:  19%|█▉        | 6/32 [00:01<00:04,  5.92it/s][A
Training Epochs:  32%|███▏      | 32/100 [02:44<06:16,  5.54s/it, -ELBO=0.8795, Potential Metric=0.1062, Entropy Metric=0.0379]

Epoch 32:  22%|██▏       | 7/32 [00:01<00:04,  5.92it/s][A
Training Epochs:  32%|███▏      | 32/100 [02:44<06:16,  5.54s/it, -ELBO=1.0068, Potential Metric=0.1049, Entropy Metric=0.0396]

Epoch 32:  25%|██▌       | 8/32 [00:01<00:03,  6.02it/s][A
Training Epochs:  32%|███▏      | 32/100 [02:44<06:16,  5.54s/it, -ELBO=1.1024, Potential Metric=0.1017, Entropy Metric=0.0342]

Epoch 32:  28%|██▊       | 9/32 [00:01<00:03,  6.03it/s][A
Training Epochs:  32%|███▏      | 32/100 [02:44<06:16,  5.54s/it, -ELBO=0.9915, Potential Metric=0.0994, Entropy Metric=0.0366]

Epoch 32:  31%|███▏      | 10/32 [00:01<00:03,  6.06it/s][A
Training Epochs:  32%|███▏      | 32/100 [02:44<06:16,  5.54s/it, -ELBO=1.0393, Potential Metric=0.1017, Entropy Metric=0.0366]

Epoch 32:  34%|███▍      | 11/32 [00:01<00:03,  5.94it/s][A
Training Epochs:  32%|███▏      | 32/100 [02:44<06:16,  5.54s/it, -ELBO=1.0612, Potential Metric=0.1000, Entropy Metric=0.0343]

Epoch 32:  38%|███▊      | 12/32 [00:02<00:03,  5.91it/s][A
Training Epochs:  32%|███▏      | 32/100 [02:45<06:16,  5.54s/it, -ELBO=1.0323, Potential Metric=0.1033, Entropy Metric=0.0359]

Epoch 32:  41%|████      | 13/32 [00:02<00:03,  5.92it/s][A
Training Epochs:  32%|███▏      | 32/100 [02:45<06:16,  5.54s/it, -ELBO=1.1470, Potential Metric=0.1169, Entropy Metric=0.0387]

Epoch 32:  44%|████▍     | 14/32 [00:02<00:03,  5.82it/s][A
Training Epochs:  32%|███▏      | 32/100 [02:45<06:16,  5.54s/it, -ELBO=1.0334, Potential Metric=0.1093, Entropy Metric=0.0374]

Epoch 32:  47%|████▋     | 15/32 [00:02<00:02,  5.85it/s][A
Training Epochs:  32%|███▏      | 32/100 [02:45<06:16,  5.54s/it, -ELBO=0.9690, Potential Metric=0.1008, Entropy Metric=0.0371]

Epoch 32:  50%|█████     | 16/32 [00:02<00:02,  5.92it/s][A
Training Epochs:  32%|███▏      | 32/100 [02:45<06:16,  5.54s/it, -ELBO=0.9941, Potential Metric=0.1049, Entropy Metric=0.0379]

Epoch 32:  53%|█████▎    | 17/32 [00:02<00:02,  6.01it/s][A
Training Epochs:  32%|███▏      | 32/100 [02:45<06:16,  5.54s/it, -ELBO=1.0455, Potential Metric=0.1119, Entropy Metric=0.0387]

Epoch 32:  56%|█████▋    | 18/32 [00:03<00:02,  5.95it/s][A
Training Epochs:  32%|███▏      | 32/100 [02:46<06:16,  5.54s/it, -ELBO=1.0941, Potential Metric=0.1097, Entropy Metric=0.0390]

Epoch 32:  59%|█████▉    | 19/32 [00:03<00:02,  5.99it/s][A
Training Epochs:  32%|███▏      | 32/100 [02:46<06:16,  5.54s/it, -ELBO=0.8980, Potential Metric=0.1106, Entropy Metric=0.0417]

Epoch 32:  62%|██████▎   | 20/32 [00:03<00:01,  6.01it/s][A
Training Epochs:  32%|███▏      | 32/100 [02:46<06:16,  5.54s/it, -ELBO=1.0998, Potential Metric=0.1073, Entropy Metric=0.0424]

Epoch 32:  66%|██████▌   | 21/32 [00:03<00:01,  6.00it/s][A
Training Epochs:  32%|███▏      | 32/100 [02:46<06:16,  5.54s/it, -ELBO=0.9533, Potential Metric=0.1096, Entropy Metric=0.0432]

Epoch 32:  69%|██████▉   | 22/32 [00:03<00:01,  6.06it/s][A
Training Epochs:  32%|███▏      | 32/100 [02:46<06:16,  5.54s/it, -ELBO=1.0577, Potential Metric=0.1096, Entropy Metric=0.0410]

Epoch 32:  72%|███████▏  | 23/32 [00:03<00:01,  6.07it/s][A
Training Epochs:  32%|███▏      | 32/100 [02:46<06:16,  5.54s/it, -ELBO=0.9430, Potential Metric=0.1063, Entropy Metric=0.0427]

Epoch 32:  75%|███████▌  | 24/32 [00:04<00:01,  6.07it/s][A
Training Epochs:  32%|███▏      | 32/100 [02:47<06:16,  5.54s/it, -ELBO=1.2594, Potential Metric=0.1154, Entropy Metric=0.0385]

Epoch 32:  78%|███████▊  | 25/32 [00:04<00:01,  5.92it/s][A
Training Epochs:  32%|███▏      | 32/100 [02:47<06:16,  5.54s/it, -ELBO=1.1007, Potential Metric=0.1101, Entropy Metric=0.0384]

Epoch 32:  81%|████████▏ | 26/32 [00:04<00:01,  5.86it/s][A
Training Epochs:  32%|███▏      | 32/100 [02:47<06:16,  5.54s/it, -ELBO=1.0507, Potential Metric=0.1031, Entropy Metric=0.0371]

Epoch 32:  84%|████████▍ | 27/32 [00:04<00:00,  5.92it/s][A
Training Epochs:  32%|███▏      | 32/100 [02:47<06:16,  5.54s/it, -ELBO=0.9187, Potential Metric=0.1153, Entropy Metric=0.0364]

Epoch 32:  88%|████████▊ | 28/32 [00:04<00:00,  5.95it/s][A
Training Epochs:  32%|███▏      | 32/100 [02:47<06:16,  5.54s/it, -ELBO=1.1343, Potential Metric=0.1056, Entropy Metric=0.0374]

Epoch 32:  91%|█████████ | 29/32 [00:04<00:00,  5.98it/s][A
Training Epochs:  32%|███▏      | 32/100 [02:47<06:16,  5.54s/it, -ELBO=0.9952, Potential Metric=0.1101, Entropy Metric=0.0374]

Epoch 32:  94%|█████████▍| 30/32 [00:05<00:00,  6.05it/s][A
Training Epochs:  32%|███▏      | 32/100 [02:48<06:16,  5.54s/it, -ELBO=1.0252, Potential Metric=0.1101, Entropy Metric=0.0388]

Epoch 32:  97%|█████████▋| 31/32 [00:05<00:00,  6.01it/s][A
Training Epochs:  32%|███▏      | 32/100 [02:48<06:16,  5.54s/it, -ELBO=1.1581, Potential Metric=0.1054, Entropy Metric=0.0372]

Epoch 32: 100%|██████████| 32/32 [00:05<00:00,  6.01it/s][A

                                                         [A
Training Epochs:  33%|███▎      | 33/100 [02:48<06:10,  5.53s/it, -ELBO=1.1581, Potential Metric=0.1054, Entropy Metric=0.0372]

Epoch 33:   0%|          | 0/32 [00:00<?, ?it/s][A
Training Epochs:  33%|███▎      | 33/100 [02:48<06:10,  5.53s/it, -ELBO=0.9533, Potential Metric=0.1162, Entropy Metric=0.0395]

Epoch 33:   3%|▎         | 1/32 [00:00<00:06,  4.49it/s][A
Training Epochs:  33%|███▎      | 33/100 [02:48<06:10,  5.53s/it, -ELBO=1.0895, Potential Metric=0.1102, Entropy Metric=0.0375]

Epoch 33:   6%|▋         | 2/32 [00:00<00:05,  5.19it/s][A
Training Epochs:  33%|███▎      | 33/100 [02:48<06:10,  5.53s/it, -ELBO=1.0768, Potential Metric=0.1112, Entropy Metric=0.0362]

Epoch 33:   9%|▉         | 3/32 [00:00<00:05,  5.43it/s][A
Training Epochs:  33%|███▎      | 33/100 [02:49<06:10,  5.53s/it, -ELBO=1.0816, Potential Metric=0.1136, Entropy Metric=0.0368]

Epoch 33:  12%|█▎        | 4/32 [00:00<00:05,  5.57it/s][A
Training Epochs:  33%|███▎      | 33/100 [02:49<06:10,  5.53s/it, -ELBO=0.9549, Potential Metric=0.1080, Entropy Metric=0.0353]

Epoch 33:  16%|█▌        | 5/32 [00:00<00:04,  5.79it/s][A
Training Epochs:  33%|███▎      | 33/100 [02:49<06:10,  5.53s/it, -ELBO=1.0645, Potential Metric=0.1078, Entropy Metric=0.0331]

Epoch 33:  19%|█▉        | 6/32 [00:01<00:04,  5.88it/s][A
Training Epochs:  33%|███▎      | 33/100 [02:49<06:10,  5.53s/it, -ELBO=1.1033, Potential Metric=0.1098, Entropy Metric=0.0348]

Epoch 33:  22%|██▏       | 7/32 [00:01<00:04,  5.79it/s][A
Training Epochs:  33%|███▎      | 33/100 [02:49<06:10,  5.53s/it, -ELBO=1.0453, Potential Metric=0.1077, Entropy Metric=0.0338]

Epoch 33:  25%|██▌       | 8/32 [00:01<00:04,  5.91it/s][A
Training Epochs:  33%|███▎      | 33/100 [02:49<06:10,  5.53s/it, -ELBO=0.9005, Potential Metric=0.1048, Entropy Metric=0.0355]

Epoch 33:  28%|██▊       | 9/32 [00:01<00:03,  5.93it/s][A
Training Epochs:  33%|███▎      | 33/100 [02:50<06:10,  5.53s/it, -ELBO=0.9283, Potential Metric=0.1034, Entropy Metric=0.0367]

Epoch 33:  31%|███▏      | 10/32 [00:01<00:03,  5.95it/s][A
Training Epochs:  33%|███▎      | 33/100 [02:50<06:10,  5.53s/it, -ELBO=0.9534, Potential Metric=0.1064, Entropy Metric=0.0353]

Epoch 33:  34%|███▍      | 11/32 [00:01<00:03,  5.87it/s][A
Training Epochs:  33%|███▎      | 33/100 [02:50<06:10,  5.53s/it, -ELBO=0.9370, Potential Metric=0.1183, Entropy Metric=0.0415]

Epoch 33:  38%|███▊      | 12/32 [00:02<00:03,  5.86it/s][A
Training Epochs:  33%|███▎      | 33/100 [02:50<06:10,  5.53s/it, -ELBO=1.0078, Potential Metric=0.1007, Entropy Metric=0.0365]

Epoch 33:  41%|████      | 13/32 [00:02<00:03,  5.76it/s][A
Training Epochs:  33%|███▎      | 33/100 [02:50<06:10,  5.53s/it, -ELBO=1.0214, Potential Metric=0.1048, Entropy Metric=0.0388]

Epoch 33:  44%|████▍     | 14/32 [00:02<00:03,  5.71it/s][A
Training Epochs:  33%|███▎      | 33/100 [02:50<06:10,  5.53s/it, -ELBO=0.8899, Potential Metric=0.1053, Entropy Metric=0.0400]

Epoch 33:  47%|████▋     | 15/32 [00:02<00:02,  5.72it/s][A
Training Epochs:  33%|███▎      | 33/100 [02:51<06:10,  5.53s/it, -ELBO=1.0187, Potential Metric=0.1057, Entropy Metric=0.0406]

Epoch 33:  50%|█████     | 16/32 [00:02<00:02,  5.82it/s][A
Training Epochs:  33%|███▎      | 33/100 [02:51<06:10,  5.53s/it, -ELBO=0.9701, Potential Metric=0.1043, Entropy Metric=0.0411]

Epoch 33:  53%|█████▎    | 17/32 [00:02<00:02,  5.82it/s][A
Training Epochs:  33%|███▎      | 33/100 [02:51<06:10,  5.53s/it, -ELBO=0.9363, Potential Metric=0.1079, Entropy Metric=0.0390]

Epoch 33:  56%|█████▋    | 18/32 [00:03<00:02,  5.82it/s][A
Training Epochs:  33%|███▎      | 33/100 [02:51<06:10,  5.53s/it, -ELBO=1.0722, Potential Metric=0.1150, Entropy Metric=0.0363]

Epoch 33:  59%|█████▉    | 19/32 [00:03<00:02,  5.80it/s][A
Training Epochs:  33%|███▎      | 33/100 [02:51<06:10,  5.53s/it, -ELBO=0.8899, Potential Metric=0.1082, Entropy Metric=0.0436]

Epoch 33:  62%|██████▎   | 20/32 [00:03<00:02,  5.75it/s][A
Training Epochs:  33%|███▎      | 33/100 [02:52<06:10,  5.53s/it, -ELBO=0.9763, Potential Metric=0.1146, Entropy Metric=0.0387]

Epoch 33:  66%|██████▌   | 21/32 [00:03<00:01,  5.90it/s][A
Training Epochs:  33%|███▎      | 33/100 [02:52<06:10,  5.53s/it, -ELBO=1.1139, Potential Metric=0.1006, Entropy Metric=0.0388]

Epoch 33:  69%|██████▉   | 22/32 [00:03<00:01,  6.00it/s][A
Training Epochs:  33%|███▎      | 33/100 [02:52<06:10,  5.53s/it, -ELBO=0.9578, Potential Metric=0.1021, Entropy Metric=0.0402]

Epoch 33:  72%|███████▏  | 23/32 [00:03<00:01,  6.03it/s][A
Training Epochs:  33%|███▎      | 33/100 [02:52<06:10,  5.53s/it, -ELBO=0.9280, Potential Metric=0.1057, Entropy Metric=0.0414]

Epoch 33:  75%|███████▌  | 24/32 [00:04<00:01,  6.08it/s][A
Training Epochs:  33%|███▎      | 33/100 [02:52<06:10,  5.53s/it, -ELBO=1.2633, Potential Metric=0.1123, Entropy Metric=0.0383]

Epoch 33:  78%|███████▊  | 25/32 [00:04<00:01,  6.03it/s][A
Training Epochs:  33%|███▎      | 33/100 [02:52<06:10,  5.53s/it, -ELBO=0.9838, Potential Metric=0.1106, Entropy Metric=0.0417]

Epoch 33:  81%|████████▏ | 26/32 [00:04<00:01,  5.91it/s][A
Training Epochs:  33%|███▎      | 33/100 [02:53<06:10,  5.53s/it, -ELBO=1.0163, Potential Metric=0.1085, Entropy Metric=0.0405]

Epoch 33:  84%|████████▍ | 27/32 [00:04<00:00,  5.90it/s][A
Training Epochs:  33%|███▎      | 33/100 [02:53<06:10,  5.53s/it, -ELBO=1.0143, Potential Metric=0.1094, Entropy Metric=0.0398]

Epoch 33:  88%|████████▊ | 28/32 [00:04<00:00,  5.88it/s][A
Training Epochs:  33%|███▎      | 33/100 [02:53<06:10,  5.53s/it, -ELBO=1.0764, Potential Metric=0.1183, Entropy Metric=0.0426]

Epoch 33:  91%|█████████ | 29/32 [00:04<00:00,  5.83it/s][A
Training Epochs:  33%|███▎      | 33/100 [02:53<06:10,  5.53s/it, -ELBO=1.0055, Potential Metric=0.1054, Entropy Metric=0.0402]

Epoch 33:  94%|█████████▍| 30/32 [00:05<00:00,  5.71it/s][A
Training Epochs:  33%|███▎      | 33/100 [02:53<06:10,  5.53s/it, -ELBO=0.9919, Potential Metric=0.1027, Entropy Metric=0.0402]

Epoch 33:  97%|█████████▋| 31/32 [00:05<00:00,  5.66it/s][A
Training Epochs:  33%|███▎      | 33/100 [02:53<06:10,  5.53s/it, -ELBO=1.1114, Potential Metric=0.1079, Entropy Metric=0.0362]

Epoch 33: 100%|██████████| 32/32 [00:05<00:00,  5.69it/s][A

                                                         [A
Training Epochs:  34%|███▍      | 34/100 [02:53<06:08,  5.58s/it, -ELBO=1.1114, Potential Metric=0.1079, Entropy Metric=0.0362]

Epoch 34:   0%|          | 0/32 [00:00<?, ?it/s][A
Training Epochs:  34%|███▍      | 34/100 [02:54<06:08,  5.58s/it, -ELBO=1.0295, Potential Metric=0.1064, Entropy Metric=0.0367]

Epoch 34:   3%|▎         | 1/32 [00:00<00:06,  4.45it/s][A
Training Epochs:  34%|███▍      | 34/100 [02:54<06:08,  5.58s/it, -ELBO=0.9896, Potential Metric=0.1031, Entropy Metric=0.0366]

Epoch 34:   6%|▋         | 2/32 [00:00<00:05,  5.33it/s][A
Training Epochs:  34%|███▍      | 34/100 [02:54<06:08,  5.58s/it, -ELBO=1.0768, Potential Metric=0.0964, Entropy Metric=0.0332]

Epoch 34:   9%|▉         | 3/32 [00:00<00:05,  5.63it/s][A
Training Epochs:  34%|███▍      | 34/100 [02:54<06:08,  5.58s/it, -ELBO=0.9796, Potential Metric=0.1068, Entropy Metric=0.0350]

Epoch 34:  12%|█▎        | 4/32 [00:00<00:04,  5.78it/s][A
Training Epochs:  34%|███▍      | 34/100 [02:54<06:08,  5.58s/it, -ELBO=1.0436, Potential Metric=0.1066, Entropy Metric=0.0372]

Epoch 34:  16%|█▌        | 5/32 [00:00<00:04,  5.81it/s][A
Training Epochs:  34%|███▍      | 34/100 [02:55<06:08,  5.58s/it, -ELBO=0.9211, Potential Metric=0.1019, Entropy Metric=0.0406]

Epoch 34:  19%|█▉        | 6/32 [00:01<00:04,  5.79it/s][A
Training Epochs:  34%|███▍      | 34/100 [02:55<06:08,  5.58s/it, -ELBO=0.9684, Potential Metric=0.1090, Entropy Metric=0.0365]

Epoch 34:  22%|██▏       | 7/32 [00:01<00:04,  5.79it/s][A
Training Epochs:  34%|███▍      | 34/100 [02:55<06:08,  5.58s/it, -ELBO=0.9464, Potential Metric=0.1119, Entropy Metric=0.0380]

Epoch 34:  25%|██▌       | 8/32 [00:01<00:04,  5.72it/s][A
Training Epochs:  34%|███▍      | 34/100 [02:55<06:08,  5.58s/it, -ELBO=0.8548, Potential Metric=0.1158, Entropy Metric=0.0391]

Epoch 34:  28%|██▊       | 9/32 [00:01<00:04,  5.69it/s][A
Training Epochs:  34%|███▍      | 34/100 [02:55<06:08,  5.58s/it, -ELBO=0.9075, Potential Metric=0.1156, Entropy Metric=0.0400]

Epoch 34:  31%|███▏      | 10/32 [00:01<00:03,  5.69it/s][A
Training Epochs:  34%|███▍      | 34/100 [02:55<06:08,  5.58s/it, -ELBO=1.0673, Potential Metric=0.1110, Entropy Metric=0.0404]

Epoch 34:  34%|███▍      | 11/32 [00:01<00:03,  5.59it/s][A
Training Epochs:  34%|███▍      | 34/100 [02:56<06:08,  5.58s/it, -ELBO=1.0293, Potential Metric=0.1170, Entropy Metric=0.0413]

Epoch 34:  38%|███▊      | 12/32 [00:02<00:03,  5.71it/s][A
Training Epochs:  34%|███▍      | 34/100 [02:56<06:08,  5.58s/it, -ELBO=1.0093, Potential Metric=0.1178, Entropy Metric=0.0404]

Epoch 34:  41%|████      | 13/32 [00:02<00:03,  5.62it/s][A
Training Epochs:  34%|███▍      | 34/100 [02:56<06:08,  5.58s/it, -ELBO=0.9772, Potential Metric=0.1126, Entropy Metric=0.0403]

Epoch 34:  44%|████▍     | 14/32 [00:02<00:03,  5.62it/s][A
Training Epochs:  34%|███▍      | 34/100 [02:56<06:08,  5.58s/it, -ELBO=0.9633, Potential Metric=0.1082, Entropy Metric=0.0414]

Epoch 34:  47%|████▋     | 15/32 [00:02<00:03,  5.56it/s][A
Training Epochs:  34%|███▍      | 34/100 [02:56<06:08,  5.58s/it, -ELBO=0.9553, Potential Metric=0.1020, Entropy Metric=0.0397]

Epoch 34:  50%|█████     | 16/32 [00:02<00:02,  5.72it/s][A
Training Epochs:  34%|███▍      | 34/100 [02:57<06:08,  5.58s/it, -ELBO=0.9908, Potential Metric=0.1204, Entropy Metric=0.0400]

Epoch 34:  53%|█████▎    | 17/32 [00:03<00:02,  5.70it/s][A
Training Epochs:  34%|███▍      | 34/100 [02:57<06:08,  5.58s/it, -ELBO=0.8807, Potential Metric=0.1009, Entropy Metric=0.0396]

Epoch 34:  56%|█████▋    | 18/32 [00:03<00:02,  5.77it/s][A
Training Epochs:  34%|███▍      | 34/100 [02:57<06:08,  5.58s/it, -ELBO=1.0192, Potential Metric=0.1115, Entropy Metric=0.0379]

Epoch 34:  59%|█████▉    | 19/32 [00:03<00:02,  5.78it/s][A
Training Epochs:  34%|███▍      | 34/100 [02:57<06:08,  5.58s/it, -ELBO=0.9422, Potential Metric=0.1014, Entropy Metric=0.0390]

Epoch 34:  62%|██████▎   | 20/32 [00:03<00:02,  5.76it/s][A
Training Epochs:  34%|███▍      | 34/100 [02:57<06:08,  5.58s/it, -ELBO=0.9651, Potential Metric=0.1084, Entropy Metric=0.0418]

Epoch 34:  66%|██████▌   | 21/32 [00:03<00:01,  5.78it/s][A
Training Epochs:  34%|███▍      | 34/100 [02:57<06:08,  5.58s/it, -ELBO=0.9686, Potential Metric=0.1038, Entropy Metric=0.0398]

Epoch 34:  69%|██████▉   | 22/32 [00:03<00:01,  5.65it/s][A
Training Epochs:  34%|███▍      | 34/100 [02:58<06:08,  5.58s/it, -ELBO=0.9399, Potential Metric=0.1035, Entropy Metric=0.0412]

Epoch 34:  72%|███████▏  | 23/32 [00:04<00:01,  5.64it/s][A
Training Epochs:  34%|███▍      | 34/100 [02:58<06:08,  5.58s/it, -ELBO=0.9746, Potential Metric=0.1057, Entropy Metric=0.0406]

Epoch 34:  75%|███████▌  | 24/32 [00:04<00:01,  5.51it/s][A
Training Epochs:  34%|███▍      | 34/100 [02:58<06:08,  5.58s/it, -ELBO=1.0261, Potential Metric=0.1123, Entropy Metric=0.0382]

Epoch 34:  78%|███████▊  | 25/32 [00:04<00:01,  5.47it/s][A
Training Epochs:  34%|███▍      | 34/100 [02:58<06:08,  5.58s/it, -ELBO=1.0161, Potential Metric=0.1068, Entropy Metric=0.0409]

Epoch 34:  81%|████████▏ | 26/32 [00:04<00:01,  5.50it/s][A
Training Epochs:  34%|███▍      | 34/100 [02:58<06:08,  5.58s/it, -ELBO=0.8992, Potential Metric=0.0993, Entropy Metric=0.0405]

Epoch 34:  84%|████████▍ | 27/32 [00:04<00:00,  5.45it/s][A
Training Epochs:  34%|███▍      | 34/100 [02:59<06:08,  5.58s/it, -ELBO=0.9907, Potential Metric=0.1111, Entropy Metric=0.0407]

Epoch 34:  88%|████████▊ | 28/32 [00:04<00:00,  5.43it/s][A
Training Epochs:  34%|███▍      | 34/100 [02:59<06:08,  5.58s/it, -ELBO=1.1025, Potential Metric=0.1108, Entropy Metric=0.0385]

Epoch 34:  91%|█████████ | 29/32 [00:05<00:00,  5.35it/s][A
Training Epochs:  34%|███▍      | 34/100 [02:59<06:08,  5.58s/it, -ELBO=1.0516, Potential Metric=0.1151, Entropy Metric=0.0416]

Epoch 34:  94%|█████████▍| 30/32 [00:05<00:00,  5.36it/s][A
Training Epochs:  34%|███▍      | 34/100 [02:59<06:08,  5.58s/it, -ELBO=0.9379, Potential Metric=0.1163, Entropy Metric=0.0417]

Epoch 34:  97%|█████████▋| 31/32 [00:05<00:00,  5.34it/s][A
Training Epochs:  34%|███▍      | 34/100 [02:59<06:08,  5.58s/it, -ELBO=0.9676, Potential Metric=0.1143, Entropy Metric=0.0421]

Epoch 34: 100%|██████████| 32/32 [00:05<00:00,  5.40it/s][A

                                                         [A
Training Epochs:  35%|███▌      | 35/100 [02:59<06:08,  5.67s/it, -ELBO=0.9676, Potential Metric=0.1143, Entropy Metric=0.0421]

Epoch 35:   0%|          | 0/32 [00:00<?, ?it/s][A
Training Epochs:  35%|███▌      | 35/100 [03:00<06:08,  5.67s/it, -ELBO=0.9838, Potential Metric=0.1182, Entropy Metric=0.0407]

Epoch 35:   3%|▎         | 1/32 [00:00<00:06,  4.57it/s][A
Training Epochs:  35%|███▌      | 35/100 [03:00<06:08,  5.67s/it, -ELBO=0.9473, Potential Metric=0.1193, Entropy Metric=0.0381]

Epoch 35:   6%|▋         | 2/32 [00:00<00:05,  5.03it/s][A
Training Epochs:  35%|███▌      | 35/100 [03:00<06:08,  5.67s/it, -ELBO=0.9031, Potential Metric=0.1054, Entropy Metric=0.0381]

Epoch 35:   9%|▉         | 3/32 [00:00<00:05,  5.34it/s][A
Training Epochs:  35%|███▌      | 35/100 [03:00<06:08,  5.67s/it, -ELBO=0.9440, Potential Metric=0.1103, Entropy Metric=0.0370]

Epoch 35:  12%|█▎        | 4/32 [00:00<00:05,  5.51it/s][A
Training Epochs:  35%|███▌      | 35/100 [03:00<06:08,  5.67s/it, -ELBO=0.9519, Potential Metric=0.1159, Entropy Metric=0.0377]

Epoch 35:  16%|█▌        | 5/32 [00:00<00:04,  5.56it/s][A
Training Epochs:  35%|███▌      | 35/100 [03:00<06:08,  5.67s/it, -ELBO=0.9724, Potential Metric=0.1060, Entropy Metric=0.0364]

Epoch 35:  19%|█▉        | 6/32 [00:01<00:04,  5.63it/s][A
Training Epochs:  35%|███▌      | 35/100 [03:01<06:08,  5.67s/it, -ELBO=1.0258, Potential Metric=0.1110, Entropy Metric=0.0375]

Epoch 35:  22%|██▏       | 7/32 [00:01<00:04,  5.70it/s][A
Training Epochs:  35%|███▌      | 35/100 [03:01<06:08,  5.67s/it, -ELBO=0.9442, Potential Metric=0.1166, Entropy Metric=0.0381]

Epoch 35:  25%|██▌       | 8/32 [00:01<00:04,  5.65it/s][A
Training Epochs:  35%|███▌      | 35/100 [03:01<06:08,  5.67s/it, -ELBO=1.0054, Potential Metric=0.0990, Entropy Metric=0.0380]

Epoch 35:  28%|██▊       | 9/32 [00:01<00:04,  5.70it/s][A
Training Epochs:  35%|███▌      | 35/100 [03:01<06:08,  5.67s/it, -ELBO=0.9842, Potential Metric=0.1209, Entropy Metric=0.0390]

Epoch 35:  31%|███▏      | 10/32 [00:01<00:03,  5.65it/s][A
Training Epochs:  35%|███▌      | 35/100 [03:01<06:08,  5.67s/it, -ELBO=1.0060, Potential Metric=0.1156, Entropy Metric=0.0393]

Epoch 35:  34%|███▍      | 11/32 [00:01<00:03,  5.64it/s][A
Training Epochs:  35%|███▌      | 35/100 [03:02<06:08,  5.67s/it, -ELBO=0.8992, Potential Metric=0.1234, Entropy Metric=0.0376]

Epoch 35:  38%|███▊      | 12/32 [00:02<00:03,  5.70it/s][A
Training Epochs:  35%|███▌      | 35/100 [03:02<06:08,  5.67s/it, -ELBO=0.9484, Potential Metric=0.1100, Entropy Metric=0.0371]

Epoch 35:  41%|████      | 13/32 [00:02<00:03,  5.77it/s][A
Training Epochs:  35%|███▌      | 35/100 [03:02<06:08,  5.67s/it, -ELBO=1.0036, Potential Metric=0.1184, Entropy Metric=0.0383]

Epoch 35:  44%|████▍     | 14/32 [00:02<00:03,  5.76it/s][A
Training Epochs:  35%|███▌      | 35/100 [03:02<06:08,  5.67s/it, -ELBO=0.9209, Potential Metric=0.1032, Entropy Metric=0.0382]

Epoch 35:  47%|████▋     | 15/32 [00:02<00:02,  5.73it/s][A
Training Epochs:  35%|███▌      | 35/100 [03:02<06:08,  5.67s/it, -ELBO=0.9811, Potential Metric=0.1110, Entropy Metric=0.0367]

Epoch 35:  50%|█████     | 16/32 [00:02<00:02,  5.67it/s][A
Training Epochs:  35%|███▌      | 35/100 [03:02<06:08,  5.67s/it, -ELBO=0.8019, Potential Metric=0.1103, Entropy Metric=0.0393]

Epoch 35:  53%|█████▎    | 17/32 [00:03<00:02,  5.74it/s][A
Training Epochs:  35%|███▌      | 35/100 [03:03<06:08,  5.67s/it, -ELBO=0.9279, Potential Metric=0.1156, Entropy Metric=0.0386]

Epoch 35:  56%|█████▋    | 18/32 [00:03<00:02,  5.64it/s][A
Training Epochs:  35%|███▌      | 35/100 [03:03<06:08,  5.67s/it, -ELBO=1.0892, Potential Metric=0.1127, Entropy Metric=0.0375]

Epoch 35:  59%|█████▉    | 19/32 [00:03<00:02,  5.61it/s][A
Training Epochs:  35%|███▌      | 35/100 [03:03<06:08,  5.67s/it, -ELBO=0.8638, Potential Metric=0.1018, Entropy Metric=0.0362]

Epoch 35:  62%|██████▎   | 20/32 [00:03<00:02,  5.57it/s][A
Training Epochs:  35%|███▌      | 35/100 [03:03<06:08,  5.67s/it, -ELBO=0.8561, Potential Metric=0.1018, Entropy Metric=0.0406]

Epoch 35:  66%|██████▌   | 21/32 [00:03<00:01,  5.63it/s][A
Training Epochs:  35%|███▌      | 35/100 [03:03<06:08,  5.67s/it, -ELBO=0.9710, Potential Metric=0.1086, Entropy Metric=0.0386]

Epoch 35:  69%|██████▉   | 22/32 [00:03<00:01,  5.59it/s][A
Training Epochs:  35%|███▌      | 35/100 [03:03<06:08,  5.67s/it, -ELBO=0.9537, Potential Metric=0.1114, Entropy Metric=0.0387]

Epoch 35:  72%|███████▏  | 23/32 [00:04<00:01,  5.59it/s][A
Training Epochs:  35%|███▌      | 35/100 [03:04<06:08,  5.67s/it, -ELBO=0.9087, Potential Metric=0.1016, Entropy Metric=0.0377]

Epoch 35:  75%|███████▌  | 24/32 [00:04<00:01,  5.57it/s][A
Training Epochs:  35%|███▌      | 35/100 [03:04<06:08,  5.67s/it, -ELBO=1.0304, Potential Metric=0.1090, Entropy Metric=0.0437]

Epoch 35:  78%|███████▊  | 25/32 [00:04<00:01,  5.56it/s][A
Training Epochs:  35%|███▌      | 35/100 [03:04<06:08,  5.67s/it, -ELBO=0.9909, Potential Metric=0.1135, Entropy Metric=0.0440]

Epoch 35:  81%|████████▏ | 26/32 [00:04<00:01,  5.47it/s][A
Training Epochs:  35%|███▌      | 35/100 [03:04<06:08,  5.67s/it, -ELBO=1.0213, Potential Metric=0.1177, Entropy Metric=0.0400]

Epoch 35:  84%|████████▍ | 27/32 [00:04<00:00,  5.45it/s][A
Training Epochs:  35%|███▌      | 35/100 [03:04<06:08,  5.67s/it, -ELBO=0.9542, Potential Metric=0.1158, Entropy Metric=0.0401]

Epoch 35:  88%|████████▊ | 28/32 [00:05<00:00,  5.47it/s][A
Training Epochs:  35%|███▌      | 35/100 [03:05<06:08,  5.67s/it, -ELBO=0.9085, Potential Metric=0.1183, Entropy Metric=0.0406]

Epoch 35:  91%|█████████ | 29/32 [00:05<00:00,  5.50it/s][A
Training Epochs:  35%|███▌      | 35/100 [03:05<06:08,  5.67s/it, -ELBO=0.9012, Potential Metric=0.1221, Entropy Metric=0.0417]

Epoch 35:  94%|█████████▍| 30/32 [00:05<00:00,  5.44it/s][A
Training Epochs:  35%|███▌      | 35/100 [03:05<06:08,  5.67s/it, -ELBO=0.9511, Potential Metric=0.1131, Entropy Metric=0.0398]

Epoch 35:  97%|█████████▋| 31/32 [00:05<00:00,  5.41it/s][A
Training Epochs:  35%|███▌      | 35/100 [03:05<06:08,  5.67s/it, -ELBO=1.0059, Potential Metric=0.1203, Entropy Metric=0.0380]

Epoch 35: 100%|██████████| 32/32 [00:05<00:00,  5.39it/s][A

                                                         [A
Training Epochs:  36%|███▌      | 36/100 [03:05<06:06,  5.73s/it, -ELBO=1.0059, Potential Metric=0.1203, Entropy Metric=0.0380]

Epoch 36:   0%|          | 0/32 [00:00<?, ?it/s][A
Training Epochs:  36%|███▌      | 36/100 [03:06<06:06,  5.73s/it, -ELBO=0.9947, Potential Metric=0.1159, Entropy Metric=0.0420]

Epoch 36:   3%|▎         | 1/32 [00:00<00:06,  4.46it/s][A
Training Epochs:  36%|███▌      | 36/100 [03:06<06:06,  5.73s/it, -ELBO=0.8438, Potential Metric=0.1152, Entropy Metric=0.0418]

Epoch 36:   6%|▋         | 2/32 [00:00<00:05,  5.10it/s][A
Training Epochs:  36%|███▌      | 36/100 [03:06<06:06,  5.73s/it, -ELBO=0.9684, Potential Metric=0.1257, Entropy Metric=0.0429]

Epoch 36:   9%|▉         | 3/32 [00:00<00:05,  5.38it/s][A
Training Epochs:  36%|███▌      | 36/100 [03:06<06:06,  5.73s/it, -ELBO=0.9383, Potential Metric=0.1082, Entropy Metric=0.0450]

Epoch 36:  12%|█▎        | 4/32 [00:00<00:05,  5.49it/s][A
Training Epochs:  36%|███▌      | 36/100 [03:06<06:06,  5.73s/it, -ELBO=0.8522, Potential Metric=0.1169, Entropy Metric=0.0411]

Epoch 36:  16%|█▌        | 5/32 [00:00<00:04,  5.59it/s][A
Training Epochs:  36%|███▌      | 36/100 [03:06<06:06,  5.73s/it, -ELBO=0.9138, Potential Metric=0.1189, Entropy Metric=0.0451]

Epoch 36:  19%|█▉        | 6/32 [00:01<00:04,  5.57it/s][A
Training Epochs:  36%|███▌      | 36/100 [03:07<06:06,  5.73s/it, -ELBO=0.8618, Potential Metric=0.1226, Entropy Metric=0.0445]

Epoch 36:  22%|██▏       | 7/32 [00:01<00:04,  5.64it/s][A
Training Epochs:  36%|███▌      | 36/100 [03:07<06:06,  5.73s/it, -ELBO=1.0977, Potential Metric=0.1111, Entropy Metric=0.0399]

Epoch 36:  25%|██▌       | 8/32 [00:01<00:04,  5.74it/s][A
Training Epochs:  36%|███▌      | 36/100 [03:07<06:06,  5.73s/it, -ELBO=0.8350, Potential Metric=0.1145, Entropy Metric=0.0428]

Epoch 36:  28%|██▊       | 9/32 [00:01<00:03,  5.80it/s][A
Training Epochs:  36%|███▌      | 36/100 [03:07<06:06,  5.73s/it, -ELBO=0.8563, Potential Metric=0.1145, Entropy Metric=0.0416]

Epoch 36:  31%|███▏      | 10/32 [00:01<00:03,  5.75it/s][A
Training Epochs:  36%|███▌      | 36/100 [03:07<06:06,  5.73s/it, -ELBO=1.0585, Potential Metric=0.1154, Entropy Metric=0.0412]

Epoch 36:  34%|███▍      | 11/32 [00:01<00:03,  5.79it/s][A
Training Epochs:  36%|███▌      | 36/100 [03:07<06:06,  5.73s/it, -ELBO=0.9917, Potential Metric=0.1133, Entropy Metric=0.0405]

Epoch 36:  38%|███▊      | 12/32 [00:02<00:03,  5.80it/s][A
Training Epochs:  36%|███▌      | 36/100 [03:08<06:06,  5.73s/it, -ELBO=0.8957, Potential Metric=0.1117, Entropy Metric=0.0407]

Epoch 36:  41%|████      | 13/32 [00:02<00:03,  5.82it/s][A
Training Epochs:  36%|███▌      | 36/100 [03:08<06:06,  5.73s/it, -ELBO=0.9196, Potential Metric=0.1126, Entropy Metric=0.0403]

Epoch 36:  44%|████▍     | 14/32 [00:02<00:03,  5.80it/s][A
Training Epochs:  36%|███▌      | 36/100 [03:08<06:06,  5.73s/it, -ELBO=1.1154, Potential Metric=0.1056, Entropy Metric=0.0399]

Epoch 36:  47%|████▋     | 15/32 [00:02<00:02,  5.75it/s][A
Training Epochs:  36%|███▌      | 36/100 [03:08<06:06,  5.73s/it, -ELBO=0.9608, Potential Metric=0.1144, Entropy Metric=0.0381]

Epoch 36:  50%|█████     | 16/32 [00:02<00:02,  5.57it/s][A
Training Epochs:  36%|███▌      | 36/100 [03:08<06:06,  5.73s/it, -ELBO=0.8150, Potential Metric=0.1079, Entropy Metric=0.0396]

Epoch 36:  53%|█████▎    | 17/32 [00:03<00:02,  5.57it/s][A
Training Epochs:  36%|███▌      | 36/100 [03:08<06:06,  5.73s/it, -ELBO=0.8723, Potential Metric=0.1165, Entropy Metric=0.0415]

Epoch 36:  56%|█████▋    | 18/32 [00:03<00:02,  5.63it/s][A
Training Epochs:  36%|███▌      | 36/100 [03:09<06:06,  5.73s/it, -ELBO=0.8803, Potential Metric=0.1090, Entropy Metric=0.0374]

Epoch 36:  59%|█████▉    | 19/32 [00:03<00:02,  5.56it/s][A
Training Epochs:  36%|███▌      | 36/100 [03:09<06:06,  5.73s/it, -ELBO=0.9139, Potential Metric=0.1058, Entropy Metric=0.0408]

Epoch 36:  62%|██████▎   | 20/32 [00:03<00:02,  5.62it/s][A
Training Epochs:  36%|███▌      | 36/100 [03:09<06:06,  5.73s/it, -ELBO=0.9435, Potential Metric=0.1038, Entropy Metric=0.0373]

Epoch 36:  66%|██████▌   | 21/32 [00:03<00:01,  5.63it/s][A
Training Epochs:  36%|███▌      | 36/100 [03:09<06:06,  5.73s/it, -ELBO=0.9899, Potential Metric=0.1187, Entropy Metric=0.0383]

Epoch 36:  69%|██████▉   | 22/32 [00:03<00:01,  5.71it/s][A
Training Epochs:  36%|███▌      | 36/100 [03:10<06:06,  5.73s/it, -ELBO=0.9363, Potential Metric=0.1133, Entropy Metric=0.0397]

Epoch 36:  72%|███████▏  | 23/32 [00:04<00:01,  4.60it/s][A
Training Epochs:  36%|███▌      | 36/100 [03:10<06:06,  5.73s/it, -ELBO=0.8368, Potential Metric=0.1128, Entropy Metric=0.0395]

Epoch 36:  75%|███████▌  | 24/32 [00:04<00:01,  4.83it/s][A
Training Epochs:  36%|███▌      | 36/100 [03:10<06:06,  5.73s/it, -ELBO=0.9456, Potential Metric=0.1164, Entropy Metric=0.0412]

Epoch 36:  78%|███████▊  | 25/32 [00:04<00:01,  5.07it/s][A
Training Epochs:  36%|███▌      | 36/100 [03:10<06:06,  5.73s/it, -ELBO=0.8748, Potential Metric=0.1108, Entropy Metric=0.0421]

Epoch 36:  81%|████████▏ | 26/32 [00:04<00:01,  5.37it/s][A
Training Epochs:  36%|███▌      | 36/100 [03:10<06:06,  5.73s/it, -ELBO=0.9730, Potential Metric=0.1127, Entropy Metric=0.0408]

Epoch 36:  84%|████████▍ | 27/32 [00:04<00:00,  5.44it/s][A
Training Epochs:  36%|███▌      | 36/100 [03:10<06:06,  5.73s/it, -ELBO=0.9992, Potential Metric=0.1157, Entropy Metric=0.0416]

Epoch 36:  88%|████████▊ | 28/32 [00:05<00:00,  5.60it/s][A
Training Epochs:  36%|███▌      | 36/100 [03:11<06:06,  5.73s/it, -ELBO=0.8368, Potential Metric=0.1125, Entropy Metric=0.0388]

Epoch 36:  91%|█████████ | 29/32 [00:05<00:00,  5.68it/s][A
Training Epochs:  36%|███▌      | 36/100 [03:11<06:06,  5.73s/it, -ELBO=0.9304, Potential Metric=0.1152, Entropy Metric=0.0386]

Epoch 36:  94%|█████████▍| 30/32 [00:05<00:00,  5.71it/s][A
Training Epochs:  36%|███▌      | 36/100 [03:11<06:06,  5.73s/it, -ELBO=0.9826, Potential Metric=0.1091, Entropy Metric=0.0378]

Epoch 36:  97%|█████████▋| 31/32 [00:05<00:00,  5.65it/s][A
Training Epochs:  36%|███▌      | 36/100 [03:11<06:06,  5.73s/it, -ELBO=0.9011, Potential Metric=0.1191, Entropy Metric=0.0404]

Epoch 36: 100%|██████████| 32/32 [00:05<00:00,  5.60it/s][A

                                                         [A
Training Epochs:  37%|███▋      | 37/100 [03:11<06:05,  5.80s/it, -ELBO=0.9011, Potential Metric=0.1191, Entropy Metric=0.0404]

Epoch 37:   0%|          | 0/32 [00:00<?, ?it/s][A
Training Epochs:  37%|███▋      | 37/100 [03:11<06:05,  5.80s/it, -ELBO=0.8088, Potential Metric=0.1135, Entropy Metric=0.0420]

Epoch 37:   3%|▎         | 1/32 [00:00<00:07,  4.39it/s][A
Training Epochs:  37%|███▋      | 37/100 [03:12<06:05,  5.80s/it, -ELBO=0.9799, Potential Metric=0.1098, Entropy Metric=0.0383]

Epoch 37:   6%|▋         | 2/32 [00:00<00:05,  5.12it/s][A
Training Epochs:  37%|███▋      | 37/100 [03:12<06:05,  5.80s/it, -ELBO=0.8973, Potential Metric=0.1108, Entropy Metric=0.0402]

Epoch 37:   9%|▉         | 3/32 [00:00<00:05,  5.31it/s][A
Training Epochs:  37%|███▋      | 37/100 [03:12<06:05,  5.80s/it, -ELBO=0.8665, Potential Metric=0.1026, Entropy Metric=0.0399]

Epoch 37:  12%|█▎        | 4/32 [00:00<00:05,  5.39it/s][A
Training Epochs:  37%|███▋      | 37/100 [03:12<06:05,  5.80s/it, -ELBO=0.9990, Potential Metric=0.1136, Entropy Metric=0.0368]

Epoch 37:  16%|█▌        | 5/32 [00:00<00:04,  5.45it/s][A
Training Epochs:  37%|███▋      | 37/100 [03:12<06:05,  5.80s/it, -ELBO=0.8838, Potential Metric=0.1112, Entropy Metric=0.0383]

Epoch 37:  19%|█▉        | 6/32 [00:01<00:04,  5.55it/s][A
Training Epochs:  37%|███▋      | 37/100 [03:13<06:05,  5.80s/it, -ELBO=0.8257, Potential Metric=0.1126, Entropy Metric=0.0383]

Epoch 37:  22%|██▏       | 7/32 [00:01<00:04,  5.60it/s][A
Training Epochs:  37%|███▋      | 37/100 [03:13<06:05,  5.80s/it, -ELBO=0.8056, Potential Metric=0.1129, Entropy Metric=0.0399]

Epoch 37:  25%|██▌       | 8/32 [00:01<00:04,  5.60it/s][A
Training Epochs:  37%|███▋      | 37/100 [03:13<06:05,  5.80s/it, -ELBO=0.9515, Potential Metric=0.1090, Entropy Metric=0.0392]

Epoch 37:  28%|██▊       | 9/32 [00:01<00:04,  5.68it/s][A
Training Epochs:  37%|███▋      | 37/100 [03:13<06:05,  5.80s/it, -ELBO=0.9749, Potential Metric=0.1029, Entropy Metric=0.0397]

Epoch 37:  31%|███▏      | 10/32 [00:01<00:03,  5.70it/s][A
Training Epochs:  37%|███▋      | 37/100 [03:13<06:05,  5.80s/it, -ELBO=0.9594, Potential Metric=0.1081, Entropy Metric=0.0374]

Epoch 37:  34%|███▍      | 11/32 [00:01<00:03,  5.71it/s][A
Training Epochs:  37%|███▋      | 37/100 [03:13<06:05,  5.80s/it, -ELBO=0.8963, Potential Metric=0.1148, Entropy Metric=0.0391]

Epoch 37:  38%|███▊      | 12/32 [00:02<00:03,  5.69it/s][A
Training Epochs:  37%|███▋      | 37/100 [03:14<06:05,  5.80s/it, -ELBO=0.9372, Potential Metric=0.1113, Entropy Metric=0.0419]

Epoch 37:  41%|████      | 13/32 [00:02<00:03,  5.63it/s][A
Training Epochs:  37%|███▋      | 37/100 [03:14<06:05,  5.80s/it, -ELBO=0.9949, Potential Metric=0.1165, Entropy Metric=0.0384]

Epoch 37:  44%|████▍     | 14/32 [00:02<00:03,  5.57it/s][A
Training Epochs:  37%|███▋      | 37/100 [03:14<06:05,  5.80s/it, -ELBO=0.8632, Potential Metric=0.1195, Entropy Metric=0.0392]

Epoch 37:  47%|████▋     | 15/32 [00:02<00:03,  5.63it/s][A
Training Epochs:  37%|███▋      | 37/100 [03:14<06:05,  5.80s/it, -ELBO=0.8838, Potential Metric=0.1139, Entropy Metric=0.0387]

Epoch 37:  50%|█████     | 16/32 [00:02<00:02,  5.65it/s][A
Training Epochs:  37%|███▋      | 37/100 [03:14<06:05,  5.80s/it, -ELBO=0.9294, Potential Metric=0.1139, Entropy Metric=0.0381]

Epoch 37:  53%|█████▎    | 17/32 [00:03<00:02,  5.69it/s][A
Training Epochs:  37%|███▋      | 37/100 [03:14<06:05,  5.80s/it, -ELBO=0.8704, Potential Metric=0.1191, Entropy Metric=0.0410]

Epoch 37:  56%|█████▋    | 18/32 [00:03<00:02,  5.65it/s][A
Training Epochs:  37%|███▋      | 37/100 [03:15<06:05,  5.80s/it, -ELBO=1.0049, Potential Metric=0.1078, Entropy Metric=0.0409]

Epoch 37:  59%|█████▉    | 19/32 [00:03<00:02,  5.65it/s][A
Training Epochs:  37%|███▋      | 37/100 [03:15<06:05,  5.80s/it, -ELBO=0.8945, Potential Metric=0.1145, Entropy Metric=0.0417]

Epoch 37:  62%|██████▎   | 20/32 [00:03<00:02,  5.63it/s][A
Training Epochs:  37%|███▋      | 37/100 [03:15<06:05,  5.80s/it, -ELBO=0.8821, Potential Metric=0.1118, Entropy Metric=0.0426]

Epoch 37:  66%|██████▌   | 21/32 [00:03<00:01,  5.66it/s][A
Training Epochs:  37%|███▋      | 37/100 [03:15<06:05,  5.80s/it, -ELBO=0.8386, Potential Metric=0.1031, Entropy Metric=0.0418]

Epoch 37:  69%|██████▉   | 22/32 [00:03<00:01,  5.69it/s][A
Training Epochs:  37%|███▋      | 37/100 [03:15<06:05,  5.80s/it, -ELBO=1.0235, Potential Metric=0.1071, Entropy Metric=0.0419]

Epoch 37:  72%|███████▏  | 23/32 [00:04<00:01,  5.77it/s][A
Training Epochs:  37%|███▋      | 37/100 [03:16<06:05,  5.80s/it, -ELBO=0.9666, Potential Metric=0.1195, Entropy Metric=0.0402]

Epoch 37:  75%|███████▌  | 24/32 [00:04<00:01,  5.80it/s][A
Training Epochs:  37%|███▋      | 37/100 [03:16<06:05,  5.80s/it, -ELBO=0.8374, Potential Metric=0.1137, Entropy Metric=0.0422]

Epoch 37:  78%|███████▊  | 25/32 [00:04<00:01,  5.90it/s][A
Training Epochs:  37%|███▋      | 37/100 [03:16<06:05,  5.80s/it, -ELBO=0.9701, Potential Metric=0.1221, Entropy Metric=0.0412]

Epoch 37:  81%|████████▏ | 26/32 [00:04<00:01,  5.78it/s][A
Training Epochs:  37%|███▋      | 37/100 [03:16<06:05,  5.80s/it, -ELBO=0.8657, Potential Metric=0.1162, Entropy Metric=0.0429]

Epoch 37:  84%|████████▍ | 27/32 [00:04<00:00,  5.81it/s][A
Training Epochs:  37%|███▋      | 37/100 [03:16<06:05,  5.80s/it, -ELBO=0.9315, Potential Metric=0.1150, Entropy Metric=0.0418]

Epoch 37:  88%|████████▊ | 28/32 [00:04<00:00,  5.88it/s][A
Training Epochs:  37%|███▋      | 37/100 [03:16<06:05,  5.80s/it, -ELBO=0.9105, Potential Metric=0.1182, Entropy Metric=0.0429]

Epoch 37:  91%|█████████ | 29/32 [00:05<00:00,  5.93it/s][A
Training Epochs:  37%|███▋      | 37/100 [03:17<06:05,  5.80s/it, -ELBO=0.8006, Potential Metric=0.1053, Entropy Metric=0.0437]

Epoch 37:  94%|█████████▍| 30/32 [00:05<00:00,  5.87it/s][A
Training Epochs:  37%|███▋      | 37/100 [03:17<06:05,  5.80s/it, -ELBO=0.8905, Potential Metric=0.1285, Entropy Metric=0.0417]

Epoch 37:  97%|█████████▋| 31/32 [00:05<00:00,  5.83it/s][A
Training Epochs:  37%|███▋      | 37/100 [03:17<06:05,  5.80s/it, -ELBO=0.8584, Potential Metric=0.1162, Entropy Metric=0.0429]

Epoch 37: 100%|██████████| 32/32 [00:05<00:00,  5.79it/s][A

                                                         [A
Training Epochs:  38%|███▊      | 38/100 [03:17<05:59,  5.80s/it, -ELBO=0.8584, Potential Metric=0.1162, Entropy Metric=0.0429]

Epoch 38:   0%|          | 0/32 [00:00<?, ?it/s][A
Training Epochs:  38%|███▊      | 38/100 [03:17<05:59,  5.80s/it, -ELBO=0.9790, Potential Metric=0.1171, Entropy Metric=0.0436]

Epoch 38:   3%|▎         | 1/32 [00:00<00:06,  4.72it/s][A
Training Epochs:  38%|███▊      | 38/100 [03:17<05:59,  5.80s/it, -ELBO=0.8007, Potential Metric=0.1199, Entropy Metric=0.0421]

Epoch 38:   6%|▋         | 2/32 [00:00<00:05,  5.37it/s][A
Training Epochs:  38%|███▊      | 38/100 [03:18<05:59,  5.80s/it, -ELBO=0.8587, Potential Metric=0.1219, Entropy Metric=0.0375]

Epoch 38:   9%|▉         | 3/32 [00:00<00:05,  5.50it/s][A
Training Epochs:  38%|███▊      | 38/100 [03:18<05:59,  5.80s/it, -ELBO=0.8874, Potential Metric=0.1145, Entropy Metric=0.0411]

Epoch 38:  12%|█▎        | 4/32 [00:00<00:05,  5.60it/s][A
Training Epochs:  38%|███▊      | 38/100 [03:18<05:59,  5.80s/it, -ELBO=0.9255, Potential Metric=0.1025, Entropy Metric=0.0377]

Epoch 38:  16%|█▌        | 5/32 [00:00<00:04,  5.67it/s][A
Training Epochs:  38%|███▊      | 38/100 [03:18<05:59,  5.80s/it, -ELBO=0.8864, Potential Metric=0.1048, Entropy Metric=0.0404]

Epoch 38:  19%|█▉        | 6/32 [00:01<00:04,  5.65it/s][A
Training Epochs:  38%|███▊      | 38/100 [03:18<05:59,  5.80s/it, -ELBO=0.9540, Potential Metric=0.1202, Entropy Metric=0.0424]

Epoch 38:  22%|██▏       | 7/32 [00:01<00:04,  5.67it/s][A
Training Epochs:  38%|███▊      | 38/100 [03:18<05:59,  5.80s/it, -ELBO=0.8471, Potential Metric=0.1177, Entropy Metric=0.0413]

Epoch 38:  25%|██▌       | 8/32 [00:01<00:04,  5.71it/s][A
Training Epochs:  38%|███▊      | 38/100 [03:19<05:59,  5.80s/it, -ELBO=0.8461, Potential Metric=0.1099, Entropy Metric=0.0448]

Epoch 38:  28%|██▊       | 9/32 [00:01<00:04,  5.69it/s][A
Training Epochs:  38%|███▊      | 38/100 [03:19<05:59,  5.80s/it, -ELBO=0.8258, Potential Metric=0.1111, Entropy Metric=0.0412]

Epoch 38:  31%|███▏      | 10/32 [00:01<00:03,  5.68it/s][A
Training Epochs:  38%|███▊      | 38/100 [03:19<05:59,  5.80s/it, -ELBO=0.9138, Potential Metric=0.1060, Entropy Metric=0.0427]

Epoch 38:  34%|███▍      | 11/32 [00:01<00:03,  5.70it/s][A
Training Epochs:  38%|███▊      | 38/100 [03:19<05:59,  5.80s/it, -ELBO=0.8049, Potential Metric=0.1095, Entropy Metric=0.0415]

Epoch 38:  38%|███▊      | 12/32 [00:02<00:03,  5.73it/s][A
Training Epochs:  38%|███▊      | 38/100 [03:19<05:59,  5.80s/it, -ELBO=0.8580, Potential Metric=0.1093, Entropy Metric=0.0412]

Epoch 38:  41%|████      | 13/32 [00:02<00:03,  5.71it/s][A
Training Epochs:  38%|███▊      | 38/100 [03:20<05:59,  5.80s/it, -ELBO=0.8280, Potential Metric=0.1096, Entropy Metric=0.0391]

Epoch 38:  44%|████▍     | 14/32 [00:02<00:03,  5.73it/s][A
Training Epochs:  38%|███▊      | 38/100 [03:20<05:59,  5.80s/it, -ELBO=0.9441, Potential Metric=0.1166, Entropy Metric=0.0381]

Epoch 38:  47%|████▋     | 15/32 [00:02<00:02,  5.80it/s][A
Training Epochs:  38%|███▊      | 38/100 [03:20<05:59,  5.80s/it, -ELBO=0.8670, Potential Metric=0.1110, Entropy Metric=0.0388]

Epoch 38:  50%|█████     | 16/32 [00:02<00:02,  5.73it/s][A
Training Epochs:  38%|███▊      | 38/100 [03:20<05:59,  5.80s/it, -ELBO=0.8577, Potential Metric=0.1063, Entropy Metric=0.0389]

Epoch 38:  53%|█████▎    | 17/32 [00:02<00:02,  5.74it/s][A
Training Epochs:  38%|███▊      | 38/100 [03:20<05:59,  5.80s/it, -ELBO=0.9978, Potential Metric=0.1109, Entropy Metric=0.0362]

Epoch 38:  56%|█████▋    | 18/32 [00:03<00:02,  5.71it/s][A
Training Epochs:  38%|███▊      | 38/100 [03:20<05:59,  5.80s/it, -ELBO=0.8038, Potential Metric=0.1166, Entropy Metric=0.0415]

Epoch 38:  59%|█████▉    | 19/32 [00:03<00:02,  5.62it/s][A
Training Epochs:  38%|███▊      | 38/100 [03:21<05:59,  5.80s/it, -ELBO=0.9264, Potential Metric=0.1267, Entropy Metric=0.0389]

Epoch 38:  62%|██████▎   | 20/32 [00:03<00:02,  5.57it/s][A
Training Epochs:  38%|███▊      | 38/100 [03:21<05:59,  5.80s/it, -ELBO=0.8366, Potential Metric=0.1206, Entropy Metric=0.0420]

Epoch 38:  66%|██████▌   | 21/32 [00:03<00:01,  5.57it/s][A
Training Epochs:  38%|███▊      | 38/100 [03:21<05:59,  5.80s/it, -ELBO=0.9249, Potential Metric=0.1189, Entropy Metric=0.0428]

Epoch 38:  69%|██████▉   | 22/32 [00:03<00:01,  5.48it/s][A
Training Epochs:  38%|███▊      | 38/100 [03:21<05:59,  5.80s/it, -ELBO=0.8543, Potential Metric=0.1254, Entropy Metric=0.0424]

Epoch 38:  72%|███████▏  | 23/32 [00:04<00:01,  5.55it/s][A
Training Epochs:  38%|███▊      | 38/100 [03:21<05:59,  5.80s/it, -ELBO=0.8582, Potential Metric=0.1140, Entropy Metric=0.0373]

Epoch 38:  75%|███████▌  | 24/32 [00:04<00:01,  5.49it/s][A
Training Epochs:  38%|███▊      | 38/100 [03:22<05:59,  5.80s/it, -ELBO=0.8665, Potential Metric=0.1114, Entropy Metric=0.0376]

Epoch 38:  78%|███████▊  | 25/32 [00:04<00:01,  5.63it/s][A
Training Epochs:  38%|███▊      | 38/100 [03:22<05:59,  5.80s/it, -ELBO=0.9697, Potential Metric=0.1144, Entropy Metric=0.0378]

Epoch 38:  81%|████████▏ | 26/32 [00:04<00:01,  5.64it/s][A
Training Epochs:  38%|███▊      | 38/100 [03:22<05:59,  5.80s/it, -ELBO=0.8395, Potential Metric=0.1138, Entropy Metric=0.0375]

Epoch 38:  84%|████████▍ | 27/32 [00:04<00:00,  5.64it/s][A
Training Epochs:  38%|███▊      | 38/100 [03:22<05:59,  5.80s/it, -ELBO=0.8226, Potential Metric=0.1155, Entropy Metric=0.0399]

Epoch 38:  88%|████████▊ | 28/32 [00:04<00:00,  5.71it/s][A
Training Epochs:  38%|███▊      | 38/100 [03:22<05:59,  5.80s/it, -ELBO=1.0637, Potential Metric=0.1187, Entropy Metric=0.0366]

Epoch 38:  91%|█████████ | 29/32 [00:05<00:00,  5.73it/s][A
Training Epochs:  38%|███▊      | 38/100 [03:22<05:59,  5.80s/it, -ELBO=0.8387, Potential Metric=0.1126, Entropy Metric=0.0379]

Epoch 38:  94%|█████████▍| 30/32 [00:05<00:00,  5.74it/s][A
Training Epochs:  38%|███▊      | 38/100 [03:23<05:59,  5.80s/it, -ELBO=0.8912, Potential Metric=0.1254, Entropy Metric=0.0411]

Epoch 38:  97%|█████████▋| 31/32 [00:05<00:00,  5.61it/s][A
Training Epochs:  38%|███▊      | 38/100 [03:23<05:59,  5.80s/it, -ELBO=0.8447, Potential Metric=0.1184, Entropy Metric=0.0435]

Epoch 38: 100%|██████████| 32/32 [00:05<00:00,  5.58it/s][A

                                                         [A
Training Epochs:  39%|███▉      | 39/100 [03:23<05:54,  5.82s/it, -ELBO=0.8447, Potential Metric=0.1184, Entropy Metric=0.0435]

Epoch 39:   0%|          | 0/32 [00:00<?, ?it/s][A
Training Epochs:  39%|███▉      | 39/100 [03:23<05:54,  5.82s/it, -ELBO=0.9162, Potential Metric=0.1087, Entropy Metric=0.0428]

Epoch 39:   3%|▎         | 1/32 [00:00<00:06,  4.71it/s][A
Training Epochs:  39%|███▉      | 39/100 [03:23<05:54,  5.82s/it, -ELBO=0.8896, Potential Metric=0.1223, Entropy Metric=0.0478]

Epoch 39:   6%|▋         | 2/32 [00:00<00:05,  5.21it/s][A
Training Epochs:  39%|███▉      | 39/100 [03:23<05:54,  5.82s/it, -ELBO=0.9185, Potential Metric=0.1175, Entropy Metric=0.0416]

Epoch 39:   9%|▉         | 3/32 [00:00<00:05,  5.35it/s][A
Training Epochs:  39%|███▉      | 39/100 [03:24<05:54,  5.82s/it, -ELBO=0.8763, Potential Metric=0.1193, Entropy Metric=0.0418]

Epoch 39:  12%|█▎        | 4/32 [00:00<00:05,  5.52it/s][A
Training Epochs:  39%|███▉      | 39/100 [03:24<05:54,  5.82s/it, -ELBO=0.9539, Potential Metric=0.1140, Entropy Metric=0.0424]

Epoch 39:  16%|█▌        | 5/32 [00:00<00:04,  5.49it/s][A
Training Epochs:  39%|███▉      | 39/100 [03:24<05:54,  5.82s/it, -ELBO=0.8974, Potential Metric=0.1119, Entropy Metric=0.0433]

Epoch 39:  19%|█▉        | 6/32 [00:01<00:04,  5.49it/s][A
Training Epochs:  39%|███▉      | 39/100 [03:24<05:54,  5.82s/it, -ELBO=0.8056, Potential Metric=0.1144, Entropy Metric=0.0475]

Epoch 39:  22%|██▏       | 7/32 [00:01<00:04,  5.70it/s][A
Training Epochs:  39%|███▉      | 39/100 [03:24<05:54,  5.82s/it, -ELBO=0.8816, Potential Metric=0.1164, Entropy Metric=0.0397]

Epoch 39:  25%|██▌       | 8/32 [00:01<00:04,  5.72it/s][A
Training Epochs:  39%|███▉      | 39/100 [03:25<05:54,  5.82s/it, -ELBO=0.8504, Potential Metric=0.1162, Entropy Metric=0.0435]

Epoch 39:  28%|██▊       | 9/32 [00:01<00:04,  5.72it/s][A
Training Epochs:  39%|███▉      | 39/100 [03:25<05:54,  5.82s/it, -ELBO=0.8763, Potential Metric=0.1180, Entropy Metric=0.0457]

Epoch 39:  31%|███▏      | 10/32 [00:01<00:03,  5.87it/s][A
Training Epochs:  39%|███▉      | 39/100 [03:25<05:54,  5.82s/it, -ELBO=0.9651, Potential Metric=0.1179, Entropy Metric=0.0394]

Epoch 39:  34%|███▍      | 11/32 [00:01<00:03,  5.82it/s][A
Training Epochs:  39%|███▉      | 39/100 [03:25<05:54,  5.82s/it, -ELBO=0.8460, Potential Metric=0.1305, Entropy Metric=0.0408]

Epoch 39:  38%|███▊      | 12/32 [00:02<00:03,  5.73it/s][A
Training Epochs:  39%|███▉      | 39/100 [03:25<05:54,  5.82s/it, -ELBO=0.8855, Potential Metric=0.1273, Entropy Metric=0.0409]

Epoch 39:  41%|████      | 13/32 [00:02<00:03,  5.73it/s][A
Training Epochs:  39%|███▉      | 39/100 [03:25<05:54,  5.82s/it, -ELBO=0.8722, Potential Metric=0.1244, Entropy Metric=0.0394]

Epoch 39:  44%|████▍     | 14/32 [00:02<00:03,  5.72it/s][A
Training Epochs:  39%|███▉      | 39/100 [03:26<05:54,  5.82s/it, -ELBO=0.9365, Potential Metric=0.1227, Entropy Metric=0.0401]

Epoch 39:  47%|████▋     | 15/32 [00:02<00:03,  5.60it/s][A
Training Epochs:  39%|███▉      | 39/100 [03:26<05:54,  5.82s/it, -ELBO=0.8568, Potential Metric=0.1236, Entropy Metric=0.0404]

Epoch 39:  50%|█████     | 16/32 [00:02<00:02,  5.63it/s][A
Training Epochs:  39%|███▉      | 39/100 [03:26<05:54,  5.82s/it, -ELBO=0.8790, Potential Metric=0.1206, Entropy Metric=0.0414]

Epoch 39:  53%|█████▎    | 17/32 [00:03<00:02,  5.67it/s][A
Training Epochs:  39%|███▉      | 39/100 [03:26<05:54,  5.82s/it, -ELBO=0.8481, Potential Metric=0.1103, Entropy Metric=0.0424]

Epoch 39:  56%|█████▋    | 18/32 [00:03<00:02,  5.59it/s][A
Training Epochs:  39%|███▉      | 39/100 [03:26<05:54,  5.82s/it, -ELBO=0.8045, Potential Metric=0.1047, Entropy Metric=0.0386]

Epoch 39:  59%|█████▉    | 19/32 [00:03<00:02,  5.56it/s][A
Training Epochs:  39%|███▉      | 39/100 [03:26<05:54,  5.82s/it, -ELBO=0.7938, Potential Metric=0.1161, Entropy Metric=0.0402]

Epoch 39:  62%|██████▎   | 20/32 [00:03<00:02,  5.51it/s][A
Training Epochs:  39%|███▉      | 39/100 [03:27<05:54,  5.82s/it, -ELBO=0.8336, Potential Metric=0.1076, Entropy Metric=0.0390]

Epoch 39:  66%|██████▌   | 21/32 [00:03<00:01,  5.58it/s][A
Training Epochs:  39%|███▉      | 39/100 [03:27<05:54,  5.82s/it, -ELBO=0.7928, Potential Metric=0.1188, Entropy Metric=0.0387]

Epoch 39:  69%|██████▉   | 22/32 [00:03<00:01,  5.68it/s][A
Training Epochs:  39%|███▉      | 39/100 [03:27<05:54,  5.82s/it, -ELBO=0.8089, Potential Metric=0.1145, Entropy Metric=0.0405]

Epoch 39:  72%|███████▏  | 23/32 [00:04<00:01,  5.69it/s][A
Training Epochs:  39%|███▉      | 39/100 [03:27<05:54,  5.82s/it, -ELBO=0.8548, Potential Metric=0.1074, Entropy Metric=0.0393]

Epoch 39:  75%|███████▌  | 24/32 [00:04<00:01,  5.64it/s][A
Training Epochs:  39%|███▉      | 39/100 [03:27<05:54,  5.82s/it, -ELBO=0.7757, Potential Metric=0.1253, Entropy Metric=0.0440]

Epoch 39:  78%|███████▊  | 25/32 [00:04<00:01,  5.68it/s][A
Training Epochs:  39%|███▉      | 39/100 [03:28<05:54,  5.82s/it, -ELBO=0.7172, Potential Metric=0.1236, Entropy Metric=0.0449]

Epoch 39:  81%|████████▏ | 26/32 [00:04<00:01,  5.70it/s][A
Training Epochs:  39%|███▉      | 39/100 [03:28<05:54,  5.82s/it, -ELBO=1.0506, Potential Metric=0.1253, Entropy Metric=0.0439]

Epoch 39:  84%|████████▍ | 27/32 [00:04<00:00,  5.68it/s][A
Training Epochs:  39%|███▉      | 39/100 [03:28<05:54,  5.82s/it, -ELBO=0.8170, Potential Metric=0.1227, Entropy Metric=0.0418]

Epoch 39:  88%|████████▊ | 28/32 [00:04<00:00,  5.65it/s][A
Training Epochs:  39%|███▉      | 39/100 [03:28<05:54,  5.82s/it, -ELBO=0.8234, Potential Metric=0.1166, Entropy Metric=0.0398]

Epoch 39:  91%|█████████ | 29/32 [00:05<00:00,  5.72it/s][A
Training Epochs:  39%|███▉      | 39/100 [03:28<05:54,  5.82s/it, -ELBO=0.8978, Potential Metric=0.1137, Entropy Metric=0.0384]

Epoch 39:  94%|█████████▍| 30/32 [00:05<00:00,  5.65it/s][A
Training Epochs:  39%|███▉      | 39/100 [03:28<05:54,  5.82s/it, -ELBO=0.8795, Potential Metric=0.1245, Entropy Metric=0.0406]

Epoch 39:  97%|█████████▋| 31/32 [00:05<00:00,  5.60it/s][A
Training Epochs:  39%|███▉      | 39/100 [03:29<05:54,  5.82s/it, -ELBO=0.7904, Potential Metric=0.1201, Entropy Metric=0.0399]

Epoch 39: 100%|██████████| 32/32 [00:05<00:00,  5.52it/s][A

                                                         [A
Training Epochs:  40%|████      | 40/100 [03:29<05:49,  5.83s/it, -ELBO=0.7904, Potential Metric=0.1201, Entropy Metric=0.0399]

Epoch 40:   0%|          | 0/32 [00:00<?, ?it/s][A
Training Epochs:  40%|████      | 40/100 [03:29<05:49,  5.83s/it, -ELBO=0.8737, Potential Metric=0.1121, Entropy Metric=0.0374]

Epoch 40:   3%|▎         | 1/32 [00:00<00:06,  4.69it/s][A
Training Epochs:  40%|████      | 40/100 [03:29<05:49,  5.83s/it, -ELBO=0.7732, Potential Metric=0.1211, Entropy Metric=0.0400]

Epoch 40:   6%|▋         | 2/32 [00:00<00:05,  5.28it/s][A
Training Epochs:  40%|████      | 40/100 [03:29<05:49,  5.83s/it, -ELBO=0.8886, Potential Metric=0.1249, Entropy Metric=0.0414]

Epoch 40:   9%|▉         | 3/32 [00:00<00:05,  5.46it/s][A
Training Epochs:  40%|████      | 40/100 [03:30<05:49,  5.83s/it, -ELBO=0.7862, Potential Metric=0.1149, Entropy Metric=0.0427]

Epoch 40:  12%|█▎        | 4/32 [00:00<00:05,  5.55it/s][A
Training Epochs:  40%|████      | 40/100 [03:30<05:49,  5.83s/it, -ELBO=0.8759, Potential Metric=0.1130, Entropy Metric=0.0401]

Epoch 40:  16%|█▌        | 5/32 [00:00<00:04,  5.68it/s][A
Training Epochs:  40%|████      | 40/100 [03:30<05:49,  5.83s/it, -ELBO=0.8310, Potential Metric=0.1242, Entropy Metric=0.0425]

Epoch 40:  19%|█▉        | 6/32 [00:01<00:04,  5.63it/s][A
Training Epochs:  40%|████      | 40/100 [03:30<05:49,  5.83s/it, -ELBO=0.7191, Potential Metric=0.1132, Entropy Metric=0.0397]

Epoch 40:  22%|██▏       | 7/32 [00:01<00:04,  5.61it/s][A
Training Epochs:  40%|████      | 40/100 [03:30<05:49,  5.83s/it, -ELBO=0.7742, Potential Metric=0.1115, Entropy Metric=0.0379]

Epoch 40:  25%|██▌       | 8/32 [00:01<00:04,  5.69it/s][A
Training Epochs:  40%|████      | 40/100 [03:30<05:49,  5.83s/it, -ELBO=0.8924, Potential Metric=0.1163, Entropy Metric=0.0379]

Epoch 40:  28%|██▊       | 9/32 [00:01<00:04,  5.70it/s][A
Training Epochs:  40%|████      | 40/100 [03:31<05:49,  5.83s/it, -ELBO=0.9135, Potential Metric=0.1182, Entropy Metric=0.0381]

Epoch 40:  31%|███▏      | 10/32 [00:01<00:03,  5.65it/s][A
Training Epochs:  40%|████      | 40/100 [03:31<05:49,  5.83s/it, -ELBO=0.8273, Potential Metric=0.1272, Entropy Metric=0.0419]

Epoch 40:  34%|███▍      | 11/32 [00:01<00:03,  5.65it/s][A
Training Epochs:  40%|████      | 40/100 [03:31<05:49,  5.83s/it, -ELBO=0.7519, Potential Metric=0.1154, Entropy Metric=0.0401]

Epoch 40:  38%|███▊      | 12/32 [00:02<00:03,  5.69it/s][A
Training Epochs:  40%|████      | 40/100 [03:31<05:49,  5.83s/it, -ELBO=0.8475, Potential Metric=0.1242, Entropy Metric=0.0419]

Epoch 40:  41%|████      | 13/32 [00:02<00:03,  5.71it/s][A
Training Epochs:  40%|████      | 40/100 [03:31<05:49,  5.83s/it, -ELBO=0.9307, Potential Metric=0.1162, Entropy Metric=0.0387]

Epoch 40:  44%|████▍     | 14/32 [00:02<00:03,  5.73it/s][A
Training Epochs:  40%|████      | 40/100 [03:31<05:49,  5.83s/it, -ELBO=0.7528, Potential Metric=0.1102, Entropy Metric=0.0424]

Epoch 40:  47%|████▋     | 15/32 [00:02<00:02,  5.75it/s][A
Training Epochs:  40%|████      | 40/100 [03:32<05:49,  5.83s/it, -ELBO=0.8625, Potential Metric=0.1088, Entropy Metric=0.0418]

Epoch 40:  50%|█████     | 16/32 [00:02<00:02,  5.76it/s][A
Training Epochs:  40%|████      | 40/100 [03:32<05:49,  5.83s/it, -ELBO=0.8221, Potential Metric=0.1202, Entropy Metric=0.0443]

Epoch 40:  53%|█████▎    | 17/32 [00:03<00:02,  5.73it/s][A
Training Epochs:  40%|████      | 40/100 [03:32<05:49,  5.83s/it, -ELBO=0.7990, Potential Metric=0.1214, Entropy Metric=0.0416]

Epoch 40:  56%|█████▋    | 18/32 [00:03<00:02,  5.60it/s][A
Training Epochs:  40%|████      | 40/100 [03:32<05:49,  5.83s/it, -ELBO=0.8056, Potential Metric=0.1243, Entropy Metric=0.0439]

Epoch 40:  59%|█████▉    | 19/32 [00:03<00:02,  5.64it/s][A
Training Epochs:  40%|████      | 40/100 [03:32<05:49,  5.83s/it, -ELBO=0.8498, Potential Metric=0.1270, Entropy Metric=0.0400]

Epoch 40:  62%|██████▎   | 20/32 [00:03<00:02,  5.61it/s][A
Training Epochs:  40%|████      | 40/100 [03:33<05:49,  5.83s/it, -ELBO=0.8206, Potential Metric=0.1363, Entropy Metric=0.0439]

Epoch 40:  66%|██████▌   | 21/32 [00:03<00:01,  5.62it/s][A
Training Epochs:  40%|████      | 40/100 [03:33<05:49,  5.83s/it, -ELBO=0.9242, Potential Metric=0.1358, Entropy Metric=0.0410]

Epoch 40:  69%|██████▉   | 22/32 [00:03<00:01,  5.58it/s][A
Training Epochs:  40%|████      | 40/100 [03:33<05:49,  5.83s/it, -ELBO=0.8996, Potential Metric=0.1132, Entropy Metric=0.0398]

Epoch 40:  72%|███████▏  | 23/32 [00:04<00:01,  5.52it/s][A
Training Epochs:  40%|████      | 40/100 [03:33<05:49,  5.83s/it, -ELBO=0.8667, Potential Metric=0.1159, Entropy Metric=0.0378]

Epoch 40:  75%|███████▌  | 24/32 [00:04<00:01,  5.42it/s][A
Training Epochs:  40%|████      | 40/100 [03:33<05:49,  5.83s/it, -ELBO=0.9484, Potential Metric=0.1136, Entropy Metric=0.0359]

Epoch 40:  78%|███████▊  | 25/32 [00:04<00:01,  5.42it/s][A
Training Epochs:  40%|████      | 40/100 [03:33<05:49,  5.83s/it, -ELBO=0.9011, Potential Metric=0.1153, Entropy Metric=0.0429]

Epoch 40:  81%|████████▏ | 26/32 [00:04<00:01,  5.55it/s][A
Training Epochs:  40%|████      | 40/100 [03:34<05:49,  5.83s/it, -ELBO=0.7294, Potential Metric=0.1188, Entropy Metric=0.0418]

Epoch 40:  84%|████████▍ | 27/32 [00:04<00:00,  5.50it/s][A
Training Epochs:  40%|████      | 40/100 [03:34<05:49,  5.83s/it, -ELBO=0.7690, Potential Metric=0.1266, Entropy Metric=0.0414]

Epoch 40:  88%|████████▊ | 28/32 [00:05<00:00,  5.52it/s][A
Training Epochs:  40%|████      | 40/100 [03:34<05:49,  5.83s/it, -ELBO=0.7462, Potential Metric=0.1235, Entropy Metric=0.0391]

Epoch 40:  91%|█████████ | 29/32 [00:05<00:00,  5.55it/s][A
Training Epochs:  40%|████      | 40/100 [03:34<05:49,  5.83s/it, -ELBO=0.9857, Potential Metric=0.1301, Entropy Metric=0.0386]

Epoch 40:  94%|█████████▍| 30/32 [00:05<00:00,  5.62it/s][A
Training Epochs:  40%|████      | 40/100 [03:34<05:49,  5.83s/it, -ELBO=0.9465, Potential Metric=0.1128, Entropy Metric=0.0387]

Epoch 40:  97%|█████████▋| 31/32 [00:05<00:00,  5.66it/s][A
Training Epochs:  40%|████      | 40/100 [03:34<05:49,  5.83s/it, -ELBO=0.8392, Potential Metric=0.1141, Entropy Metric=0.0382]

Epoch 40: 100%|██████████| 32/32 [00:05<00:00,  5.67it/s][A

                                                         [A
Training Epochs:  41%|████      | 41/100 [03:34<05:44,  5.84s/it, -ELBO=0.8392, Potential Metric=0.1141, Entropy Metric=0.0382]

Epoch 41:   0%|          | 0/32 [00:00<?, ?it/s][A
Training Epochs:  41%|████      | 41/100 [03:35<05:44,  5.84s/it, -ELBO=0.9157, Potential Metric=0.1103, Entropy Metric=0.0369]

Epoch 41:   3%|▎         | 1/32 [00:00<00:07,  4.33it/s][A
Training Epochs:  41%|████      | 41/100 [03:35<05:44,  5.84s/it, -ELBO=0.8692, Potential Metric=0.1254, Entropy Metric=0.0404]

Epoch 41:   6%|▋         | 2/32 [00:00<00:06,  4.88it/s][A
Training Epochs:  41%|████      | 41/100 [03:35<05:44,  5.84s/it, -ELBO=0.8475, Potential Metric=0.1131, Entropy Metric=0.0409]

Epoch 41:   9%|▉         | 3/32 [00:00<00:05,  5.09it/s][A
Training Epochs:  41%|████      | 41/100 [03:35<05:44,  5.84s/it, -ELBO=0.7875, Potential Metric=0.1042, Entropy Metric=0.0414]

Epoch 41:  12%|█▎        | 4/32 [00:00<00:05,  5.35it/s][A
Training Epochs:  41%|████      | 41/100 [03:36<05:44,  5.84s/it, -ELBO=0.8118, Potential Metric=0.1142, Entropy Metric=0.0412]

Epoch 41:  16%|█▌        | 5/32 [00:00<00:04,  5.45it/s][A
Training Epochs:  41%|████      | 41/100 [03:36<05:44,  5.84s/it, -ELBO=0.7898, Potential Metric=0.1242, Entropy Metric=0.0440]

Epoch 41:  19%|█▉        | 6/32 [00:01<00:04,  5.56it/s][A
Training Epochs:  41%|████      | 41/100 [03:36<05:44,  5.84s/it, -ELBO=0.7279, Potential Metric=0.1210, Entropy Metric=0.0435]

Epoch 41:  22%|██▏       | 7/32 [00:01<00:04,  5.55it/s][A
Training Epochs:  41%|████      | 41/100 [03:36<05:44,  5.84s/it, -ELBO=0.9040, Potential Metric=0.1169, Entropy Metric=0.0408]

Epoch 41:  25%|██▌       | 8/32 [00:01<00:04,  5.62it/s][A
Training Epochs:  41%|████      | 41/100 [03:36<05:44,  5.84s/it, -ELBO=0.8405, Potential Metric=0.1219, Entropy Metric=0.0426]

Epoch 41:  28%|██▊       | 9/32 [00:01<00:04,  5.58it/s][A
Training Epochs:  41%|████      | 41/100 [03:37<05:44,  5.84s/it, -ELBO=0.8125, Potential Metric=0.1219, Entropy Metric=0.0395]

Epoch 41:  31%|███▏      | 10/32 [00:01<00:03,  5.56it/s][A
Training Epochs:  41%|████      | 41/100 [03:37<05:44,  5.84s/it, -ELBO=0.7928, Potential Metric=0.1250, Entropy Metric=0.0412]

Epoch 41:  34%|███▍      | 11/32 [00:02<00:03,  5.52it/s][A
Training Epochs:  41%|████      | 41/100 [03:37<05:44,  5.84s/it, -ELBO=0.8496, Potential Metric=0.1181, Entropy Metric=0.0428]

Epoch 41:  38%|███▊      | 12/32 [00:02<00:03,  5.60it/s][A
Training Epochs:  41%|████      | 41/100 [03:37<05:44,  5.84s/it, -ELBO=0.8268, Potential Metric=0.1152, Entropy Metric=0.0416]

Epoch 41:  41%|████      | 13/32 [00:02<00:03,  5.58it/s][A
Training Epochs:  41%|████      | 41/100 [03:37<05:44,  5.84s/it, -ELBO=0.7732, Potential Metric=0.1118, Entropy Metric=0.0425]

Epoch 41:  44%|████▍     | 14/32 [00:02<00:03,  5.57it/s][A
Training Epochs:  41%|████      | 41/100 [03:37<05:44,  5.84s/it, -ELBO=0.7522, Potential Metric=0.1184, Entropy Metric=0.0438]

Epoch 41:  47%|████▋     | 15/32 [00:02<00:03,  5.59it/s][A
Training Epochs:  41%|████      | 41/100 [03:38<05:44,  5.84s/it, -ELBO=0.7577, Potential Metric=0.1289, Entropy Metric=0.0419]

Epoch 41:  50%|█████     | 16/32 [00:03<00:03,  4.55it/s][A
Training Epochs:  41%|████      | 41/100 [03:38<05:44,  5.84s/it, -ELBO=0.8337, Potential Metric=0.1178, Entropy Metric=0.0429]

Epoch 41:  53%|█████▎    | 17/32 [00:03<00:03,  4.80it/s][A
Training Epochs:  41%|████      | 41/100 [03:38<05:44,  5.84s/it, -ELBO=0.7921, Potential Metric=0.1227, Entropy Metric=0.0385]

Epoch 41:  56%|█████▋    | 18/32 [00:03<00:02,  5.05it/s][A
Training Epochs:  41%|████      | 41/100 [03:38<05:44,  5.84s/it, -ELBO=0.8536, Potential Metric=0.1295, Entropy Metric=0.0416]

Epoch 41:  59%|█████▉    | 19/32 [00:03<00:02,  5.09it/s][A
Training Epochs:  41%|████      | 41/100 [03:38<05:44,  5.84s/it, -ELBO=0.8286, Potential Metric=0.1225, Entropy Metric=0.0424]

Epoch 41:  62%|██████▎   | 20/32 [00:03<00:02,  5.26it/s][A
Training Epochs:  41%|████      | 41/100 [03:39<05:44,  5.84s/it, -ELBO=0.8239, Potential Metric=0.1276, Entropy Metric=0.0413]

Epoch 41:  66%|██████▌   | 21/32 [00:03<00:02,  5.40it/s][A
Training Epochs:  41%|████      | 41/100 [03:39<05:44,  5.84s/it, -ELBO=0.8844, Potential Metric=0.1249, Entropy Metric=0.0407]

Epoch 41:  69%|██████▉   | 22/32 [00:04<00:01,  5.53it/s][A
Training Epochs:  41%|████      | 41/100 [03:39<05:44,  5.84s/it, -ELBO=0.7325, Potential Metric=0.1095, Entropy Metric=0.0389]

Epoch 41:  72%|███████▏  | 23/32 [00:04<00:01,  5.56it/s][A
Training Epochs:  41%|████      | 41/100 [03:39<05:44,  5.84s/it, -ELBO=0.7714, Potential Metric=0.1236, Entropy Metric=0.0376]

Epoch 41:  75%|███████▌  | 24/32 [00:04<00:01,  5.54it/s][A
Training Epochs:  41%|████      | 41/100 [03:39<05:44,  5.84s/it, -ELBO=0.9185, Potential Metric=0.1205, Entropy Metric=0.0392]

Epoch 41:  78%|███████▊  | 25/32 [00:04<00:01,  5.36it/s][A
Training Epochs:  41%|████      | 41/100 [03:40<05:44,  5.84s/it, -ELBO=0.8247, Potential Metric=0.1212, Entropy Metric=0.0386]

Epoch 41:  81%|████████▏ | 26/32 [00:04<00:01,  5.46it/s][A
Training Epochs:  41%|████      | 41/100 [03:40<05:44,  5.84s/it, -ELBO=0.8519, Potential Metric=0.1107, Entropy Metric=0.0368]

Epoch 41:  84%|████████▍ | 27/32 [00:05<00:00,  5.53it/s][A
Training Epochs:  41%|████      | 41/100 [03:40<05:44,  5.84s/it, -ELBO=0.7882, Potential Metric=0.1275, Entropy Metric=0.0399]

Epoch 41:  88%|████████▊ | 28/32 [00:05<00:00,  5.47it/s][A
Training Epochs:  41%|████      | 41/100 [03:40<05:44,  5.84s/it, -ELBO=0.8514, Potential Metric=0.1372, Entropy Metric=0.0439]

Epoch 41:  91%|█████████ | 29/32 [00:05<00:00,  5.54it/s][A
Training Epochs:  41%|████      | 41/100 [03:40<05:44,  5.84s/it, -ELBO=0.8506, Potential Metric=0.1279, Entropy Metric=0.0415]

Epoch 41:  94%|█████████▍| 30/32 [00:05<00:00,  5.55it/s][A
Training Epochs:  41%|████      | 41/100 [03:40<05:44,  5.84s/it, -ELBO=0.8146, Potential Metric=0.1189, Entropy Metric=0.0411]

Epoch 41:  97%|█████████▋| 31/32 [00:05<00:00,  5.62it/s][A
Training Epochs:  41%|████      | 41/100 [03:41<05:44,  5.84s/it, -ELBO=0.8210, Potential Metric=0.1273, Entropy Metric=0.0438]

Epoch 41: 100%|██████████| 32/32 [00:05<00:00,  5.66it/s][A

                                                         [A
Training Epochs:  42%|████▏     | 42/100 [03:41<05:44,  5.94s/it, -ELBO=0.8210, Potential Metric=0.1273, Entropy Metric=0.0438]

Epoch 42:   0%|          | 0/32 [00:00<?, ?it/s][A
Training Epochs:  42%|████▏     | 42/100 [03:41<05:44,  5.94s/it, -ELBO=0.7789, Potential Metric=0.1291, Entropy Metric=0.0400]

Epoch 42:   3%|▎         | 1/32 [00:00<00:06,  4.74it/s][A
Training Epochs:  42%|████▏     | 42/100 [03:41<05:44,  5.94s/it, -ELBO=0.6977, Potential Metric=0.1226, Entropy Metric=0.0447]

Epoch 42:   6%|▋         | 2/32 [00:00<00:05,  5.26it/s][A
Training Epochs:  42%|████▏     | 42/100 [03:41<05:44,  5.94s/it, -ELBO=0.9127, Potential Metric=0.1167, Entropy Metric=0.0410]

Epoch 42:   9%|▉         | 3/32 [00:00<00:05,  5.32it/s][A
Training Epochs:  42%|████▏     | 42/100 [03:42<05:44,  5.94s/it, -ELBO=0.7741, Potential Metric=0.1113, Entropy Metric=0.0421]

Epoch 42:  12%|█▎        | 4/32 [00:00<00:05,  5.47it/s][A
Training Epochs:  42%|████▏     | 42/100 [03:42<05:44,  5.94s/it, -ELBO=0.7218, Potential Metric=0.1116, Entropy Metric=0.0430]

Epoch 42:  16%|█▌        | 5/32 [00:00<00:04,  5.47it/s][A
Training Epochs:  42%|████▏     | 42/100 [03:42<05:44,  5.94s/it, -ELBO=0.7941, Potential Metric=0.1231, Entropy Metric=0.0448]

Epoch 42:  19%|█▉        | 6/32 [00:01<00:04,  5.32it/s][A
Training Epochs:  42%|████▏     | 42/100 [03:42<05:44,  5.94s/it, -ELBO=0.8352, Potential Metric=0.1224, Entropy Metric=0.0430]

Epoch 42:  22%|██▏       | 7/32 [00:01<00:04,  5.40it/s][A
Training Epochs:  42%|████▏     | 42/100 [03:42<05:44,  5.94s/it, -ELBO=0.9694, Potential Metric=0.1283, Entropy Metric=0.0436]

Epoch 42:  25%|██▌       | 8/32 [00:01<00:04,  5.42it/s][A
Training Epochs:  42%|████▏     | 42/100 [03:43<05:44,  5.94s/it, -ELBO=0.7731, Potential Metric=0.1288, Entropy Metric=0.0443]

Epoch 42:  28%|██▊       | 9/32 [00:01<00:04,  5.27it/s][A
Training Epochs:  42%|████▏     | 42/100 [03:43<05:44,  5.94s/it, -ELBO=0.7407, Potential Metric=0.1346, Entropy Metric=0.0457]

Epoch 42:  31%|███▏      | 10/32 [00:01<00:04,  5.18it/s][A
Training Epochs:  42%|████▏     | 42/100 [03:43<05:44,  5.94s/it, -ELBO=0.8726, Potential Metric=0.1304, Entropy Metric=0.0452]

Epoch 42:  34%|███▍      | 11/32 [00:02<00:04,  5.22it/s][A
Training Epochs:  42%|████▏     | 42/100 [03:43<05:44,  5.94s/it, -ELBO=0.8047, Potential Metric=0.1134, Entropy Metric=0.0433]

Epoch 42:  38%|███▊      | 12/32 [00:02<00:03,  5.30it/s][A
Training Epochs:  42%|████▏     | 42/100 [03:43<05:44,  5.94s/it, -ELBO=0.8854, Potential Metric=0.1235, Entropy Metric=0.0444]

Epoch 42:  41%|████      | 13/32 [00:02<00:03,  5.19it/s][A
Training Epochs:  42%|████▏     | 42/100 [03:43<05:44,  5.94s/it, -ELBO=0.7119, Potential Metric=0.1259, Entropy Metric=0.0457]

Epoch 42:  44%|████▍     | 14/32 [00:02<00:03,  5.25it/s][A
Training Epochs:  42%|████▏     | 42/100 [03:44<05:44,  5.94s/it, -ELBO=0.8027, Potential Metric=0.1281, Entropy Metric=0.0424]

Epoch 42:  47%|████▋     | 15/32 [00:02<00:03,  5.31it/s][A
Training Epochs:  42%|████▏     | 42/100 [03:44<05:44,  5.94s/it, -ELBO=0.7898, Potential Metric=0.1237, Entropy Metric=0.0424]

Epoch 42:  50%|█████     | 16/32 [00:03<00:02,  5.36it/s][A
Training Epochs:  42%|████▏     | 42/100 [03:44<05:44,  5.94s/it, -ELBO=0.8412, Potential Metric=0.1249, Entropy Metric=0.0429]

Epoch 42:  53%|█████▎    | 17/32 [00:03<00:02,  5.50it/s][A
Training Epochs:  42%|████▏     | 42/100 [03:44<05:44,  5.94s/it, -ELBO=0.8233, Potential Metric=0.1220, Entropy Metric=0.0423]

Epoch 42:  56%|█████▋    | 18/32 [00:03<00:02,  5.59it/s][A
Training Epochs:  42%|████▏     | 42/100 [03:44<05:44,  5.94s/it, -ELBO=0.7564, Potential Metric=0.1216, Entropy Metric=0.0475]

Epoch 42:  59%|█████▉    | 19/32 [00:03<00:02,  5.50it/s][A
Training Epochs:  42%|████▏     | 42/100 [03:45<05:44,  5.94s/it, -ELBO=0.8546, Potential Metric=0.1256, Entropy Metric=0.0466]

Epoch 42:  62%|██████▎   | 20/32 [00:03<00:02,  5.44it/s][A
Training Epochs:  42%|████▏     | 42/100 [03:45<05:44,  5.94s/it, -ELBO=0.7743, Potential Metric=0.1203, Entropy Metric=0.0445]

Epoch 42:  66%|██████▌   | 21/32 [00:03<00:02,  5.40it/s][A
Training Epochs:  42%|████▏     | 42/100 [03:45<05:44,  5.94s/it, -ELBO=0.7950, Potential Metric=0.1189, Entropy Metric=0.0410]

Epoch 42:  69%|██████▉   | 22/32 [00:04<00:01,  5.38it/s][A
Training Epochs:  42%|████▏     | 42/100 [03:45<05:44,  5.94s/it, -ELBO=0.7775, Potential Metric=0.1195, Entropy Metric=0.0421]

Epoch 42:  72%|███████▏  | 23/32 [00:04<00:01,  5.31it/s][A
Training Epochs:  42%|████▏     | 42/100 [03:45<05:44,  5.94s/it, -ELBO=0.7272, Potential Metric=0.1239, Entropy Metric=0.0392]

Epoch 42:  75%|███████▌  | 24/32 [00:04<00:01,  5.34it/s][A
Training Epochs:  42%|████▏     | 42/100 [03:45<05:44,  5.94s/it, -ELBO=0.9204, Potential Metric=0.1163, Entropy Metric=0.0384]

Epoch 42:  78%|███████▊  | 25/32 [00:04<00:01,  5.31it/s][A
Training Epochs:  42%|████▏     | 42/100 [03:46<05:44,  5.94s/it, -ELBO=0.8249, Potential Metric=0.1244, Entropy Metric=0.0384]

Epoch 42:  81%|████████▏ | 26/32 [00:04<00:01,  5.28it/s][A
Training Epochs:  42%|████▏     | 42/100 [03:46<05:44,  5.94s/it, -ELBO=0.8559, Potential Metric=0.1249, Entropy Metric=0.0386]

Epoch 42:  84%|████████▍ | 27/32 [00:05<00:00,  5.40it/s][A
Training Epochs:  42%|████▏     | 42/100 [03:46<05:44,  5.94s/it, -ELBO=0.7981, Potential Metric=0.1215, Entropy Metric=0.0401]

Epoch 42:  88%|████████▊ | 28/32 [00:05<00:00,  5.38it/s][A
Training Epochs:  42%|████▏     | 42/100 [03:46<05:44,  5.94s/it, -ELBO=0.7563, Potential Metric=0.1207, Entropy Metric=0.0410]

Epoch 42:  91%|█████████ | 29/32 [00:05<00:00,  5.43it/s][A
Training Epochs:  42%|████▏     | 42/100 [03:46<05:44,  5.94s/it, -ELBO=0.8371, Potential Metric=0.1271, Entropy Metric=0.0377]

Epoch 42:  94%|█████████▍| 30/32 [00:05<00:00,  5.50it/s][A
Training Epochs:  42%|████▏     | 42/100 [03:47<05:44,  5.94s/it, -ELBO=0.7556, Potential Metric=0.1247, Entropy Metric=0.0399]

Epoch 42:  97%|█████████▋| 31/32 [00:05<00:00,  5.48it/s][A
Training Epochs:  42%|████▏     | 42/100 [03:47<05:44,  5.94s/it, -ELBO=0.7734, Potential Metric=0.1300, Entropy Metric=0.0398]

Epoch 42: 100%|██████████| 32/32 [00:05<00:00,  5.49it/s][A

                                                         [A
Training Epochs:  43%|████▎     | 43/100 [03:47<05:41,  6.00s/it, -ELBO=0.7734, Potential Metric=0.1300, Entropy Metric=0.0398]

Epoch 43:   0%|          | 0/32 [00:00<?, ?it/s][A
Training Epochs:  43%|████▎     | 43/100 [03:47<05:41,  6.00s/it, -ELBO=0.7338, Potential Metric=0.1267, Entropy Metric=0.0359]

Epoch 43:   3%|▎         | 1/32 [00:00<00:06,  4.57it/s][A
Training Epochs:  43%|████▎     | 43/100 [03:47<05:41,  6.00s/it, -ELBO=0.8011, Potential Metric=0.1307, Entropy Metric=0.0385]

Epoch 43:   6%|▋         | 2/32 [00:00<00:05,  5.22it/s][A
Training Epochs:  43%|████▎     | 43/100 [03:47<05:41,  6.00s/it, -ELBO=0.8506, Potential Metric=0.1305, Entropy Metric=0.0370]

Epoch 43:   9%|▉         | 3/32 [00:00<00:05,  5.14it/s][A
Training Epochs:  43%|████▎     | 43/100 [03:48<05:41,  6.00s/it, -ELBO=0.7248, Potential Metric=0.1304, Entropy Metric=0.0392]

Epoch 43:  12%|█▎        | 4/32 [00:00<00:05,  5.42it/s][A
Training Epochs:  43%|████▎     | 43/100 [03:48<05:41,  6.00s/it, -ELBO=0.8006, Potential Metric=0.1287, Entropy Metric=0.0373]

Epoch 43:  16%|█▌        | 5/32 [00:00<00:04,  5.46it/s][A
Training Epochs:  43%|████▎     | 43/100 [03:48<05:41,  6.00s/it, -ELBO=0.7601, Potential Metric=0.1287, Entropy Metric=0.0401]

Epoch 43:  19%|█▉        | 6/32 [00:01<00:04,  5.43it/s][A
Training Epochs:  43%|████▎     | 43/100 [03:48<05:41,  6.00s/it, -ELBO=0.8314, Potential Metric=0.1345, Entropy Metric=0.0439]

Epoch 43:  22%|██▏       | 7/32 [00:01<00:04,  5.42it/s][A
Training Epochs:  43%|████▎     | 43/100 [03:48<05:41,  6.00s/it, -ELBO=0.7220, Potential Metric=0.1357, Entropy Metric=0.0387]

Epoch 43:  25%|██▌       | 8/32 [00:01<00:04,  5.36it/s][A
Training Epochs:  43%|████▎     | 43/100 [03:49<05:41,  6.00s/it, -ELBO=0.8136, Potential Metric=0.1266, Entropy Metric=0.0387]

Epoch 43:  28%|██▊       | 9/32 [00:01<00:04,  5.41it/s][A
Training Epochs:  43%|████▎     | 43/100 [03:49<05:41,  6.00s/it, -ELBO=0.6832, Potential Metric=0.1249, Entropy Metric=0.0385]

Epoch 43:  31%|███▏      | 10/32 [00:01<00:04,  5.40it/s][A
Training Epochs:  43%|████▎     | 43/100 [03:49<05:41,  6.00s/it, -ELBO=0.7623, Potential Metric=0.1256, Entropy Metric=0.0432]

Epoch 43:  34%|███▍      | 11/32 [00:02<00:03,  5.39it/s][A
Training Epochs:  43%|████▎     | 43/100 [03:49<05:41,  6.00s/it, -ELBO=0.8193, Potential Metric=0.1260, Entropy Metric=0.0409]

Epoch 43:  38%|███▊      | 12/32 [00:02<00:03,  5.45it/s][A
Training Epochs:  43%|████▎     | 43/100 [03:49<05:41,  6.00s/it, -ELBO=0.8396, Potential Metric=0.1309, Entropy Metric=0.0397]

Epoch 43:  41%|████      | 13/32 [00:02<00:03,  5.48it/s][A
Training Epochs:  43%|████▎     | 43/100 [03:49<05:41,  6.00s/it, -ELBO=0.8328, Potential Metric=0.1342, Entropy Metric=0.0425]

Epoch 43:  44%|████▍     | 14/32 [00:02<00:03,  5.50it/s][A
Training Epochs:  43%|████▎     | 43/100 [03:50<05:41,  6.00s/it, -ELBO=0.7514, Potential Metric=0.1225, Entropy Metric=0.0429]

Epoch 43:  47%|████▋     | 15/32 [00:02<00:03,  5.47it/s][A
Training Epochs:  43%|████▎     | 43/100 [03:50<05:41,  6.00s/it, -ELBO=0.8001, Potential Metric=0.1200, Entropy Metric=0.0421]

Epoch 43:  50%|█████     | 16/32 [00:02<00:02,  5.38it/s][A
Training Epochs:  43%|████▎     | 43/100 [03:50<05:41,  6.00s/it, -ELBO=0.8417, Potential Metric=0.1242, Entropy Metric=0.0414]

Epoch 43:  53%|█████▎    | 17/32 [00:03<00:02,  5.42it/s][A
Training Epochs:  43%|████▎     | 43/100 [03:50<05:41,  6.00s/it, -ELBO=0.8002, Potential Metric=0.1251, Entropy Metric=0.0445]

Epoch 43:  56%|█████▋    | 18/32 [00:03<00:02,  5.42it/s][A
Training Epochs:  43%|████▎     | 43/100 [03:50<05:41,  6.00s/it, -ELBO=0.8084, Potential Metric=0.1220, Entropy Metric=0.0403]

Epoch 43:  59%|█████▉    | 19/32 [00:03<00:02,  5.42it/s][A
Training Epochs:  43%|████▎     | 43/100 [03:51<05:41,  6.00s/it, -ELBO=0.8173, Potential Metric=0.1133, Entropy Metric=0.0381]

Epoch 43:  62%|██████▎   | 20/32 [00:03<00:02,  5.46it/s][A
Training Epochs:  43%|████▎     | 43/100 [03:51<05:41,  6.00s/it, -ELBO=0.7407, Potential Metric=0.1236, Entropy Metric=0.0437]

Epoch 43:  66%|██████▌   | 21/32 [00:03<00:01,  5.54it/s][A
Training Epochs:  43%|████▎     | 43/100 [03:51<05:41,  6.00s/it, -ELBO=0.7529, Potential Metric=0.1177, Entropy Metric=0.0396]

Epoch 43:  69%|██████▉   | 22/32 [00:04<00:01,  5.65it/s][A
Training Epochs:  43%|████▎     | 43/100 [03:51<05:41,  6.00s/it, -ELBO=0.8551, Potential Metric=0.1190, Entropy Metric=0.0415]

Epoch 43:  72%|███████▏  | 23/32 [00:04<00:01,  5.58it/s][A
Training Epochs:  43%|████▎     | 43/100 [03:51<05:41,  6.00s/it, -ELBO=0.7861, Potential Metric=0.1254, Entropy Metric=0.0417]

Epoch 43:  75%|███████▌  | 24/32 [00:04<00:01,  5.61it/s][A
Training Epochs:  43%|████▎     | 43/100 [03:51<05:41,  6.00s/it, -ELBO=0.8082, Potential Metric=0.1220, Entropy Metric=0.0396]

Epoch 43:  78%|███████▊  | 25/32 [00:04<00:01,  5.58it/s][A
Training Epochs:  43%|████▎     | 43/100 [03:52<05:41,  6.00s/it, -ELBO=0.7590, Potential Metric=0.1262, Entropy Metric=0.0392]

Epoch 43:  81%|████████▏ | 26/32 [00:04<00:01,  5.50it/s][A
Training Epochs:  43%|████▎     | 43/100 [03:52<05:41,  6.00s/it, -ELBO=0.8333, Potential Metric=0.1161, Entropy Metric=0.0389]

Epoch 43:  84%|████████▍ | 27/32 [00:04<00:00,  5.59it/s][A
Training Epochs:  43%|████▎     | 43/100 [03:52<05:41,  6.00s/it, -ELBO=0.7687, Potential Metric=0.1179, Entropy Metric=0.0402]

Epoch 43:  88%|████████▊ | 28/32 [00:05<00:00,  5.57it/s][A
Training Epochs:  43%|████▎     | 43/100 [03:52<05:41,  6.00s/it, -ELBO=0.7222, Potential Metric=0.1134, Entropy Metric=0.0386]

Epoch 43:  91%|█████████ | 29/32 [00:05<00:00,  5.49it/s][A
Training Epochs:  43%|████▎     | 43/100 [03:52<05:41,  6.00s/it, -ELBO=0.9136, Potential Metric=0.1231, Entropy Metric=0.0411]

Epoch 43:  94%|█████████▍| 30/32 [00:05<00:00,  5.55it/s][A
Training Epochs:  43%|████▎     | 43/100 [03:53<05:41,  6.00s/it, -ELBO=0.7533, Potential Metric=0.1287, Entropy Metric=0.0398]

Epoch 43:  97%|█████████▋| 31/32 [00:05<00:00,  5.53it/s][A
Training Epochs:  43%|████▎     | 43/100 [03:53<05:41,  6.00s/it, -ELBO=0.7095, Potential Metric=0.1170, Entropy Metric=0.0392]

Epoch 43: 100%|██████████| 32/32 [00:05<00:00,  5.49it/s][A

                                                         [A
Training Epochs:  44%|████▍     | 44/100 [03:53<05:35,  6.00s/it, -ELBO=0.7095, Potential Metric=0.1170, Entropy Metric=0.0392]

Epoch 44:   0%|          | 0/32 [00:00<?, ?it/s][A
Training Epochs:  44%|████▍     | 44/100 [03:53<05:35,  6.00s/it, -ELBO=0.7316, Potential Metric=0.1139, Entropy Metric=0.0406]

Epoch 44:   3%|▎         | 1/32 [00:00<00:06,  4.61it/s][A
Training Epochs:  44%|████▍     | 44/100 [03:53<05:35,  6.00s/it, -ELBO=0.8716, Potential Metric=0.1189, Entropy Metric=0.0410]

Epoch 44:   6%|▋         | 2/32 [00:00<00:05,  5.03it/s][A
Training Epochs:  44%|████▍     | 44/100 [03:54<05:35,  6.00s/it, -ELBO=0.7528, Potential Metric=0.1311, Entropy Metric=0.0422]

Epoch 44:   9%|▉         | 3/32 [00:00<00:05,  5.25it/s][A
Training Epochs:  44%|████▍     | 44/100 [03:54<05:35,  6.00s/it, -ELBO=0.7020, Potential Metric=0.1175, Entropy Metric=0.0378]

Epoch 44:  12%|█▎        | 4/32 [00:00<00:05,  5.32it/s][A
Training Epochs:  44%|████▍     | 44/100 [03:54<05:35,  6.00s/it, -ELBO=0.7833, Potential Metric=0.1194, Entropy Metric=0.0378]

Epoch 44:  16%|█▌        | 5/32 [00:00<00:04,  5.46it/s][A
Training Epochs:  44%|████▍     | 44/100 [03:54<05:35,  6.00s/it, -ELBO=0.8117, Potential Metric=0.1277, Entropy Metric=0.0413]

Epoch 44:  19%|█▉        | 6/32 [00:01<00:04,  5.62it/s][A
Training Epochs:  44%|████▍     | 44/100 [03:54<05:35,  6.00s/it, -ELBO=0.7583, Potential Metric=0.1254, Entropy Metric=0.0390]

Epoch 44:  22%|██▏       | 7/32 [00:01<00:04,  5.65it/s][A
Training Epochs:  44%|████▍     | 44/100 [03:54<05:35,  6.00s/it, -ELBO=0.7562, Potential Metric=0.1295, Entropy Metric=0.0424]

Epoch 44:  25%|██▌       | 8/32 [00:01<00:04,  5.60it/s][A
Training Epochs:  44%|████▍     | 44/100 [03:55<05:35,  6.00s/it, -ELBO=0.8167, Potential Metric=0.1256, Entropy Metric=0.0395]

Epoch 44:  28%|██▊       | 9/32 [00:01<00:04,  5.54it/s][A
Training Epochs:  44%|████▍     | 44/100 [03:55<05:35,  6.00s/it, -ELBO=0.7588, Potential Metric=0.1285, Entropy Metric=0.0412]

Epoch 44:  31%|███▏      | 10/32 [00:01<00:04,  5.42it/s][A
Training Epochs:  44%|████▍     | 44/100 [03:55<05:35,  6.00s/it, -ELBO=0.6943, Potential Metric=0.1262, Entropy Metric=0.0435]

Epoch 44:  34%|███▍      | 11/32 [00:02<00:03,  5.48it/s][A
Training Epochs:  44%|████▍     | 44/100 [03:55<05:35,  6.00s/it, -ELBO=0.8400, Potential Metric=0.1311, Entropy Metric=0.0439]

Epoch 44:  38%|███▊      | 12/32 [00:02<00:03,  5.48it/s][A
Training Epochs:  44%|████▍     | 44/100 [03:55<05:35,  6.00s/it, -ELBO=0.7734, Potential Metric=0.1156, Entropy Metric=0.0419]

Epoch 44:  41%|████      | 13/32 [00:02<00:03,  5.62it/s][A
Training Epochs:  44%|████▍     | 44/100 [03:55<05:35,  6.00s/it, -ELBO=0.7928, Potential Metric=0.1227, Entropy Metric=0.0384]

Epoch 44:  44%|████▍     | 14/32 [00:02<00:03,  5.59it/s][A
Training Epochs:  44%|████▍     | 44/100 [03:56<05:35,  6.00s/it, -ELBO=0.7622, Potential Metric=0.1324, Entropy Metric=0.0405]

Epoch 44:  47%|████▋     | 15/32 [00:02<00:03,  5.59it/s][A
Training Epochs:  44%|████▍     | 44/100 [03:56<05:35,  6.00s/it, -ELBO=0.8083, Potential Metric=0.1236, Entropy Metric=0.0395]

Epoch 44:  50%|█████     | 16/32 [00:02<00:02,  5.59it/s][A
Training Epochs:  44%|████▍     | 44/100 [03:56<05:35,  6.00s/it, -ELBO=0.7602, Potential Metric=0.1250, Entropy Metric=0.0411]

Epoch 44:  53%|█████▎    | 17/32 [00:03<00:02,  5.58it/s][A
Training Epochs:  44%|████▍     | 44/100 [03:56<05:35,  6.00s/it, -ELBO=0.8043, Potential Metric=0.1343, Entropy Metric=0.0401]

Epoch 44:  56%|█████▋    | 18/32 [00:03<00:02,  5.52it/s][A
Training Epochs:  44%|████▍     | 44/100 [03:56<05:35,  6.00s/it, -ELBO=0.7105, Potential Metric=0.1233, Entropy Metric=0.0447]

Epoch 44:  59%|█████▉    | 19/32 [00:03<00:02,  5.50it/s][A
Training Epochs:  44%|████▍     | 44/100 [03:57<05:35,  6.00s/it, -ELBO=0.7427, Potential Metric=0.1416, Entropy Metric=0.0487]

Epoch 44:  62%|██████▎   | 20/32 [00:03<00:02,  5.37it/s][A
Training Epochs:  44%|████▍     | 44/100 [03:57<05:35,  6.00s/it, -ELBO=0.7798, Potential Metric=0.1245, Entropy Metric=0.0409]

Epoch 44:  66%|██████▌   | 21/32 [00:03<00:02,  5.34it/s][A
Training Epochs:  44%|████▍     | 44/100 [03:57<05:35,  6.00s/it, -ELBO=0.7038, Potential Metric=0.1287, Entropy Metric=0.0431]

Epoch 44:  69%|██████▉   | 22/32 [00:04<00:01,  5.48it/s][A
Training Epochs:  44%|████▍     | 44/100 [03:57<05:35,  6.00s/it, -ELBO=0.7991, Potential Metric=0.1305, Entropy Metric=0.0399]

Epoch 44:  72%|███████▏  | 23/32 [00:04<00:01,  5.46it/s][A
Training Epochs:  44%|████▍     | 44/100 [03:57<05:35,  6.00s/it, -ELBO=0.7647, Potential Metric=0.1250, Entropy Metric=0.0404]

Epoch 44:  75%|███████▌  | 24/32 [00:04<00:01,  5.49it/s][A
Training Epochs:  44%|████▍     | 44/100 [03:57<05:35,  6.00s/it, -ELBO=0.6917, Potential Metric=0.1247, Entropy Metric=0.0399]

Epoch 44:  78%|███████▊  | 25/32 [00:04<00:01,  5.41it/s][A
Training Epochs:  44%|████▍     | 44/100 [03:58<05:35,  6.00s/it, -ELBO=0.7270, Potential Metric=0.1192, Entropy Metric=0.0417]

Epoch 44:  81%|████████▏ | 26/32 [00:04<00:01,  5.39it/s][A
Training Epochs:  44%|████▍     | 44/100 [03:58<05:35,  6.00s/it, -ELBO=0.7835, Potential Metric=0.1214, Entropy Metric=0.0382]

Epoch 44:  84%|████████▍ | 27/32 [00:04<00:00,  5.48it/s][A
Training Epochs:  44%|████▍     | 44/100 [03:58<05:35,  6.00s/it, -ELBO=0.8007, Potential Metric=0.1230, Entropy Metric=0.0401]

Epoch 44:  88%|████████▊ | 28/32 [00:05<00:00,  5.49it/s][A
Training Epochs:  44%|████▍     | 44/100 [03:58<05:35,  6.00s/it, -ELBO=0.7205, Potential Metric=0.1183, Entropy Metric=0.0400]

Epoch 44:  91%|█████████ | 29/32 [00:05<00:00,  5.55it/s][A
Training Epochs:  44%|████▍     | 44/100 [03:58<05:35,  6.00s/it, -ELBO=0.7107, Potential Metric=0.1205, Entropy Metric=0.0394]

Epoch 44:  94%|█████████▍| 30/32 [00:05<00:00,  5.62it/s][A
Training Epochs:  44%|████▍     | 44/100 [03:59<05:35,  6.00s/it, -ELBO=0.8310, Potential Metric=0.1270, Entropy Metric=0.0413]

Epoch 44:  97%|█████████▋| 31/32 [00:05<00:00,  5.68it/s][A
Training Epochs:  44%|████▍     | 44/100 [03:59<05:35,  6.00s/it, -ELBO=0.8396, Potential Metric=0.1285, Entropy Metric=0.0357]

Epoch 44: 100%|██████████| 32/32 [00:05<00:00,  5.59it/s][A

                                                         [A
Training Epochs:  45%|████▌     | 45/100 [03:59<05:29,  5.99s/it, -ELBO=0.8396, Potential Metric=0.1285, Entropy Metric=0.0357]

Epoch 45:   0%|          | 0/32 [00:00<?, ?it/s][A
Training Epochs:  45%|████▌     | 45/100 [03:59<05:29,  5.99s/it, -ELBO=0.7771, Potential Metric=0.1373, Entropy Metric=0.0385]

Epoch 45:   3%|▎         | 1/32 [00:00<00:07,  4.32it/s][A
Training Epochs:  45%|████▌     | 45/100 [03:59<05:29,  5.99s/it, -ELBO=0.7446, Potential Metric=0.1219, Entropy Metric=0.0382]

Epoch 45:   6%|▋         | 2/32 [00:00<00:06,  4.98it/s][A
Training Epochs:  45%|████▌     | 45/100 [04:00<05:29,  5.99s/it, -ELBO=0.7860, Potential Metric=0.1237, Entropy Metric=0.0416]

Epoch 45:   9%|▉         | 3/32 [00:00<00:05,  5.24it/s][A
Training Epochs:  45%|████▌     | 45/100 [04:00<05:29,  5.99s/it, -ELBO=0.7926, Potential Metric=0.1252, Entropy Metric=0.0407]

Epoch 45:  12%|█▎        | 4/32 [00:00<00:05,  5.32it/s][A
Training Epochs:  45%|████▌     | 45/100 [04:00<05:29,  5.99s/it, -ELBO=0.7385, Potential Metric=0.1282, Entropy Metric=0.0404]

Epoch 45:  16%|█▌        | 5/32 [00:00<00:05,  5.29it/s][A
Training Epochs:  45%|████▌     | 45/100 [04:00<05:29,  5.99s/it, -ELBO=0.7958, Potential Metric=0.1261, Entropy Metric=0.0424]

Epoch 45:  19%|█▉        | 6/32 [00:01<00:04,  5.33it/s][A
Training Epochs:  45%|████▌     | 45/100 [04:00<05:29,  5.99s/it, -ELBO=0.7569, Potential Metric=0.1202, Entropy Metric=0.0407]

Epoch 45:  22%|██▏       | 7/32 [00:01<00:04,  5.41it/s][A
Training Epochs:  45%|████▌     | 45/100 [04:00<05:29,  5.99s/it, -ELBO=0.7718, Potential Metric=0.1187, Entropy Metric=0.0400]

Epoch 45:  25%|██▌       | 8/32 [00:01<00:04,  5.37it/s][A
Training Epochs:  45%|████▌     | 45/100 [04:01<05:29,  5.99s/it, -ELBO=0.7377, Potential Metric=0.1274, Entropy Metric=0.0427]

Epoch 45:  28%|██▊       | 9/32 [00:01<00:04,  5.40it/s][A
Training Epochs:  45%|████▌     | 45/100 [04:01<05:29,  5.99s/it, -ELBO=0.7984, Potential Metric=0.1279, Entropy Metric=0.0384]

Epoch 45:  31%|███▏      | 10/32 [00:01<00:04,  5.43it/s][A
Training Epochs:  45%|████▌     | 45/100 [04:01<05:29,  5.99s/it, -ELBO=0.7291, Potential Metric=0.1235, Entropy Metric=0.0423]

Epoch 45:  34%|███▍      | 11/32 [00:02<00:03,  5.34it/s][A
Training Epochs:  45%|████▌     | 45/100 [04:01<05:29,  5.99s/it, -ELBO=0.7839, Potential Metric=0.1284, Entropy Metric=0.0427]

Epoch 45:  38%|███▊      | 12/32 [00:02<00:03,  5.35it/s][A
Training Epochs:  45%|████▌     | 45/100 [04:01<05:29,  5.99s/it, -ELBO=0.7515, Potential Metric=0.1302, Entropy Metric=0.0441]

Epoch 45:  41%|████      | 13/32 [00:02<00:03,  5.40it/s][A
Training Epochs:  45%|████▌     | 45/100 [04:02<05:29,  5.99s/it, -ELBO=0.7367, Potential Metric=0.1288, Entropy Metric=0.0419]

Epoch 45:  44%|████▍     | 14/32 [00:02<00:03,  5.33it/s][A
Training Epochs:  45%|████▌     | 45/100 [04:02<05:29,  5.99s/it, -ELBO=0.6919, Potential Metric=0.1353, Entropy Metric=0.0441]

Epoch 45:  47%|████▋     | 15/32 [00:02<00:03,  5.35it/s][A
Training Epochs:  45%|████▌     | 45/100 [04:02<05:29,  5.99s/it, -ELBO=0.7211, Potential Metric=0.1293, Entropy Metric=0.0460]

Epoch 45:  50%|█████     | 16/32 [00:03<00:02,  5.39it/s][A
Training Epochs:  45%|████▌     | 45/100 [04:02<05:29,  5.99s/it, -ELBO=0.7725, Potential Metric=0.1243, Entropy Metric=0.0450]

Epoch 45:  53%|█████▎    | 17/32 [00:03<00:02,  5.40it/s][A
Training Epochs:  45%|████▌     | 45/100 [04:02<05:29,  5.99s/it, -ELBO=0.8137, Potential Metric=0.1364, Entropy Metric=0.0470]

Epoch 45:  56%|█████▋    | 18/32 [00:03<00:02,  5.30it/s][A
Training Epochs:  45%|████▌     | 45/100 [04:02<05:29,  5.99s/it, -ELBO=0.6604, Potential Metric=0.1425, Entropy Metric=0.0486]

Epoch 45:  59%|█████▉    | 19/32 [00:03<00:02,  5.36it/s][A
Training Epochs:  45%|████▌     | 45/100 [04:03<05:29,  5.99s/it, -ELBO=0.7449, Potential Metric=0.1300, Entropy Metric=0.0460]

Epoch 45:  62%|██████▎   | 20/32 [00:03<00:02,  5.40it/s][A
Training Epochs:  45%|████▌     | 45/100 [04:03<05:29,  5.99s/it, -ELBO=0.7431, Potential Metric=0.1288, Entropy Metric=0.0461]

Epoch 45:  66%|██████▌   | 21/32 [00:03<00:02,  5.34it/s][A
Training Epochs:  45%|████▌     | 45/100 [04:03<05:29,  5.99s/it, -ELBO=0.7775, Potential Metric=0.1224, Entropy Metric=0.0437]

Epoch 45:  69%|██████▉   | 22/32 [00:04<00:01,  5.27it/s][A
Training Epochs:  45%|████▌     | 45/100 [04:03<05:29,  5.99s/it, -ELBO=0.6577, Potential Metric=0.1351, Entropy Metric=0.0424]

Epoch 45:  72%|███████▏  | 23/32 [00:04<00:01,  5.32it/s][A
Training Epochs:  45%|████▌     | 45/100 [04:03<05:29,  5.99s/it, -ELBO=0.7395, Potential Metric=0.1314, Entropy Metric=0.0407]

Epoch 45:  75%|███████▌  | 24/32 [00:04<00:01,  5.22it/s][A
Training Epochs:  45%|████▌     | 45/100 [04:04<05:29,  5.99s/it, -ELBO=0.7978, Potential Metric=0.1294, Entropy Metric=0.0386]

Epoch 45:  78%|███████▊  | 25/32 [00:04<00:01,  5.15it/s][A
Training Epochs:  45%|████▌     | 45/100 [04:04<05:29,  5.99s/it, -ELBO=0.7834, Potential Metric=0.1332, Entropy Metric=0.0450]

Epoch 45:  81%|████████▏ | 26/32 [00:04<00:01,  5.12it/s][A
Training Epochs:  45%|████▌     | 45/100 [04:04<05:29,  5.99s/it, -ELBO=0.7474, Potential Metric=0.1306, Entropy Metric=0.0448]

Epoch 45:  84%|████████▍ | 27/32 [00:05<00:00,  5.23it/s][A
Training Epochs:  45%|████▌     | 45/100 [04:04<05:29,  5.99s/it, -ELBO=0.7792, Potential Metric=0.1203, Entropy Metric=0.0419]

Epoch 45:  88%|████████▊ | 28/32 [00:05<00:00,  5.18it/s][A
Training Epochs:  45%|████▌     | 45/100 [04:04<05:29,  5.99s/it, -ELBO=0.7794, Potential Metric=0.1325, Entropy Metric=0.0423]

Epoch 45:  91%|█████████ | 29/32 [00:05<00:00,  5.17it/s][A
Training Epochs:  45%|████▌     | 45/100 [04:05<05:29,  5.99s/it, -ELBO=0.6871, Potential Metric=0.1251, Entropy Metric=0.0430]

Epoch 45:  94%|█████████▍| 30/32 [00:05<00:00,  5.27it/s][A
Training Epochs:  45%|████▌     | 45/100 [04:05<05:29,  5.99s/it, -ELBO=0.7929, Potential Metric=0.1297, Entropy Metric=0.0424]

Epoch 45:  97%|█████████▋| 31/32 [00:05<00:00,  5.33it/s][A
Training Epochs:  45%|████▌     | 45/100 [04:05<05:29,  5.99s/it, -ELBO=0.6951, Potential Metric=0.1321, Entropy Metric=0.0448]

Epoch 45: 100%|██████████| 32/32 [00:06<00:00,  5.29it/s][A

                                                         [A
Training Epochs:  46%|████▌     | 46/100 [04:05<05:27,  6.06s/it, -ELBO=0.6951, Potential Metric=0.1321, Entropy Metric=0.0448]

Epoch 46:   0%|          | 0/32 [00:00<?, ?it/s][A
Training Epochs:  46%|████▌     | 46/100 [04:05<05:27,  6.06s/it, -ELBO=0.7799, Potential Metric=0.1318, Entropy Metric=0.0421]

Epoch 46:   3%|▎         | 1/32 [00:00<00:06,  4.52it/s][A
Training Epochs:  46%|████▌     | 46/100 [04:05<05:27,  6.06s/it, -ELBO=0.9104, Potential Metric=0.1335, Entropy Metric=0.0431]

Epoch 46:   6%|▋         | 2/32 [00:00<00:06,  4.99it/s][A
Training Epochs:  46%|████▌     | 46/100 [04:06<05:27,  6.06s/it, -ELBO=0.7654, Potential Metric=0.1287, Entropy Metric=0.0412]

Epoch 46:   9%|▉         | 3/32 [00:00<00:05,  5.14it/s][A
Training Epochs:  46%|████▌     | 46/100 [04:06<05:27,  6.06s/it, -ELBO=0.7209, Potential Metric=0.1377, Entropy Metric=0.0409]

Epoch 46:  12%|█▎        | 4/32 [00:00<00:05,  5.15it/s][A
Training Epochs:  46%|████▌     | 46/100 [04:06<05:27,  6.06s/it, -ELBO=0.7368, Potential Metric=0.1402, Entropy Metric=0.0404]

Epoch 46:  16%|█▌        | 5/32 [00:00<00:05,  5.18it/s][A
Training Epochs:  46%|████▌     | 46/100 [04:06<05:27,  6.06s/it, -ELBO=0.7476, Potential Metric=0.1354, Entropy Metric=0.0412]

Epoch 46:  19%|█▉        | 6/32 [00:01<00:04,  5.27it/s][A
Training Epochs:  46%|████▌     | 46/100 [04:06<05:27,  6.06s/it, -ELBO=0.7909, Potential Metric=0.1353, Entropy Metric=0.0403]

Epoch 46:  22%|██▏       | 7/32 [00:01<00:04,  5.21it/s][A
Training Epochs:  46%|████▌     | 46/100 [04:07<05:27,  6.06s/it, -ELBO=0.7886, Potential Metric=0.1316, Entropy Metric=0.0418]

Epoch 46:  25%|██▌       | 8/32 [00:01<00:04,  5.17it/s][A
Training Epochs:  46%|████▌     | 46/100 [04:07<05:27,  6.06s/it, -ELBO=0.7717, Potential Metric=0.1304, Entropy Metric=0.0425]

Epoch 46:  28%|██▊       | 9/32 [00:01<00:04,  5.15it/s][A
Training Epochs:  46%|████▌     | 46/100 [04:07<05:27,  6.06s/it, -ELBO=0.7653, Potential Metric=0.1507, Entropy Metric=0.0411]

Epoch 46:  31%|███▏      | 10/32 [00:01<00:04,  5.23it/s][A
Training Epochs:  46%|████▌     | 46/100 [04:07<05:27,  6.06s/it, -ELBO=0.7520, Potential Metric=0.1457, Entropy Metric=0.0431]

Epoch 46:  34%|███▍      | 11/32 [00:02<00:04,  5.14it/s][A
Training Epochs:  46%|████▌     | 46/100 [04:07<05:27,  6.06s/it, -ELBO=0.7444, Potential Metric=0.1218, Entropy Metric=0.0440]

Epoch 46:  38%|███▊      | 12/32 [00:02<00:03,  5.12it/s][A
Training Epochs:  46%|████▌     | 46/100 [04:08<05:27,  6.06s/it, -ELBO=0.7470, Potential Metric=0.1371, Entropy Metric=0.0462]

Epoch 46:  41%|████      | 13/32 [00:02<00:03,  5.14it/s][A
Training Epochs:  46%|████▌     | 46/100 [04:08<05:27,  6.06s/it, -ELBO=0.8065, Potential Metric=0.1383, Entropy Metric=0.0435]

Epoch 46:  44%|████▍     | 14/32 [00:02<00:03,  5.23it/s][A
Training Epochs:  46%|████▌     | 46/100 [04:08<05:27,  6.06s/it, -ELBO=0.6705, Potential Metric=0.1372, Entropy Metric=0.0413]

Epoch 46:  47%|████▋     | 15/32 [00:02<00:03,  5.24it/s][A
Training Epochs:  46%|████▌     | 46/100 [04:08<05:27,  6.06s/it, -ELBO=0.6875, Potential Metric=0.1190, Entropy Metric=0.0450]

Epoch 46:  50%|█████     | 16/32 [00:03<00:03,  5.33it/s][A
Training Epochs:  46%|████▌     | 46/100 [04:08<05:27,  6.06s/it, -ELBO=0.7552, Potential Metric=0.1257, Entropy Metric=0.0432]

Epoch 46:  53%|█████▎    | 17/32 [00:03<00:02,  5.39it/s][A
Training Epochs:  46%|████▌     | 46/100 [04:09<05:27,  6.06s/it, -ELBO=0.6817, Potential Metric=0.1335, Entropy Metric=0.0425]

Epoch 46:  56%|█████▋    | 18/32 [00:03<00:02,  5.47it/s][A
Training Epochs:  46%|████▌     | 46/100 [04:09<05:27,  6.06s/it, -ELBO=0.7262, Potential Metric=0.1416, Entropy Metric=0.0459]

Epoch 46:  59%|█████▉    | 19/32 [00:03<00:02,  5.46it/s][A
Training Epochs:  46%|████▌     | 46/100 [04:09<05:27,  6.06s/it, -ELBO=0.7009, Potential Metric=0.1235, Entropy Metric=0.0449]

Epoch 46:  62%|██████▎   | 20/32 [00:03<00:02,  5.46it/s][A
Training Epochs:  46%|████▌     | 46/100 [04:09<05:27,  6.06s/it, -ELBO=0.7293, Potential Metric=0.1242, Entropy Metric=0.0412]

Epoch 46:  66%|██████▌   | 21/32 [00:04<00:02,  5.34it/s][A
Training Epochs:  46%|████▌     | 46/100 [04:09<05:27,  6.06s/it, -ELBO=0.7171, Potential Metric=0.1283, Entropy Metric=0.0388]

Epoch 46:  69%|██████▉   | 22/32 [00:04<00:01,  5.37it/s][A
Training Epochs:  46%|████▌     | 46/100 [04:09<05:27,  6.06s/it, -ELBO=0.7198, Potential Metric=0.1264, Entropy Metric=0.0399]

Epoch 46:  72%|███████▏  | 23/32 [00:04<00:01,  5.40it/s][A
Training Epochs:  46%|████▌     | 46/100 [04:10<05:27,  6.06s/it, -ELBO=0.7581, Potential Metric=0.1338, Entropy Metric=0.0410]

Epoch 46:  75%|███████▌  | 24/32 [00:04<00:01,  5.41it/s][A
Training Epochs:  46%|████▌     | 46/100 [04:10<05:27,  6.06s/it, -ELBO=0.7346, Potential Metric=0.1343, Entropy Metric=0.0414]

Epoch 46:  78%|███████▊  | 25/32 [00:04<00:01,  5.38it/s][A
Training Epochs:  46%|████▌     | 46/100 [04:10<05:27,  6.06s/it, -ELBO=0.6957, Potential Metric=0.1175, Entropy Metric=0.0412]

Epoch 46:  81%|████████▏ | 26/32 [00:04<00:01,  5.40it/s][A
Training Epochs:  46%|████▌     | 46/100 [04:10<05:27,  6.06s/it, -ELBO=0.6886, Potential Metric=0.1311, Entropy Metric=0.0447]

Epoch 46:  84%|████████▍ | 27/32 [00:05<00:00,  5.36it/s][A
Training Epochs:  46%|████▌     | 46/100 [04:10<05:27,  6.06s/it, -ELBO=0.6711, Potential Metric=0.1313, Entropy Metric=0.0456]

Epoch 46:  88%|████████▊ | 28/32 [00:05<00:00,  5.39it/s][A
Training Epochs:  46%|████▌     | 46/100 [04:11<05:27,  6.06s/it, -ELBO=0.7462, Potential Metric=0.1335, Entropy Metric=0.0430]

Epoch 46:  91%|█████████ | 29/32 [00:05<00:00,  5.42it/s][A
Training Epochs:  46%|████▌     | 46/100 [04:11<05:27,  6.06s/it, -ELBO=0.7027, Potential Metric=0.1299, Entropy Metric=0.0434]

Epoch 46:  94%|█████████▍| 30/32 [00:05<00:00,  5.45it/s][A
Training Epochs:  46%|████▌     | 46/100 [04:11<05:27,  6.06s/it, -ELBO=0.6795, Potential Metric=0.1288, Entropy Metric=0.0411]

Epoch 46:  97%|█████████▋| 31/32 [00:05<00:00,  5.37it/s][A
Training Epochs:  46%|████▌     | 46/100 [04:11<05:27,  6.06s/it, -ELBO=0.7015, Potential Metric=0.1386, Entropy Metric=0.0430]

Epoch 46: 100%|██████████| 32/32 [00:06<00:00,  5.44it/s][A

                                                         [A
Training Epochs:  47%|████▋     | 47/100 [04:11<05:22,  6.08s/it, -ELBO=0.7015, Potential Metric=0.1386, Entropy Metric=0.0430]

Epoch 47:   0%|          | 0/32 [00:00<?, ?it/s][A
Training Epochs:  47%|████▋     | 47/100 [04:11<05:22,  6.08s/it, -ELBO=0.6651, Potential Metric=0.1389, Entropy Metric=0.0437]

Epoch 47:   3%|▎         | 1/32 [00:00<00:06,  4.49it/s][A
Training Epochs:  47%|████▋     | 47/100 [04:12<05:22,  6.08s/it, -ELBO=0.6128, Potential Metric=0.1248, Entropy Metric=0.0450]

Epoch 47:   6%|▋         | 2/32 [00:00<00:06,  4.94it/s][A
Training Epochs:  47%|████▋     | 47/100 [04:12<05:22,  6.08s/it, -ELBO=0.7067, Potential Metric=0.1337, Entropy Metric=0.0465]

Epoch 47:   9%|▉         | 3/32 [00:00<00:05,  5.18it/s][A
Training Epochs:  47%|████▋     | 47/100 [04:12<05:22,  6.08s/it, -ELBO=0.7668, Potential Metric=0.1322, Entropy Metric=0.0418]

Epoch 47:  12%|█▎        | 4/32 [00:00<00:05,  5.23it/s][A
Training Epochs:  47%|████▋     | 47/100 [04:12<05:22,  6.08s/it, -ELBO=0.8133, Potential Metric=0.1384, Entropy Metric=0.0430]

Epoch 47:  16%|█▌        | 5/32 [00:00<00:05,  5.22it/s][A
Training Epochs:  47%|████▋     | 47/100 [04:12<05:22,  6.08s/it, -ELBO=0.7802, Potential Metric=0.1408, Entropy Metric=0.0426]

Epoch 47:  19%|█▉        | 6/32 [00:01<00:05,  5.15it/s][A
Training Epochs:  47%|████▋     | 47/100 [04:13<05:22,  6.08s/it, -ELBO=0.6916, Potential Metric=0.1347, Entropy Metric=0.0433]

Epoch 47:  22%|██▏       | 7/32 [00:01<00:04,  5.15it/s][A
Training Epochs:  47%|████▋     | 47/100 [04:13<05:22,  6.08s/it, -ELBO=0.8093, Potential Metric=0.1373, Entropy Metric=0.0416]

Epoch 47:  25%|██▌       | 8/32 [00:01<00:04,  5.17it/s][A
Training Epochs:  47%|████▋     | 47/100 [04:13<05:22,  6.08s/it, -ELBO=0.6825, Potential Metric=0.1369, Entropy Metric=0.0448]

Epoch 47:  28%|██▊       | 9/32 [00:01<00:04,  5.17it/s][A
Training Epochs:  47%|████▋     | 47/100 [04:13<05:22,  6.08s/it, -ELBO=0.7997, Potential Metric=0.1283, Entropy Metric=0.0460]

Epoch 47:  31%|███▏      | 10/32 [00:01<00:04,  5.25it/s][A
Training Epochs:  47%|████▋     | 47/100 [04:13<05:22,  6.08s/it, -ELBO=0.6697, Potential Metric=0.1288, Entropy Metric=0.0451]

Epoch 47:  34%|███▍      | 11/32 [00:02<00:03,  5.28it/s][A
Training Epochs:  47%|████▋     | 47/100 [04:13<05:22,  6.08s/it, -ELBO=0.7070, Potential Metric=0.1237, Entropy Metric=0.0434]

Epoch 47:  38%|███▊      | 12/32 [00:02<00:03,  5.35it/s][A
Training Epochs:  47%|████▋     | 47/100 [04:14<05:22,  6.08s/it, -ELBO=0.7892, Potential Metric=0.1292, Entropy Metric=0.0382]

Epoch 47:  41%|████      | 13/32 [00:02<00:03,  5.35it/s][A
Training Epochs:  47%|████▋     | 47/100 [04:14<05:22,  6.08s/it, -ELBO=0.8234, Potential Metric=0.1259, Entropy Metric=0.0420]

Epoch 47:  44%|████▍     | 14/32 [00:02<00:03,  5.38it/s][A
Training Epochs:  47%|████▋     | 47/100 [04:14<05:22,  6.08s/it, -ELBO=0.6928, Potential Metric=0.1304, Entropy Metric=0.0385]

Epoch 47:  47%|████▋     | 15/32 [00:02<00:03,  5.30it/s][A
Training Epochs:  47%|████▋     | 47/100 [04:14<05:22,  6.08s/it, -ELBO=0.7340, Potential Metric=0.1339, Entropy Metric=0.0423]

Epoch 47:  50%|█████     | 16/32 [00:03<00:03,  5.31it/s][A
Training Epochs:  47%|████▋     | 47/100 [04:14<05:22,  6.08s/it, -ELBO=0.7766, Potential Metric=0.1456, Entropy Metric=0.0440]

Epoch 47:  53%|█████▎    | 17/32 [00:03<00:02,  5.35it/s][A
Training Epochs:  47%|████▋     | 47/100 [04:15<05:22,  6.08s/it, -ELBO=0.7449, Potential Metric=0.1328, Entropy Metric=0.0432]

Epoch 47:  56%|█████▋    | 18/32 [00:03<00:02,  5.25it/s][A
Training Epochs:  47%|████▋     | 47/100 [04:15<05:22,  6.08s/it, -ELBO=0.7033, Potential Metric=0.1409, Entropy Metric=0.0419]

Epoch 47:  59%|█████▉    | 19/32 [00:03<00:02,  5.11it/s][A
Training Epochs:  47%|████▋     | 47/100 [04:15<05:22,  6.08s/it, -ELBO=0.6948, Potential Metric=0.1441, Entropy Metric=0.0432]

Epoch 47:  62%|██████▎   | 20/32 [00:03<00:02,  4.95it/s][A
Training Epochs:  47%|████▋     | 47/100 [04:15<05:22,  6.08s/it, -ELBO=0.7040, Potential Metric=0.1350, Entropy Metric=0.0423]

Epoch 47:  66%|██████▌   | 21/32 [00:04<00:02,  5.01it/s][A
Training Epochs:  47%|████▋     | 47/100 [04:15<05:22,  6.08s/it, -ELBO=0.7538, Potential Metric=0.1275, Entropy Metric=0.0386]

Epoch 47:  69%|██████▉   | 22/32 [00:04<00:01,  5.11it/s][A
Training Epochs:  47%|████▋     | 47/100 [04:16<05:22,  6.08s/it, -ELBO=0.7287, Potential Metric=0.1387, Entropy Metric=0.0429]

Epoch 47:  72%|███████▏  | 23/32 [00:04<00:01,  5.15it/s][A
Training Epochs:  47%|████▋     | 47/100 [04:16<05:22,  6.08s/it, -ELBO=0.7304, Potential Metric=0.1383, Entropy Metric=0.0385]

Epoch 47:  75%|███████▌  | 24/32 [00:04<00:01,  5.29it/s][A
Training Epochs:  47%|████▋     | 47/100 [04:16<05:22,  6.08s/it, -ELBO=0.6957, Potential Metric=0.1409, Entropy Metric=0.0407]

Epoch 47:  78%|███████▊  | 25/32 [00:04<00:01,  5.36it/s][A
Training Epochs:  47%|████▋     | 47/100 [04:16<05:22,  6.08s/it, -ELBO=0.7425, Potential Metric=0.1443, Entropy Metric=0.0431]

Epoch 47:  81%|████████▏ | 26/32 [00:04<00:01,  5.35it/s][A
Training Epochs:  47%|████▋     | 47/100 [04:16<05:22,  6.08s/it, -ELBO=0.6409, Potential Metric=0.1401, Entropy Metric=0.0459]

Epoch 47:  84%|████████▍ | 27/32 [00:05<00:00,  5.27it/s][A
Training Epochs:  47%|████▋     | 47/100 [04:17<05:22,  6.08s/it, -ELBO=0.7465, Potential Metric=0.1365, Entropy Metric=0.0510]

Epoch 47:  88%|████████▊ | 28/32 [00:05<00:00,  5.34it/s][A
Training Epochs:  47%|████▋     | 47/100 [04:17<05:22,  6.08s/it, -ELBO=0.6627, Potential Metric=0.1447, Entropy Metric=0.0454]

Epoch 47:  91%|█████████ | 29/32 [00:05<00:00,  5.30it/s][A
Training Epochs:  47%|████▋     | 47/100 [04:17<05:22,  6.08s/it, -ELBO=0.7457, Potential Metric=0.1397, Entropy Metric=0.0472]

Epoch 47:  94%|█████████▍| 30/32 [00:05<00:00,  5.25it/s][A
Training Epochs:  47%|████▋     | 47/100 [04:17<05:22,  6.08s/it, -ELBO=0.7069, Potential Metric=0.1299, Entropy Metric=0.0418]

Epoch 47:  97%|█████████▋| 31/32 [00:05<00:00,  5.30it/s][A
Training Epochs:  47%|████▋     | 47/100 [04:17<05:22,  6.08s/it, -ELBO=0.7571, Potential Metric=0.1588, Entropy Metric=0.0440]

Epoch 47: 100%|██████████| 32/32 [00:06<00:00,  5.12it/s][A

                                                         [A
Training Epochs:  48%|████▊     | 48/100 [04:17<05:18,  6.13s/it, -ELBO=0.7571, Potential Metric=0.1588, Entropy Metric=0.0440]

Epoch 48:   0%|          | 0/32 [00:00<?, ?it/s][A
Training Epochs:  48%|████▊     | 48/100 [04:18<05:18,  6.13s/it, -ELBO=0.7247, Potential Metric=0.1278, Entropy Metric=0.0404]

Epoch 48:   3%|▎         | 1/32 [00:00<00:06,  4.58it/s][A
Training Epochs:  48%|████▊     | 48/100 [04:18<05:18,  6.13s/it, -ELBO=0.7025, Potential Metric=0.1357, Entropy Metric=0.0424]

Epoch 48:   6%|▋         | 2/32 [00:00<00:06,  4.91it/s][A
Training Epochs:  48%|████▊     | 48/100 [04:18<05:18,  6.13s/it, -ELBO=0.7516, Potential Metric=0.1417, Entropy Metric=0.0453]

Epoch 48:   9%|▉         | 3/32 [00:00<00:05,  5.12it/s][A
Training Epochs:  48%|████▊     | 48/100 [04:18<05:18,  6.13s/it, -ELBO=0.7287, Potential Metric=0.1227, Entropy Metric=0.0415]

Epoch 48:  12%|█▎        | 4/32 [00:00<00:05,  5.23it/s][A
Training Epochs:  48%|████▊     | 48/100 [04:18<05:18,  6.13s/it, -ELBO=0.7095, Potential Metric=0.1298, Entropy Metric=0.0432]

Epoch 48:  16%|█▌        | 5/32 [00:00<00:05,  5.35it/s][A
Training Epochs:  48%|████▊     | 48/100 [04:19<05:18,  6.13s/it, -ELBO=0.7422, Potential Metric=0.1371, Entropy Metric=0.0444]

Epoch 48:  19%|█▉        | 6/32 [00:01<00:04,  5.46it/s][A
Training Epochs:  48%|████▊     | 48/100 [04:19<05:18,  6.13s/it, -ELBO=0.6977, Potential Metric=0.1291, Entropy Metric=0.0413]

Epoch 48:  22%|██▏       | 7/32 [00:01<00:04,  5.31it/s][A
Training Epochs:  48%|████▊     | 48/100 [04:19<05:18,  6.13s/it, -ELBO=0.6779, Potential Metric=0.1405, Entropy Metric=0.0429]

Epoch 48:  25%|██▌       | 8/32 [00:01<00:04,  5.21it/s][A
Training Epochs:  48%|████▊     | 48/100 [04:19<05:18,  6.13s/it, -ELBO=0.6863, Potential Metric=0.1395, Entropy Metric=0.0451]

Epoch 48:  28%|██▊       | 9/32 [00:01<00:04,  5.09it/s][A
Training Epochs:  48%|████▊     | 48/100 [04:19<05:18,  6.13s/it, -ELBO=0.7828, Potential Metric=0.1482, Entropy Metric=0.0424]

Epoch 48:  31%|███▏      | 10/32 [00:01<00:04,  5.15it/s][A
Training Epochs:  48%|████▊     | 48/100 [04:20<05:18,  6.13s/it, -ELBO=0.7865, Potential Metric=0.1417, Entropy Metric=0.0419]

Epoch 48:  34%|███▍      | 11/32 [00:02<00:04,  5.24it/s][A
Training Epochs:  48%|████▊     | 48/100 [04:20<05:18,  6.13s/it, -ELBO=0.7149, Potential Metric=0.1451, Entropy Metric=0.0436]

Epoch 48:  38%|███▊      | 12/32 [00:02<00:03,  5.26it/s][A
Training Epochs:  48%|████▊     | 48/100 [04:20<05:18,  6.13s/it, -ELBO=0.6409, Potential Metric=0.1422, Entropy Metric=0.0424]

Epoch 48:  41%|████      | 13/32 [00:02<00:03,  5.13it/s][A
Training Epochs:  48%|████▊     | 48/100 [04:20<05:18,  6.13s/it, -ELBO=0.7096, Potential Metric=0.1553, Entropy Metric=0.0443]

Epoch 48:  44%|████▍     | 14/32 [00:02<00:03,  5.14it/s][A
Training Epochs:  48%|████▊     | 48/100 [04:20<05:18,  6.13s/it, -ELBO=0.6678, Potential Metric=0.1506, Entropy Metric=0.0442]

Epoch 48:  47%|████▋     | 15/32 [00:02<00:03,  5.07it/s][A
Training Epochs:  48%|████▊     | 48/100 [04:21<05:18,  6.13s/it, -ELBO=0.8437, Potential Metric=0.1493, Entropy Metric=0.0438]

Epoch 48:  50%|█████     | 16/32 [00:03<00:03,  5.11it/s][A
Training Epochs:  48%|████▊     | 48/100 [04:21<05:18,  6.13s/it, -ELBO=0.7611, Potential Metric=0.1374, Entropy Metric=0.0428]

Epoch 48:  53%|█████▎    | 17/32 [00:03<00:02,  5.23it/s][A
Training Epochs:  48%|████▊     | 48/100 [04:21<05:18,  6.13s/it, -ELBO=0.7233, Potential Metric=0.1362, Entropy Metric=0.0439]

Epoch 48:  56%|█████▋    | 18/32 [00:03<00:02,  5.31it/s][A
Training Epochs:  48%|████▊     | 48/100 [04:21<05:18,  6.13s/it, -ELBO=0.6669, Potential Metric=0.1447, Entropy Metric=0.0474]

Epoch 48:  59%|█████▉    | 19/32 [00:03<00:02,  5.32it/s][A
Training Epochs:  48%|████▊     | 48/100 [04:21<05:18,  6.13s/it, -ELBO=0.7057, Potential Metric=0.1307, Entropy Metric=0.0434]

Epoch 48:  62%|██████▎   | 20/32 [00:03<00:02,  5.31it/s][A
Training Epochs:  48%|████▊     | 48/100 [04:22<05:18,  6.13s/it, -ELBO=0.6886, Potential Metric=0.1339, Entropy Metric=0.0463]

Epoch 48:  66%|██████▌   | 21/32 [00:04<00:02,  4.22it/s][A
Training Epochs:  48%|████▊     | 48/100 [04:22<05:18,  6.13s/it, -ELBO=0.6440, Potential Metric=0.1248, Entropy Metric=0.0467]

Epoch 48:  69%|██████▉   | 22/32 [00:04<00:02,  4.51it/s][A
Training Epochs:  48%|████▊     | 48/100 [04:22<05:18,  6.13s/it, -ELBO=0.6678, Potential Metric=0.1303, Entropy Metric=0.0425]

Epoch 48:  72%|███████▏  | 23/32 [00:04<00:01,  4.69it/s][A
Training Epochs:  48%|████▊     | 48/100 [04:22<05:18,  6.13s/it, -ELBO=0.6139, Potential Metric=0.1368, Entropy Metric=0.0432]

Epoch 48:  75%|███████▌  | 24/32 [00:04<00:01,  4.81it/s][A
Training Epochs:  48%|████▊     | 48/100 [04:22<05:18,  6.13s/it, -ELBO=0.7362, Potential Metric=0.1353, Entropy Metric=0.0406]

Epoch 48:  78%|███████▊  | 25/32 [00:04<00:01,  4.95it/s][A
Training Epochs:  48%|████▊     | 48/100 [04:23<05:18,  6.13s/it, -ELBO=0.6714, Potential Metric=0.1393, Entropy Metric=0.0436]

Epoch 48:  81%|████████▏ | 26/32 [00:05<00:01,  4.96it/s][A
Training Epochs:  48%|████▊     | 48/100 [04:23<05:18,  6.13s/it, -ELBO=0.7433, Potential Metric=0.1410, Entropy Metric=0.0419]

Epoch 48:  84%|████████▍ | 27/32 [00:05<00:01,  4.99it/s][A
Training Epochs:  48%|████▊     | 48/100 [04:23<05:18,  6.13s/it, -ELBO=0.7075, Potential Metric=0.1359, Entropy Metric=0.0440]

Epoch 48:  88%|████████▊ | 28/32 [00:05<00:00,  5.05it/s][A
Training Epochs:  48%|████▊     | 48/100 [04:23<05:18,  6.13s/it, -ELBO=0.7334, Potential Metric=0.1348, Entropy Metric=0.0429]

Epoch 48:  91%|█████████ | 29/32 [00:05<00:00,  5.05it/s][A
Training Epochs:  48%|████▊     | 48/100 [04:23<05:18,  6.13s/it, -ELBO=0.6999, Potential Metric=0.1458, Entropy Metric=0.0435]

Epoch 48:  94%|█████████▍| 30/32 [00:05<00:00,  5.06it/s][A
Training Epochs:  48%|████▊     | 48/100 [04:24<05:18,  6.13s/it, -ELBO=0.7487, Potential Metric=0.1404, Entropy Metric=0.0437]

Epoch 48:  97%|█████████▋| 31/32 [00:06<00:00,  5.04it/s][A
Training Epochs:  48%|████▊     | 48/100 [04:24<05:18,  6.13s/it, -ELBO=0.6973, Potential Metric=0.1435, Entropy Metric=0.0447]

Epoch 48: 100%|██████████| 32/32 [00:06<00:00,  5.07it/s][A

                                                         [A
Training Epochs:  49%|████▉     | 49/100 [04:24<05:17,  6.23s/it, -ELBO=0.6973, Potential Metric=0.1435, Entropy Metric=0.0447]

Epoch 49:   0%|          | 0/32 [00:00<?, ?it/s][A
Training Epochs:  49%|████▉     | 49/100 [04:24<05:17,  6.23s/it, -ELBO=0.6934, Potential Metric=0.1472, Entropy Metric=0.0466]

Epoch 49:   3%|▎         | 1/32 [00:00<00:07,  4.19it/s][A
Training Epochs:  49%|████▉     | 49/100 [04:24<05:17,  6.23s/it, -ELBO=0.7358, Potential Metric=0.1377, Entropy Metric=0.0422]

Epoch 49:   6%|▋         | 2/32 [00:00<00:06,  4.76it/s][A
Training Epochs:  49%|████▉     | 49/100 [04:24<05:17,  6.23s/it, -ELBO=0.7401, Potential Metric=0.1390, Entropy Metric=0.0413]

Epoch 49:   9%|▉         | 3/32 [00:00<00:05,  5.09it/s][A
Training Epochs:  49%|████▉     | 49/100 [04:25<05:17,  6.23s/it, -ELBO=0.7058, Potential Metric=0.1481, Entropy Metric=0.0467]

Epoch 49:  12%|█▎        | 4/32 [00:00<00:05,  5.24it/s][A
Training Epochs:  49%|████▉     | 49/100 [04:25<05:17,  6.23s/it, -ELBO=0.6544, Potential Metric=0.1535, Entropy Metric=0.0475]

Epoch 49:  16%|█▌        | 5/32 [00:00<00:05,  5.30it/s][A
Training Epochs:  49%|████▉     | 49/100 [04:25<05:17,  6.23s/it, -ELBO=0.7236, Potential Metric=0.1294, Entropy Metric=0.0465]

Epoch 49:  19%|█▉        | 6/32 [00:01<00:04,  5.26it/s][A
Training Epochs:  49%|████▉     | 49/100 [04:25<05:17,  6.23s/it, -ELBO=0.6177, Potential Metric=0.1437, Entropy Metric=0.0481]

Epoch 49:  22%|██▏       | 7/32 [00:01<00:04,  5.22it/s][A
Training Epochs:  49%|████▉     | 49/100 [04:25<05:17,  6.23s/it, -ELBO=0.7097, Potential Metric=0.1504, Entropy Metric=0.0434]

Epoch 49:  25%|██▌       | 8/32 [00:01<00:04,  5.20it/s][A
Training Epochs:  49%|████▉     | 49/100 [04:26<05:17,  6.23s/it, -ELBO=0.7123, Potential Metric=0.1505, Entropy Metric=0.0419]

Epoch 49:  28%|██▊       | 9/32 [00:01<00:04,  5.28it/s][A
Training Epochs:  49%|████▉     | 49/100 [04:26<05:17,  6.23s/it, -ELBO=0.6830, Potential Metric=0.1441, Entropy Metric=0.0401]

Epoch 49:  31%|███▏      | 10/32 [00:01<00:04,  5.26it/s][A
Training Epochs:  49%|████▉     | 49/100 [04:26<05:17,  6.23s/it, -ELBO=0.7034, Potential Metric=0.1426, Entropy Metric=0.0446]

Epoch 49:  34%|███▍      | 11/32 [00:02<00:04,  5.21it/s][A
Training Epochs:  49%|████▉     | 49/100 [04:26<05:17,  6.23s/it, -ELBO=0.6965, Potential Metric=0.1546, Entropy Metric=0.0435]

Epoch 49:  38%|███▊      | 12/32 [00:02<00:03,  5.28it/s][A
Training Epochs:  49%|████▉     | 49/100 [04:26<05:17,  6.23s/it, -ELBO=0.6696, Potential Metric=0.1471, Entropy Metric=0.0427]

Epoch 49:  41%|████      | 13/32 [00:02<00:03,  5.38it/s][A
Training Epochs:  49%|████▉     | 49/100 [04:27<05:17,  6.23s/it, -ELBO=0.6971, Potential Metric=0.1407, Entropy Metric=0.0414]

Epoch 49:  44%|████▍     | 14/32 [00:02<00:03,  5.32it/s][A
Training Epochs:  49%|████▉     | 49/100 [04:27<05:17,  6.23s/it, -ELBO=0.6972, Potential Metric=0.1319, Entropy Metric=0.0437]

Epoch 49:  47%|████▋     | 15/32 [00:02<00:03,  5.25it/s][A
Training Epochs:  49%|████▉     | 49/100 [04:27<05:17,  6.23s/it, -ELBO=0.7253, Potential Metric=0.1449, Entropy Metric=0.0442]

Epoch 49:  50%|█████     | 16/32 [00:03<00:03,  5.27it/s][A
Training Epochs:  49%|████▉     | 49/100 [04:27<05:17,  6.23s/it, -ELBO=0.7052, Potential Metric=0.1457, Entropy Metric=0.0424]

Epoch 49:  53%|█████▎    | 17/32 [00:03<00:02,  5.28it/s][A
Training Epochs:  49%|████▉     | 49/100 [04:27<05:17,  6.23s/it, -ELBO=0.7518, Potential Metric=0.1552, Entropy Metric=0.0425]

Epoch 49:  56%|█████▋    | 18/32 [00:03<00:02,  5.32it/s][A
Training Epochs:  49%|████▉     | 49/100 [04:28<05:17,  6.23s/it, -ELBO=0.6481, Potential Metric=0.1453, Entropy Metric=0.0434]

Epoch 49:  59%|█████▉    | 19/32 [00:03<00:02,  5.24it/s][A
Training Epochs:  49%|████▉     | 49/100 [04:28<05:17,  6.23s/it, -ELBO=0.7024, Potential Metric=0.1438, Entropy Metric=0.0420]

Epoch 49:  62%|██████▎   | 20/32 [00:03<00:02,  5.26it/s][A
Training Epochs:  49%|████▉     | 49/100 [04:28<05:17,  6.23s/it, -ELBO=0.7023, Potential Metric=0.1487, Entropy Metric=0.0426]

Epoch 49:  66%|██████▌   | 21/32 [00:04<00:02,  5.31it/s][A
Training Epochs:  49%|████▉     | 49/100 [04:28<05:17,  6.23s/it, -ELBO=0.6831, Potential Metric=0.1387, Entropy Metric=0.0416]

Epoch 49:  69%|██████▉   | 22/32 [00:04<00:01,  5.40it/s][A
Training Epochs:  49%|████▉     | 49/100 [04:28<05:17,  6.23s/it, -ELBO=0.6920, Potential Metric=0.1309, Entropy Metric=0.0406]

Epoch 49:  72%|███████▏  | 23/32 [00:04<00:01,  5.40it/s][A
Training Epochs:  49%|████▉     | 49/100 [04:28<05:17,  6.23s/it, -ELBO=0.6966, Potential Metric=0.1346, Entropy Metric=0.0446]

Epoch 49:  75%|███████▌  | 24/32 [00:04<00:01,  5.35it/s][A
Training Epochs:  49%|████▉     | 49/100 [04:29<05:17,  6.23s/it, -ELBO=0.7424, Potential Metric=0.1469, Entropy Metric=0.0427]

Epoch 49:  78%|███████▊  | 25/32 [00:04<00:01,  5.31it/s][A
Training Epochs:  49%|████▉     | 49/100 [04:29<05:17,  6.23s/it, -ELBO=0.6817, Potential Metric=0.1492, Entropy Metric=0.0459]

Epoch 49:  81%|████████▏ | 26/32 [00:04<00:01,  5.36it/s][A
Training Epochs:  49%|████▉     | 49/100 [04:29<05:17,  6.23s/it, -ELBO=0.6628, Potential Metric=0.1418, Entropy Metric=0.0503]

Epoch 49:  84%|████████▍ | 27/32 [00:05<00:00,  5.36it/s][A
Training Epochs:  49%|████▉     | 49/100 [04:29<05:17,  6.23s/it, -ELBO=0.6527, Potential Metric=0.1417, Entropy Metric=0.0474]

Epoch 49:  88%|████████▊ | 28/32 [00:05<00:00,  5.36it/s][A
Training Epochs:  49%|████▉     | 49/100 [04:29<05:17,  6.23s/it, -ELBO=0.6795, Potential Metric=0.1519, Entropy Metric=0.0452]

Epoch 49:  91%|█████████ | 29/32 [00:05<00:00,  5.19it/s][A
Training Epochs:  49%|████▉     | 49/100 [04:30<05:17,  6.23s/it, -ELBO=0.6705, Potential Metric=0.1494, Entropy Metric=0.0492]

Epoch 49:  94%|█████████▍| 30/32 [00:05<00:00,  5.18it/s][A
Training Epochs:  49%|████▉     | 49/100 [04:30<05:17,  6.23s/it, -ELBO=0.7277, Potential Metric=0.1484, Entropy Metric=0.0457]

Epoch 49:  97%|█████████▋| 31/32 [00:05<00:00,  5.21it/s][A
Training Epochs:  49%|████▉     | 49/100 [04:30<05:17,  6.23s/it, -ELBO=0.6970, Potential Metric=0.1520, Entropy Metric=0.0480]

Epoch 49: 100%|██████████| 32/32 [00:06<00:00,  5.22it/s][A

                                                         [A
Training Epochs:  50%|█████     | 50/100 [04:30<05:10,  6.21s/it, -ELBO=0.6970, Potential Metric=0.1520, Entropy Metric=0.0480]

Epoch 50:   0%|          | 0/32 [00:00<?, ?it/s][A
Training Epochs:  50%|█████     | 50/100 [04:30<05:10,  6.21s/it, -ELBO=0.6515, Potential Metric=0.1511, Entropy Metric=0.0445]

Epoch 50:   3%|▎         | 1/32 [00:00<00:07,  4.19it/s][A
Training Epochs:  50%|█████     | 50/100 [04:31<05:10,  6.21s/it, -ELBO=0.7411, Potential Metric=0.1549, Entropy Metric=0.0432]

Epoch 50:   6%|▋         | 2/32 [00:00<00:06,  4.68it/s][A
Training Epochs:  50%|█████     | 50/100 [04:31<05:10,  6.21s/it, -ELBO=0.7240, Potential Metric=0.1513, Entropy Metric=0.0449]

Epoch 50:   9%|▉         | 3/32 [00:00<00:05,  4.93it/s][A
Training Epochs:  50%|█████     | 50/100 [04:31<05:10,  6.21s/it, -ELBO=0.7014, Potential Metric=0.1516, Entropy Metric=0.0479]

Epoch 50:  12%|█▎        | 4/32 [00:00<00:05,  4.96it/s][A
Training Epochs:  50%|█████     | 50/100 [04:31<05:10,  6.21s/it, -ELBO=0.6560, Potential Metric=0.1640, Entropy Metric=0.0486]

Epoch 50:  16%|█▌        | 5/32 [00:01<00:05,  5.10it/s][A
Training Epochs:  50%|█████     | 50/100 [04:31<05:10,  6.21s/it, -ELBO=0.6521, Potential Metric=0.1546, Entropy Metric=0.0448]

Epoch 50:  19%|█▉        | 6/32 [00:01<00:05,  5.14it/s][A
Training Epochs:  50%|█████     | 50/100 [04:32<05:10,  6.21s/it, -ELBO=0.6745, Potential Metric=0.1557, Entropy Metric=0.0434]

Epoch 50:  22%|██▏       | 7/32 [00:01<00:04,  5.19it/s][A
Training Epochs:  50%|█████     | 50/100 [04:32<05:10,  6.21s/it, -ELBO=0.7279, Potential Metric=0.1624, Entropy Metric=0.0456]

Epoch 50:  25%|██▌       | 8/32 [00:01<00:04,  5.12it/s][A
Training Epochs:  50%|█████     | 50/100 [04:32<05:10,  6.21s/it, -ELBO=0.6181, Potential Metric=0.1415, Entropy Metric=0.0416]

Epoch 50:  28%|██▊       | 9/32 [00:01<00:04,  5.12it/s][A
Training Epochs:  50%|█████     | 50/100 [04:32<05:10,  6.21s/it, -ELBO=0.7820, Potential Metric=0.1444, Entropy Metric=0.0452]

Epoch 50:  31%|███▏      | 10/32 [00:01<00:04,  5.13it/s][A
Training Epochs:  50%|█████     | 50/100 [04:32<05:10,  6.21s/it, -ELBO=0.5962, Potential Metric=0.1511, Entropy Metric=0.0449]

Epoch 50:  34%|███▍      | 11/32 [00:02<00:04,  5.20it/s][A
Training Epochs:  50%|█████     | 50/100 [04:33<05:10,  6.21s/it, -ELBO=0.6300, Potential Metric=0.1512, Entropy Metric=0.0472]

Epoch 50:  38%|███▊      | 12/32 [00:02<00:03,  5.25it/s][A
Training Epochs:  50%|█████     | 50/100 [04:33<05:10,  6.21s/it, -ELBO=0.6608, Potential Metric=0.1445, Entropy Metric=0.0403]

Epoch 50:  41%|████      | 13/32 [00:02<00:03,  5.17it/s][A
Training Epochs:  50%|█████     | 50/100 [04:33<05:10,  6.21s/it, -ELBO=0.7303, Potential Metric=0.1480, Entropy Metric=0.0434]

Epoch 50:  44%|████▍     | 14/32 [00:02<00:03,  5.15it/s][A
Training Epochs:  50%|█████     | 50/100 [04:33<05:10,  6.21s/it, -ELBO=0.6974, Potential Metric=0.1372, Entropy Metric=0.0450]

Epoch 50:  47%|████▋     | 15/32 [00:02<00:03,  5.19it/s][A
Training Epochs:  50%|█████     | 50/100 [04:33<05:10,  6.21s/it, -ELBO=0.6695, Potential Metric=0.1494, Entropy Metric=0.0488]

Epoch 50:  50%|█████     | 16/32 [00:03<00:03,  5.24it/s][A
Training Epochs:  50%|█████     | 50/100 [04:34<05:10,  6.21s/it, -ELBO=0.7278, Potential Metric=0.1629, Entropy Metric=0.0456]

Epoch 50:  53%|█████▎    | 17/32 [00:03<00:02,  5.13it/s][A
Training Epochs:  50%|█████     | 50/100 [04:34<05:10,  6.21s/it, -ELBO=0.6356, Potential Metric=0.1437, Entropy Metric=0.0467]

Epoch 50:  56%|█████▋    | 18/32 [00:03<00:02,  5.12it/s][A
Training Epochs:  50%|█████     | 50/100 [04:34<05:10,  6.21s/it, -ELBO=0.6977, Potential Metric=0.1565, Entropy Metric=0.0448]

Epoch 50:  59%|█████▉    | 19/32 [00:03<00:02,  5.18it/s][A
Training Epochs:  50%|█████     | 50/100 [04:34<05:10,  6.21s/it, -ELBO=0.7108, Potential Metric=0.1517, Entropy Metric=0.0472]

Epoch 50:  62%|██████▎   | 20/32 [00:03<00:02,  5.10it/s][A
Training Epochs:  50%|█████     | 50/100 [04:34<05:10,  6.21s/it, -ELBO=0.7399, Potential Metric=0.1514, Entropy Metric=0.0456]

Epoch 50:  66%|██████▌   | 21/32 [00:04<00:02,  5.04it/s][A
Training Epochs:  50%|█████     | 50/100 [04:34<05:10,  6.21s/it, -ELBO=0.6465, Potential Metric=0.1581, Entropy Metric=0.0492]

Epoch 50:  69%|██████▉   | 22/32 [00:04<00:01,  5.11it/s][A
Training Epochs:  50%|█████     | 50/100 [04:35<05:10,  6.21s/it, -ELBO=0.6515, Potential Metric=0.1478, Entropy Metric=0.0481]

Epoch 50:  72%|███████▏  | 23/32 [00:04<00:01,  5.06it/s][A
Training Epochs:  50%|█████     | 50/100 [04:35<05:10,  6.21s/it, -ELBO=0.6870, Potential Metric=0.1496, Entropy Metric=0.0486]

Epoch 50:  75%|███████▌  | 24/32 [00:04<00:01,  5.03it/s][A
Training Epochs:  50%|█████     | 50/100 [04:35<05:10,  6.21s/it, -ELBO=0.7132, Potential Metric=0.1445, Entropy Metric=0.0496]

Epoch 50:  78%|███████▊  | 25/32 [00:04<00:01,  4.99it/s][A
Training Epochs:  50%|█████     | 50/100 [04:35<05:10,  6.21s/it, -ELBO=0.6888, Potential Metric=0.1447, Entropy Metric=0.0491]

Epoch 50:  81%|████████▏ | 26/32 [00:05<00:01,  4.96it/s][A
Training Epochs:  50%|█████     | 50/100 [04:36<05:10,  6.21s/it, -ELBO=0.6554, Potential Metric=0.1408, Entropy Metric=0.0489]

Epoch 50:  84%|████████▍ | 27/32 [00:05<00:00,  5.04it/s][A
Training Epochs:  50%|█████     | 50/100 [04:36<05:10,  6.21s/it, -ELBO=0.6763, Potential Metric=0.1390, Entropy Metric=0.0492]

Epoch 50:  88%|████████▊ | 28/32 [00:05<00:00,  5.01it/s][A
Training Epochs:  50%|█████     | 50/100 [04:36<05:10,  6.21s/it, -ELBO=0.6734, Potential Metric=0.1603, Entropy Metric=0.0473]

Epoch 50:  91%|█████████ | 29/32 [00:05<00:00,  4.94it/s][A
Training Epochs:  50%|█████     | 50/100 [04:36<05:10,  6.21s/it, -ELBO=0.6492, Potential Metric=0.1535, Entropy Metric=0.0520]

Epoch 50:  94%|█████████▍| 30/32 [00:05<00:00,  4.96it/s][A
Training Epochs:  50%|█████     | 50/100 [04:36<05:10,  6.21s/it, -ELBO=0.6861, Potential Metric=0.1430, Entropy Metric=0.0488]

Epoch 50:  97%|█████████▋| 31/32 [00:06<00:00,  4.98it/s][A
Training Epochs:  50%|█████     | 50/100 [04:37<05:10,  6.21s/it, -ELBO=0.6843, Potential Metric=0.1557, Entropy Metric=0.0482]

Epoch 50: 100%|██████████| 32/32 [00:06<00:00,  5.02it/s][A

                                                         [A
Training Epochs:  51%|█████     | 51/100 [04:37<05:09,  6.31s/it, -ELBO=0.6843, Potential Metric=0.1557, Entropy Metric=0.0482]

Epoch 51:   0%|          | 0/32 [00:00<?, ?it/s][A
Training Epochs:  51%|█████     | 51/100 [04:37<05:09,  6.31s/it, -ELBO=0.7061, Potential Metric=0.1651, Entropy Metric=0.0484]

Epoch 51:   3%|▎         | 1/32 [00:00<00:07,  4.38it/s][A
Training Epochs:  51%|█████     | 51/100 [04:37<05:09,  6.31s/it, -ELBO=0.6860, Potential Metric=0.1515, Entropy Metric=0.0477]

Epoch 51:   6%|▋         | 2/32 [00:00<00:06,  4.76it/s][A
Training Epochs:  51%|█████     | 51/100 [04:37<05:09,  6.31s/it, -ELBO=0.6978, Potential Metric=0.1516, Entropy Metric=0.0460]

Epoch 51:   9%|▉         | 3/32 [00:00<00:05,  4.96it/s][A
Training Epochs:  51%|█████     | 51/100 [04:38<05:09,  6.31s/it, -ELBO=0.6336, Potential Metric=0.1673, Entropy Metric=0.0477]

Epoch 51:  12%|█▎        | 4/32 [00:00<00:05,  5.05it/s][A
Training Epochs:  51%|█████     | 51/100 [04:38<05:09,  6.31s/it, -ELBO=0.7017, Potential Metric=0.1690, Entropy Metric=0.0455]

Epoch 51:  16%|█▌        | 5/32 [00:01<00:05,  5.06it/s][A
Training Epochs:  51%|█████     | 51/100 [04:38<05:09,  6.31s/it, -ELBO=0.6397, Potential Metric=0.1437, Entropy Metric=0.0456]

Epoch 51:  19%|█▉        | 6/32 [00:01<00:05,  5.07it/s][A
Training Epochs:  51%|█████     | 51/100 [04:38<05:09,  6.31s/it, -ELBO=0.7483, Potential Metric=0.1518, Entropy Metric=0.0466]

Epoch 51:  22%|██▏       | 7/32 [00:01<00:04,  5.12it/s][A
Training Epochs:  51%|█████     | 51/100 [04:38<05:09,  6.31s/it, -ELBO=0.6738, Potential Metric=0.1585, Entropy Metric=0.0492]

Epoch 51:  25%|██▌       | 8/32 [00:01<00:04,  5.25it/s][A
Training Epochs:  51%|█████     | 51/100 [04:38<05:09,  6.31s/it, -ELBO=0.6455, Potential Metric=0.1614, Entropy Metric=0.0478]

Epoch 51:  28%|██▊       | 9/32 [00:01<00:04,  5.28it/s][A
Training Epochs:  51%|█████     | 51/100 [04:39<05:09,  6.31s/it, -ELBO=0.6976, Potential Metric=0.1438, Entropy Metric=0.0488]

Epoch 51:  31%|███▏      | 10/32 [00:01<00:04,  5.12it/s][A
Training Epochs:  51%|█████     | 51/100 [04:39<05:09,  6.31s/it, -ELBO=0.7024, Potential Metric=0.1503, Entropy Metric=0.0519]

Epoch 51:  34%|███▍      | 11/32 [00:02<00:04,  5.17it/s][A
Training Epochs:  51%|█████     | 51/100 [04:39<05:09,  6.31s/it, -ELBO=0.6997, Potential Metric=0.1403, Entropy Metric=0.0494]

Epoch 51:  38%|███▊      | 12/32 [00:02<00:03,  5.22it/s][A
Training Epochs:  51%|█████     | 51/100 [04:39<05:09,  6.31s/it, -ELBO=0.5744, Potential Metric=0.1531, Entropy Metric=0.0463]

Epoch 51:  41%|████      | 13/32 [00:02<00:03,  5.27it/s][A
Training Epochs:  51%|█████     | 51/100 [04:39<05:09,  6.31s/it, -ELBO=0.6497, Potential Metric=0.1585, Entropy Metric=0.0462]

Epoch 51:  44%|████▍     | 14/32 [00:02<00:03,  5.32it/s][A
Training Epochs:  51%|█████     | 51/100 [04:40<05:09,  6.31s/it, -ELBO=0.6641, Potential Metric=0.1437, Entropy Metric=0.0426]

Epoch 51:  47%|████▋     | 15/32 [00:02<00:03,  5.28it/s][A
Training Epochs:  51%|█████     | 51/100 [04:40<05:09,  6.31s/it, -ELBO=0.6899, Potential Metric=0.1593, Entropy Metric=0.0462]

Epoch 51:  50%|█████     | 16/32 [00:03<00:03,  5.33it/s][A
Training Epochs:  51%|█████     | 51/100 [04:40<05:09,  6.31s/it, -ELBO=0.7401, Potential Metric=0.1542, Entropy Metric=0.0466]

Epoch 51:  53%|█████▎    | 17/32 [00:03<00:02,  5.33it/s][A
Training Epochs:  51%|█████     | 51/100 [04:40<05:09,  6.31s/it, -ELBO=0.6384, Potential Metric=0.1540, Entropy Metric=0.0512]

Epoch 51:  56%|█████▋    | 18/32 [00:03<00:02,  5.28it/s][A
Training Epochs:  51%|█████     | 51/100 [04:40<05:09,  6.31s/it, -ELBO=0.6614, Potential Metric=0.1588, Entropy Metric=0.0510]

Epoch 51:  59%|█████▉    | 19/32 [00:03<00:02,  5.11it/s][A
Training Epochs:  51%|█████     | 51/100 [04:41<05:09,  6.31s/it, -ELBO=0.6515, Potential Metric=0.1576, Entropy Metric=0.0515]

Epoch 51:  62%|██████▎   | 20/32 [00:03<00:02,  5.20it/s][A
Training Epochs:  51%|█████     | 51/100 [04:41<05:09,  6.31s/it, -ELBO=0.7518, Potential Metric=0.1549, Entropy Metric=0.0529]

Epoch 51:  66%|██████▌   | 21/32 [00:04<00:02,  5.28it/s][A
Training Epochs:  51%|█████     | 51/100 [04:41<05:09,  6.31s/it, -ELBO=0.6801, Potential Metric=0.1707, Entropy Metric=0.0559]

Epoch 51:  69%|██████▉   | 22/32 [00:04<00:01,  5.25it/s][A
Training Epochs:  51%|█████     | 51/100 [04:41<05:09,  6.31s/it, -ELBO=0.6423, Potential Metric=0.1562, Entropy Metric=0.0508]

Epoch 51:  72%|███████▏  | 23/32 [00:04<00:01,  5.24it/s][A
Training Epochs:  51%|█████     | 51/100 [04:41<05:09,  6.31s/it, -ELBO=0.6357, Potential Metric=0.1461, Entropy Metric=0.0529]

Epoch 51:  75%|███████▌  | 24/32 [00:04<00:01,  5.22it/s][A
Training Epochs:  51%|█████     | 51/100 [04:42<05:09,  6.31s/it, -ELBO=0.6061, Potential Metric=0.1541, Entropy Metric=0.0529]

Epoch 51:  78%|███████▊  | 25/32 [00:04<00:01,  5.21it/s][A
Training Epochs:  51%|█████     | 51/100 [04:42<05:09,  6.31s/it, -ELBO=0.6806, Potential Metric=0.1530, Entropy Metric=0.0495]

Epoch 51:  81%|████████▏ | 26/32 [00:05<00:01,  5.12it/s][A
Training Epochs:  51%|█████     | 51/100 [04:42<05:09,  6.31s/it, -ELBO=0.6803, Potential Metric=0.1541, Entropy Metric=0.0462]

Epoch 51:  84%|████████▍ | 27/32 [00:05<00:00,  5.11it/s][A
Training Epochs:  51%|█████     | 51/100 [04:42<05:09,  6.31s/it, -ELBO=0.6641, Potential Metric=0.1535, Entropy Metric=0.0488]

Epoch 51:  88%|████████▊ | 28/32 [00:05<00:00,  5.13it/s][A
Training Epochs:  51%|█████     | 51/100 [04:42<05:09,  6.31s/it, -ELBO=0.6819, Potential Metric=0.1569, Entropy Metric=0.0475]

Epoch 51:  91%|█████████ | 29/32 [00:05<00:00,  5.18it/s][A
Training Epochs:  51%|█████     | 51/100 [04:43<05:09,  6.31s/it, -ELBO=0.6299, Potential Metric=0.1561, Entropy Metric=0.0496]

Epoch 51:  94%|█████████▍| 30/32 [00:05<00:00,  5.15it/s][A
Training Epochs:  51%|█████     | 51/100 [04:43<05:09,  6.31s/it, -ELBO=0.6661, Potential Metric=0.1534, Entropy Metric=0.0519]

Epoch 51:  97%|█████████▋| 31/32 [00:05<00:00,  5.14it/s][A
Training Epochs:  51%|█████     | 51/100 [04:43<05:09,  6.31s/it, -ELBO=0.6507, Potential Metric=0.1432, Entropy Metric=0.0485]

Epoch 51: 100%|██████████| 32/32 [00:06<00:00,  5.25it/s][A

                                                         [A
Training Epochs:  52%|█████▏    | 52/100 [04:43<05:03,  6.33s/it, -ELBO=0.6507, Potential Metric=0.1432, Entropy Metric=0.0485]

Epoch 52:   0%|          | 0/32 [00:00<?, ?it/s][A
Training Epochs:  52%|█████▏    | 52/100 [04:43<05:03,  6.33s/it, -ELBO=0.6988, Potential Metric=0.1572, Entropy Metric=0.0516]

Epoch 52:   3%|▎         | 1/32 [00:00<00:07,  4.26it/s][A
Training Epochs:  52%|█████▏    | 52/100 [04:43<05:03,  6.33s/it, -ELBO=0.6635, Potential Metric=0.1514, Entropy Metric=0.0483]

Epoch 52:   6%|▋         | 2/32 [00:00<00:06,  4.91it/s][A
Training Epochs:  52%|█████▏    | 52/100 [04:44<05:03,  6.33s/it, -ELBO=0.6398, Potential Metric=0.1468, Entropy Metric=0.0495]

Epoch 52:   9%|▉         | 3/32 [00:00<00:05,  5.03it/s][A
Training Epochs:  52%|█████▏    | 52/100 [04:44<05:03,  6.33s/it, -ELBO=0.6671, Potential Metric=0.1563, Entropy Metric=0.0527]

Epoch 52:  12%|█▎        | 4/32 [00:00<00:05,  5.22it/s][A
Training Epochs:  52%|█████▏    | 52/100 [04:44<05:03,  6.33s/it, -ELBO=0.6131, Potential Metric=0.1415, Entropy Metric=0.0499]

Epoch 52:  16%|█▌        | 5/32 [00:00<00:05,  5.32it/s][A
Training Epochs:  52%|█████▏    | 52/100 [04:44<05:03,  6.33s/it, -ELBO=0.7229, Potential Metric=0.1568, Entropy Metric=0.0507]

Epoch 52:  19%|█▉        | 6/32 [00:01<00:04,  5.29it/s][A
Training Epochs:  52%|█████▏    | 52/100 [04:44<05:03,  6.33s/it, -ELBO=0.5887, Potential Metric=0.1506, Entropy Metric=0.0512]

Epoch 52:  22%|██▏       | 7/32 [00:01<00:04,  5.30it/s][A
Training Epochs:  52%|█████▏    | 52/100 [04:45<05:03,  6.33s/it, -ELBO=0.6322, Potential Metric=0.1551, Entropy Metric=0.0486]

Epoch 52:  25%|██▌       | 8/32 [00:01<00:04,  5.31it/s][A
Training Epochs:  52%|█████▏    | 52/100 [04:45<05:03,  6.33s/it, -ELBO=0.6394, Potential Metric=0.1603, Entropy Metric=0.0516]

Epoch 52:  28%|██▊       | 9/32 [00:01<00:04,  5.24it/s][A
Training Epochs:  52%|█████▏    | 52/100 [04:45<05:03,  6.33s/it, -ELBO=0.6565, Potential Metric=0.1524, Entropy Metric=0.0487]

Epoch 52:  31%|███▏      | 10/32 [00:01<00:04,  5.33it/s][A
Training Epochs:  52%|█████▏    | 52/100 [04:45<05:03,  6.33s/it, -ELBO=0.6300, Potential Metric=0.1555, Entropy Metric=0.0480]

Epoch 52:  34%|███▍      | 11/32 [00:02<00:03,  5.32it/s][A
Training Epochs:  52%|█████▏    | 52/100 [04:45<05:03,  6.33s/it, -ELBO=0.7030, Potential Metric=0.1484, Entropy Metric=0.0482]

Epoch 52:  38%|███▊      | 12/32 [00:02<00:03,  5.26it/s][A
Training Epochs:  52%|█████▏    | 52/100 [04:46<05:03,  6.33s/it, -ELBO=0.7129, Potential Metric=0.1624, Entropy Metric=0.0476]

Epoch 52:  41%|████      | 13/32 [00:02<00:03,  5.23it/s][A
Training Epochs:  52%|█████▏    | 52/100 [04:46<05:03,  6.33s/it, -ELBO=0.7262, Potential Metric=0.1624, Entropy Metric=0.0526]

Epoch 52:  44%|████▍     | 14/32 [00:02<00:03,  5.25it/s][A
Training Epochs:  52%|█████▏    | 52/100 [04:46<05:03,  6.33s/it, -ELBO=0.7118, Potential Metric=0.1619, Entropy Metric=0.0500]

Epoch 52:  47%|████▋     | 15/32 [00:02<00:03,  5.25it/s][A
Training Epochs:  52%|█████▏    | 52/100 [04:46<05:03,  6.33s/it, -ELBO=0.6384, Potential Metric=0.1452, Entropy Metric=0.0469]

Epoch 52:  50%|█████     | 16/32 [00:03<00:03,  5.27it/s][A
Training Epochs:  52%|█████▏    | 52/100 [04:46<05:03,  6.33s/it, -ELBO=0.6792, Potential Metric=0.1603, Entropy Metric=0.0479]

Epoch 52:  53%|█████▎    | 17/32 [00:03<00:02,  5.29it/s][A
Training Epochs:  52%|█████▏    | 52/100 [04:47<05:03,  6.33s/it, -ELBO=0.6395, Potential Metric=0.1631, Entropy Metric=0.0474]

Epoch 52:  56%|█████▋    | 18/32 [00:03<00:02,  5.29it/s][A
Training Epochs:  52%|█████▏    | 52/100 [04:47<05:03,  6.33s/it, -ELBO=0.5898, Potential Metric=0.1530, Entropy Metric=0.0485]

Epoch 52:  59%|█████▉    | 19/32 [00:03<00:02,  5.32it/s][A
Training Epochs:  52%|█████▏    | 52/100 [04:47<05:03,  6.33s/it, -ELBO=0.6611, Potential Metric=0.1535, Entropy Metric=0.0491]

Epoch 52:  62%|██████▎   | 20/32 [00:03<00:02,  5.20it/s][A
Training Epochs:  52%|█████▏    | 52/100 [04:47<05:03,  6.33s/it, -ELBO=0.7000, Potential Metric=0.1517, Entropy Metric=0.0513]

Epoch 52:  66%|██████▌   | 21/32 [00:04<00:02,  5.18it/s][A
Training Epochs:  52%|█████▏    | 52/100 [04:47<05:03,  6.33s/it, -ELBO=0.6013, Potential Metric=0.1443, Entropy Metric=0.0470]

Epoch 52:  69%|██████▉   | 22/32 [00:04<00:01,  5.00it/s][A
Training Epochs:  52%|█████▏    | 52/100 [04:47<05:03,  6.33s/it, -ELBO=0.7295, Potential Metric=0.1598, Entropy Metric=0.0482]

Epoch 52:  72%|███████▏  | 23/32 [00:04<00:01,  5.06it/s][A
Training Epochs:  52%|█████▏    | 52/100 [04:48<05:03,  6.33s/it, -ELBO=0.7414, Potential Metric=0.1671, Entropy Metric=0.0481]

Epoch 52:  75%|███████▌  | 24/32 [00:04<00:01,  5.20it/s][A
Training Epochs:  52%|█████▏    | 52/100 [04:48<05:03,  6.33s/it, -ELBO=0.6356, Potential Metric=0.1525, Entropy Metric=0.0488]

Epoch 52:  78%|███████▊  | 25/32 [00:04<00:01,  5.21it/s][A
Training Epochs:  52%|█████▏    | 52/100 [04:48<05:03,  6.33s/it, -ELBO=0.6298, Potential Metric=0.1484, Entropy Metric=0.0497]

Epoch 52:  81%|████████▏ | 26/32 [00:04<00:01,  5.21it/s][A
Training Epochs:  52%|█████▏    | 52/100 [04:48<05:03,  6.33s/it, -ELBO=0.6431, Potential Metric=0.1553, Entropy Metric=0.0452]

Epoch 52:  84%|████████▍ | 27/32 [00:05<00:00,  5.18it/s][A
Training Epochs:  52%|█████▏    | 52/100 [04:48<05:03,  6.33s/it, -ELBO=0.6356, Potential Metric=0.1651, Entropy Metric=0.0440]

Epoch 52:  88%|████████▊ | 28/32 [00:05<00:00,  5.19it/s][A
Training Epochs:  52%|█████▏    | 52/100 [04:49<05:03,  6.33s/it, -ELBO=0.7104, Potential Metric=0.1729, Entropy Metric=0.0534]

Epoch 52:  91%|█████████ | 29/32 [00:05<00:00,  5.23it/s][A
Training Epochs:  52%|█████▏    | 52/100 [04:49<05:03,  6.33s/it, -ELBO=0.5971, Potential Metric=0.1651, Entropy Metric=0.0523]

Epoch 52:  94%|█████████▍| 30/32 [00:05<00:00,  5.25it/s][A
Training Epochs:  52%|█████▏    | 52/100 [04:49<05:03,  6.33s/it, -ELBO=0.6357, Potential Metric=0.1749, Entropy Metric=0.0515]

Epoch 52:  97%|█████████▋| 31/32 [00:05<00:00,  5.17it/s][A
Training Epochs:  52%|█████▏    | 52/100 [04:49<05:03,  6.33s/it, -ELBO=0.6755, Potential Metric=0.1753, Entropy Metric=0.0537]

Epoch 52: 100%|██████████| 32/32 [00:06<00:00,  5.14it/s][A

                                                         [A
Training Epochs:  53%|█████▎    | 53/100 [04:49<04:57,  6.33s/it, -ELBO=0.6755, Potential Metric=0.1753, Entropy Metric=0.0537]

Epoch 53:   0%|          | 0/32 [00:00<?, ?it/s][A
Training Epochs:  53%|█████▎    | 53/100 [04:50<04:57,  6.33s/it, -ELBO=0.6652, Potential Metric=0.1616, Entropy Metric=0.0534]

Epoch 53:   3%|▎         | 1/32 [00:00<00:07,  4.18it/s][A
Training Epochs:  53%|█████▎    | 53/100 [04:50<04:57,  6.33s/it, -ELBO=0.6658, Potential Metric=0.1567, Entropy Metric=0.0527]

Epoch 53:   6%|▋         | 2/32 [00:00<00:06,  4.70it/s][A
Training Epochs:  53%|█████▎    | 53/100 [04:50<04:57,  6.33s/it, -ELBO=0.6204, Potential Metric=0.1522, Entropy Metric=0.0515]

Epoch 53:   9%|▉         | 3/32 [00:00<00:05,  4.92it/s][A
Training Epochs:  53%|█████▎    | 53/100 [04:50<04:57,  6.33s/it, -ELBO=0.6768, Potential Metric=0.1648, Entropy Metric=0.0517]

Epoch 53:  12%|█▎        | 4/32 [00:00<00:05,  4.89it/s][A
Training Epochs:  53%|█████▎    | 53/100 [04:50<04:57,  6.33s/it, -ELBO=0.6434, Potential Metric=0.1680, Entropy Metric=0.0522]

Epoch 53:  16%|█▌        | 5/32 [00:01<00:05,  5.11it/s][A
Training Epochs:  53%|█████▎    | 53/100 [04:51<04:57,  6.33s/it, -ELBO=0.6215, Potential Metric=0.1455, Entropy Metric=0.0511]

Epoch 53:  19%|█▉        | 6/32 [00:01<00:05,  5.13it/s][A
Training Epochs:  53%|█████▎    | 53/100 [04:51<04:57,  6.33s/it, -ELBO=0.6323, Potential Metric=0.1615, Entropy Metric=0.0488]

Epoch 53:  22%|██▏       | 7/32 [00:01<00:04,  5.07it/s][A
Training Epochs:  53%|█████▎    | 53/100 [04:51<04:57,  6.33s/it, -ELBO=0.6003, Potential Metric=0.1679, Entropy Metric=0.0515]

Epoch 53:  25%|██▌       | 8/32 [00:01<00:04,  5.13it/s][A
Training Epochs:  53%|█████▎    | 53/100 [04:51<04:57,  6.33s/it, -ELBO=0.6676, Potential Metric=0.1573, Entropy Metric=0.0485]

Epoch 53:  28%|██▊       | 9/32 [00:01<00:04,  5.16it/s][A
Training Epochs:  53%|█████▎    | 53/100 [04:51<04:57,  6.33s/it, -ELBO=0.6977, Potential Metric=0.1652, Entropy Metric=0.0510]

Epoch 53:  31%|███▏      | 10/32 [00:01<00:04,  5.21it/s][A
Training Epochs:  53%|█████▎    | 53/100 [04:52<04:57,  6.33s/it, -ELBO=0.5939, Potential Metric=0.1693, Entropy Metric=0.0517]

Epoch 53:  34%|███▍      | 11/32 [00:02<00:03,  5.27it/s][A
Training Epochs:  53%|█████▎    | 53/100 [04:52<04:57,  6.33s/it, -ELBO=0.6276, Potential Metric=0.1500, Entropy Metric=0.0519]

Epoch 53:  38%|███▊      | 12/32 [00:02<00:03,  5.18it/s][A
Training Epochs:  53%|█████▎    | 53/100 [04:52<04:57,  6.33s/it, -ELBO=0.6427, Potential Metric=0.1791, Entropy Metric=0.0524]

Epoch 53:  41%|████      | 13/32 [00:02<00:03,  5.16it/s][A
Training Epochs:  53%|█████▎    | 53/100 [04:52<04:57,  6.33s/it, -ELBO=0.7110, Potential Metric=0.1569, Entropy Metric=0.0542]

Epoch 53:  44%|████▍     | 14/32 [00:02<00:03,  5.17it/s][A
Training Epochs:  53%|█████▎    | 53/100 [04:52<04:57,  6.33s/it, -ELBO=0.6728, Potential Metric=0.1668, Entropy Metric=0.0557]

Epoch 53:  47%|████▋     | 15/32 [00:02<00:03,  5.10it/s][A
Training Epochs:  53%|█████▎    | 53/100 [04:53<04:57,  6.33s/it, -ELBO=0.5857, Potential Metric=0.1608, Entropy Metric=0.0579]

Epoch 53:  50%|█████     | 16/32 [00:03<00:03,  5.13it/s][A
Training Epochs:  53%|█████▎    | 53/100 [04:53<04:57,  6.33s/it, -ELBO=0.6058, Potential Metric=0.1606, Entropy Metric=0.0551]

Epoch 53:  53%|█████▎    | 17/32 [00:03<00:02,  5.15it/s][A
Training Epochs:  53%|█████▎    | 53/100 [04:53<04:57,  6.33s/it, -ELBO=0.6484, Potential Metric=0.1706, Entropy Metric=0.0534]

Epoch 53:  56%|█████▋    | 18/32 [00:03<00:02,  5.01it/s][A
Training Epochs:  53%|█████▎    | 53/100 [04:53<04:57,  6.33s/it, -ELBO=0.6413, Potential Metric=0.1638, Entropy Metric=0.0512]

Epoch 53:  59%|█████▉    | 19/32 [00:03<00:02,  5.13it/s][A
Training Epochs:  53%|█████▎    | 53/100 [04:53<04:57,  6.33s/it, -ELBO=0.5996, Potential Metric=0.1654, Entropy Metric=0.0508]

Epoch 53:  62%|██████▎   | 20/32 [00:03<00:02,  5.15it/s][A
Training Epochs:  53%|█████▎    | 53/100 [04:54<04:57,  6.33s/it, -ELBO=0.6406, Potential Metric=0.1611, Entropy Metric=0.0557]

Epoch 53:  66%|██████▌   | 21/32 [00:04<00:02,  5.08it/s][A
Training Epochs:  53%|█████▎    | 53/100 [04:54<04:57,  6.33s/it, -ELBO=0.6058, Potential Metric=0.1618, Entropy Metric=0.0505]

Epoch 53:  69%|██████▉   | 22/32 [00:04<00:01,  5.05it/s][A
Training Epochs:  53%|█████▎    | 53/100 [04:54<04:57,  6.33s/it, -ELBO=0.6114, Potential Metric=0.1571, Entropy Metric=0.0476]

Epoch 53:  72%|███████▏  | 23/32 [00:04<00:01,  5.01it/s][A
Training Epochs:  53%|█████▎    | 53/100 [04:54<04:57,  6.33s/it, -ELBO=0.6906, Potential Metric=0.1646, Entropy Metric=0.0485]

Epoch 53:  75%|███████▌  | 24/32 [00:04<00:01,  5.09it/s][A
Training Epochs:  53%|█████▎    | 53/100 [04:54<04:57,  6.33s/it, -ELBO=0.7036, Potential Metric=0.1560, Entropy Metric=0.0495]

Epoch 53:  78%|███████▊  | 25/32 [00:04<00:01,  5.16it/s][A
Training Epochs:  53%|█████▎    | 53/100 [04:55<04:57,  6.33s/it, -ELBO=0.6521, Potential Metric=0.1622, Entropy Metric=0.0477]

Epoch 53:  81%|████████▏ | 26/32 [00:05<00:01,  4.94it/s][A
Training Epochs:  53%|█████▎    | 53/100 [04:55<04:57,  6.33s/it, -ELBO=0.7308, Potential Metric=0.1735, Entropy Metric=0.0500]

Epoch 53:  84%|████████▍ | 27/32 [00:05<00:01,  4.78it/s][A
Training Epochs:  53%|█████▎    | 53/100 [04:55<04:57,  6.33s/it, -ELBO=0.6354, Potential Metric=0.1649, Entropy Metric=0.0522]

Epoch 53:  88%|████████▊ | 28/32 [00:05<00:00,  4.89it/s][A
Training Epochs:  53%|█████▎    | 53/100 [04:55<04:57,  6.33s/it, -ELBO=0.6973, Potential Metric=0.1582, Entropy Metric=0.0472]

Epoch 53:  91%|█████████ | 29/32 [00:05<00:00,  4.91it/s][A
Training Epochs:  53%|█████▎    | 53/100 [04:55<04:57,  6.33s/it, -ELBO=0.7350, Potential Metric=0.1705, Entropy Metric=0.0440]

Epoch 53:  94%|█████████▍| 30/32 [00:05<00:00,  4.94it/s][A
Training Epochs:  53%|█████▎    | 53/100 [04:56<04:57,  6.33s/it, -ELBO=0.6227, Potential Metric=0.1736, Entropy Metric=0.0497]

Epoch 53:  97%|█████████▋| 31/32 [00:06<00:00,  4.87it/s][A
Training Epochs:  53%|█████▎    | 53/100 [04:56<04:57,  6.33s/it, -ELBO=0.6361, Potential Metric=0.1771, Entropy Metric=0.0481]

Epoch 53: 100%|██████████| 32/32 [00:06<00:00,  4.01it/s][A

                                                         [A
Training Epochs:  54%|█████▍    | 54/100 [04:56<04:56,  6.44s/it, -ELBO=0.6361, Potential Metric=0.1771, Entropy Metric=0.0481]

Epoch 54:   0%|          | 0/32 [00:00<?, ?it/s][A
Training Epochs:  54%|█████▍    | 54/100 [04:56<04:56,  6.44s/it, -ELBO=0.6941, Potential Metric=0.1581, Entropy Metric=0.0472]

Epoch 54:   3%|▎         | 1/32 [00:00<00:07,  4.15it/s][A
Training Epochs:  54%|█████▍    | 54/100 [04:56<04:56,  6.44s/it, -ELBO=0.6535, Potential Metric=0.1581, Entropy Metric=0.0490]

Epoch 54:   6%|▋         | 2/32 [00:00<00:06,  4.77it/s][A
Training Epochs:  54%|█████▍    | 54/100 [04:57<04:56,  6.44s/it, -ELBO=0.6204, Potential Metric=0.1494, Entropy Metric=0.0468]

Epoch 54:   9%|▉         | 3/32 [00:00<00:06,  4.82it/s][A
Training Epochs:  54%|█████▍    | 54/100 [04:57<04:56,  6.44s/it, -ELBO=0.6562, Potential Metric=0.1483, Entropy Metric=0.0495]

Epoch 54:  12%|█▎        | 4/32 [00:00<00:05,  4.99it/s][A
Training Epochs:  54%|█████▍    | 54/100 [04:57<04:56,  6.44s/it, -ELBO=0.6495, Potential Metric=0.1654, Entropy Metric=0.0479]

Epoch 54:  16%|█▌        | 5/32 [00:01<00:05,  5.00it/s][A
Training Epochs:  54%|█████▍    | 54/100 [04:57<04:56,  6.44s/it, -ELBO=0.5691, Potential Metric=0.1594, Entropy Metric=0.0514]

Epoch 54:  19%|█▉        | 6/32 [00:01<00:05,  5.04it/s][A
Training Epochs:  54%|█████▍    | 54/100 [04:57<04:56,  6.44s/it, -ELBO=0.6830, Potential Metric=0.1537, Entropy Metric=0.0462]

Epoch 54:  22%|██▏       | 7/32 [00:01<00:04,  5.09it/s][A
Training Epochs:  54%|█████▍    | 54/100 [04:58<04:56,  6.44s/it, -ELBO=0.5824, Potential Metric=0.1597, Entropy Metric=0.0455]

Epoch 54:  25%|██▌       | 8/32 [00:01<00:04,  5.05it/s][A
Training Epochs:  54%|█████▍    | 54/100 [04:58<04:56,  6.44s/it, -ELBO=0.6452, Potential Metric=0.1569, Entropy Metric=0.0473]

Epoch 54:  28%|██▊       | 9/32 [00:01<00:04,  5.12it/s][A
Training Epochs:  54%|█████▍    | 54/100 [04:58<04:56,  6.44s/it, -ELBO=0.6378, Potential Metric=0.1690, Entropy Metric=0.0433]

Epoch 54:  31%|███▏      | 10/32 [00:01<00:04,  5.18it/s][A
Training Epochs:  54%|█████▍    | 54/100 [04:58<04:56,  6.44s/it, -ELBO=0.6130, Potential Metric=0.1638, Entropy Metric=0.0491]

Epoch 54:  34%|███▍      | 11/32 [00:02<00:04,  5.17it/s][A
Training Epochs:  54%|█████▍    | 54/100 [04:58<04:56,  6.44s/it, -ELBO=0.6012, Potential Metric=0.1546, Entropy Metric=0.0503]

Epoch 54:  38%|███▊      | 12/32 [00:02<00:03,  5.18it/s][A
Training Epochs:  54%|█████▍    | 54/100 [04:59<04:56,  6.44s/it, -ELBO=0.6213, Potential Metric=0.1663, Entropy Metric=0.0517]

Epoch 54:  41%|████      | 13/32 [00:02<00:03,  5.17it/s][A
Training Epochs:  54%|█████▍    | 54/100 [04:59<04:56,  6.44s/it, -ELBO=0.6668, Potential Metric=0.1763, Entropy Metric=0.0511]

Epoch 54:  44%|████▍     | 14/32 [00:02<00:03,  5.05it/s][A
Training Epochs:  54%|█████▍    | 54/100 [04:59<04:56,  6.44s/it, -ELBO=0.6654, Potential Metric=0.1562, Entropy Metric=0.0562]

Epoch 54:  47%|████▋     | 15/32 [00:02<00:03,  5.05it/s][A
Training Epochs:  54%|█████▍    | 54/100 [04:59<04:56,  6.44s/it, -ELBO=0.6981, Potential Metric=0.1645, Entropy Metric=0.0508]

Epoch 54:  50%|█████     | 16/32 [00:03<00:03,  5.13it/s][A
Training Epochs:  54%|█████▍    | 54/100 [04:59<04:56,  6.44s/it, -ELBO=0.6236, Potential Metric=0.1707, Entropy Metric=0.0546]

Epoch 54:  53%|█████▎    | 17/32 [00:03<00:02,  5.25it/s][A
Training Epochs:  54%|█████▍    | 54/100 [05:00<04:56,  6.44s/it, -ELBO=0.6003, Potential Metric=0.1693, Entropy Metric=0.0538]

Epoch 54:  56%|█████▋    | 18/32 [00:03<00:02,  5.14it/s][A
Training Epochs:  54%|█████▍    | 54/100 [05:00<04:56,  6.44s/it, -ELBO=0.6615, Potential Metric=0.1733, Entropy Metric=0.0536]

Epoch 54:  59%|█████▉    | 19/32 [00:03<00:02,  5.15it/s][A
Training Epochs:  54%|█████▍    | 54/100 [05:00<04:56,  6.44s/it, -ELBO=0.6694, Potential Metric=0.1721, Entropy Metric=0.0509]

Epoch 54:  62%|██████▎   | 20/32 [00:03<00:02,  5.18it/s][A
Training Epochs:  54%|█████▍    | 54/100 [05:00<04:56,  6.44s/it, -ELBO=0.5765, Potential Metric=0.1590, Entropy Metric=0.0508]

Epoch 54:  66%|██████▌   | 21/32 [00:04<00:02,  5.22it/s][A
Training Epochs:  54%|█████▍    | 54/100 [05:00<04:56,  6.44s/it, -ELBO=0.6928, Potential Metric=0.1650, Entropy Metric=0.0504]

Epoch 54:  69%|██████▉   | 22/32 [00:04<00:01,  5.16it/s][A
Training Epochs:  54%|█████▍    | 54/100 [05:01<04:56,  6.44s/it, -ELBO=0.6593, Potential Metric=0.1747, Entropy Metric=0.0480]

Epoch 54:  72%|███████▏  | 23/32 [00:04<00:01,  5.19it/s][A
Training Epochs:  54%|█████▍    | 54/100 [05:01<04:56,  6.44s/it, -ELBO=0.7389, Potential Metric=0.1692, Entropy Metric=0.0496]

Epoch 54:  75%|███████▌  | 24/32 [00:04<00:01,  5.11it/s][A
Training Epochs:  54%|█████▍    | 54/100 [05:01<04:56,  6.44s/it, -ELBO=0.6029, Potential Metric=0.1727, Entropy Metric=0.0513]

Epoch 54:  78%|███████▊  | 25/32 [00:04<00:01,  5.10it/s][A
Training Epochs:  54%|█████▍    | 54/100 [05:01<04:56,  6.44s/it, -ELBO=0.6407, Potential Metric=0.1692, Entropy Metric=0.0521]

Epoch 54:  81%|████████▏ | 26/32 [00:05<00:01,  4.97it/s][A
Training Epochs:  54%|█████▍    | 54/100 [05:01<04:56,  6.44s/it, -ELBO=0.7091, Potential Metric=0.1745, Entropy Metric=0.0507]

Epoch 54:  84%|████████▍ | 27/32 [00:05<00:00,  5.07it/s][A
Training Epochs:  54%|█████▍    | 54/100 [05:02<04:56,  6.44s/it, -ELBO=0.6023, Potential Metric=0.1944, Entropy Metric=0.0533]

Epoch 54:  88%|████████▊ | 28/32 [00:05<00:00,  5.16it/s][A
Training Epochs:  54%|█████▍    | 54/100 [05:02<04:56,  6.44s/it, -ELBO=0.5932, Potential Metric=0.1745, Entropy Metric=0.0536]

Epoch 54:  91%|█████████ | 29/32 [00:05<00:00,  5.18it/s][A
Training Epochs:  54%|█████▍    | 54/100 [05:02<04:56,  6.44s/it, -ELBO=0.6271, Potential Metric=0.1718, Entropy Metric=0.0533]

Epoch 54:  94%|█████████▍| 30/32 [00:05<00:00,  5.12it/s][A
Training Epochs:  54%|█████▍    | 54/100 [05:02<04:56,  6.44s/it, -ELBO=0.6078, Potential Metric=0.1739, Entropy Metric=0.0521]

Epoch 54:  97%|█████████▋| 31/32 [00:06<00:00,  5.14it/s][A
Training Epochs:  54%|█████▍    | 54/100 [05:02<04:56,  6.44s/it, -ELBO=0.6014, Potential Metric=0.1594, Entropy Metric=0.0477]

Epoch 54: 100%|██████████| 32/32 [00:06<00:00,  5.18it/s][A

                                                         [A
Training Epochs:  55%|█████▌    | 55/100 [05:02<04:49,  6.43s/it, -ELBO=0.6014, Potential Metric=0.1594, Entropy Metric=0.0477]

Epoch 55:   0%|          | 0/32 [00:00<?, ?it/s][A
Training Epochs:  55%|█████▌    | 55/100 [05:03<04:49,  6.43s/it, -ELBO=0.6280, Potential Metric=0.1640, Entropy Metric=0.0527]

Epoch 55:   3%|▎         | 1/32 [00:00<00:07,  4.02it/s][A
Training Epochs:  55%|█████▌    | 55/100 [05:03<04:49,  6.43s/it, -ELBO=0.6299, Potential Metric=0.1625, Entropy Metric=0.0503]

Epoch 55:   6%|▋         | 2/32 [00:00<00:06,  4.54it/s][A
Training Epochs:  55%|█████▌    | 55/100 [05:03<04:49,  6.43s/it, -ELBO=0.5644, Potential Metric=0.1709, Entropy Metric=0.0504]

Epoch 55:   9%|▉         | 3/32 [00:00<00:06,  4.82it/s][A
Training Epochs:  55%|█████▌    | 55/100 [05:03<04:49,  6.43s/it, -ELBO=0.5956, Potential Metric=0.1707, Entropy Metric=0.0523]

Epoch 55:  12%|█▎        | 4/32 [00:00<00:05,  4.93it/s][A
Training Epochs:  55%|█████▌    | 55/100 [05:04<04:49,  6.43s/it, -ELBO=0.6007, Potential Metric=0.1746, Entropy Metric=0.0500]

Epoch 55:  16%|█▌        | 5/32 [00:01<00:05,  4.96it/s][A
Training Epochs:  55%|█████▌    | 55/100 [05:04<04:49,  6.43s/it, -ELBO=0.5844, Potential Metric=0.1643, Entropy Metric=0.0456]

Epoch 55:  19%|█▉        | 6/32 [00:01<00:05,  5.06it/s][A
Training Epochs:  55%|█████▌    | 55/100 [05:04<04:49,  6.43s/it, -ELBO=0.5955, Potential Metric=0.1822, Entropy Metric=0.0438]

Epoch 55:  22%|██▏       | 7/32 [00:01<00:04,  5.14it/s][A
Training Epochs:  55%|█████▌    | 55/100 [05:04<04:49,  6.43s/it, -ELBO=0.6003, Potential Metric=0.1538, Entropy Metric=0.0472]

Epoch 55:  25%|██▌       | 8/32 [00:01<00:04,  5.14it/s][A
Training Epochs:  55%|█████▌    | 55/100 [05:04<04:49,  6.43s/it, -ELBO=0.5660, Potential Metric=0.1745, Entropy Metric=0.0493]

Epoch 55:  28%|██▊       | 9/32 [00:01<00:04,  5.15it/s][A
Training Epochs:  55%|█████▌    | 55/100 [05:05<04:49,  6.43s/it, -ELBO=0.6262, Potential Metric=0.1641, Entropy Metric=0.0466]

Epoch 55:  31%|███▏      | 10/32 [00:01<00:04,  5.18it/s][A
Training Epochs:  55%|█████▌    | 55/100 [05:05<04:49,  6.43s/it, -ELBO=0.5697, Potential Metric=0.1649, Entropy Metric=0.0485]

Epoch 55:  34%|███▍      | 11/32 [00:02<00:04,  5.10it/s][A
Training Epochs:  55%|█████▌    | 55/100 [05:05<04:49,  6.43s/it, -ELBO=0.6360, Potential Metric=0.1639, Entropy Metric=0.0479]

Epoch 55:  38%|███▊      | 12/32 [00:02<00:03,  5.16it/s][A
Training Epochs:  55%|█████▌    | 55/100 [05:05<04:49,  6.43s/it, -ELBO=0.5802, Potential Metric=0.1608, Entropy Metric=0.0503]

Epoch 55:  41%|████      | 13/32 [00:02<00:03,  5.22it/s][A
Training Epochs:  55%|█████▌    | 55/100 [05:05<04:49,  6.43s/it, -ELBO=0.6554, Potential Metric=0.1738, Entropy Metric=0.0506]

Epoch 55:  44%|████▍     | 14/32 [00:02<00:03,  5.25it/s][A
Training Epochs:  55%|█████▌    | 55/100 [05:05<04:49,  6.43s/it, -ELBO=0.6514, Potential Metric=0.1671, Entropy Metric=0.0497]

Epoch 55:  47%|████▋     | 15/32 [00:02<00:03,  5.37it/s][A
Training Epochs:  55%|█████▌    | 55/100 [05:06<04:49,  6.43s/it, -ELBO=0.5790, Potential Metric=0.1790, Entropy Metric=0.0507]

Epoch 55:  50%|█████     | 16/32 [00:03<00:03,  5.24it/s][A
Training Epochs:  55%|█████▌    | 55/100 [05:06<04:49,  6.43s/it, -ELBO=0.6478, Potential Metric=0.1796, Entropy Metric=0.0487]

Epoch 55:  53%|█████▎    | 17/32 [00:03<00:02,  5.24it/s][A
Training Epochs:  55%|█████▌    | 55/100 [05:06<04:49,  6.43s/it, -ELBO=0.6356, Potential Metric=0.1815, Entropy Metric=0.0539]

Epoch 55:  56%|█████▋    | 18/32 [00:03<00:02,  5.15it/s][A
Training Epochs:  55%|█████▌    | 55/100 [05:06<04:49,  6.43s/it, -ELBO=0.6745, Potential Metric=0.1732, Entropy Metric=0.0532]

Epoch 55:  59%|█████▉    | 19/32 [00:03<00:02,  5.18it/s][A
Training Epochs:  55%|█████▌    | 55/100 [05:06<04:49,  6.43s/it, -ELBO=0.6360, Potential Metric=0.1721, Entropy Metric=0.0534]

Epoch 55:  62%|██████▎   | 20/32 [00:03<00:02,  5.18it/s][A
Training Epochs:  55%|█████▌    | 55/100 [05:07<04:49,  6.43s/it, -ELBO=0.7254, Potential Metric=0.1788, Entropy Metric=0.0530]

Epoch 55:  66%|██████▌   | 21/32 [00:04<00:02,  5.06it/s][A
Training Epochs:  55%|█████▌    | 55/100 [05:07<04:49,  6.43s/it, -ELBO=0.5865, Potential Metric=0.1767, Entropy Metric=0.0552]

Epoch 55:  69%|██████▉   | 22/32 [00:04<00:01,  5.05it/s][A
Training Epochs:  55%|█████▌    | 55/100 [05:07<04:49,  6.43s/it, -ELBO=0.6402, Potential Metric=0.1763, Entropy Metric=0.0554]

Epoch 55:  72%|███████▏  | 23/32 [00:04<00:01,  5.00it/s][A
Training Epochs:  55%|█████▌    | 55/100 [05:07<04:49,  6.43s/it, -ELBO=0.6879, Potential Metric=0.1648, Entropy Metric=0.0540]

Epoch 55:  75%|███████▌  | 24/32 [00:04<00:01,  5.09it/s][A
Training Epochs:  55%|█████▌    | 55/100 [05:07<04:49,  6.43s/it, -ELBO=0.6352, Potential Metric=0.1816, Entropy Metric=0.0517]

Epoch 55:  78%|███████▊  | 25/32 [00:04<00:01,  5.06it/s][A
Training Epochs:  55%|█████▌    | 55/100 [05:08<04:49,  6.43s/it, -ELBO=0.6942, Potential Metric=0.1737, Entropy Metric=0.0541]

Epoch 55:  81%|████████▏ | 26/32 [00:05<00:01,  4.99it/s][A
Training Epochs:  55%|█████▌    | 55/100 [05:08<04:49,  6.43s/it, -ELBO=0.7322, Potential Metric=0.1755, Entropy Metric=0.0521]

Epoch 55:  84%|████████▍ | 27/32 [00:05<00:01,  4.98it/s][A
Training Epochs:  55%|█████▌    | 55/100 [05:08<04:49,  6.43s/it, -ELBO=0.6516, Potential Metric=0.1642, Entropy Metric=0.0505]

Epoch 55:  88%|████████▊ | 28/32 [00:05<00:00,  5.06it/s][A
Training Epochs:  55%|█████▌    | 55/100 [05:08<04:49,  6.43s/it, -ELBO=0.6575, Potential Metric=0.1738, Entropy Metric=0.0488]

Epoch 55:  91%|█████████ | 29/32 [00:05<00:00,  5.04it/s][A
Training Epochs:  55%|█████▌    | 55/100 [05:08<04:49,  6.43s/it, -ELBO=0.5901, Potential Metric=0.1606, Entropy Metric=0.0471]

Epoch 55:  94%|█████████▍| 30/32 [00:05<00:00,  5.11it/s][A
Training Epochs:  55%|█████▌    | 55/100 [05:09<04:49,  6.43s/it, -ELBO=0.7036, Potential Metric=0.1568, Entropy Metric=0.0472]

Epoch 55:  97%|█████████▋| 31/32 [00:06<00:00,  5.14it/s][A
Training Epochs:  55%|█████▌    | 55/100 [05:09<04:49,  6.43s/it, -ELBO=0.5978, Potential Metric=0.1758, Entropy Metric=0.0468]

Epoch 55: 100%|██████████| 32/32 [00:06<00:00,  5.02it/s][A

                                                         [A
Training Epochs:  56%|█████▌    | 56/100 [05:09<04:44,  6.46s/it, -ELBO=0.5978, Potential Metric=0.1758, Entropy Metric=0.0468]

Epoch 56:   0%|          | 0/32 [00:00<?, ?it/s][A
Training Epochs:  56%|█████▌    | 56/100 [05:09<04:44,  6.46s/it, -ELBO=0.6381, Potential Metric=0.1589, Entropy Metric=0.0487]

Epoch 56:   3%|▎         | 1/32 [00:00<00:07,  4.25it/s][A
Training Epochs:  56%|█████▌    | 56/100 [05:09<04:44,  6.46s/it, -ELBO=0.6351, Potential Metric=0.1767, Entropy Metric=0.0484]

Epoch 56:   6%|▋         | 2/32 [00:00<00:06,  4.76it/s][A
Training Epochs:  56%|█████▌    | 56/100 [05:10<04:44,  6.46s/it, -ELBO=0.6339, Potential Metric=0.1692, Entropy Metric=0.0518]

Epoch 56:   9%|▉         | 3/32 [00:00<00:06,  4.80it/s][A
Training Epochs:  56%|█████▌    | 56/100 [05:10<04:44,  6.46s/it, -ELBO=0.6028, Potential Metric=0.1680, Entropy Metric=0.0498]

Epoch 56:  12%|█▎        | 4/32 [00:00<00:05,  4.90it/s][A
Training Epochs:  56%|█████▌    | 56/100 [05:10<04:44,  6.46s/it, -ELBO=0.5807, Potential Metric=0.1714, Entropy Metric=0.0479]

Epoch 56:  16%|█▌        | 5/32 [00:01<00:05,  4.88it/s][A
Training Epochs:  56%|█████▌    | 56/100 [05:10<04:44,  6.46s/it, -ELBO=0.6295, Potential Metric=0.1762, Entropy Metric=0.0528]

Epoch 56:  19%|█▉        | 6/32 [00:01<00:05,  4.96it/s][A
Training Epochs:  56%|█████▌    | 56/100 [05:10<04:44,  6.46s/it, -ELBO=0.6446, Potential Metric=0.1782, Entropy Metric=0.0525]

Epoch 56:  22%|██▏       | 7/32 [00:01<00:04,  5.04it/s][A
Training Epochs:  56%|█████▌    | 56/100 [05:11<04:44,  6.46s/it, -ELBO=0.6479, Potential Metric=0.1845, Entropy Metric=0.0532]

Epoch 56:  25%|██▌       | 8/32 [00:01<00:04,  5.01it/s][A
Training Epochs:  56%|█████▌    | 56/100 [05:11<04:44,  6.46s/it, -ELBO=0.6361, Potential Metric=0.1895, Entropy Metric=0.0506]

Epoch 56:  28%|██▊       | 9/32 [00:01<00:04,  4.96it/s][A
Training Epochs:  56%|█████▌    | 56/100 [05:11<04:44,  6.46s/it, -ELBO=0.6638, Potential Metric=0.1911, Entropy Metric=0.0534]

Epoch 56:  31%|███▏      | 10/32 [00:02<00:04,  5.06it/s][A
Training Epochs:  56%|█████▌    | 56/100 [05:11<04:44,  6.46s/it, -ELBO=0.6873, Potential Metric=0.1798, Entropy Metric=0.0492]

Epoch 56:  34%|███▍      | 11/32 [00:02<00:04,  5.00it/s][A
Training Epochs:  56%|█████▌    | 56/100 [05:11<04:44,  6.46s/it, -ELBO=0.5958, Potential Metric=0.1879, Entropy Metric=0.0526]

Epoch 56:  38%|███▊      | 12/32 [00:02<00:04,  4.95it/s][A
Training Epochs:  56%|█████▌    | 56/100 [05:12<04:44,  6.46s/it, -ELBO=0.6074, Potential Metric=0.1625, Entropy Metric=0.0447]

Epoch 56:  41%|████      | 13/32 [00:02<00:03,  4.94it/s][A
Training Epochs:  56%|█████▌    | 56/100 [05:12<04:44,  6.46s/it, -ELBO=0.5636, Potential Metric=0.1747, Entropy Metric=0.0483]

Epoch 56:  44%|████▍     | 14/32 [00:02<00:03,  4.95it/s][A
Training Epochs:  56%|█████▌    | 56/100 [05:12<04:44,  6.46s/it, -ELBO=0.6806, Potential Metric=0.1812, Entropy Metric=0.0502]

Epoch 56:  47%|████▋     | 15/32 [00:03<00:03,  4.98it/s][A
Training Epochs:  56%|█████▌    | 56/100 [05:12<04:44,  6.46s/it, -ELBO=0.6141, Potential Metric=0.1749, Entropy Metric=0.0520]

Epoch 56:  50%|█████     | 16/32 [00:03<00:03,  4.98it/s][A
Training Epochs:  56%|█████▌    | 56/100 [05:12<04:44,  6.46s/it, -ELBO=0.5599, Potential Metric=0.1651, Entropy Metric=0.0517]

Epoch 56:  53%|█████▎    | 17/32 [00:03<00:03,  4.92it/s][A
Training Epochs:  56%|█████▌    | 56/100 [05:13<04:44,  6.46s/it, -ELBO=0.6166, Potential Metric=0.1787, Entropy Metric=0.0544]

Epoch 56:  56%|█████▋    | 18/32 [00:03<00:02,  4.95it/s][A
Training Epochs:  56%|█████▌    | 56/100 [05:13<04:44,  6.46s/it, -ELBO=0.6521, Potential Metric=0.1921, Entropy Metric=0.0511]

Epoch 56:  59%|█████▉    | 19/32 [00:03<00:02,  4.99it/s][A
Training Epochs:  56%|█████▌    | 56/100 [05:13<04:44,  6.46s/it, -ELBO=0.5957, Potential Metric=0.1700, Entropy Metric=0.0525]

Epoch 56:  62%|██████▎   | 20/32 [00:04<00:02,  5.06it/s][A
Training Epochs:  56%|█████▌    | 56/100 [05:13<04:44,  6.46s/it, -ELBO=0.6109, Potential Metric=0.1820, Entropy Metric=0.0543]

Epoch 56:  66%|██████▌   | 21/32 [00:04<00:02,  5.08it/s][A
Training Epochs:  56%|█████▌    | 56/100 [05:13<04:44,  6.46s/it, -ELBO=0.6442, Potential Metric=0.1798, Entropy Metric=0.0522]

Epoch 56:  69%|██████▉   | 22/32 [00:04<00:01,  5.01it/s][A
Training Epochs:  56%|█████▌    | 56/100 [05:14<04:44,  6.46s/it, -ELBO=0.5802, Potential Metric=0.1880, Entropy Metric=0.0547]

Epoch 56:  72%|███████▏  | 23/32 [00:04<00:01,  5.11it/s][A
Training Epochs:  56%|█████▌    | 56/100 [05:14<04:44,  6.46s/it, -ELBO=0.6794, Potential Metric=0.1743, Entropy Metric=0.0560]

Epoch 56:  75%|███████▌  | 24/32 [00:04<00:01,  5.09it/s][A
Training Epochs:  56%|█████▌    | 56/100 [05:14<04:44,  6.46s/it, -ELBO=0.6154, Potential Metric=0.1643, Entropy Metric=0.0560]

Epoch 56:  78%|███████▊  | 25/32 [00:05<00:01,  5.03it/s][A
Training Epochs:  56%|█████▌    | 56/100 [05:14<04:44,  6.46s/it, -ELBO=0.6360, Potential Metric=0.1752, Entropy Metric=0.0544]

Epoch 56:  81%|████████▏ | 26/32 [00:05<00:01,  4.92it/s][A
Training Epochs:  56%|█████▌    | 56/100 [05:14<04:44,  6.46s/it, -ELBO=0.5645, Potential Metric=0.1775, Entropy Metric=0.0552]

Epoch 56:  84%|████████▍ | 27/32 [00:05<00:01,  4.91it/s][A
Training Epochs:  56%|█████▌    | 56/100 [05:15<04:44,  6.46s/it, -ELBO=0.5669, Potential Metric=0.1692, Entropy Metric=0.0578]

Epoch 56:  88%|████████▊ | 28/32 [00:05<00:00,  4.84it/s][A
Training Epochs:  56%|█████▌    | 56/100 [05:15<04:44,  6.46s/it, -ELBO=0.6732, Potential Metric=0.1709, Entropy Metric=0.0494]

Epoch 56:  91%|█████████ | 29/32 [00:05<00:00,  4.68it/s][A
Training Epochs:  56%|█████▌    | 56/100 [05:15<04:44,  6.46s/it, -ELBO=0.6295, Potential Metric=0.1747, Entropy Metric=0.0501]

Epoch 56:  94%|█████████▍| 30/32 [00:06<00:00,  4.60it/s][A
Training Epochs:  56%|█████▌    | 56/100 [05:15<04:44,  6.46s/it, -ELBO=0.5741, Potential Metric=0.1847, Entropy Metric=0.0513]

Epoch 56:  97%|█████████▋| 31/32 [00:06<00:00,  4.64it/s][A
Training Epochs:  56%|█████▌    | 56/100 [05:16<04:44,  6.46s/it, -ELBO=0.5721, Potential Metric=0.1667, Entropy Metric=0.0492]

Epoch 56: 100%|██████████| 32/32 [00:06<00:00,  4.58it/s][A

                                                         [A
Training Epochs:  57%|█████▋    | 57/100 [05:16<04:41,  6.54s/it, -ELBO=0.5721, Potential Metric=0.1667, Entropy Metric=0.0492]

Epoch 57:   0%|          | 0/32 [00:00<?, ?it/s][A
Training Epochs:  57%|█████▋    | 57/100 [05:16<04:41,  6.54s/it, -ELBO=0.6085, Potential Metric=0.1838, Entropy Metric=0.0486]

Epoch 57:   3%|▎         | 1/32 [00:00<00:07,  4.41it/s][A
Training Epochs:  57%|█████▋    | 57/100 [05:16<04:41,  6.54s/it, -ELBO=0.6567, Potential Metric=0.1673, Entropy Metric=0.0508]

Epoch 57:   6%|▋         | 2/32 [00:00<00:06,  4.73it/s][A
Training Epochs:  57%|█████▋    | 57/100 [05:16<04:41,  6.54s/it, -ELBO=0.6006, Potential Metric=0.1768, Entropy Metric=0.0513]

Epoch 57:   9%|▉         | 3/32 [00:00<00:06,  4.73it/s][A
Training Epochs:  57%|█████▋    | 57/100 [05:17<04:41,  6.54s/it, -ELBO=0.5492, Potential Metric=0.1632, Entropy Metric=0.0495]

Epoch 57:  12%|█▎        | 4/32 [00:00<00:05,  4.94it/s][A
Training Epochs:  57%|█████▋    | 57/100 [05:17<04:41,  6.54s/it, -ELBO=0.6322, Potential Metric=0.1701, Entropy Metric=0.0490]

Epoch 57:  16%|█▌        | 5/32 [00:01<00:05,  5.15it/s][A
Training Epochs:  57%|█████▋    | 57/100 [05:17<04:41,  6.54s/it, -ELBO=0.5973, Potential Metric=0.1722, Entropy Metric=0.0500]

Epoch 57:  19%|█▉        | 6/32 [00:01<00:05,  5.17it/s][A
Training Epochs:  57%|█████▋    | 57/100 [05:17<04:41,  6.54s/it, -ELBO=0.6118, Potential Metric=0.1677, Entropy Metric=0.0458]

Epoch 57:  22%|██▏       | 7/32 [00:01<00:04,  5.17it/s][A
Training Epochs:  57%|█████▋    | 57/100 [05:17<04:41,  6.54s/it, -ELBO=0.6315, Potential Metric=0.2016, Entropy Metric=0.0565]

Epoch 57:  25%|██▌       | 8/32 [00:01<00:04,  5.16it/s][A
Training Epochs:  57%|█████▋    | 57/100 [05:17<04:41,  6.54s/it, -ELBO=0.6768, Potential Metric=0.1857, Entropy Metric=0.0482]

Epoch 57:  28%|██▊       | 9/32 [00:01<00:04,  4.97it/s][A
Training Epochs:  57%|█████▋    | 57/100 [05:18<04:41,  6.54s/it, -ELBO=0.6229, Potential Metric=0.1712, Entropy Metric=0.0528]

Epoch 57:  31%|███▏      | 10/32 [00:01<00:04,  5.04it/s][A
Training Epochs:  57%|█████▋    | 57/100 [05:18<04:41,  6.54s/it, -ELBO=0.6207, Potential Metric=0.1698, Entropy Metric=0.0528]

Epoch 57:  34%|███▍      | 11/32 [00:02<00:04,  5.09it/s][A
Training Epochs:  57%|█████▋    | 57/100 [05:18<04:41,  6.54s/it, -ELBO=0.6176, Potential Metric=0.1625, Entropy Metric=0.0496]

Epoch 57:  38%|███▊      | 12/32 [00:02<00:03,  5.07it/s][A
Training Epochs:  57%|█████▋    | 57/100 [05:18<04:41,  6.54s/it, -ELBO=0.6317, Potential Metric=0.1647, Entropy Metric=0.0507]

Epoch 57:  41%|████      | 13/32 [00:02<00:03,  5.14it/s][A
Training Epochs:  57%|█████▋    | 57/100 [05:18<04:41,  6.54s/it, -ELBO=0.5834, Potential Metric=0.1742, Entropy Metric=0.0509]

Epoch 57:  44%|████▍     | 14/32 [00:02<00:03,  5.15it/s][A
Training Epochs:  57%|█████▋    | 57/100 [05:19<04:41,  6.54s/it, -ELBO=0.5740, Potential Metric=0.1680, Entropy Metric=0.0504]

Epoch 57:  47%|████▋     | 15/32 [00:02<00:03,  5.13it/s][A
Training Epochs:  57%|█████▋    | 57/100 [05:19<04:41,  6.54s/it, -ELBO=0.6243, Potential Metric=0.1672, Entropy Metric=0.0532]

Epoch 57:  50%|█████     | 16/32 [00:03<00:03,  5.15it/s][A
Training Epochs:  57%|█████▋    | 57/100 [05:19<04:41,  6.54s/it, -ELBO=0.5969, Potential Metric=0.1810, Entropy Metric=0.0495]

Epoch 57:  53%|█████▎    | 17/32 [00:03<00:02,  5.29it/s][A
Training Epochs:  57%|█████▋    | 57/100 [05:19<04:41,  6.54s/it, -ELBO=0.6261, Potential Metric=0.1804, Entropy Metric=0.0499]

Epoch 57:  56%|█████▋    | 18/32 [00:03<00:02,  5.29it/s][A
Training Epochs:  57%|█████▋    | 57/100 [05:19<04:41,  6.54s/it, -ELBO=0.6138, Potential Metric=0.1789, Entropy Metric=0.0461]

Epoch 57:  59%|█████▉    | 19/32 [00:03<00:02,  5.15it/s][A
Training Epochs:  57%|█████▋    | 57/100 [05:20<04:41,  6.54s/it, -ELBO=0.5996, Potential Metric=0.1751, Entropy Metric=0.0520]

Epoch 57:  62%|██████▎   | 20/32 [00:03<00:02,  5.23it/s][A
Training Epochs:  57%|█████▋    | 57/100 [05:20<04:41,  6.54s/it, -ELBO=0.6077, Potential Metric=0.1764, Entropy Metric=0.0488]

Epoch 57:  66%|██████▌   | 21/32 [00:04<00:02,  5.15it/s][A
Training Epochs:  57%|█████▋    | 57/100 [05:20<04:41,  6.54s/it, -ELBO=0.5790, Potential Metric=0.1795, Entropy Metric=0.0529]

Epoch 57:  69%|██████▉   | 22/32 [00:04<00:01,  5.19it/s][A
Training Epochs:  57%|█████▋    | 57/100 [05:20<04:41,  6.54s/it, -ELBO=0.5837, Potential Metric=0.1739, Entropy Metric=0.0513]

Epoch 57:  72%|███████▏  | 23/32 [00:04<00:01,  5.19it/s][A
Training Epochs:  57%|█████▋    | 57/100 [05:20<04:41,  6.54s/it, -ELBO=0.6210, Potential Metric=0.1727, Entropy Metric=0.0527]

Epoch 57:  75%|███████▌  | 24/32 [00:04<00:01,  5.12it/s][A
Training Epochs:  57%|█████▋    | 57/100 [05:21<04:41,  6.54s/it, -ELBO=0.6152, Potential Metric=0.1732, Entropy Metric=0.0529]

Epoch 57:  78%|███████▊  | 25/32 [00:04<00:01,  5.14it/s][A
Training Epochs:  57%|█████▋    | 57/100 [05:21<04:41,  6.54s/it, -ELBO=0.6622, Potential Metric=0.1699, Entropy Metric=0.0501]

Epoch 57:  81%|████████▏ | 26/32 [00:05<00:01,  5.18it/s][A
Training Epochs:  57%|█████▋    | 57/100 [05:21<04:41,  6.54s/it, -ELBO=0.6359, Potential Metric=0.1677, Entropy Metric=0.0535]

Epoch 57:  84%|████████▍ | 27/32 [00:05<00:00,  5.14it/s][A
Training Epochs:  57%|█████▋    | 57/100 [05:21<04:41,  6.54s/it, -ELBO=0.5818, Potential Metric=0.1715, Entropy Metric=0.0532]

Epoch 57:  88%|████████▊ | 28/32 [00:05<00:00,  5.14it/s][A
Training Epochs:  57%|█████▋    | 57/100 [05:21<04:41,  6.54s/it, -ELBO=0.5734, Potential Metric=0.1706, Entropy Metric=0.0485]

Epoch 57:  91%|█████████ | 29/32 [00:05<00:00,  5.15it/s][A
Training Epochs:  57%|█████▋    | 57/100 [05:22<04:41,  6.54s/it, -ELBO=0.5641, Potential Metric=0.1578, Entropy Metric=0.0501]

Epoch 57:  94%|█████████▍| 30/32 [00:05<00:00,  5.05it/s][A
Training Epochs:  57%|█████▋    | 57/100 [05:22<04:41,  6.54s/it, -ELBO=0.6104, Potential Metric=0.1818, Entropy Metric=0.0486]

Epoch 57:  97%|█████████▋| 31/32 [00:06<00:00,  5.06it/s][A
Training Epochs:  57%|█████▋    | 57/100 [05:22<04:41,  6.54s/it, -ELBO=0.5813, Potential Metric=0.1736, Entropy Metric=0.0490]

Epoch 57: 100%|██████████| 32/32 [00:06<00:00,  5.06it/s][A

                                                         [A
Training Epochs:  58%|█████▊    | 58/100 [05:22<04:32,  6.49s/it, -ELBO=0.5813, Potential Metric=0.1736, Entropy Metric=0.0490]

Epoch 58:   0%|          | 0/32 [00:00<?, ?it/s][A
Training Epochs:  58%|█████▊    | 58/100 [05:22<04:32,  6.49s/it, -ELBO=0.6282, Potential Metric=0.1760, Entropy Metric=0.0498]

Epoch 58:   3%|▎         | 1/32 [00:00<00:07,  4.19it/s][A
Training Epochs:  58%|█████▊    | 58/100 [05:23<04:32,  6.49s/it, -ELBO=0.5987, Potential Metric=0.1857, Entropy Metric=0.0495]

Epoch 58:   6%|▋         | 2/32 [00:00<00:06,  4.67it/s][A
Training Epochs:  58%|█████▊    | 58/100 [05:23<04:32,  6.49s/it, -ELBO=0.6384, Potential Metric=0.1806, Entropy Metric=0.0515]

Epoch 58:   9%|▉         | 3/32 [00:00<00:06,  4.78it/s][A
Training Epochs:  58%|█████▊    | 58/100 [05:23<04:32,  6.49s/it, -ELBO=0.6056, Potential Metric=0.1696, Entropy Metric=0.0524]

Epoch 58:  12%|█▎        | 4/32 [00:00<00:05,  4.85it/s][A
Training Epochs:  58%|█████▊    | 58/100 [05:23<04:32,  6.49s/it, -ELBO=0.5598, Potential Metric=0.1836, Entropy Metric=0.0499]

Epoch 58:  16%|█▌        | 5/32 [00:01<00:05,  4.96it/s][A
Training Epochs:  58%|█████▊    | 58/100 [05:23<04:32,  6.49s/it, -ELBO=0.5801, Potential Metric=0.1857, Entropy Metric=0.0562]

Epoch 58:  19%|█▉        | 6/32 [00:01<00:05,  4.94it/s][A
Training Epochs:  58%|█████▊    | 58/100 [05:24<04:32,  6.49s/it, -ELBO=0.5931, Potential Metric=0.1838, Entropy Metric=0.0514]

Epoch 58:  22%|██▏       | 7/32 [00:01<00:05,  4.96it/s][A
Training Epochs:  58%|█████▊    | 58/100 [05:24<04:32,  6.49s/it, -ELBO=0.5960, Potential Metric=0.1701, Entropy Metric=0.0507]

Epoch 58:  25%|██▌       | 8/32 [00:01<00:04,  4.96it/s][A
Training Epochs:  58%|█████▊    | 58/100 [05:24<04:32,  6.49s/it, -ELBO=0.5902, Potential Metric=0.1633, Entropy Metric=0.0494]

Epoch 58:  28%|██▊       | 9/32 [00:01<00:04,  4.89it/s][A
Training Epochs:  58%|█████▊    | 58/100 [05:24<04:32,  6.49s/it, -ELBO=0.5905, Potential Metric=0.1986, Entropy Metric=0.0532]

Epoch 58:  31%|███▏      | 10/32 [00:02<00:04,  4.91it/s][A
Training Epochs:  58%|█████▊    | 58/100 [05:24<04:32,  6.49s/it, -ELBO=0.5888, Potential Metric=0.1727, Entropy Metric=0.0533]

Epoch 58:  34%|███▍      | 11/32 [00:02<00:04,  4.92it/s][A
Training Epochs:  58%|█████▊    | 58/100 [05:25<04:32,  6.49s/it, -ELBO=0.5831, Potential Metric=0.1711, Entropy Metric=0.0587]

Epoch 58:  38%|███▊      | 12/32 [00:02<00:03,  5.05it/s][A
Training Epochs:  58%|█████▊    | 58/100 [05:25<04:32,  6.49s/it, -ELBO=0.7015, Potential Metric=0.1755, Entropy Metric=0.0565]

Epoch 58:  41%|████      | 13/32 [00:02<00:03,  5.04it/s][A
Training Epochs:  58%|█████▊    | 58/100 [05:25<04:32,  6.49s/it, -ELBO=0.6323, Potential Metric=0.1808, Entropy Metric=0.0586]

Epoch 58:  44%|████▍     | 14/32 [00:02<00:03,  5.07it/s][A
Training Epochs:  58%|█████▊    | 58/100 [05:25<04:32,  6.49s/it, -ELBO=0.5935, Potential Metric=0.1927, Entropy Metric=0.0568]

Epoch 58:  47%|████▋     | 15/32 [00:03<00:03,  5.04it/s][A
Training Epochs:  58%|█████▊    | 58/100 [05:25<04:32,  6.49s/it, -ELBO=0.5982, Potential Metric=0.1843, Entropy Metric=0.0589]

Epoch 58:  50%|█████     | 16/32 [00:03<00:03,  5.05it/s][A
Training Epochs:  58%|█████▊    | 58/100 [05:26<04:32,  6.49s/it, -ELBO=0.6000, Potential Metric=0.1962, Entropy Metric=0.0545]

Epoch 58:  53%|█████▎    | 17/32 [00:03<00:02,  5.19it/s][A
Training Epochs:  58%|█████▊    | 58/100 [05:26<04:32,  6.49s/it, -ELBO=0.6191, Potential Metric=0.1695, Entropy Metric=0.0540]

Epoch 58:  56%|█████▋    | 18/32 [00:03<00:02,  5.12it/s][A
Training Epochs:  58%|█████▊    | 58/100 [05:26<04:32,  6.49s/it, -ELBO=0.5896, Potential Metric=0.1726, Entropy Metric=0.0522]

Epoch 58:  59%|█████▉    | 19/32 [00:03<00:02,  5.06it/s][A
Training Epochs:  58%|█████▊    | 58/100 [05:26<04:32,  6.49s/it, -ELBO=0.6540, Potential Metric=0.1974, Entropy Metric=0.0580]

Epoch 58:  62%|██████▎   | 20/32 [00:04<00:02,  5.01it/s][A
Training Epochs:  58%|█████▊    | 58/100 [05:26<04:32,  6.49s/it, -ELBO=0.6164, Potential Metric=0.1870, Entropy Metric=0.0554]

Epoch 58:  66%|██████▌   | 21/32 [00:04<00:02,  4.91it/s][A
Training Epochs:  58%|█████▊    | 58/100 [05:27<04:32,  6.49s/it, -ELBO=0.5797, Potential Metric=0.1768, Entropy Metric=0.0513]

Epoch 58:  69%|██████▉   | 22/32 [00:04<00:01,  5.09it/s][A
Training Epochs:  58%|█████▊    | 58/100 [05:27<04:32,  6.49s/it, -ELBO=0.5654, Potential Metric=0.1718, Entropy Metric=0.0545]

Epoch 58:  72%|███████▏  | 23/32 [00:04<00:02,  4.20it/s][A
Training Epochs:  58%|█████▊    | 58/100 [05:27<04:32,  6.49s/it, -ELBO=0.5963, Potential Metric=0.1717, Entropy Metric=0.0525]

Epoch 58:  75%|███████▌  | 24/32 [00:04<00:01,  4.48it/s][A
Training Epochs:  58%|█████▊    | 58/100 [05:27<04:32,  6.49s/it, -ELBO=0.5419, Potential Metric=0.1608, Entropy Metric=0.0571]

Epoch 58:  78%|███████▊  | 25/32 [00:05<00:01,  4.63it/s][A
Training Epochs:  58%|█████▊    | 58/100 [05:27<04:32,  6.49s/it, -ELBO=0.5962, Potential Metric=0.1796, Entropy Metric=0.0559]

Epoch 58:  81%|████████▏ | 26/32 [00:05<00:01,  4.84it/s][A
Training Epochs:  58%|█████▊    | 58/100 [05:28<04:32,  6.49s/it, -ELBO=0.5842, Potential Metric=0.1685, Entropy Metric=0.0539]

Epoch 58:  84%|████████▍ | 27/32 [00:05<00:01,  4.80it/s][A
Training Epochs:  58%|█████▊    | 58/100 [05:28<04:32,  6.49s/it, -ELBO=0.6479, Potential Metric=0.1813, Entropy Metric=0.0538]

Epoch 58:  88%|████████▊ | 28/32 [00:05<00:00,  4.85it/s][A
Training Epochs:  58%|█████▊    | 58/100 [05:28<04:32,  6.49s/it, -ELBO=0.5901, Potential Metric=0.1772, Entropy Metric=0.0557]

Epoch 58:  91%|█████████ | 29/32 [00:05<00:00,  4.82it/s][A
Training Epochs:  58%|█████▊    | 58/100 [05:28<04:32,  6.49s/it, -ELBO=0.5672, Potential Metric=0.1924, Entropy Metric=0.0530]

Epoch 58:  94%|█████████▍| 30/32 [00:06<00:00,  4.93it/s][A
Training Epochs:  58%|█████▊    | 58/100 [05:29<04:32,  6.49s/it, -ELBO=0.6279, Potential Metric=0.1658, Entropy Metric=0.0508]

Epoch 58:  97%|█████████▋| 31/32 [00:06<00:00,  4.97it/s][A
Training Epochs:  58%|█████▊    | 58/100 [05:29<04:32,  6.49s/it, -ELBO=0.5589, Potential Metric=0.1703, Entropy Metric=0.0501]

Epoch 58: 100%|██████████| 32/32 [00:06<00:00,  4.80it/s][A

                                                         [A
Training Epochs:  59%|█████▉    | 59/100 [05:29<04:29,  6.57s/it, -ELBO=0.5589, Potential Metric=0.1703, Entropy Metric=0.0501]

Epoch 59:   0%|          | 0/32 [00:00<?, ?it/s][A
Training Epochs:  59%|█████▉    | 59/100 [05:29<04:29,  6.57s/it, -ELBO=0.6186, Potential Metric=0.1568, Entropy Metric=0.0528]

Epoch 59:   3%|▎         | 1/32 [00:00<00:08,  3.86it/s][A
Training Epochs:  59%|█████▉    | 59/100 [05:29<04:29,  6.57s/it, -ELBO=0.5434, Potential Metric=0.1874, Entropy Metric=0.0509]

Epoch 59:   6%|▋         | 2/32 [00:00<00:06,  4.46it/s][A
Training Epochs:  59%|█████▉    | 59/100 [05:30<04:29,  6.57s/it, -ELBO=0.5376, Potential Metric=0.1642, Entropy Metric=0.0499]

Epoch 59:   9%|▉         | 3/32 [00:00<00:06,  4.60it/s][A
Training Epochs:  59%|█████▉    | 59/100 [05:30<04:29,  6.57s/it, -ELBO=0.5845, Potential Metric=0.1880, Entropy Metric=0.0545]

Epoch 59:  12%|█▎        | 4/32 [00:00<00:05,  4.81it/s][A
Training Epochs:  59%|█████▉    | 59/100 [05:30<04:29,  6.57s/it, -ELBO=0.6218, Potential Metric=0.1702, Entropy Metric=0.0492]

Epoch 59:  16%|█▌        | 5/32 [00:01<00:05,  4.88it/s][A
Training Epochs:  59%|█████▉    | 59/100 [05:30<04:29,  6.57s/it, -ELBO=0.5861, Potential Metric=0.1796, Entropy Metric=0.0506]

Epoch 59:  19%|█▉        | 6/32 [00:01<00:05,  4.98it/s][A
Training Epochs:  59%|█████▉    | 59/100 [05:30<04:29,  6.57s/it, -ELBO=0.6218, Potential Metric=0.1680, Entropy Metric=0.0499]

Epoch 59:  22%|██▏       | 7/32 [00:01<00:05,  4.84it/s][A
Training Epochs:  59%|█████▉    | 59/100 [05:31<04:29,  6.57s/it, -ELBO=0.5875, Potential Metric=0.1740, Entropy Metric=0.0528]

Epoch 59:  25%|██▌       | 8/32 [00:01<00:05,  4.63it/s][A
Training Epochs:  59%|█████▉    | 59/100 [05:31<04:29,  6.57s/it, -ELBO=0.5837, Potential Metric=0.1790, Entropy Metric=0.0558]

Epoch 59:  28%|██▊       | 9/32 [00:01<00:04,  4.73it/s][A
Training Epochs:  59%|█████▉    | 59/100 [05:31<04:29,  6.57s/it, -ELBO=0.6089, Potential Metric=0.1784, Entropy Metric=0.0558]

Epoch 59:  31%|███▏      | 10/32 [00:02<00:04,  4.79it/s][A
Training Epochs:  59%|█████▉    | 59/100 [05:31<04:29,  6.57s/it, -ELBO=0.6069, Potential Metric=0.1872, Entropy Metric=0.0514]

Epoch 59:  34%|███▍      | 11/32 [00:02<00:04,  4.75it/s][A
Training Epochs:  59%|█████▉    | 59/100 [05:31<04:29,  6.57s/it, -ELBO=0.5466, Potential Metric=0.1817, Entropy Metric=0.0572]

Epoch 59:  38%|███▊      | 12/32 [00:02<00:04,  4.80it/s][A
Training Epochs:  59%|█████▉    | 59/100 [05:32<04:29,  6.57s/it, -ELBO=0.5761, Potential Metric=0.1706, Entropy Metric=0.0495]

Epoch 59:  41%|████      | 13/32 [00:02<00:03,  4.84it/s][A
Training Epochs:  59%|█████▉    | 59/100 [05:32<04:29,  6.57s/it, -ELBO=0.5998, Potential Metric=0.1827, Entropy Metric=0.0565]

Epoch 59:  44%|████▍     | 14/32 [00:02<00:03,  4.94it/s][A
Training Epochs:  59%|█████▉    | 59/100 [05:32<04:29,  6.57s/it, -ELBO=0.5948, Potential Metric=0.1688, Entropy Metric=0.0573]

Epoch 59:  47%|████▋     | 15/32 [00:03<00:03,  5.04it/s][A
Training Epochs:  59%|█████▉    | 59/100 [05:32<04:29,  6.57s/it, -ELBO=0.6214, Potential Metric=0.1912, Entropy Metric=0.0586]

Epoch 59:  50%|█████     | 16/32 [00:03<00:03,  4.81it/s][A
Training Epochs:  59%|█████▉    | 59/100 [05:32<04:29,  6.57s/it, -ELBO=0.6677, Potential Metric=0.1783, Entropy Metric=0.0563]

Epoch 59:  53%|█████▎    | 17/32 [00:03<00:03,  4.89it/s][A
Training Epochs:  59%|█████▉    | 59/100 [05:33<04:29,  6.57s/it, -ELBO=0.6055, Potential Metric=0.1881, Entropy Metric=0.0573]

Epoch 59:  56%|█████▋    | 18/32 [00:03<00:02,  4.97it/s][A
Training Epochs:  59%|█████▉    | 59/100 [05:33<04:29,  6.57s/it, -ELBO=0.6103, Potential Metric=0.1833, Entropy Metric=0.0549]

Epoch 59:  59%|█████▉    | 19/32 [00:03<00:02,  4.93it/s][A
Training Epochs:  59%|█████▉    | 59/100 [05:33<04:29,  6.57s/it, -ELBO=0.6276, Potential Metric=0.1748, Entropy Metric=0.0538]

Epoch 59:  62%|██████▎   | 20/32 [00:04<00:02,  4.88it/s][A
Training Epochs:  59%|█████▉    | 59/100 [05:33<04:29,  6.57s/it, -ELBO=0.6081, Potential Metric=0.1933, Entropy Metric=0.0558]

Epoch 59:  66%|██████▌   | 21/32 [00:04<00:02,  4.94it/s][A
Training Epochs:  59%|█████▉    | 59/100 [05:33<04:29,  6.57s/it, -ELBO=0.5576, Potential Metric=0.1771, Entropy Metric=0.0517]

Epoch 59:  69%|██████▉   | 22/32 [00:04<00:01,  5.04it/s][A
Training Epochs:  59%|█████▉    | 59/100 [05:34<04:29,  6.57s/it, -ELBO=0.6197, Potential Metric=0.1877, Entropy Metric=0.0551]

Epoch 59:  72%|███████▏  | 23/32 [00:04<00:01,  5.11it/s][A
Training Epochs:  59%|█████▉    | 59/100 [05:34<04:29,  6.57s/it, -ELBO=0.5708, Potential Metric=0.1873, Entropy Metric=0.0518]

Epoch 59:  75%|███████▌  | 24/32 [00:04<00:01,  5.07it/s][A
Training Epochs:  59%|█████▉    | 59/100 [05:34<04:29,  6.57s/it, -ELBO=0.5595, Potential Metric=0.1782, Entropy Metric=0.0531]

Epoch 59:  78%|███████▊  | 25/32 [00:05<00:01,  5.08it/s][A
Training Epochs:  59%|█████▉    | 59/100 [05:34<04:29,  6.57s/it, -ELBO=0.5606, Potential Metric=0.1843, Entropy Metric=0.0469]

Epoch 59:  81%|████████▏ | 26/32 [00:05<00:01,  5.13it/s][A
Training Epochs:  59%|█████▉    | 59/100 [05:34<04:29,  6.57s/it, -ELBO=0.6038, Potential Metric=0.1830, Entropy Metric=0.0489]

Epoch 59:  84%|████████▍ | 27/32 [00:05<00:01,  4.96it/s][A
Training Epochs:  59%|█████▉    | 59/100 [05:35<04:29,  6.57s/it, -ELBO=0.5889, Potential Metric=0.1836, Entropy Metric=0.0528]

Epoch 59:  88%|████████▊ | 28/32 [00:05<00:00,  4.97it/s][A
Training Epochs:  59%|█████▉    | 59/100 [05:35<04:29,  6.57s/it, -ELBO=0.5696, Potential Metric=0.1821, Entropy Metric=0.0543]

Epoch 59:  91%|█████████ | 29/32 [00:05<00:00,  4.90it/s][A
Training Epochs:  59%|█████▉    | 59/100 [05:35<04:29,  6.57s/it, -ELBO=0.5867, Potential Metric=0.1872, Entropy Metric=0.0541]

Epoch 59:  94%|█████████▍| 30/32 [00:06<00:00,  4.89it/s][A
Training Epochs:  59%|█████▉    | 59/100 [05:35<04:29,  6.57s/it, -ELBO=0.5924, Potential Metric=0.1785, Entropy Metric=0.0549]

Epoch 59:  97%|█████████▋| 31/32 [00:06<00:00,  4.93it/s][A
Training Epochs:  59%|█████▉    | 59/100 [05:35<04:29,  6.57s/it, -ELBO=0.5742, Potential Metric=0.1783, Entropy Metric=0.0520]

Epoch 59: 100%|██████████| 32/32 [00:06<00:00,  5.00it/s][A

                                                         [A
Training Epochs:  60%|██████    | 60/100 [05:35<04:24,  6.61s/it, -ELBO=0.5742, Potential Metric=0.1783, Entropy Metric=0.0520]

Epoch 60:   0%|          | 0/32 [00:00<?, ?it/s][A
Training Epochs:  60%|██████    | 60/100 [05:36<04:24,  6.61s/it, -ELBO=0.5463, Potential Metric=0.1694, Entropy Metric=0.0515]

Epoch 60:   3%|▎         | 1/32 [00:00<00:07,  4.20it/s][A
Training Epochs:  60%|██████    | 60/100 [05:36<04:24,  6.61s/it, -ELBO=0.5983, Potential Metric=0.1977, Entropy Metric=0.0545]

Epoch 60:   6%|▋         | 2/32 [00:00<00:06,  4.72it/s][A
Training Epochs:  60%|██████    | 60/100 [05:36<04:24,  6.61s/it, -ELBO=0.5751, Potential Metric=0.1755, Entropy Metric=0.0526]

Epoch 60:   9%|▉         | 3/32 [00:00<00:06,  4.82it/s][A
Training Epochs:  60%|██████    | 60/100 [05:36<04:24,  6.61s/it, -ELBO=0.5449, Potential Metric=0.1774, Entropy Metric=0.0552]

Epoch 60:  12%|█▎        | 4/32 [00:00<00:05,  5.02it/s][A
Training Epochs:  60%|██████    | 60/100 [05:37<04:24,  6.61s/it, -ELBO=0.5978, Potential Metric=0.1820, Entropy Metric=0.0541]

Epoch 60:  16%|█▌        | 5/32 [00:01<00:05,  5.05it/s][A
Training Epochs:  60%|██████    | 60/100 [05:37<04:24,  6.61s/it, -ELBO=0.5985, Potential Metric=0.1781, Entropy Metric=0.0483]

Epoch 60:  19%|█▉        | 6/32 [00:01<00:05,  4.90it/s][A
Training Epochs:  60%|██████    | 60/100 [05:37<04:24,  6.61s/it, -ELBO=0.5726, Potential Metric=0.1893, Entropy Metric=0.0504]

Epoch 60:  22%|██▏       | 7/32 [00:01<00:04,  5.03it/s][A
Training Epochs:  60%|██████    | 60/100 [05:37<04:24,  6.61s/it, -ELBO=0.5399, Potential Metric=0.1795, Entropy Metric=0.0497]

Epoch 60:  25%|██▌       | 8/32 [00:01<00:04,  5.11it/s][A
Training Epochs:  60%|██████    | 60/100 [05:37<04:24,  6.61s/it, -ELBO=0.5471, Potential Metric=0.1692, Entropy Metric=0.0507]

Epoch 60:  28%|██▊       | 9/32 [00:01<00:04,  5.13it/s][A
Training Epochs:  60%|██████    | 60/100 [05:38<04:24,  6.61s/it, -ELBO=0.5948, Potential Metric=0.1686, Entropy Metric=0.0505]

Epoch 60:  31%|███▏      | 10/32 [00:02<00:04,  5.06it/s][A
Training Epochs:  60%|██████    | 60/100 [05:38<04:24,  6.61s/it, -ELBO=0.6112, Potential Metric=0.1883, Entropy Metric=0.0512]

Epoch 60:  34%|███▍      | 11/32 [00:02<00:04,  5.03it/s][A
Training Epochs:  60%|██████    | 60/100 [05:38<04:24,  6.61s/it, -ELBO=0.6520, Potential Metric=0.1906, Entropy Metric=0.0501]

Epoch 60:  38%|███▊      | 12/32 [00:02<00:04,  4.98it/s][A
Training Epochs:  60%|██████    | 60/100 [05:38<04:24,  6.61s/it, -ELBO=0.5501, Potential Metric=0.1714, Entropy Metric=0.0527]

Epoch 60:  41%|████      | 13/32 [00:02<00:03,  4.90it/s][A
Training Epochs:  60%|██████    | 60/100 [05:38<04:24,  6.61s/it, -ELBO=0.6218, Potential Metric=0.1853, Entropy Metric=0.0503]

Epoch 60:  44%|████▍     | 14/32 [00:02<00:03,  4.94it/s][A
Training Epochs:  60%|██████    | 60/100 [05:39<04:24,  6.61s/it, -ELBO=0.6010, Potential Metric=0.1804, Entropy Metric=0.0502]

Epoch 60:  47%|████▋     | 15/32 [00:03<00:03,  4.95it/s][A
Training Epochs:  60%|██████    | 60/100 [05:39<04:24,  6.61s/it, -ELBO=0.5666, Potential Metric=0.1795, Entropy Metric=0.0495]

Epoch 60:  50%|█████     | 16/32 [00:03<00:03,  4.94it/s][A
Training Epochs:  60%|██████    | 60/100 [05:39<04:24,  6.61s/it, -ELBO=0.5708, Potential Metric=0.1711, Entropy Metric=0.0499]

Epoch 60:  53%|█████▎    | 17/32 [00:03<00:02,  5.08it/s][A
Training Epochs:  60%|██████    | 60/100 [05:39<04:24,  6.61s/it, -ELBO=0.5056, Potential Metric=0.1684, Entropy Metric=0.0534]

Epoch 60:  56%|█████▋    | 18/32 [00:03<00:02,  5.06it/s][A
Training Epochs:  60%|██████    | 60/100 [05:39<04:24,  6.61s/it, -ELBO=0.5722, Potential Metric=0.1824, Entropy Metric=0.0501]

Epoch 60:  59%|█████▉    | 19/32 [00:03<00:02,  5.13it/s][A
Training Epochs:  60%|██████    | 60/100 [05:40<04:24,  6.61s/it, -ELBO=0.6033, Potential Metric=0.1917, Entropy Metric=0.0499]

Epoch 60:  62%|██████▎   | 20/32 [00:04<00:02,  4.98it/s][A
Training Epochs:  60%|██████    | 60/100 [05:40<04:24,  6.61s/it, -ELBO=0.5368, Potential Metric=0.1705, Entropy Metric=0.0518]

Epoch 60:  66%|██████▌   | 21/32 [00:04<00:02,  5.06it/s][A
Training Epochs:  60%|██████    | 60/100 [05:40<04:24,  6.61s/it, -ELBO=0.6066, Potential Metric=0.1825, Entropy Metric=0.0573]

Epoch 60:  69%|██████▉   | 22/32 [00:04<00:01,  5.04it/s][A
Training Epochs:  60%|██████    | 60/100 [05:40<04:24,  6.61s/it, -ELBO=0.6282, Potential Metric=0.1774, Entropy Metric=0.0537]

Epoch 60:  72%|███████▏  | 23/32 [00:04<00:01,  5.11it/s][A
Training Epochs:  60%|██████    | 60/100 [05:40<04:24,  6.61s/it, -ELBO=0.6568, Potential Metric=0.1832, Entropy Metric=0.0547]

Epoch 60:  75%|███████▌  | 24/32 [00:04<00:01,  5.05it/s][A
Training Epochs:  60%|██████    | 60/100 [05:41<04:24,  6.61s/it, -ELBO=0.5654, Potential Metric=0.1709, Entropy Metric=0.0557]

Epoch 60:  78%|███████▊  | 25/32 [00:05<00:01,  4.99it/s][A
Training Epochs:  60%|██████    | 60/100 [05:41<04:24,  6.61s/it, -ELBO=0.5422, Potential Metric=0.1918, Entropy Metric=0.0556]

Epoch 60:  81%|████████▏ | 26/32 [00:05<00:01,  4.91it/s][A
Training Epochs:  60%|██████    | 60/100 [05:41<04:24,  6.61s/it, -ELBO=0.6135, Potential Metric=0.1870, Entropy Metric=0.0528]

Epoch 60:  84%|████████▍ | 27/32 [00:05<00:00,  5.01it/s][A
Training Epochs:  60%|██████    | 60/100 [05:41<04:24,  6.61s/it, -ELBO=0.6126, Potential Metric=0.1924, Entropy Metric=0.0561]

Epoch 60:  88%|████████▊ | 28/32 [00:05<00:00,  5.02it/s][A
Training Epochs:  60%|██████    | 60/100 [05:41<04:24,  6.61s/it, -ELBO=0.6133, Potential Metric=0.1925, Entropy Metric=0.0597]

Epoch 60:  91%|█████████ | 29/32 [00:05<00:00,  5.01it/s][A
Training Epochs:  60%|██████    | 60/100 [05:42<04:24,  6.61s/it, -ELBO=0.6079, Potential Metric=0.1990, Entropy Metric=0.0550]

Epoch 60:  94%|█████████▍| 30/32 [00:06<00:00,  5.00it/s][A
Training Epochs:  60%|██████    | 60/100 [05:42<04:24,  6.61s/it, -ELBO=0.5743, Potential Metric=0.1780, Entropy Metric=0.0562]

Epoch 60:  97%|█████████▋| 31/32 [00:06<00:00,  4.86it/s][A
Training Epochs:  60%|██████    | 60/100 [05:42<04:24,  6.61s/it, -ELBO=0.5670, Potential Metric=0.2015, Entropy Metric=0.0524]

Epoch 60: 100%|██████████| 32/32 [00:06<00:00,  4.88it/s][A

                                                         [A
Training Epochs:  61%|██████    | 61/100 [05:42<04:18,  6.63s/it, -ELBO=0.5670, Potential Metric=0.2015, Entropy Metric=0.0524]

Epoch 61:   0%|          | 0/32 [00:00<?, ?it/s][A
Training Epochs:  61%|██████    | 61/100 [05:42<04:18,  6.63s/it, -ELBO=0.5369, Potential Metric=0.1763, Entropy Metric=0.0532]

Epoch 61:   3%|▎         | 1/32 [00:00<00:08,  3.77it/s][A
Training Epochs:  61%|██████    | 61/100 [05:43<04:18,  6.63s/it, -ELBO=0.5561, Potential Metric=0.1792, Entropy Metric=0.0561]

Epoch 61:   6%|▋         | 2/32 [00:00<00:07,  4.29it/s][A
Training Epochs:  61%|██████    | 61/100 [05:43<04:18,  6.63s/it, -ELBO=0.5802, Potential Metric=0.1799, Entropy Metric=0.0519]

Epoch 61:   9%|▉         | 3/32 [00:00<00:06,  4.57it/s][A
Training Epochs:  61%|██████    | 61/100 [05:43<04:18,  6.63s/it, -ELBO=0.5913, Potential Metric=0.1904, Entropy Metric=0.0565]

Epoch 61:  12%|█▎        | 4/32 [00:00<00:05,  4.83it/s][A
Training Epochs:  61%|██████    | 61/100 [05:43<04:18,  6.63s/it, -ELBO=0.6297, Potential Metric=0.1768, Entropy Metric=0.0517]

Epoch 61:  16%|█▌        | 5/32 [00:01<00:05,  4.85it/s][A
Training Epochs:  61%|██████    | 61/100 [05:43<04:18,  6.63s/it, -ELBO=0.5838, Potential Metric=0.1953, Entropy Metric=0.0538]

Epoch 61:  19%|█▉        | 6/32 [00:01<00:05,  4.88it/s][A
Training Epochs:  61%|██████    | 61/100 [05:44<04:18,  6.63s/it, -ELBO=0.6204, Potential Metric=0.1819, Entropy Metric=0.0520]

Epoch 61:  22%|██▏       | 7/32 [00:01<00:04,  5.02it/s][A
Training Epochs:  61%|██████    | 61/100 [05:44<04:18,  6.63s/it, -ELBO=0.5337, Potential Metric=0.1797, Entropy Metric=0.0505]

Epoch 61:  25%|██▌       | 8/32 [00:01<00:04,  5.04it/s][A
Training Epochs:  61%|██████    | 61/100 [05:44<04:18,  6.63s/it, -ELBO=0.5518, Potential Metric=0.1885, Entropy Metric=0.0547]

Epoch 61:  28%|██▊       | 9/32 [00:01<00:04,  5.02it/s][A
Training Epochs:  61%|██████    | 61/100 [05:44<04:18,  6.63s/it, -ELBO=0.5906, Potential Metric=0.1756, Entropy Metric=0.0526]

Epoch 61:  31%|███▏      | 10/32 [00:02<00:04,  4.90it/s][A
Training Epochs:  61%|██████    | 61/100 [05:44<04:18,  6.63s/it, -ELBO=0.5790, Potential Metric=0.2009, Entropy Metric=0.0509]

Epoch 61:  34%|███▍      | 11/32 [00:02<00:04,  4.95it/s][A
Training Epochs:  61%|██████    | 61/100 [05:45<04:18,  6.63s/it, -ELBO=0.6298, Potential Metric=0.1723, Entropy Metric=0.0484]

Epoch 61:  38%|███▊      | 12/32 [00:02<00:03,  5.03it/s][A
Training Epochs:  61%|██████    | 61/100 [05:45<04:18,  6.63s/it, -ELBO=0.5286, Potential Metric=0.1761, Entropy Metric=0.0528]

Epoch 61:  41%|████      | 13/32 [00:02<00:03,  4.97it/s][A
Training Epochs:  61%|██████    | 61/100 [05:45<04:18,  6.63s/it, -ELBO=0.5957, Potential Metric=0.1721, Entropy Metric=0.0467]

Epoch 61:  44%|████▍     | 14/32 [00:02<00:03,  4.97it/s][A
Training Epochs:  61%|██████    | 61/100 [05:45<04:18,  6.63s/it, -ELBO=0.5166, Potential Metric=0.1723, Entropy Metric=0.0462]

Epoch 61:  47%|████▋     | 15/32 [00:03<00:03,  4.98it/s][A
Training Epochs:  61%|██████    | 61/100 [05:45<04:18,  6.63s/it, -ELBO=0.5903, Potential Metric=0.1771, Entropy Metric=0.0529]

Epoch 61:  50%|█████     | 16/32 [00:03<00:03,  5.02it/s][A
Training Epochs:  61%|██████    | 61/100 [05:46<04:18,  6.63s/it, -ELBO=0.5489, Potential Metric=0.1740, Entropy Metric=0.0512]

Epoch 61:  53%|█████▎    | 17/32 [00:03<00:02,  5.06it/s][A
Training Epochs:  61%|██████    | 61/100 [05:46<04:18,  6.63s/it, -ELBO=0.5589, Potential Metric=0.1867, Entropy Metric=0.0501]

Epoch 61:  56%|█████▋    | 18/32 [00:03<00:02,  5.17it/s][A
Training Epochs:  61%|██████    | 61/100 [05:46<04:18,  6.63s/it, -ELBO=0.5784, Potential Metric=0.1872, Entropy Metric=0.0517]

Epoch 61:  59%|█████▉    | 19/32 [00:03<00:02,  5.08it/s][A
Training Epochs:  61%|██████    | 61/100 [05:46<04:18,  6.63s/it, -ELBO=0.5799, Potential Metric=0.1806, Entropy Metric=0.0580]

Epoch 61:  62%|██████▎   | 20/32 [00:04<00:02,  4.97it/s][A
Training Epochs:  61%|██████    | 61/100 [05:46<04:18,  6.63s/it, -ELBO=0.5950, Potential Metric=0.1925, Entropy Metric=0.0507]

Epoch 61:  66%|██████▌   | 21/32 [00:04<00:02,  5.00it/s][A
Training Epochs:  61%|██████    | 61/100 [05:47<04:18,  6.63s/it, -ELBO=0.5560, Potential Metric=0.1943, Entropy Metric=0.0538]

Epoch 61:  69%|██████▉   | 22/32 [00:04<00:02,  4.98it/s][A
Training Epochs:  61%|██████    | 61/100 [05:47<04:18,  6.63s/it, -ELBO=0.5285, Potential Metric=0.1969, Entropy Metric=0.0568]

Epoch 61:  72%|███████▏  | 23/32 [00:04<00:01,  5.10it/s][A
Training Epochs:  61%|██████    | 61/100 [05:47<04:18,  6.63s/it, -ELBO=0.5868, Potential Metric=0.2025, Entropy Metric=0.0553]

Epoch 61:  75%|███████▌  | 24/32 [00:04<00:01,  5.14it/s][A
Training Epochs:  61%|██████    | 61/100 [05:47<04:18,  6.63s/it, -ELBO=0.5704, Potential Metric=0.1843, Entropy Metric=0.0543]

Epoch 61:  78%|███████▊  | 25/32 [00:05<00:01,  5.06it/s][A
Training Epochs:  61%|██████    | 61/100 [05:47<04:18,  6.63s/it, -ELBO=0.5890, Potential Metric=0.1941, Entropy Metric=0.0537]

Epoch 61:  81%|████████▏ | 26/32 [00:05<00:01,  4.86it/s][A
Training Epochs:  61%|██████    | 61/100 [05:48<04:18,  6.63s/it, -ELBO=0.5318, Potential Metric=0.1887, Entropy Metric=0.0563]

Epoch 61:  84%|████████▍ | 27/32 [00:05<00:01,  4.87it/s][A
Training Epochs:  61%|██████    | 61/100 [05:48<04:18,  6.63s/it, -ELBO=0.5960, Potential Metric=0.1694, Entropy Metric=0.0580]

Epoch 61:  88%|████████▊ | 28/32 [00:05<00:00,  4.86it/s][A
Training Epochs:  61%|██████    | 61/100 [05:48<04:18,  6.63s/it, -ELBO=0.6156, Potential Metric=0.1860, Entropy Metric=0.0541]

Epoch 61:  91%|█████████ | 29/32 [00:05<00:00,  4.80it/s][A
Training Epochs:  61%|██████    | 61/100 [05:48<04:18,  6.63s/it, -ELBO=0.5805, Potential Metric=0.1843, Entropy Metric=0.0525]

Epoch 61:  94%|█████████▍| 30/32 [00:06<00:00,  4.86it/s][A
Training Epochs:  61%|██████    | 61/100 [05:49<04:18,  6.63s/it, -ELBO=0.5747, Potential Metric=0.1679, Entropy Metric=0.0512]

Epoch 61:  97%|█████████▋| 31/32 [00:06<00:00,  4.81it/s][A
Training Epochs:  61%|██████    | 61/100 [05:49<04:18,  6.63s/it, -ELBO=0.6263, Potential Metric=0.1867, Entropy Metric=0.0519]

Epoch 61: 100%|██████████| 32/32 [00:06<00:00,  4.80it/s][A

                                                         [A
Training Epochs:  62%|██████▏   | 62/100 [05:49<04:12,  6.63s/it, -ELBO=0.6263, Potential Metric=0.1867, Entropy Metric=0.0519]

Epoch 62:   0%|          | 0/32 [00:00<?, ?it/s][A
Training Epochs:  62%|██████▏   | 62/100 [05:49<04:12,  6.63s/it, -ELBO=0.5590, Potential Metric=0.1912, Entropy Metric=0.0518]

Epoch 62:   3%|▎         | 1/32 [00:00<00:07,  4.09it/s][A
Training Epochs:  62%|██████▏   | 62/100 [05:49<04:12,  6.63s/it, -ELBO=0.5947, Potential Metric=0.1888, Entropy Metric=0.0524]

Epoch 62:   6%|▋         | 2/32 [00:00<00:06,  4.65it/s][A
Training Epochs:  62%|██████▏   | 62/100 [05:50<04:12,  6.63s/it, -ELBO=0.5492, Potential Metric=0.1905, Entropy Metric=0.0565]

Epoch 62:   9%|▉         | 3/32 [00:00<00:05,  4.93it/s][A
Training Epochs:  62%|██████▏   | 62/100 [05:50<04:12,  6.63s/it, -ELBO=0.5422, Potential Metric=0.2050, Entropy Metric=0.0523]

Epoch 62:  12%|█▎        | 4/32 [00:00<00:05,  4.76it/s][A
Training Epochs:  62%|██████▏   | 62/100 [05:50<04:12,  6.63s/it, -ELBO=0.5306, Potential Metric=0.1559, Entropy Metric=0.0510]

Epoch 62:  16%|█▌        | 5/32 [00:01<00:05,  4.71it/s][A
Training Epochs:  62%|██████▏   | 62/100 [05:50<04:12,  6.63s/it, -ELBO=0.5856, Potential Metric=0.1672, Entropy Metric=0.0540]

Epoch 62:  19%|█▉        | 6/32 [00:01<00:05,  4.75it/s][A
Training Epochs:  62%|██████▏   | 62/100 [05:50<04:12,  6.63s/it, -ELBO=0.5916, Potential Metric=0.1691, Entropy Metric=0.0511]

Epoch 62:  22%|██▏       | 7/32 [00:01<00:05,  4.84it/s][A
Training Epochs:  62%|██████▏   | 62/100 [05:51<04:12,  6.63s/it, -ELBO=0.5359, Potential Metric=0.1712, Entropy Metric=0.0533]

Epoch 62:  25%|██▌       | 8/32 [00:01<00:04,  4.88it/s][A
Training Epochs:  62%|██████▏   | 62/100 [05:51<04:12,  6.63s/it, -ELBO=0.5624, Potential Metric=0.1818, Entropy Metric=0.0519]

Epoch 62:  28%|██▊       | 9/32 [00:01<00:04,  4.82it/s][A
Training Epochs:  62%|██████▏   | 62/100 [05:51<04:12,  6.63s/it, -ELBO=0.5777, Potential Metric=0.1842, Entropy Metric=0.0512]

Epoch 62:  31%|███▏      | 10/32 [00:02<00:04,  4.71it/s][A
Training Epochs:  62%|██████▏   | 62/100 [05:51<04:12,  6.63s/it, -ELBO=0.5608, Potential Metric=0.1830, Entropy Metric=0.0545]

Epoch 62:  34%|███▍      | 11/32 [00:02<00:04,  4.86it/s][A
Training Epochs:  62%|██████▏   | 62/100 [05:51<04:12,  6.63s/it, -ELBO=0.5025, Potential Metric=0.1745, Entropy Metric=0.0496]

Epoch 62:  38%|███▊      | 12/32 [00:02<00:04,  4.91it/s][A
Training Epochs:  62%|██████▏   | 62/100 [05:52<04:12,  6.63s/it, -ELBO=0.5508, Potential Metric=0.1652, Entropy Metric=0.0535]

Epoch 62:  41%|████      | 13/32 [00:02<00:03,  4.88it/s][A
Training Epochs:  62%|██████▏   | 62/100 [05:52<04:12,  6.63s/it, -ELBO=0.5606, Potential Metric=0.1839, Entropy Metric=0.0552]

Epoch 62:  44%|████▍     | 14/32 [00:02<00:03,  4.93it/s][A
Training Epochs:  62%|██████▏   | 62/100 [05:52<04:12,  6.63s/it, -ELBO=0.5601, Potential Metric=0.1930, Entropy Metric=0.0561]

Epoch 62:  47%|████▋     | 15/32 [00:03<00:03,  4.93it/s][A
Training Epochs:  62%|██████▏   | 62/100 [05:52<04:12,  6.63s/it, -ELBO=0.5628, Potential Metric=0.1768, Entropy Metric=0.0519]

Epoch 62:  50%|█████     | 16/32 [00:03<00:03,  4.99it/s][A
Training Epochs:  62%|██████▏   | 62/100 [05:52<04:12,  6.63s/it, -ELBO=0.5777, Potential Metric=0.1790, Entropy Metric=0.0522]

Epoch 62:  53%|█████▎    | 17/32 [00:03<00:03,  4.89it/s][A
Training Epochs:  62%|██████▏   | 62/100 [05:53<04:12,  6.63s/it, -ELBO=0.5475, Potential Metric=0.1693, Entropy Metric=0.0556]

Epoch 62:  56%|█████▋    | 18/32 [00:03<00:02,  4.98it/s][A
Training Epochs:  62%|██████▏   | 62/100 [05:53<04:12,  6.63s/it, -ELBO=0.5334, Potential Metric=0.1893, Entropy Metric=0.0535]

Epoch 62:  59%|█████▉    | 19/32 [00:03<00:02,  4.98it/s][A
Training Epochs:  62%|██████▏   | 62/100 [05:53<04:12,  6.63s/it, -ELBO=0.6058, Potential Metric=0.1806, Entropy Metric=0.0525]

Epoch 62:  62%|██████▎   | 20/32 [00:04<00:02,  4.09it/s][A
Training Epochs:  62%|██████▏   | 62/100 [05:53<04:12,  6.63s/it, -ELBO=0.6134, Potential Metric=0.1953, Entropy Metric=0.0590]

Epoch 62:  66%|██████▌   | 21/32 [00:04<00:02,  4.31it/s][A
Training Epochs:  62%|██████▏   | 62/100 [05:54<04:12,  6.63s/it, -ELBO=0.6015, Potential Metric=0.2012, Entropy Metric=0.0634]

Epoch 62:  69%|██████▉   | 22/32 [00:04<00:02,  4.35it/s][A
Training Epochs:  62%|██████▏   | 62/100 [05:54<04:12,  6.63s/it, -ELBO=0.5775, Potential Metric=0.1826, Entropy Metric=0.0640]

Epoch 62:  72%|███████▏  | 23/32 [00:04<00:02,  4.42it/s][A
Training Epochs:  62%|██████▏   | 62/100 [05:54<04:12,  6.63s/it, -ELBO=0.5680, Potential Metric=0.1844, Entropy Metric=0.0637]

Epoch 62:  75%|███████▌  | 24/32 [00:05<00:01,  4.50it/s][A
Training Epochs:  62%|██████▏   | 62/100 [05:54<04:12,  6.63s/it, -ELBO=0.5613, Potential Metric=0.1920, Entropy Metric=0.0627]

Epoch 62:  78%|███████▊  | 25/32 [00:05<00:01,  4.64it/s][A
Training Epochs:  62%|██████▏   | 62/100 [05:54<04:12,  6.63s/it, -ELBO=0.5543, Potential Metric=0.1774, Entropy Metric=0.0601]

Epoch 62:  81%|████████▏ | 26/32 [00:05<00:01,  4.63it/s][A
Training Epochs:  62%|██████▏   | 62/100 [05:55<04:12,  6.63s/it, -ELBO=0.6125, Potential Metric=0.1898, Entropy Metric=0.0582]

Epoch 62:  84%|████████▍ | 27/32 [00:05<00:01,  4.68it/s][A
Training Epochs:  62%|██████▏   | 62/100 [05:55<04:12,  6.63s/it, -ELBO=0.6682, Potential Metric=0.1769, Entropy Metric=0.0596]

Epoch 62:  88%|████████▊ | 28/32 [00:05<00:00,  4.70it/s][A
Training Epochs:  62%|██████▏   | 62/100 [05:55<04:12,  6.63s/it, -ELBO=0.5830, Potential Metric=0.1913, Entropy Metric=0.0586]

Epoch 62:  91%|█████████ | 29/32 [00:06<00:00,  4.58it/s][A
Training Epochs:  62%|██████▏   | 62/100 [05:55<04:12,  6.63s/it, -ELBO=0.5795, Potential Metric=0.2161, Entropy Metric=0.0595]

Epoch 62:  94%|█████████▍| 30/32 [00:06<00:00,  4.64it/s][A
Training Epochs:  62%|██████▏   | 62/100 [05:56<04:12,  6.63s/it, -ELBO=0.5797, Potential Metric=0.1805, Entropy Metric=0.0598]

Epoch 62:  97%|█████████▋| 31/32 [00:06<00:00,  4.49it/s][A
Training Epochs:  62%|██████▏   | 62/100 [05:56<04:12,  6.63s/it, -ELBO=0.5086, Potential Metric=0.1703, Entropy Metric=0.0580]

Epoch 62: 100%|██████████| 32/32 [00:06<00:00,  4.47it/s][A

                                                         [A
Training Epochs:  63%|██████▎   | 63/100 [05:56<04:09,  6.75s/it, -ELBO=0.5086, Potential Metric=0.1703, Entropy Metric=0.0580]

Epoch 63:   0%|          | 0/32 [00:00<?, ?it/s][A
Training Epochs:  63%|██████▎   | 63/100 [05:56<04:09,  6.75s/it, -ELBO=0.5817, Potential Metric=0.1931, Entropy Metric=0.0583]

Epoch 63:   3%|▎         | 1/32 [00:00<00:07,  3.88it/s][A
Training Epochs:  63%|██████▎   | 63/100 [05:56<04:09,  6.75s/it, -ELBO=0.5602, Potential Metric=0.1867, Entropy Metric=0.0604]

Epoch 63:   6%|▋         | 2/32 [00:00<00:07,  4.23it/s][A
Training Epochs:  63%|██████▎   | 63/100 [05:57<04:09,  6.75s/it, -ELBO=0.5450, Potential Metric=0.1885, Entropy Metric=0.0573]

Epoch 63:   9%|▉         | 3/32 [00:00<00:06,  4.55it/s][A
Training Epochs:  63%|██████▎   | 63/100 [05:57<04:09,  6.75s/it, -ELBO=0.5414, Potential Metric=0.1989, Entropy Metric=0.0559]

Epoch 63:  12%|█▎        | 4/32 [00:00<00:05,  4.71it/s][A
Training Epochs:  63%|██████▎   | 63/100 [05:57<04:09,  6.75s/it, -ELBO=0.5669, Potential Metric=0.1913, Entropy Metric=0.0542]

Epoch 63:  16%|█▌        | 5/32 [00:01<00:05,  4.83it/s][A
Training Epochs:  63%|██████▎   | 63/100 [05:57<04:09,  6.75s/it, -ELBO=0.5054, Potential Metric=0.1898, Entropy Metric=0.0564]

Epoch 63:  19%|█▉        | 6/32 [00:01<00:05,  4.86it/s][A
Training Epochs:  63%|██████▎   | 63/100 [05:57<04:09,  6.75s/it, -ELBO=0.5586, Potential Metric=0.1933, Entropy Metric=0.0532]

Epoch 63:  22%|██▏       | 7/32 [00:01<00:05,  4.86it/s][A
Training Epochs:  63%|██████▎   | 63/100 [05:58<04:09,  6.75s/it, -ELBO=0.5762, Potential Metric=0.1968, Entropy Metric=0.0552]

Epoch 63:  25%|██▌       | 8/32 [00:01<00:04,  4.84it/s][A
Training Epochs:  63%|██████▎   | 63/100 [05:58<04:09,  6.75s/it, -ELBO=0.5691, Potential Metric=0.1625, Entropy Metric=0.0529]

Epoch 63:  28%|██▊       | 9/32 [00:01<00:04,  4.84it/s][A
Training Epochs:  63%|██████▎   | 63/100 [05:58<04:09,  6.75s/it, -ELBO=0.5656, Potential Metric=0.1772, Entropy Metric=0.0557]

Epoch 63:  31%|███▏      | 10/32 [00:02<00:04,  4.91it/s][A
Training Epochs:  63%|██████▎   | 63/100 [05:58<04:09,  6.75s/it, -ELBO=0.5723, Potential Metric=0.1929, Entropy Metric=0.0559]

Epoch 63:  34%|███▍      | 11/32 [00:02<00:04,  4.88it/s][A
Training Epochs:  63%|██████▎   | 63/100 [05:58<04:09,  6.75s/it, -ELBO=0.5867, Potential Metric=0.1804, Entropy Metric=0.0529]

Epoch 63:  38%|███▊      | 12/32 [00:02<00:04,  4.99it/s][A
Training Epochs:  63%|██████▎   | 63/100 [05:59<04:09,  6.75s/it, -ELBO=0.5893, Potential Metric=0.1769, Entropy Metric=0.0561]

Epoch 63:  41%|████      | 13/32 [00:02<00:03,  4.98it/s][A
Training Epochs:  63%|██████▎   | 63/100 [05:59<04:09,  6.75s/it, -ELBO=0.5378, Potential Metric=0.1955, Entropy Metric=0.0523]

Epoch 63:  44%|████▍     | 14/32 [00:02<00:03,  4.93it/s][A
Training Epochs:  63%|██████▎   | 63/100 [05:59<04:09,  6.75s/it, -ELBO=0.5778, Potential Metric=0.2010, Entropy Metric=0.0552]

Epoch 63:  47%|████▋     | 15/32 [00:03<00:03,  4.96it/s][A
Training Epochs:  63%|██████▎   | 63/100 [05:59<04:09,  6.75s/it, -ELBO=0.6116, Potential Metric=0.1719, Entropy Metric=0.0570]

Epoch 63:  50%|█████     | 16/32 [00:03<00:03,  5.06it/s][A
Training Epochs:  63%|██████▎   | 63/100 [05:59<04:09,  6.75s/it, -ELBO=0.6256, Potential Metric=0.1917, Entropy Metric=0.0606]

Epoch 63:  53%|█████▎    | 17/32 [00:03<00:03,  5.00it/s][A
Training Epochs:  63%|██████▎   | 63/100 [06:00<04:09,  6.75s/it, -ELBO=0.5553, Potential Metric=0.1842, Entropy Metric=0.0588]

Epoch 63:  56%|█████▋    | 18/32 [00:03<00:02,  5.00it/s][A
Training Epochs:  63%|██████▎   | 63/100 [06:00<04:09,  6.75s/it, -ELBO=0.4873, Potential Metric=0.1991, Entropy Metric=0.0642]

Epoch 63:  59%|█████▉    | 19/32 [00:03<00:02,  4.94it/s][A
Training Epochs:  63%|██████▎   | 63/100 [06:00<04:09,  6.75s/it, -ELBO=0.6257, Potential Metric=0.1813, Entropy Metric=0.0632]

Epoch 63:  62%|██████▎   | 20/32 [00:04<00:02,  4.93it/s][A
Training Epochs:  63%|██████▎   | 63/100 [06:00<04:09,  6.75s/it, -ELBO=0.5405, Potential Metric=0.2006, Entropy Metric=0.0641]

Epoch 63:  66%|██████▌   | 21/32 [00:04<00:02,  4.86it/s][A
Training Epochs:  63%|██████▎   | 63/100 [06:00<04:09,  6.75s/it, -ELBO=0.5519, Potential Metric=0.1864, Entropy Metric=0.0646]

Epoch 63:  69%|██████▉   | 22/32 [00:04<00:02,  4.95it/s][A
Training Epochs:  63%|██████▎   | 63/100 [06:01<04:09,  6.75s/it, -ELBO=0.5791, Potential Metric=0.1946, Entropy Metric=0.0663]

Epoch 63:  72%|███████▏  | 23/32 [00:04<00:01,  5.05it/s][A
Training Epochs:  63%|██████▎   | 63/100 [06:01<04:09,  6.75s/it, -ELBO=0.6084, Potential Metric=0.1908, Entropy Metric=0.0595]

Epoch 63:  75%|███████▌  | 24/32 [00:04<00:01,  5.09it/s][A
Training Epochs:  63%|██████▎   | 63/100 [06:01<04:09,  6.75s/it, -ELBO=0.5798, Potential Metric=0.1930, Entropy Metric=0.0580]

Epoch 63:  78%|███████▊  | 25/32 [00:05<00:01,  5.04it/s][A
Training Epochs:  63%|██████▎   | 63/100 [06:01<04:09,  6.75s/it, -ELBO=0.5438, Potential Metric=0.1884, Entropy Metric=0.0604]

Epoch 63:  81%|████████▏ | 26/32 [00:05<00:01,  5.15it/s][A
Training Epochs:  63%|██████▎   | 63/100 [06:01<04:09,  6.75s/it, -ELBO=0.5523, Potential Metric=0.1991, Entropy Metric=0.0607]

Epoch 63:  84%|████████▍ | 27/32 [00:05<00:00,  5.01it/s][A
Training Epochs:  63%|██████▎   | 63/100 [06:02<04:09,  6.75s/it, -ELBO=0.5453, Potential Metric=0.1902, Entropy Metric=0.0558]

Epoch 63:  88%|████████▊ | 28/32 [00:05<00:00,  4.94it/s][A
Training Epochs:  63%|██████▎   | 63/100 [06:02<04:09,  6.75s/it, -ELBO=0.5194, Potential Metric=0.1922, Entropy Metric=0.0576]

Epoch 63:  91%|█████████ | 29/32 [00:05<00:00,  4.92it/s][A
Training Epochs:  63%|██████▎   | 63/100 [06:02<04:09,  6.75s/it, -ELBO=0.5501, Potential Metric=0.1837, Entropy Metric=0.0556]

Epoch 63:  94%|█████████▍| 30/32 [00:06<00:00,  4.97it/s][A
Training Epochs:  63%|██████▎   | 63/100 [06:02<04:09,  6.75s/it, -ELBO=0.5377, Potential Metric=0.1895, Entropy Metric=0.0539]

Epoch 63:  97%|█████████▋| 31/32 [00:06<00:00,  4.96it/s][A
Training Epochs:  63%|██████▎   | 63/100 [06:02<04:09,  6.75s/it, -ELBO=0.5075, Potential Metric=0.1808, Entropy Metric=0.0527]

Epoch 63: 100%|██████████| 32/32 [00:06<00:00,  4.90it/s][A

                                                         [A
Training Epochs:  64%|██████▍   | 64/100 [06:02<04:01,  6.71s/it, -ELBO=0.5075, Potential Metric=0.1808, Entropy Metric=0.0527]

Epoch 64:   0%|          | 0/32 [00:00<?, ?it/s][A
Training Epochs:  64%|██████▍   | 64/100 [06:03<04:01,  6.71s/it, -ELBO=0.5626, Potential Metric=0.1825, Entropy Metric=0.0531]

Epoch 64:   3%|▎         | 1/32 [00:00<00:07,  4.32it/s][A
Training Epochs:  64%|██████▍   | 64/100 [06:03<04:01,  6.71s/it, -ELBO=0.5605, Potential Metric=0.1878, Entropy Metric=0.0480]

Epoch 64:   6%|▋         | 2/32 [00:00<00:06,  4.59it/s][A
Training Epochs:  64%|██████▍   | 64/100 [06:03<04:01,  6.71s/it, -ELBO=0.5620, Potential Metric=0.1774, Entropy Metric=0.0494]

Epoch 64:   9%|▉         | 3/32 [00:00<00:06,  4.81it/s][A
Training Epochs:  64%|██████▍   | 64/100 [06:03<04:01,  6.71s/it, -ELBO=0.5360, Potential Metric=0.1910, Entropy Metric=0.0515]

Epoch 64:  12%|█▎        | 4/32 [00:00<00:05,  4.84it/s][A
Training Epochs:  64%|██████▍   | 64/100 [06:04<04:01,  6.71s/it, -ELBO=0.5775, Potential Metric=0.1807, Entropy Metric=0.0487]

Epoch 64:  16%|█▌        | 5/32 [00:01<00:05,  4.89it/s][A
Training Epochs:  64%|██████▍   | 64/100 [06:04<04:01,  6.71s/it, -ELBO=0.5303, Potential Metric=0.2016, Entropy Metric=0.0522]

Epoch 64:  19%|█▉        | 6/32 [00:01<00:05,  4.96it/s][A
Training Epochs:  64%|██████▍   | 64/100 [06:04<04:01,  6.71s/it, -ELBO=0.5115, Potential Metric=0.1825, Entropy Metric=0.0499]

Epoch 64:  22%|██▏       | 7/32 [00:01<00:05,  4.94it/s][A
Training Epochs:  64%|██████▍   | 64/100 [06:04<04:01,  6.71s/it, -ELBO=0.5590, Potential Metric=0.2011, Entropy Metric=0.0512]

Epoch 64:  25%|██▌       | 8/32 [00:01<00:04,  4.85it/s][A
Training Epochs:  64%|██████▍   | 64/100 [06:04<04:01,  6.71s/it, -ELBO=0.5947, Potential Metric=0.2007, Entropy Metric=0.0502]

Epoch 64:  28%|██▊       | 9/32 [00:01<00:04,  4.80it/s][A
Training Epochs:  64%|██████▍   | 64/100 [06:05<04:01,  6.71s/it, -ELBO=0.5467, Potential Metric=0.2004, Entropy Metric=0.0521]

Epoch 64:  31%|███▏      | 10/32 [00:02<00:04,  4.82it/s][A
Training Epochs:  64%|██████▍   | 64/100 [06:05<04:01,  6.71s/it, -ELBO=0.5848, Potential Metric=0.1906, Entropy Metric=0.0498]

Epoch 64:  34%|███▍      | 11/32 [00:02<00:04,  4.90it/s][A
Training Epochs:  64%|██████▍   | 64/100 [06:05<04:01,  6.71s/it, -ELBO=0.5499, Potential Metric=0.1785, Entropy Metric=0.0508]

Epoch 64:  38%|███▊      | 12/32 [00:02<00:04,  4.92it/s][A
Training Epochs:  64%|██████▍   | 64/100 [06:05<04:01,  6.71s/it, -ELBO=0.5883, Potential Metric=0.2052, Entropy Metric=0.0555]

Epoch 64:  41%|████      | 13/32 [00:02<00:03,  4.94it/s][A
Training Epochs:  64%|██████▍   | 64/100 [06:05<04:01,  6.71s/it, -ELBO=0.5580, Potential Metric=0.1866, Entropy Metric=0.0533]

Epoch 64:  44%|████▍     | 14/32 [00:02<00:03,  4.87it/s][A
Training Epochs:  64%|██████▍   | 64/100 [06:06<04:01,  6.71s/it, -ELBO=0.5367, Potential Metric=0.1840, Entropy Metric=0.0547]

Epoch 64:  47%|████▋     | 15/32 [00:03<00:03,  4.89it/s][A
Training Epochs:  64%|██████▍   | 64/100 [06:06<04:01,  6.71s/it, -ELBO=0.5452, Potential Metric=0.1975, Entropy Metric=0.0554]

Epoch 64:  50%|█████     | 16/32 [00:03<00:03,  4.92it/s][A
Training Epochs:  64%|██████▍   | 64/100 [06:06<04:01,  6.71s/it, -ELBO=0.5322, Potential Metric=0.1803, Entropy Metric=0.0551]

Epoch 64:  53%|█████▎    | 17/32 [00:03<00:03,  4.88it/s][A
Training Epochs:  64%|██████▍   | 64/100 [06:06<04:01,  6.71s/it, -ELBO=0.5616, Potential Metric=0.1921, Entropy Metric=0.0565]

Epoch 64:  56%|█████▋    | 18/32 [00:03<00:02,  4.94it/s][A
Training Epochs:  64%|██████▍   | 64/100 [06:06<04:01,  6.71s/it, -ELBO=0.5610, Potential Metric=0.1729, Entropy Metric=0.0585]

Epoch 64:  59%|█████▉    | 19/32 [00:03<00:02,  4.95it/s][A
Training Epochs:  64%|██████▍   | 64/100 [06:07<04:01,  6.71s/it, -ELBO=0.5648, Potential Metric=0.1886, Entropy Metric=0.0544]

Epoch 64:  62%|██████▎   | 20/32 [00:04<00:02,  4.85it/s][A
Training Epochs:  64%|██████▍   | 64/100 [06:07<04:01,  6.71s/it, -ELBO=0.5355, Potential Metric=0.1909, Entropy Metric=0.0548]

Epoch 64:  66%|██████▌   | 21/32 [00:04<00:02,  4.92it/s][A
Training Epochs:  64%|██████▍   | 64/100 [06:07<04:01,  6.71s/it, -ELBO=0.5114, Potential Metric=0.1904, Entropy Metric=0.0527]

Epoch 64:  69%|██████▉   | 22/32 [00:04<00:02,  4.94it/s][A
Training Epochs:  64%|██████▍   | 64/100 [06:07<04:01,  6.71s/it, -ELBO=0.5335, Potential Metric=0.1943, Entropy Metric=0.0552]

Epoch 64:  72%|███████▏  | 23/32 [00:04<00:01,  4.98it/s][A
Training Epochs:  64%|██████▍   | 64/100 [06:07<04:01,  6.71s/it, -ELBO=0.5792, Potential Metric=0.1918, Entropy Metric=0.0545]

Epoch 64:  75%|███████▌  | 24/32 [00:04<00:01,  5.02it/s][A
Training Epochs:  64%|██████▍   | 64/100 [06:08<04:01,  6.71s/it, -ELBO=0.5050, Potential Metric=0.1982, Entropy Metric=0.0535]

Epoch 64:  78%|███████▊  | 25/32 [00:05<00:01,  5.00it/s][A
Training Epochs:  64%|██████▍   | 64/100 [06:08<04:01,  6.71s/it, -ELBO=0.5691, Potential Metric=0.1946, Entropy Metric=0.0562]

Epoch 64:  81%|████████▏ | 26/32 [00:05<00:01,  5.02it/s][A
Training Epochs:  64%|██████▍   | 64/100 [06:08<04:01,  6.71s/it, -ELBO=0.5383, Potential Metric=0.1692, Entropy Metric=0.0522]

Epoch 64:  84%|████████▍ | 27/32 [00:05<00:00,  5.01it/s][A
Training Epochs:  64%|██████▍   | 64/100 [06:08<04:01,  6.71s/it, -ELBO=0.5674, Potential Metric=0.1905, Entropy Metric=0.0539]

Epoch 64:  88%|████████▊ | 28/32 [00:05<00:00,  4.95it/s][A
Training Epochs:  64%|██████▍   | 64/100 [06:09<04:01,  6.71s/it, -ELBO=0.5304, Potential Metric=0.1777, Entropy Metric=0.0556]

Epoch 64:  91%|█████████ | 29/32 [00:05<00:00,  4.92it/s][A
Training Epochs:  64%|██████▍   | 64/100 [06:09<04:01,  6.71s/it, -ELBO=0.5495, Potential Metric=0.1854, Entropy Metric=0.0530]

Epoch 64:  94%|█████████▍| 30/32 [00:06<00:00,  4.93it/s][A
Training Epochs:  64%|██████▍   | 64/100 [06:09<04:01,  6.71s/it, -ELBO=0.5575, Potential Metric=0.1983, Entropy Metric=0.0547]

Epoch 64:  97%|█████████▋| 31/32 [00:06<00:00,  4.98it/s][A
Training Epochs:  64%|██████▍   | 64/100 [06:09<04:01,  6.71s/it, -ELBO=0.5848, Potential Metric=0.2113, Entropy Metric=0.0563]

Epoch 64: 100%|██████████| 32/32 [00:06<00:00,  4.99it/s][A

                                                         [A
Training Epochs:  65%|██████▌   | 65/100 [06:09<03:55,  6.72s/it, -ELBO=0.5848, Potential Metric=0.2113, Entropy Metric=0.0563]

Epoch 65:   0%|          | 0/32 [00:00<?, ?it/s][A
Training Epochs:  65%|██████▌   | 65/100 [06:10<03:55,  6.72s/it, -ELBO=0.5022, Potential Metric=0.2075, Entropy Metric=0.0533]

Epoch 65:   3%|▎         | 1/32 [00:00<00:07,  4.01it/s][A
Training Epochs:  65%|██████▌   | 65/100 [06:10<03:55,  6.72s/it, -ELBO=0.5757, Potential Metric=0.1681, Entropy Metric=0.0552]

Epoch 65:   6%|▋         | 2/32 [00:00<00:06,  4.66it/s][A
Training Epochs:  65%|██████▌   | 65/100 [06:10<03:55,  6.72s/it, -ELBO=0.5375, Potential Metric=0.1754, Entropy Metric=0.0497]

Epoch 65:   9%|▉         | 3/32 [00:00<00:05,  4.93it/s][A
Training Epochs:  65%|██████▌   | 65/100 [06:10<03:55,  6.72s/it, -ELBO=0.5807, Potential Metric=0.1929, Entropy Metric=0.0496]

Epoch 65:  12%|█▎        | 4/32 [00:00<00:05,  4.91it/s][A
Training Epochs:  65%|██████▌   | 65/100 [06:10<03:55,  6.72s/it, -ELBO=0.5224, Potential Metric=0.1812, Entropy Metric=0.0503]

Epoch 65:  16%|█▌        | 5/32 [00:01<00:05,  4.93it/s][A
Training Epochs:  65%|██████▌   | 65/100 [06:11<03:55,  6.72s/it, -ELBO=0.5389, Potential Metric=0.1898, Entropy Metric=0.0492]

Epoch 65:  19%|█▉        | 6/32 [00:01<00:05,  4.86it/s][A
Training Epochs:  65%|██████▌   | 65/100 [06:11<03:55,  6.72s/it, -ELBO=0.5233, Potential Metric=0.1869, Entropy Metric=0.0503]

Epoch 65:  22%|██▏       | 7/32 [00:01<00:05,  4.93it/s][A
Training Epochs:  65%|██████▌   | 65/100 [06:11<03:55,  6.72s/it, -ELBO=0.5266, Potential Metric=0.1982, Entropy Metric=0.0475]

Epoch 65:  25%|██▌       | 8/32 [00:01<00:04,  4.96it/s][A
Training Epochs:  65%|██████▌   | 65/100 [06:11<03:55,  6.72s/it, -ELBO=0.5335, Potential Metric=0.1884, Entropy Metric=0.0488]

Epoch 65:  28%|██▊       | 9/32 [00:01<00:04,  5.05it/s][A
Training Epochs:  65%|██████▌   | 65/100 [06:11<03:55,  6.72s/it, -ELBO=0.5660, Potential Metric=0.1983, Entropy Metric=0.0519]

Epoch 65:  31%|███▏      | 10/32 [00:02<00:04,  5.06it/s][A
Training Epochs:  65%|██████▌   | 65/100 [06:12<03:55,  6.72s/it, -ELBO=0.5274, Potential Metric=0.1913, Entropy Metric=0.0520]

Epoch 65:  34%|███▍      | 11/32 [00:02<00:04,  5.00it/s][A
Training Epochs:  65%|██████▌   | 65/100 [06:12<03:55,  6.72s/it, -ELBO=0.5776, Potential Metric=0.1792, Entropy Metric=0.0551]

Epoch 65:  38%|███▊      | 12/32 [00:02<00:04,  4.90it/s][A
Training Epochs:  65%|██████▌   | 65/100 [06:12<03:55,  6.72s/it, -ELBO=0.5367, Potential Metric=0.1780, Entropy Metric=0.0538]

Epoch 65:  41%|████      | 13/32 [00:02<00:03,  4.94it/s][A
Training Epochs:  65%|██████▌   | 65/100 [06:12<03:55,  6.72s/it, -ELBO=0.5328, Potential Metric=0.1861, Entropy Metric=0.0548]

Epoch 65:  44%|████▍     | 14/32 [00:02<00:03,  4.99it/s][A
Training Epochs:  65%|██████▌   | 65/100 [06:12<03:55,  6.72s/it, -ELBO=0.5131, Potential Metric=0.1931, Entropy Metric=0.0600]

Epoch 65:  47%|████▋     | 15/32 [00:03<00:03,  4.96it/s][A
Training Epochs:  65%|██████▌   | 65/100 [06:13<03:55,  6.72s/it, -ELBO=0.5545, Potential Metric=0.2085, Entropy Metric=0.0589]

Epoch 65:  50%|█████     | 16/32 [00:03<00:03,  4.96it/s][A
Training Epochs:  65%|██████▌   | 65/100 [06:13<03:55,  6.72s/it, -ELBO=0.5684, Potential Metric=0.1883, Entropy Metric=0.0557]

Epoch 65:  53%|█████▎    | 17/32 [00:03<00:03,  4.87it/s][A
Training Epochs:  65%|██████▌   | 65/100 [06:13<03:55,  6.72s/it, -ELBO=0.5581, Potential Metric=0.1945, Entropy Metric=0.0554]

Epoch 65:  56%|█████▋    | 18/32 [00:03<00:02,  4.80it/s][A
Training Epochs:  65%|██████▌   | 65/100 [06:13<03:55,  6.72s/it, -ELBO=0.5317, Potential Metric=0.1976, Entropy Metric=0.0512]

Epoch 65:  59%|█████▉    | 19/32 [00:03<00:02,  4.86it/s][A
Training Epochs:  65%|██████▌   | 65/100 [06:13<03:55,  6.72s/it, -ELBO=0.5901, Potential Metric=0.2027, Entropy Metric=0.0519]

Epoch 65:  62%|██████▎   | 20/32 [00:04<00:02,  4.93it/s][A
Training Epochs:  65%|██████▌   | 65/100 [06:14<03:55,  6.72s/it, -ELBO=0.5220, Potential Metric=0.1926, Entropy Metric=0.0552]

Epoch 65:  66%|██████▌   | 21/32 [00:04<00:02,  4.88it/s][A
Training Epochs:  65%|██████▌   | 65/100 [06:14<03:55,  6.72s/it, -ELBO=0.5538, Potential Metric=0.2088, Entropy Metric=0.0592]

Epoch 65:  69%|██████▉   | 22/32 [00:04<00:02,  4.94it/s][A
Training Epochs:  65%|██████▌   | 65/100 [06:14<03:55,  6.72s/it, -ELBO=0.5203, Potential Metric=0.1846, Entropy Metric=0.0584]

Epoch 65:  72%|███████▏  | 23/32 [00:04<00:01,  4.92it/s][A
Training Epochs:  65%|██████▌   | 65/100 [06:14<03:55,  6.72s/it, -ELBO=0.5571, Potential Metric=0.1856, Entropy Metric=0.0586]

Epoch 65:  75%|███████▌  | 24/32 [00:04<00:01,  4.92it/s][A
Training Epochs:  65%|██████▌   | 65/100 [06:14<03:55,  6.72s/it, -ELBO=0.5269, Potential Metric=0.2071, Entropy Metric=0.0590]

Epoch 65:  78%|███████▊  | 25/32 [00:05<00:01,  4.91it/s][A
Training Epochs:  65%|██████▌   | 65/100 [06:15<03:55,  6.72s/it, -ELBO=0.4970, Potential Metric=0.1848, Entropy Metric=0.0587]

Epoch 65:  81%|████████▏ | 26/32 [00:05<00:01,  4.90it/s][A
Training Epochs:  65%|██████▌   | 65/100 [06:15<03:55,  6.72s/it, -ELBO=0.6337, Potential Metric=0.1933, Entropy Metric=0.0614]

Epoch 65:  84%|████████▍ | 27/32 [00:05<00:01,  4.78it/s][A
Training Epochs:  65%|██████▌   | 65/100 [06:15<03:55,  6.72s/it, -ELBO=0.5590, Potential Metric=0.1928, Entropy Metric=0.0592]

Epoch 65:  88%|████████▊ | 28/32 [00:05<00:00,  4.68it/s][A
Training Epochs:  65%|██████▌   | 65/100 [06:15<03:55,  6.72s/it, -ELBO=0.5596, Potential Metric=0.1874, Entropy Metric=0.0613]

Epoch 65:  91%|█████████ | 29/32 [00:05<00:00,  4.75it/s][A
Training Epochs:  65%|██████▌   | 65/100 [06:15<03:55,  6.72s/it, -ELBO=0.5750, Potential Metric=0.1932, Entropy Metric=0.0574]

Epoch 65:  94%|█████████▍| 30/32 [00:06<00:00,  4.82it/s][A
Training Epochs:  65%|██████▌   | 65/100 [06:16<03:55,  6.72s/it, -ELBO=0.5586, Potential Metric=0.1918, Entropy Metric=0.0574]

Epoch 65:  97%|█████████▋| 31/32 [00:06<00:00,  4.86it/s][A
Training Epochs:  65%|██████▌   | 65/100 [06:16<03:55,  6.72s/it, -ELBO=0.5608, Potential Metric=0.1869, Entropy Metric=0.0559]

Epoch 65: 100%|██████████| 32/32 [00:06<00:00,  4.87it/s][A

                                                         [A
Training Epochs:  66%|██████▌   | 66/100 [06:16<03:48,  6.72s/it, -ELBO=0.5608, Potential Metric=0.1869, Entropy Metric=0.0559]

Epoch 66:   0%|          | 0/32 [00:00<?, ?it/s][A
Training Epochs:  66%|██████▌   | 66/100 [06:16<03:48,  6.72s/it, -ELBO=0.5613, Potential Metric=0.1968, Entropy Metric=0.0617]

Epoch 66:   3%|▎         | 1/32 [00:00<00:07,  4.28it/s][A
Training Epochs:  66%|██████▌   | 66/100 [06:16<03:48,  6.72s/it, -ELBO=0.5447, Potential Metric=0.2127, Entropy Metric=0.0551]

Epoch 66:   6%|▋         | 2/32 [00:00<00:06,  4.66it/s][A
Training Epochs:  66%|██████▌   | 66/100 [06:17<03:48,  6.72s/it, -ELBO=0.6343, Potential Metric=0.1888, Entropy Metric=0.0528]

Epoch 66:   9%|▉         | 3/32 [00:00<00:06,  4.79it/s][A
Training Epochs:  66%|██████▌   | 66/100 [06:17<03:48,  6.72s/it, -ELBO=0.4977, Potential Metric=0.1942, Entropy Metric=0.0534]

Epoch 66:  12%|█▎        | 4/32 [00:00<00:06,  4.66it/s][A
Training Epochs:  66%|██████▌   | 66/100 [06:17<03:48,  6.72s/it, -ELBO=0.5412, Potential Metric=0.1977, Entropy Metric=0.0519]

Epoch 66:  16%|█▌        | 5/32 [00:01<00:05,  4.70it/s][A
Training Epochs:  66%|██████▌   | 66/100 [06:17<03:48,  6.72s/it, -ELBO=0.5819, Potential Metric=0.1766, Entropy Metric=0.0521]

Epoch 66:  19%|█▉        | 6/32 [00:01<00:05,  4.76it/s][A
Training Epochs:  66%|██████▌   | 66/100 [06:17<03:48,  6.72s/it, -ELBO=0.5183, Potential Metric=0.1944, Entropy Metric=0.0523]

Epoch 66:  22%|██▏       | 7/32 [00:01<00:05,  4.73it/s][A
Training Epochs:  66%|██████▌   | 66/100 [06:18<03:48,  6.72s/it, -ELBO=0.5430, Potential Metric=0.1808, Entropy Metric=0.0563]

Epoch 66:  25%|██▌       | 8/32 [00:01<00:05,  4.68it/s][A
Training Epochs:  66%|██████▌   | 66/100 [06:18<03:48,  6.72s/it, -ELBO=0.5573, Potential Metric=0.1875, Entropy Metric=0.0557]

Epoch 66:  28%|██▊       | 9/32 [00:01<00:04,  4.64it/s][A
Training Epochs:  66%|██████▌   | 66/100 [06:18<03:48,  6.72s/it, -ELBO=0.5463, Potential Metric=0.1907, Entropy Metric=0.0544]

Epoch 66:  31%|███▏      | 10/32 [00:02<00:04,  4.86it/s][A
Training Epochs:  66%|██████▌   | 66/100 [06:18<03:48,  6.72s/it, -ELBO=0.5299, Potential Metric=0.1910, Entropy Metric=0.0549]

Epoch 66:  34%|███▍      | 11/32 [00:02<00:04,  4.86it/s][A
Training Epochs:  66%|██████▌   | 66/100 [06:19<03:48,  6.72s/it, -ELBO=0.5482, Potential Metric=0.1931, Entropy Metric=0.0568]

Epoch 66:  38%|███▊      | 12/32 [00:02<00:04,  4.90it/s][A
Training Epochs:  66%|██████▌   | 66/100 [06:19<03:48,  6.72s/it, -ELBO=0.5135, Potential Metric=0.2008, Entropy Metric=0.0608]

Epoch 66:  41%|████      | 13/32 [00:02<00:03,  4.92it/s][A
Training Epochs:  66%|██████▌   | 66/100 [06:19<03:48,  6.72s/it, -ELBO=0.5373, Potential Metric=0.1910, Entropy Metric=0.0619]

Epoch 66:  44%|████▍     | 14/32 [00:02<00:03,  4.90it/s][A
Training Epochs:  66%|██████▌   | 66/100 [06:19<03:48,  6.72s/it, -ELBO=0.4849, Potential Metric=0.1965, Entropy Metric=0.0584]

Epoch 66:  47%|████▋     | 15/32 [00:03<00:03,  4.91it/s][A
Training Epochs:  66%|██████▌   | 66/100 [06:19<03:48,  6.72s/it, -ELBO=0.5047, Potential Metric=0.1821, Entropy Metric=0.0574]

Epoch 66:  50%|█████     | 16/32 [00:03<00:03,  4.85it/s][A
Training Epochs:  66%|██████▌   | 66/100 [06:20<03:48,  6.72s/it, -ELBO=0.5605, Potential Metric=0.2049, Entropy Metric=0.0596]

Epoch 66:  53%|█████▎    | 17/32 [00:03<00:03,  3.95it/s][A
Training Epochs:  66%|██████▌   | 66/100 [06:20<03:48,  6.72s/it, -ELBO=0.5359, Potential Metric=0.2104, Entropy Metric=0.0558]

Epoch 66:  56%|█████▋    | 18/32 [00:03<00:03,  4.17it/s][A
Training Epochs:  66%|██████▌   | 66/100 [06:20<03:48,  6.72s/it, -ELBO=0.5807, Potential Metric=0.2040, Entropy Metric=0.0515]

Epoch 66:  59%|█████▉    | 19/32 [00:04<00:03,  4.31it/s][A
Training Epochs:  66%|██████▌   | 66/100 [06:20<03:48,  6.72s/it, -ELBO=0.5126, Potential Metric=0.1911, Entropy Metric=0.0548]

Epoch 66:  62%|██████▎   | 20/32 [00:04<00:02,  4.38it/s][A
Training Epochs:  66%|██████▌   | 66/100 [06:21<03:48,  6.72s/it, -ELBO=0.5555, Potential Metric=0.1886, Entropy Metric=0.0580]

Epoch 66:  66%|██████▌   | 21/32 [00:04<00:02,  4.52it/s][A
Training Epochs:  66%|██████▌   | 66/100 [06:21<03:48,  6.72s/it, -ELBO=0.5068, Potential Metric=0.1915, Entropy Metric=0.0556]

Epoch 66:  69%|██████▉   | 22/32 [00:04<00:02,  4.57it/s][A
Training Epochs:  66%|██████▌   | 66/100 [06:21<03:48,  6.72s/it, -ELBO=0.5274, Potential Metric=0.2032, Entropy Metric=0.0562]

Epoch 66:  72%|███████▏  | 23/32 [00:04<00:01,  4.71it/s][A
Training Epochs:  66%|██████▌   | 66/100 [06:21<03:48,  6.72s/it, -ELBO=0.5379, Potential Metric=0.1828, Entropy Metric=0.0586]

Epoch 66:  75%|███████▌  | 24/32 [00:05<00:01,  4.65it/s][A
Training Epochs:  66%|██████▌   | 66/100 [06:21<03:48,  6.72s/it, -ELBO=0.5268, Potential Metric=0.1991, Entropy Metric=0.0595]

Epoch 66:  78%|███████▊  | 25/32 [00:05<00:01,  4.65it/s][A
Training Epochs:  66%|██████▌   | 66/100 [06:22<03:48,  6.72s/it, -ELBO=0.5188, Potential Metric=0.1875, Entropy Metric=0.0589]

Epoch 66:  81%|████████▏ | 26/32 [00:05<00:01,  4.70it/s][A
Training Epochs:  66%|██████▌   | 66/100 [06:22<03:48,  6.72s/it, -ELBO=0.5685, Potential Metric=0.1779, Entropy Metric=0.0575]

Epoch 66:  84%|████████▍ | 27/32 [00:05<00:01,  4.76it/s][A
Training Epochs:  66%|██████▌   | 66/100 [06:22<03:48,  6.72s/it, -ELBO=0.5456, Potential Metric=0.1970, Entropy Metric=0.0599]

Epoch 66:  88%|████████▊ | 28/32 [00:06<00:00,  4.80it/s][A
Training Epochs:  66%|██████▌   | 66/100 [06:22<03:48,  6.72s/it, -ELBO=0.5438, Potential Metric=0.1859, Entropy Metric=0.0535]

Epoch 66:  91%|█████████ | 29/32 [00:06<00:00,  4.85it/s][A
Training Epochs:  66%|██████▌   | 66/100 [06:22<03:48,  6.72s/it, -ELBO=0.5291, Potential Metric=0.1890, Entropy Metric=0.0575]

Epoch 66:  94%|█████████▍| 30/32 [00:06<00:00,  4.82it/s][A
Training Epochs:  66%|██████▌   | 66/100 [06:23<03:48,  6.72s/it, -ELBO=0.5353, Potential Metric=0.1883, Entropy Metric=0.0545]

Epoch 66:  97%|█████████▋| 31/32 [00:06<00:00,  4.81it/s][A
Training Epochs:  66%|██████▌   | 66/100 [06:23<03:48,  6.72s/it, -ELBO=0.5576, Potential Metric=0.1959, Entropy Metric=0.0613]

Epoch 66: 100%|██████████| 32/32 [00:06<00:00,  4.73it/s][A

                                                         [A
Training Epochs:  67%|██████▋   | 67/100 [06:23<03:44,  6.81s/it, -ELBO=0.5576, Potential Metric=0.1959, Entropy Metric=0.0613]

Epoch 67:   0%|          | 0/32 [00:00<?, ?it/s][A
Training Epochs:  67%|██████▋   | 67/100 [06:23<03:44,  6.81s/it, -ELBO=0.5420, Potential Metric=0.1788, Entropy Metric=0.0606]

Epoch 67:   3%|▎         | 1/32 [00:00<00:07,  3.91it/s][A
Training Epochs:  67%|██████▋   | 67/100 [06:24<03:44,  6.81s/it, -ELBO=0.5054, Potential Metric=0.2001, Entropy Metric=0.0567]

Epoch 67:   6%|▋         | 2/32 [00:00<00:06,  4.52it/s][A
Training Epochs:  67%|██████▋   | 67/100 [06:24<03:44,  6.81s/it, -ELBO=0.4992, Potential Metric=0.1959, Entropy Metric=0.0563]

Epoch 67:   9%|▉         | 3/32 [00:00<00:06,  4.58it/s][A
Training Epochs:  67%|██████▋   | 67/100 [06:24<03:44,  6.81s/it, -ELBO=0.5304, Potential Metric=0.1898, Entropy Metric=0.0571]

Epoch 67:  12%|█▎        | 4/32 [00:00<00:05,  4.75it/s][A
Training Epochs:  67%|██████▋   | 67/100 [06:24<03:44,  6.81s/it, -ELBO=0.5129, Potential Metric=0.1888, Entropy Metric=0.0538]

Epoch 67:  16%|█▌        | 5/32 [00:01<00:05,  4.64it/s][A
Training Epochs:  67%|██████▋   | 67/100 [06:24<03:44,  6.81s/it, -ELBO=0.5477, Potential Metric=0.1943, Entropy Metric=0.0561]

Epoch 67:  19%|█▉        | 6/32 [00:01<00:05,  4.62it/s][A
Training Epochs:  67%|██████▋   | 67/100 [06:25<03:44,  6.81s/it, -ELBO=0.5630, Potential Metric=0.1871, Entropy Metric=0.0538]

Epoch 67:  22%|██▏       | 7/32 [00:01<00:05,  4.58it/s][A
Training Epochs:  67%|██████▋   | 67/100 [06:25<03:44,  6.81s/it, -ELBO=0.6342, Potential Metric=0.2001, Entropy Metric=0.0522]

Epoch 67:  25%|██▌       | 8/32 [00:01<00:05,  4.70it/s][A
Training Epochs:  67%|██████▋   | 67/100 [06:25<03:44,  6.81s/it, -ELBO=0.5333, Potential Metric=0.2009, Entropy Metric=0.0564]

Epoch 67:  28%|██▊       | 9/32 [00:01<00:04,  4.79it/s][A
Training Epochs:  67%|██████▋   | 67/100 [06:25<03:44,  6.81s/it, -ELBO=0.5531, Potential Metric=0.1867, Entropy Metric=0.0558]

Epoch 67:  31%|███▏      | 10/32 [00:02<00:04,  4.77it/s][A
Training Epochs:  67%|██████▋   | 67/100 [06:25<03:44,  6.81s/it, -ELBO=0.5371, Potential Metric=0.1995, Entropy Metric=0.0557]

Epoch 67:  34%|███▍      | 11/32 [00:02<00:04,  4.73it/s][A
Training Epochs:  67%|██████▋   | 67/100 [06:26<03:44,  6.81s/it, -ELBO=0.5336, Potential Metric=0.1984, Entropy Metric=0.0586]

Epoch 67:  38%|███▊      | 12/32 [00:02<00:04,  4.78it/s][A
Training Epochs:  67%|██████▋   | 67/100 [06:26<03:44,  6.81s/it, -ELBO=0.4888, Potential Metric=0.1917, Entropy Metric=0.0615]

Epoch 67:  41%|████      | 13/32 [00:02<00:04,  4.70it/s][A
Training Epochs:  67%|██████▋   | 67/100 [06:26<03:44,  6.81s/it, -ELBO=0.5162, Potential Metric=0.1935, Entropy Metric=0.0615]

Epoch 67:  44%|████▍     | 14/32 [00:02<00:03,  4.69it/s][A
Training Epochs:  67%|██████▋   | 67/100 [06:26<03:44,  6.81s/it, -ELBO=0.5784, Potential Metric=0.2021, Entropy Metric=0.0611]

Epoch 67:  47%|████▋     | 15/32 [00:03<00:03,  4.77it/s][A
Training Epochs:  67%|██████▋   | 67/100 [06:26<03:44,  6.81s/it, -ELBO=0.5166, Potential Metric=0.1964, Entropy Metric=0.0584]

Epoch 67:  50%|█████     | 16/32 [00:03<00:03,  4.83it/s][A
Training Epochs:  67%|██████▋   | 67/100 [06:27<03:44,  6.81s/it, -ELBO=0.5305, Potential Metric=0.1999, Entropy Metric=0.0591]

Epoch 67:  53%|█████▎    | 17/32 [00:03<00:03,  4.81it/s][A
Training Epochs:  67%|██████▋   | 67/100 [06:27<03:44,  6.81s/it, -ELBO=0.5348, Potential Metric=0.1987, Entropy Metric=0.0609]

Epoch 67:  56%|█████▋    | 18/32 [00:03<00:02,  4.80it/s][A
Training Epochs:  67%|██████▋   | 67/100 [06:27<03:44,  6.81s/it, -ELBO=0.5858, Potential Metric=0.1897, Entropy Metric=0.0579]

Epoch 67:  59%|█████▉    | 19/32 [00:04<00:02,  4.92it/s][A
Training Epochs:  67%|██████▋   | 67/100 [06:27<03:44,  6.81s/it, -ELBO=0.5501, Potential Metric=0.1905, Entropy Metric=0.0553]

Epoch 67:  62%|██████▎   | 20/32 [00:04<00:02,  4.92it/s][A
Training Epochs:  67%|██████▋   | 67/100 [06:27<03:44,  6.81s/it, -ELBO=0.5034, Potential Metric=0.1872, Entropy Metric=0.0549]

Epoch 67:  66%|██████▌   | 21/32 [00:04<00:02,  4.82it/s][A
Training Epochs:  67%|██████▋   | 67/100 [06:28<03:44,  6.81s/it, -ELBO=0.4948, Potential Metric=0.2116, Entropy Metric=0.0604]

Epoch 67:  69%|██████▉   | 22/32 [00:04<00:02,  4.77it/s][A
Training Epochs:  67%|██████▋   | 67/100 [06:28<03:44,  6.81s/it, -ELBO=0.5612, Potential Metric=0.1812, Entropy Metric=0.0553]

Epoch 67:  72%|███████▏  | 23/32 [00:04<00:01,  4.80it/s][A
Training Epochs:  67%|██████▋   | 67/100 [06:28<03:44,  6.81s/it, -ELBO=0.5465, Potential Metric=0.1882, Entropy Metric=0.0581]

Epoch 67:  75%|███████▌  | 24/32 [00:05<00:01,  4.78it/s][A
Training Epochs:  67%|██████▋   | 67/100 [06:28<03:44,  6.81s/it, -ELBO=0.5099, Potential Metric=0.1879, Entropy Metric=0.0547]

Epoch 67:  78%|███████▊  | 25/32 [00:05<00:01,  4.75it/s][A
Training Epochs:  67%|██████▋   | 67/100 [06:29<03:44,  6.81s/it, -ELBO=0.5555, Potential Metric=0.1995, Entropy Metric=0.0487]

Epoch 67:  81%|████████▏ | 26/32 [00:05<00:01,  4.67it/s][A
Training Epochs:  67%|██████▋   | 67/100 [06:29<03:44,  6.81s/it, -ELBO=0.5065, Potential Metric=0.1903, Entropy Metric=0.0549]

Epoch 67:  84%|████████▍ | 27/32 [00:05<00:01,  4.66it/s][A
Training Epochs:  67%|██████▋   | 67/100 [06:29<03:44,  6.81s/it, -ELBO=0.5309, Potential Metric=0.1956, Entropy Metric=0.0556]

Epoch 67:  88%|████████▊ | 28/32 [00:05<00:00,  4.70it/s][A
Training Epochs:  67%|██████▋   | 67/100 [06:29<03:44,  6.81s/it, -ELBO=0.5650, Potential Metric=0.1973, Entropy Metric=0.0524]

Epoch 67:  91%|█████████ | 29/32 [00:06<00:00,  4.79it/s][A
Training Epochs:  67%|██████▋   | 67/100 [06:29<03:44,  6.81s/it, -ELBO=0.4936, Potential Metric=0.1840, Entropy Metric=0.0529]

Epoch 67:  94%|█████████▍| 30/32 [00:06<00:00,  4.74it/s][A
Training Epochs:  67%|██████▋   | 67/100 [06:30<03:44,  6.81s/it, -ELBO=0.5172, Potential Metric=0.2092, Entropy Metric=0.0540]

Epoch 67:  97%|█████████▋| 31/32 [00:06<00:00,  4.62it/s][A
Training Epochs:  67%|██████▋   | 67/100 [06:30<03:44,  6.81s/it, -ELBO=0.5538, Potential Metric=0.1896, Entropy Metric=0.0530]

Epoch 67: 100%|██████████| 32/32 [00:06<00:00,  4.59it/s][A

                                                         [A
Training Epochs:  68%|██████▊   | 68/100 [06:30<03:39,  6.87s/it, -ELBO=0.5538, Potential Metric=0.1896, Entropy Metric=0.0530]

Epoch 68:   0%|          | 0/32 [00:00<?, ?it/s][A
Training Epochs:  68%|██████▊   | 68/100 [06:30<03:39,  6.87s/it, -ELBO=0.4768, Potential Metric=0.1845, Entropy Metric=0.0573]

Epoch 68:   3%|▎         | 1/32 [00:00<00:07,  4.15it/s][A
Training Epochs:  68%|██████▊   | 68/100 [06:30<03:39,  6.87s/it, -ELBO=0.4503, Potential Metric=0.1857, Entropy Metric=0.0528]

Epoch 68:   6%|▋         | 2/32 [00:00<00:06,  4.80it/s][A
Training Epochs:  68%|██████▊   | 68/100 [06:31<03:39,  6.87s/it, -ELBO=0.5411, Potential Metric=0.1907, Entropy Metric=0.0574]

Epoch 68:   9%|▉         | 3/32 [00:00<00:05,  4.93it/s][A
Training Epochs:  68%|██████▊   | 68/100 [06:31<03:39,  6.87s/it, -ELBO=0.5213, Potential Metric=0.2025, Entropy Metric=0.0542]

Epoch 68:  12%|█▎        | 4/32 [00:00<00:05,  4.98it/s][A
Training Epochs:  68%|██████▊   | 68/100 [06:31<03:39,  6.87s/it, -ELBO=0.5191, Potential Metric=0.1929, Entropy Metric=0.0525]

Epoch 68:  16%|█▌        | 5/32 [00:01<00:05,  4.98it/s][A
Training Epochs:  68%|██████▊   | 68/100 [06:31<03:39,  6.87s/it, -ELBO=0.5605, Potential Metric=0.1926, Entropy Metric=0.0476]

Epoch 68:  19%|█▉        | 6/32 [00:01<00:05,  4.91it/s][A
Training Epochs:  68%|██████▊   | 68/100 [06:31<03:39,  6.87s/it, -ELBO=0.5558, Potential Metric=0.2033, Entropy Metric=0.0498]

Epoch 68:  22%|██▏       | 7/32 [00:01<00:05,  4.95it/s][A
Training Epochs:  68%|██████▊   | 68/100 [06:32<03:39,  6.87s/it, -ELBO=0.5311, Potential Metric=0.1891, Entropy Metric=0.0508]

Epoch 68:  25%|██▌       | 8/32 [00:01<00:04,  4.81it/s][A
Training Epochs:  68%|██████▊   | 68/100 [06:32<03:39,  6.87s/it, -ELBO=0.5102, Potential Metric=0.2033, Entropy Metric=0.0525]

Epoch 68:  28%|██▊       | 9/32 [00:01<00:04,  4.75it/s][A
Training Epochs:  68%|██████▊   | 68/100 [06:32<03:39,  6.87s/it, -ELBO=0.5003, Potential Metric=0.1898, Entropy Metric=0.0515]

Epoch 68:  31%|███▏      | 10/32 [00:02<00:04,  4.76it/s][A
Training Epochs:  68%|██████▊   | 68/100 [06:32<03:39,  6.87s/it, -ELBO=0.5178, Potential Metric=0.1868, Entropy Metric=0.0510]

Epoch 68:  34%|███▍      | 11/32 [00:02<00:04,  4.75it/s][A
Training Epochs:  68%|██████▊   | 68/100 [06:32<03:39,  6.87s/it, -ELBO=0.5289, Potential Metric=0.2054, Entropy Metric=0.0537]

Epoch 68:  38%|███▊      | 12/32 [00:02<00:04,  4.77it/s][A
Training Epochs:  68%|██████▊   | 68/100 [06:33<03:39,  6.87s/it, -ELBO=0.5018, Potential Metric=0.1989, Entropy Metric=0.0569]

Epoch 68:  41%|████      | 13/32 [00:02<00:03,  4.75it/s][A
Training Epochs:  68%|██████▊   | 68/100 [06:33<03:39,  6.87s/it, -ELBO=0.5117, Potential Metric=0.2148, Entropy Metric=0.0558]

Epoch 68:  44%|████▍     | 14/32 [00:02<00:03,  4.73it/s][A
Training Epochs:  68%|██████▊   | 68/100 [06:33<03:39,  6.87s/it, -ELBO=0.5397, Potential Metric=0.2062, Entropy Metric=0.0512]

Epoch 68:  47%|████▋     | 15/32 [00:03<00:03,  4.74it/s][A
Training Epochs:  68%|██████▊   | 68/100 [06:33<03:39,  6.87s/it, -ELBO=0.5239, Potential Metric=0.2154, Entropy Metric=0.0567]

Epoch 68:  50%|█████     | 16/32 [00:03<00:03,  4.60it/s][A
Training Epochs:  68%|██████▊   | 68/100 [06:34<03:39,  6.87s/it, -ELBO=0.4914, Potential Metric=0.2101, Entropy Metric=0.0574]

Epoch 68:  53%|█████▎    | 17/32 [00:03<00:03,  4.56it/s][A
Training Epochs:  68%|██████▊   | 68/100 [06:34<03:39,  6.87s/it, -ELBO=0.5052, Potential Metric=0.1885, Entropy Metric=0.0565]

Epoch 68:  56%|█████▋    | 18/32 [00:03<00:02,  4.72it/s][A
Training Epochs:  68%|██████▊   | 68/100 [06:34<03:39,  6.87s/it, -ELBO=0.5556, Potential Metric=0.2087, Entropy Metric=0.0610]

Epoch 68:  59%|█████▉    | 19/32 [00:03<00:02,  4.72it/s][A
Training Epochs:  68%|██████▊   | 68/100 [06:34<03:39,  6.87s/it, -ELBO=0.4767, Potential Metric=0.1805, Entropy Metric=0.0565]

Epoch 68:  62%|██████▎   | 20/32 [00:04<00:02,  4.69it/s][A
Training Epochs:  68%|██████▊   | 68/100 [06:34<03:39,  6.87s/it, -ELBO=0.5760, Potential Metric=0.2034, Entropy Metric=0.0569]

Epoch 68:  66%|██████▌   | 21/32 [00:04<00:02,  4.68it/s][A
Training Epochs:  68%|██████▊   | 68/100 [06:35<03:39,  6.87s/it, -ELBO=0.5777, Potential Metric=0.1959, Entropy Metric=0.0557]

Epoch 68:  69%|██████▉   | 22/32 [00:04<00:02,  4.77it/s][A
Training Epochs:  68%|██████▊   | 68/100 [06:35<03:39,  6.87s/it, -ELBO=0.5173, Potential Metric=0.1979, Entropy Metric=0.0555]

Epoch 68:  72%|███████▏  | 23/32 [00:04<00:01,  4.75it/s][A
Training Epochs:  68%|██████▊   | 68/100 [06:35<03:39,  6.87s/it, -ELBO=0.5582, Potential Metric=0.2142, Entropy Metric=0.0585]

Epoch 68:  75%|███████▌  | 24/32 [00:05<00:01,  4.77it/s][A
Training Epochs:  68%|██████▊   | 68/100 [06:35<03:39,  6.87s/it, -ELBO=0.5822, Potential Metric=0.2145, Entropy Metric=0.0591]

Epoch 68:  78%|███████▊  | 25/32 [00:05<00:01,  4.81it/s][A
Training Epochs:  68%|██████▊   | 68/100 [06:35<03:39,  6.87s/it, -ELBO=0.5075, Potential Metric=0.2025, Entropy Metric=0.0578]

Epoch 68:  81%|████████▏ | 26/32 [00:05<00:01,  4.69it/s][A
Training Epochs:  68%|██████▊   | 68/100 [06:36<03:39,  6.87s/it, -ELBO=0.5171, Potential Metric=0.1971, Entropy Metric=0.0585]

Epoch 68:  84%|████████▍ | 27/32 [00:05<00:01,  4.64it/s][A
Training Epochs:  68%|██████▊   | 68/100 [06:36<03:39,  6.87s/it, -ELBO=0.5425, Potential Metric=0.2015, Entropy Metric=0.0623]

Epoch 68:  88%|████████▊ | 28/32 [00:05<00:00,  4.64it/s][A
Training Epochs:  68%|██████▊   | 68/100 [06:36<03:39,  6.87s/it, -ELBO=0.5356, Potential Metric=0.1926, Entropy Metric=0.0633]

Epoch 68:  91%|█████████ | 29/32 [00:06<00:00,  4.62it/s][A
Training Epochs:  68%|██████▊   | 68/100 [06:36<03:39,  6.87s/it, -ELBO=0.5845, Potential Metric=0.1846, Entropy Metric=0.0628]

Epoch 68:  94%|█████████▍| 30/32 [00:06<00:00,  4.54it/s][A
Training Epochs:  68%|██████▊   | 68/100 [06:37<03:39,  6.87s/it, -ELBO=0.5892, Potential Metric=0.1987, Entropy Metric=0.0635]

Epoch 68:  97%|█████████▋| 31/32 [00:06<00:00,  4.63it/s][A
Training Epochs:  68%|██████▊   | 68/100 [06:37<03:39,  6.87s/it, -ELBO=0.5334, Potential Metric=0.1753, Entropy Metric=0.0588]

Epoch 68: 100%|██████████| 32/32 [00:06<00:00,  4.63it/s][A

                                                         [A
Training Epochs:  69%|██████▉   | 69/100 [06:37<03:33,  6.89s/it, -ELBO=0.5334, Potential Metric=0.1753, Entropy Metric=0.0588]

Epoch 69:   0%|          | 0/32 [00:00<?, ?it/s][A
Training Epochs:  69%|██████▉   | 69/100 [06:37<03:33,  6.89s/it, -ELBO=0.5023, Potential Metric=0.1921, Entropy Metric=0.0610]

Epoch 69:   3%|▎         | 1/32 [00:00<00:07,  4.06it/s][A
Training Epochs:  69%|██████▉   | 69/100 [06:37<03:33,  6.89s/it, -ELBO=0.5169, Potential Metric=0.1911, Entropy Metric=0.0627]

Epoch 69:   6%|▋         | 2/32 [00:00<00:06,  4.61it/s][A
Training Epochs:  69%|██████▉   | 69/100 [06:38<03:33,  6.89s/it, -ELBO=0.5603, Potential Metric=0.1767, Entropy Metric=0.0556]

Epoch 69:   9%|▉         | 3/32 [00:00<00:06,  4.69it/s][A
Training Epochs:  69%|██████▉   | 69/100 [06:38<03:33,  6.89s/it, -ELBO=0.5504, Potential Metric=0.1945, Entropy Metric=0.0559]

Epoch 69:  12%|█▎        | 4/32 [00:00<00:06,  4.64it/s][A
Training Epochs:  69%|██████▉   | 69/100 [06:38<03:33,  6.89s/it, -ELBO=0.5200, Potential Metric=0.1768, Entropy Metric=0.0545]

Epoch 69:  16%|█▌        | 5/32 [00:01<00:05,  4.77it/s][A
Training Epochs:  69%|██████▉   | 69/100 [06:38<03:33,  6.89s/it, -ELBO=0.5404, Potential Metric=0.2013, Entropy Metric=0.0617]

Epoch 69:  19%|█▉        | 6/32 [00:01<00:05,  4.82it/s][A
Training Epochs:  69%|██████▉   | 69/100 [06:38<03:33,  6.89s/it, -ELBO=0.5257, Potential Metric=0.1872, Entropy Metric=0.0566]

Epoch 69:  22%|██▏       | 7/32 [00:01<00:05,  4.80it/s][A
Training Epochs:  69%|██████▉   | 69/100 [06:39<03:33,  6.89s/it, -ELBO=0.5610, Potential Metric=0.1997, Entropy Metric=0.0599]

Epoch 69:  25%|██▌       | 8/32 [00:01<00:05,  4.78it/s][A
Training Epochs:  69%|██████▉   | 69/100 [06:39<03:33,  6.89s/it, -ELBO=0.4635, Potential Metric=0.1886, Entropy Metric=0.0562]

Epoch 69:  28%|██▊       | 9/32 [00:01<00:04,  4.90it/s][A
Training Epochs:  69%|██████▉   | 69/100 [06:39<03:33,  6.89s/it, -ELBO=0.5376, Potential Metric=0.1943, Entropy Metric=0.0571]

Epoch 69:  31%|███▏      | 10/32 [00:02<00:04,  4.84it/s][A
Training Epochs:  69%|██████▉   | 69/100 [06:39<03:33,  6.89s/it, -ELBO=0.5364, Potential Metric=0.1955, Entropy Metric=0.0550]

Epoch 69:  34%|███▍      | 11/32 [00:02<00:04,  4.85it/s][A
Training Epochs:  69%|██████▉   | 69/100 [06:39<03:33,  6.89s/it, -ELBO=0.4684, Potential Metric=0.2239, Entropy Metric=0.0542]

Epoch 69:  38%|███▊      | 12/32 [00:02<00:04,  4.84it/s][A
Training Epochs:  69%|██████▉   | 69/100 [06:40<03:33,  6.89s/it, -ELBO=0.5209, Potential Metric=0.2110, Entropy Metric=0.0574]

Epoch 69:  41%|████      | 13/32 [00:02<00:04,  4.73it/s][A
Training Epochs:  69%|██████▉   | 69/100 [06:40<03:33,  6.89s/it, -ELBO=0.5221, Potential Metric=0.2125, Entropy Metric=0.0542]

Epoch 69:  44%|████▍     | 14/32 [00:02<00:03,  4.76it/s][A
Training Epochs:  69%|██████▉   | 69/100 [06:40<03:33,  6.89s/it, -ELBO=0.5529, Potential Metric=0.2047, Entropy Metric=0.0520]

Epoch 69:  47%|████▋     | 15/32 [00:03<00:03,  4.76it/s][A
Training Epochs:  69%|██████▉   | 69/100 [06:40<03:33,  6.89s/it, -ELBO=0.4880, Potential Metric=0.1935, Entropy Metric=0.0543]

Epoch 69:  50%|█████     | 16/32 [00:03<00:03,  4.69it/s][A
Training Epochs:  69%|██████▉   | 69/100 [06:41<03:33,  6.89s/it, -ELBO=0.5287, Potential Metric=0.1947, Entropy Metric=0.0556]

Epoch 69:  53%|█████▎    | 17/32 [00:03<00:03,  4.81it/s][A
Training Epochs:  69%|██████▉   | 69/100 [06:41<03:33,  6.89s/it, -ELBO=0.4833, Potential Metric=0.1849, Entropy Metric=0.0537]

Epoch 69:  56%|█████▋    | 18/32 [00:03<00:02,  4.83it/s][A
Training Epochs:  69%|██████▉   | 69/100 [06:41<03:33,  6.89s/it, -ELBO=0.5558, Potential Metric=0.1872, Entropy Metric=0.0538]

Epoch 69:  59%|█████▉    | 19/32 [00:04<00:02,  4.68it/s][A
Training Epochs:  69%|██████▉   | 69/100 [06:41<03:33,  6.89s/it, -ELBO=0.5118, Potential Metric=0.1897, Entropy Metric=0.0560]

Epoch 69:  62%|██████▎   | 20/32 [00:04<00:02,  4.68it/s][A
Training Epochs:  69%|██████▉   | 69/100 [06:41<03:33,  6.89s/it, -ELBO=0.5255, Potential Metric=0.2116, Entropy Metric=0.0523]

Epoch 69:  66%|██████▌   | 21/32 [00:04<00:02,  4.72it/s][A
Training Epochs:  69%|██████▉   | 69/100 [06:42<03:33,  6.89s/it, -ELBO=0.5622, Potential Metric=0.1990, Entropy Metric=0.0556]

Epoch 69:  69%|██████▉   | 22/32 [00:04<00:02,  4.83it/s][A
Training Epochs:  69%|██████▉   | 69/100 [06:42<03:33,  6.89s/it, -ELBO=0.4950, Potential Metric=0.1812, Entropy Metric=0.0602]

Epoch 69:  72%|███████▏  | 23/32 [00:04<00:01,  4.90it/s][A
Training Epochs:  69%|██████▉   | 69/100 [06:42<03:33,  6.89s/it, -ELBO=0.5122, Potential Metric=0.1699, Entropy Metric=0.0572]

Epoch 69:  75%|███████▌  | 24/32 [00:05<00:01,  5.02it/s][A
Training Epochs:  69%|██████▉   | 69/100 [06:42<03:33,  6.89s/it, -ELBO=0.4914, Potential Metric=0.1962, Entropy Metric=0.0547]

Epoch 69:  78%|███████▊  | 25/32 [00:05<00:01,  4.88it/s][A
Training Epochs:  69%|██████▉   | 69/100 [06:42<03:33,  6.89s/it, -ELBO=0.5505, Potential Metric=0.1816, Entropy Metric=0.0585]

Epoch 69:  81%|████████▏ | 26/32 [00:05<00:01,  4.74it/s][A
Training Epochs:  69%|██████▉   | 69/100 [06:43<03:33,  6.89s/it, -ELBO=0.5745, Potential Metric=0.2169, Entropy Metric=0.0548]

Epoch 69:  84%|████████▍ | 27/32 [00:05<00:01,  4.72it/s][A
Training Epochs:  69%|██████▉   | 69/100 [06:43<03:33,  6.89s/it, -ELBO=0.5314, Potential Metric=0.2067, Entropy Metric=0.0580]

Epoch 69:  88%|████████▊ | 28/32 [00:05<00:00,  4.90it/s][A
Training Epochs:  69%|██████▉   | 69/100 [06:43<03:33,  6.89s/it, -ELBO=0.5017, Potential Metric=0.1938, Entropy Metric=0.0566]

Epoch 69:  91%|█████████ | 29/32 [00:06<00:00,  4.93it/s][A
Training Epochs:  69%|██████▉   | 69/100 [06:43<03:33,  6.89s/it, -ELBO=0.5091, Potential Metric=0.2079, Entropy Metric=0.0567]

Epoch 69:  94%|█████████▍| 30/32 [00:06<00:00,  4.91it/s][A
Training Epochs:  69%|██████▉   | 69/100 [06:43<03:33,  6.89s/it, -ELBO=0.5173, Potential Metric=0.2136, Entropy Metric=0.0597]

Epoch 69:  97%|█████████▋| 31/32 [00:06<00:00,  4.91it/s][A
Training Epochs:  69%|██████▉   | 69/100 [06:44<03:33,  6.89s/it, -ELBO=0.4929, Potential Metric=0.1951, Entropy Metric=0.0522]

Epoch 69: 100%|██████████| 32/32 [00:06<00:00,  4.87it/s][A

                                                         [A
Training Epochs:  70%|███████   | 70/100 [06:44<03:26,  6.87s/it, -ELBO=0.4929, Potential Metric=0.1951, Entropy Metric=0.0522]

Epoch 70:   0%|          | 0/32 [00:00<?, ?it/s][A
Training Epochs:  70%|███████   | 70/100 [06:44<03:26,  6.87s/it, -ELBO=0.5397, Potential Metric=0.2121, Entropy Metric=0.0529]

Epoch 70:   3%|▎         | 1/32 [00:00<00:07,  4.03it/s][A
Training Epochs:  70%|███████   | 70/100 [06:44<03:26,  6.87s/it, -ELBO=0.5687, Potential Metric=0.2153, Entropy Metric=0.0519]

Epoch 70:   6%|▋         | 2/32 [00:00<00:06,  4.37it/s][A
Training Epochs:  70%|███████   | 70/100 [06:44<03:26,  6.87s/it, -ELBO=0.5538, Potential Metric=0.1899, Entropy Metric=0.0577]

Epoch 70:   9%|▉         | 3/32 [00:00<00:06,  4.65it/s][A
Training Epochs:  70%|███████   | 70/100 [06:45<03:26,  6.87s/it, -ELBO=0.4984, Potential Metric=0.1938, Entropy Metric=0.0566]

Epoch 70:  12%|█▎        | 4/32 [00:00<00:06,  4.57it/s][A
Training Epochs:  70%|███████   | 70/100 [06:45<03:26,  6.87s/it, -ELBO=0.5488, Potential Metric=0.1993, Entropy Metric=0.0556]

Epoch 70:  16%|█▌        | 5/32 [00:01<00:05,  4.73it/s][A
Training Epochs:  70%|███████   | 70/100 [06:45<03:26,  6.87s/it, -ELBO=0.4856, Potential Metric=0.1870, Entropy Metric=0.0612]

Epoch 70:  19%|█▉        | 6/32 [00:01<00:05,  4.84it/s][A
Training Epochs:  70%|███████   | 70/100 [06:45<03:26,  6.87s/it, -ELBO=0.4949, Potential Metric=0.2008, Entropy Metric=0.0611]

Epoch 70:  22%|██▏       | 7/32 [00:01<00:05,  4.80it/s][A
Training Epochs:  70%|███████   | 70/100 [06:45<03:26,  6.87s/it, -ELBO=0.5073, Potential Metric=0.1954, Entropy Metric=0.0544]

Epoch 70:  25%|██▌       | 8/32 [00:01<00:04,  4.84it/s][A
Training Epochs:  70%|███████   | 70/100 [06:46<03:26,  6.87s/it, -ELBO=0.5670, Potential Metric=0.1936, Entropy Metric=0.0586]

Epoch 70:  28%|██▊       | 9/32 [00:01<00:04,  4.78it/s][A
Training Epochs:  70%|███████   | 70/100 [06:46<03:26,  6.87s/it, -ELBO=0.5512, Potential Metric=0.2200, Entropy Metric=0.0580]

Epoch 70:  31%|███▏      | 10/32 [00:02<00:04,  4.78it/s][A
Training Epochs:  70%|███████   | 70/100 [06:46<03:26,  6.87s/it, -ELBO=0.5086, Potential Metric=0.1794, Entropy Metric=0.0588]

Epoch 70:  34%|███▍      | 11/32 [00:02<00:04,  4.74it/s][A
Training Epochs:  70%|███████   | 70/100 [06:46<03:26,  6.87s/it, -ELBO=0.5368, Potential Metric=0.1921, Entropy Metric=0.0558]

Epoch 70:  38%|███▊      | 12/32 [00:02<00:04,  4.75it/s][A
Training Epochs:  70%|███████   | 70/100 [06:47<03:26,  6.87s/it, -ELBO=0.5547, Potential Metric=0.2096, Entropy Metric=0.0596]

Epoch 70:  41%|████      | 13/32 [00:02<00:04,  4.75it/s][A
Training Epochs:  70%|███████   | 70/100 [06:47<03:26,  6.87s/it, -ELBO=0.5071, Potential Metric=0.1933, Entropy Metric=0.0582]

Epoch 70:  44%|████▍     | 14/32 [00:02<00:03,  4.87it/s][A
Training Epochs:  70%|███████   | 70/100 [06:47<03:26,  6.87s/it, -ELBO=0.5088, Potential Metric=0.1887, Entropy Metric=0.0585]

Epoch 70:  47%|████▋     | 15/32 [00:03<00:03,  4.85it/s][A
Training Epochs:  70%|███████   | 70/100 [06:47<03:26,  6.87s/it, -ELBO=0.5400, Potential Metric=0.1984, Entropy Metric=0.0594]

Epoch 70:  50%|█████     | 16/32 [00:03<00:03,  4.86it/s][A
Training Epochs:  70%|███████   | 70/100 [06:47<03:26,  6.87s/it, -ELBO=0.4719, Potential Metric=0.1800, Entropy Metric=0.0571]

Epoch 70:  53%|█████▎    | 17/32 [00:03<00:03,  4.82it/s][A
Training Epochs:  70%|███████   | 70/100 [06:48<03:26,  6.87s/it, -ELBO=0.4846, Potential Metric=0.1987, Entropy Metric=0.0583]

Epoch 70:  56%|█████▋    | 18/32 [00:03<00:02,  4.85it/s][A
Training Epochs:  70%|███████   | 70/100 [06:48<03:26,  6.87s/it, -ELBO=0.5430, Potential Metric=0.1905, Entropy Metric=0.0605]

Epoch 70:  59%|█████▉    | 19/32 [00:03<00:02,  4.82it/s][A
Training Epochs:  70%|███████   | 70/100 [06:48<03:26,  6.87s/it, -ELBO=0.4954, Potential Metric=0.2052, Entropy Metric=0.0577]

Epoch 70:  62%|██████▎   | 20/32 [00:04<00:03,  3.95it/s][A
Training Epochs:  70%|███████   | 70/100 [06:48<03:26,  6.87s/it, -ELBO=0.5315, Potential Metric=0.2138, Entropy Metric=0.0534]

Epoch 70:  66%|██████▌   | 21/32 [00:04<00:02,  4.11it/s][A
Training Epochs:  70%|███████   | 70/100 [06:49<03:26,  6.87s/it, -ELBO=0.4977, Potential Metric=0.1950, Entropy Metric=0.0547]

Epoch 70:  69%|██████▉   | 22/32 [00:04<00:02,  4.34it/s][A
Training Epochs:  70%|███████   | 70/100 [06:49<03:26,  6.87s/it, -ELBO=0.5193, Potential Metric=0.1961, Entropy Metric=0.0557]

Epoch 70:  72%|███████▏  | 23/32 [00:04<00:01,  4.53it/s][A
Training Epochs:  70%|███████   | 70/100 [06:49<03:26,  6.87s/it, -ELBO=0.5065, Potential Metric=0.1987, Entropy Metric=0.0597]

Epoch 70:  75%|███████▌  | 24/32 [00:05<00:01,  4.60it/s][A
Training Epochs:  70%|███████   | 70/100 [06:49<03:26,  6.87s/it, -ELBO=0.5354, Potential Metric=0.2066, Entropy Metric=0.0593]

Epoch 70:  78%|███████▊  | 25/32 [00:05<00:01,  4.66it/s][A
Training Epochs:  70%|███████   | 70/100 [06:49<03:26,  6.87s/it, -ELBO=0.4902, Potential Metric=0.2040, Entropy Metric=0.0598]

Epoch 70:  81%|████████▏ | 26/32 [00:05<00:01,  4.73it/s][A
Training Epochs:  70%|███████   | 70/100 [06:50<03:26,  6.87s/it, -ELBO=0.5305, Potential Metric=0.1915, Entropy Metric=0.0605]

Epoch 70:  84%|████████▍ | 27/32 [00:05<00:01,  4.74it/s][A
Training Epochs:  70%|███████   | 70/100 [06:50<03:26,  6.87s/it, -ELBO=0.5441, Potential Metric=0.1984, Entropy Metric=0.0595]

Epoch 70:  88%|████████▊ | 28/32 [00:06<00:00,  4.69it/s][A
Training Epochs:  70%|███████   | 70/100 [06:50<03:26,  6.87s/it, -ELBO=0.5062, Potential Metric=0.2026, Entropy Metric=0.0585]

Epoch 70:  91%|█████████ | 29/32 [00:06<00:00,  4.68it/s][A
Training Epochs:  70%|███████   | 70/100 [06:50<03:26,  6.87s/it, -ELBO=0.4811, Potential Metric=0.1988, Entropy Metric=0.0552]

Epoch 70:  94%|█████████▍| 30/32 [00:06<00:00,  4.78it/s][A
Training Epochs:  70%|███████   | 70/100 [06:50<03:26,  6.87s/it, -ELBO=0.4443, Potential Metric=0.2015, Entropy Metric=0.0550]

Epoch 70:  97%|█████████▋| 31/32 [00:06<00:00,  4.67it/s][A
Training Epochs:  70%|███████   | 70/100 [06:51<03:26,  6.87s/it, -ELBO=0.4964, Potential Metric=0.1874, Entropy Metric=0.0543]

Epoch 70: 100%|██████████| 32/32 [00:06<00:00,  4.70it/s][A

                                                         [A
Training Epochs:  71%|███████   | 71/100 [06:51<03:20,  6.92s/it, -ELBO=0.4964, Potential Metric=0.1874, Entropy Metric=0.0543]

Epoch 71:   0%|          | 0/32 [00:00<?, ?it/s][A
Training Epochs:  71%|███████   | 71/100 [06:51<03:20,  6.92s/it, -ELBO=0.4892, Potential Metric=0.2095, Entropy Metric=0.0525]

Epoch 71:   3%|▎         | 1/32 [00:00<00:08,  3.66it/s][A
Training Epochs:  71%|███████   | 71/100 [06:51<03:20,  6.92s/it, -ELBO=0.5132, Potential Metric=0.2072, Entropy Metric=0.0543]

Epoch 71:   6%|▋         | 2/32 [00:00<00:07,  3.99it/s][A
Training Epochs:  71%|███████   | 71/100 [06:52<03:20,  6.92s/it, -ELBO=0.5382, Potential Metric=0.2115, Entropy Metric=0.0530]

Epoch 71:   9%|▉         | 3/32 [00:00<00:07,  4.09it/s][A
Training Epochs:  71%|███████   | 71/100 [06:52<03:20,  6.92s/it, -ELBO=0.4987, Potential Metric=0.1925, Entropy Metric=0.0519]

Epoch 71:  12%|█▎        | 4/32 [00:00<00:06,  4.25it/s][A
Training Epochs:  71%|███████   | 71/100 [06:52<03:20,  6.92s/it, -ELBO=0.5042, Potential Metric=0.2003, Entropy Metric=0.0495]

Epoch 71:  16%|█▌        | 5/32 [00:01<00:06,  4.47it/s][A
Training Epochs:  71%|███████   | 71/100 [06:52<03:20,  6.92s/it, -ELBO=0.5138, Potential Metric=0.1892, Entropy Metric=0.0499]

Epoch 71:  19%|█▉        | 6/32 [00:01<00:05,  4.60it/s][A
Training Epochs:  71%|███████   | 71/100 [06:52<03:20,  6.92s/it, -ELBO=0.5137, Potential Metric=0.1830, Entropy Metric=0.0530]

Epoch 71:  22%|██▏       | 7/32 [00:01<00:05,  4.72it/s][A
Training Epochs:  71%|███████   | 71/100 [06:53<03:20,  6.92s/it, -ELBO=0.4691, Potential Metric=0.1965, Entropy Metric=0.0539]

Epoch 71:  25%|██▌       | 8/32 [00:01<00:05,  4.70it/s][A
Training Epochs:  71%|███████   | 71/100 [06:53<03:20,  6.92s/it, -ELBO=0.5035, Potential Metric=0.1953, Entropy Metric=0.0551]

Epoch 71:  28%|██▊       | 9/32 [00:01<00:04,  4.75it/s][A
Training Epochs:  71%|███████   | 71/100 [06:53<03:20,  6.92s/it, -ELBO=0.4961, Potential Metric=0.1922, Entropy Metric=0.0574]

Epoch 71:  31%|███▏      | 10/32 [00:02<00:04,  4.75it/s][A
Training Epochs:  71%|███████   | 71/100 [06:53<03:20,  6.92s/it, -ELBO=0.5270, Potential Metric=0.1943, Entropy Metric=0.0552]

Epoch 71:  34%|███▍      | 11/32 [00:02<00:04,  4.72it/s][A
Training Epochs:  71%|███████   | 71/100 [06:53<03:20,  6.92s/it, -ELBO=0.5303, Potential Metric=0.1952, Entropy Metric=0.0595]

Epoch 71:  38%|███▊      | 12/32 [00:02<00:04,  4.78it/s][A
Training Epochs:  71%|███████   | 71/100 [06:54<03:20,  6.92s/it, -ELBO=0.5416, Potential Metric=0.2146, Entropy Metric=0.0590]

Epoch 71:  41%|████      | 13/32 [00:02<00:04,  4.74it/s][A
Training Epochs:  71%|███████   | 71/100 [06:54<03:20,  6.92s/it, -ELBO=0.5101, Potential Metric=0.2063, Entropy Metric=0.0611]

Epoch 71:  44%|████▍     | 14/32 [00:03<00:03,  4.79it/s][A
Training Epochs:  71%|███████   | 71/100 [06:54<03:20,  6.92s/it, -ELBO=0.5400, Potential Metric=0.2071, Entropy Metric=0.0537]

Epoch 71:  47%|████▋     | 15/32 [00:03<00:03,  4.74it/s][A
Training Epochs:  71%|███████   | 71/100 [06:54<03:20,  6.92s/it, -ELBO=0.5234, Potential Metric=0.1996, Entropy Metric=0.0600]

Epoch 71:  50%|█████     | 16/32 [00:03<00:03,  4.68it/s][A
Training Epochs:  71%|███████   | 71/100 [06:55<03:20,  6.92s/it, -ELBO=0.4780, Potential Metric=0.2063, Entropy Metric=0.0600]

Epoch 71:  53%|█████▎    | 17/32 [00:03<00:03,  4.69it/s][A
Training Epochs:  71%|███████   | 71/100 [06:55<03:20,  6.92s/it, -ELBO=0.4551, Potential Metric=0.2167, Entropy Metric=0.0626]

Epoch 71:  56%|█████▋    | 18/32 [00:03<00:02,  4.73it/s][A
Training Epochs:  71%|███████   | 71/100 [06:55<03:20,  6.92s/it, -ELBO=0.5150, Potential Metric=0.1870, Entropy Metric=0.0537]

Epoch 71:  59%|█████▉    | 19/32 [00:04<00:02,  4.74it/s][A
Training Epochs:  71%|███████   | 71/100 [06:55<03:20,  6.92s/it, -ELBO=0.5323, Potential Metric=0.1971, Entropy Metric=0.0560]

Epoch 71:  62%|██████▎   | 20/32 [00:04<00:02,  4.72it/s][A
Training Epochs:  71%|███████   | 71/100 [06:55<03:20,  6.92s/it, -ELBO=0.5257, Potential Metric=0.1905, Entropy Metric=0.0554]

Epoch 71:  66%|██████▌   | 21/32 [00:04<00:02,  4.71it/s][A
Training Epochs:  71%|███████   | 71/100 [06:56<03:20,  6.92s/it, -ELBO=0.5265, Potential Metric=0.2090, Entropy Metric=0.0506]

Epoch 71:  69%|██████▉   | 22/32 [00:04<00:02,  4.75it/s][A
Training Epochs:  71%|███████   | 71/100 [06:56<03:20,  6.92s/it, -ELBO=0.5144, Potential Metric=0.1977, Entropy Metric=0.0539]

Epoch 71:  72%|███████▏  | 23/32 [00:04<00:01,  4.82it/s][A
Training Epochs:  71%|███████   | 71/100 [06:56<03:20,  6.92s/it, -ELBO=0.4901, Potential Metric=0.1918, Entropy Metric=0.0557]

Epoch 71:  75%|███████▌  | 24/32 [00:05<00:01,  4.83it/s][A
Training Epochs:  71%|███████   | 71/100 [06:56<03:20,  6.92s/it, -ELBO=0.5432, Potential Metric=0.2000, Entropy Metric=0.0555]

Epoch 71:  78%|███████▊  | 25/32 [00:05<00:01,  4.73it/s][A
Training Epochs:  71%|███████   | 71/100 [06:56<03:20,  6.92s/it, -ELBO=0.5351, Potential Metric=0.1914, Entropy Metric=0.0547]

Epoch 71:  81%|████████▏ | 26/32 [00:05<00:01,  4.69it/s][A
Training Epochs:  71%|███████   | 71/100 [06:57<03:20,  6.92s/it, -ELBO=0.5354, Potential Metric=0.1891, Entropy Metric=0.0545]

Epoch 71:  84%|████████▍ | 27/32 [00:05<00:01,  4.64it/s][A
Training Epochs:  71%|███████   | 71/100 [06:57<03:20,  6.92s/it, -ELBO=0.4709, Potential Metric=0.1941, Entropy Metric=0.0559]

Epoch 71:  88%|████████▊ | 28/32 [00:06<00:00,  4.59it/s][A
Training Epochs:  71%|███████   | 71/100 [06:57<03:20,  6.92s/it, -ELBO=0.5193, Potential Metric=0.1975, Entropy Metric=0.0567]

Epoch 71:  91%|█████████ | 29/32 [00:06<00:00,  4.60it/s][A
Training Epochs:  71%|███████   | 71/100 [06:57<03:20,  6.92s/it, -ELBO=0.4896, Potential Metric=0.1956, Entropy Metric=0.0592]

Epoch 71:  94%|█████████▍| 30/32 [00:06<00:00,  4.66it/s][A
Training Epochs:  71%|███████   | 71/100 [06:58<03:20,  6.92s/it, -ELBO=0.5271, Potential Metric=0.2022, Entropy Metric=0.0644]

Epoch 71:  97%|█████████▋| 31/32 [00:06<00:00,  4.50it/s][A
Training Epochs:  71%|███████   | 71/100 [06:58<03:20,  6.92s/it, -ELBO=0.5396, Potential Metric=0.2080, Entropy Metric=0.0619]

Epoch 71: 100%|██████████| 32/32 [00:06<00:00,  4.55it/s][A

                                                         [A
Training Epochs:  72%|███████▏  | 72/100 [06:58<03:15,  6.97s/it, -ELBO=0.5396, Potential Metric=0.2080, Entropy Metric=0.0619]

Epoch 72:   0%|          | 0/32 [00:00<?, ?it/s][A
Training Epochs:  72%|███████▏  | 72/100 [06:58<03:15,  6.97s/it, -ELBO=0.5135, Potential Metric=0.2115, Entropy Metric=0.0597]

Epoch 72:   3%|▎         | 1/32 [00:00<00:08,  3.80it/s][A
Training Epochs:  72%|███████▏  | 72/100 [06:58<03:15,  6.97s/it, -ELBO=0.5175, Potential Metric=0.1867, Entropy Metric=0.0568]

Epoch 72:   6%|▋         | 2/32 [00:00<00:06,  4.34it/s][A
Training Epochs:  72%|███████▏  | 72/100 [06:59<03:15,  6.97s/it, -ELBO=0.5190, Potential Metric=0.2002, Entropy Metric=0.0527]

Epoch 72:   9%|▉         | 3/32 [00:00<00:06,  4.29it/s][A
Training Epochs:  72%|███████▏  | 72/100 [06:59<03:15,  6.97s/it, -ELBO=0.5131, Potential Metric=0.2000, Entropy Metric=0.0565]

Epoch 72:  12%|█▎        | 4/32 [00:00<00:06,  4.36it/s][A
Training Epochs:  72%|███████▏  | 72/100 [06:59<03:15,  6.97s/it, -ELBO=0.5210, Potential Metric=0.1991, Entropy Metric=0.0541]

Epoch 72:  16%|█▌        | 5/32 [00:01<00:06,  4.41it/s][A
Training Epochs:  72%|███████▏  | 72/100 [06:59<03:15,  6.97s/it, -ELBO=0.5235, Potential Metric=0.2025, Entropy Metric=0.0533]

Epoch 72:  19%|█▉        | 6/32 [00:01<00:05,  4.54it/s][A
Training Epochs:  72%|███████▏  | 72/100 [06:59<03:15,  6.97s/it, -ELBO=0.5055, Potential Metric=0.1992, Entropy Metric=0.0527]

Epoch 72:  22%|██▏       | 7/32 [00:01<00:05,  4.63it/s][A
Training Epochs:  72%|███████▏  | 72/100 [07:00<03:15,  6.97s/it, -ELBO=0.5374, Potential Metric=0.1900, Entropy Metric=0.0558]

Epoch 72:  25%|██▌       | 8/32 [00:01<00:05,  4.60it/s][A
Training Epochs:  72%|███████▏  | 72/100 [07:00<03:15,  6.97s/it, -ELBO=0.4495, Potential Metric=0.1991, Entropy Metric=0.0534]

Epoch 72:  28%|██▊       | 9/32 [00:02<00:05,  4.53it/s][A
Training Epochs:  72%|███████▏  | 72/100 [07:00<03:15,  6.97s/it, -ELBO=0.5173, Potential Metric=0.2012, Entropy Metric=0.0539]

Epoch 72:  31%|███▏      | 10/32 [00:02<00:04,  4.51it/s][A
Training Epochs:  72%|███████▏  | 72/100 [07:00<03:15,  6.97s/it, -ELBO=0.5077, Potential Metric=0.2055, Entropy Metric=0.0541]

Epoch 72:  34%|███▍      | 11/32 [00:02<00:04,  4.44it/s][A
Training Epochs:  72%|███████▏  | 72/100 [07:01<03:15,  6.97s/it, -ELBO=0.4820, Potential Metric=0.2142, Entropy Metric=0.0601]

Epoch 72:  38%|███▊      | 12/32 [00:02<00:04,  4.39it/s][A
Training Epochs:  72%|███████▏  | 72/100 [07:01<03:15,  6.97s/it, -ELBO=0.5485, Potential Metric=0.1945, Entropy Metric=0.0584]

Epoch 72:  41%|████      | 13/32 [00:02<00:04,  4.38it/s][A
Training Epochs:  72%|███████▏  | 72/100 [07:01<03:15,  6.97s/it, -ELBO=0.4847, Potential Metric=0.2017, Entropy Metric=0.0521]

Epoch 72:  44%|████▍     | 14/32 [00:03<00:04,  4.49it/s][A
Training Epochs:  72%|███████▏  | 72/100 [07:01<03:15,  6.97s/it, -ELBO=0.4802, Potential Metric=0.2184, Entropy Metric=0.0547]

Epoch 72:  47%|████▋     | 15/32 [00:03<00:03,  4.63it/s][A
Training Epochs:  72%|███████▏  | 72/100 [07:01<03:15,  6.97s/it, -ELBO=0.5395, Potential Metric=0.1806, Entropy Metric=0.0510]

Epoch 72:  50%|█████     | 16/32 [00:03<00:03,  4.58it/s][A
Training Epochs:  72%|███████▏  | 72/100 [07:02<03:15,  6.97s/it, -ELBO=0.4812, Potential Metric=0.2024, Entropy Metric=0.0507]

Epoch 72:  53%|█████▎    | 17/32 [00:03<00:03,  4.54it/s][A
Training Epochs:  72%|███████▏  | 72/100 [07:02<03:15,  6.97s/it, -ELBO=0.5446, Potential Metric=0.2064, Entropy Metric=0.0554]

Epoch 72:  56%|█████▋    | 18/32 [00:04<00:03,  4.54it/s][A
Training Epochs:  72%|███████▏  | 72/100 [07:02<03:15,  6.97s/it, -ELBO=0.4766, Potential Metric=0.2090, Entropy Metric=0.0567]

Epoch 72:  59%|█████▉    | 19/32 [00:04<00:02,  4.53it/s][A
Training Epochs:  72%|███████▏  | 72/100 [07:02<03:15,  6.97s/it, -ELBO=0.4759, Potential Metric=0.1890, Entropy Metric=0.0558]

Epoch 72:  62%|██████▎   | 20/32 [00:04<00:02,  4.43it/s][A
Training Epochs:  72%|███████▏  | 72/100 [07:03<03:15,  6.97s/it, -ELBO=0.4950, Potential Metric=0.1941, Entropy Metric=0.0627]

Epoch 72:  66%|██████▌   | 21/32 [00:04<00:02,  4.45it/s][A
Training Epochs:  72%|███████▏  | 72/100 [07:03<03:15,  6.97s/it, -ELBO=0.4983, Potential Metric=0.2065, Entropy Metric=0.0619]

Epoch 72:  69%|██████▉   | 22/32 [00:04<00:02,  4.48it/s][A
Training Epochs:  72%|███████▏  | 72/100 [07:03<03:15,  6.97s/it, -ELBO=0.5151, Potential Metric=0.1911, Entropy Metric=0.0609]

Epoch 72:  72%|███████▏  | 23/32 [00:05<00:02,  4.43it/s][A
Training Epochs:  72%|███████▏  | 72/100 [07:03<03:15,  6.97s/it, -ELBO=0.4732, Potential Metric=0.1929, Entropy Metric=0.0567]

Epoch 72:  75%|███████▌  | 24/32 [00:05<00:01,  4.37it/s][A
Training Epochs:  72%|███████▏  | 72/100 [07:03<03:15,  6.97s/it, -ELBO=0.5180, Potential Metric=0.1891, Entropy Metric=0.0633]

Epoch 72:  78%|███████▊  | 25/32 [00:05<00:01,  4.48it/s][A
Training Epochs:  72%|███████▏  | 72/100 [07:04<03:15,  6.97s/it, -ELBO=0.5013, Potential Metric=0.1964, Entropy Metric=0.0573]

Epoch 72:  81%|████████▏ | 26/32 [00:05<00:01,  4.38it/s][A
Training Epochs:  72%|███████▏  | 72/100 [07:04<03:15,  6.97s/it, -ELBO=0.4915, Potential Metric=0.1871, Entropy Metric=0.0593]

Epoch 72:  84%|████████▍ | 27/32 [00:06<00:01,  4.35it/s][A
Training Epochs:  72%|███████▏  | 72/100 [07:04<03:15,  6.97s/it, -ELBO=0.5126, Potential Metric=0.2044, Entropy Metric=0.0595]

Epoch 72:  88%|████████▊ | 28/32 [00:06<00:00,  4.26it/s][A
Training Epochs:  72%|███████▏  | 72/100 [07:04<03:15,  6.97s/it, -ELBO=0.5510, Potential Metric=0.2101, Entropy Metric=0.0576]

Epoch 72:  91%|█████████ | 29/32 [00:06<00:00,  4.26it/s][A
Training Epochs:  72%|███████▏  | 72/100 [07:05<03:15,  6.97s/it, -ELBO=0.5451, Potential Metric=0.2077, Entropy Metric=0.0632]

Epoch 72:  94%|█████████▍| 30/32 [00:06<00:00,  4.41it/s][A
Training Epochs:  72%|███████▏  | 72/100 [07:05<03:15,  6.97s/it, -ELBO=0.4699, Potential Metric=0.2079, Entropy Metric=0.0597]

Epoch 72:  97%|█████████▋| 31/32 [00:07<00:00,  4.29it/s][A
Training Epochs:  72%|███████▏  | 72/100 [07:05<03:15,  6.97s/it, -ELBO=0.5042, Potential Metric=0.2012, Entropy Metric=0.0554]

Epoch 72: 100%|██████████| 32/32 [00:07<00:00,  4.26it/s][A

                                                         [A
Training Epochs:  73%|███████▎  | 73/100 [07:05<03:11,  7.10s/it, -ELBO=0.5042, Potential Metric=0.2012, Entropy Metric=0.0554]

Epoch 73:   0%|          | 0/32 [00:00<?, ?it/s][A
Training Epochs:  73%|███████▎  | 73/100 [07:06<03:11,  7.10s/it, -ELBO=0.5153, Potential Metric=0.2048, Entropy Metric=0.0575]

Epoch 73:   3%|▎         | 1/32 [00:00<00:07,  4.06it/s][A
Training Epochs:  73%|███████▎  | 73/100 [07:06<03:11,  7.10s/it, -ELBO=0.5300, Potential Metric=0.1993, Entropy Metric=0.0592]

Epoch 73:   6%|▋         | 2/32 [00:00<00:06,  4.55it/s][A
Training Epochs:  73%|███████▎  | 73/100 [07:06<03:11,  7.10s/it, -ELBO=0.5280, Potential Metric=0.1894, Entropy Metric=0.0633]

Epoch 73:   9%|▉         | 3/32 [00:00<00:06,  4.64it/s][A
Training Epochs:  73%|███████▎  | 73/100 [07:06<03:11,  7.10s/it, -ELBO=0.5337, Potential Metric=0.2176, Entropy Metric=0.0605]

Epoch 73:  12%|█▎        | 4/32 [00:00<00:06,  4.62it/s][A
Training Epochs:  73%|███████▎  | 73/100 [07:06<03:11,  7.10s/it, -ELBO=0.4735, Potential Metric=0.1959, Entropy Metric=0.0590]

Epoch 73:  16%|█▌        | 5/32 [00:01<00:05,  4.62it/s][A
Training Epochs:  73%|███████▎  | 73/100 [07:07<03:11,  7.10s/it, -ELBO=0.4608, Potential Metric=0.2007, Entropy Metric=0.0558]

Epoch 73:  19%|█▉        | 6/32 [00:01<00:05,  4.69it/s][A
Training Epochs:  73%|███████▎  | 73/100 [07:07<03:11,  7.10s/it, -ELBO=0.5416, Potential Metric=0.1918, Entropy Metric=0.0554]

Epoch 73:  22%|██▏       | 7/32 [00:01<00:05,  4.77it/s][A
Training Epochs:  73%|███████▎  | 73/100 [07:07<03:11,  7.10s/it, -ELBO=0.5068, Potential Metric=0.2025, Entropy Metric=0.0539]

Epoch 73:  25%|██▌       | 8/32 [00:01<00:05,  4.67it/s][A
Training Epochs:  73%|███████▎  | 73/100 [07:07<03:11,  7.10s/it, -ELBO=0.5336, Potential Metric=0.2071, Entropy Metric=0.0592]

Epoch 73:  28%|██▊       | 9/32 [00:01<00:05,  4.53it/s][A
Training Epochs:  73%|███████▎  | 73/100 [07:07<03:11,  7.10s/it, -ELBO=0.4457, Potential Metric=0.2037, Entropy Metric=0.0590]

Epoch 73:  31%|███▏      | 10/32 [00:02<00:04,  4.51it/s][A
Training Epochs:  73%|███████▎  | 73/100 [07:08<03:11,  7.10s/it, -ELBO=0.4923, Potential Metric=0.1953, Entropy Metric=0.0603]

Epoch 73:  34%|███▍      | 11/32 [00:02<00:04,  4.61it/s][A
Training Epochs:  73%|███████▎  | 73/100 [07:08<03:11,  7.10s/it, -ELBO=0.4813, Potential Metric=0.2167, Entropy Metric=0.0546]

Epoch 73:  38%|███▊      | 12/32 [00:02<00:04,  4.59it/s][A
Training Epochs:  73%|███████▎  | 73/100 [07:08<03:11,  7.10s/it, -ELBO=0.5172, Potential Metric=0.2013, Entropy Metric=0.0561]

Epoch 73:  41%|████      | 13/32 [00:02<00:04,  4.61it/s][A
Training Epochs:  73%|███████▎  | 73/100 [07:08<03:11,  7.10s/it, -ELBO=0.5284, Potential Metric=0.2119, Entropy Metric=0.0571]

Epoch 73:  44%|████▍     | 14/32 [00:03<00:03,  4.60it/s][A
Training Epochs:  73%|███████▎  | 73/100 [07:09<03:11,  7.10s/it, -ELBO=0.4510, Potential Metric=0.1920, Entropy Metric=0.0560]

Epoch 73:  47%|████▋     | 15/32 [00:03<00:03,  4.73it/s][A
Training Epochs:  73%|███████▎  | 73/100 [07:09<03:11,  7.10s/it, -ELBO=0.5338, Potential Metric=0.2019, Entropy Metric=0.0558]

Epoch 73:  50%|█████     | 16/32 [00:03<00:03,  4.65it/s][A
Training Epochs:  73%|███████▎  | 73/100 [07:09<03:11,  7.10s/it, -ELBO=0.5491, Potential Metric=0.1988, Entropy Metric=0.0554]

Epoch 73:  53%|█████▎    | 17/32 [00:03<00:03,  4.69it/s][A
Training Epochs:  73%|███████▎  | 73/100 [07:09<03:11,  7.10s/it, -ELBO=0.5243, Potential Metric=0.1751, Entropy Metric=0.0578]

Epoch 73:  56%|█████▋    | 18/32 [00:03<00:02,  4.79it/s][A
Training Epochs:  73%|███████▎  | 73/100 [07:09<03:11,  7.10s/it, -ELBO=0.5474, Potential Metric=0.1994, Entropy Metric=0.0559]

Epoch 73:  59%|█████▉    | 19/32 [00:04<00:02,  4.73it/s][A
Training Epochs:  73%|███████▎  | 73/100 [07:10<03:11,  7.10s/it, -ELBO=0.4954, Potential Metric=0.1895, Entropy Metric=0.0542]

Epoch 73:  62%|██████▎   | 20/32 [00:04<00:02,  4.81it/s][A
Training Epochs:  73%|███████▎  | 73/100 [07:10<03:11,  7.10s/it, -ELBO=0.4967, Potential Metric=0.1857, Entropy Metric=0.0579]

Epoch 73:  66%|██████▌   | 21/32 [00:04<00:02,  4.77it/s][A
Training Epochs:  73%|███████▎  | 73/100 [07:10<03:11,  7.10s/it, -ELBO=0.5059, Potential Metric=0.1904, Entropy Metric=0.0591]

Epoch 73:  69%|██████▉   | 22/32 [00:04<00:02,  4.77it/s][A
Training Epochs:  73%|███████▎  | 73/100 [07:10<03:11,  7.10s/it, -ELBO=0.4672, Potential Metric=0.2172, Entropy Metric=0.0532]

Epoch 73:  72%|███████▏  | 23/32 [00:04<00:01,  4.58it/s][A
Training Epochs:  73%|███████▎  | 73/100 [07:10<03:11,  7.10s/it, -ELBO=0.4878, Potential Metric=0.1927, Entropy Metric=0.0573]

Epoch 73:  75%|███████▌  | 24/32 [00:05<00:01,  4.54it/s][A
Training Epochs:  73%|███████▎  | 73/100 [07:11<03:11,  7.10s/it, -ELBO=0.4865, Potential Metric=0.2118, Entropy Metric=0.0575]

Epoch 73:  78%|███████▊  | 25/32 [00:05<00:01,  4.61it/s][A
Training Epochs:  73%|███████▎  | 73/100 [07:11<03:11,  7.10s/it, -ELBO=0.4552, Potential Metric=0.2093, Entropy Metric=0.0545]

Epoch 73:  81%|████████▏ | 26/32 [00:05<00:01,  4.69it/s][A
Training Epochs:  73%|███████▎  | 73/100 [07:11<03:11,  7.10s/it, -ELBO=0.5076, Potential Metric=0.2073, Entropy Metric=0.0583]

Epoch 73:  84%|████████▍ | 27/32 [00:05<00:01,  4.67it/s][A
Training Epochs:  73%|███████▎  | 73/100 [07:11<03:11,  7.10s/it, -ELBO=0.5029, Potential Metric=0.1918, Entropy Metric=0.0593]

Epoch 73:  88%|████████▊ | 28/32 [00:06<00:00,  4.61it/s][A
Training Epochs:  73%|███████▎  | 73/100 [07:12<03:11,  7.10s/it, -ELBO=0.4969, Potential Metric=0.1958, Entropy Metric=0.0575]

Epoch 73:  91%|█████████ | 29/32 [00:06<00:00,  4.65it/s][A
Training Epochs:  73%|███████▎  | 73/100 [07:12<03:11,  7.10s/it, -ELBO=0.4620, Potential Metric=0.1911, Entropy Metric=0.0595]

Epoch 73:  94%|█████████▍| 30/32 [00:06<00:00,  4.59it/s][A
Training Epochs:  73%|███████▎  | 73/100 [07:12<03:11,  7.10s/it, -ELBO=0.4835, Potential Metric=0.1957, Entropy Metric=0.0629]

Epoch 73:  97%|█████████▋| 31/32 [00:06<00:00,  4.64it/s][A
Training Epochs:  73%|███████▎  | 73/100 [07:12<03:11,  7.10s/it, -ELBO=0.5231, Potential Metric=0.2088, Entropy Metric=0.0611]

Epoch 73: 100%|██████████| 32/32 [00:06<00:00,  4.63it/s][A

                                                         [A
Training Epochs:  74%|███████▍  | 74/100 [07:12<03:03,  7.08s/it, -ELBO=0.5231, Potential Metric=0.2088, Entropy Metric=0.0611]

Epoch 74:   0%|          | 0/32 [00:00<?, ?it/s][A
Training Epochs:  74%|███████▍  | 74/100 [07:13<03:03,  7.08s/it, -ELBO=0.5155, Potential Metric=0.1956, Entropy Metric=0.0581]

Epoch 74:   3%|▎         | 1/32 [00:00<00:08,  3.74it/s][A
Training Epochs:  74%|███████▍  | 74/100 [07:13<03:03,  7.08s/it, -ELBO=0.4779, Potential Metric=0.1965, Entropy Metric=0.0617]

Epoch 74:   6%|▋         | 2/32 [00:00<00:06,  4.35it/s][A
Training Epochs:  74%|███████▍  | 74/100 [07:13<03:03,  7.08s/it, -ELBO=0.5716, Potential Metric=0.1986, Entropy Metric=0.0592]

Epoch 74:   9%|▉         | 3/32 [00:00<00:06,  4.64it/s][A
Training Epochs:  74%|███████▍  | 74/100 [07:13<03:03,  7.08s/it, -ELBO=0.5220, Potential Metric=0.2081, Entropy Metric=0.0564]

Epoch 74:  12%|█▎        | 4/32 [00:00<00:05,  4.72it/s][A
Training Epochs:  74%|███████▍  | 74/100 [07:13<03:03,  7.08s/it, -ELBO=0.4902, Potential Metric=0.1913, Entropy Metric=0.0574]

Epoch 74:  16%|█▌        | 5/32 [00:01<00:05,  4.76it/s][A
Training Epochs:  74%|███████▍  | 74/100 [07:14<03:03,  7.08s/it, -ELBO=0.5656, Potential Metric=0.1980, Entropy Metric=0.0578]

Epoch 74:  19%|█▉        | 6/32 [00:01<00:05,  4.81it/s][A
Training Epochs:  74%|███████▍  | 74/100 [07:14<03:03,  7.08s/it, -ELBO=0.4746, Potential Metric=0.2137, Entropy Metric=0.0563]

Epoch 74:  22%|██▏       | 7/32 [00:01<00:05,  4.75it/s][A
Training Epochs:  74%|███████▍  | 74/100 [07:14<03:03,  7.08s/it, -ELBO=0.4743, Potential Metric=0.2092, Entropy Metric=0.0566]

Epoch 74:  25%|██▌       | 8/32 [00:01<00:05,  4.65it/s][A
Training Epochs:  74%|███████▍  | 74/100 [07:14<03:03,  7.08s/it, -ELBO=0.5495, Potential Metric=0.2119, Entropy Metric=0.0627]

Epoch 74:  28%|██▊       | 9/32 [00:01<00:04,  4.63it/s][A
Training Epochs:  74%|███████▍  | 74/100 [07:15<03:03,  7.08s/it, -ELBO=0.4835, Potential Metric=0.2132, Entropy Metric=0.0598]

Epoch 74:  31%|███▏      | 10/32 [00:02<00:04,  4.71it/s][A
Training Epochs:  74%|███████▍  | 74/100 [07:15<03:03,  7.08s/it, -ELBO=0.4620, Potential Metric=0.2174, Entropy Metric=0.0604]

Epoch 74:  34%|███▍      | 11/32 [00:02<00:04,  4.64it/s][A
Training Epochs:  74%|███████▍  | 74/100 [07:15<03:03,  7.08s/it, -ELBO=0.5174, Potential Metric=0.2083, Entropy Metric=0.0598]

Epoch 74:  38%|███▊      | 12/32 [00:02<00:04,  4.66it/s][A
Training Epochs:  74%|███████▍  | 74/100 [07:15<03:03,  7.08s/it, -ELBO=0.5015, Potential Metric=0.2038, Entropy Metric=0.0609]

Epoch 74:  41%|████      | 13/32 [00:02<00:04,  4.67it/s][A
Training Epochs:  74%|███████▍  | 74/100 [07:15<03:03,  7.08s/it, -ELBO=0.4969, Potential Metric=0.2081, Entropy Metric=0.0601]

Epoch 74:  44%|████▍     | 14/32 [00:03<00:03,  4.61it/s][A
Training Epochs:  74%|███████▍  | 74/100 [07:16<03:03,  7.08s/it, -ELBO=0.5023, Potential Metric=0.1983, Entropy Metric=0.0624]

Epoch 74:  47%|████▋     | 15/32 [00:03<00:03,  4.66it/s][A
Training Epochs:  74%|███████▍  | 74/100 [07:16<03:03,  7.08s/it, -ELBO=0.5010, Potential Metric=0.2045, Entropy Metric=0.0592]

Epoch 74:  50%|█████     | 16/32 [00:03<00:03,  4.64it/s][A
Training Epochs:  74%|███████▍  | 74/100 [07:16<03:03,  7.08s/it, -ELBO=0.4991, Potential Metric=0.2064, Entropy Metric=0.0586]

Epoch 74:  53%|█████▎    | 17/32 [00:03<00:03,  4.74it/s][A
Training Epochs:  74%|███████▍  | 74/100 [07:16<03:03,  7.08s/it, -ELBO=0.4884, Potential Metric=0.1997, Entropy Metric=0.0553]

Epoch 74:  56%|█████▋    | 18/32 [00:04<00:03,  3.88it/s][A
Training Epochs:  74%|███████▍  | 74/100 [07:17<03:03,  7.08s/it, -ELBO=0.4956, Potential Metric=0.1909, Entropy Metric=0.0521]

Epoch 74:  59%|█████▉    | 19/32 [00:04<00:03,  4.08it/s][A
Training Epochs:  74%|███████▍  | 74/100 [07:17<03:03,  7.08s/it, -ELBO=0.5038, Potential Metric=0.2008, Entropy Metric=0.0533]

Epoch 74:  62%|██████▎   | 20/32 [00:04<00:02,  4.20it/s][A
Training Epochs:  74%|███████▍  | 74/100 [07:17<03:03,  7.08s/it, -ELBO=0.4888, Potential Metric=0.1986, Entropy Metric=0.0578]

Epoch 74:  66%|██████▌   | 21/32 [00:04<00:02,  4.34it/s][A
Training Epochs:  74%|███████▍  | 74/100 [07:17<03:03,  7.08s/it, -ELBO=0.4688, Potential Metric=0.2108, Entropy Metric=0.0554]

Epoch 74:  69%|██████▉   | 22/32 [00:04<00:02,  4.37it/s][A
Training Epochs:  74%|███████▍  | 74/100 [07:17<03:03,  7.08s/it, -ELBO=0.5034, Potential Metric=0.1850, Entropy Metric=0.0563]

Epoch 74:  72%|███████▏  | 23/32 [00:05<00:02,  4.44it/s][A
Training Epochs:  74%|███████▍  | 74/100 [07:18<03:03,  7.08s/it, -ELBO=0.4850, Potential Metric=0.1956, Entropy Metric=0.0587]

Epoch 74:  75%|███████▌  | 24/32 [00:05<00:01,  4.45it/s][A
Training Epochs:  74%|███████▍  | 74/100 [07:18<03:03,  7.08s/it, -ELBO=0.4574, Potential Metric=0.2276, Entropy Metric=0.0616]

Epoch 74:  78%|███████▊  | 25/32 [00:05<00:01,  4.54it/s][A
Training Epochs:  74%|███████▍  | 74/100 [07:18<03:03,  7.08s/it, -ELBO=0.4704, Potential Metric=0.2073, Entropy Metric=0.0599]

Epoch 74:  81%|████████▏ | 26/32 [00:05<00:01,  4.48it/s][A
Training Epochs:  74%|███████▍  | 74/100 [07:18<03:03,  7.08s/it, -ELBO=0.4904, Potential Metric=0.2073, Entropy Metric=0.0608]

Epoch 74:  84%|████████▍ | 27/32 [00:05<00:01,  4.46it/s][A
Training Epochs:  74%|███████▍  | 74/100 [07:19<03:03,  7.08s/it, -ELBO=0.5602, Potential Metric=0.1995, Entropy Metric=0.0621]

Epoch 74:  88%|████████▊ | 28/32 [00:06<00:00,  4.36it/s][A
Training Epochs:  74%|███████▍  | 74/100 [07:19<03:03,  7.08s/it, -ELBO=0.4677, Potential Metric=0.2043, Entropy Metric=0.0598]

Epoch 74:  91%|█████████ | 29/32 [00:06<00:00,  4.40it/s][A
Training Epochs:  74%|███████▍  | 74/100 [07:19<03:03,  7.08s/it, -ELBO=0.4648, Potential Metric=0.2014, Entropy Metric=0.0612]

Epoch 74:  94%|█████████▍| 30/32 [00:06<00:00,  4.47it/s][A
Training Epochs:  74%|███████▍  | 74/100 [07:19<03:03,  7.08s/it, -ELBO=0.4777, Potential Metric=0.2027, Entropy Metric=0.0600]

Epoch 74:  97%|█████████▋| 31/32 [00:06<00:00,  4.56it/s][A
Training Epochs:  74%|███████▍  | 74/100 [07:20<03:03,  7.08s/it, -ELBO=0.5162, Potential Metric=0.2073, Entropy Metric=0.0577]

Epoch 74: 100%|██████████| 32/32 [00:07<00:00,  4.34it/s][A

                                                         [A
Training Epochs:  75%|███████▌  | 75/100 [07:20<02:59,  7.16s/it, -ELBO=0.5162, Potential Metric=0.2073, Entropy Metric=0.0577]

Epoch 75:   0%|          | 0/32 [00:00<?, ?it/s][A
Training Epochs:  75%|███████▌  | 75/100 [07:20<02:59,  7.16s/it, -ELBO=0.5358, Potential Metric=0.2152, Entropy Metric=0.0573]

Epoch 75:   3%|▎         | 1/32 [00:00<00:08,  3.58it/s][A
Training Epochs:  75%|███████▌  | 75/100 [07:20<02:59,  7.16s/it, -ELBO=0.4911, Potential Metric=0.2017, Entropy Metric=0.0556]

Epoch 75:   6%|▋         | 2/32 [00:00<00:07,  4.21it/s][A
Training Epochs:  75%|███████▌  | 75/100 [07:20<02:59,  7.16s/it, -ELBO=0.4786, Potential Metric=0.2076, Entropy Metric=0.0538]

Epoch 75:   9%|▉         | 3/32 [00:00<00:06,  4.43it/s][A
Training Epochs:  75%|███████▌  | 75/100 [07:21<02:59,  7.16s/it, -ELBO=0.4592, Potential Metric=0.1986, Entropy Metric=0.0544]

Epoch 75:  12%|█▎        | 4/32 [00:00<00:06,  4.52it/s][A
Training Epochs:  75%|███████▌  | 75/100 [07:21<02:59,  7.16s/it, -ELBO=0.4640, Potential Metric=0.2153, Entropy Metric=0.0542]

Epoch 75:  16%|█▌        | 5/32 [00:01<00:05,  4.67it/s][A
Training Epochs:  75%|███████▌  | 75/100 [07:21<02:59,  7.16s/it, -ELBO=0.5080, Potential Metric=0.2137, Entropy Metric=0.0553]

Epoch 75:  19%|█▉        | 6/32 [00:01<00:05,  4.64it/s][A
Training Epochs:  75%|███████▌  | 75/100 [07:21<02:59,  7.16s/it, -ELBO=0.4692, Potential Metric=0.1939, Entropy Metric=0.0526]

Epoch 75:  22%|██▏       | 7/32 [00:01<00:05,  4.67it/s][A
Training Epochs:  75%|███████▌  | 75/100 [07:21<02:59,  7.16s/it, -ELBO=0.5118, Potential Metric=0.2085, Entropy Metric=0.0526]

Epoch 75:  25%|██▌       | 8/32 [00:01<00:05,  4.70it/s][A
Training Epochs:  75%|███████▌  | 75/100 [07:22<02:59,  7.16s/it, -ELBO=0.5054, Potential Metric=0.1966, Entropy Metric=0.0536]

Epoch 75:  28%|██▊       | 9/32 [00:01<00:04,  4.66it/s][A
Training Epochs:  75%|███████▌  | 75/100 [07:22<02:59,  7.16s/it, -ELBO=0.4749, Potential Metric=0.1945, Entropy Metric=0.0559]

Epoch 75:  31%|███▏      | 10/32 [00:02<00:04,  4.69it/s][A
Training Epochs:  75%|███████▌  | 75/100 [07:22<02:59,  7.16s/it, -ELBO=0.4776, Potential Metric=0.1923, Entropy Metric=0.0591]

Epoch 75:  34%|███▍      | 11/32 [00:02<00:04,  4.72it/s][A
Training Epochs:  75%|███████▌  | 75/100 [07:22<02:59,  7.16s/it, -ELBO=0.4960, Potential Metric=0.1929, Entropy Metric=0.0594]

Epoch 75:  38%|███▊      | 12/32 [00:02<00:04,  4.79it/s][A
Training Epochs:  75%|███████▌  | 75/100 [07:23<02:59,  7.16s/it, -ELBO=0.4641, Potential Metric=0.1895, Entropy Metric=0.0589]

Epoch 75:  41%|████      | 13/32 [00:02<00:04,  4.74it/s][A
Training Epochs:  75%|███████▌  | 75/100 [07:23<02:59,  7.16s/it, -ELBO=0.5174, Potential Metric=0.2023, Entropy Metric=0.0620]

Epoch 75:  44%|████▍     | 14/32 [00:03<00:03,  4.85it/s][A
Training Epochs:  75%|███████▌  | 75/100 [07:23<02:59,  7.16s/it, -ELBO=0.5293, Potential Metric=0.1943, Entropy Metric=0.0564]

Epoch 75:  47%|████▋     | 15/32 [00:03<00:03,  4.87it/s][A
Training Epochs:  75%|███████▌  | 75/100 [07:23<02:59,  7.16s/it, -ELBO=0.4825, Potential Metric=0.1880, Entropy Metric=0.0603]

Epoch 75:  50%|█████     | 16/32 [00:03<00:03,  4.77it/s][A
Training Epochs:  75%|███████▌  | 75/100 [07:23<02:59,  7.16s/it, -ELBO=0.5006, Potential Metric=0.1989, Entropy Metric=0.0575]

Epoch 75:  53%|█████▎    | 17/32 [00:03<00:03,  4.79it/s][A
Training Epochs:  75%|███████▌  | 75/100 [07:24<02:59,  7.16s/it, -ELBO=0.5214, Potential Metric=0.2066, Entropy Metric=0.0663]

Epoch 75:  56%|█████▋    | 18/32 [00:03<00:03,  4.66it/s][A
Training Epochs:  75%|███████▌  | 75/100 [07:24<02:59,  7.16s/it, -ELBO=0.4946, Potential Metric=0.1980, Entropy Metric=0.0594]

Epoch 75:  59%|█████▉    | 19/32 [00:04<00:02,  4.70it/s][A
Training Epochs:  75%|███████▌  | 75/100 [07:24<02:59,  7.16s/it, -ELBO=0.4506, Potential Metric=0.1918, Entropy Metric=0.0626]

Epoch 75:  62%|██████▎   | 20/32 [00:04<00:02,  4.67it/s][A
Training Epochs:  75%|███████▌  | 75/100 [07:24<02:59,  7.16s/it, -ELBO=0.4507, Potential Metric=0.2096, Entropy Metric=0.0609]

Epoch 75:  66%|██████▌   | 21/32 [00:04<00:02,  4.68it/s][A
Training Epochs:  75%|███████▌  | 75/100 [07:24<02:59,  7.16s/it, -ELBO=0.5089, Potential Metric=0.1990, Entropy Metric=0.0630]

Epoch 75:  69%|██████▉   | 22/32 [00:04<00:02,  4.80it/s][A
Training Epochs:  75%|███████▌  | 75/100 [07:25<02:59,  7.16s/it, -ELBO=0.4783, Potential Metric=0.2024, Entropy Metric=0.0617]

Epoch 75:  72%|███████▏  | 23/32 [00:04<00:01,  4.76it/s][A
Training Epochs:  75%|███████▌  | 75/100 [07:25<02:59,  7.16s/it, -ELBO=0.4670, Potential Metric=0.1938, Entropy Metric=0.0606]

Epoch 75:  75%|███████▌  | 24/32 [00:05<00:01,  4.65it/s][A
Training Epochs:  75%|███████▌  | 75/100 [07:25<02:59,  7.16s/it, -ELBO=0.4843, Potential Metric=0.2049, Entropy Metric=0.0615]

Epoch 75:  78%|███████▊  | 25/32 [00:05<00:01,  4.69it/s][A
Training Epochs:  75%|███████▌  | 75/100 [07:25<02:59,  7.16s/it, -ELBO=0.5349, Potential Metric=0.2030, Entropy Metric=0.0608]

Epoch 75:  81%|████████▏ | 26/32 [00:05<00:01,  4.60it/s][A
Training Epochs:  75%|███████▌  | 75/100 [07:25<02:59,  7.16s/it, -ELBO=0.4952, Potential Metric=0.2121, Entropy Metric=0.0660]

Epoch 75:  84%|████████▍ | 27/32 [00:05<00:01,  4.65it/s][A
Training Epochs:  75%|███████▌  | 75/100 [07:26<02:59,  7.16s/it, -ELBO=0.4629, Potential Metric=0.2053, Entropy Metric=0.0563]

Epoch 75:  88%|████████▊ | 28/32 [00:06<00:00,  4.49it/s][A
Training Epochs:  75%|███████▌  | 75/100 [07:26<02:59,  7.16s/it, -ELBO=0.4954, Potential Metric=0.2088, Entropy Metric=0.0594]

Epoch 75:  91%|█████████ | 29/32 [00:06<00:00,  4.37it/s][A
Training Epochs:  75%|███████▌  | 75/100 [07:26<02:59,  7.16s/it, -ELBO=0.5154, Potential Metric=0.2061, Entropy Metric=0.0618]

Epoch 75:  94%|█████████▍| 30/32 [00:06<00:00,  4.43it/s][A
Training Epochs:  75%|███████▌  | 75/100 [07:26<02:59,  7.16s/it, -ELBO=0.5343, Potential Metric=0.2108, Entropy Metric=0.0606]

Epoch 75:  97%|█████████▋| 31/32 [00:06<00:00,  4.46it/s][A
Training Epochs:  75%|███████▌  | 75/100 [07:27<02:59,  7.16s/it, -ELBO=0.5008, Potential Metric=0.1942, Entropy Metric=0.0574]

Epoch 75: 100%|██████████| 32/32 [00:06<00:00,  4.50it/s][A

                                                         [A
Training Epochs:  76%|███████▌  | 76/100 [07:27<02:51,  7.14s/it, -ELBO=0.5008, Potential Metric=0.1942, Entropy Metric=0.0574]

Epoch 76:   0%|          | 0/32 [00:00<?, ?it/s][A
Training Epochs:  76%|███████▌  | 76/100 [07:27<02:51,  7.14s/it, -ELBO=0.4990, Potential Metric=0.2006, Entropy Metric=0.0590]

Epoch 76:   3%|▎         | 1/32 [00:00<00:08,  3.64it/s][A
Training Epochs:  76%|███████▌  | 76/100 [07:27<02:51,  7.14s/it, -ELBO=0.4991, Potential Metric=0.2023, Entropy Metric=0.0590]

Epoch 76:   6%|▋         | 2/32 [00:00<00:07,  4.07it/s][A
Training Epochs:  76%|███████▌  | 76/100 [07:28<02:51,  7.14s/it, -ELBO=0.4714, Potential Metric=0.2044, Entropy Metric=0.0594]

Epoch 76:   9%|▉         | 3/32 [00:00<00:06,  4.28it/s][A
Training Epochs:  76%|███████▌  | 76/100 [07:28<02:51,  7.14s/it, -ELBO=0.4942, Potential Metric=0.2088, Entropy Metric=0.0566]

Epoch 76:  12%|█▎        | 4/32 [00:00<00:06,  4.47it/s][A
Training Epochs:  76%|███████▌  | 76/100 [07:28<02:51,  7.14s/it, -ELBO=0.5137, Potential Metric=0.1840, Entropy Metric=0.0607]

Epoch 76:  16%|█▌        | 5/32 [00:01<00:05,  4.57it/s][A
Training Epochs:  76%|███████▌  | 76/100 [07:28<02:51,  7.14s/it, -ELBO=0.4604, Potential Metric=0.2003, Entropy Metric=0.0570]

Epoch 76:  19%|█▉        | 6/32 [00:01<00:05,  4.65it/s][A
Training Epochs:  76%|███████▌  | 76/100 [07:28<02:51,  7.14s/it, -ELBO=0.4935, Potential Metric=0.2094, Entropy Metric=0.0557]

Epoch 76:  22%|██▏       | 7/32 [00:01<00:05,  4.50it/s][A
Training Epochs:  76%|███████▌  | 76/100 [07:29<02:51,  7.14s/it, -ELBO=0.5140, Potential Metric=0.1981, Entropy Metric=0.0570]

Epoch 76:  25%|██▌       | 8/32 [00:01<00:05,  4.54it/s][A
Training Epochs:  76%|███████▌  | 76/100 [07:29<02:51,  7.14s/it, -ELBO=0.5448, Potential Metric=0.2326, Entropy Metric=0.0603]

Epoch 76:  28%|██▊       | 9/32 [00:02<00:05,  4.59it/s][A
Training Epochs:  76%|███████▌  | 76/100 [07:29<02:51,  7.14s/it, -ELBO=0.4629, Potential Metric=0.1936, Entropy Metric=0.0583]

Epoch 76:  31%|███▏      | 10/32 [00:02<00:04,  4.56it/s][A
Training Epochs:  76%|███████▌  | 76/100 [07:29<02:51,  7.14s/it, -ELBO=0.4844, Potential Metric=0.2042, Entropy Metric=0.0618]

Epoch 76:  34%|███▍      | 11/32 [00:02<00:04,  4.56it/s][A
Training Epochs:  76%|███████▌  | 76/100 [07:29<02:51,  7.14s/it, -ELBO=0.4850, Potential Metric=0.2276, Entropy Metric=0.0620]

Epoch 76:  38%|███▊      | 12/32 [00:02<00:04,  4.66it/s][A
Training Epochs:  76%|███████▌  | 76/100 [07:30<02:51,  7.14s/it, -ELBO=0.5193, Potential Metric=0.1905, Entropy Metric=0.0683]

Epoch 76:  41%|████      | 13/32 [00:02<00:04,  4.63it/s][A
Training Epochs:  76%|███████▌  | 76/100 [07:30<02:51,  7.14s/it, -ELBO=0.4361, Potential Metric=0.2019, Entropy Metric=0.0613]

Epoch 76:  44%|████▍     | 14/32 [00:03<00:03,  4.73it/s][A
Training Epochs:  76%|███████▌  | 76/100 [07:30<02:51,  7.14s/it, -ELBO=0.4894, Potential Metric=0.1933, Entropy Metric=0.0603]

Epoch 76:  47%|████▋     | 15/32 [00:03<00:03,  4.72it/s][A
Training Epochs:  76%|███████▌  | 76/100 [07:30<02:51,  7.14s/it, -ELBO=0.4758, Potential Metric=0.1995, Entropy Metric=0.0581]

Epoch 76:  50%|█████     | 16/32 [00:03<00:03,  4.62it/s][A
Training Epochs:  76%|███████▌  | 76/100 [07:31<02:51,  7.14s/it, -ELBO=0.4652, Potential Metric=0.1978, Entropy Metric=0.0578]

Epoch 76:  53%|█████▎    | 17/32 [00:03<00:03,  4.54it/s][A
Training Epochs:  76%|███████▌  | 76/100 [07:31<02:51,  7.14s/it, -ELBO=0.4428, Potential Metric=0.2007, Entropy Metric=0.0617]

Epoch 76:  56%|█████▋    | 18/32 [00:03<00:03,  4.57it/s][A
Training Epochs:  76%|███████▌  | 76/100 [07:31<02:51,  7.14s/it, -ELBO=0.5370, Potential Metric=0.1996, Entropy Metric=0.0603]

Epoch 76:  59%|█████▉    | 19/32 [00:04<00:02,  4.47it/s][A
Training Epochs:  76%|███████▌  | 76/100 [07:31<02:51,  7.14s/it, -ELBO=0.5272, Potential Metric=0.2029, Entropy Metric=0.0589]

Epoch 76:  62%|██████▎   | 20/32 [00:04<00:02,  4.48it/s][A
Training Epochs:  76%|███████▌  | 76/100 [07:31<02:51,  7.14s/it, -ELBO=0.4665, Potential Metric=0.1940, Entropy Metric=0.0608]

Epoch 76:  66%|██████▌   | 21/32 [00:04<00:02,  4.45it/s][A
Training Epochs:  76%|███████▌  | 76/100 [07:32<02:51,  7.14s/it, -ELBO=0.4861, Potential Metric=0.1867, Entropy Metric=0.0582]

Epoch 76:  69%|██████▉   | 22/32 [00:04<00:02,  4.61it/s][A
Training Epochs:  76%|███████▌  | 76/100 [07:32<02:51,  7.14s/it, -ELBO=0.5031, Potential Metric=0.1889, Entropy Metric=0.0606]

Epoch 76:  72%|███████▏  | 23/32 [00:05<00:01,  4.68it/s][A
Training Epochs:  76%|███████▌  | 76/100 [07:32<02:51,  7.14s/it, -ELBO=0.4661, Potential Metric=0.1954, Entropy Metric=0.0552]

Epoch 76:  75%|███████▌  | 24/32 [00:05<00:01,  4.65it/s][A
Training Epochs:  76%|███████▌  | 76/100 [07:32<02:51,  7.14s/it, -ELBO=0.4860, Potential Metric=0.1942, Entropy Metric=0.0585]

Epoch 76:  78%|███████▊  | 25/32 [00:05<00:01,  4.65it/s][A
Training Epochs:  76%|███████▌  | 76/100 [07:33<02:51,  7.14s/it, -ELBO=0.4995, Potential Metric=0.2092, Entropy Metric=0.0589]

Epoch 76:  81%|████████▏ | 26/32 [00:05<00:01,  4.70it/s][A
Training Epochs:  76%|███████▌  | 76/100 [07:33<02:51,  7.14s/it, -ELBO=0.4766, Potential Metric=0.2119, Entropy Metric=0.0570]

Epoch 76:  84%|████████▍ | 27/32 [00:05<00:01,  4.70it/s][A
Training Epochs:  76%|███████▌  | 76/100 [07:33<02:51,  7.14s/it, -ELBO=0.5208, Potential Metric=0.2103, Entropy Metric=0.0585]

Epoch 76:  88%|████████▊ | 28/32 [00:06<00:00,  4.72it/s][A
Training Epochs:  76%|███████▌  | 76/100 [07:33<02:51,  7.14s/it, -ELBO=0.5016, Potential Metric=0.1885, Entropy Metric=0.0580]

Epoch 76:  91%|█████████ | 29/32 [00:06<00:00,  4.75it/s][A
Training Epochs:  76%|███████▌  | 76/100 [07:33<02:51,  7.14s/it, -ELBO=0.4753, Potential Metric=0.2060, Entropy Metric=0.0593]

Epoch 76:  94%|█████████▍| 30/32 [00:06<00:00,  4.65it/s][A
Training Epochs:  76%|███████▌  | 76/100 [07:34<02:51,  7.14s/it, -ELBO=0.4982, Potential Metric=0.1903, Entropy Metric=0.0629]

Epoch 76:  97%|█████████▋| 31/32 [00:06<00:00,  4.69it/s][A
Training Epochs:  76%|███████▌  | 76/100 [07:34<02:51,  7.14s/it, -ELBO=0.4566, Potential Metric=0.1932, Entropy Metric=0.0591]

Epoch 76: 100%|██████████| 32/32 [00:06<00:00,  4.64it/s][A

                                                         [A
Training Epochs:  77%|███████▋  | 77/100 [07:34<02:44,  7.16s/it, -ELBO=0.4566, Potential Metric=0.1932, Entropy Metric=0.0591]

Epoch 77:   0%|          | 0/32 [00:00<?, ?it/s][A
Training Epochs:  77%|███████▋  | 77/100 [07:34<02:44,  7.16s/it, -ELBO=0.4786, Potential Metric=0.2178, Entropy Metric=0.0594]

Epoch 77:   3%|▎         | 1/32 [00:00<00:08,  3.77it/s][A
Training Epochs:  77%|███████▋  | 77/100 [07:34<02:44,  7.16s/it, -ELBO=0.5143, Potential Metric=0.1883, Entropy Metric=0.0641]

Epoch 77:   6%|▋         | 2/32 [00:00<00:06,  4.29it/s][A
Training Epochs:  77%|███████▋  | 77/100 [07:35<02:44,  7.16s/it, -ELBO=0.4794, Potential Metric=0.2025, Entropy Metric=0.0583]

Epoch 77:   9%|▉         | 3/32 [00:00<00:06,  4.35it/s][A
Training Epochs:  77%|███████▋  | 77/100 [07:35<02:44,  7.16s/it, -ELBO=0.4833, Potential Metric=0.1981, Entropy Metric=0.0587]

Epoch 77:  12%|█▎        | 4/32 [00:00<00:06,  4.53it/s][A
Training Epochs:  77%|███████▋  | 77/100 [07:35<02:44,  7.16s/it, -ELBO=0.4896, Potential Metric=0.2033, Entropy Metric=0.0568]

Epoch 77:  16%|█▌        | 5/32 [00:01<00:05,  4.57it/s][A
Training Epochs:  77%|███████▋  | 77/100 [07:35<02:44,  7.16s/it, -ELBO=0.4989, Potential Metric=0.2120, Entropy Metric=0.0553]

Epoch 77:  19%|█▉        | 6/32 [00:01<00:05,  4.62it/s][A
Training Epochs:  77%|███████▋  | 77/100 [07:36<02:44,  7.16s/it, -ELBO=0.4499, Potential Metric=0.2134, Entropy Metric=0.0555]

Epoch 77:  22%|██▏       | 7/32 [00:01<00:05,  4.63it/s][A
Training Epochs:  77%|███████▋  | 77/100 [07:36<02:44,  7.16s/it, -ELBO=0.4741, Potential Metric=0.2105, Entropy Metric=0.0534]

Epoch 77:  25%|██▌       | 8/32 [00:01<00:05,  4.61it/s][A
Training Epochs:  77%|███████▋  | 77/100 [07:36<02:44,  7.16s/it, -ELBO=0.4716, Potential Metric=0.1789, Entropy Metric=0.0537]

Epoch 77:  28%|██▊       | 9/32 [00:01<00:04,  4.69it/s][A
Training Epochs:  77%|███████▋  | 77/100 [07:36<02:44,  7.16s/it, -ELBO=0.4706, Potential Metric=0.1808, Entropy Metric=0.0511]

Epoch 77:  31%|███▏      | 10/32 [00:02<00:04,  4.64it/s][A
Training Epochs:  77%|███████▋  | 77/100 [07:36<02:44,  7.16s/it, -ELBO=0.4507, Potential Metric=0.2033, Entropy Metric=0.0547]

Epoch 77:  34%|███▍      | 11/32 [00:02<00:04,  4.70it/s][A
Training Epochs:  77%|███████▋  | 77/100 [07:37<02:44,  7.16s/it, -ELBO=0.4889, Potential Metric=0.2188, Entropy Metric=0.0573]

Epoch 77:  38%|███▊      | 12/32 [00:02<00:04,  4.75it/s][A
Training Epochs:  77%|███████▋  | 77/100 [07:37<02:44,  7.16s/it, -ELBO=0.5249, Potential Metric=0.2031, Entropy Metric=0.0589]

Epoch 77:  41%|████      | 13/32 [00:02<00:04,  4.71it/s][A
Training Epochs:  77%|███████▋  | 77/100 [07:37<02:44,  7.16s/it, -ELBO=0.4712, Potential Metric=0.1965, Entropy Metric=0.0549]

Epoch 77:  44%|████▍     | 14/32 [00:03<00:03,  4.59it/s][A
Training Epochs:  77%|███████▋  | 77/100 [07:37<02:44,  7.16s/it, -ELBO=0.4580, Potential Metric=0.1997, Entropy Metric=0.0605]

Epoch 77:  47%|████▋     | 15/32 [00:03<00:03,  4.63it/s][A
Training Epochs:  77%|███████▋  | 77/100 [07:37<02:44,  7.16s/it, -ELBO=0.4584, Potential Metric=0.2013, Entropy Metric=0.0593]

Epoch 77:  50%|█████     | 16/32 [00:03<00:03,  4.64it/s][A
Training Epochs:  77%|███████▋  | 77/100 [07:38<02:44,  7.16s/it, -ELBO=0.4446, Potential Metric=0.1904, Entropy Metric=0.0589]

Epoch 77:  53%|█████▎    | 17/32 [00:03<00:03,  4.56it/s][A
Training Epochs:  77%|███████▋  | 77/100 [07:38<02:44,  7.16s/it, -ELBO=0.4867, Potential Metric=0.1946, Entropy Metric=0.0596]

Epoch 77:  56%|█████▋    | 18/32 [00:03<00:03,  4.63it/s][A
Training Epochs:  77%|███████▋  | 77/100 [07:38<02:44,  7.16s/it, -ELBO=0.4888, Potential Metric=0.2096, Entropy Metric=0.0577]

Epoch 77:  59%|█████▉    | 19/32 [00:04<00:02,  4.65it/s][A
Training Epochs:  77%|███████▋  | 77/100 [07:38<02:44,  7.16s/it, -ELBO=0.5075, Potential Metric=0.2164, Entropy Metric=0.0594]

Epoch 77:  62%|██████▎   | 20/32 [00:04<00:02,  4.59it/s][A
Training Epochs:  77%|███████▋  | 77/100 [07:39<02:44,  7.16s/it, -ELBO=0.5404, Potential Metric=0.2000, Entropy Metric=0.0578]

Epoch 77:  66%|██████▌   | 21/32 [00:04<00:02,  4.64it/s][A
Training Epochs:  77%|███████▋  | 77/100 [07:39<02:44,  7.16s/it, -ELBO=0.4934, Potential Metric=0.2071, Entropy Metric=0.0617]

Epoch 77:  69%|██████▉   | 22/32 [00:04<00:02,  4.62it/s][A
Training Epochs:  77%|███████▋  | 77/100 [07:39<02:44,  7.16s/it, -ELBO=0.4784, Potential Metric=0.2073, Entropy Metric=0.0587]

Epoch 77:  72%|███████▏  | 23/32 [00:04<00:01,  4.62it/s][A
Training Epochs:  77%|███████▋  | 77/100 [07:39<02:44,  7.16s/it, -ELBO=0.4867, Potential Metric=0.1991, Entropy Metric=0.0595]

Epoch 77:  75%|███████▌  | 24/32 [00:05<00:01,  4.64it/s][A
Training Epochs:  77%|███████▋  | 77/100 [07:39<02:44,  7.16s/it, -ELBO=0.5019, Potential Metric=0.1958, Entropy Metric=0.0607]

Epoch 77:  78%|███████▊  | 25/32 [00:05<00:01,  4.73it/s][A
Training Epochs:  77%|███████▋  | 77/100 [07:40<02:44,  7.16s/it, -ELBO=0.4835, Potential Metric=0.2057, Entropy Metric=0.0582]

Epoch 77:  81%|████████▏ | 26/32 [00:05<00:01,  4.75it/s][A
Training Epochs:  77%|███████▋  | 77/100 [07:40<02:44,  7.16s/it, -ELBO=0.5211, Potential Metric=0.1944, Entropy Metric=0.0628]

Epoch 77:  84%|████████▍ | 27/32 [00:05<00:01,  4.69it/s][A
Training Epochs:  77%|███████▋  | 77/100 [07:40<02:44,  7.16s/it, -ELBO=0.4868, Potential Metric=0.1950, Entropy Metric=0.0610]

Epoch 77:  88%|████████▊ | 28/32 [00:06<00:00,  4.71it/s][A
Training Epochs:  77%|███████▋  | 77/100 [07:40<02:44,  7.16s/it, -ELBO=0.4753, Potential Metric=0.1883, Entropy Metric=0.0625]

Epoch 77:  91%|█████████ | 29/32 [00:06<00:00,  4.77it/s][A
Training Epochs:  77%|███████▋  | 77/100 [07:40<02:44,  7.16s/it, -ELBO=0.5049, Potential Metric=0.2002, Entropy Metric=0.0629]

Epoch 77:  94%|█████████▍| 30/32 [00:06<00:00,  4.63it/s][A
Training Epochs:  77%|███████▋  | 77/100 [07:41<02:44,  7.16s/it, -ELBO=0.4697, Potential Metric=0.2125, Entropy Metric=0.0601]

Epoch 77:  97%|█████████▋| 31/32 [00:06<00:00,  4.67it/s][A
Training Epochs:  77%|███████▋  | 77/100 [07:41<02:44,  7.16s/it, -ELBO=0.4729, Potential Metric=0.1990, Entropy Metric=0.0604]

Epoch 77: 100%|██████████| 32/32 [00:06<00:00,  4.74it/s][A

                                                         [A
Training Epochs:  78%|███████▊  | 78/100 [07:41<02:36,  7.14s/it, -ELBO=0.4729, Potential Metric=0.1990, Entropy Metric=0.0604]

Epoch 78:   0%|          | 0/32 [00:00<?, ?it/s][A
Training Epochs:  78%|███████▊  | 78/100 [07:41<02:36,  7.14s/it, -ELBO=0.4876, Potential Metric=0.1894, Entropy Metric=0.0604]

Epoch 78:   3%|▎         | 1/32 [00:00<00:08,  3.80it/s][A
Training Epochs:  78%|███████▊  | 78/100 [07:42<02:36,  7.14s/it, -ELBO=0.4399, Potential Metric=0.1973, Entropy Metric=0.0547]

Epoch 78:   6%|▋         | 2/32 [00:00<00:07,  4.10it/s][A
Training Epochs:  78%|███████▊  | 78/100 [07:42<02:36,  7.14s/it, -ELBO=0.5042, Potential Metric=0.2131, Entropy Metric=0.0629]

Epoch 78:   9%|▉         | 3/32 [00:00<00:06,  4.30it/s][A
Training Epochs:  78%|███████▊  | 78/100 [07:42<02:36,  7.14s/it, -ELBO=0.4733, Potential Metric=0.1914, Entropy Metric=0.0562]

Epoch 78:  12%|█▎        | 4/32 [00:00<00:06,  4.44it/s][A
Training Epochs:  78%|███████▊  | 78/100 [07:42<02:36,  7.14s/it, -ELBO=0.5070, Potential Metric=0.1947, Entropy Metric=0.0543]

Epoch 78:  16%|█▌        | 5/32 [00:01<00:06,  4.41it/s][A
Training Epochs:  78%|███████▊  | 78/100 [07:42<02:36,  7.14s/it, -ELBO=0.4689, Potential Metric=0.1928, Entropy Metric=0.0556]

Epoch 78:  19%|█▉        | 6/32 [00:01<00:05,  4.42it/s][A
Training Epochs:  78%|███████▊  | 78/100 [07:43<02:36,  7.14s/it, -ELBO=0.4724, Potential Metric=0.1988, Entropy Metric=0.0529]

Epoch 78:  22%|██▏       | 7/32 [00:01<00:05,  4.61it/s][A
Training Epochs:  78%|███████▊  | 78/100 [07:43<02:36,  7.14s/it, -ELBO=0.4948, Potential Metric=0.2046, Entropy Metric=0.0535]

Epoch 78:  25%|██▌       | 8/32 [00:01<00:05,  4.53it/s][A
Training Epochs:  78%|███████▊  | 78/100 [07:43<02:36,  7.14s/it, -ELBO=0.4692, Potential Metric=0.1860, Entropy Metric=0.0538]

Epoch 78:  28%|██▊       | 9/32 [00:02<00:04,  4.63it/s][A
Training Epochs:  78%|███████▊  | 78/100 [07:43<02:36,  7.14s/it, -ELBO=0.4774, Potential Metric=0.1893, Entropy Metric=0.0566]

Epoch 78:  31%|███▏      | 10/32 [00:02<00:04,  4.61it/s][A
Training Epochs:  78%|███████▊  | 78/100 [07:44<02:36,  7.14s/it, -ELBO=0.4724, Potential Metric=0.1968, Entropy Metric=0.0582]

Epoch 78:  34%|███▍      | 11/32 [00:02<00:04,  4.69it/s][A
Training Epochs:  78%|███████▊  | 78/100 [07:44<02:36,  7.14s/it, -ELBO=0.4682, Potential Metric=0.1984, Entropy Metric=0.0629]

Epoch 78:  38%|███▊      | 12/32 [00:02<00:05,  3.83it/s][A
Training Epochs:  78%|███████▊  | 78/100 [07:44<02:36,  7.14s/it, -ELBO=0.4951, Potential Metric=0.1916, Entropy Metric=0.0614]

Epoch 78:  41%|████      | 13/32 [00:03<00:04,  4.03it/s][A
Training Epochs:  78%|███████▊  | 78/100 [07:44<02:36,  7.14s/it, -ELBO=0.4742, Potential Metric=0.2035, Entropy Metric=0.0567]

Epoch 78:  44%|████▍     | 14/32 [00:03<00:04,  4.19it/s][A
Training Epochs:  78%|███████▊  | 78/100 [07:45<02:36,  7.14s/it, -ELBO=0.5157, Potential Metric=0.2115, Entropy Metric=0.0603]

Epoch 78:  47%|████▋     | 15/32 [00:03<00:03,  4.28it/s][A
Training Epochs:  78%|███████▊  | 78/100 [07:45<02:36,  7.14s/it, -ELBO=0.4610, Potential Metric=0.2118, Entropy Metric=0.0561]

Epoch 78:  50%|█████     | 16/32 [00:03<00:03,  4.37it/s][A
Training Epochs:  78%|███████▊  | 78/100 [07:45<02:36,  7.14s/it, -ELBO=0.4782, Potential Metric=0.2003, Entropy Metric=0.0541]

Epoch 78:  53%|█████▎    | 17/32 [00:03<00:03,  4.38it/s][A
Training Epochs:  78%|███████▊  | 78/100 [07:45<02:36,  7.14s/it, -ELBO=0.5190, Potential Metric=0.2045, Entropy Metric=0.0590]

Epoch 78:  56%|█████▋    | 18/32 [00:04<00:03,  4.37it/s][A
Training Epochs:  78%|███████▊  | 78/100 [07:45<02:36,  7.14s/it, -ELBO=0.5166, Potential Metric=0.2188, Entropy Metric=0.0620]

Epoch 78:  59%|█████▉    | 19/32 [00:04<00:02,  4.47it/s][A
Training Epochs:  78%|███████▊  | 78/100 [07:46<02:36,  7.14s/it, -ELBO=0.4523, Potential Metric=0.2100, Entropy Metric=0.0594]

Epoch 78:  62%|██████▎   | 20/32 [00:04<00:02,  4.57it/s][A
Training Epochs:  78%|███████▊  | 78/100 [07:46<02:36,  7.14s/it, -ELBO=0.4725, Potential Metric=0.2160, Entropy Metric=0.0605]

Epoch 78:  66%|██████▌   | 21/32 [00:04<00:02,  4.63it/s][A
Training Epochs:  78%|███████▊  | 78/100 [07:46<02:36,  7.14s/it, -ELBO=0.4533, Potential Metric=0.1900, Entropy Metric=0.0596]

Epoch 78:  69%|██████▉   | 22/32 [00:04<00:02,  4.67it/s][A
Training Epochs:  78%|███████▊  | 78/100 [07:46<02:36,  7.14s/it, -ELBO=0.5123, Potential Metric=0.2089, Entropy Metric=0.0602]

Epoch 78:  72%|███████▏  | 23/32 [00:05<00:01,  4.68it/s][A
Training Epochs:  78%|███████▊  | 78/100 [07:47<02:36,  7.14s/it, -ELBO=0.4644, Potential Metric=0.1989, Entropy Metric=0.0577]

Epoch 78:  75%|███████▌  | 24/32 [00:05<00:01,  4.63it/s][A
Training Epochs:  78%|███████▊  | 78/100 [07:47<02:36,  7.14s/it, -ELBO=0.4858, Potential Metric=0.2081, Entropy Metric=0.0612]

Epoch 78:  78%|███████▊  | 25/32 [00:05<00:01,  4.58it/s][A
Training Epochs:  78%|███████▊  | 78/100 [07:47<02:36,  7.14s/it, -ELBO=0.4854, Potential Metric=0.1982, Entropy Metric=0.0580]

Epoch 78:  81%|████████▏ | 26/32 [00:05<00:01,  4.54it/s][A
Training Epochs:  78%|███████▊  | 78/100 [07:47<02:36,  7.14s/it, -ELBO=0.4755, Potential Metric=0.1909, Entropy Metric=0.0594]

Epoch 78:  84%|████████▍ | 27/32 [00:06<00:01,  4.60it/s][A
Training Epochs:  78%|███████▊  | 78/100 [07:47<02:36,  7.14s/it, -ELBO=0.4847, Potential Metric=0.2071, Entropy Metric=0.0582]

Epoch 78:  88%|████████▊ | 28/32 [00:06<00:00,  4.60it/s][A
Training Epochs:  78%|███████▊  | 78/100 [07:48<02:36,  7.14s/it, -ELBO=0.4724, Potential Metric=0.1978, Entropy Metric=0.0574]

Epoch 78:  91%|█████████ | 29/32 [00:06<00:00,  4.63it/s][A
Training Epochs:  78%|███████▊  | 78/100 [07:48<02:36,  7.14s/it, -ELBO=0.4412, Potential Metric=0.1906, Entropy Metric=0.0608]

Epoch 78:  94%|█████████▍| 30/32 [00:06<00:00,  4.53it/s][A
Training Epochs:  78%|███████▊  | 78/100 [07:48<02:36,  7.14s/it, -ELBO=0.4762, Potential Metric=0.1984, Entropy Metric=0.0611]

Epoch 78:  97%|█████████▋| 31/32 [00:06<00:00,  4.51it/s][A
Training Epochs:  78%|███████▊  | 78/100 [07:48<02:36,  7.14s/it, -ELBO=0.4884, Potential Metric=0.1872, Entropy Metric=0.0637]

Epoch 78: 100%|██████████| 32/32 [00:07<00:00,  4.57it/s][A

                                                         [A
Training Epochs:  79%|███████▉  | 79/100 [07:48<02:31,  7.21s/it, -ELBO=0.4884, Potential Metric=0.1872, Entropy Metric=0.0637]

Epoch 79:   0%|          | 0/32 [00:00<?, ?it/s][A
Training Epochs:  79%|███████▉  | 79/100 [07:49<02:31,  7.21s/it, -ELBO=0.4807, Potential Metric=0.1987, Entropy Metric=0.0630]

Epoch 79:   3%|▎         | 1/32 [00:00<00:08,  3.68it/s][A
Training Epochs:  79%|███████▉  | 79/100 [07:49<02:31,  7.21s/it, -ELBO=0.5343, Potential Metric=0.1976, Entropy Metric=0.0575]

Epoch 79:   6%|▋         | 2/32 [00:00<00:07,  3.87it/s][A
Training Epochs:  79%|███████▉  | 79/100 [07:49<02:31,  7.21s/it, -ELBO=0.4720, Potential Metric=0.1927, Entropy Metric=0.0588]

Epoch 79:   9%|▉         | 3/32 [00:00<00:06,  4.18it/s][A
Training Epochs:  79%|███████▉  | 79/100 [07:49<02:31,  7.21s/it, -ELBO=0.4578, Potential Metric=0.1991, Entropy Metric=0.0587]

Epoch 79:  12%|█▎        | 4/32 [00:00<00:06,  4.39it/s][A
Training Epochs:  79%|███████▉  | 79/100 [07:50<02:31,  7.21s/it, -ELBO=0.4795, Potential Metric=0.2299, Entropy Metric=0.0618]

Epoch 79:  16%|█▌        | 5/32 [00:01<00:05,  4.60it/s][A
Training Epochs:  79%|███████▉  | 79/100 [07:50<02:31,  7.21s/it, -ELBO=0.4837, Potential Metric=0.1995, Entropy Metric=0.0617]

Epoch 79:  19%|█▉        | 6/32 [00:01<00:05,  4.60it/s][A
Training Epochs:  79%|███████▉  | 79/100 [07:50<02:31,  7.21s/it, -ELBO=0.4597, Potential Metric=0.2071, Entropy Metric=0.0621]

Epoch 79:  22%|██▏       | 7/32 [00:01<00:05,  4.49it/s][A
Training Epochs:  79%|███████▉  | 79/100 [07:50<02:31,  7.21s/it, -ELBO=0.4620, Potential Metric=0.2285, Entropy Metric=0.0583]

Epoch 79:  25%|██▌       | 8/32 [00:01<00:05,  4.49it/s][A
Training Epochs:  79%|███████▉  | 79/100 [07:50<02:31,  7.21s/it, -ELBO=0.4591, Potential Metric=0.1944, Entropy Metric=0.0607]

Epoch 79:  28%|██▊       | 9/32 [00:02<00:05,  4.55it/s][A
Training Epochs:  79%|███████▉  | 79/100 [07:51<02:31,  7.21s/it, -ELBO=0.4864, Potential Metric=0.2042, Entropy Metric=0.0628]

Epoch 79:  31%|███▏      | 10/32 [00:02<00:04,  4.53it/s][A
Training Epochs:  79%|███████▉  | 79/100 [07:51<02:31,  7.21s/it, -ELBO=0.4546, Potential Metric=0.2085, Entropy Metric=0.0616]

Epoch 79:  34%|███▍      | 11/32 [00:02<00:04,  4.56it/s][A
Training Epochs:  79%|███████▉  | 79/100 [07:51<02:31,  7.21s/it, -ELBO=0.4608, Potential Metric=0.2061, Entropy Metric=0.0584]

Epoch 79:  38%|███▊      | 12/32 [00:02<00:04,  4.38it/s][A
Training Epochs:  79%|███████▉  | 79/100 [07:51<02:31,  7.21s/it, -ELBO=0.5124, Potential Metric=0.2018, Entropy Metric=0.0593]

Epoch 79:  41%|████      | 13/32 [00:02<00:04,  4.41it/s][A
Training Epochs:  79%|███████▉  | 79/100 [07:52<02:31,  7.21s/it, -ELBO=0.4525, Potential Metric=0.2131, Entropy Metric=0.0585]

Epoch 79:  44%|████▍     | 14/32 [00:03<00:03,  4.58it/s][A
Training Epochs:  79%|███████▉  | 79/100 [07:52<02:31,  7.21s/it, -ELBO=0.4738, Potential Metric=0.2178, Entropy Metric=0.0581]

Epoch 79:  47%|████▋     | 15/32 [00:03<00:03,  4.67it/s][A
Training Epochs:  79%|███████▉  | 79/100 [07:52<02:31,  7.21s/it, -ELBO=0.4675, Potential Metric=0.1937, Entropy Metric=0.0551]

Epoch 79:  50%|█████     | 16/32 [00:03<00:03,  4.72it/s][A
Training Epochs:  79%|███████▉  | 79/100 [07:52<02:31,  7.21s/it, -ELBO=0.4658, Potential Metric=0.1991, Entropy Metric=0.0584]

Epoch 79:  53%|█████▎    | 17/32 [00:03<00:03,  4.72it/s][A
Training Epochs:  79%|███████▉  | 79/100 [07:52<02:31,  7.21s/it, -ELBO=0.4839, Potential Metric=0.2126, Entropy Metric=0.0569]

Epoch 79:  56%|█████▋    | 18/32 [00:03<00:02,  4.78it/s][A
Training Epochs:  79%|███████▉  | 79/100 [07:53<02:31,  7.21s/it, -ELBO=0.5061, Potential Metric=0.1906, Entropy Metric=0.0567]

Epoch 79:  59%|█████▉    | 19/32 [00:04<00:02,  4.62it/s][A
Training Epochs:  79%|███████▉  | 79/100 [07:53<02:31,  7.21s/it, -ELBO=0.4991, Potential Metric=0.1900, Entropy Metric=0.0580]

Epoch 79:  62%|██████▎   | 20/32 [00:04<00:02,  4.60it/s][A
Training Epochs:  79%|███████▉  | 79/100 [07:53<02:31,  7.21s/it, -ELBO=0.4611, Potential Metric=0.1953, Entropy Metric=0.0570]

Epoch 79:  66%|██████▌   | 21/32 [00:04<00:02,  4.68it/s][A
Training Epochs:  79%|███████▉  | 79/100 [07:53<02:31,  7.21s/it, -ELBO=0.4693, Potential Metric=0.2144, Entropy Metric=0.0622]

Epoch 79:  69%|██████▉   | 22/32 [00:04<00:02,  4.54it/s][A
Training Epochs:  79%|███████▉  | 79/100 [07:54<02:31,  7.21s/it, -ELBO=0.4376, Potential Metric=0.1887, Entropy Metric=0.0602]

Epoch 79:  72%|███████▏  | 23/32 [00:05<00:01,  4.57it/s][A
Training Epochs:  79%|███████▉  | 79/100 [07:54<02:31,  7.21s/it, -ELBO=0.4548, Potential Metric=0.2134, Entropy Metric=0.0558]

Epoch 79:  75%|███████▌  | 24/32 [00:05<00:01,  4.59it/s][A
Training Epochs:  79%|███████▉  | 79/100 [07:54<02:31,  7.21s/it, -ELBO=0.4934, Potential Metric=0.1971, Entropy Metric=0.0604]

Epoch 79:  78%|███████▊  | 25/32 [00:05<00:01,  4.46it/s][A
Training Epochs:  79%|███████▉  | 79/100 [07:54<02:31,  7.21s/it, -ELBO=0.4554, Potential Metric=0.2016, Entropy Metric=0.0575]

Epoch 79:  81%|████████▏ | 26/32 [00:05<00:01,  4.52it/s][A
Training Epochs:  79%|███████▉  | 79/100 [07:54<02:31,  7.21s/it, -ELBO=0.4930, Potential Metric=0.2042, Entropy Metric=0.0591]

Epoch 79:  84%|████████▍ | 27/32 [00:05<00:01,  4.51it/s][A
Training Epochs:  79%|███████▉  | 79/100 [07:55<02:31,  7.21s/it, -ELBO=0.5162, Potential Metric=0.1976, Entropy Metric=0.0608]

Epoch 79:  88%|████████▊ | 28/32 [00:06<00:00,  4.61it/s][A
Training Epochs:  79%|███████▉  | 79/100 [07:55<02:31,  7.21s/it, -ELBO=0.5079, Potential Metric=0.1943, Entropy Metric=0.0614]

Epoch 79:  91%|█████████ | 29/32 [00:06<00:00,  4.58it/s][A
Training Epochs:  79%|███████▉  | 79/100 [07:55<02:31,  7.21s/it, -ELBO=0.4597, Potential Metric=0.1996, Entropy Metric=0.0617]

Epoch 79:  94%|█████████▍| 30/32 [00:06<00:00,  4.54it/s][A
Training Epochs:  79%|███████▉  | 79/100 [07:55<02:31,  7.21s/it, -ELBO=0.4494, Potential Metric=0.1901, Entropy Metric=0.0628]

Epoch 79:  97%|█████████▋| 31/32 [00:06<00:00,  4.59it/s][A
Training Epochs:  79%|███████▉  | 79/100 [07:56<02:31,  7.21s/it, -ELBO=0.4886, Potential Metric=0.1980, Entropy Metric=0.0611]

Epoch 79: 100%|██████████| 32/32 [00:07<00:00,  4.55it/s][A

                                                         [A
Training Epochs:  80%|████████  | 80/100 [07:56<02:24,  7.22s/it, -ELBO=0.4886, Potential Metric=0.1980, Entropy Metric=0.0611]

Epoch 80:   0%|          | 0/32 [00:00<?, ?it/s][A
Training Epochs:  80%|████████  | 80/100 [07:56<02:24,  7.22s/it, -ELBO=0.4508, Potential Metric=0.1872, Entropy Metric=0.0592]

Epoch 80:   3%|▎         | 1/32 [00:00<00:08,  3.53it/s][A
Training Epochs:  80%|████████  | 80/100 [07:56<02:24,  7.22s/it, -ELBO=0.4937, Potential Metric=0.2128, Entropy Metric=0.0641]

Epoch 80:   6%|▋         | 2/32 [00:00<00:07,  4.11it/s][A
Training Epochs:  80%|████████  | 80/100 [07:56<02:24,  7.22s/it, -ELBO=0.4689, Potential Metric=0.1981, Entropy Metric=0.0580]

Epoch 80:   9%|▉         | 3/32 [00:00<00:06,  4.26it/s][A
Training Epochs:  80%|████████  | 80/100 [07:57<02:24,  7.22s/it, -ELBO=0.4657, Potential Metric=0.2004, Entropy Metric=0.0582]

Epoch 80:  12%|█▎        | 4/32 [00:00<00:06,  4.38it/s][A
Training Epochs:  80%|████████  | 80/100 [07:57<02:24,  7.22s/it, -ELBO=0.4702, Potential Metric=0.2111, Entropy Metric=0.0574]

Epoch 80:  16%|█▌        | 5/32 [00:01<00:05,  4.51it/s][A
Training Epochs:  80%|████████  | 80/100 [07:57<02:24,  7.22s/it, -ELBO=0.5138, Potential Metric=0.1950, Entropy Metric=0.0574]

Epoch 80:  19%|█▉        | 6/32 [00:01<00:05,  4.49it/s][A
Training Epochs:  80%|████████  | 80/100 [07:57<02:24,  7.22s/it, -ELBO=0.5074, Potential Metric=0.2194, Entropy Metric=0.0619]

Epoch 80:  22%|██▏       | 7/32 [00:01<00:05,  4.53it/s][A
Training Epochs:  80%|████████  | 80/100 [07:58<02:24,  7.22s/it, -ELBO=0.4844, Potential Metric=0.2075, Entropy Metric=0.0607]

Epoch 80:  25%|██▌       | 8/32 [00:01<00:05,  4.47it/s][A
Training Epochs:  80%|████████  | 80/100 [07:58<02:24,  7.22s/it, -ELBO=0.4705, Potential Metric=0.2040, Entropy Metric=0.0587]

Epoch 80:  28%|██▊       | 9/32 [00:02<00:05,  4.58it/s][A
Training Epochs:  80%|████████  | 80/100 [07:58<02:24,  7.22s/it, -ELBO=0.4519, Potential Metric=0.2010, Entropy Metric=0.0643]

Epoch 80:  31%|███▏      | 10/32 [00:02<00:04,  4.57it/s][A
Training Epochs:  80%|████████  | 80/100 [07:58<02:24,  7.22s/it, -ELBO=0.4783, Potential Metric=0.2075, Entropy Metric=0.0635]

Epoch 80:  34%|███▍      | 11/32 [00:02<00:04,  4.52it/s][A
Training Epochs:  80%|████████  | 80/100 [07:58<02:24,  7.22s/it, -ELBO=0.4655, Potential Metric=0.2054, Entropy Metric=0.0555]

Epoch 80:  38%|███▊      | 12/32 [00:02<00:04,  4.55it/s][A
Training Epochs:  80%|████████  | 80/100 [07:59<02:24,  7.22s/it, -ELBO=0.4397, Potential Metric=0.2055, Entropy Metric=0.0562]

Epoch 80:  41%|████      | 13/32 [00:02<00:04,  4.51it/s][A
Training Epochs:  80%|████████  | 80/100 [07:59<02:24,  7.22s/it, -ELBO=0.4567, Potential Metric=0.2156, Entropy Metric=0.0541]

Epoch 80:  44%|████▍     | 14/32 [00:03<00:03,  4.53it/s][A
Training Epochs:  80%|████████  | 80/100 [07:59<02:24,  7.22s/it, -ELBO=0.4690, Potential Metric=0.2079, Entropy Metric=0.0570]

Epoch 80:  47%|████▋     | 15/32 [00:03<00:03,  4.56it/s][A
Training Epochs:  80%|████████  | 80/100 [07:59<02:24,  7.22s/it, -ELBO=0.4899, Potential Metric=0.2097, Entropy Metric=0.0552]

Epoch 80:  50%|█████     | 16/32 [00:03<00:03,  4.60it/s][A
Training Epochs:  80%|████████  | 80/100 [07:59<02:24,  7.22s/it, -ELBO=0.4536, Potential Metric=0.2013, Entropy Metric=0.0566]

Epoch 80:  53%|█████▎    | 17/32 [00:03<00:03,  4.63it/s][A
Training Epochs:  80%|████████  | 80/100 [08:00<02:24,  7.22s/it, -ELBO=0.4658, Potential Metric=0.2036, Entropy Metric=0.0564]

Epoch 80:  56%|█████▋    | 18/32 [00:04<00:03,  4.56it/s][A
Training Epochs:  80%|████████  | 80/100 [08:00<02:24,  7.22s/it, -ELBO=0.4571, Potential Metric=0.2018, Entropy Metric=0.0530]

Epoch 80:  59%|█████▉    | 19/32 [00:04<00:02,  4.64it/s][A
Training Epochs:  80%|████████  | 80/100 [08:00<02:24,  7.22s/it, -ELBO=0.4719, Potential Metric=0.1943, Entropy Metric=0.0558]

Epoch 80:  62%|██████▎   | 20/32 [00:04<00:02,  4.71it/s][A
Training Epochs:  80%|████████  | 80/100 [08:00<02:24,  7.22s/it, -ELBO=0.4416, Potential Metric=0.2087, Entropy Metric=0.0569]

Epoch 80:  66%|██████▌   | 21/32 [00:04<00:02,  4.77it/s][A
Training Epochs:  80%|████████  | 80/100 [08:01<02:24,  7.22s/it, -ELBO=0.4862, Potential Metric=0.2166, Entropy Metric=0.0557]

Epoch 80:  69%|██████▉   | 22/32 [00:04<00:02,  4.70it/s][A
Training Epochs:  80%|████████  | 80/100 [08:01<02:24,  7.22s/it, -ELBO=0.4802, Potential Metric=0.1939, Entropy Metric=0.0557]

Epoch 80:  72%|███████▏  | 23/32 [00:05<00:01,  4.66it/s][A
Training Epochs:  80%|████████  | 80/100 [08:01<02:24,  7.22s/it, -ELBO=0.4451, Potential Metric=0.1935, Entropy Metric=0.0560]

Epoch 80:  75%|███████▌  | 24/32 [00:05<00:01,  4.62it/s][A
Training Epochs:  80%|████████  | 80/100 [08:01<02:24,  7.22s/it, -ELBO=0.4975, Potential Metric=0.2213, Entropy Metric=0.0595]

Epoch 80:  78%|███████▊  | 25/32 [00:05<00:01,  4.64it/s][A
Training Epochs:  80%|████████  | 80/100 [08:01<02:24,  7.22s/it, -ELBO=0.4435, Potential Metric=0.1944, Entropy Metric=0.0578]

Epoch 80:  81%|████████▏ | 26/32 [00:05<00:01,  4.63it/s][A
Training Epochs:  80%|████████  | 80/100 [08:02<02:24,  7.22s/it, -ELBO=0.4892, Potential Metric=0.2012, Entropy Metric=0.0577]

Epoch 80:  84%|████████▍ | 27/32 [00:05<00:01,  4.57it/s][A
Training Epochs:  80%|████████  | 80/100 [08:02<02:24,  7.22s/it, -ELBO=0.4586, Potential Metric=0.2024, Entropy Metric=0.0599]

Epoch 80:  88%|████████▊ | 28/32 [00:06<00:00,  4.58it/s][A
Training Epochs:  80%|████████  | 80/100 [08:02<02:24,  7.22s/it, -ELBO=0.5181, Potential Metric=0.2038, Entropy Metric=0.0555]

Epoch 80:  91%|█████████ | 29/32 [00:06<00:00,  4.62it/s][A
Training Epochs:  80%|████████  | 80/100 [08:02<02:24,  7.22s/it, -ELBO=0.4647, Potential Metric=0.2006, Entropy Metric=0.0597]

Epoch 80:  94%|█████████▍| 30/32 [00:06<00:00,  4.62it/s][A
Training Epochs:  80%|████████  | 80/100 [08:03<02:24,  7.22s/it, -ELBO=0.4713, Potential Metric=0.1875, Entropy Metric=0.0602]

Epoch 80:  97%|█████████▋| 31/32 [00:06<00:00,  4.53it/s][A
Training Epochs:  80%|████████  | 80/100 [08:03<02:24,  7.22s/it, -ELBO=0.4809, Potential Metric=0.1978, Entropy Metric=0.0557]

Epoch 80: 100%|██████████| 32/32 [00:07<00:00,  4.50it/s][A

                                                         [A
Training Epochs:  81%|████████  | 81/100 [08:03<02:17,  7.22s/it, -ELBO=0.4809, Potential Metric=0.1978, Entropy Metric=0.0557]

Epoch 81:   0%|          | 0/32 [00:00<?, ?it/s][A
Training Epochs:  81%|████████  | 81/100 [08:03<02:17,  7.22s/it, -ELBO=0.4692, Potential Metric=0.1945, Entropy Metric=0.0640]

Epoch 81:   3%|▎         | 1/32 [00:00<00:07,  3.93it/s][A
Training Epochs:  81%|████████  | 81/100 [08:03<02:17,  7.22s/it, -ELBO=0.4591, Potential Metric=0.2078, Entropy Metric=0.0567]

Epoch 81:   6%|▋         | 2/32 [00:00<00:07,  4.24it/s][A
Training Epochs:  81%|████████  | 81/100 [08:04<02:17,  7.22s/it, -ELBO=0.4881, Potential Metric=0.2105, Entropy Metric=0.0610]

Epoch 81:   9%|▉         | 3/32 [00:00<00:06,  4.40it/s][A
Training Epochs:  81%|████████  | 81/100 [08:04<02:17,  7.22s/it, -ELBO=0.4779, Potential Metric=0.2193, Entropy Metric=0.0572]

Epoch 81:  12%|█▎        | 4/32 [00:00<00:06,  4.42it/s][A
Training Epochs:  81%|████████  | 81/100 [08:04<02:17,  7.22s/it, -ELBO=0.4482, Potential Metric=0.2253, Entropy Metric=0.0631]

Epoch 81:  16%|█▌        | 5/32 [00:01<00:06,  4.39it/s][A
Training Epochs:  81%|████████  | 81/100 [08:04<02:17,  7.22s/it, -ELBO=0.5061, Potential Metric=0.2039, Entropy Metric=0.0598]

Epoch 81:  19%|█▉        | 6/32 [00:01<00:05,  4.40it/s][A
Training Epochs:  81%|████████  | 81/100 [08:05<02:17,  7.22s/it, -ELBO=0.4907, Potential Metric=0.2246, Entropy Metric=0.0593]

Epoch 81:  22%|██▏       | 7/32 [00:01<00:05,  4.51it/s][A
Training Epochs:  81%|████████  | 81/100 [08:05<02:17,  7.22s/it, -ELBO=0.4892, Potential Metric=0.2085, Entropy Metric=0.0601]

Epoch 81:  25%|██▌       | 8/32 [00:01<00:05,  4.54it/s][A
Training Epochs:  81%|████████  | 81/100 [08:05<02:17,  7.22s/it, -ELBO=0.4607, Potential Metric=0.2002, Entropy Metric=0.0558]

Epoch 81:  28%|██▊       | 9/32 [00:02<00:05,  4.57it/s][A
Training Epochs:  81%|████████  | 81/100 [08:05<02:17,  7.22s/it, -ELBO=0.5134, Potential Metric=0.1985, Entropy Metric=0.0610]

Epoch 81:  31%|███▏      | 10/32 [00:02<00:04,  4.54it/s][A
Training Epochs:  81%|████████  | 81/100 [08:05<02:17,  7.22s/it, -ELBO=0.4578, Potential Metric=0.1975, Entropy Metric=0.0582]

Epoch 81:  34%|███▍      | 11/32 [00:02<00:04,  4.48it/s][A
Training Epochs:  81%|████████  | 81/100 [08:06<02:17,  7.22s/it, -ELBO=0.4810, Potential Metric=0.2144, Entropy Metric=0.0554]

Epoch 81:  38%|███▊      | 12/32 [00:02<00:04,  4.45it/s][A
Training Epochs:  81%|████████  | 81/100 [08:06<02:17,  7.22s/it, -ELBO=0.4424, Potential Metric=0.2248, Entropy Metric=0.0553]

Epoch 81:  41%|████      | 13/32 [00:02<00:04,  4.51it/s][A
Training Epochs:  81%|████████  | 81/100 [08:06<02:17,  7.22s/it, -ELBO=0.4384, Potential Metric=0.2032, Entropy Metric=0.0571]

Epoch 81:  44%|████▍     | 14/32 [00:03<00:04,  4.50it/s][A
Training Epochs:  81%|████████  | 81/100 [08:06<02:17,  7.22s/it, -ELBO=0.5084, Potential Metric=0.1985, Entropy Metric=0.0501]

Epoch 81:  47%|████▋     | 15/32 [00:03<00:03,  4.50it/s][A
Training Epochs:  81%|████████  | 81/100 [08:06<02:17,  7.22s/it, -ELBO=0.4515, Potential Metric=0.2005, Entropy Metric=0.0549]

Epoch 81:  50%|█████     | 16/32 [00:03<00:03,  4.58it/s][A
Training Epochs:  81%|████████  | 81/100 [08:07<02:17,  7.22s/it, -ELBO=0.4971, Potential Metric=0.1912, Entropy Metric=0.0554]

Epoch 81:  53%|█████▎    | 17/32 [00:03<00:03,  4.51it/s][A
Training Epochs:  81%|████████  | 81/100 [08:07<02:17,  7.22s/it, -ELBO=0.4430, Potential Metric=0.2171, Entropy Metric=0.0548]

Epoch 81:  56%|█████▋    | 18/32 [00:04<00:03,  4.49it/s][A
Training Epochs:  81%|████████  | 81/100 [08:07<02:17,  7.22s/it, -ELBO=0.4514, Potential Metric=0.1881, Entropy Metric=0.0538]

Epoch 81:  59%|█████▉    | 19/32 [00:04<00:02,  4.48it/s][A
Training Epochs:  81%|████████  | 81/100 [08:07<02:17,  7.22s/it, -ELBO=0.4460, Potential Metric=0.1851, Entropy Metric=0.0576]

Epoch 81:  62%|██████▎   | 20/32 [00:04<00:02,  4.55it/s][A
Training Epochs:  81%|████████  | 81/100 [08:08<02:17,  7.22s/it, -ELBO=0.4405, Potential Metric=0.1885, Entropy Metric=0.0574]

Epoch 81:  66%|██████▌   | 21/32 [00:04<00:02,  4.51it/s][A
Training Epochs:  81%|████████  | 81/100 [08:08<02:17,  7.22s/it, -ELBO=0.4605, Potential Metric=0.2007, Entropy Metric=0.0583]

Epoch 81:  69%|██████▉   | 22/32 [00:04<00:02,  4.47it/s][A
Training Epochs:  81%|████████  | 81/100 [08:08<02:17,  7.22s/it, -ELBO=0.4757, Potential Metric=0.2047, Entropy Metric=0.0605]

Epoch 81:  72%|███████▏  | 23/32 [00:05<00:02,  4.39it/s][A
Training Epochs:  81%|████████  | 81/100 [08:08<02:17,  7.22s/it, -ELBO=0.4253, Potential Metric=0.1943, Entropy Metric=0.0620]

Epoch 81:  75%|███████▌  | 24/32 [00:05<00:01,  4.43it/s][A
Training Epochs:  81%|████████  | 81/100 [08:09<02:17,  7.22s/it, -ELBO=0.4576, Potential Metric=0.2013, Entropy Metric=0.0563]

Epoch 81:  78%|███████▊  | 25/32 [00:05<00:01,  4.44it/s][A
Training Epochs:  81%|████████  | 81/100 [08:09<02:17,  7.22s/it, -ELBO=0.4942, Potential Metric=0.1809, Entropy Metric=0.0504]

Epoch 81:  81%|████████▏ | 26/32 [00:05<00:01,  4.29it/s][A
Training Epochs:  81%|████████  | 81/100 [08:09<02:17,  7.22s/it, -ELBO=0.4905, Potential Metric=0.1984, Entropy Metric=0.0549]

Epoch 81:  84%|████████▍ | 27/32 [00:06<00:01,  4.33it/s][A
Training Epochs:  81%|████████  | 81/100 [08:09<02:17,  7.22s/it, -ELBO=0.4880, Potential Metric=0.2085, Entropy Metric=0.0530]

Epoch 81:  88%|████████▊ | 28/32 [00:06<00:00,  4.36it/s][A
Training Epochs:  81%|████████  | 81/100 [08:09<02:17,  7.22s/it, -ELBO=0.4496, Potential Metric=0.1881, Entropy Metric=0.0532]

Epoch 81:  91%|█████████ | 29/32 [00:06<00:00,  4.31it/s][A
Training Epochs:  81%|████████  | 81/100 [08:10<02:17,  7.22s/it, -ELBO=0.4449, Potential Metric=0.1992, Entropy Metric=0.0561]

Epoch 81:  94%|█████████▍| 30/32 [00:06<00:00,  4.23it/s][A
Training Epochs:  81%|████████  | 81/100 [08:10<02:17,  7.22s/it, -ELBO=0.4707, Potential Metric=0.2067, Entropy Metric=0.0571]

Epoch 81:  97%|█████████▋| 31/32 [00:07<00:00,  4.22it/s][A
Training Epochs:  81%|████████  | 81/100 [08:10<02:17,  7.22s/it, -ELBO=0.4627, Potential Metric=0.1981, Entropy Metric=0.0556]

Epoch 81: 100%|██████████| 32/32 [00:07<00:00,  4.26it/s][A

                                                         [A
Training Epochs:  82%|████████▏ | 82/100 [08:10<02:11,  7.28s/it, -ELBO=0.4627, Potential Metric=0.1981, Entropy Metric=0.0556]

Epoch 82:   0%|          | 0/32 [00:00<?, ?it/s][A
Training Epochs:  82%|████████▏ | 82/100 [08:11<02:11,  7.28s/it, -ELBO=0.4675, Potential Metric=0.2001, Entropy Metric=0.0583]

Epoch 82:   3%|▎         | 1/32 [00:00<00:08,  3.53it/s][A
Training Epochs:  82%|████████▏ | 82/100 [08:11<02:11,  7.28s/it, -ELBO=0.4908, Potential Metric=0.1977, Entropy Metric=0.0600]

Epoch 82:   6%|▋         | 2/32 [00:00<00:07,  3.94it/s][A
Training Epochs:  82%|████████▏ | 82/100 [08:11<02:11,  7.28s/it, -ELBO=0.4580, Potential Metric=0.2072, Entropy Metric=0.0650]

Epoch 82:   9%|▉         | 3/32 [00:00<00:06,  4.22it/s][A
Training Epochs:  82%|████████▏ | 82/100 [08:11<02:11,  7.28s/it, -ELBO=0.4509, Potential Metric=0.1905, Entropy Metric=0.0585]

Epoch 82:  12%|█▎        | 4/32 [00:00<00:06,  4.21it/s][A
Training Epochs:  82%|████████▏ | 82/100 [08:11<02:11,  7.28s/it, -ELBO=0.4492, Potential Metric=0.2116, Entropy Metric=0.0565]

Epoch 82:  16%|█▌        | 5/32 [00:01<00:06,  4.31it/s][A
Training Epochs:  82%|████████▏ | 82/100 [08:12<02:11,  7.28s/it, -ELBO=0.4543, Potential Metric=0.1984, Entropy Metric=0.0605]

Epoch 82:  19%|█▉        | 6/32 [00:01<00:06,  4.25it/s][A
Training Epochs:  82%|████████▏ | 82/100 [08:12<02:11,  7.28s/it, -ELBO=0.4957, Potential Metric=0.2222, Entropy Metric=0.0630]

Epoch 82:  22%|██▏       | 7/32 [00:01<00:05,  4.32it/s][A
Training Epochs:  82%|████████▏ | 82/100 [08:12<02:11,  7.28s/it, -ELBO=0.4583, Potential Metric=0.2093, Entropy Metric=0.0567]

Epoch 82:  25%|██▌       | 8/32 [00:01<00:05,  4.37it/s][A
Training Epochs:  82%|████████▏ | 82/100 [08:13<02:11,  7.28s/it, -ELBO=0.5196, Potential Metric=0.2108, Entropy Metric=0.0597]

Epoch 82:  28%|██▊       | 9/32 [00:02<00:06,  3.65it/s][A
Training Epochs:  82%|████████▏ | 82/100 [08:13<02:11,  7.28s/it, -ELBO=0.4515, Potential Metric=0.2095, Entropy Metric=0.0628]

Epoch 82:  31%|███▏      | 10/32 [00:02<00:05,  3.85it/s][A
Training Epochs:  82%|████████▏ | 82/100 [08:13<02:11,  7.28s/it, -ELBO=0.4972, Potential Metric=0.2153, Entropy Metric=0.0588]

Epoch 82:  34%|███▍      | 11/32 [00:02<00:05,  4.01it/s][A
Training Epochs:  82%|████████▏ | 82/100 [08:13<02:11,  7.28s/it, -ELBO=0.4615, Potential Metric=0.2018, Entropy Metric=0.0587]

Epoch 82:  38%|███▊      | 12/32 [00:02<00:04,  4.14it/s][A
Training Epochs:  82%|████████▏ | 82/100 [08:13<02:11,  7.28s/it, -ELBO=0.4597, Potential Metric=0.2087, Entropy Metric=0.0624]

Epoch 82:  41%|████      | 13/32 [00:03<00:04,  4.09it/s][A
Training Epochs:  82%|████████▏ | 82/100 [08:14<02:11,  7.28s/it, -ELBO=0.4709, Potential Metric=0.1916, Entropy Metric=0.0612]

Epoch 82:  44%|████▍     | 14/32 [00:03<00:04,  4.16it/s][A
Training Epochs:  82%|████████▏ | 82/100 [08:14<02:11,  7.28s/it, -ELBO=0.4346, Potential Metric=0.1985, Entropy Metric=0.0561]

Epoch 82:  47%|████▋     | 15/32 [00:03<00:04,  4.20it/s][A
Training Epochs:  82%|████████▏ | 82/100 [08:14<02:11,  7.28s/it, -ELBO=0.4814, Potential Metric=0.2190, Entropy Metric=0.0595]

Epoch 82:  50%|█████     | 16/32 [00:03<00:03,  4.34it/s][A
Training Epochs:  82%|████████▏ | 82/100 [08:14<02:11,  7.28s/it, -ELBO=0.5227, Potential Metric=0.2017, Entropy Metric=0.0585]

Epoch 82:  53%|█████▎    | 17/32 [00:04<00:03,  4.34it/s][A
Training Epochs:  82%|████████▏ | 82/100 [08:15<02:11,  7.28s/it, -ELBO=0.4500, Potential Metric=0.2012, Entropy Metric=0.0562]

Epoch 82:  56%|█████▋    | 18/32 [00:04<00:03,  4.33it/s][A
Training Epochs:  82%|████████▏ | 82/100 [08:15<02:11,  7.28s/it, -ELBO=0.4683, Potential Metric=0.2059, Entropy Metric=0.0595]

Epoch 82:  59%|█████▉    | 19/32 [00:04<00:02,  4.34it/s][A
Training Epochs:  82%|████████▏ | 82/100 [08:15<02:11,  7.28s/it, -ELBO=0.4735, Potential Metric=0.1934, Entropy Metric=0.0589]

Epoch 82:  62%|██████▎   | 20/32 [00:04<00:02,  4.40it/s][A
Training Epochs:  82%|████████▏ | 82/100 [08:15<02:11,  7.28s/it, -ELBO=0.4752, Potential Metric=0.1905, Entropy Metric=0.0608]

Epoch 82:  66%|██████▌   | 21/32 [00:05<00:02,  4.30it/s][A
Training Epochs:  82%|████████▏ | 82/100 [08:16<02:11,  7.28s/it, -ELBO=0.4292, Potential Metric=0.1937, Entropy Metric=0.0603]

Epoch 82:  69%|██████▉   | 22/32 [00:05<00:02,  4.25it/s][A
Training Epochs:  82%|████████▏ | 82/100 [08:16<02:11,  7.28s/it, -ELBO=0.4798, Potential Metric=0.1974, Entropy Metric=0.0635]

Epoch 82:  72%|███████▏  | 23/32 [00:05<00:02,  4.30it/s][A
Training Epochs:  82%|████████▏ | 82/100 [08:16<02:11,  7.28s/it, -ELBO=0.4793, Potential Metric=0.1955, Entropy Metric=0.0610]

Epoch 82:  75%|███████▌  | 24/32 [00:05<00:01,  4.32it/s][A
Training Epochs:  82%|████████▏ | 82/100 [08:16<02:11,  7.28s/it, -ELBO=0.4479, Potential Metric=0.2117, Entropy Metric=0.0639]

Epoch 82:  78%|███████▊  | 25/32 [00:05<00:01,  4.34it/s][A
Training Epochs:  82%|████████▏ | 82/100 [08:16<02:11,  7.28s/it, -ELBO=0.5006, Potential Metric=0.2194, Entropy Metric=0.0606]

Epoch 82:  81%|████████▏ | 26/32 [00:06<00:01,  4.26it/s][A
Training Epochs:  82%|████████▏ | 82/100 [08:17<02:11,  7.28s/it, -ELBO=0.4694, Potential Metric=0.2197, Entropy Metric=0.0602]

Epoch 82:  84%|████████▍ | 27/32 [00:06<00:01,  4.30it/s][A
Training Epochs:  82%|████████▏ | 82/100 [08:17<02:11,  7.28s/it, -ELBO=0.4636, Potential Metric=0.2021, Entropy Metric=0.0592]

Epoch 82:  88%|████████▊ | 28/32 [00:06<00:00,  4.33it/s][A
Training Epochs:  82%|████████▏ | 82/100 [08:17<02:11,  7.28s/it, -ELBO=0.4282, Potential Metric=0.1943, Entropy Metric=0.0588]

Epoch 82:  91%|█████████ | 29/32 [00:06<00:00,  4.26it/s][A
Training Epochs:  82%|████████▏ | 82/100 [08:17<02:11,  7.28s/it, -ELBO=0.4329, Potential Metric=0.2026, Entropy Metric=0.0598]

Epoch 82:  94%|█████████▍| 30/32 [00:07<00:00,  4.34it/s][A
Training Epochs:  82%|████████▏ | 82/100 [08:18<02:11,  7.28s/it, -ELBO=0.4326, Potential Metric=0.1968, Entropy Metric=0.0600]

Epoch 82:  97%|█████████▋| 31/32 [00:07<00:00,  4.27it/s][A
Training Epochs:  82%|████████▏ | 82/100 [08:18<02:11,  7.28s/it, -ELBO=0.4738, Potential Metric=0.2011, Entropy Metric=0.0650]

Epoch 82: 100%|██████████| 32/32 [00:07<00:00,  4.31it/s][A

                                                         [A
Training Epochs:  83%|████████▎ | 83/100 [08:18<02:05,  7.41s/it, -ELBO=0.4738, Potential Metric=0.2011, Entropy Metric=0.0650]

Epoch 83:   0%|          | 0/32 [00:00<?, ?it/s][A
Training Epochs:  83%|████████▎ | 83/100 [08:18<02:05,  7.41s/it, -ELBO=0.4731, Potential Metric=0.1957, Entropy Metric=0.0597]

Epoch 83:   3%|▎         | 1/32 [00:00<00:09,  3.32it/s][A
Training Epochs:  83%|████████▎ | 83/100 [08:19<02:05,  7.41s/it, -ELBO=0.4902, Potential Metric=0.1952, Entropy Metric=0.0603]

Epoch 83:   6%|▋         | 2/32 [00:00<00:08,  3.67it/s][A
Training Epochs:  83%|████████▎ | 83/100 [08:19<02:05,  7.41s/it, -ELBO=0.4397, Potential Metric=0.1920, Entropy Metric=0.0588]

Epoch 83:   9%|▉         | 3/32 [00:00<00:07,  3.92it/s][A
Training Epochs:  83%|████████▎ | 83/100 [08:19<02:05,  7.41s/it, -ELBO=0.4548, Potential Metric=0.2057, Entropy Metric=0.0623]

Epoch 83:  12%|█▎        | 4/32 [00:01<00:06,  4.10it/s][A
Training Epochs:  83%|████████▎ | 83/100 [08:19<02:05,  7.41s/it, -ELBO=0.4452, Potential Metric=0.2056, Entropy Metric=0.0603]

Epoch 83:  16%|█▌        | 5/32 [00:01<00:06,  4.03it/s][A
Training Epochs:  83%|████████▎ | 83/100 [08:20<02:05,  7.41s/it, -ELBO=0.4860, Potential Metric=0.2022, Entropy Metric=0.0569]

Epoch 83:  19%|█▉        | 6/32 [00:01<00:06,  4.15it/s][A
Training Epochs:  83%|████████▎ | 83/100 [08:20<02:05,  7.41s/it, -ELBO=0.4274, Potential Metric=0.2070, Entropy Metric=0.0577]

Epoch 83:  22%|██▏       | 7/32 [00:01<00:05,  4.26it/s][A
Training Epochs:  83%|████████▎ | 83/100 [08:20<02:05,  7.41s/it, -ELBO=0.4666, Potential Metric=0.1962, Entropy Metric=0.0596]

Epoch 83:  25%|██▌       | 8/32 [00:01<00:05,  4.26it/s][A
Training Epochs:  83%|████████▎ | 83/100 [08:20<02:05,  7.41s/it, -ELBO=0.4275, Potential Metric=0.1915, Entropy Metric=0.0620]

Epoch 83:  28%|██▊       | 9/32 [00:02<00:05,  4.32it/s][A
Training Epochs:  83%|████████▎ | 83/100 [08:20<02:05,  7.41s/it, -ELBO=0.4433, Potential Metric=0.1916, Entropy Metric=0.0575]

Epoch 83:  31%|███▏      | 10/32 [00:02<00:05,  4.25it/s][A
Training Epochs:  83%|████████▎ | 83/100 [08:21<02:05,  7.41s/it, -ELBO=0.5006, Potential Metric=0.1919, Entropy Metric=0.0565]

Epoch 83:  34%|███▍      | 11/32 [00:02<00:04,  4.32it/s][A
Training Epochs:  83%|████████▎ | 83/100 [08:21<02:05,  7.41s/it, -ELBO=0.4603, Potential Metric=0.2244, Entropy Metric=0.0576]

Epoch 83:  38%|███▊      | 12/32 [00:02<00:04,  4.33it/s][A
Training Epochs:  83%|████████▎ | 83/100 [08:21<02:05,  7.41s/it, -ELBO=0.4622, Potential Metric=0.2019, Entropy Metric=0.0577]

Epoch 83:  41%|████      | 13/32 [00:03<00:04,  4.44it/s][A
Training Epochs:  83%|████████▎ | 83/100 [08:21<02:05,  7.41s/it, -ELBO=0.4612, Potential Metric=0.1966, Entropy Metric=0.0561]

Epoch 83:  44%|████▍     | 14/32 [00:03<00:04,  4.44it/s][A
Training Epochs:  83%|████████▎ | 83/100 [08:22<02:05,  7.41s/it, -ELBO=0.4277, Potential Metric=0.1907, Entropy Metric=0.0577]

Epoch 83:  47%|████▋     | 15/32 [00:03<00:03,  4.47it/s][A
Training Epochs:  83%|████████▎ | 83/100 [08:22<02:05,  7.41s/it, -ELBO=0.4977, Potential Metric=0.2074, Entropy Metric=0.0575]

Epoch 83:  50%|█████     | 16/32 [00:03<00:03,  4.51it/s][A
Training Epochs:  83%|████████▎ | 83/100 [08:22<02:05,  7.41s/it, -ELBO=0.4677, Potential Metric=0.2206, Entropy Metric=0.0602]

Epoch 83:  53%|█████▎    | 17/32 [00:03<00:03,  4.51it/s][A
Training Epochs:  83%|████████▎ | 83/100 [08:22<02:05,  7.41s/it, -ELBO=0.4424, Potential Metric=0.1900, Entropy Metric=0.0562]

Epoch 83:  56%|█████▋    | 18/32 [00:04<00:03,  4.57it/s][A
Training Epochs:  83%|████████▎ | 83/100 [08:22<02:05,  7.41s/it, -ELBO=0.4923, Potential Metric=0.2052, Entropy Metric=0.0578]

Epoch 83:  59%|█████▉    | 19/32 [00:04<00:02,  4.51it/s][A
Training Epochs:  83%|████████▎ | 83/100 [08:23<02:05,  7.41s/it, -ELBO=0.4604, Potential Metric=0.1944, Entropy Metric=0.0615]

Epoch 83:  62%|██████▎   | 20/32 [00:04<00:02,  4.53it/s][A
Training Epochs:  83%|████████▎ | 83/100 [08:23<02:05,  7.41s/it, -ELBO=0.4772, Potential Metric=0.2114, Entropy Metric=0.0605]

Epoch 83:  66%|██████▌   | 21/32 [00:04<00:02,  4.43it/s][A
Training Epochs:  83%|████████▎ | 83/100 [08:23<02:05,  7.41s/it, -ELBO=0.4670, Potential Metric=0.2163, Entropy Metric=0.0584]

Epoch 83:  69%|██████▉   | 22/32 [00:05<00:02,  4.45it/s][A
Training Epochs:  83%|████████▎ | 83/100 [08:23<02:05,  7.41s/it, -ELBO=0.4781, Potential Metric=0.2163, Entropy Metric=0.0611]

Epoch 83:  72%|███████▏  | 23/32 [00:05<00:02,  4.34it/s][A
Training Epochs:  83%|████████▎ | 83/100 [08:24<02:05,  7.41s/it, -ELBO=0.5063, Potential Metric=0.1880, Entropy Metric=0.0629]

Epoch 83:  75%|███████▌  | 24/32 [00:05<00:01,  4.39it/s][A
Training Epochs:  83%|████████▎ | 83/100 [08:24<02:05,  7.41s/it, -ELBO=0.4667, Potential Metric=0.1957, Entropy Metric=0.0623]

Epoch 83:  78%|███████▊  | 25/32 [00:05<00:01,  4.46it/s][A
Training Epochs:  83%|████████▎ | 83/100 [08:24<02:05,  7.41s/it, -ELBO=0.4497, Potential Metric=0.1967, Entropy Metric=0.0613]

Epoch 83:  81%|████████▏ | 26/32 [00:06<00:01,  4.39it/s][A
Training Epochs:  83%|████████▎ | 83/100 [08:24<02:05,  7.41s/it, -ELBO=0.4244, Potential Metric=0.2172, Entropy Metric=0.0617]

Epoch 83:  84%|████████▍ | 27/32 [00:06<00:01,  4.43it/s][A
Training Epochs:  83%|████████▎ | 83/100 [08:24<02:05,  7.41s/it, -ELBO=0.4712, Potential Metric=0.1979, Entropy Metric=0.0631]

Epoch 83:  88%|████████▊ | 28/32 [00:06<00:00,  4.32it/s][A
Training Epochs:  83%|████████▎ | 83/100 [08:25<02:05,  7.41s/it, -ELBO=0.4452, Potential Metric=0.2053, Entropy Metric=0.0578]

Epoch 83:  91%|█████████ | 29/32 [00:06<00:00,  4.33it/s][A
Training Epochs:  83%|████████▎ | 83/100 [08:25<02:05,  7.41s/it, -ELBO=0.4586, Potential Metric=0.2166, Entropy Metric=0.0581]

Epoch 83:  94%|█████████▍| 30/32 [00:06<00:00,  4.33it/s][A
Training Epochs:  83%|████████▎ | 83/100 [08:25<02:05,  7.41s/it, -ELBO=0.4525, Potential Metric=0.1994, Entropy Metric=0.0585]

Epoch 83:  97%|█████████▋| 31/32 [00:07<00:00,  4.44it/s][A
Training Epochs:  83%|████████▎ | 83/100 [08:25<02:05,  7.41s/it, -ELBO=0.4678, Potential Metric=0.1952, Entropy Metric=0.0581]

Epoch 83: 100%|██████████| 32/32 [00:07<00:00,  4.48it/s][A

                                                         [A
Training Epochs:  84%|████████▍ | 84/100 [08:25<01:59,  7.44s/it, -ELBO=0.4678, Potential Metric=0.1952, Entropy Metric=0.0581]

Epoch 84:   0%|          | 0/32 [00:00<?, ?it/s][A
Training Epochs:  84%|████████▍ | 84/100 [08:26<01:59,  7.44s/it, -ELBO=0.4414, Potential Metric=0.2019, Entropy Metric=0.0575]

Epoch 84:   3%|▎         | 1/32 [00:00<00:07,  3.93it/s][A
Training Epochs:  84%|████████▍ | 84/100 [08:26<01:59,  7.44s/it, -ELBO=0.4792, Potential Metric=0.2083, Entropy Metric=0.0635]

Epoch 84:   6%|▋         | 2/32 [00:00<00:07,  4.10it/s][A
Training Epochs:  84%|████████▍ | 84/100 [08:26<01:59,  7.44s/it, -ELBO=0.4268, Potential Metric=0.1902, Entropy Metric=0.0549]

Epoch 84:   9%|▉         | 3/32 [00:00<00:06,  4.36it/s][A
Training Epochs:  84%|████████▍ | 84/100 [08:27<01:59,  7.44s/it, -ELBO=0.4403, Potential Metric=0.2034, Entropy Metric=0.0570]

Epoch 84:  12%|█▎        | 4/32 [00:00<00:06,  4.47it/s][A
Training Epochs:  84%|████████▍ | 84/100 [08:27<01:59,  7.44s/it, -ELBO=0.5031, Potential Metric=0.2062, Entropy Metric=0.0584]

Epoch 84:  16%|█▌        | 5/32 [00:01<00:05,  4.56it/s][A
Training Epochs:  84%|████████▍ | 84/100 [08:27<01:59,  7.44s/it, -ELBO=0.4640, Potential Metric=0.1908, Entropy Metric=0.0591]

Epoch 84:  19%|█▉        | 6/32 [00:01<00:05,  4.39it/s][A
Training Epochs:  84%|████████▍ | 84/100 [08:27<01:59,  7.44s/it, -ELBO=0.4457, Potential Metric=0.2009, Entropy Metric=0.0603]

Epoch 84:  22%|██▏       | 7/32 [00:01<00:05,  4.36it/s][A
Training Epochs:  84%|████████▍ | 84/100 [08:27<01:59,  7.44s/it, -ELBO=0.4592, Potential Metric=0.2007, Entropy Metric=0.0617]

Epoch 84:  25%|██▌       | 8/32 [00:01<00:05,  4.47it/s][A
Training Epochs:  84%|████████▍ | 84/100 [08:28<01:59,  7.44s/it, -ELBO=0.4570, Potential Metric=0.1923, Entropy Metric=0.0614]

Epoch 84:  28%|██▊       | 9/32 [00:02<00:05,  4.52it/s][A
Training Epochs:  84%|████████▍ | 84/100 [08:28<01:59,  7.44s/it, -ELBO=0.4663, Potential Metric=0.2027, Entropy Metric=0.0581]

Epoch 84:  31%|███▏      | 10/32 [00:02<00:05,  4.39it/s][A
Training Epochs:  84%|████████▍ | 84/100 [08:28<01:59,  7.44s/it, -ELBO=0.4732, Potential Metric=0.2116, Entropy Metric=0.0629]

Epoch 84:  34%|███▍      | 11/32 [00:02<00:04,  4.43it/s][A
Training Epochs:  84%|████████▍ | 84/100 [08:28<01:59,  7.44s/it, -ELBO=0.4456, Potential Metric=0.1910, Entropy Metric=0.0576]

Epoch 84:  38%|███▊      | 12/32 [00:02<00:04,  4.48it/s][A
Training Epochs:  84%|████████▍ | 84/100 [08:29<01:59,  7.44s/it, -ELBO=0.5171, Potential Metric=0.2056, Entropy Metric=0.0590]

Epoch 84:  41%|████      | 13/32 [00:02<00:04,  4.43it/s][A
Training Epochs:  84%|████████▍ | 84/100 [08:29<01:59,  7.44s/it, -ELBO=0.4274, Potential Metric=0.2003, Entropy Metric=0.0598]

Epoch 84:  44%|████▍     | 14/32 [00:03<00:04,  4.46it/s][A
Training Epochs:  84%|████████▍ | 84/100 [08:29<01:59,  7.44s/it, -ELBO=0.4672, Potential Metric=0.1898, Entropy Metric=0.0574]

Epoch 84:  47%|████▋     | 15/32 [00:03<00:03,  4.49it/s][A
Training Epochs:  84%|████████▍ | 84/100 [08:29<01:59,  7.44s/it, -ELBO=0.4349, Potential Metric=0.1725, Entropy Metric=0.0510]

Epoch 84:  50%|█████     | 16/32 [00:03<00:03,  4.40it/s][A
Training Epochs:  84%|████████▍ | 84/100 [08:29<01:59,  7.44s/it, -ELBO=0.4739, Potential Metric=0.1951, Entropy Metric=0.0604]

Epoch 84:  53%|█████▎    | 17/32 [00:03<00:03,  4.29it/s][A
Training Epochs:  84%|████████▍ | 84/100 [08:30<01:59,  7.44s/it, -ELBO=0.4675, Potential Metric=0.1890, Entropy Metric=0.0581]

Epoch 84:  56%|█████▋    | 18/32 [00:04<00:03,  4.36it/s][A
Training Epochs:  84%|████████▍ | 84/100 [08:30<01:59,  7.44s/it, -ELBO=0.4400, Potential Metric=0.2097, Entropy Metric=0.0572]

Epoch 84:  59%|█████▉    | 19/32 [00:04<00:02,  4.35it/s][A
Training Epochs:  84%|████████▍ | 84/100 [08:30<01:59,  7.44s/it, -ELBO=0.4620, Potential Metric=0.1973, Entropy Metric=0.0579]

Epoch 84:  62%|██████▎   | 20/32 [00:04<00:02,  4.33it/s][A
Training Epochs:  84%|████████▍ | 84/100 [08:30<01:59,  7.44s/it, -ELBO=0.4592, Potential Metric=0.1969, Entropy Metric=0.0541]

Epoch 84:  66%|██████▌   | 21/32 [00:04<00:02,  4.42it/s][A
Training Epochs:  84%|████████▍ | 84/100 [08:31<01:59,  7.44s/it, -ELBO=0.4452, Potential Metric=0.2095, Entropy Metric=0.0597]

Epoch 84:  69%|██████▉   | 22/32 [00:04<00:02,  4.40it/s][A
Training Epochs:  84%|████████▍ | 84/100 [08:31<01:59,  7.44s/it, -ELBO=0.4213, Potential Metric=0.2134, Entropy Metric=0.0573]

Epoch 84:  72%|███████▏  | 23/32 [00:05<00:02,  4.42it/s][A
Training Epochs:  84%|████████▍ | 84/100 [08:31<01:59,  7.44s/it, -ELBO=0.4317, Potential Metric=0.1891, Entropy Metric=0.0587]

Epoch 84:  75%|███████▌  | 24/32 [00:05<00:01,  4.48it/s][A
Training Epochs:  84%|████████▍ | 84/100 [08:31<01:59,  7.44s/it, -ELBO=0.4650, Potential Metric=0.2101, Entropy Metric=0.0603]

Epoch 84:  78%|███████▊  | 25/32 [00:05<00:01,  4.43it/s][A
Training Epochs:  84%|████████▍ | 84/100 [08:31<01:59,  7.44s/it, -ELBO=0.4701, Potential Metric=0.2025, Entropy Metric=0.0586]

Epoch 84:  81%|████████▏ | 26/32 [00:05<00:01,  4.42it/s][A
Training Epochs:  84%|████████▍ | 84/100 [08:32<01:59,  7.44s/it, -ELBO=0.4539, Potential Metric=0.2180, Entropy Metric=0.0602]

Epoch 84:  84%|████████▍ | 27/32 [00:06<00:01,  4.35it/s][A
Training Epochs:  84%|████████▍ | 84/100 [08:32<01:59,  7.44s/it, -ELBO=0.4734, Potential Metric=0.2191, Entropy Metric=0.0577]

Epoch 84:  88%|████████▊ | 28/32 [00:06<00:00,  4.40it/s][A
Training Epochs:  84%|████████▍ | 84/100 [08:32<01:59,  7.44s/it, -ELBO=0.4810, Potential Metric=0.2111, Entropy Metric=0.0582]

Epoch 84:  91%|█████████ | 29/32 [00:06<00:00,  4.42it/s][A
Training Epochs:  84%|████████▍ | 84/100 [08:32<01:59,  7.44s/it, -ELBO=0.4753, Potential Metric=0.1885, Entropy Metric=0.0588]

Epoch 84:  94%|█████████▍| 30/32 [00:06<00:00,  4.45it/s][A
Training Epochs:  84%|████████▍ | 84/100 [08:33<01:59,  7.44s/it, -ELBO=0.4417, Potential Metric=0.1922, Entropy Metric=0.0582]

Epoch 84:  97%|█████████▋| 31/32 [00:07<00:00,  4.56it/s][A
Training Epochs:  84%|████████▍ | 84/100 [08:33<01:59,  7.44s/it, -ELBO=0.4539, Potential Metric=0.1958, Entropy Metric=0.0600]

Epoch 84: 100%|██████████| 32/32 [00:07<00:00,  4.54it/s][A

                                                         [A
Training Epochs:  85%|████████▌ | 85/100 [08:33<01:51,  7.44s/it, -ELBO=0.4539, Potential Metric=0.1958, Entropy Metric=0.0600]

Epoch 85:   0%|          | 0/32 [00:00<?, ?it/s][A
Training Epochs:  85%|████████▌ | 85/100 [08:33<01:51,  7.44s/it, -ELBO=0.5095, Potential Metric=0.2084, Entropy Metric=0.0580]

Epoch 85:   3%|▎         | 1/32 [00:00<00:08,  3.50it/s][A
Training Epochs:  85%|████████▌ | 85/100 [08:33<01:51,  7.44s/it, -ELBO=0.4453, Potential Metric=0.1948, Entropy Metric=0.0557]

Epoch 85:   6%|▋         | 2/32 [00:00<00:07,  3.96it/s][A
Training Epochs:  85%|████████▌ | 85/100 [08:34<01:51,  7.44s/it, -ELBO=0.4806, Potential Metric=0.2086, Entropy Metric=0.0557]

Epoch 85:   9%|▉         | 3/32 [00:00<00:06,  4.15it/s][A
Training Epochs:  85%|████████▌ | 85/100 [08:34<01:51,  7.44s/it, -ELBO=0.4329, Potential Metric=0.2091, Entropy Metric=0.0569]

Epoch 85:  12%|█▎        | 4/32 [00:00<00:06,  4.28it/s][A
Training Epochs:  85%|████████▌ | 85/100 [08:34<01:51,  7.44s/it, -ELBO=0.4669, Potential Metric=0.2003, Entropy Metric=0.0601]

Epoch 85:  16%|█▌        | 5/32 [00:01<00:06,  4.33it/s][A
Training Epochs:  85%|████████▌ | 85/100 [08:34<01:51,  7.44s/it, -ELBO=0.4558, Potential Metric=0.1943, Entropy Metric=0.0578]

Epoch 85:  19%|█▉        | 6/32 [00:01<00:05,  4.48it/s][A
Training Epochs:  85%|████████▌ | 85/100 [08:35<01:51,  7.44s/it, -ELBO=0.4537, Potential Metric=0.2185, Entropy Metric=0.0594]

Epoch 85:  22%|██▏       | 7/32 [00:01<00:05,  4.52it/s][A
Training Epochs:  85%|████████▌ | 85/100 [08:35<01:51,  7.44s/it, -ELBO=0.4596, Potential Metric=0.2005, Entropy Metric=0.0578]

Epoch 85:  25%|██▌       | 8/32 [00:01<00:05,  4.46it/s][A
Training Epochs:  85%|████████▌ | 85/100 [08:35<01:51,  7.44s/it, -ELBO=0.4419, Potential Metric=0.1987, Entropy Metric=0.0577]

Epoch 85:  28%|██▊       | 9/32 [00:02<00:05,  4.45it/s][A
Training Epochs:  85%|████████▌ | 85/100 [08:35<01:51,  7.44s/it, -ELBO=0.4407, Potential Metric=0.2166, Entropy Metric=0.0592]

Epoch 85:  31%|███▏      | 10/32 [00:02<00:05,  4.38it/s][A
Training Epochs:  85%|████████▌ | 85/100 [08:35<01:51,  7.44s/it, -ELBO=0.4995, Potential Metric=0.1968, Entropy Metric=0.0616]

Epoch 85:  34%|███▍      | 11/32 [00:02<00:04,  4.32it/s][A
Training Epochs:  85%|████████▌ | 85/100 [08:36<01:51,  7.44s/it, -ELBO=0.4606, Potential Metric=0.1882, Entropy Metric=0.0609]

Epoch 85:  38%|███▊      | 12/32 [00:02<00:04,  4.35it/s][A
Training Epochs:  85%|████████▌ | 85/100 [08:36<01:51,  7.44s/it, -ELBO=0.4331, Potential Metric=0.2030, Entropy Metric=0.0604]

Epoch 85:  41%|████      | 13/32 [00:02<00:04,  4.45it/s][A
Training Epochs:  85%|████████▌ | 85/100 [08:36<01:51,  7.44s/it, -ELBO=0.4407, Potential Metric=0.2107, Entropy Metric=0.0604]

Epoch 85:  44%|████▍     | 14/32 [00:03<00:04,  4.43it/s][A
Training Epochs:  85%|████████▌ | 85/100 [08:36<01:51,  7.44s/it, -ELBO=0.4227, Potential Metric=0.2170, Entropy Metric=0.0588]

Epoch 85:  47%|████▋     | 15/32 [00:03<00:03,  4.50it/s][A
Training Epochs:  85%|████████▌ | 85/100 [08:37<01:51,  7.44s/it, -ELBO=0.4811, Potential Metric=0.2033, Entropy Metric=0.0585]

Epoch 85:  50%|█████     | 16/32 [00:03<00:03,  4.62it/s][A
Training Epochs:  85%|████████▌ | 85/100 [08:37<01:51,  7.44s/it, -ELBO=0.4870, Potential Metric=0.1880, Entropy Metric=0.0640]

Epoch 85:  53%|█████▎    | 17/32 [00:03<00:03,  4.58it/s][A
Training Epochs:  85%|████████▌ | 85/100 [08:37<01:51,  7.44s/it, -ELBO=0.4531, Potential Metric=0.2078, Entropy Metric=0.0576]

Epoch 85:  56%|█████▋    | 18/32 [00:04<00:03,  4.60it/s][A
Training Epochs:  85%|████████▌ | 85/100 [08:37<01:51,  7.44s/it, -ELBO=0.4256, Potential Metric=0.2093, Entropy Metric=0.0622]

Epoch 85:  59%|█████▉    | 19/32 [00:04<00:02,  4.51it/s][A
Training Epochs:  85%|████████▌ | 85/100 [08:37<01:51,  7.44s/it, -ELBO=0.4682, Potential Metric=0.2090, Entropy Metric=0.0601]

Epoch 85:  62%|██████▎   | 20/32 [00:04<00:02,  4.49it/s][A
Training Epochs:  85%|████████▌ | 85/100 [08:38<01:51,  7.44s/it, -ELBO=0.5047, Potential Metric=0.2026, Entropy Metric=0.0601]

Epoch 85:  66%|██████▌   | 21/32 [00:04<00:02,  4.52it/s][A
Training Epochs:  85%|████████▌ | 85/100 [08:38<01:51,  7.44s/it, -ELBO=0.4361, Potential Metric=0.2044, Entropy Metric=0.0590]

Epoch 85:  69%|██████▉   | 22/32 [00:04<00:02,  4.40it/s][A
Training Epochs:  85%|████████▌ | 85/100 [08:38<01:51,  7.44s/it, -ELBO=0.4696, Potential Metric=0.2191, Entropy Metric=0.0631]

Epoch 85:  72%|███████▏  | 23/32 [00:05<00:02,  4.46it/s][A
Training Epochs:  85%|████████▌ | 85/100 [08:38<01:51,  7.44s/it, -ELBO=0.4586, Potential Metric=0.1986, Entropy Metric=0.0578]

Epoch 85:  75%|███████▌  | 24/32 [00:05<00:01,  4.37it/s][A
Training Epochs:  85%|████████▌ | 85/100 [08:39<01:51,  7.44s/it, -ELBO=0.4395, Potential Metric=0.1934, Entropy Metric=0.0591]

Epoch 85:  78%|███████▊  | 25/32 [00:05<00:01,  4.40it/s][A
Training Epochs:  85%|████████▌ | 85/100 [08:39<01:51,  7.44s/it, -ELBO=0.4594, Potential Metric=0.2063, Entropy Metric=0.0622]

Epoch 85:  81%|████████▏ | 26/32 [00:05<00:01,  4.46it/s][A
Training Epochs:  85%|████████▌ | 85/100 [08:39<01:51,  7.44s/it, -ELBO=0.4414, Potential Metric=0.2226, Entropy Metric=0.0630]

Epoch 85:  84%|████████▍ | 27/32 [00:06<00:01,  4.46it/s][A
Training Epochs:  85%|████████▌ | 85/100 [08:39<01:51,  7.44s/it, -ELBO=0.4404, Potential Metric=0.2136, Entropy Metric=0.0598]

Epoch 85:  88%|████████▊ | 28/32 [00:06<00:00,  4.41it/s][A
Training Epochs:  85%|████████▌ | 85/100 [08:40<01:51,  7.44s/it, -ELBO=0.4301, Potential Metric=0.1973, Entropy Metric=0.0557]

Epoch 85:  91%|█████████ | 29/32 [00:06<00:00,  4.38it/s][A
Training Epochs:  85%|████████▌ | 85/100 [08:40<01:51,  7.44s/it, -ELBO=0.4601, Potential Metric=0.1791, Entropy Metric=0.0552]

Epoch 85:  94%|█████████▍| 30/32 [00:06<00:00,  4.39it/s][A
Training Epochs:  85%|████████▌ | 85/100 [08:40<01:51,  7.44s/it, -ELBO=0.4293, Potential Metric=0.1786, Entropy Metric=0.0536]

Epoch 85:  97%|█████████▋| 31/32 [00:07<00:00,  4.50it/s][A
Training Epochs:  85%|████████▌ | 85/100 [08:40<01:51,  7.44s/it, -ELBO=0.4560, Potential Metric=0.1915, Entropy Metric=0.0554]

Epoch 85: 100%|██████████| 32/32 [00:07<00:00,  4.45it/s][A

                                                         [A
Training Epochs:  86%|████████▌ | 86/100 [08:40<01:43,  7.41s/it, -ELBO=0.4560, Potential Metric=0.1915, Entropy Metric=0.0554]

Epoch 86:   0%|          | 0/32 [00:00<?, ?it/s][A
Training Epochs:  86%|████████▌ | 86/100 [08:41<01:43,  7.41s/it, -ELBO=0.4287, Potential Metric=0.1891, Entropy Metric=0.0542]

Epoch 86:   3%|▎         | 1/32 [00:00<00:08,  3.51it/s][A
Training Epochs:  86%|████████▌ | 86/100 [08:41<01:43,  7.41s/it, -ELBO=0.4598, Potential Metric=0.2063, Entropy Metric=0.0541]

Epoch 86:   6%|▋         | 2/32 [00:00<00:07,  3.95it/s][A
Training Epochs:  86%|████████▌ | 86/100 [08:41<01:43,  7.41s/it, -ELBO=0.4833, Potential Metric=0.1976, Entropy Metric=0.0551]

Epoch 86:   9%|▉         | 3/32 [00:00<00:07,  4.11it/s][A
Training Epochs:  86%|████████▌ | 86/100 [08:41<01:43,  7.41s/it, -ELBO=0.4760, Potential Metric=0.1940, Entropy Metric=0.0572]

Epoch 86:  12%|█▎        | 4/32 [00:00<00:06,  4.09it/s][A
Training Epochs:  86%|████████▌ | 86/100 [08:42<01:43,  7.41s/it, -ELBO=0.4266, Potential Metric=0.1992, Entropy Metric=0.0610]

Epoch 86:  16%|█▌        | 5/32 [00:01<00:06,  4.12it/s][A
Training Epochs:  86%|████████▌ | 86/100 [08:42<01:43,  7.41s/it, -ELBO=0.4603, Potential Metric=0.2149, Entropy Metric=0.0661]

Epoch 86:  19%|█▉        | 6/32 [00:01<00:07,  3.45it/s][A
Training Epochs:  86%|████████▌ | 86/100 [08:42<01:43,  7.41s/it, -ELBO=0.4410, Potential Metric=0.2205, Entropy Metric=0.0611]

Epoch 86:  22%|██▏       | 7/32 [00:01<00:06,  3.65it/s][A
Training Epochs:  86%|████████▌ | 86/100 [08:42<01:43,  7.41s/it, -ELBO=0.4481, Potential Metric=0.2074, Entropy Metric=0.0640]

Epoch 86:  25%|██▌       | 8/32 [00:02<00:06,  3.86it/s][A
Training Epochs:  86%|████████▌ | 86/100 [08:43<01:43,  7.41s/it, -ELBO=0.4270, Potential Metric=0.2218, Entropy Metric=0.0644]

Epoch 86:  28%|██▊       | 9/32 [00:02<00:05,  3.99it/s][A
Training Epochs:  86%|████████▌ | 86/100 [08:43<01:43,  7.41s/it, -ELBO=0.4669, Potential Metric=0.1966, Entropy Metric=0.0595]

Epoch 86:  31%|███▏      | 10/32 [00:02<00:05,  3.96it/s][A
Training Epochs:  86%|████████▌ | 86/100 [08:43<01:43,  7.41s/it, -ELBO=0.4562, Potential Metric=0.2121, Entropy Metric=0.0635]

Epoch 86:  34%|███▍      | 11/32 [00:02<00:05,  4.01it/s][A
Training Epochs:  86%|████████▌ | 86/100 [08:43<01:43,  7.41s/it, -ELBO=0.4502, Potential Metric=0.1888, Entropy Metric=0.0618]

Epoch 86:  38%|███▊      | 12/32 [00:03<00:04,  4.09it/s][A
Training Epochs:  86%|████████▌ | 86/100 [08:44<01:43,  7.41s/it, -ELBO=0.4587, Potential Metric=0.1797, Entropy Metric=0.0609]

Epoch 86:  41%|████      | 13/32 [00:03<00:04,  4.12it/s][A
Training Epochs:  86%|████████▌ | 86/100 [08:44<01:43,  7.41s/it, -ELBO=0.4585, Potential Metric=0.1893, Entropy Metric=0.0600]

Epoch 86:  44%|████▍     | 14/32 [00:03<00:04,  4.24it/s][A
Training Epochs:  86%|████████▌ | 86/100 [08:44<01:43,  7.41s/it, -ELBO=0.4359, Potential Metric=0.1939, Entropy Metric=0.0609]

Epoch 86:  47%|████▋     | 15/32 [00:03<00:03,  4.35it/s][A
Training Epochs:  86%|████████▌ | 86/100 [08:44<01:43,  7.41s/it, -ELBO=0.4890, Potential Metric=0.1908, Entropy Metric=0.0603]

Epoch 86:  50%|█████     | 16/32 [00:03<00:03,  4.47it/s][A
Training Epochs:  86%|████████▌ | 86/100 [08:44<01:43,  7.41s/it, -ELBO=0.4243, Potential Metric=0.2120, Entropy Metric=0.0630]

Epoch 86:  53%|█████▎    | 17/32 [00:04<00:03,  4.47it/s][A
Training Epochs:  86%|████████▌ | 86/100 [08:45<01:43,  7.41s/it, -ELBO=0.4328, Potential Metric=0.2123, Entropy Metric=0.0560]

Epoch 86:  56%|█████▋    | 18/32 [00:04<00:03,  4.43it/s][A
Training Epochs:  86%|████████▌ | 86/100 [08:45<01:43,  7.41s/it, -ELBO=0.4537, Potential Metric=0.2105, Entropy Metric=0.0603]

Epoch 86:  59%|█████▉    | 19/32 [00:04<00:02,  4.37it/s][A
Training Epochs:  86%|████████▌ | 86/100 [08:45<01:43,  7.41s/it, -ELBO=0.4482, Potential Metric=0.2233, Entropy Metric=0.0607]

Epoch 86:  62%|██████▎   | 20/32 [00:04<00:02,  4.42it/s][A
Training Epochs:  86%|████████▌ | 86/100 [08:45<01:43,  7.41s/it, -ELBO=0.4471, Potential Metric=0.2036, Entropy Metric=0.0557]

Epoch 86:  66%|██████▌   | 21/32 [00:05<00:02,  4.23it/s][A
Training Epochs:  86%|████████▌ | 86/100 [08:46<01:43,  7.41s/it, -ELBO=0.4754, Potential Metric=0.2029, Entropy Metric=0.0562]

Epoch 86:  69%|██████▉   | 22/32 [00:05<00:02,  4.26it/s][A
Training Epochs:  86%|████████▌ | 86/100 [08:46<01:43,  7.41s/it, -ELBO=0.4893, Potential Metric=0.1993, Entropy Metric=0.0579]

Epoch 86:  72%|███████▏  | 23/32 [00:05<00:02,  4.11it/s][A
Training Epochs:  86%|████████▌ | 86/100 [08:46<01:43,  7.41s/it, -ELBO=0.4784, Potential Metric=0.2069, Entropy Metric=0.0612]

Epoch 86:  75%|███████▌  | 24/32 [00:05<00:01,  4.18it/s][A
Training Epochs:  86%|████████▌ | 86/100 [08:46<01:43,  7.41s/it, -ELBO=0.4508, Potential Metric=0.1965, Entropy Metric=0.0599]

Epoch 86:  78%|███████▊  | 25/32 [00:06<00:01,  4.14it/s][A
Training Epochs:  86%|████████▌ | 86/100 [08:47<01:43,  7.41s/it, -ELBO=0.4393, Potential Metric=0.1944, Entropy Metric=0.0601]

Epoch 86:  81%|████████▏ | 26/32 [00:06<00:01,  4.14it/s][A
Training Epochs:  86%|████████▌ | 86/100 [08:47<01:43,  7.41s/it, -ELBO=0.4281, Potential Metric=0.1817, Entropy Metric=0.0611]

Epoch 86:  84%|████████▍ | 27/32 [00:06<00:01,  4.14it/s][A
Training Epochs:  86%|████████▌ | 86/100 [08:47<01:43,  7.41s/it, -ELBO=0.4548, Potential Metric=0.2266, Entropy Metric=0.0608]

Epoch 86:  88%|████████▊ | 28/32 [00:06<00:00,  4.14it/s][A
Training Epochs:  86%|████████▌ | 86/100 [08:47<01:43,  7.41s/it, -ELBO=0.4649, Potential Metric=0.1868, Entropy Metric=0.0616]

Epoch 86:  91%|█████████ | 29/32 [00:07<00:00,  4.21it/s][A
Training Epochs:  86%|████████▌ | 86/100 [08:48<01:43,  7.41s/it, -ELBO=0.4581, Potential Metric=0.2035, Entropy Metric=0.0583]

Epoch 86:  94%|█████████▍| 30/32 [00:07<00:00,  4.17it/s][A
Training Epochs:  86%|████████▌ | 86/100 [08:48<01:43,  7.41s/it, -ELBO=0.4249, Potential Metric=0.1976, Entropy Metric=0.0607]

Epoch 86:  97%|█████████▋| 31/32 [00:07<00:00,  4.30it/s][A
Training Epochs:  86%|████████▌ | 86/100 [08:48<01:43,  7.41s/it, -ELBO=0.4286, Potential Metric=0.2182, Entropy Metric=0.0594]

Epoch 86: 100%|██████████| 32/32 [00:07<00:00,  4.37it/s][A

                                                         [A
Training Epochs:  87%|████████▋ | 87/100 [08:48<01:38,  7.54s/it, -ELBO=0.4286, Potential Metric=0.2182, Entropy Metric=0.0594]

Epoch 87:   0%|          | 0/32 [00:00<?, ?it/s][A
Training Epochs:  87%|████████▋ | 87/100 [08:48<01:38,  7.54s/it, -ELBO=0.4822, Potential Metric=0.2106, Entropy Metric=0.0625]

Epoch 87:   3%|▎         | 1/32 [00:00<00:08,  3.77it/s][A
Training Epochs:  87%|████████▋ | 87/100 [08:49<01:38,  7.54s/it, -ELBO=0.4325, Potential Metric=0.1939, Entropy Metric=0.0630]

Epoch 87:   6%|▋         | 2/32 [00:00<00:07,  4.22it/s][A
Training Epochs:  87%|████████▋ | 87/100 [08:49<01:38,  7.54s/it, -ELBO=0.4376, Potential Metric=0.2171, Entropy Metric=0.0554]

Epoch 87:   9%|▉         | 3/32 [00:00<00:06,  4.32it/s][A
Training Epochs:  87%|████████▋ | 87/100 [08:49<01:38,  7.54s/it, -ELBO=0.4402, Potential Metric=0.2090, Entropy Metric=0.0584]

Epoch 87:  12%|█▎        | 4/32 [00:00<00:06,  4.39it/s][A
Training Epochs:  87%|████████▋ | 87/100 [08:49<01:38,  7.54s/it, -ELBO=0.4348, Potential Metric=0.1847, Entropy Metric=0.0589]

Epoch 87:  16%|█▌        | 5/32 [00:01<00:06,  4.39it/s][A
Training Epochs:  87%|████████▋ | 87/100 [08:50<01:38,  7.54s/it, -ELBO=0.4629, Potential Metric=0.2211, Entropy Metric=0.0600]

Epoch 87:  19%|█▉        | 6/32 [00:01<00:06,  4.32it/s][A
Training Epochs:  87%|████████▋ | 87/100 [08:50<01:38,  7.54s/it, -ELBO=0.4768, Potential Metric=0.2186, Entropy Metric=0.0562]

Epoch 87:  22%|██▏       | 7/32 [00:01<00:05,  4.37it/s][A
Training Epochs:  87%|████████▋ | 87/100 [08:50<01:38,  7.54s/it, -ELBO=0.4584, Potential Metric=0.2095, Entropy Metric=0.0602]

Epoch 87:  25%|██▌       | 8/32 [00:01<00:05,  4.44it/s][A
Training Epochs:  87%|████████▋ | 87/100 [08:50<01:38,  7.54s/it, -ELBO=0.4874, Potential Metric=0.2045, Entropy Metric=0.0582]

Epoch 87:  28%|██▊       | 9/32 [00:02<00:05,  4.46it/s][A
Training Epochs:  87%|████████▋ | 87/100 [08:50<01:38,  7.54s/it, -ELBO=0.4568, Potential Metric=0.1992, Entropy Metric=0.0568]

Epoch 87:  31%|███▏      | 10/32 [00:02<00:05,  4.30it/s][A
Training Epochs:  87%|████████▋ | 87/100 [08:51<01:38,  7.54s/it, -ELBO=0.4415, Potential Metric=0.2145, Entropy Metric=0.0583]

Epoch 87:  34%|███▍      | 11/32 [00:02<00:04,  4.29it/s][A
Training Epochs:  87%|████████▋ | 87/100 [08:51<01:38,  7.54s/it, -ELBO=0.4663, Potential Metric=0.2042, Entropy Metric=0.0591]

Epoch 87:  38%|███▊      | 12/32 [00:02<00:04,  4.24it/s][A
Training Epochs:  87%|████████▋ | 87/100 [08:51<01:38,  7.54s/it, -ELBO=0.4142, Potential Metric=0.2140, Entropy Metric=0.0548]

Epoch 87:  41%|████      | 13/32 [00:03<00:04,  4.34it/s][A
Training Epochs:  87%|████████▋ | 87/100 [08:51<01:38,  7.54s/it, -ELBO=0.4516, Potential Metric=0.2038, Entropy Metric=0.0604]

Epoch 87:  44%|████▍     | 14/32 [00:03<00:04,  4.39it/s][A
Training Epochs:  87%|████████▋ | 87/100 [08:52<01:38,  7.54s/it, -ELBO=0.4505, Potential Metric=0.1967, Entropy Metric=0.0574]

Epoch 87:  47%|████▋     | 15/32 [00:03<00:03,  4.41it/s][A
Training Epochs:  87%|████████▋ | 87/100 [08:52<01:38,  7.54s/it, -ELBO=0.4775, Potential Metric=0.2154, Entropy Metric=0.0581]

Epoch 87:  50%|█████     | 16/32 [00:03<00:03,  4.35it/s][A
Training Epochs:  87%|████████▋ | 87/100 [08:52<01:38,  7.54s/it, -ELBO=0.4845, Potential Metric=0.1946, Entropy Metric=0.0595]

Epoch 87:  53%|█████▎    | 17/32 [00:03<00:03,  4.38it/s][A
Training Epochs:  87%|████████▋ | 87/100 [08:52<01:38,  7.54s/it, -ELBO=0.4456, Potential Metric=0.2025, Entropy Metric=0.0569]

Epoch 87:  56%|█████▋    | 18/32 [00:04<00:03,  4.46it/s][A
Training Epochs:  87%|████████▋ | 87/100 [08:53<01:38,  7.54s/it, -ELBO=0.4266, Potential Metric=0.1982, Entropy Metric=0.0582]

Epoch 87:  59%|█████▉    | 19/32 [00:04<00:02,  4.48it/s][A
Training Epochs:  87%|████████▋ | 87/100 [08:53<01:38,  7.54s/it, -ELBO=0.4495, Potential Metric=0.2024, Entropy Metric=0.0549]

Epoch 87:  62%|██████▎   | 20/32 [00:04<00:02,  4.45it/s][A
Training Epochs:  87%|████████▋ | 87/100 [08:53<01:38,  7.54s/it, -ELBO=0.4432, Potential Metric=0.2025, Entropy Metric=0.0585]

Epoch 87:  66%|██████▌   | 21/32 [00:04<00:02,  4.33it/s][A
Training Epochs:  87%|████████▋ | 87/100 [08:53<01:38,  7.54s/it, -ELBO=0.4374, Potential Metric=0.2106, Entropy Metric=0.0588]

Epoch 87:  69%|██████▉   | 22/32 [00:05<00:02,  4.39it/s][A
Training Epochs:  87%|████████▋ | 87/100 [08:53<01:38,  7.54s/it, -ELBO=0.4275, Potential Metric=0.1979, Entropy Metric=0.0580]

Epoch 87:  72%|███████▏  | 23/32 [00:05<00:02,  4.28it/s][A
Training Epochs:  87%|████████▋ | 87/100 [08:54<01:38,  7.54s/it, -ELBO=0.4434, Potential Metric=0.2086, Entropy Metric=0.0563]

Epoch 87:  75%|███████▌  | 24/32 [00:05<00:01,  4.47it/s][A
Training Epochs:  87%|████████▋ | 87/100 [08:54<01:38,  7.54s/it, -ELBO=0.4205, Potential Metric=0.2002, Entropy Metric=0.0581]

Epoch 87:  78%|███████▊  | 25/32 [00:05<00:01,  4.57it/s][A
Training Epochs:  87%|████████▋ | 87/100 [08:54<01:38,  7.54s/it, -ELBO=0.4858, Potential Metric=0.2000, Entropy Metric=0.0552]

Epoch 87:  81%|████████▏ | 26/32 [00:05<00:01,  4.58it/s][A
Training Epochs:  87%|████████▋ | 87/100 [08:54<01:38,  7.54s/it, -ELBO=0.4226, Potential Metric=0.2052, Entropy Metric=0.0566]

Epoch 87:  84%|████████▍ | 27/32 [00:06<00:01,  4.52it/s][A
Training Epochs:  87%|████████▋ | 87/100 [08:55<01:38,  7.54s/it, -ELBO=0.4427, Potential Metric=0.1988, Entropy Metric=0.0591]

Epoch 87:  88%|████████▊ | 28/32 [00:06<00:00,  4.49it/s][A
Training Epochs:  87%|████████▋ | 87/100 [08:55<01:38,  7.54s/it, -ELBO=0.4614, Potential Metric=0.1920, Entropy Metric=0.0612]

Epoch 87:  91%|█████████ | 29/32 [00:06<00:00,  4.49it/s][A
Training Epochs:  87%|████████▋ | 87/100 [08:55<01:38,  7.54s/it, -ELBO=0.4507, Potential Metric=0.1925, Entropy Metric=0.0606]

Epoch 87:  94%|█████████▍| 30/32 [00:06<00:00,  4.49it/s][A
Training Epochs:  87%|████████▋ | 87/100 [08:55<01:38,  7.54s/it, -ELBO=0.4444, Potential Metric=0.1953, Entropy Metric=0.0588]

Epoch 87:  97%|█████████▋| 31/32 [00:07<00:00,  4.49it/s][A
Training Epochs:  87%|████████▋ | 87/100 [08:55<01:38,  7.54s/it, -ELBO=0.4547, Potential Metric=0.2029, Entropy Metric=0.0606]

Epoch 87: 100%|██████████| 32/32 [00:07<00:00,  4.44it/s][A

                                                         [A
Training Epochs:  88%|████████▊ | 88/100 [08:55<01:30,  7.51s/it, -ELBO=0.4547, Potential Metric=0.2029, Entropy Metric=0.0606]

Epoch 88:   0%|          | 0/32 [00:00<?, ?it/s][A
Training Epochs:  88%|████████▊ | 88/100 [08:56<01:30,  7.51s/it, -ELBO=0.4573, Potential Metric=0.2012, Entropy Metric=0.0576]

Epoch 88:   3%|▎         | 1/32 [00:00<00:08,  3.70it/s][A
Training Epochs:  88%|████████▊ | 88/100 [08:56<01:30,  7.51s/it, -ELBO=0.4672, Potential Metric=0.2158, Entropy Metric=0.0589]

Epoch 88:   6%|▋         | 2/32 [00:00<00:06,  4.29it/s][A
Training Epochs:  88%|████████▊ | 88/100 [08:56<01:30,  7.51s/it, -ELBO=0.4400, Potential Metric=0.2155, Entropy Metric=0.0602]

Epoch 88:   9%|▉         | 3/32 [00:00<00:06,  4.41it/s][A
Training Epochs:  88%|████████▊ | 88/100 [08:57<01:30,  7.51s/it, -ELBO=0.4123, Potential Metric=0.1984, Entropy Metric=0.0640]

Epoch 88:  12%|█▎        | 4/32 [00:00<00:06,  4.43it/s][A
Training Epochs:  88%|████████▊ | 88/100 [08:57<01:30,  7.51s/it, -ELBO=0.4317, Potential Metric=0.2070, Entropy Metric=0.0575]

Epoch 88:  16%|█▌        | 5/32 [00:01<00:06,  4.37it/s][A
Training Epochs:  88%|████████▊ | 88/100 [08:57<01:30,  7.51s/it, -ELBO=0.4118, Potential Metric=0.2078, Entropy Metric=0.0581]

Epoch 88:  19%|█▉        | 6/32 [00:01<00:05,  4.46it/s][A
Training Epochs:  88%|████████▊ | 88/100 [08:57<01:30,  7.51s/it, -ELBO=0.4563, Potential Metric=0.2128, Entropy Metric=0.0588]

Epoch 88:  22%|██▏       | 7/32 [00:01<00:05,  4.38it/s][A
Training Epochs:  88%|████████▊ | 88/100 [08:57<01:30,  7.51s/it, -ELBO=0.4649, Potential Metric=0.2199, Entropy Metric=0.0581]

Epoch 88:  25%|██▌       | 8/32 [00:01<00:05,  4.51it/s][A
Training Epochs:  88%|████████▊ | 88/100 [08:58<01:30,  7.51s/it, -ELBO=0.4296, Potential Metric=0.2156, Entropy Metric=0.0618]

Epoch 88:  28%|██▊       | 9/32 [00:02<00:05,  4.47it/s][A
Training Epochs:  88%|████████▊ | 88/100 [08:58<01:30,  7.51s/it, -ELBO=0.4970, Potential Metric=0.2023, Entropy Metric=0.0632]

Epoch 88:  31%|███▏      | 10/32 [00:02<00:04,  4.50it/s][A
Training Epochs:  88%|████████▊ | 88/100 [08:58<01:30,  7.51s/it, -ELBO=0.4264, Potential Metric=0.1932, Entropy Metric=0.0581]

Epoch 88:  34%|███▍      | 11/32 [00:02<00:04,  4.51it/s][A
Training Epochs:  88%|████████▊ | 88/100 [08:58<01:30,  7.51s/it, -ELBO=0.4580, Potential Metric=0.2052, Entropy Metric=0.0583]

Epoch 88:  38%|███▊      | 12/32 [00:02<00:04,  4.58it/s][A
Training Epochs:  88%|████████▊ | 88/100 [08:59<01:30,  7.51s/it, -ELBO=0.4713, Potential Metric=0.2014, Entropy Metric=0.0586]

Epoch 88:  41%|████      | 13/32 [00:02<00:04,  4.55it/s][A
Training Epochs:  88%|████████▊ | 88/100 [08:59<01:30,  7.51s/it, -ELBO=0.4634, Potential Metric=0.2045, Entropy Metric=0.0621]

Epoch 88:  44%|████▍     | 14/32 [00:03<00:03,  4.58it/s][A
Training Epochs:  88%|████████▊ | 88/100 [08:59<01:30,  7.51s/it, -ELBO=0.4232, Potential Metric=0.2094, Entropy Metric=0.0550]

Epoch 88:  47%|████▋     | 15/32 [00:03<00:03,  4.60it/s][A
Training Epochs:  88%|████████▊ | 88/100 [08:59<01:30,  7.51s/it, -ELBO=0.4917, Potential Metric=0.2033, Entropy Metric=0.0585]

Epoch 88:  50%|█████     | 16/32 [00:03<00:03,  4.55it/s][A
Training Epochs:  88%|████████▊ | 88/100 [08:59<01:30,  7.51s/it, -ELBO=0.4516, Potential Metric=0.2061, Entropy Metric=0.0617]

Epoch 88:  53%|█████▎    | 17/32 [00:03<00:03,  4.52it/s][A
Training Epochs:  88%|████████▊ | 88/100 [09:00<01:30,  7.51s/it, -ELBO=0.4365, Potential Metric=0.1894, Entropy Metric=0.0570]

Epoch 88:  56%|█████▋    | 18/32 [00:04<00:03,  4.54it/s][A
Training Epochs:  88%|████████▊ | 88/100 [09:00<01:30,  7.51s/it, -ELBO=0.4462, Potential Metric=0.2160, Entropy Metric=0.0548]

Epoch 88:  59%|█████▉    | 19/32 [00:04<00:02,  4.43it/s][A
Training Epochs:  88%|████████▊ | 88/100 [09:00<01:30,  7.51s/it, -ELBO=0.4300, Potential Metric=0.2112, Entropy Metric=0.0553]

Epoch 88:  62%|██████▎   | 20/32 [00:04<00:02,  4.51it/s][A
Training Epochs:  88%|████████▊ | 88/100 [09:00<01:30,  7.51s/it, -ELBO=0.4576, Potential Metric=0.2233, Entropy Metric=0.0520]

Epoch 88:  66%|██████▌   | 21/32 [00:04<00:02,  4.30it/s][A
Training Epochs:  88%|████████▊ | 88/100 [09:01<01:30,  7.51s/it, -ELBO=0.4289, Potential Metric=0.1862, Entropy Metric=0.0586]

Epoch 88:  69%|██████▉   | 22/32 [00:04<00:02,  4.33it/s][A
Training Epochs:  88%|████████▊ | 88/100 [09:01<01:30,  7.51s/it, -ELBO=0.4326, Potential Metric=0.1964, Entropy Metric=0.0570]

Epoch 88:  72%|███████▏  | 23/32 [00:05<00:02,  4.36it/s][A
Training Epochs:  88%|████████▊ | 88/100 [09:01<01:30,  7.51s/it, -ELBO=0.4567, Potential Metric=0.2008, Entropy Metric=0.0596]

Epoch 88:  75%|███████▌  | 24/32 [00:05<00:01,  4.35it/s][A
Training Epochs:  88%|████████▊ | 88/100 [09:01<01:30,  7.51s/it, -ELBO=0.4732, Potential Metric=0.2021, Entropy Metric=0.0579]

Epoch 88:  78%|███████▊  | 25/32 [00:05<00:01,  4.40it/s][A
Training Epochs:  88%|████████▊ | 88/100 [09:02<01:30,  7.51s/it, -ELBO=0.4443, Potential Metric=0.1992, Entropy Metric=0.0624]

Epoch 88:  81%|████████▏ | 26/32 [00:05<00:01,  4.36it/s][A
Training Epochs:  88%|████████▊ | 88/100 [09:02<01:30,  7.51s/it, -ELBO=0.4171, Potential Metric=0.2194, Entropy Metric=0.0525]

Epoch 88:  84%|████████▍ | 27/32 [00:06<00:01,  4.39it/s][A
Training Epochs:  88%|████████▊ | 88/100 [09:02<01:30,  7.51s/it, -ELBO=0.4282, Potential Metric=0.2052, Entropy Metric=0.0600]

Epoch 88:  88%|████████▊ | 28/32 [00:06<00:00,  4.42it/s][A
Training Epochs:  88%|████████▊ | 88/100 [09:02<01:30,  7.51s/it, -ELBO=0.4537, Potential Metric=0.1931, Entropy Metric=0.0602]

Epoch 88:  91%|█████████ | 29/32 [00:06<00:00,  4.40it/s][A
Training Epochs:  88%|████████▊ | 88/100 [09:02<01:30,  7.51s/it, -ELBO=0.4660, Potential Metric=0.2054, Entropy Metric=0.0628]

Epoch 88:  94%|█████████▍| 30/32 [00:06<00:00,  4.40it/s][A
Training Epochs:  88%|████████▊ | 88/100 [09:03<01:30,  7.51s/it, -ELBO=0.4614, Potential Metric=0.2080, Entropy Metric=0.0589]

Epoch 88:  97%|█████████▋| 31/32 [00:06<00:00,  4.39it/s][A
Training Epochs:  88%|████████▊ | 88/100 [09:03<01:30,  7.51s/it, -ELBO=0.4313, Potential Metric=0.1867, Entropy Metric=0.0650]

Epoch 88: 100%|██████████| 32/32 [00:07<00:00,  4.41it/s][A

                                                         [A
Training Epochs:  89%|████████▉ | 89/100 [09:03<01:22,  7.49s/it, -ELBO=0.4313, Potential Metric=0.1867, Entropy Metric=0.0650]

Epoch 89:   0%|          | 0/32 [00:00<?, ?it/s][A
Training Epochs:  89%|████████▉ | 89/100 [09:03<01:22,  7.49s/it, -ELBO=0.4250, Potential Metric=0.2050, Entropy Metric=0.0581]

Epoch 89:   3%|▎         | 1/32 [00:00<00:09,  3.39it/s][A
Training Epochs:  89%|████████▉ | 89/100 [09:04<01:22,  7.49s/it, -ELBO=0.4592, Potential Metric=0.1915, Entropy Metric=0.0624]

Epoch 89:   6%|▋         | 2/32 [00:00<00:07,  3.86it/s][A
Training Epochs:  89%|████████▉ | 89/100 [09:04<01:22,  7.49s/it, -ELBO=0.4105, Potential Metric=0.2024, Entropy Metric=0.0604]

Epoch 89:   9%|▉         | 3/32 [00:00<00:07,  4.04it/s][A
Training Epochs:  89%|████████▉ | 89/100 [09:04<01:22,  7.49s/it, -ELBO=0.4548, Potential Metric=0.2111, Entropy Metric=0.0616]

Epoch 89:  12%|█▎        | 4/32 [00:00<00:06,  4.23it/s][A
Training Epochs:  89%|████████▉ | 89/100 [09:04<01:22,  7.49s/it, -ELBO=0.4575, Potential Metric=0.2181, Entropy Metric=0.0631]

Epoch 89:  16%|█▌        | 5/32 [00:01<00:06,  4.36it/s][A
Training Epochs:  89%|████████▉ | 89/100 [09:04<01:22,  7.49s/it, -ELBO=0.4510, Potential Metric=0.2177, Entropy Metric=0.0618]

Epoch 89:  19%|█▉        | 6/32 [00:01<00:06,  4.29it/s][A
Training Epochs:  89%|████████▉ | 89/100 [09:05<01:22,  7.49s/it, -ELBO=0.4464, Potential Metric=0.1990, Entropy Metric=0.0623]

Epoch 89:  22%|██▏       | 7/32 [00:01<00:05,  4.19it/s][A
Training Epochs:  89%|████████▉ | 89/100 [09:05<01:22,  7.49s/it, -ELBO=0.4649, Potential Metric=0.1981, Entropy Metric=0.0645]

Epoch 89:  25%|██▌       | 8/32 [00:01<00:05,  4.19it/s][A
Training Epochs:  89%|████████▉ | 89/100 [09:05<01:22,  7.49s/it, -ELBO=0.4267, Potential Metric=0.2046, Entropy Metric=0.0609]

Epoch 89:  28%|██▊       | 9/32 [00:02<00:05,  4.18it/s][A
Training Epochs:  89%|████████▉ | 89/100 [09:05<01:22,  7.49s/it, -ELBO=0.4440, Potential Metric=0.2021, Entropy Metric=0.0625]

Epoch 89:  31%|███▏      | 10/32 [00:02<00:05,  4.16it/s][A
Training Epochs:  89%|████████▉ | 89/100 [09:06<01:22,  7.49s/it, -ELBO=0.4180, Potential Metric=0.1944, Entropy Metric=0.0604]

Epoch 89:  34%|███▍      | 11/32 [00:02<00:05,  4.18it/s][A
Training Epochs:  89%|████████▉ | 89/100 [09:06<01:22,  7.49s/it, -ELBO=0.4684, Potential Metric=0.2116, Entropy Metric=0.0573]

Epoch 89:  38%|███▊      | 12/32 [00:02<00:04,  4.28it/s][A
Training Epochs:  89%|████████▉ | 89/100 [09:06<01:22,  7.49s/it, -ELBO=0.4546, Potential Metric=0.2003, Entropy Metric=0.0605]

Epoch 89:  41%|████      | 13/32 [00:03<00:04,  4.34it/s][A
Training Epochs:  89%|████████▉ | 89/100 [09:06<01:22,  7.49s/it, -ELBO=0.4092, Potential Metric=0.1880, Entropy Metric=0.0603]

Epoch 89:  44%|████▍     | 14/32 [00:03<00:04,  4.35it/s][A
Training Epochs:  89%|████████▉ | 89/100 [09:07<01:22,  7.49s/it, -ELBO=0.4504, Potential Metric=0.2151, Entropy Metric=0.0592]

Epoch 89:  47%|████▋     | 15/32 [00:03<00:03,  4.33it/s][A
Training Epochs:  89%|████████▉ | 89/100 [09:07<01:22,  7.49s/it, -ELBO=0.4831, Potential Metric=0.1845, Entropy Metric=0.0576]

Epoch 89:  50%|█████     | 16/32 [00:03<00:03,  4.33it/s][A
Training Epochs:  89%|████████▉ | 89/100 [09:07<01:22,  7.49s/it, -ELBO=0.4191, Potential Metric=0.1793, Entropy Metric=0.0601]

Epoch 89:  53%|█████▎    | 17/32 [00:04<00:03,  4.27it/s][A
Training Epochs:  89%|████████▉ | 89/100 [09:07<01:22,  7.49s/it, -ELBO=0.4569, Potential Metric=0.2004, Entropy Metric=0.0593]

Epoch 89:  56%|█████▋    | 18/32 [00:04<00:03,  4.33it/s][A
Training Epochs:  89%|████████▉ | 89/100 [09:08<01:22,  7.49s/it, -ELBO=0.4169, Potential Metric=0.2007, Entropy Metric=0.0601]

Epoch 89:  59%|█████▉    | 19/32 [00:04<00:02,  4.33it/s][A
Training Epochs:  89%|████████▉ | 89/100 [09:08<01:22,  7.49s/it, -ELBO=0.4299, Potential Metric=0.1835, Entropy Metric=0.0572]

Epoch 89:  62%|██████▎   | 20/32 [00:04<00:02,  4.38it/s][A
Training Epochs:  89%|████████▉ | 89/100 [09:08<01:22,  7.49s/it, -ELBO=0.4749, Potential Metric=0.2008, Entropy Metric=0.0621]

Epoch 89:  66%|██████▌   | 21/32 [00:04<00:02,  4.30it/s][A
Training Epochs:  89%|████████▉ | 89/100 [09:08<01:22,  7.49s/it, -ELBO=0.4826, Potential Metric=0.1848, Entropy Metric=0.0559]

Epoch 89:  69%|██████▉   | 22/32 [00:05<00:02,  4.33it/s][A
Training Epochs:  89%|████████▉ | 89/100 [09:08<01:22,  7.49s/it, -ELBO=0.4432, Potential Metric=0.2163, Entropy Metric=0.0600]

Epoch 89:  72%|███████▏  | 23/32 [00:05<00:02,  4.34it/s][A
Training Epochs:  89%|████████▉ | 89/100 [09:09<01:22,  7.49s/it, -ELBO=0.4395, Potential Metric=0.2097, Entropy Metric=0.0613]

Epoch 89:  75%|███████▌  | 24/32 [00:05<00:01,  4.29it/s][A
Training Epochs:  89%|████████▉ | 89/100 [09:09<01:22,  7.49s/it, -ELBO=0.4399, Potential Metric=0.2063, Entropy Metric=0.0604]

Epoch 89:  78%|███████▊  | 25/32 [00:05<00:01,  4.21it/s][A
Training Epochs:  89%|████████▉ | 89/100 [09:09<01:22,  7.49s/it, -ELBO=0.4097, Potential Metric=0.2004, Entropy Metric=0.0593]

Epoch 89:  81%|████████▏ | 26/32 [00:06<00:01,  4.24it/s][A
Training Epochs:  89%|████████▉ | 89/100 [09:09<01:22,  7.49s/it, -ELBO=0.4577, Potential Metric=0.2012, Entropy Metric=0.0612]

Epoch 89:  84%|████████▍ | 27/32 [00:06<00:01,  4.22it/s][A
Training Epochs:  89%|████████▉ | 89/100 [09:10<01:22,  7.49s/it, -ELBO=0.4250, Potential Metric=0.2100, Entropy Metric=0.0588]

Epoch 89:  88%|████████▊ | 28/32 [00:06<00:00,  4.23it/s][A
Training Epochs:  89%|████████▉ | 89/100 [09:10<01:22,  7.49s/it, -ELBO=0.4803, Potential Metric=0.2155, Entropy Metric=0.0664]

Epoch 89:  91%|█████████ | 29/32 [00:06<00:00,  4.17it/s][A
Training Epochs:  89%|████████▉ | 89/100 [09:10<01:22,  7.49s/it, -ELBO=0.4604, Potential Metric=0.2172, Entropy Metric=0.0627]

Epoch 89:  94%|█████████▍| 30/32 [00:07<00:00,  4.19it/s][A
Training Epochs:  89%|████████▉ | 89/100 [09:10<01:22,  7.49s/it, -ELBO=0.4424, Potential Metric=0.2206, Entropy Metric=0.0637]

Epoch 89:  97%|█████████▋| 31/32 [00:07<00:00,  4.18it/s][A
Training Epochs:  89%|████████▉ | 89/100 [09:11<01:22,  7.49s/it, -ELBO=0.4147, Potential Metric=0.2335, Entropy Metric=0.0604]

Epoch 89: 100%|██████████| 32/32 [00:07<00:00,  4.15it/s][A

                                                         [A
Training Epochs:  90%|█████████ | 90/100 [09:11<01:15,  7.56s/it, -ELBO=0.4147, Potential Metric=0.2335, Entropy Metric=0.0604]

Epoch 90:   0%|          | 0/32 [00:00<?, ?it/s][A
Training Epochs:  90%|█████████ | 90/100 [09:11<01:15,  7.56s/it, -ELBO=0.4568, Potential Metric=0.2135, Entropy Metric=0.0607]

Epoch 90:   3%|▎         | 1/32 [00:00<00:08,  3.58it/s][A
Training Epochs:  90%|█████████ | 90/100 [09:11<01:15,  7.56s/it, -ELBO=0.4250, Potential Metric=0.1988, Entropy Metric=0.0553]

Epoch 90:   6%|▋         | 2/32 [00:00<00:07,  4.04it/s][A
Training Epochs:  90%|█████████ | 90/100 [09:12<01:15,  7.56s/it, -ELBO=0.4698, Potential Metric=0.1947, Entropy Metric=0.0564]

Epoch 90:   9%|▉         | 3/32 [00:00<00:08,  3.26it/s][A
Training Epochs:  90%|█████████ | 90/100 [09:12<01:15,  7.56s/it, -ELBO=0.4393, Potential Metric=0.2081, Entropy Metric=0.0638]

Epoch 90:  12%|█▎        | 4/32 [00:01<00:07,  3.65it/s][A
Training Epochs:  90%|█████████ | 90/100 [09:12<01:15,  7.56s/it, -ELBO=0.4413, Potential Metric=0.2020, Entropy Metric=0.0544]

Epoch 90:  16%|█▌        | 5/32 [00:01<00:07,  3.83it/s][A
Training Epochs:  90%|█████████ | 90/100 [09:12<01:15,  7.56s/it, -ELBO=0.4449, Potential Metric=0.2033, Entropy Metric=0.0551]

Epoch 90:  19%|█▉        | 6/32 [00:01<00:06,  4.12it/s][A
Training Epochs:  90%|█████████ | 90/100 [09:13<01:15,  7.56s/it, -ELBO=0.5107, Potential Metric=0.2014, Entropy Metric=0.0599]

Epoch 90:  22%|██▏       | 7/32 [00:01<00:06,  4.04it/s][A
Training Epochs:  90%|█████████ | 90/100 [09:13<01:15,  7.56s/it, -ELBO=0.4332, Potential Metric=0.1979, Entropy Metric=0.0572]

Epoch 90:  25%|██▌       | 8/32 [00:02<00:05,  4.21it/s][A
Training Epochs:  90%|█████████ | 90/100 [09:13<01:15,  7.56s/it, -ELBO=0.4384, Potential Metric=0.1973, Entropy Metric=0.0556]

Epoch 90:  28%|██▊       | 9/32 [00:02<00:05,  4.25it/s][A
Training Epochs:  90%|█████████ | 90/100 [09:13<01:15,  7.56s/it, -ELBO=0.4529, Potential Metric=0.2076, Entropy Metric=0.0579]

Epoch 90:  31%|███▏      | 10/32 [00:02<00:05,  4.26it/s][A
Training Epochs:  90%|█████████ | 90/100 [09:14<01:15,  7.56s/it, -ELBO=0.4692, Potential Metric=0.2001, Entropy Metric=0.0541]

Epoch 90:  34%|███▍      | 11/32 [00:02<00:04,  4.27it/s][A
Training Epochs:  90%|█████████ | 90/100 [09:14<01:15,  7.56s/it, -ELBO=0.4558, Potential Metric=0.1990, Entropy Metric=0.0545]

Epoch 90:  38%|███▊      | 12/32 [00:02<00:04,  4.28it/s][A
Training Epochs:  90%|█████████ | 90/100 [09:14<01:15,  7.56s/it, -ELBO=0.4089, Potential Metric=0.1945, Entropy Metric=0.0538]

Epoch 90:  41%|████      | 13/32 [00:03<00:04,  4.24it/s][A
Training Epochs:  90%|█████████ | 90/100 [09:14<01:15,  7.56s/it, -ELBO=0.4614, Potential Metric=0.2012, Entropy Metric=0.0598]

Epoch 90:  44%|████▍     | 14/32 [00:03<00:04,  4.25it/s][A
Training Epochs:  90%|█████████ | 90/100 [09:14<01:15,  7.56s/it, -ELBO=0.4808, Potential Metric=0.1906, Entropy Metric=0.0599]

Epoch 90:  47%|████▋     | 15/32 [00:03<00:04,  4.05it/s][A
Training Epochs:  90%|█████████ | 90/100 [09:15<01:15,  7.56s/it, -ELBO=0.4590, Potential Metric=0.1969, Entropy Metric=0.0588]

Epoch 90:  50%|█████     | 16/32 [00:03<00:04,  3.97it/s][A
Training Epochs:  90%|█████████ | 90/100 [09:15<01:15,  7.56s/it, -ELBO=0.4138, Potential Metric=0.2136, Entropy Metric=0.0645]

Epoch 90:  53%|█████▎    | 17/32 [00:04<00:03,  3.98it/s][A
Training Epochs:  90%|█████████ | 90/100 [09:15<01:15,  7.56s/it, -ELBO=0.4055, Potential Metric=0.1977, Entropy Metric=0.0572]

Epoch 90:  56%|█████▋    | 18/32 [00:04<00:03,  4.03it/s][A
Training Epochs:  90%|█████████ | 90/100 [09:15<01:15,  7.56s/it, -ELBO=0.4319, Potential Metric=0.2014, Entropy Metric=0.0620]

Epoch 90:  59%|█████▉    | 19/32 [00:04<00:03,  4.03it/s][A
Training Epochs:  90%|█████████ | 90/100 [09:16<01:15,  7.56s/it, -ELBO=0.4341, Potential Metric=0.1847, Entropy Metric=0.0573]

Epoch 90:  62%|██████▎   | 20/32 [00:04<00:02,  4.13it/s][A
Training Epochs:  90%|█████████ | 90/100 [09:16<01:15,  7.56s/it, -ELBO=0.4265, Potential Metric=0.2140, Entropy Metric=0.0598]

Epoch 90:  66%|██████▌   | 21/32 [00:05<00:02,  4.22it/s][A
Training Epochs:  90%|█████████ | 90/100 [09:16<01:15,  7.56s/it, -ELBO=0.4159, Potential Metric=0.1961, Entropy Metric=0.0608]

Epoch 90:  69%|██████▉   | 22/32 [00:05<00:02,  4.20it/s][A
Training Epochs:  90%|█████████ | 90/100 [09:16<01:15,  7.56s/it, -ELBO=0.4505, Potential Metric=0.2103, Entropy Metric=0.0603]

Epoch 90:  72%|███████▏  | 23/32 [00:05<00:02,  4.17it/s][A
Training Epochs:  90%|█████████ | 90/100 [09:17<01:15,  7.56s/it, -ELBO=0.4114, Potential Metric=0.2104, Entropy Metric=0.0634]

Epoch 90:  75%|███████▌  | 24/32 [00:05<00:01,  4.22it/s][A
Training Epochs:  90%|█████████ | 90/100 [09:17<01:15,  7.56s/it, -ELBO=0.4299, Potential Metric=0.2219, Entropy Metric=0.0594]

Epoch 90:  78%|███████▊  | 25/32 [00:06<00:01,  4.22it/s][A
Training Epochs:  90%|█████████ | 90/100 [09:17<01:15,  7.56s/it, -ELBO=0.4551, Potential Metric=0.2045, Entropy Metric=0.0611]

Epoch 90:  81%|████████▏ | 26/32 [00:06<00:01,  4.19it/s][A
Training Epochs:  90%|█████████ | 90/100 [09:17<01:15,  7.56s/it, -ELBO=0.4193, Potential Metric=0.2005, Entropy Metric=0.0551]

Epoch 90:  84%|████████▍ | 27/32 [00:06<00:01,  4.27it/s][A
Training Epochs:  90%|█████████ | 90/100 [09:18<01:15,  7.56s/it, -ELBO=0.4422, Potential Metric=0.2251, Entropy Metric=0.0580]

Epoch 90:  88%|████████▊ | 28/32 [00:06<00:00,  4.21it/s][A
Training Epochs:  90%|█████████ | 90/100 [09:18<01:15,  7.56s/it, -ELBO=0.4321, Potential Metric=0.2146, Entropy Metric=0.0594]

Epoch 90:  91%|█████████ | 29/32 [00:07<00:00,  4.22it/s][A
Training Epochs:  90%|█████████ | 90/100 [09:18<01:15,  7.56s/it, -ELBO=0.4495, Potential Metric=0.2174, Entropy Metric=0.0559]

Epoch 90:  94%|█████████▍| 30/32 [00:07<00:00,  4.38it/s][A
Training Epochs:  90%|█████████ | 90/100 [09:18<01:15,  7.56s/it, -ELBO=0.4210, Potential Metric=0.2135, Entropy Metric=0.0593]

Epoch 90:  97%|█████████▋| 31/32 [00:07<00:00,  4.45it/s][A
Training Epochs:  90%|█████████ | 90/100 [09:19<01:15,  7.56s/it, -ELBO=0.4840, Potential Metric=0.2057, Entropy Metric=0.0618]

Epoch 90: 100%|██████████| 32/32 [00:07<00:00,  4.30it/s][A

                                                         [A
Training Epochs:  91%|█████████ | 91/100 [09:19<01:08,  7.66s/it, -ELBO=0.4840, Potential Metric=0.2057, Entropy Metric=0.0618]

Epoch 91:   0%|          | 0/32 [00:00<?, ?it/s][A
Training Epochs:  91%|█████████ | 91/100 [09:19<01:08,  7.66s/it, -ELBO=0.4346, Potential Metric=0.2071, Entropy Metric=0.0593]

Epoch 91:   3%|▎         | 1/32 [00:00<00:09,  3.31it/s][A
Training Epochs:  91%|█████████ | 91/100 [09:19<01:08,  7.66s/it, -ELBO=0.4066, Potential Metric=0.1960, Entropy Metric=0.0602]

Epoch 91:   6%|▋         | 2/32 [00:00<00:07,  3.83it/s][A
Training Epochs:  91%|█████████ | 91/100 [09:19<01:08,  7.66s/it, -ELBO=0.4230, Potential Metric=0.2239, Entropy Metric=0.0613]

Epoch 91:   9%|▉         | 3/32 [00:00<00:06,  4.15it/s][A
Training Epochs:  91%|█████████ | 91/100 [09:20<01:08,  7.66s/it, -ELBO=0.4401, Potential Metric=0.2152, Entropy Metric=0.0628]

Epoch 91:  12%|█▎        | 4/32 [00:00<00:06,  4.28it/s][A
Training Epochs:  91%|█████████ | 91/100 [09:20<01:08,  7.66s/it, -ELBO=0.4379, Potential Metric=0.2135, Entropy Metric=0.0567]

Epoch 91:  16%|█▌        | 5/32 [00:01<00:06,  4.24it/s][A
Training Epochs:  91%|█████████ | 91/100 [09:20<01:08,  7.66s/it, -ELBO=0.4648, Potential Metric=0.2080, Entropy Metric=0.0582]

Epoch 91:  19%|█▉        | 6/32 [00:01<00:06,  4.24it/s][A
Training Epochs:  91%|█████████ | 91/100 [09:20<01:08,  7.66s/it, -ELBO=0.4349, Potential Metric=0.2001, Entropy Metric=0.0566]

Epoch 91:  22%|██▏       | 7/32 [00:01<00:05,  4.22it/s][A
Training Epochs:  91%|█████████ | 91/100 [09:21<01:08,  7.66s/it, -ELBO=0.4267, Potential Metric=0.1839, Entropy Metric=0.0577]

Epoch 91:  25%|██▌       | 8/32 [00:01<00:05,  4.30it/s][A
Training Epochs:  91%|█████████ | 91/100 [09:21<01:08,  7.66s/it, -ELBO=0.4501, Potential Metric=0.2029, Entropy Metric=0.0597]

Epoch 91:  28%|██▊       | 9/32 [00:02<00:05,  4.39it/s][A
Training Epochs:  91%|█████████ | 91/100 [09:21<01:08,  7.66s/it, -ELBO=0.4557, Potential Metric=0.2103, Entropy Metric=0.0583]

Epoch 91:  31%|███▏      | 10/32 [00:02<00:05,  4.29it/s][A
Training Epochs:  91%|█████████ | 91/100 [09:21<01:08,  7.66s/it, -ELBO=0.4572, Potential Metric=0.1996, Entropy Metric=0.0560]

Epoch 91:  34%|███▍      | 11/32 [00:02<00:04,  4.21it/s][A
Training Epochs:  91%|█████████ | 91/100 [09:22<01:08,  7.66s/it, -ELBO=0.4392, Potential Metric=0.2077, Entropy Metric=0.0562]

Epoch 91:  38%|███▊      | 12/32 [00:02<00:04,  4.24it/s][A
Training Epochs:  91%|█████████ | 91/100 [09:22<01:08,  7.66s/it, -ELBO=0.4733, Potential Metric=0.2135, Entropy Metric=0.0575]

Epoch 91:  41%|████      | 13/32 [00:03<00:04,  4.21it/s][A
Training Epochs:  91%|█████████ | 91/100 [09:22<01:08,  7.66s/it, -ELBO=0.4396, Potential Metric=0.2122, Entropy Metric=0.0597]

Epoch 91:  44%|████▍     | 14/32 [00:03<00:04,  4.29it/s][A
Training Epochs:  91%|█████████ | 91/100 [09:22<01:08,  7.66s/it, -ELBO=0.4482, Potential Metric=0.2140, Entropy Metric=0.0610]

Epoch 91:  47%|████▋     | 15/32 [00:03<00:04,  4.23it/s][A
Training Epochs:  91%|█████████ | 91/100 [09:22<01:08,  7.66s/it, -ELBO=0.4194, Potential Metric=0.2216, Entropy Metric=0.0613]

Epoch 91:  50%|█████     | 16/32 [00:03<00:03,  4.25it/s][A
Training Epochs:  91%|█████████ | 91/100 [09:23<01:08,  7.66s/it, -ELBO=0.4371, Potential Metric=0.2127, Entropy Metric=0.0627]

Epoch 91:  53%|█████▎    | 17/32 [00:04<00:03,  4.23it/s][A
Training Epochs:  91%|█████████ | 91/100 [09:23<01:08,  7.66s/it, -ELBO=0.4364, Potential Metric=0.1863, Entropy Metric=0.0567]

Epoch 91:  56%|█████▋    | 18/32 [00:04<00:03,  4.25it/s][A
Training Epochs:  91%|█████████ | 91/100 [09:23<01:08,  7.66s/it, -ELBO=0.4708, Potential Metric=0.2003, Entropy Metric=0.0571]

Epoch 91:  59%|█████▉    | 19/32 [00:04<00:03,  4.24it/s][A
Training Epochs:  91%|█████████ | 91/100 [09:23<01:08,  7.66s/it, -ELBO=0.4259, Potential Metric=0.1976, Entropy Metric=0.0571]

Epoch 91:  62%|██████▎   | 20/32 [00:04<00:02,  4.31it/s][A
Training Epochs:  91%|█████████ | 91/100 [09:24<01:08,  7.66s/it, -ELBO=0.4264, Potential Metric=0.2141, Entropy Metric=0.0571]

Epoch 91:  66%|██████▌   | 21/32 [00:04<00:02,  4.24it/s][A
Training Epochs:  91%|█████████ | 91/100 [09:24<01:08,  7.66s/it, -ELBO=0.4332, Potential Metric=0.1925, Entropy Metric=0.0595]

Epoch 91:  69%|██████▉   | 22/32 [00:05<00:02,  4.12it/s][A
Training Epochs:  91%|█████████ | 91/100 [09:24<01:08,  7.66s/it, -ELBO=0.4380, Potential Metric=0.2053, Entropy Metric=0.0565]

Epoch 91:  72%|███████▏  | 23/32 [00:05<00:02,  4.24it/s][A
Training Epochs:  91%|█████████ | 91/100 [09:24<01:08,  7.66s/it, -ELBO=0.4207, Potential Metric=0.2203, Entropy Metric=0.0599]

Epoch 91:  75%|███████▌  | 24/32 [00:05<00:01,  4.27it/s][A
Training Epochs:  91%|█████████ | 91/100 [09:25<01:08,  7.66s/it, -ELBO=0.4273, Potential Metric=0.2004, Entropy Metric=0.0594]

Epoch 91:  78%|███████▊  | 25/32 [00:05<00:01,  4.24it/s][A
Training Epochs:  91%|█████████ | 91/100 [09:25<01:08,  7.66s/it, -ELBO=0.4425, Potential Metric=0.1882, Entropy Metric=0.0565]

Epoch 91:  81%|████████▏ | 26/32 [00:06<00:01,  4.24it/s][A
Training Epochs:  91%|█████████ | 91/100 [09:25<01:08,  7.66s/it, -ELBO=0.4122, Potential Metric=0.1807, Entropy Metric=0.0656]

Epoch 91:  84%|████████▍ | 27/32 [00:06<00:01,  4.27it/s][A
Training Epochs:  91%|█████████ | 91/100 [09:25<01:08,  7.66s/it, -ELBO=0.4808, Potential Metric=0.1998, Entropy Metric=0.0630]

Epoch 91:  88%|████████▊ | 28/32 [00:06<00:00,  4.30it/s][A
Training Epochs:  91%|█████████ | 91/100 [09:26<01:08,  7.66s/it, -ELBO=0.4326, Potential Metric=0.1871, Entropy Metric=0.0586]

Epoch 91:  91%|█████████ | 29/32 [00:06<00:00,  4.24it/s][A
Training Epochs:  91%|█████████ | 91/100 [09:26<01:08,  7.66s/it, -ELBO=0.4240, Potential Metric=0.2075, Entropy Metric=0.0610]

Epoch 91:  94%|█████████▍| 30/32 [00:07<00:00,  4.23it/s][A
Training Epochs:  91%|█████████ | 91/100 [09:26<01:08,  7.66s/it, -ELBO=0.4645, Potential Metric=0.1887, Entropy Metric=0.0583]

Epoch 91:  97%|█████████▋| 31/32 [00:07<00:00,  4.39it/s][A
Training Epochs:  91%|█████████ | 91/100 [09:26<01:08,  7.66s/it, -ELBO=0.4059, Potential Metric=0.2119, Entropy Metric=0.0626]

Epoch 91: 100%|██████████| 32/32 [00:07<00:00,  4.38it/s][A

                                                         [A
Training Epochs:  92%|█████████▏| 92/100 [09:26<01:01,  7.67s/it, -ELBO=0.4059, Potential Metric=0.2119, Entropy Metric=0.0626]

Epoch 92:   0%|          | 0/32 [00:00<?, ?it/s][A
Training Epochs:  92%|█████████▏| 92/100 [09:27<01:01,  7.67s/it, -ELBO=0.4212, Potential Metric=0.2161, Entropy Metric=0.0600]

Epoch 92:   3%|▎         | 1/32 [00:00<00:08,  3.56it/s][A
Training Epochs:  92%|█████████▏| 92/100 [09:27<01:01,  7.67s/it, -ELBO=0.4368, Potential Metric=0.2009, Entropy Metric=0.0621]

Epoch 92:   6%|▋         | 2/32 [00:00<00:07,  3.94it/s][A
Training Epochs:  92%|█████████▏| 92/100 [09:27<01:01,  7.67s/it, -ELBO=0.4754, Potential Metric=0.2136, Entropy Metric=0.0663]

Epoch 92:   9%|▉         | 3/32 [00:00<00:07,  4.09it/s][A
Training Epochs:  92%|█████████▏| 92/100 [09:27<01:01,  7.67s/it, -ELBO=0.4193, Potential Metric=0.1902, Entropy Metric=0.0614]

Epoch 92:  12%|█▎        | 4/32 [00:00<00:06,  4.20it/s][A
Training Epochs:  92%|█████████▏| 92/100 [09:28<01:01,  7.67s/it, -ELBO=0.4423, Potential Metric=0.2154, Entropy Metric=0.0619]

Epoch 92:  16%|█▌        | 5/32 [00:01<00:06,  4.19it/s][A
Training Epochs:  92%|█████████▏| 92/100 [09:28<01:01,  7.67s/it, -ELBO=0.4394, Potential Metric=0.2283, Entropy Metric=0.0611]

Epoch 92:  19%|█▉        | 6/32 [00:01<00:06,  4.26it/s][A
Training Epochs:  92%|█████████▏| 92/100 [09:28<01:01,  7.67s/it, -ELBO=0.3953, Potential Metric=0.2043, Entropy Metric=0.0583]

Epoch 92:  22%|██▏       | 7/32 [00:01<00:05,  4.29it/s][A
Training Epochs:  92%|█████████▏| 92/100 [09:28<01:01,  7.67s/it, -ELBO=0.4139, Potential Metric=0.1970, Entropy Metric=0.0571]

Epoch 92:  25%|██▌       | 8/32 [00:01<00:05,  4.30it/s][A
Training Epochs:  92%|█████████▏| 92/100 [09:29<01:01,  7.67s/it, -ELBO=0.4284, Potential Metric=0.2082, Entropy Metric=0.0595]

Epoch 92:  28%|██▊       | 9/32 [00:02<00:05,  4.37it/s][A
Training Epochs:  92%|█████████▏| 92/100 [09:29<01:01,  7.67s/it, -ELBO=0.4428, Potential Metric=0.1849, Entropy Metric=0.0595]

Epoch 92:  31%|███▏      | 10/32 [00:02<00:05,  4.28it/s][A
Training Epochs:  92%|█████████▏| 92/100 [09:29<01:01,  7.67s/it, -ELBO=0.4413, Potential Metric=0.1783, Entropy Metric=0.0629]

Epoch 92:  34%|███▍      | 11/32 [00:02<00:05,  4.20it/s][A
Training Epochs:  92%|█████████▏| 92/100 [09:29<01:01,  7.67s/it, -ELBO=0.4468, Potential Metric=0.1932, Entropy Metric=0.0603]

Epoch 92:  38%|███▊      | 12/32 [00:02<00:04,  4.19it/s][A
Training Epochs:  92%|█████████▏| 92/100 [09:30<01:01,  7.67s/it, -ELBO=0.4277, Potential Metric=0.1948, Entropy Metric=0.0626]

Epoch 92:  41%|████      | 13/32 [00:03<00:04,  4.15it/s][A
Training Epochs:  92%|█████████▏| 92/100 [09:30<01:01,  7.67s/it, -ELBO=0.4534, Potential Metric=0.2010, Entropy Metric=0.0637]

Epoch 92:  44%|████▍     | 14/32 [00:03<00:04,  4.18it/s][A
Training Epochs:  92%|█████████▏| 92/100 [09:30<01:01,  7.67s/it, -ELBO=0.4493, Potential Metric=0.1974, Entropy Metric=0.0669]

Epoch 92:  47%|████▋     | 15/32 [00:03<00:04,  4.24it/s][A
Training Epochs:  92%|█████████▏| 92/100 [09:30<01:01,  7.67s/it, -ELBO=0.4355, Potential Metric=0.1929, Entropy Metric=0.0639]

Epoch 92:  50%|█████     | 16/32 [00:03<00:03,  4.29it/s][A
Training Epochs:  92%|█████████▏| 92/100 [09:30<01:01,  7.67s/it, -ELBO=0.4778, Potential Metric=0.1905, Entropy Metric=0.0629]

Epoch 92:  53%|█████▎    | 17/32 [00:04<00:03,  4.34it/s][A
Training Epochs:  92%|█████████▏| 92/100 [09:31<01:01,  7.67s/it, -ELBO=0.4203, Potential Metric=0.2100, Entropy Metric=0.0580]

Epoch 92:  56%|█████▋    | 18/32 [00:04<00:03,  4.30it/s][A
Training Epochs:  92%|█████████▏| 92/100 [09:31<01:01,  7.67s/it, -ELBO=0.4287, Potential Metric=0.2027, Entropy Metric=0.0626]

Epoch 92:  59%|█████▉    | 19/32 [00:04<00:03,  4.23it/s][A
Training Epochs:  92%|█████████▏| 92/100 [09:31<01:01,  7.67s/it, -ELBO=0.4592, Potential Metric=0.2087, Entropy Metric=0.0546]

Epoch 92:  62%|██████▎   | 20/32 [00:04<00:02,  4.27it/s][A
Training Epochs:  92%|█████████▏| 92/100 [09:31<01:01,  7.67s/it, -ELBO=0.4473, Potential Metric=0.2066, Entropy Metric=0.0551]

Epoch 92:  66%|██████▌   | 21/32 [00:04<00:02,  4.33it/s][A
Training Epochs:  92%|█████████▏| 92/100 [09:32<01:01,  7.67s/it, -ELBO=0.4138, Potential Metric=0.1967, Entropy Metric=0.0542]

Epoch 92:  69%|██████▉   | 22/32 [00:05<00:02,  4.28it/s][A
Training Epochs:  92%|█████████▏| 92/100 [09:32<01:01,  7.67s/it, -ELBO=0.4509, Potential Metric=0.2106, Entropy Metric=0.0618]

Epoch 92:  72%|███████▏  | 23/32 [00:05<00:02,  4.23it/s][A
Training Epochs:  92%|█████████▏| 92/100 [09:32<01:01,  7.67s/it, -ELBO=0.4422, Potential Metric=0.1979, Entropy Metric=0.0608]

Epoch 92:  75%|███████▌  | 24/32 [00:05<00:01,  4.17it/s][A
Training Epochs:  92%|█████████▏| 92/100 [09:32<01:01,  7.67s/it, -ELBO=0.4359, Potential Metric=0.1977, Entropy Metric=0.0603]

Epoch 92:  78%|███████▊  | 25/32 [00:05<00:01,  4.18it/s][A
Training Epochs:  92%|█████████▏| 92/100 [09:33<01:01,  7.67s/it, -ELBO=0.4709, Potential Metric=0.2085, Entropy Metric=0.0584]

Epoch 92:  81%|████████▏ | 26/32 [00:06<00:01,  4.21it/s][A
Training Epochs:  92%|█████████▏| 92/100 [09:33<01:01,  7.67s/it, -ELBO=0.4139, Potential Metric=0.1993, Entropy Metric=0.0595]

Epoch 92:  84%|████████▍ | 27/32 [00:06<00:01,  4.12it/s][A
Training Epochs:  92%|█████████▏| 92/100 [09:33<01:01,  7.67s/it, -ELBO=0.4560, Potential Metric=0.2041, Entropy Metric=0.0605]

Epoch 92:  88%|████████▊ | 28/32 [00:06<00:00,  4.07it/s][A
Training Epochs:  92%|█████████▏| 92/100 [09:33<01:01,  7.67s/it, -ELBO=0.4246, Potential Metric=0.2130, Entropy Metric=0.0617]

Epoch 92:  91%|█████████ | 29/32 [00:06<00:00,  4.20it/s][A
Training Epochs:  92%|█████████▏| 92/100 [09:34<01:01,  7.67s/it, -ELBO=0.4495, Potential Metric=0.1919, Entropy Metric=0.0613]

Epoch 92:  94%|█████████▍| 30/32 [00:07<00:00,  4.11it/s][A
Training Epochs:  92%|█████████▏| 92/100 [09:34<01:01,  7.67s/it, -ELBO=0.3990, Potential Metric=0.2172, Entropy Metric=0.0570]

Epoch 92:  97%|█████████▋| 31/32 [00:07<00:00,  4.15it/s][A
Training Epochs:  92%|█████████▏| 92/100 [09:34<01:01,  7.67s/it, -ELBO=0.4353, Potential Metric=0.1898, Entropy Metric=0.0591]

Epoch 92: 100%|██████████| 32/32 [00:07<00:00,  4.15it/s][A

                                                         [A
Training Epochs:  93%|█████████▎| 93/100 [09:34<00:54,  7.72s/it, -ELBO=0.4353, Potential Metric=0.1898, Entropy Metric=0.0591]

Epoch 93:   0%|          | 0/32 [00:00<?, ?it/s][A
Training Epochs:  93%|█████████▎| 93/100 [09:34<00:54,  7.72s/it, -ELBO=0.4299, Potential Metric=0.2049, Entropy Metric=0.0577]

Epoch 93:   3%|▎         | 1/32 [00:00<00:08,  3.64it/s][A
Training Epochs:  93%|█████████▎| 93/100 [09:35<00:54,  7.72s/it, -ELBO=0.4202, Potential Metric=0.1822, Entropy Metric=0.0592]

Epoch 93:   6%|▋         | 2/32 [00:00<00:07,  4.11it/s][A
Training Epochs:  93%|█████████▎| 93/100 [09:35<00:54,  7.72s/it, -ELBO=0.4340, Potential Metric=0.1984, Entropy Metric=0.0574]

Epoch 93:   9%|▉         | 3/32 [00:00<00:06,  4.18it/s][A
Training Epochs:  93%|█████████▎| 93/100 [09:35<00:54,  7.72s/it, -ELBO=0.4286, Potential Metric=0.1978, Entropy Metric=0.0552]

Epoch 93:  12%|█▎        | 4/32 [00:00<00:06,  4.23it/s][A
Training Epochs:  93%|█████████▎| 93/100 [09:35<00:54,  7.72s/it, -ELBO=0.4294, Potential Metric=0.1969, Entropy Metric=0.0591]

Epoch 93:  16%|█▌        | 5/32 [00:01<00:06,  4.14it/s][A
Training Epochs:  93%|█████████▎| 93/100 [09:36<00:54,  7.72s/it, -ELBO=0.4200, Potential Metric=0.1727, Entropy Metric=0.0602]

Epoch 93:  19%|█▉        | 6/32 [00:01<00:06,  4.21it/s][A
Training Epochs:  93%|█████████▎| 93/100 [09:36<00:54,  7.72s/it, -ELBO=0.4614, Potential Metric=0.2035, Entropy Metric=0.0626]

Epoch 93:  22%|██▏       | 7/32 [00:01<00:05,  4.20it/s][A
Training Epochs:  93%|█████████▎| 93/100 [09:36<00:54,  7.72s/it, -ELBO=0.4047, Potential Metric=0.1995, Entropy Metric=0.0590]

Epoch 93:  25%|██▌       | 8/32 [00:01<00:05,  4.14it/s][A
Training Epochs:  93%|█████████▎| 93/100 [09:36<00:54,  7.72s/it, -ELBO=0.4179, Potential Metric=0.2166, Entropy Metric=0.0591]

Epoch 93:  28%|██▊       | 9/32 [00:02<00:05,  4.17it/s][A
Training Epochs:  93%|█████████▎| 93/100 [09:37<00:54,  7.72s/it, -ELBO=0.4767, Potential Metric=0.2152, Entropy Metric=0.0574]

Epoch 93:  31%|███▏      | 10/32 [00:02<00:05,  4.25it/s][A
Training Epochs:  93%|█████████▎| 93/100 [09:37<00:54,  7.72s/it, -ELBO=0.4279, Potential Metric=0.1947, Entropy Metric=0.0566]

Epoch 93:  34%|███▍      | 11/32 [00:02<00:04,  4.21it/s][A
Training Epochs:  93%|█████████▎| 93/100 [09:37<00:54,  7.72s/it, -ELBO=0.4327, Potential Metric=0.1985, Entropy Metric=0.0613]

Epoch 93:  38%|███▊      | 12/32 [00:02<00:04,  4.29it/s][A
Training Epochs:  93%|█████████▎| 93/100 [09:37<00:54,  7.72s/it, -ELBO=0.4604, Potential Metric=0.1889, Entropy Metric=0.0579]

Epoch 93:  41%|████      | 13/32 [00:03<00:04,  4.17it/s][A
Training Epochs:  93%|█████████▎| 93/100 [09:38<00:54,  7.72s/it, -ELBO=0.4376, Potential Metric=0.2184, Entropy Metric=0.0598]

Epoch 93:  44%|████▍     | 14/32 [00:03<00:04,  4.12it/s][A
Training Epochs:  93%|█████████▎| 93/100 [09:38<00:54,  7.72s/it, -ELBO=0.4445, Potential Metric=0.1869, Entropy Metric=0.0575]

Epoch 93:  47%|████▋     | 15/32 [00:03<00:04,  4.23it/s][A
Training Epochs:  93%|█████████▎| 93/100 [09:38<00:54,  7.72s/it, -ELBO=0.4057, Potential Metric=0.2152, Entropy Metric=0.0577]

Epoch 93:  50%|█████     | 16/32 [00:03<00:03,  4.31it/s][A
Training Epochs:  93%|█████████▎| 93/100 [09:38<00:54,  7.72s/it, -ELBO=0.4235, Potential Metric=0.2079, Entropy Metric=0.0638]

Epoch 93:  53%|█████▎    | 17/32 [00:04<00:03,  4.16it/s][A
Training Epochs:  93%|█████████▎| 93/100 [09:39<00:54,  7.72s/it, -ELBO=0.4052, Potential Metric=0.2085, Entropy Metric=0.0595]

Epoch 93:  56%|█████▋    | 18/32 [00:04<00:03,  4.21it/s][A
Training Epochs:  93%|█████████▎| 93/100 [09:39<00:54,  7.72s/it, -ELBO=0.4430, Potential Metric=0.2026, Entropy Metric=0.0630]

Epoch 93:  59%|█████▉    | 19/32 [00:04<00:03,  4.29it/s][A
Training Epochs:  93%|█████████▎| 93/100 [09:39<00:54,  7.72s/it, -ELBO=0.4242, Potential Metric=0.2097, Entropy Metric=0.0579]

Epoch 93:  62%|██████▎   | 20/32 [00:04<00:02,  4.26it/s][A
Training Epochs:  93%|█████████▎| 93/100 [09:39<00:54,  7.72s/it, -ELBO=0.4171, Potential Metric=0.1829, Entropy Metric=0.0583]

Epoch 93:  66%|██████▌   | 21/32 [00:04<00:02,  4.32it/s][A
Training Epochs:  93%|█████████▎| 93/100 [09:39<00:54,  7.72s/it, -ELBO=0.4362, Potential Metric=0.1967, Entropy Metric=0.0595]

Epoch 93:  69%|██████▉   | 22/32 [00:05<00:02,  4.29it/s][A
Training Epochs:  93%|█████████▎| 93/100 [09:40<00:54,  7.72s/it, -ELBO=0.4335, Potential Metric=0.2055, Entropy Metric=0.0608]

Epoch 93:  72%|███████▏  | 23/32 [00:05<00:02,  4.33it/s][A
Training Epochs:  93%|█████████▎| 93/100 [09:40<00:54,  7.72s/it, -ELBO=0.4039, Potential Metric=0.1891, Entropy Metric=0.0618]

Epoch 93:  75%|███████▌  | 24/32 [00:05<00:01,  4.32it/s][A
Training Epochs:  93%|█████████▎| 93/100 [09:40<00:54,  7.72s/it, -ELBO=0.4774, Potential Metric=0.1939, Entropy Metric=0.0620]

Epoch 93:  78%|███████▊  | 25/32 [00:05<00:01,  4.25it/s][A
Training Epochs:  93%|█████████▎| 93/100 [09:40<00:54,  7.72s/it, -ELBO=0.4418, Potential Metric=0.2073, Entropy Metric=0.0620]

Epoch 93:  81%|████████▏ | 26/32 [00:06<00:01,  4.27it/s][A
Training Epochs:  93%|█████████▎| 93/100 [09:41<00:54,  7.72s/it, -ELBO=0.4519, Potential Metric=0.2029, Entropy Metric=0.0605]

Epoch 93:  84%|████████▍ | 27/32 [00:06<00:01,  4.30it/s][A
Training Epochs:  93%|█████████▎| 93/100 [09:41<00:54,  7.72s/it, -ELBO=0.4471, Potential Metric=0.1872, Entropy Metric=0.0618]

Epoch 93:  88%|████████▊ | 28/32 [00:06<00:00,  4.31it/s][A
Training Epochs:  93%|█████████▎| 93/100 [09:41<00:54,  7.72s/it, -ELBO=0.4426, Potential Metric=0.2117, Entropy Metric=0.0609]

Epoch 93:  91%|█████████ | 29/32 [00:06<00:00,  4.27it/s][A
Training Epochs:  93%|█████████▎| 93/100 [09:41<00:54,  7.72s/it, -ELBO=0.4300, Potential Metric=0.1980, Entropy Metric=0.0629]

Epoch 93:  94%|█████████▍| 30/32 [00:07<00:00,  4.26it/s][A
Training Epochs:  93%|█████████▎| 93/100 [09:42<00:54,  7.72s/it, -ELBO=0.4478, Potential Metric=0.2062, Entropy Metric=0.0610]

Epoch 93:  97%|█████████▋| 31/32 [00:07<00:00,  4.18it/s][A
Training Epochs:  93%|█████████▎| 93/100 [09:42<00:54,  7.72s/it, -ELBO=0.4434, Potential Metric=0.1992, Entropy Metric=0.0591]

Epoch 93: 100%|██████████| 32/32 [00:07<00:00,  3.52it/s][A

                                                         [A
Training Epochs:  94%|█████████▍| 94/100 [09:42<00:46,  7.78s/it, -ELBO=0.4434, Potential Metric=0.1992, Entropy Metric=0.0591]

Epoch 94:   0%|          | 0/32 [00:00<?, ?it/s][A
Training Epochs:  94%|█████████▍| 94/100 [09:42<00:46,  7.78s/it, -ELBO=0.4159, Potential Metric=0.2169, Entropy Metric=0.0631]

Epoch 94:   3%|▎         | 1/32 [00:00<00:08,  3.58it/s][A
Training Epochs:  94%|█████████▍| 94/100 [09:43<00:46,  7.78s/it, -ELBO=0.4437, Potential Metric=0.1934, Entropy Metric=0.0619]

Epoch 94:   6%|▋         | 2/32 [00:00<00:07,  3.96it/s][A
Training Epochs:  94%|█████████▍| 94/100 [09:43<00:46,  7.78s/it, -ELBO=0.4485, Potential Metric=0.2099, Entropy Metric=0.0599]

Epoch 94:   9%|▉         | 3/32 [00:00<00:06,  4.18it/s][A
Training Epochs:  94%|█████████▍| 94/100 [09:43<00:46,  7.78s/it, -ELBO=0.4182, Potential Metric=0.1930, Entropy Metric=0.0596]

Epoch 94:  12%|█▎        | 4/32 [00:00<00:06,  4.13it/s][A
Training Epochs:  94%|█████████▍| 94/100 [09:43<00:46,  7.78s/it, -ELBO=0.4406, Potential Metric=0.1898, Entropy Metric=0.0625]

Epoch 94:  16%|█▌        | 5/32 [00:01<00:06,  4.13it/s][A
Training Epochs:  94%|█████████▍| 94/100 [09:44<00:46,  7.78s/it, -ELBO=0.4502, Potential Metric=0.2027, Entropy Metric=0.0618]

Epoch 94:  19%|█▉        | 6/32 [00:01<00:06,  4.28it/s][A
Training Epochs:  94%|█████████▍| 94/100 [09:44<00:46,  7.78s/it, -ELBO=0.4118, Potential Metric=0.1937, Entropy Metric=0.0577]

Epoch 94:  22%|██▏       | 7/32 [00:01<00:05,  4.20it/s][A
Training Epochs:  94%|█████████▍| 94/100 [09:44<00:46,  7.78s/it, -ELBO=0.4228, Potential Metric=0.2147, Entropy Metric=0.0597]

Epoch 94:  25%|██▌       | 8/32 [00:01<00:05,  4.17it/s][A
Training Epochs:  94%|█████████▍| 94/100 [09:44<00:46,  7.78s/it, -ELBO=0.4216, Potential Metric=0.1886, Entropy Metric=0.0581]

Epoch 94:  28%|██▊       | 9/32 [00:02<00:05,  4.19it/s][A
Training Epochs:  94%|█████████▍| 94/100 [09:45<00:46,  7.78s/it, -ELBO=0.4124, Potential Metric=0.1927, Entropy Metric=0.0630]

Epoch 94:  31%|███▏      | 10/32 [00:02<00:05,  4.28it/s][A
Training Epochs:  94%|█████████▍| 94/100 [09:45<00:46,  7.78s/it, -ELBO=0.4535, Potential Metric=0.1961, Entropy Metric=0.0613]

Epoch 94:  34%|███▍      | 11/32 [00:02<00:05,  4.16it/s][A
Training Epochs:  94%|█████████▍| 94/100 [09:45<00:46,  7.78s/it, -ELBO=0.4219, Potential Metric=0.2034, Entropy Metric=0.0611]

Epoch 94:  38%|███▊      | 12/32 [00:02<00:04,  4.21it/s][A
Training Epochs:  94%|█████████▍| 94/100 [09:45<00:46,  7.78s/it, -ELBO=0.4237, Potential Metric=0.2225, Entropy Metric=0.0623]

Epoch 94:  41%|████      | 13/32 [00:03<00:04,  4.19it/s][A
Training Epochs:  94%|█████████▍| 94/100 [09:45<00:46,  7.78s/it, -ELBO=0.4541, Potential Metric=0.2065, Entropy Metric=0.0634]

Epoch 94:  44%|████▍     | 14/32 [00:03<00:04,  4.29it/s][A
Training Epochs:  94%|█████████▍| 94/100 [09:46<00:46,  7.78s/it, -ELBO=0.4095, Potential Metric=0.2018, Entropy Metric=0.0638]

Epoch 94:  47%|████▋     | 15/32 [00:03<00:04,  4.22it/s][A
Training Epochs:  94%|█████████▍| 94/100 [09:46<00:46,  7.78s/it, -ELBO=0.4459, Potential Metric=0.2055, Entropy Metric=0.0595]

Epoch 94:  50%|█████     | 16/32 [00:03<00:03,  4.18it/s][A
Training Epochs:  94%|█████████▍| 94/100 [09:46<00:46,  7.78s/it, -ELBO=0.4309, Potential Metric=0.2130, Entropy Metric=0.0671]

Epoch 94:  53%|█████▎    | 17/32 [00:04<00:03,  4.13it/s][A
Training Epochs:  94%|█████████▍| 94/100 [09:46<00:46,  7.78s/it, -ELBO=0.4194, Potential Metric=0.1969, Entropy Metric=0.0636]

Epoch 94:  56%|█████▋    | 18/32 [00:04<00:03,  4.10it/s][A
Training Epochs:  94%|█████████▍| 94/100 [09:47<00:46,  7.78s/it, -ELBO=0.4506, Potential Metric=0.2046, Entropy Metric=0.0637]

Epoch 94:  59%|█████▉    | 19/32 [00:04<00:03,  4.08it/s][A
Training Epochs:  94%|█████████▍| 94/100 [09:47<00:46,  7.78s/it, -ELBO=0.4265, Potential Metric=0.1949, Entropy Metric=0.0665]

Epoch 94:  62%|██████▎   | 20/32 [00:04<00:02,  4.20it/s][A
Training Epochs:  94%|█████████▍| 94/100 [09:47<00:46,  7.78s/it, -ELBO=0.4376, Potential Metric=0.2078, Entropy Metric=0.0629]

Epoch 94:  66%|██████▌   | 21/32 [00:05<00:02,  4.25it/s][A
Training Epochs:  94%|█████████▍| 94/100 [09:47<00:46,  7.78s/it, -ELBO=0.4329, Potential Metric=0.2199, Entropy Metric=0.0622]

Epoch 94:  69%|██████▉   | 22/32 [00:05<00:02,  4.26it/s][A
Training Epochs:  94%|█████████▍| 94/100 [09:48<00:46,  7.78s/it, -ELBO=0.4189, Potential Metric=0.2075, Entropy Metric=0.0635]

Epoch 94:  72%|███████▏  | 23/32 [00:05<00:02,  4.29it/s][A
Training Epochs:  94%|█████████▍| 94/100 [09:48<00:46,  7.78s/it, -ELBO=0.4120, Potential Metric=0.1950, Entropy Metric=0.0593]

Epoch 94:  75%|███████▌  | 24/32 [00:05<00:01,  4.31it/s][A
Training Epochs:  94%|█████████▍| 94/100 [09:48<00:46,  7.78s/it, -ELBO=0.4342, Potential Metric=0.2072, Entropy Metric=0.0613]

Epoch 94:  78%|███████▊  | 25/32 [00:05<00:01,  4.28it/s][A
Training Epochs:  94%|█████████▍| 94/100 [09:48<00:46,  7.78s/it, -ELBO=0.4243, Potential Metric=0.1995, Entropy Metric=0.0618]

Epoch 94:  81%|████████▏ | 26/32 [00:06<00:01,  4.31it/s][A
Training Epochs:  94%|█████████▍| 94/100 [09:49<00:46,  7.78s/it, -ELBO=0.4424, Potential Metric=0.2038, Entropy Metric=0.0624]

Epoch 94:  84%|████████▍ | 27/32 [00:06<00:01,  4.32it/s][A
Training Epochs:  94%|█████████▍| 94/100 [09:49<00:46,  7.78s/it, -ELBO=0.4332, Potential Metric=0.2146, Entropy Metric=0.0579]

Epoch 94:  88%|████████▊ | 28/32 [00:06<00:00,  4.30it/s][A
Training Epochs:  94%|█████████▍| 94/100 [09:49<00:46,  7.78s/it, -ELBO=0.4193, Potential Metric=0.2126, Entropy Metric=0.0596]

Epoch 94:  91%|█████████ | 29/32 [00:06<00:00,  4.22it/s][A
Training Epochs:  94%|█████████▍| 94/100 [09:49<00:46,  7.78s/it, -ELBO=0.4517, Potential Metric=0.2160, Entropy Metric=0.0594]

Epoch 94:  94%|█████████▍| 30/32 [00:07<00:00,  4.25it/s][A
Training Epochs:  94%|█████████▍| 94/100 [09:50<00:46,  7.78s/it, -ELBO=0.4256, Potential Metric=0.1954, Entropy Metric=0.0608]

Epoch 94:  97%|█████████▋| 31/32 [00:07<00:00,  4.27it/s][A
Training Epochs:  94%|█████████▍| 94/100 [09:50<00:46,  7.78s/it, -ELBO=0.4523, Potential Metric=0.2064, Entropy Metric=0.0661]

Epoch 94: 100%|██████████| 32/32 [00:07<00:00,  4.33it/s][A

                                                         [A
Training Epochs:  95%|█████████▌| 95/100 [09:50<00:38,  7.78s/it, -ELBO=0.4523, Potential Metric=0.2064, Entropy Metric=0.0661]

Epoch 95:   0%|          | 0/32 [00:00<?, ?it/s][A
Training Epochs:  95%|█████████▌| 95/100 [09:50<00:38,  7.78s/it, -ELBO=0.4174, Potential Metric=0.2028, Entropy Metric=0.0652]

Epoch 95:   3%|▎         | 1/32 [00:00<00:09,  3.32it/s][A
Training Epochs:  95%|█████████▌| 95/100 [09:51<00:38,  7.78s/it, -ELBO=0.4575, Potential Metric=0.2152, Entropy Metric=0.0681]

Epoch 95:   6%|▋         | 2/32 [00:00<00:08,  3.67it/s][A
Training Epochs:  95%|█████████▌| 95/100 [09:51<00:38,  7.78s/it, -ELBO=0.3915, Potential Metric=0.2007, Entropy Metric=0.0655]

Epoch 95:   9%|▉         | 3/32 [00:00<00:07,  3.91it/s][A
Training Epochs:  95%|█████████▌| 95/100 [09:51<00:38,  7.78s/it, -ELBO=0.4151, Potential Metric=0.1779, Entropy Metric=0.0639]

Epoch 95:  12%|█▎        | 4/32 [00:01<00:07,  3.99it/s][A
Training Epochs:  95%|█████████▌| 95/100 [09:51<00:38,  7.78s/it, -ELBO=0.4647, Potential Metric=0.1884, Entropy Metric=0.0632]

Epoch 95:  16%|█▌        | 5/32 [00:01<00:06,  4.04it/s][A
Training Epochs:  95%|█████████▌| 95/100 [09:51<00:38,  7.78s/it, -ELBO=0.4374, Potential Metric=0.2105, Entropy Metric=0.0577]

Epoch 95:  19%|█▉        | 6/32 [00:01<00:06,  4.08it/s][A
Training Epochs:  95%|█████████▌| 95/100 [09:52<00:38,  7.78s/it, -ELBO=0.4197, Potential Metric=0.2046, Entropy Metric=0.0583]

Epoch 95:  22%|██▏       | 7/32 [00:01<00:06,  4.11it/s][A
Training Epochs:  95%|█████████▌| 95/100 [09:52<00:38,  7.78s/it, -ELBO=0.4349, Potential Metric=0.2038, Entropy Metric=0.0595]

Epoch 95:  25%|██▌       | 8/32 [00:01<00:05,  4.13it/s][A
Training Epochs:  95%|█████████▌| 95/100 [09:52<00:38,  7.78s/it, -ELBO=0.4389, Potential Metric=0.2033, Entropy Metric=0.0605]

Epoch 95:  28%|██▊       | 9/32 [00:02<00:05,  4.20it/s][A
Training Epochs:  95%|█████████▌| 95/100 [09:52<00:38,  7.78s/it, -ELBO=0.3969, Potential Metric=0.1987, Entropy Metric=0.0554]

Epoch 95:  31%|███▏      | 10/32 [00:02<00:05,  4.21it/s][A
Training Epochs:  95%|█████████▌| 95/100 [09:53<00:38,  7.78s/it, -ELBO=0.4635, Potential Metric=0.2000, Entropy Metric=0.0622]

Epoch 95:  34%|███▍      | 11/32 [00:02<00:04,  4.26it/s][A
Training Epochs:  95%|█████████▌| 95/100 [09:53<00:38,  7.78s/it, -ELBO=0.4034, Potential Metric=0.2060, Entropy Metric=0.0599]

Epoch 95:  38%|███▊      | 12/32 [00:02<00:04,  4.30it/s][A
Training Epochs:  95%|█████████▌| 95/100 [09:53<00:38,  7.78s/it, -ELBO=0.4284, Potential Metric=0.2143, Entropy Metric=0.0615]

Epoch 95:  41%|████      | 13/32 [00:03<00:04,  4.14it/s][A
Training Epochs:  95%|█████████▌| 95/100 [09:53<00:38,  7.78s/it, -ELBO=0.4180, Potential Metric=0.1976, Entropy Metric=0.0593]

Epoch 95:  44%|████▍     | 14/32 [00:03<00:04,  4.19it/s][A
Training Epochs:  95%|█████████▌| 95/100 [09:54<00:38,  7.78s/it, -ELBO=0.4396, Potential Metric=0.2139, Entropy Metric=0.0624]

Epoch 95:  47%|████▋     | 15/32 [00:03<00:03,  4.27it/s][A
Training Epochs:  95%|█████████▌| 95/100 [09:54<00:38,  7.78s/it, -ELBO=0.4307, Potential Metric=0.1933, Entropy Metric=0.0568]

Epoch 95:  50%|█████     | 16/32 [00:03<00:03,  4.22it/s][A
Training Epochs:  95%|█████████▌| 95/100 [09:54<00:38,  7.78s/it, -ELBO=0.4526, Potential Metric=0.1964, Entropy Metric=0.0571]

Epoch 95:  53%|█████▎    | 17/32 [00:04<00:03,  4.26it/s][A
Training Epochs:  95%|█████████▌| 95/100 [09:54<00:38,  7.78s/it, -ELBO=0.4173, Potential Metric=0.1971, Entropy Metric=0.0577]

Epoch 95:  56%|█████▋    | 18/32 [00:04<00:03,  4.34it/s][A
Training Epochs:  95%|█████████▌| 95/100 [09:55<00:38,  7.78s/it, -ELBO=0.4178, Potential Metric=0.1974, Entropy Metric=0.0584]

Epoch 95:  59%|█████▉    | 19/32 [00:04<00:02,  4.39it/s][A
Training Epochs:  95%|█████████▌| 95/100 [09:55<00:38,  7.78s/it, -ELBO=0.4201, Potential Metric=0.1962, Entropy Metric=0.0582]

Epoch 95:  62%|██████▎   | 20/32 [00:04<00:02,  4.36it/s][A
Training Epochs:  95%|█████████▌| 95/100 [09:55<00:38,  7.78s/it, -ELBO=0.4201, Potential Metric=0.1897, Entropy Metric=0.0607]

Epoch 95:  66%|██████▌   | 21/32 [00:05<00:02,  4.36it/s][A
Training Epochs:  95%|█████████▌| 95/100 [09:55<00:38,  7.78s/it, -ELBO=0.4379, Potential Metric=0.2091, Entropy Metric=0.0591]

Epoch 95:  69%|██████▉   | 22/32 [00:05<00:02,  4.36it/s][A
Training Epochs:  95%|█████████▌| 95/100 [09:55<00:38,  7.78s/it, -ELBO=0.4871, Potential Metric=0.2125, Entropy Metric=0.0633]

Epoch 95:  72%|███████▏  | 23/32 [00:05<00:02,  4.35it/s][A
Training Epochs:  95%|█████████▌| 95/100 [09:56<00:38,  7.78s/it, -ELBO=0.4150, Potential Metric=0.2225, Entropy Metric=0.0642]

Epoch 95:  75%|███████▌  | 24/32 [00:05<00:01,  4.27it/s][A
Training Epochs:  95%|█████████▌| 95/100 [09:56<00:38,  7.78s/it, -ELBO=0.4338, Potential Metric=0.2097, Entropy Metric=0.0605]

Epoch 95:  78%|███████▊  | 25/32 [00:05<00:01,  4.36it/s][A
Training Epochs:  95%|█████████▌| 95/100 [09:56<00:38,  7.78s/it, -ELBO=0.4239, Potential Metric=0.2227, Entropy Metric=0.0615]

Epoch 95:  81%|████████▏ | 26/32 [00:06<00:01,  4.33it/s][A
Training Epochs:  95%|█████████▌| 95/100 [09:56<00:38,  7.78s/it, -ELBO=0.3989, Potential Metric=0.2216, Entropy Metric=0.0546]

Epoch 95:  84%|████████▍ | 27/32 [00:06<00:01,  4.28it/s][A
Training Epochs:  95%|█████████▌| 95/100 [09:57<00:38,  7.78s/it, -ELBO=0.4010, Potential Metric=0.2069, Entropy Metric=0.0578]

Epoch 95:  88%|████████▊ | 28/32 [00:06<00:00,  4.27it/s][A
Training Epochs:  95%|█████████▌| 95/100 [09:57<00:38,  7.78s/it, -ELBO=0.4163, Potential Metric=0.2040, Entropy Metric=0.0578]

Epoch 95:  91%|█████████ | 29/32 [00:06<00:00,  4.21it/s][A
Training Epochs:  95%|█████████▌| 95/100 [09:57<00:38,  7.78s/it, -ELBO=0.4301, Potential Metric=0.2099, Entropy Metric=0.0581]

Epoch 95:  94%|█████████▍| 30/32 [00:07<00:00,  4.11it/s][A
Training Epochs:  95%|█████████▌| 95/100 [09:57<00:38,  7.78s/it, -ELBO=0.4965, Potential Metric=0.2080, Entropy Metric=0.0585]

Epoch 95:  97%|█████████▋| 31/32 [00:07<00:00,  4.18it/s][A
Training Epochs:  95%|█████████▌| 95/100 [09:58<00:38,  7.78s/it, -ELBO=0.4477, Potential Metric=0.2126, Entropy Metric=0.0564]

Epoch 95: 100%|██████████| 32/32 [00:07<00:00,  4.25it/s][A

                                                         [A
Training Epochs:  96%|█████████▌| 96/100 [09:58<00:31,  7.80s/it, -ELBO=0.4477, Potential Metric=0.2126, Entropy Metric=0.0564]

Epoch 96:   0%|          | 0/32 [00:00<?, ?it/s][A
Training Epochs:  96%|█████████▌| 96/100 [09:58<00:31,  7.80s/it, -ELBO=0.4345, Potential Metric=0.1847, Entropy Metric=0.0575]

Epoch 96:   3%|▎         | 1/32 [00:00<00:08,  3.78it/s][A
Training Epochs:  96%|█████████▌| 96/100 [09:58<00:31,  7.80s/it, -ELBO=0.4667, Potential Metric=0.2272, Entropy Metric=0.0571]

Epoch 96:   6%|▋         | 2/32 [00:00<00:07,  3.98it/s][A
Training Epochs:  96%|█████████▌| 96/100 [09:58<00:31,  7.80s/it, -ELBO=0.4278, Potential Metric=0.1863, Entropy Metric=0.0581]

Epoch 96:   9%|▉         | 3/32 [00:00<00:07,  4.04it/s][A
Training Epochs:  96%|█████████▌| 96/100 [09:59<00:31,  7.80s/it, -ELBO=0.4174, Potential Metric=0.1925, Entropy Metric=0.0576]

Epoch 96:  12%|█▎        | 4/32 [00:00<00:06,  4.11it/s][A
Training Epochs:  96%|█████████▌| 96/100 [09:59<00:31,  7.80s/it, -ELBO=0.4122, Potential Metric=0.1974, Entropy Metric=0.0583]

Epoch 96:  16%|█▌        | 5/32 [00:01<00:06,  4.17it/s][A
Training Epochs:  96%|█████████▌| 96/100 [09:59<00:31,  7.80s/it, -ELBO=0.4028, Potential Metric=0.2123, Entropy Metric=0.0597]

Epoch 96:  19%|█▉        | 6/32 [00:01<00:06,  4.20it/s][A
Training Epochs:  96%|█████████▌| 96/100 [09:59<00:31,  7.80s/it, -ELBO=0.4274, Potential Metric=0.2172, Entropy Metric=0.0596]

Epoch 96:  22%|██▏       | 7/32 [00:01<00:05,  4.31it/s][A
Training Epochs:  96%|█████████▌| 96/100 [10:00<00:31,  7.80s/it, -ELBO=0.4289, Potential Metric=0.2131, Entropy Metric=0.0650]

Epoch 96:  25%|██▌       | 8/32 [00:01<00:05,  4.33it/s][A
Training Epochs:  96%|█████████▌| 96/100 [10:00<00:31,  7.80s/it, -ELBO=0.4341, Potential Metric=0.2450, Entropy Metric=0.0610]

Epoch 96:  28%|██▊       | 9/32 [00:02<00:05,  4.44it/s][A
Training Epochs:  96%|█████████▌| 96/100 [10:00<00:31,  7.80s/it, -ELBO=0.4266, Potential Metric=0.2153, Entropy Metric=0.0605]

Epoch 96:  31%|███▏      | 10/32 [00:02<00:05,  4.20it/s][A
Training Epochs:  96%|█████████▌| 96/100 [10:00<00:31,  7.80s/it, -ELBO=0.3983, Potential Metric=0.2107, Entropy Metric=0.0569]

Epoch 96:  34%|███▍      | 11/32 [00:02<00:05,  4.05it/s][A
Training Epochs:  96%|█████████▌| 96/100 [10:01<00:31,  7.80s/it, -ELBO=0.4150, Potential Metric=0.2196, Entropy Metric=0.0612]

Epoch 96:  38%|███▊      | 12/32 [00:02<00:05,  3.96it/s][A
Training Epochs:  96%|█████████▌| 96/100 [10:01<00:31,  7.80s/it, -ELBO=0.4181, Potential Metric=0.2058, Entropy Metric=0.0641]

Epoch 96:  41%|████      | 13/32 [00:03<00:04,  3.90it/s][A
Training Epochs:  96%|█████████▌| 96/100 [10:01<00:31,  7.80s/it, -ELBO=0.4506, Potential Metric=0.2237, Entropy Metric=0.0593]

Epoch 96:  44%|████▍     | 14/32 [00:03<00:04,  4.02it/s][A
Training Epochs:  96%|█████████▌| 96/100 [10:01<00:31,  7.80s/it, -ELBO=0.4257, Potential Metric=0.1991, Entropy Metric=0.0584]

Epoch 96:  47%|████▋     | 15/32 [00:03<00:04,  4.08it/s][A
Training Epochs:  96%|█████████▌| 96/100 [10:02<00:31,  7.80s/it, -ELBO=0.4705, Potential Metric=0.2007, Entropy Metric=0.0588]

Epoch 96:  50%|█████     | 16/32 [00:03<00:03,  4.07it/s][A
Training Epochs:  96%|█████████▌| 96/100 [10:02<00:31,  7.80s/it, -ELBO=0.4209, Potential Metric=0.2157, Entropy Metric=0.0586]

Epoch 96:  53%|█████▎    | 17/32 [00:04<00:03,  4.16it/s][A
Training Epochs:  96%|█████████▌| 96/100 [10:02<00:31,  7.80s/it, -ELBO=0.4473, Potential Metric=0.2351, Entropy Metric=0.0609]

Epoch 96:  56%|█████▋    | 18/32 [00:04<00:03,  4.26it/s][A
Training Epochs:  96%|█████████▌| 96/100 [10:02<00:31,  7.80s/it, -ELBO=0.4641, Potential Metric=0.2016, Entropy Metric=0.0563]

Epoch 96:  59%|█████▉    | 19/32 [00:04<00:03,  4.23it/s][A
Training Epochs:  96%|█████████▌| 96/100 [10:03<00:31,  7.80s/it, -ELBO=0.4283, Potential Metric=0.2070, Entropy Metric=0.0578]

Epoch 96:  62%|██████▎   | 20/32 [00:04<00:02,  4.03it/s][A
Training Epochs:  96%|█████████▌| 96/100 [10:03<00:31,  7.80s/it, -ELBO=0.4323, Potential Metric=0.2015, Entropy Metric=0.0601]

Epoch 96:  66%|██████▌   | 21/32 [00:05<00:02,  4.10it/s][A
Training Epochs:  96%|█████████▌| 96/100 [10:03<00:31,  7.80s/it, -ELBO=0.4164, Potential Metric=0.2181, Entropy Metric=0.0570]

Epoch 96:  69%|██████▉   | 22/32 [00:05<00:02,  4.08it/s][A
Training Epochs:  96%|█████████▌| 96/100 [10:03<00:31,  7.80s/it, -ELBO=0.4220, Potential Metric=0.2166, Entropy Metric=0.0599]

Epoch 96:  72%|███████▏  | 23/32 [00:05<00:02,  4.03it/s][A
Training Epochs:  96%|█████████▌| 96/100 [10:04<00:31,  7.80s/it, -ELBO=0.4371, Potential Metric=0.2159, Entropy Metric=0.0612]

Epoch 96:  75%|███████▌  | 24/32 [00:05<00:02,  4.00it/s][A
Training Epochs:  96%|█████████▌| 96/100 [10:04<00:31,  7.80s/it, -ELBO=0.4091, Potential Metric=0.1901, Entropy Metric=0.0627]

Epoch 96:  78%|███████▊  | 25/32 [00:06<00:01,  4.08it/s][A
Training Epochs:  96%|█████████▌| 96/100 [10:04<00:31,  7.80s/it, -ELBO=0.4187, Potential Metric=0.1897, Entropy Metric=0.0552]

Epoch 96:  81%|████████▏ | 26/32 [00:06<00:01,  4.08it/s][A
Training Epochs:  96%|█████████▌| 96/100 [10:04<00:31,  7.80s/it, -ELBO=0.4516, Potential Metric=0.1980, Entropy Metric=0.0568]

Epoch 96:  84%|████████▍ | 27/32 [00:06<00:01,  4.15it/s][A
Training Epochs:  96%|█████████▌| 96/100 [10:04<00:31,  7.80s/it, -ELBO=0.4080, Potential Metric=0.2055, Entropy Metric=0.0591]

Epoch 96:  88%|████████▊ | 28/32 [00:06<00:00,  4.14it/s][A
Training Epochs:  96%|█████████▌| 96/100 [10:05<00:31,  7.80s/it, -ELBO=0.4227, Potential Metric=0.2246, Entropy Metric=0.0567]

Epoch 96:  91%|█████████ | 29/32 [00:07<00:00,  4.22it/s][A
Training Epochs:  96%|█████████▌| 96/100 [10:05<00:31,  7.80s/it, -ELBO=0.4289, Potential Metric=0.2008, Entropy Metric=0.0607]

Epoch 96:  94%|█████████▍| 30/32 [00:07<00:00,  4.18it/s][A
Training Epochs:  96%|█████████▌| 96/100 [10:05<00:31,  7.80s/it, -ELBO=0.4099, Potential Metric=0.1866, Entropy Metric=0.0628]

Epoch 96:  97%|█████████▋| 31/32 [00:07<00:00,  4.18it/s][A
Training Epochs:  96%|█████████▌| 96/100 [10:05<00:31,  7.80s/it, -ELBO=0.4338, Potential Metric=0.2104, Entropy Metric=0.0612]

Epoch 96: 100%|██████████| 32/32 [00:07<00:00,  4.26it/s][A

                                                         [A
Training Epochs:  97%|█████████▋| 97/100 [10:05<00:23,  7.81s/it, -ELBO=0.4338, Potential Metric=0.2104, Entropy Metric=0.0612]

Epoch 97:   0%|          | 0/32 [00:00<?, ?it/s][A
Training Epochs:  97%|█████████▋| 97/100 [10:06<00:23,  7.81s/it, -ELBO=0.4103, Potential Metric=0.1967, Entropy Metric=0.0590]

Epoch 97:   3%|▎         | 1/32 [00:00<00:09,  3.42it/s][A
Training Epochs:  97%|█████████▋| 97/100 [10:06<00:23,  7.81s/it, -ELBO=0.4563, Potential Metric=0.2193, Entropy Metric=0.0628]

Epoch 97:   6%|▋         | 2/32 [00:00<00:08,  3.73it/s][A
Training Epochs:  97%|█████████▋| 97/100 [10:06<00:23,  7.81s/it, -ELBO=0.4468, Potential Metric=0.2139, Entropy Metric=0.0582]

Epoch 97:   9%|▉         | 3/32 [00:00<00:07,  3.97it/s][A
Training Epochs:  97%|█████████▋| 97/100 [10:07<00:23,  7.81s/it, -ELBO=0.4617, Potential Metric=0.2144, Entropy Metric=0.0624]

Epoch 97:  12%|█▎        | 4/32 [00:01<00:06,  4.08it/s][A
Training Epochs:  97%|█████████▋| 97/100 [10:07<00:23,  7.81s/it, -ELBO=0.4425, Potential Metric=0.2136, Entropy Metric=0.0602]

Epoch 97:  16%|█▌        | 5/32 [00:01<00:06,  4.05it/s][A
Training Epochs:  97%|█████████▋| 97/100 [10:07<00:23,  7.81s/it, -ELBO=0.4319, Potential Metric=0.2172, Entropy Metric=0.0548]

Epoch 97:  19%|█▉        | 6/32 [00:01<00:06,  4.10it/s][A
Training Epochs:  97%|█████████▋| 97/100 [10:07<00:23,  7.81s/it, -ELBO=0.4013, Potential Metric=0.2014, Entropy Metric=0.0534]

Epoch 97:  22%|██▏       | 7/32 [00:01<00:05,  4.24it/s][A
Training Epochs:  97%|█████████▋| 97/100 [10:07<00:23,  7.81s/it, -ELBO=0.4266, Potential Metric=0.2022, Entropy Metric=0.0598]

Epoch 97:  25%|██▌       | 8/32 [00:01<00:05,  4.23it/s][A
Training Epochs:  97%|█████████▋| 97/100 [10:08<00:23,  7.81s/it, -ELBO=0.4052, Potential Metric=0.2132, Entropy Metric=0.0564]

Epoch 97:  28%|██▊       | 9/32 [00:02<00:05,  4.21it/s][A
Training Epochs:  97%|█████████▋| 97/100 [10:08<00:23,  7.81s/it, -ELBO=0.4039, Potential Metric=0.1804, Entropy Metric=0.0557]

Epoch 97:  31%|███▏      | 10/32 [00:02<00:05,  4.07it/s][A
Training Epochs:  97%|█████████▋| 97/100 [10:08<00:23,  7.81s/it, -ELBO=0.4187, Potential Metric=0.2021, Entropy Metric=0.0560]

Epoch 97:  34%|███▍      | 11/32 [00:02<00:05,  4.09it/s][A
Training Epochs:  97%|█████████▋| 97/100 [10:08<00:23,  7.81s/it, -ELBO=0.4167, Potential Metric=0.2058, Entropy Metric=0.0559]

Epoch 97:  38%|███▊      | 12/32 [00:02<00:04,  4.14it/s][A
Training Epochs:  97%|█████████▋| 97/100 [10:09<00:23,  7.81s/it, -ELBO=0.4335, Potential Metric=0.2202, Entropy Metric=0.0568]

Epoch 97:  41%|████      | 13/32 [00:03<00:04,  4.17it/s][A
Training Epochs:  97%|█████████▋| 97/100 [10:09<00:23,  7.81s/it, -ELBO=0.4222, Potential Metric=0.2124, Entropy Metric=0.0554]

Epoch 97:  44%|████▍     | 14/32 [00:03<00:04,  4.04it/s][A
Training Epochs:  97%|█████████▋| 97/100 [10:09<00:23,  7.81s/it, -ELBO=0.4368, Potential Metric=0.2138, Entropy Metric=0.0590]

Epoch 97:  47%|████▋     | 15/32 [00:03<00:04,  4.11it/s][A
Training Epochs:  97%|█████████▋| 97/100 [10:09<00:23,  7.81s/it, -ELBO=0.4203, Potential Metric=0.1988, Entropy Metric=0.0608]

Epoch 97:  50%|█████     | 16/32 [00:03<00:03,  4.20it/s][A
Training Epochs:  97%|█████████▋| 97/100 [10:10<00:23,  7.81s/it, -ELBO=0.4195, Potential Metric=0.2019, Entropy Metric=0.0573]

Epoch 97:  53%|█████▎    | 17/32 [00:04<00:03,  4.20it/s][A
Training Epochs:  97%|█████████▋| 97/100 [10:10<00:23,  7.81s/it, -ELBO=0.4337, Potential Metric=0.1980, Entropy Metric=0.0583]

Epoch 97:  56%|█████▋    | 18/32 [00:04<00:03,  4.24it/s][A
Training Epochs:  97%|█████████▋| 97/100 [10:10<00:23,  7.81s/it, -ELBO=0.3944, Potential Metric=0.1999, Entropy Metric=0.0624]

Epoch 97:  59%|█████▉    | 19/32 [00:04<00:03,  4.28it/s][A
Training Epochs:  97%|█████████▋| 97/100 [10:10<00:23,  7.81s/it, -ELBO=0.4168, Potential Metric=0.1913, Entropy Metric=0.0623]

Epoch 97:  62%|██████▎   | 20/32 [00:04<00:02,  4.28it/s][A
Training Epochs:  97%|█████████▋| 97/100 [10:11<00:23,  7.81s/it, -ELBO=0.4172, Potential Metric=0.2169, Entropy Metric=0.0612]

Epoch 97:  66%|██████▌   | 21/32 [00:05<00:02,  4.28it/s][A
Training Epochs:  97%|█████████▋| 97/100 [10:11<00:23,  7.81s/it, -ELBO=0.4441, Potential Metric=0.1924, Entropy Metric=0.0601]

Epoch 97:  69%|██████▉   | 22/32 [00:05<00:02,  4.23it/s][A
Training Epochs:  97%|█████████▋| 97/100 [10:11<00:23,  7.81s/it, -ELBO=0.4533, Potential Metric=0.2073, Entropy Metric=0.0648]

Epoch 97:  72%|███████▏  | 23/32 [00:05<00:02,  4.20it/s][A
Training Epochs:  97%|█████████▋| 97/100 [10:11<00:23,  7.81s/it, -ELBO=0.3931, Potential Metric=0.2024, Entropy Metric=0.0613]

Epoch 97:  75%|███████▌  | 24/32 [00:05<00:02,  3.66it/s][A
Training Epochs:  97%|█████████▋| 97/100 [10:12<00:23,  7.81s/it, -ELBO=0.4554, Potential Metric=0.2078, Entropy Metric=0.0618]

Epoch 97:  78%|███████▊  | 25/32 [00:06<00:01,  3.83it/s][A
Training Epochs:  97%|█████████▋| 97/100 [10:12<00:23,  7.81s/it, -ELBO=0.4370, Potential Metric=0.1880, Entropy Metric=0.0635]

Epoch 97:  81%|████████▏ | 26/32 [00:06<00:01,  3.84it/s][A
Training Epochs:  97%|█████████▋| 97/100 [10:12<00:23,  7.81s/it, -ELBO=0.4305, Potential Metric=0.1819, Entropy Metric=0.0579]

Epoch 97:  84%|████████▍ | 27/32 [00:06<00:01,  4.01it/s][A
Training Epochs:  97%|█████████▋| 97/100 [10:12<00:23,  7.81s/it, -ELBO=0.4295, Potential Metric=0.2136, Entropy Metric=0.0592]

Epoch 97:  88%|████████▊ | 28/32 [00:06<00:00,  4.03it/s][A
Training Epochs:  97%|█████████▋| 97/100 [10:13<00:23,  7.81s/it, -ELBO=0.4078, Potential Metric=0.2001, Entropy Metric=0.0607]

Epoch 97:  91%|█████████ | 29/32 [00:07<00:00,  4.06it/s][A
Training Epochs:  97%|█████████▋| 97/100 [10:13<00:23,  7.81s/it, -ELBO=0.4380, Potential Metric=0.1894, Entropy Metric=0.0610]

Epoch 97:  94%|█████████▍| 30/32 [00:07<00:00,  4.11it/s][A
Training Epochs:  97%|█████████▋| 97/100 [10:13<00:23,  7.81s/it, -ELBO=0.4295, Potential Metric=0.2172, Entropy Metric=0.0606]

Epoch 97:  97%|█████████▋| 31/32 [00:07<00:00,  4.15it/s][A
Training Epochs:  97%|█████████▋| 97/100 [10:13<00:23,  7.81s/it, -ELBO=0.4242, Potential Metric=0.2223, Entropy Metric=0.0586]

Epoch 97: 100%|██████████| 32/32 [00:07<00:00,  4.16it/s][A

                                                         [A
Training Epochs:  98%|█████████▊| 98/100 [10:13<00:15,  7.84s/it, -ELBO=0.4242, Potential Metric=0.2223, Entropy Metric=0.0586]

Epoch 98:   0%|          | 0/32 [00:00<?, ?it/s][A
Training Epochs:  98%|█████████▊| 98/100 [10:14<00:15,  7.84s/it, -ELBO=0.4266, Potential Metric=0.2138, Entropy Metric=0.0621]

Epoch 98:   3%|▎         | 1/32 [00:00<00:09,  3.39it/s][A
Training Epochs:  98%|█████████▊| 98/100 [10:14<00:15,  7.84s/it, -ELBO=0.4203, Potential Metric=0.1943, Entropy Metric=0.0608]

Epoch 98:   6%|▋         | 2/32 [00:00<00:07,  3.88it/s][A
Training Epochs:  98%|█████████▊| 98/100 [10:14<00:15,  7.84s/it, -ELBO=0.4106, Potential Metric=0.2233, Entropy Metric=0.0588]

Epoch 98:   9%|▉         | 3/32 [00:00<00:07,  3.80it/s][A
Training Epochs:  98%|█████████▊| 98/100 [10:15<00:15,  7.84s/it, -ELBO=0.4334, Potential Metric=0.1899, Entropy Metric=0.0621]

Epoch 98:  12%|█▎        | 4/32 [00:01<00:06,  4.03it/s][A
Training Epochs:  98%|█████████▊| 98/100 [10:15<00:15,  7.84s/it, -ELBO=0.4299, Potential Metric=0.1980, Entropy Metric=0.0613]

Epoch 98:  16%|█▌        | 5/32 [00:01<00:06,  4.10it/s][A
Training Epochs:  98%|█████████▊| 98/100 [10:15<00:15,  7.84s/it, -ELBO=0.4297, Potential Metric=0.2163, Entropy Metric=0.0590]

Epoch 98:  19%|█▉        | 6/32 [00:01<00:06,  4.00it/s][A
Training Epochs:  98%|█████████▊| 98/100 [10:15<00:15,  7.84s/it, -ELBO=0.4288, Potential Metric=0.1997, Entropy Metric=0.0617]

Epoch 98:  22%|██▏       | 7/32 [00:01<00:06,  4.02it/s][A
Training Epochs:  98%|█████████▊| 98/100 [10:16<00:15,  7.84s/it, -ELBO=0.4412, Potential Metric=0.2147, Entropy Metric=0.0615]

Epoch 98:  25%|██▌       | 8/32 [00:02<00:06,  3.95it/s][A
Training Epochs:  98%|█████████▊| 98/100 [10:16<00:15,  7.84s/it, -ELBO=0.4152, Potential Metric=0.1965, Entropy Metric=0.0616]

Epoch 98:  28%|██▊       | 9/32 [00:02<00:05,  4.04it/s][A
Training Epochs:  98%|█████████▊| 98/100 [10:16<00:15,  7.84s/it, -ELBO=0.4204, Potential Metric=0.1986, Entropy Metric=0.0634]

Epoch 98:  31%|███▏      | 10/32 [00:02<00:05,  4.18it/s][A
Training Epochs:  98%|█████████▊| 98/100 [10:16<00:15,  7.84s/it, -ELBO=0.4231, Potential Metric=0.1915, Entropy Metric=0.0611]

Epoch 98:  34%|███▍      | 11/32 [00:02<00:04,  4.21it/s][A
Training Epochs:  98%|█████████▊| 98/100 [10:16<00:15,  7.84s/it, -ELBO=0.4487, Potential Metric=0.2002, Entropy Metric=0.0611]

Epoch 98:  38%|███▊      | 12/32 [00:02<00:04,  4.23it/s][A
Training Epochs:  98%|█████████▊| 98/100 [10:17<00:15,  7.84s/it, -ELBO=0.4102, Potential Metric=0.2135, Entropy Metric=0.0593]

Epoch 98:  41%|████      | 13/32 [00:03<00:04,  4.29it/s][A
Training Epochs:  98%|█████████▊| 98/100 [10:17<00:15,  7.84s/it, -ELBO=0.4073, Potential Metric=0.2031, Entropy Metric=0.0529]

Epoch 98:  44%|████▍     | 14/32 [00:03<00:04,  4.22it/s][A
Training Epochs:  98%|█████████▊| 98/100 [10:17<00:15,  7.84s/it, -ELBO=0.4551, Potential Metric=0.2079, Entropy Metric=0.0590]

Epoch 98:  47%|████▋     | 15/32 [00:03<00:03,  4.26it/s][A
Training Epochs:  98%|█████████▊| 98/100 [10:17<00:15,  7.84s/it, -ELBO=0.4211, Potential Metric=0.2184, Entropy Metric=0.0621]

Epoch 98:  50%|█████     | 16/32 [00:03<00:03,  4.33it/s][A
Training Epochs:  98%|█████████▊| 98/100 [10:18<00:15,  7.84s/it, -ELBO=0.4416, Potential Metric=0.2124, Entropy Metric=0.0609]

Epoch 98:  53%|█████▎    | 17/32 [00:04<00:03,  4.29it/s][A
Training Epochs:  98%|█████████▊| 98/100 [10:18<00:15,  7.84s/it, -ELBO=0.4046, Potential Metric=0.1931, Entropy Metric=0.0592]

Epoch 98:  56%|█████▋    | 18/32 [00:04<00:03,  4.27it/s][A
Training Epochs:  98%|█████████▊| 98/100 [10:18<00:15,  7.84s/it, -ELBO=0.3875, Potential Metric=0.2051, Entropy Metric=0.0628]

Epoch 98:  59%|█████▉    | 19/32 [00:04<00:03,  4.09it/s][A
Training Epochs:  98%|█████████▊| 98/100 [10:18<00:15,  7.84s/it, -ELBO=0.4258, Potential Metric=0.1886, Entropy Metric=0.0565]

Epoch 98:  62%|██████▎   | 20/32 [00:04<00:02,  4.15it/s][A
Training Epochs:  98%|█████████▊| 98/100 [10:19<00:15,  7.84s/it, -ELBO=0.4032, Potential Metric=0.2067, Entropy Metric=0.0584]

Epoch 98:  66%|██████▌   | 21/32 [00:05<00:02,  4.21it/s][A
Training Epochs:  98%|█████████▊| 98/100 [10:19<00:15,  7.84s/it, -ELBO=0.4268, Potential Metric=0.1923, Entropy Metric=0.0605]

Epoch 98:  69%|██████▉   | 22/32 [00:05<00:02,  4.14it/s][A
Training Epochs:  98%|█████████▊| 98/100 [10:19<00:15,  7.84s/it, -ELBO=0.4110, Potential Metric=0.2067, Entropy Metric=0.0640]

Epoch 98:  72%|███████▏  | 23/32 [00:05<00:02,  4.11it/s][A
Training Epochs:  98%|█████████▊| 98/100 [10:19<00:15,  7.84s/it, -ELBO=0.4179, Potential Metric=0.2162, Entropy Metric=0.0622]

Epoch 98:  75%|███████▌  | 24/32 [00:05<00:02,  3.99it/s][A
Training Epochs:  98%|█████████▊| 98/100 [10:20<00:15,  7.84s/it, -ELBO=0.4446, Potential Metric=0.2061, Entropy Metric=0.0624]

Epoch 98:  78%|███████▊  | 25/32 [00:06<00:01,  4.05it/s][A
Training Epochs:  98%|█████████▊| 98/100 [10:20<00:15,  7.84s/it, -ELBO=0.4167, Potential Metric=0.2156, Entropy Metric=0.0623]

Epoch 98:  81%|████████▏ | 26/32 [00:06<00:01,  4.06it/s][A
Training Epochs:  98%|█████████▊| 98/100 [10:20<00:15,  7.84s/it, -ELBO=0.4250, Potential Metric=0.1963, Entropy Metric=0.0662]

Epoch 98:  84%|████████▍ | 27/32 [00:06<00:01,  3.94it/s][A
Training Epochs:  98%|█████████▊| 98/100 [10:20<00:15,  7.84s/it, -ELBO=0.4220, Potential Metric=0.2171, Entropy Metric=0.0631]

Epoch 98:  88%|████████▊ | 28/32 [00:06<00:00,  4.01it/s][A
Training Epochs:  98%|█████████▊| 98/100 [10:21<00:15,  7.84s/it, -ELBO=0.4413, Potential Metric=0.1989, Entropy Metric=0.0651]

Epoch 98:  91%|█████████ | 29/32 [00:07<00:00,  4.09it/s][A
Training Epochs:  98%|█████████▊| 98/100 [10:21<00:15,  7.84s/it, -ELBO=0.4207, Potential Metric=0.2117, Entropy Metric=0.0652]

Epoch 98:  94%|█████████▍| 30/32 [00:07<00:00,  4.08it/s][A
Training Epochs:  98%|█████████▊| 98/100 [10:21<00:15,  7.84s/it, -ELBO=0.4316, Potential Metric=0.2223, Entropy Metric=0.0653]

Epoch 98:  97%|█████████▋| 31/32 [00:07<00:00,  4.15it/s][A
Training Epochs:  98%|█████████▊| 98/100 [10:21<00:15,  7.84s/it, -ELBO=0.4227, Potential Metric=0.1893, Entropy Metric=0.0664]

Epoch 98: 100%|██████████| 32/32 [00:07<00:00,  4.23it/s][A

                                                         [A
Training Epochs:  99%|█████████▉| 99/100 [10:21<00:07,  7.88s/it, -ELBO=0.4227, Potential Metric=0.1893, Entropy Metric=0.0664]

Epoch 99:   0%|          | 0/32 [00:00<?, ?it/s][A
Training Epochs:  99%|█████████▉| 99/100 [10:22<00:07,  7.88s/it, -ELBO=0.4088, Potential Metric=0.1859, Entropy Metric=0.0634]

Epoch 99:   3%|▎         | 1/32 [00:00<00:09,  3.32it/s][A
Training Epochs:  99%|█████████▉| 99/100 [10:22<00:07,  7.88s/it, -ELBO=0.4407, Potential Metric=0.1973, Entropy Metric=0.0607]

Epoch 99:   6%|▋         | 2/32 [00:00<00:07,  3.84it/s][A
Training Epochs:  99%|█████████▉| 99/100 [10:22<00:07,  7.88s/it, -ELBO=0.4161, Potential Metric=0.2123, Entropy Metric=0.0616]

Epoch 99:   9%|▉         | 3/32 [00:00<00:07,  4.01it/s][A
Training Epochs:  99%|█████████▉| 99/100 [10:22<00:07,  7.88s/it, -ELBO=0.4305, Potential Metric=0.2101, Entropy Metric=0.0606]

Epoch 99:  12%|█▎        | 4/32 [00:01<00:06,  4.04it/s][A
Training Epochs:  99%|█████████▉| 99/100 [10:23<00:07,  7.88s/it, -ELBO=0.3970, Potential Metric=0.1920, Entropy Metric=0.0597]

Epoch 99:  16%|█▌        | 5/32 [00:01<00:06,  4.05it/s][A
Training Epochs:  99%|█████████▉| 99/100 [10:23<00:07,  7.88s/it, -ELBO=0.3905, Potential Metric=0.2086, Entropy Metric=0.0592]

Epoch 99:  19%|█▉        | 6/32 [00:01<00:06,  4.05it/s][A
Training Epochs:  99%|█████████▉| 99/100 [10:23<00:07,  7.88s/it, -ELBO=0.4078, Potential Metric=0.2117, Entropy Metric=0.0594]

Epoch 99:  22%|██▏       | 7/32 [00:01<00:06,  4.10it/s][A
Training Epochs:  99%|█████████▉| 99/100 [10:23<00:07,  7.88s/it, -ELBO=0.4047, Potential Metric=0.2015, Entropy Metric=0.0598]

Epoch 99:  25%|██▌       | 8/32 [00:01<00:05,  4.17it/s][A
Training Epochs:  99%|█████████▉| 99/100 [10:24<00:07,  7.88s/it, -ELBO=0.4176, Potential Metric=0.1936, Entropy Metric=0.0623]

Epoch 99:  28%|██▊       | 9/32 [00:02<00:05,  4.19it/s][A
Training Epochs:  99%|█████████▉| 99/100 [10:24<00:07,  7.88s/it, -ELBO=0.4392, Potential Metric=0.2083, Entropy Metric=0.0642]

Epoch 99:  31%|███▏      | 10/32 [00:02<00:05,  4.18it/s][A
Training Epochs:  99%|█████████▉| 99/100 [10:24<00:07,  7.88s/it, -ELBO=0.4142, Potential Metric=0.2205, Entropy Metric=0.0619]

Epoch 99:  34%|███▍      | 11/32 [00:02<00:04,  4.25it/s][A
Training Epochs:  99%|█████████▉| 99/100 [10:24<00:07,  7.88s/it, -ELBO=0.4364, Potential Metric=0.1916, Entropy Metric=0.0624]

Epoch 99:  38%|███▊      | 12/32 [00:02<00:04,  4.24it/s][A
Training Epochs:  99%|█████████▉| 99/100 [10:25<00:07,  7.88s/it, -ELBO=0.4360, Potential Metric=0.2202, Entropy Metric=0.0582]

Epoch 99:  41%|████      | 13/32 [00:03<00:04,  4.21it/s][A
Training Epochs:  99%|█████████▉| 99/100 [10:25<00:07,  7.88s/it, -ELBO=0.4370, Potential Metric=0.2079, Entropy Metric=0.0621]

Epoch 99:  44%|████▍     | 14/32 [00:03<00:04,  4.10it/s][A
Training Epochs:  99%|█████████▉| 99/100 [10:25<00:07,  7.88s/it, -ELBO=0.4013, Potential Metric=0.2096, Entropy Metric=0.0620]

Epoch 99:  47%|████▋     | 15/32 [00:03<00:04,  4.03it/s][A
Training Epochs:  99%|█████████▉| 99/100 [10:25<00:07,  7.88s/it, -ELBO=0.4297, Potential Metric=0.1966, Entropy Metric=0.0611]

Epoch 99:  50%|█████     | 16/32 [00:03<00:03,  4.02it/s][A
Training Epochs:  99%|█████████▉| 99/100 [10:26<00:07,  7.88s/it, -ELBO=0.4272, Potential Metric=0.2140, Entropy Metric=0.0596]

Epoch 99:  53%|█████▎    | 17/32 [00:04<00:03,  4.01it/s][A
Training Epochs:  99%|█████████▉| 99/100 [10:26<00:07,  7.88s/it, -ELBO=0.4225, Potential Metric=0.2108, Entropy Metric=0.0583]

Epoch 99:  56%|█████▋    | 18/32 [00:04<00:03,  4.09it/s][A
Training Epochs:  99%|█████████▉| 99/100 [10:26<00:07,  7.88s/it, -ELBO=0.4257, Potential Metric=0.2164, Entropy Metric=0.0628]

Epoch 99:  59%|█████▉    | 19/32 [00:04<00:03,  4.15it/s][A
Training Epochs:  99%|█████████▉| 99/100 [10:26<00:07,  7.88s/it, -ELBO=0.4294, Potential Metric=0.2158, Entropy Metric=0.0596]

Epoch 99:  62%|██████▎   | 20/32 [00:04<00:02,  4.07it/s][A
Training Epochs:  99%|█████████▉| 99/100 [10:27<00:07,  7.88s/it, -ELBO=0.4289, Potential Metric=0.1981, Entropy Metric=0.0580]

Epoch 99:  66%|██████▌   | 21/32 [00:05<00:02,  4.06it/s][A
Training Epochs:  99%|█████████▉| 99/100 [10:27<00:07,  7.88s/it, -ELBO=0.4376, Potential Metric=0.1884, Entropy Metric=0.0595]

Epoch 99:  69%|██████▉   | 22/32 [00:05<00:02,  4.01it/s][A
Training Epochs:  99%|█████████▉| 99/100 [10:27<00:07,  7.88s/it, -ELBO=0.4131, Potential Metric=0.2109, Entropy Metric=0.0631]

Epoch 99:  72%|███████▏  | 23/32 [00:05<00:02,  4.05it/s][A
Training Epochs:  99%|█████████▉| 99/100 [10:27<00:07,  7.88s/it, -ELBO=0.4516, Potential Metric=0.1993, Entropy Metric=0.0598]

Epoch 99:  75%|███████▌  | 24/32 [00:05<00:01,  4.05it/s][A
Training Epochs:  99%|█████████▉| 99/100 [10:28<00:07,  7.88s/it, -ELBO=0.4670, Potential Metric=0.2188, Entropy Metric=0.0615]

Epoch 99:  78%|███████▊  | 25/32 [00:06<00:01,  4.08it/s][A
Training Epochs:  99%|█████████▉| 99/100 [10:28<00:07,  7.88s/it, -ELBO=0.4099, Potential Metric=0.2037, Entropy Metric=0.0639]

Epoch 99:  81%|████████▏ | 26/32 [00:06<00:01,  4.11it/s][A
Training Epochs:  99%|█████████▉| 99/100 [10:28<00:07,  7.88s/it, -ELBO=0.4064, Potential Metric=0.1927, Entropy Metric=0.0599]

Epoch 99:  84%|████████▍ | 27/32 [00:06<00:01,  4.26it/s][A
Training Epochs:  99%|█████████▉| 99/100 [10:28<00:07,  7.88s/it, -ELBO=0.4447, Potential Metric=0.1947, Entropy Metric=0.0597]

Epoch 99:  88%|████████▊ | 28/32 [00:06<00:00,  4.20it/s][A
Training Epochs:  99%|█████████▉| 99/100 [10:29<00:07,  7.88s/it, -ELBO=0.4191, Potential Metric=0.2105, Entropy Metric=0.0597]

Epoch 99:  91%|█████████ | 29/32 [00:07<00:00,  4.24it/s][A
Training Epochs:  99%|█████████▉| 99/100 [10:29<00:07,  7.88s/it, -ELBO=0.3960, Potential Metric=0.2132, Entropy Metric=0.0547]

Epoch 99:  94%|█████████▍| 30/32 [00:07<00:00,  4.31it/s][A
Training Epochs:  99%|█████████▉| 99/100 [10:29<00:07,  7.88s/it, -ELBO=0.4031, Potential Metric=0.2088, Entropy Metric=0.0624]

Epoch 99:  97%|█████████▋| 31/32 [00:07<00:00,  4.33it/s][A
Training Epochs:  99%|█████████▉| 99/100 [10:29<00:07,  7.88s/it, -ELBO=0.4250, Potential Metric=0.2169, Entropy Metric=0.0550]

Epoch 99: 100%|██████████| 32/32 [00:07<00:00,  4.19it/s][A

                                                         [A
Training Epochs: 100%|██████████| 100/100 [10:29<00:00,  7.90s/it, -ELBO=0.4250, Potential Metric=0.2169, Entropy Metric=0.0550]
Training Epochs: 100%|██████████| 100/100 [10:29<00:00,  6.30s/it, -ELBO=0.4250, Potential Metric=0.2169, Entropy Metric=0.0550]
SCLSD_BENCHMARK_EVENT {"cpu_seconds": 1009.9866733819999, "cuda_peak_allocated_bytes": 570585600, "cuda_peak_reserved_bytes": 6677331968, "cuda_start_allocated_bytes": 10991616, "cuda_start_reserved_bytes": 6606028800, "error": null, "event": "stage_end", "name": "training", "status": "ok", "time": "2026-07-17T20:00:23.392759+00:00", "wall_seconds": 630.465532604605}
