index,fate_excluding_DCs,fate_excluding_Ery_1,fate_excluding_HSC_1,fate_excluding_Mono_1,fate_excluding_Precursors,fate_excluding_HSC_2,fate_excluding_Mono_2,fate_excluding_Ery_2
Run4_120703408880541,Ery_2,Mega,Ery_2,Ery_2,Ery_2,Ery_2,Ery_2,Ery_1
Run4_120703409056541,DCs,Precursors,Mega,Mega,Ery_1,Ery_1,Mega,Ery_1
Run4_120703409580963,Mono_1,Mono_1,Mono_1,DCs,Mono_1,Mono_1,Mono_1,Mono_1
Run4_120703423990708,Mono_1,Mono_1,Mono_1,Mono_1,Mono_1,Mono_1,Mono_1,Mono_1
Run4_120703424252854,DCs,DCs,DCs,DCs,DCs,DCs,DCs,DCs
Run4_120703436053366,Ery_1,Ery_1,Ery_2,Ery_2,Ery_1,Ery_2,Ery_2,Mega
Run4_120703436057910,Mega,Mega,Mega,Mega,Mega,Mega,Mega,Mega
Run4_120703436876077,Mono_2,DCs,DCs,DCs,Mono_1,DCs,DCs,DCs
Run4_120703455025387,Mega,DCs,Mega,Mega,Mega,Mega,Mega,DCs
Run4_120726911638237,Ery_1,Mega,DCs,Mega,DCs,Mega,Mega,Mega
Run4_120726912355038,Mono_1,Mono_1,DCs,Mono_2,Mono_1,DCs,Mono_1,Mono_1
Run4_120726924974443,DCs,Mono_1,Mono_1,DCs,Mono_1,Mono_1,Mono_1,Mono_2
Run4_120726924978030,Mono_2,Mono_1,DCs,DCs,Mono_1,DCs,DCs,Mono_2
Run4_120726943295348,Mono_1,Mono_1,Mono_1,DCs,Mono_1,Mono_1,Mono_1,Mono_1
Run4_120726943845302,Mono_1,Mono_1,Mono_1,Mono_1,Mono_1,Mono_1,Mono_1,Mono_1
Run4_120772961130853,Mono_1,DCs,Mono_1,Mega,Mega,Ery_1,Mega,Mega
Run4_120772961168292,Mega,Mega,Ery_2,Ery_2,Mega,Ery_1,Ery_1,Ery_1
Run4_120786758780660,DCs,DCs,DCs,DCs,Ery_2,Mega,Mega,DCs
Run4_120786786086116,Ery_2,DCs,DCs,DCs,DCs,DCs,Mega,DCs
Run4_120786804205803,Mono_1,DCs,DCs,DCs,Mono_2,DCs,DCs,DCs
Run4_120786804401973,Mono_2,Mega,Mono_1,DCs,Mono_1,Mono_1,Mono_1,DCs
Run4_120797898099934,Mono_2,DCs,DCs,DCs,DCs,DCs,Mono_2,DCs
Run4_120797898946870,Ery_2,Ery_2,Ery_2,Ery_2,Ery_2,Ery_2,Ery_2,Ery_2
Run4_120797925428019,DCs,DCs,DCs,DCs,Mono_1,DCs,DCs,DCs
Run4_120797944278244,Ery_2,Ery_1,Ery_2,Ery_2,Ery_2,Ery_1,Ery_2,Ery_1
Run4_120797944309486,Ery_2,Ery_1,Ery_1,Ery_2,Mega,Ery_2,Ery_2,Ery_1
Run4_120797944462237,Ery_1,DCs,DCs,Ery_2,Mono_1,DCs,Mega,DCs
Run4_120797944538971,Ery_2,Ery_1,Mega,Mega,Ery_2,Ery_2,Ery_2,Mega
Run4_120797945018284,Ery_2,Ery_2,Ery_2,Ery_2,Ery_2,Ery_2,Ery_2,Ery_2
Run4_120797945084765,DCs,DCs,DCs,DCs,DCs,DCs,DCs,DCs
Run4_120864497952619,DCs,DCs,DCs,DCs,DCs,DCs,DCs,DCs
Run4_121202296155437,Ery_2,Ery_2,Ery_2,Ery_2,Ery_2,Ery_2,Ery_2,Ery_1
Run4_121202296712412,Mono_2,DCs,DCs,DCs,DCs,DCs,DCs,DCs
Run4_121202296875939,Mono_1,DCs,Mega,Mega,Mono_1,Mega,DCs,HSC_2
Run4_121202311609131,Mono_1,Mono_2,Mono_1,DCs,Mono_2,Mono_1,Mono_1,Mono_1
Run4_121202323408629,Mono_1,Mono_1,Mono_1,Mono_2,Mono_1,Mono_1,Mono_1,Mono_1
Run4_121202323971293,Mono_1,Mono_1,Mono_1,DCs,Mono_1,Mono_1,Mono_1,Mono_1
Run4_121202324139420,Mono_2,DCs,DCs,DCs,DCs,DCs,DCs,DCs
Run4_121276814544302,Mono_1,DCs,Mono_1,DCs,Mono_1,DCs,DCs,DCs
Run4_121276814768869,DCs,DCs,DCs,DCs,DCs,DCs,DCs,DCs
Run4_121319782803691,DCs,DCs,Mono_1,DCs,DCs,DCs,Mono_1,DCs
Run4_121338017995180,Ery_2,Mega,Ery_2,Ery_2,Mega,Mega,Ery_2,Ery_2
Run4_121339869292318,Mono_1,Mono_1,Mono_1,DCs,Mono_1,Mono_1,Mono_1,Mono_1
Run4_121339869579045,Ery_1,Mega,DCs,Ery_2,Mega,DCs,Ery_1,Mega
Run4_121339884197670,DCs,Mega,Mega,Ery_2,Mega,Mega,Ery_2,Mega
Run4_121339897375467,DCs,DCs,DCs,DCs,DCs,DCs,Mono_1,DCs
Run4_121339915976030,HSC_2,Mega,DCs,DCs,Ery_1,DCs,Mono_2,DCs
Run4_121742671661982,Ery_2,Ery_2,Ery_2,Ery_2,Ery_2,Ery_2,Ery_2,Ery_2
Run4_121742672218843,DCs,Mono_1,DCs,DCs,DCs,DCs,Mono_1,DCs
Run4_121742684731182,DCs,Mono_1,DCs,DCs,Mono_1,DCs,Mega,DCs
Run4_121812464876332,DCs,DCs,DCs,DCs,Mono_2,DCs,DCs,DCs
Run4_121812465170790,Ery_2,Ery_2,Ery_2,Ery_2,Ery_2,Ery_2,Ery_2,Ery_2
Run4_121812477504803,Mono_2,DCs,DCs,DCs,Ery_1,DCs,DCs,Mono_1
Run4_121812477659372,Mono_2,DCs,DCs,DCs,Mono_2,DCs,Mono_2,DCs
Run4_121812478016931,Ery_2,Ery_1,Ery_2,Ery_2,Ery_2,Ery_2,Ery_2,Ery_1
Run4_121812496309539,Mono_2,DCs,DCs,DCs,DCs,DCs,DCs,DCs
Run4_121812496627629,Mono_2,Mono_1,DCs,Mono_2,Mono_1,DCs,DCs,DCs
Run4_121826140407589,Ery_1,DCs,DCs,DCs,Mega,DCs,Ery_1,DCs
Run4_121826154859894,DCs,Mega,Ery_1,Mega,Mega,DCs,DCs,DCs
Run4_121826167679902,Mono_1,Mono_1,Mono_1,DCs,Mono_1,Mono_1,Mono_1,Mono_1
Run4_121826168138163,DCs,DCs,Ery_2,DCs,DCs,Ery_1,Mega,Mega
Run4_121826168195803,Mono_1,Mono_1,Mono_1,DCs,Mono_1,Mono_1,Mono_1,Mono_1
Run4_121826187070251,Ery_1,DCs,Ery_2,DCs,Mono_1,Ery_1,DCs,Mono_1
Run4_121879156964651,HSC_2,DCs,DCs,DCs,Mega,DCs,Mono_2,DCs
Run4_121896068106075,Mono_1,Mono_1,Mono_1,DCs,Mono_1,Mono_1,Mono_1,Mono_1
Run4_121896068373812,Mono_2,DCs,DCs,DCs,DCs,DCs,DCs,DCs
Run4_121896095574750,Mono_1,Mono_1,Mono_1,DCs,Mono_1,Mono_1,Mono_1,Mono_1
Run4_121896095603508,DCs,Mono_1,DCs,HSC_2,Mono_1,DCs,Mono_1,DCs
Run4_121896114436398,DCs,DCs,DCs,DCs,DCs,DCs,DCs,DCs
Run4_121955406802230,Ery_2,Mega,Ery_2,Mega,Mega,Ery_1,Ery_1,Mega
Run4_121955407021878,Ery_1,Ery_1,Ery_1,Ery_2,Ery_2,Ery_2,Ery_2,Ery_1
Run4_121955407285596,Mega,Mega,Mega,Mega,Ery_2,Mega,Ery_1,Ery_2
Run4_121955419114358,DCs,HSC_2,DCs,DCs,Mono_2,Ery_1,Ery_1,DCs
Run4_121955419114862,DCs,DCs,DCs,DCs,DCs,DCs,DCs,Mono_1
Run4_121965741528803,Ery_2,Ery_2,Ery_2,Ery_2,Ery_2,Ery_2,Ery_2,Ery_2
Run4_121965753884006,Mono_2,DCs,DCs,DCs,DCs,DCs,DCs,DCs
Run4_121965754366373,Mono_1,Mono_1,Mono_1,DCs,Mono_1,Mono_1,Mono_1,Mono_1
Run4_121965773241694,Ery_2,Ery_2,Ery_2,Ery_2,Ery_2,Ery_2,Ery_2,Ery_1
Run4_122282776423132,Mono_1,DCs,DCs,DCs,DCs,DCs,DCs,DCs
Run4_122282795515302,Ery_2,HSC_1,Mega,DCs,Mega,Mega,Mega,Mega
Run4_122282795519324,DCs,Mono_1,DCs,DCs,DCs,DCs,DCs,DCs
Run4_122282795812787,Ery_2,Mega,Ery_2,Ery_1,Ery_2,Ery_2,Mega,Ery_1
Run4_122293352294813,DCs,DCs,DCs,DCs,DCs,DCs,DCs,DCs
Run4_122293366708085,Ery_2,DCs,DCs,DCs,Mono_1,DCs,DCs,DCs
Run4_122293367462116,DCs,DCs,DCs,DCs,Mono_1,DCs,Mono_1,DCs
Run4_122293367564598,Ery_2,Ery_1,Ery_2,Ery_2,Ery_2,Ery_2,Ery_2,Ery_1
Run4_122293398198509,Mono_1,Mono_1,Mono_1,DCs,Mono_1,Mono_1,Mono_1,Mono_1
Run4_122293399013212,Mono_1,Mono_1,Mono_1,DCs,Mono_1,Mono_1,Mono_1,Mega
Run4_122308384450908,Mono_2,DCs,DCs,DCs,DCs,DCs,DCs,DCs
Run4_122308399066019,DCs,DCs,DCs,DCs,DCs,DCs,DCs,Mono_1
Run4_122308430620398,Mono_2,DCs,DCs,DCs,DCs,DCs,DCs,DCs
Run4_122310412323676,Mono_2,DCs,DCs,DCs,DCs,DCs,DCs,DCs
Run4_122310412626206,Mono_1,Mono_1,Mono_1,DCs,Mono_1,Mega,Mono_1,Mono_1
Run4_122310424910766,DCs,DCs,DCs,DCs,DCs,DCs,DCs,DCs
Run4_122310444373789,HSC_2,DCs,DCs,DCs,Mega,Mega,Mega,Ery_2
Run4_122428778498790,Mono_2,Mono_1,Mono_1,DCs,Mono_2,Mono_1,Mono_1,Mono_1
Run4_122428793175326,Ery_2,Ery_1,Ery_2,Ery_2,Ery_2,Ery_2,Ery_2,Ery_1
Run4_122428793187699,DCs,DCs,DCs,DCs,Ery_1,DCs,Mega,DCs
Run4_122428823883116,DCs,DCs,DCs,DCs,Mono_2,DCs,DCs,DCs
Run4_122428824140061,Mono_2,DCs,DCs,DCs,DCs,DCs,Mega,DCs
Run4_122428824599908,DCs,DCs,DCs,DCs,DCs,DCs,DCs,DCs
Run4_122436428412653,DCs,DCs,DCs,DCs,DCs,DCs,DCs,DCs
Run4_122436428609325,Ery_2,Ery_1,Ery_2,Ery_2,Ery_2,Ery_2,Ery_2,Ery_1
Run4_122436443094253,HSC_2,Mega,Ery_2,DCs,Precursors,Ery_1,Mega,DCs
Run4_122436443330286,Mono_1,Mono_1,Mono_1,DCs,Mono_1,Mono_1,Mono_1,Mono_1
Run4_122436456212725,Mono_1,DCs,DCs,DCs,Mono_1,DCs,DCs,DCs
Run4_122436474493213,Mono_1,Mono_1,Mono_1,DCs,Mono_1,Mono_1,Mono_1,Mono_1
Run4_122436475018661,Mono_2,DCs,DCs,DCs,DCs,DCs,DCs,DCs
Run4_122514677619036,Ery_2,DCs,DCs,DCs,Mono_1,Ery_1,Mono_1,Mega
Run4_122514692500702,DCs,DCs,Ery_2,Mega,Mega,HSC_1,Mega,Mega
Run4_122514723751852,Mono_1,Mono_1,Mono_1,DCs,Mono_1,Mono_1,Mono_1,Mono_1
Run4_125042399558901,Ery_2,DCs,Ery_2,Ery_2,Mega,DCs,Mega,Mega
Run4_125042400315742,DCs,DCs,Mono_2,DCs,Ery_1,Mega,Mega,DCs
Run4_125042414278451,DCs,DCs,DCs,DCs,DCs,DCs,DCs,DCs
Run4_125042414733164,Ery_2,Ery_2,Ery_2,Ery_2,Ery_2,Ery_2,Ery_2,Ery_1
Run4_125042426763101,Mono_1,DCs,Mega,Ery_2,Ery_1,DCs,Ery_1,DCs
Run4_125042445641635,Mono_2,DCs,DCs,DCs,DCs,DCs,Mono_2,Mono_1
Run4_125197018315102,Mono_1,Mono_1,Mono_1,DCs,Mono_1,Mono_1,Mono_1,Mono_1
Run4_125197033818014,Mono_1,Mono_1,Mono_1,DCs,DCs,DCs,Mono_1,Mono_1
Run4_125197045586333,Mono_2,Mono_1,Mono_1,DCs,Mono_2,Mono_1,Mono_1,Mono_1
Run4_125197046212445,DCs,DCs,Mono_1,DCs,Mono_1,DCs,Mega,DCs
Run4_125197046434094,HSC_2,DCs,DCs,DCs,Mega,DCs,DCs,DCs
Run4_125239714305827,Ery_2,Ery_1,Ery_2,Ery_2,Ery_2,Ery_2,Ery_2,Ery_2
Run4_125239714765020,Mono_1,Mono_1,Mono_1,DCs,Mono_1,Mono_1,Mono_1,Mono_1
Run4_125239745961379,Mono_1,Mono_1,Mono_1,Mono_2,Mono_1,Mono_1,Mono_1,Mono_1
Run4_125239746509676,DCs,Mono_1,Ery_2,Mega,DCs,Ery_1,DCs,DCs
Run4_125247350487987,Ery_2,Ery_1,Ery_2,Ery_2,Ery_2,Ery_2,Ery_2,Ery_1
Run4_125247350523828,Ery_2,DCs,Ery_2,Ery_2,Ery_2,Ery_2,Ery_2,Ery_1
Run4_125247364709155,Mono_2,DCs,DCs,DCs,Mono_2,DCs,DCs,DCs
Run4_125247364970933,Ery_2,Ery_2,Ery_2,Ery_2,Ery_2,Ery_2,Ery_2,Ery_1
Run4_125677920545627,Ery_2,Mega,DCs,DCs,Mega,Ery_1,Ery_1,Mono_1
Run4_125677920970611,DCs,DCs,DCs,DCs,Ery_1,Precursors,DCs,DCs
Run4_125677921254187,Mono_2,DCs,DCs,DCs,Mono_1,DCs,DCs,DCs
Run4_125677921266413,Ery_2,Mega,DCs,DCs,Mega,Precursors,Mega,Mega
Run4_125677947799403,DCs,DCs,DCs,DCs,HSC_2,DCs,DCs,Mono_2
Run4_125677966585070,Mega,Mega,Mega,Mega,Mega,Mega,Mega,Mega
Run4_125677967206756,Mono_2,DCs,DCs,DCs,DCs,DCs,DCs,DCs
Run4_125719945276334,Mono_2,DCs,DCs,DCs,Mono_1,Precursors,Mega,DCs
Run4_125719945333155,Ery_1,Ery_2,Ery_2,Ery_2,Ery_2,Ery_2,Ery_2,Ery_1
Run4_125719976725363,HSC_2,Mono_1,Ery_2,Mega,Ery_1,Mono_1,Ery_1,Ery_1
Run4_125719977541037,DCs,DCs,DCs,DCs,DCs,DCs,DCs,DCs
Run4_125719977548197,DCs,DCs,DCs,DCs,DCs,DCs,DCs,DCs
Run4_125728252684085,Mono_2,Mono_1,DCs,DCs,Mono_2,DCs,Mono_1,Mono_1
Run4_125728252905323,HSC_2,DCs,DCs,DCs,Mono_2,DCs,Mega,DCs
Run4_125728266829044,DCs,DCs,DCs,Ery_2,Mega,Mega,DCs,DCs
Run4_125728267127014,Mono_1,Mono_1,Mono_1,DCs,Mono_1,Mono_1,Mono_1,Mono_1
Run4_125728267327389,DCs,DCs,DCs,DCs,Mono_1,DCs,DCs,DCs
Run4_125728298232628,Mono_1,Mono_1,Mono_1,DCs,Mono_2,Mono_1,DCs,Mono_1
Run4_125745298098036,Ery_2,Ery_1,Ery_2,Ery_2,Ery_2,Ery_2,Ery_2,Ery_1
Run4_125745298291501,DCs,DCs,Ery_2,DCs,Mega,DCs,Mega,Mega
Run4_125745344199091,Mono_2,Mono_2,DCs,DCs,Mono_1,DCs,DCs,DCs
Run4_126132128005486,HSC_2,DCs,DCs,DCs,Mega,DCs,DCs,Precursors
Run4_126132128200630,DCs,DCs,DCs,DCs,Mono_2,DCs,DCs,DCs
Run4_126132128500452,Mono_2,DCs,DCs,DCs,Mono_1,Ery_2,DCs,DCs
Run4_126132141381982,DCs,DCs,DCs,DCs,Mono_2,Mono_1,DCs,DCs
Run4_126132159462771,Ery_2,Ery_2,Ery_2,Ery_2,Ery_2,Ery_2,Ery_2,Ery_2
Run4_126149051926902,Mono_2,DCs,DCs,DCs,Mono_1,DCs,DCs,DCs
Run4_126149052745526,Ery_2,Ery_1,Ery_2,Ery_2,Ery_2,Ery_2,Ery_2,Ery_2
Run4_126149071067430,Mono_1,Mono_1,Mono_1,DCs,Mono_2,Mono_1,Ery_1,Mono_1
Run4_126149071162742,Precursors,DCs,DCs,DCs,DCs,Mono_1,Mega,DCs
Run4_126218818710238,Ery_2,Ery_2,Ery_2,Ery_2,Ery_2,Ery_2,Ery_2,Ery_2
Run4_126218832627933,Ery_2,DCs,Mega,DCs,DCs,Ery_1,Mega,Mega
Run4_126218845501230,Mono_1,DCs,DCs,DCs,DCs,DCs,DCs,DCs
Run4_126218845961141,Ery_1,DCs,Mega,DCs,Mono_1,Mega,Mega,Mono_1
Run4_126218845964661,DCs,DCs,DCs,DCs,Mega,DCs,Mono_2,DCs
Run4_126218864355163,Mono_1,Mono_1,Mono_1,DCs,Mono_1,Mono_1,Mono_1,Mono_1
Run4_126218864650676,Ery_2,Mega,Ery_2,Ery_2,Ery_2,Ery_2,Ery_2,Ery_1
Run4_126227542817590,DCs,DCs,DCs,DCs,Mega,Mega,DCs,HSC_1
Run4_126227542919516,DCs,DCs,DCs,DCs,Mono_1,DCs,Ery_2,DCs
Run4_126227557039341,DCs,Mono_1,DCs,DCs,DCs,DCs,DCs,DCs
Run4_126227557046070,Ery_2,Mega,Ery_1,Ery_2,Ery_2,Ery_1,Ery_2,Ery_1
Run4_126227557243316,Mono_2,Mono_1,DCs,DCs,DCs,DCs,DCs,DCs
Run4_126227569366820,Precursors,DCs,DCs,DCs,Mono_2,DCs,DCs,DCs
Run4_126227569621427,DCs,DCs,DCs,DCs,DCs,DCs,DCs,DCs
Run4_126227588246750,DCs,DCs,DCs,DCs,DCs,DCs,DCs,Mono_1
Run4_126227588791004,DCs,DCs,DCs,DCs,DCs,DCs,DCs,DCs
Run4_126227588802285,Mono_1,DCs,Mono_2,DCs,Mono_1,DCs,DCs,DCs
Run4_126293980141348,Ery_2,Ery_1,Ery_2,Ery_2,Mega,Ery_1,Ery_2,Ery_1
Run4_126293980661533,Mono_2,DCs,DCs,DCs,DCs,DCs,DCs,DCs
Run4_126293994757531,Mega,Mega,Mega,Mega,Mega,Mega,Mega,Mega
Run4_126294007335772,Mono_1,Mono_1,Mono_1,DCs,Mono_1,Mono_1,Mono_1,Mono_1
Run4_126294026566566,DCs,DCs,DCs,DCs,DCs,DCs,Mega,DCs
Run4_126364069050716,Mono_1,Mono_1,Mono_1,Mono_2,Mono_1,Mono_1,Mono_1,Mono_1
Run4_126364069287782,Mono_1,Mono_1,Mono_1,Mono_2,Mono_1,Mono_1,Mono_1,Mono_1
Run4_126364087900021,DCs,DCs,DCs,DCs,DCs,DCs,DCs,DCs
Run4_126364087905005,Mono_2,DCs,DCs,DCs,DCs,DCs,DCs,DCs
Run4_126364087905510,DCs,Mono_1,DCs,DCs,Mega,Ery_1,Mega,Mono_1
Run4_126364088155371,Mono_2,DCs,DCs,DCs,DCs,DCs,Mono_2,DCs
Run4_126680929782694,Mono_1,Mono_1,Mono_1,DCs,Mono_1,Mono_1,Mono_1,Mono_1
Run4_126680929789814,Mono_2,DCs,Mono_1,DCs,Mono_1,DCs,DCs,DCs
Run4_126680944201140,Mono_2,DCs,DCs,DCs,DCs,DCs,DCs,DCs
Run4_126680957369771,Mono_1,Mono_1,Mono_1,Mono_1,Mono_1,Mono_1,Mono_2,Mono_2
Run4_126680975730542,DCs,DCs,DCs,DCs,Ery_2,DCs,DCs,DCs
Run4_126680975759790,Ery_1,DCs,DCs,DCs,Mono_1,DCs,Ery_1,Mega
Run4_126680975988467,Mono_1,Mono_1,Mono_1,Mono_2,Mono_2,DCs,Mono_2,DCs
Run4_126680976217949,DCs,DCs,DCs,DCs,DCs,DCs,DCs,DCs
Run4_126681615616421,Mono_2,Mono_1,DCs,DCs,DCs,Mega,Mega,DCs
Run4_126681627872157,DCs,DCs,DCs,DCs,DCs,DCs,Mono_1,DCs
Run4_126681646815132,DCs,DCs,DCs,DCs,Mono_1,DCs,Mono_1,DCs
Run4_126681647049453,Ery_2,Mono_2,Ery_2,Mega,Mega,Ery_1,Ery_2,Ery_1
Run4_126706324032926,DCs,DCs,DCs,DCs,Ery_1,DCs,Mono_2,Mono_1
Run4_126706324223852,DCs,DCs,DCs,DCs,DCs,DCs,DCs,DCs
Run4_126706324232987,DCs,DCs,DCs,DCs,DCs,DCs,DCs,DCs
Run4_126706324233525,Mono_1,Mono_1,Mono_1,DCs,Mono_1,Mono_1,Mono_1,Mono_1
Run4_126706343636326,Mono_2,DCs,DCs,DCs,DCs,DCs,Mono_2,DCs
Run4_126707773105894,Ery_2,Ery_1,Ery_2,Ery_2,Ery_2,Ery_2,Ery_2,Ery_2
Run4_126707788531571,Ery_2,Ery_1,Ery_2,Ery_2,Ery_2,Ery_2,Ery_2,Ery_2
Run4_126707800401843,Ery_2,Ery_2,Ery_2,Ery_2,Ery_2,Ery_2,Ery_2,Ery_1
Run4_126707800665315,DCs,Mono_1,DCs,DCs,Mono_2,DCs,Mono_1,DCs
Run4_126707819506413,Ery_2,Ery_2,Ery_2,Ery_2,Ery_2,Ery_2,Ery_2,Ery_1
Run4_126765621266222,Mega,DCs,DCs,Mega,Mega,Mega,Ery_1,Mega
Run4_126765621271260,Mono_2,DCs,DCs,DCs,DCs,DCs,DCs,DCs
Run4_126765648702707,Mono_1,Mono_1,Mono_1,DCs,Mono_1,Mono_1,Mono_1,Mono_1
Run4_126765667137964,DCs,DCs,DCs,DCs,Mono_2,DCs,DCs,DCs
Run4_126776224102750,Ery_2,Ery_1,Ery_2,Ery_2,Ery_2,Ery_2,Ery_2,Ery_1
Run4_126776224472427,Mono_1,Mono_1,Mono_1,DCs,Mono_1,Mono_1,Mono_1,Mono_1
Run4_126776224631582,Ery_2,Ery_2,Ery_2,Ery_2,Ery_2,Ery_2,Ery_2,Ery_2
Run4_126776224967005,DCs,DCs,DCs,DCs,Mono_1,DCs,DCs,Mega
Run4_126776238855982,Mega,Mega,Mega,Mega,Mega,Mega,Mega,Mega
Run4_126776251899293,Ery_2,Mega,Mega,Mono_2,Mega,DCs,Mega,Mega
Run4_126776251931483,Mono_2,Mono_1,Mono_2,Mono_2,Mono_1,Mono_1,Mono_1,Mono_1
Run4_126776270318502,Ery_2,DCs,Ery_2,Ery_2,Ery_2,Ery_2,Ery_1,Ery_1
Run4_126776271099742,Mono_2,DCs,DCs,DCs,DCs,DCs,DCs,DCs
Run4_126834220845997,Mono_1,DCs,DCs,DCs,DCs,DCs,DCs,DCs
Run4_126834220883372,Ery_2,DCs,Ery_2,DCs,HSC_2,Mega,DCs,DCs
Run4_126834233760486,Mono_1,Mono_1,Mono_1,DCs,Mono_1,Mono_1,Mono_1,Mono_1
Run4_126834234285342,DCs,DCs,DCs,DCs,Ery_2,DCs,Mega,DCs
Run4_126834252307822,Ery_2,DCs,DCs,DCs,Mega,Ery_1,Mega,DCs
Run4_126834252630899,Mega,Mega,Mega,Mega,Mega,Mega,Mega,Mega
Run4_126834252633822,DCs,Mono_1,DCs,DCs,Mono_1,DCs,Mono_1,Mono_1
Run4_126835160693155,Ery_2,Ery_1,Ery_1,Ery_2,Ery_2,Ery_2,Ery_2,Ery_1
Run4_126835160956259,DCs,DCs,DCs,DCs,DCs,DCs,DCs,DCs
Run4_126835173481885,Mono_2,Mono_1,DCs,DCs,Mono_1,Mono_1,Mono_2,Mono_1
Run4_126835173775662,Mono_1,Mono_1,DCs,DCs,Mono_1,Mono_1,Mono_1,Mono_1
Run4_126835192150451,DCs,DCs,DCs,DCs,DCs,DCs,DCs,DCs
Run4_126836622191451,Mono_1,DCs,Ery_1,Mega,Mega,Mega,Mega,Mono_1
Run4_126836636804846,Ery_1,Ery_1,DCs,Mega,Mono_1,Precursors,Mono_1,Mega
Run4_126836649679270,Mono_2,Mono_1,DCs,DCs,Mono_2,DCs,DCs,DCs
Run4_126836650134317,Ery_2,Ery_1,Ery_2,Ery_2,Ery_2,Ery_2,Ery_2,Ery_1
Run4_126836669073710,Ery_1,Mega,Ery_2,Mega,Mega,Mega,Mega,Ery_1
Run4_126836669073780,Mono_2,DCs,DCs,DCs,Mono_1,DCs,DCs,DCs
Run4_126885745777500,Mono_2,DCs,DCs,DCs,Mono_1,Mono_2,Mono_1,Mono_1
Run4_126885745838956,Mono_2,Mono_2,Mono_1,DCs,Mono_2,Mono_1,Mono_2,Mono_1
Run4_126885760485302,DCs,DCs,DCs,Ery_2,Mono_2,DCs,Ery_2,Ery_1
Run4_126885760784172,DCs,DCs,DCs,DCs,Mono_2,DCs,Mono_2,DCs
Run4_126885773306787,Ery_2,Ery_2,Ery_2,Ery_2,Ery_2,Ery_2,Ery_2,Ery_1
Run4_126885773822901,Ery_1,Mega,Ery_2,Ery_2,Mega,Mega,Mega,Ery_1
Run4_126885773859179,DCs,DCs,DCs,DCs,Mega,Ery_1,Ery_2,DCs
Run4_126885792795486,HSC_2,DCs,Ery_2,DCs,Mega,Precursors,Ery_2,Ery_1
Run4_126886685359012,Mono_1,Mono_1,Mono_1,DCs,Mono_1,Mono_1,Mono_1,Mono_1
Run4_126886685359349,Mono_1,Mono_1,Mono_1,Ery_2,Mono_1,Mono_1,Mono_1,Mono_1
Run4_126886685556019,Mono_1,Mono_1,Mono_1,DCs,Mono_1,Mono_1,Mono_1,Mono_1
Run4_126886685825781,Mono_1,Mono_1,Mono_1,DCs,Mono_1,Mono_1,Mono_1,Mono_1
Run4_126886700599133,DCs,Mono_1,DCs,DCs,DCs,DCs,DCs,DCs
Run4_126886700825827,Mono_2,DCs,DCs,DCs,DCs,DCs,Mono_2,DCs
Run4_126886713125724,Mono_1,Mono_1,Mono_1,HSC_2,Mono_1,Mono_1,Mono_1,Mono_1
Run4_126886713386862,DCs,DCs,DCs,DCs,DCs,DCs,DCs,DCs
Run4_129457491688822,DCs,Mono_1,Mono_2,DCs,Mono_2,Mono_2,DCs,DCs
Run4_129457491929955,Mono_1,Mono_1,Mono_1,DCs,Mono_1,Mono_1,Mono_1,Mono_1
Run4_129457506867427,Ery_2,Ery_1,Mega,Ery_2,Ery_2,Ery_2,Ery_2,Ery_1
Run4_129457519708470,DCs,DCs,DCs,DCs,DCs,DCs,Mono_2,DCs
Run4_129457538058668,Mono_1,Mono_1,Mono_1,DCs,Mono_1,Mono_1,Mono_1,Mono_1
Run4_129457538329326,Ery_2,Ery_2,Ery_2,Ery_2,Ery_2,Ery_2,Ery_2,Ery_2
Run4_129457538349940,Ery_2,Mega,Ery_2,Mega,Mega,Ery_2,Ery_2,Ery_1
Run4_129497354684213,Mono_2,Mega,Mono_1,DCs,Mono_1,Ery_1,Mega,DCs
Run4_129497381947316,DCs,Mega,Ery_2,DCs,Mega,Mega,DCs,DCs
Run4_129497382115619,DCs,DCs,DCs,DCs,DCs,DCs,DCs,DCs
Run4_129497382151987,Ery_1,DCs,DCs,DCs,Mono_1,DCs,Mono_1,DCs
Run4_129497401249067,DCs,DCs,DCs,DCs,Mega,DCs,DCs,DCs
Run4_129565671210277,Mono_2,DCs,DCs,DCs,DCs,DCs,DCs,DCs
Run4_129565671745261,Mono_1,Mono_1,Mono_1,Mono_2,Mono_1,Mono_1,Mono_1,Mono_1
Run4_129565671779052,DCs,DCs,DCs,DCs,DCs,DCs,Mono_1,DCs
Run4_129565698677470,DCs,DCs,DCs,DCs,DCs,DCs,DCs,DCs
Run4_129565699234094,Mono_2,DCs,DCs,DCs,DCs,DCs,DCs,DCs
Run4_129565717621533,Mono_2,DCs,DCs,DCs,Mono_1,DCs,DCs,DCs
Run4_129582985309044,Ery_1,DCs,DCs,DCs,Mega,DCs,Mono_1,Mega
Run4_129582985497013,DCs,DCs,DCs,DCs,DCs,DCs,DCs,DCs
Run4_129582985592221,Ery_2,DCs,Mega,DCs,Mono_1,Mega,Mega,DCs
Run4_129582985828700,Mono_1,Mono_1,Mono_1,Mono_2,Mono_1,Mono_1,Mono_1,Mono_1
Run4_129583032002916,Ery_2,Mega,DCs,Mega,Mega,DCs,DCs,HSC_1
Run4_129663530646894,DCs,DCs,DCs,DCs,DCs,DCs,DCs,DCs
Run4_129663530821476,DCs,DCs,DCs,DCs,Mega,DCs,DCs,DCs
Run4_129663530850526,Mono_2,DCs,DCs,DCs,DCs,DCs,DCs,Mono_2
Run4_129663530919645,DCs,Mono_1,Precursors,Mega,Ery_2,Mega,DCs,Mega
Run4_129663543921453,Ery_2,Ery_2,Ery_2,Ery_2,Ery_2,Ery_2,Ery_2,Ery_1
Run4_129978390767926,DCs,Mono_1,DCs,DCs,Mono_1,Mono_1,Mono_1,Mono_1
Run4_129978418219877,Ery_2,Ery_1,Ery_2,Ery_2,Ery_2,Ery_2,Ery_2,Ery_1
Run4_130057594071836,Ery_1,Mega,Mega,Mega,Mega,Mega,Ery_2,Ery_1
Run4_130057606915939,DCs,DCs,DCs,DCs,DCs,DCs,DCs,DCs
Run4_130057607240948,Ery_2,Ery_2,Ery_2,Ery_2,Ery_2,Ery_2,Ery_2,Ery_2
Run4_130126432922459,Mono_1,Mono_1,Mono_1,Mono_2,Mono_1,Mono_1,Mono_1,Mono_1
Run4_130126433146612,Ery_2,Ery_2,Ery_2,Ery_2,Ery_2,Ery_2,Ery_2,Ery_1
Run4_130126433671915,DCs,DCs,DCs,Ery_2,Ery_2,DCs,DCs,Ery_2
Run4_130126447786731,DCs,DCs,DCs,DCs,DCs,DCs,DCs,DCs
Run4_130126448081643,Ery_2,Ery_1,Ery_2,Ery_2,Ery_2,Ery_2,Ery_2,Ery_1
Run4_130126460111589,Ery_2,Mega,Ery_2,Ery_1,Ery_2,Mega,Ery_2,Ery_1
Run4_130126460635380,Ery_2,DCs,Mega,DCs,Ery_2,DCs,Mega,Mega
Run4_130126479289627,DCs,DCs,Mono_1,DCs,DCs,DCs,DCs,DCs
Run4_130126479550812,Ery_2,DCs,Mega,Mega,Mega,Mega,Mega,DCs
Run4_130134889323939,Mono_1,Mono_2,Mono_2,DCs,Mono_2,Mono_1,Mono_2,DCs
Run4_130134889380206,Ery_1,Mono_1,DCs,DCs,DCs,DCs,DCs,Mono_1
Run4_130134903733660,HSC_2,DCs,DCs,DCs,DCs,DCs,Mega,DCs
Run4_130134915861341,Mono_2,Mono_2,Mono_1,DCs,DCs,Mono_1,Mono_2,DCs
Run4_130134915902195,DCs,DCs,DCs,DCs,DCs,DCs,DCs,DCs
Run4_130134916164899,DCs,DCs,DCs,DCs,DCs,DCs,DCs,DCs
Run4_130134934768988,Ery_1,Mono_1,DCs,DCs,Mono_1,DCs,Mono_1,DCs
Run4_130134935485860,DCs,DCs,DCs,DCs,Mega,Ery_1,DCs,DCs
Run4_130142270581557,Mega,DCs,Mega,Mega,Ery_2,Mega,Mega,Mega
Run4_130142271298979,HSC_2,DCs,Ery_1,Mega,DCs,DCs,Mono_2,Mega
Run4_130142286047156,Mono_2,DCs,Ery_2,Ery_2,DCs,HSC_1,DCs,DCs
Run4_130142297803558,Mono_2,Mono_1,DCs,DCs,DCs,DCs,DCs,DCs
Run4_130142298069875,Ery_2,DCs,Mega,Mega,Mega,Ery_2,Ery_2,Ery_1
Run4_130142298126126,Ery_2,Mega,DCs,DCs,DCs,HSC_1,Mega,DCs
Run4_130142298127654,Ery_2,Ery_2,Ery_2,Ery_2,Ery_2,Ery_2,Ery_2,Ery_1
Run4_130142298336179,Mono_1,DCs,DCs,DCs,DCs,DCs,DCs,DCs
Run4_130142298659099,Ery_2,Ery_2,Ery_2,Ery_2,Ery_2,Ery_2,Ery_2,Ery_2
Run4_130142316947294,Ery_2,Ery_1,Ery_2,Ery_2,Ery_2,Ery_2,Ery_2,Ery_1
Run4_130142317537517,DCs,DCs,DCs,DCs,Mono_1,DCs,Mono_1,DCs
Run4_130144686697374,DCs,DCs,Ery_2,Mega,Precursors,Ery_1,Mega,DCs
Run4_130144686946166,Ery_2,Ery_2,Ery_2,Ery_2,Ery_2,Ery_2,Ery_2,Ery_1
Run4_130144701430572,DCs,DCs,Ery_2,DCs,Ery_1,Ery_2,Mega,Mega
Run4_130144713726813,DCs,DCs,DCs,Mono_2,Mono_1,DCs,Mega,Mega
Run4_130144714475947,Mono_2,DCs,DCs,DCs,DCs,DCs,DCs,DCs
Run4_130144732600101,Mono_1,Mono_1,Mono_1,DCs,Mono_1,Mono_1,Mono_1,Mono_1
Run4_130144733181734,Mono_1,Mono_1,Mono_1,DCs,Mono_1,Mono_1,Mono_1,Mono_2
Run4_130144733412140,DCs,DCs,DCs,DCs,DCs,DCs,DCs,DCs
Run4_130184146962341,Mono_1,Mono_1,Mono_1,DCs,Mono_1,Mono_1,Mono_1,Mono_1
Run4_130184146991460,DCs,DCs,DCs,DCs,DCs,DCs,DCs,HSC_1
Run4_130184147004718,Mono_1,Mega,Mega,DCs,Mega,DCs,DCs,Ery_2
Run4_130184147257766,Ery_2,DCs,Ery_2,Ery_2,Ery_2,Ery_2,Ery_2,Ery_1
Run4_130184161421148,DCs,DCs,DCs,DCs,Mono_1,Mono_1,DCs,DCs
Run4_130184174557939,Ery_2,Ery_1,Ery_2,Ery_2,Ery_2,Ery_2,Ery_2,Ery_1
Run4_130184192936371,Mono_1,DCs,Ery_2,DCs,Mono_1,DCs,DCs,DCs
Run4_130184193206109,Ery_2,Mega,Mega,Ery_2,Mega,Mega,Mega,Mega
Run4_130185503324012,Mono_2,DCs,DCs,DCs,DCs,DCs,DCs,DCs
Run4_130185503820724,Mono_2,DCs,DCs,DCs,DCs,DCs,DCs,DCs
Run4_130185516701998,Mono_1,Mono_1,Mono_1,DCs,Mono_1,Mono_1,Mono_1,Mono_1
Run4_130185534827748,Mono_2,DCs,DCs,DCs,Mono_2,DCs,DCs,DCs
Run4_130185535306013,DCs,DCs,DCs,DCs,Mega,Mono_1,Mega,Mega
Run4_130194227447726,DCs,DCs,DCs,DCs,DCs,DCs,DCs,DCs
Run4_130194227489708,Mono_1,Mono_2,Mono_1,DCs,Mono_1,Mono_1,Mono_1,Mono_1
Run4_130194227514652,HSC_2,DCs,DCs,DCs,DCs,DCs,Mega,DCs
Run4_130194227747676,Ery_2,Mega,Ery_2,Ery_2,Ery_2,Ery_2,Ery_2,Ery_1
Run4_130194240822060,Mono_2,DCs,DCs,DCs,DCs,DCs,DCs,DCs
Run4_130194259688686,DCs,DCs,DCs,DCs,Mono_1,DCs,DCs,DCs
Run4_130203904260851,Mono_2,Precursors,DCs,DCs,Mega,DCs,Mega,DCs
Run4_130529086781342,DCs,Mono_1,DCs,DCs,DCs,DCs,Mono_1,DCs
Run4_130529086818542,Mono_1,Mono_1,Mono_1,DCs,Mono_1,Mono_1,Mono_1,Mono_1
Run4_130529100774814,DCs,DCs,DCs,DCs,Ery_1,Mono_1,DCs,DCs
Run4_130529101532508,DCs,DCs,DCs,DCs,DCs,DCs,Mono_1,DCs
Run4_130529113782572,Mono_1,Mono_1,Mono_1,DCs,Mono_1,Mono_1,Mono_1,Mono_1
Run4_130529113819493,DCs,DCs,DCs,DCs,Mega,Mega,Mega,DCs
Run4_130529132723550,Mono_2,DCs,DCs,DCs,Mono_1,DCs,DCs,DCs
Run4_130529132926812,Ery_2,Ery_1,Ery_2,Ery_2,Ery_2,Ery_2,Ery_2,Ery_1
Run4_130531368060718,Mono_2,DCs,DCs,DCs,Mono_1,DCs,DCs,DCs
Run4_130531382486963,Mono_1,Mono_1,Mono_1,Mono_2,Mono_1,Mono_1,Mono_1,Mono_1
Run4_130624783240604,Ery_2,Ery_1,Ery_2,Ery_2,Ery_2,Ery_1,Ery_2,Ery_1
Run4_130624798276324,Ery_2,Ery_2,Ery_2,Ery_2,Ery_2,Ery_2,Ery_2,Ery_1
Run4_130624798508909,Mono_1,Mono_1,Ery_2,Ery_2,Ery_2,Ery_1,Mega,Ery_1
Run4_130624810796893,HSC_2,DCs,DCs,DCs,Ery_2,DCs,DCs,DCs
Run4_130624830160110,Ery_2,Mono_1,DCs,DCs,Mega,DCs,DCs,DCs
Run4_130675115223459,Ery_2,Mega,Mega,Mega,Mega,Mega,Mega,Mega
Run4_130675143007539,Mega,Mono_1,DCs,DCs,Mega,DCs,Mono_1,Mono_1
Run4_130693100129694,Mono_2,DCs,DCs,DCs,DCs,DCs,DCs,DCs
Run4_130693115301102,DCs,DCs,DCs,DCs,Mono_1,Ery_1,Mono_1,DCs
Run4_130693115627438,Ery_2,Mega,DCs,DCs,Ery_1,Mega,Mega,DCs
Run4_130693146729315,DCs,DCs,DCs,DCs,Mega,HSC_2,Mega,DCs
Run4_130736318245604,Ery_2,DCs,DCs,DCs,Mega,Ery_2,DCs,Mega
Run4_130736318737710,Mono_1,Mono_1,Mono_1,DCs,Mono_1,Mono_1,Mono_1,Mono_1
Run4_130736332883894,DCs,DCs,DCs,DCs,DCs,DCs,DCs,DCs
Run4_130736333405099,DCs,DCs,DCs,DCs,DCs,Ery_2,DCs,Mono_2
Run4_130736333471003,Ery_2,Ery_2,Ery_2,Ery_2,Ery_2,Ery_2,Ery_2,Ery_1
Run4_130736333643108,Mono_2,DCs,Mono_1,DCs,Mono_2,DCs,DCs,DCs
Run4_130736365160732,Ery_1,DCs,DCs,Mono_2,Mega,DCs,DCs,Ery_2
Run4_130754437867933,Ery_2,DCs,DCs,DCs,Mono_1,DCs,DCs,Mono_2
Run4_130754452543710,DCs,DCs,DCs,DCs,DCs,DCs,DCs,DCs
Run4_130754465193270,Precursors,DCs,DCs,DCs,DCs,DCs,DCs,DCs
Run4_130754465351916,Ery_2,Ery_2,Ery_2,Ery_2,Ery_2,Ery_2,Ery_2,Ery_2
Run4_130754465458027,Ery_1,Mega,Ery_2,Ery_2,Mega,Mega,Ery_2,Ery_1
Run4_130761014603109,Mono_1,DCs,Mega,Ery_2,Ery_2,DCs,Mono_1,Mono_1
Run4_130761029764851,Mono_1,Mono_1,Mono_1,Mono_2,Mono_1,Mono_1,Mono_1,Mono_1
Run4_130761042282796,Mono_1,Mono_2,Mono_1,Mono_2,Mono_1,Mono_1,Mono_1,Mono_1
Run4_130761061195188,Mono_2,DCs,DCs,DCs,Mono_2,DCs,DCs,DCs
Run4_131089713515934,DCs,DCs,DCs,DCs,Mega,DCs,DCs,Mono_1
Run4_131089728129452,Mono_1,Mono_1,Mono_1,DCs,Mono_1,Mono_1,Mono_1,Mono_1
Run4_131089728190190,Mono_2,Mono_1,Mono_1,DCs,Mono_1,Mono_1,Mono_2,Mono_1
Run4_131089728203500,Mono_1,Mono_1,Mono_1,Mono_2,Mono_1,Mono_1,Mono_1,Mono_1
Run4_131089728235884,DCs,DCs,DCs,DCs,DCs,DCs,DCs,DCs
Run4_131089759922011,DCs,DCs,DCs,DCs,Mono_2,DCs,Mono_1,DCs
Run4_131097901088157,DCs,DCs,DCs,DCs,DCs,DCs,Mono_1,DCs
Run4_131097901316828,Mono_1,Mono_1,Mono_1,DCs,Mono_1,Mono_1,Mono_1,Mono_1
Run4_131097928022955,Ery_2,Ery_2,Ery_2,Ery_2,Ery_1,Ery_2,Ery_2,Ery_1
Run4_131097928100724,DCs,DCs,DCs,DCs,Mega,DCs,Mono_1,DCs
Run4_131097928330142,Ery_2,Ery_2,Ery_2,Ery_2,Ery_2,Ery_1,Ery_2,Ery_1
Run4_131097928816924,Ery_2,Ery_1,Ery_2,Ery_2,Ery_2,Ery_1,Ery_2,Ery_1
Run4_131097946962348,DCs,Mono_1,DCs,DCs,DCs,DCs,DCs,DCs
Run4_131097947127195,Mono_2,DCs,DCs,DCs,DCs,DCs,DCs,DCs
Run4_131175210441444,Ery_1,Mega,Mega,Mega,Ery_2,Ery_2,Ery_1,Ery_1
Run4_131175225707747,DCs,Mono_1,DCs,DCs,Mono_2,DCs,DCs,DCs
Run4_131175256546094,Mono_1,Mono_1,Mono_1,DCs,Mono_1,Mono_1,Mono_1,Mono_1
Run4_131217354877294,DCs,Mono_1,DCs,DCs,DCs,DCs,DCs,DCs
Run4_131217355066732,Ery_2,DCs,DCs,DCs,DCs,DCs,Mega,Mono_2
Run4_131217369819939,Mono_2,Mono_1,Ery_1,DCs,Mega,DCs,Ery_1,Mega
Run4_131217382107933,Mono_1,Mono_1,Mono_1,DCs,Mono_1,Mono_1,Mono_1,Mono_1
Run4_131217400708342,Mega,DCs,Ery_1,DCs,Mono_1,Mono_1,DCs,DCs
Run4_131217401166134,DCs,DCs,DCs,DCs,DCs,DCs,DCs,DCs
Run4_131234280914166,Ery_2,Ery_2,Ery_2,Ery_2,Ery_2,Ery_2,Ery_2,Ery_1
Run4_131234281244509,Ery_1,Mega,Ery_2,Ery_2,Ery_2,Ery_1,Ery_2,Ery_2
Run4_131234293504795,DCs,DCs,DCs,DCs,DCs,DCs,DCs,DCs
Run4_131234312121629,Mono_1,Mono_1,Mono_1,Mono_2,Mono_1,Mono_1,Mono_1,Mono_1
Run4_131234312146284,Mono_1,Mega,Ery_2,DCs,DCs,DCs,Mega,DCs
Run4_131234312154540,DCs,DCs,DCs,DCs,DCs,DCs,DCs,DCs
Run4_131234312894774,Ery_2,Ery_2,Ery_2,Ery_2,Ery_2,Ery_2,Ery_2,Ery_1
Run4_131242050939755,Ery_2,Ery_1,Ery_2,Ery_2,Ery_2,Ery_2,Ery_2,Ery_1
Run4_131242051128684,Mono_2,DCs,DCs,DCs,DCs,DCs,DCs,DCs
Run4_131242065508790,DCs,DCs,DCs,DCs,Mono_1,DCs,Ery_2,DCs
Run4_131242065607022,Ery_2,Ery_1,Ery_2,Ery_2,Ery_2,Ery_2,Ery_2,Ery_1
Run4_131242065837411,Ery_2,Ery_1,Ery_2,Ery_2,Ery_2,Ery_2,Ery_2,Ery_1
Run4_131242078170357,DCs,DCs,DCs,DCs,DCs,DCs,DCs,DCs
Run4_131242097031516,Mono_2,Mono_2,DCs,DCs,Mono_1,Mono_1,DCs,Mono_2
Run4_131293456284381,Mono_2,Mono_1,Mono_2,DCs,DCs,Mono_1,Mono_2,Mono_1
Run4_131293456787380,DCs,DCs,DCs,DCs,Mega,Mega,Mono_1,DCs
Run4_131293471271715,Mono_2,DCs,DCs,DCs,Ery_1,DCs,DCs,DCs
Run4_131293471430884,Mono_1,Mono_1,Mono_1,DCs,Mono_2,Mono_1,Mono_2,Mono_1
Run4_131293483755363,Ery_1,DCs,DCs,DCs,Ery_1,Mega,Mega,Mega
Run4_131293502367541,Ery_2,Ery_1,Ery_2,Ery_2,Ery_2,Ery_1,Ery_2,Ery_1
Run4_131293502887853,Mono_2,Mono_1,DCs,DCs,Mono_1,DCs,DCs,Mono_1
Run4_131309562153836,DCs,Mono_1,DCs,DCs,DCs,Mono_1,DCs,Mono_1
Run4_131309577292083,Mono_1,DCs,Ery_2,DCs,Mono_1,Ery_2,Mega,Mono_1
Run4_131309590145332,Mono_1,Mono_1,Mono_1,DCs,Mono_1,Mono_1,Mono_1,Mono_1
Run4_131310501607789,Ery_2,Mono_2,Ery_2,Ery_2,Ery_2,Ery_2,Ery_2,Ery_1
Run4_131310516333932,Ery_2,Mega,Ery_2,Ery_2,Ery_2,Ery_2,Ery_2,Ery_1
Run4_131310516590814,DCs,DCs,DCs,DCs,DCs,DCs,DCs,DCs
Run4_131310529137381,Mono_1,Mono_1,Mono_1,DCs,Mono_1,Mono_1,Mono_1,Mono_1
Run4_133829902621022,DCs,DCs,DCs,DCs,Mono_2,DCs,Mono_2,DCs
Run4_133829902874925,Mono_1,DCs,DCs,DCs,Mono_1,DCs,DCs,DCs
Run4_133829917330675,Mono_1,Mono_1,Mono_1,DCs,Mono_1,Mono_1,Mono_1,Mono_1
Run4_133829918121182,Mono_1,Mono_1,Mono_1,DCs,Mono_2,Mono_1,Mono_1,Mono_1
Run4_133829930108780,Mono_1,Mono_1,Mono_1,DCs,Mono_1,Mono_1,Mono_1,Mono_1
Run4_133829930109669,Ery_2,DCs,DCs,DCs,Ery_1,DCs,Mega,Mega
Run4_133829949343589,Mono_1,Mono_1,Mono_1,Mono_2,Mono_1,Mono_1,Mono_1,Mono_1
Run4_133854464731940,HSC_2,DCs,DCs,DCs,Mega,DCs,Mono_1,Mono_2
Run4_133854465215788,Mono_2,DCs,DCs,DCs,Mono_1,DCs,DCs,Mono_1
Run4_133854510832437,DCs,DCs,DCs,DCs,HSC_2,DCs,Mega,Mono_1
Run4_133854510868318,DCs,DCs,Mega,Mega,Mega,Ery_1,Mega,DCs
Run4_133895267445470,DCs,DCs,DCs,DCs,DCs,DCs,DCs,DCs
Run4_133895281851236,Ery_2,Ery_2,Ery_2,Ery_2,Ery_2,Ery_2,Ery_2,Ery_1
Run4_133895282158836,Ery_2,DCs,DCs,DCs,Mega,Mega,Mega,Mega
Run4_133895294208868,DCs,DCs,DCs,DCs,DCs,DCs,DCs,DCs
Run4_133895294672293,Ery_2,DCs,Mono_1,DCs,DCs,DCs,Mega,DCs
Run4_133895312850291,Ery_2,Mega,Ery_2,Ery_2,Ery_2,Ery_2,Ery_2,Ery_1
Run4_133974589631286,DCs,DCs,DCs,DCs,Mono_1,DCs,DCs,Mono_1
Run4_133974590114030,Ery_2,Ery_2,Ery_2,Ery_2,Ery_2,Ery_1,Ery_2,Ery_2
Run4_133974604798197,Ery_1,Mono_1,Ery_2,Mega,DCs,Ery_2,Ery_1,DCs
Run4_133974617123676,Mono_2,DCs,DCs,DCs,DCs,DCs,DCs,DCs
Run4_133974617344747,Mono_1,DCs,DCs,DCs,Mega,DCs,Ery_2,DCs
Run4_133974635801524,Mega,DCs,DCs,Mega,Mono_1,Mega,Mega,DCs
Run4_133974636259563,DCs,DCs,DCs,DCs,Mono_1,DCs,Mega,DCs
Run4_134033645096348,DCs,Mono_1,DCs,DCs,Mega,DCs,DCs,DCs
Run4_134033659874678,Mono_2,DCs,DCs,DCs,DCs,DCs,DCs,DCs
Run4_134033672984870,Mega,Mega,Mega,Mega,Mega,Mega,Mega,Mega
Run4_134033691335461,DCs,Mega,DCs,DCs,Ery_2,DCs,DCs,Mono_2
Run4_134041176492980,Mono_1,Mega,Ery_1,DCs,HSC_2,Mega,Ery_2,Mega
Run4_134041208208622,Ery_2,DCs,DCs,DCs,DCs,DCs,DCs,Mono_2
Run4_134041208273197,Ery_2,Mega,Ery_2,Ery_2,Ery_2,Ery_2,Ery_2,Ery_1
Run4_134376302950822,DCs,Mono_1,DCs,DCs,DCs,DCs,DCs,DCs
Run4_134376303277996,Ery_2,Ery_1,Ery_2,Ery_2,Ery_2,Ery_2,Ery_2,Ery_2
Run4_134376317636020,Mono_1,Mono_1,Mono_1,DCs,Mono_1,Mono_1,Mono_1,Mono_1
Run4_134376317638444,Mono_1,Mono_1,Mono_2,Mono_2,Mono_1,Mono_1,Mono_1,Mono_1
Run4_134376318164197,Mono_1,Mono_1,Mono_1,DCs,DCs,Mono_1,Mono_1,DCs
Run4_134376318188459,Mega,Mega,DCs,DCs,Ery_2,DCs,Ery_1,Mono_2
Run4_134376331074867,Mono_2,Mono_1,Mono_1,DCs,Mono_2,Mono_1,Mono_1,Mono_2
Run4_134376349616557,DCs,DCs,DCs,DCs,DCs,DCs,DCs,DCs
Run4_134377525631211,Ery_2,Ery_2,Ery_2,Ery_2,Ery_2,Ery_2,Ery_2,Ery_2
Run4_134377538219363,DCs,DCs,DCs,DCs,DCs,DCs,DCs,DCs
Run4_134447975255283,DCs,DCs,DCs,DCs,HSC_2,DCs,Mega,DCs
Run4_134447975750454,Mono_1,Mono_1,DCs,DCs,Mono_1,DCs,Mono_1,Mono_1
Run4_134447976003501,Mono_2,DCs,DCs,DCs,DCs,DCs,DCs,DCs
Run4_134447990232886,Mono_2,DCs,DCs,DCs,Mono_1,DCs,Mono_2,DCs
Run4_134447990758622,Mono_1,Mono_1,Mono_1,DCs,Mono_1,Mono_1,Mono_1,Mono_1
Run4_134448002525940,DCs,DCs,DCs,DCs,DCs,DCs,DCs,DCs
Run4_134448002779892,DCs,Mono_1,DCs,DCs,DCs,DCs,DCs,DCs
Run4_134448003005795,Ery_2,Ery_1,Ery_2,Ery_2,Ery_2,Ery_2,Ery_2,Ery_1
Run4_134472805832436,Mono_2,DCs,DCs,DCs,Mono_1,Mega,Mega,DCs
Run4_134472806385372,DCs,DCs,DCs,Ery_2,Ery_1,DCs,Mono_1,DCs
Run4_134472821029213,DCs,DCs,DCs,DCs,Mono_1,DCs,DCs,DCs
Run4_134472821070043,Mega,DCs,Mega,DCs,Ery_2,Mega,Mega,Mega
Run4_134472832797478,Mono_1,Mono_1,Mono_1,DCs,Mono_1,Mono_1,Mono_1,Mono_1
Run4_134472833558963,DCs,DCs,Mono_2,DCs,DCs,DCs,DCs,DCs
Run4_134472851635099,DCs,DCs,DCs,DCs,DCs,DCs,Mono_1,DCs
Run4_134472851941214,DCs,Mono_1,DCs,Ery_2,Mega,DCs,DCs,DCs
Run4_134472852463028,DCs,DCs,DCs,DCs,Mega,DCs,DCs,Mono_2
Run4_134522332629341,DCs,DCs,DCs,DCs,DCs,DCs,DCs,DCs
Run4_134522359664027,HSC_2,DCs,DCs,DCs,Mono_1,DCs,DCs,DCs
Run4_134522359991022,Mono_1,DCs,Mega,Mono_2,Mono_1,Ery_1,Mega,DCs
Run4_134522378087275,DCs,DCs,DCs,DCs,DCs,DCs,DCs,DCs
Run4_134522378245870,Mono_2,Mono_1,DCs,DCs,Mono_2,Mono_1,Mono_2,Mono_1
Run4_134530788379573,Ery_2,Ery_1,Ery_2,Ery_2,Ery_2,Ery_2,Ery_2,Ery_1
Run4_134530802235756,DCs,DCs,DCs,DCs,DCs,DCs,DCs,DCs
Run4_134530802792365,Mono_1,Mono_1,Ery_2,Ery_2,Mega,Ery_2,Mega,Ery_1
Run4_134530802802021,Ery_1,DCs,DCs,DCs,Ery_1,Ery_2,Mega,DCs
Run4_134530802829741,Ery_2,DCs,Ery_2,DCs,Mega,Ery_2,Mega,Mega
Run4_134530815449317,DCs,DCs,DCs,DCs,DCs,DCs,DCs,DCs
Run4_134531727603501,Mono_2,DCs,DCs,DCs,Mega,Ery_1,Mono_1,Mega
Run4_134531742587125,Ery_2,Ery_2,Ery_2,Ery_2,Ery_2,Ery_2,Ery_2,Ery_2
Run4_134531773754590,Ery_1,DCs,DCs,DCs,Mono_1,Mega,DCs,DCs
Run4_134539646032693,Mono_1,Mono_1,Mono_1,DCs,Mono_1,Mono_1,Mono_1,Mono_1
Run4_134539646225835,DCs,DCs,DCs,DCs,Mono_1,DCs,Mega,DCs
Run4_134539674041203,Mono_2,DCs,DCs,DCs,Mono_2,DCs,Mono_2,DCs
Run4_134539692072302,Mono_2,DCs,DCs,DCs,DCs,DCs,Mono_2,DCs
Run4_134539692369758,Mono_1,Mono_2,Mono_1,DCs,Mono_1,Mono_1,Mono_1,Mono_1
Run4_134539692881651,Ery_2,Ery_1,Ery_2,Ery_2,Ery_2,Ery_2,Ery_2,Ery_1
Run4_134540451802414,Mono_2,DCs,Mono_1,DCs,DCs,Mono_1,Mono_2,DCs
Run4_134540466474222,DCs,DCs,DCs,DCs,DCs,DCs,DCs,DCs
Run4_134540466505581,Mono_1,Mono_1,Mono_1,DCs,Mono_1,Mono_1,Mono_1,Mono_1
Run4_134540479122854,Ery_2,Ery_1,Ery_1,Ery_2,Ery_2,Ery_2,Ery_2,Ery_1
Run4_134592125122405,Mono_1,DCs,DCs,DCs,Mono_1,DCs,DCs,Mega
Run4_134592139807077,Ery_2,Ery_1,Ery_2,Ery_2,Ery_2,Ery_1,Ery_1,Ery_1
Run4_134592140040940,DCs,DCs,DCs,DCs,DCs,Ery_1,DCs,DCs
Run4_134592152354101,DCs,DCs,DCs,DCs,DCs,DCs,DCs,DCs
Run4_134592171981109,DCs,DCs,DCs,DCs,DCs,DCs,DCs,DCs
Run4_134600581045533,Mono_1,DCs,Mono_1,DCs,Ery_1,Mono_1,DCs,DCs
Run4_134600608299445,Ery_2,Ery_1,Ery_2,Ery_2,Ery_2,Ery_2,Ery_2,Ery_1
Run4_134600626988843,DCs,DCs,DCs,DCs,Mono_1,DCs,DCs,Mono_1
Run4_134936676650349,HSC_2,DCs,DCs,DCs,DCs,DCs,Mono_1,DCs
Run4_134936677205734,Mono_1,Mono_1,Mono_1,Mono_2,Mono_1,Mono_1,Mono_1,Mono_1
Run4_134936689499357,Ery_2,Ery_1,Ery_2,Ery_2,Ery_2,Ery_2,Ery_2,Ery_1
Run4_134936689588014,Mono_2,DCs,DCs,DCs,DCs,DCs,DCs,DCs
Run4_134936690116531,Mono_1,Mono_1,Mono_1,Mono_2,Mono_1,Mono_1,Mono_1,Mono_1
Run4_134936708167980,Ery_2,Ery_2,Ery_2,Ery_2,Ery_2,Ery_2,Ery_2,Ery_1
Run4_134938004450589,Mono_1,Mono_1,Mono_1,Mono_2,Mono_1,Mono_1,Mono_1,Mono_1
Run4_134938004778204,DCs,DCs,Ery_1,DCs,Mono_1,DCs,DCs,DCs
Run4_134938019616500,Ery_2,Ery_1,Ery_2,Ery_2,Ery_2,Ery_2,Ery_2,Ery_1
Run4_134938019682548,Mono_1,DCs,DCs,DCs,Mega,DCs,DCs,DCs
Run4_134938050837294,Mono_1,DCs,DCs,DCs,Mega,Mega,Mono_1,Mega
Run4_135014240151787,Mono_1,Mono_1,Mono_1,Mono_2,Mono_1,Mono_1,Mono_1,Mono_1
Run4_135014240185701,DCs,DCs,Ery_2,DCs,DCs,Mono_1,DCs,Precursors
Run4_135014254795572,DCs,Mono_1,Ery_2,DCs,Mono_1,Mega,Ery_2,DCs
Run4_135014255324531,Mono_1,Mono_1,Mono_1,Mono_2,Mono_1,Mono_1,Mono_1,Mono_1
Run4_135014255343900,Ery_2,Ery_2,Ery_2,Ery_2,Ery_2,Ery_2,Ery_2,Ery_2
Run4_135014267930867,Ery_2,Mega,Ery_2,Ery_2,Ery_2,Ery_2,Ery_2,Ery_1
Run4_135014286220019,Mega,Mega,Mega,Mega,Mega,Mega,Mega,Mega
Run4_135014286482275,Ery_1,HSC_1,DCs,DCs,Ery_2,HSC_2,Mega,Mega
Run4_135064438069492,Ery_2,Mono_1,Ery_1,Ery_2,Mono_1,Mega,Ery_2,Ery_2
Run4_135064452000492,DCs,DCs,DCs,DCs,Mono_1,DCs,Mono_2,DCs
Run4_135064484013917,Ery_2,Ery_1,Ery_1,Ery_2,Ery_2,Ery_2,Ery_2,Ery_1
Run4_135064484268966,Mono_2,DCs,DCs,DCs,DCs,DCs,DCs,DCs
Run4_135081885559019,DCs,DCs,DCs,DCs,Mono_2,DCs,Mega,DCs
Run4_135081886378805,Mono_1,Mono_1,Mono_1,DCs,Mono_1,Mono_1,Mono_1,Mono_1
Run4_135081912854884,Ery_2,Ery_2,Ery_2,Ery_2,Ery_2,Ery_2,Ery_2,Ery_1
Run4_135081913338204,DCs,DCs,DCs,DCs,DCs,DCs,DCs,DCs
Run4_135081913440485,Ery_2,Ery_1,Ery_1,Ery_2,Ery_2,Ery_2,Ery_2,Ery_1
Run4_135081913600813,Ery_2,Ery_1,Ery_2,Ery_2,Ery_2,Ery_2,Ery_2,Ery_1
Run4_135081931692774,Mono_2,Mono_1,Mono_1,DCs,DCs,DCs,Mono_1,Mono_1
Run4_135081932573534,Mono_2,DCs,DCs,Mono_2,Mono_2,DCs,DCs,DCs
Run4_135149128636779,Ery_1,DCs,Ery_2,Ery_2,Ery_2,Ery_2,Ery_2,Ery_1
Run4_135149155899102,Ery_2,Ery_2,Ery_2,Ery_2,Ery_2,Ery_2,Ery_2,Ery_2
Run4_135149156194140,Ery_1,Mega,Ery_2,Ery_2,Ery_2,Ery_1,DCs,Ery_2
Run4_135149175094558,Ery_2,DCs,Ery_2,Ery_2,Ery_2,Ery_2,Ery_2,Ery_1
Run4_135149175106931,Mono_2,Mono_1,Ery_1,DCs,Mono_1,DCs,Mono_1,Mono_2
Run4_135149175555995,Ery_2,Mega,Ery_1,Ery_2,Ery_2,Ery_2,Ery_2,Ery_1
Run4_135149175618862,Ery_1,Ery_1,Ery_2,Ery_2,Ery_2,Ery_2,Ery_2,Ery_1
Run4_135150470879068,DCs,DCs,DCs,DCs,DCs,Precursors,Mega,Mono_2
Run4_135150498179827,Ery_2,DCs,Ery_2,Ery_2,Ery_2,Ery_2,Ery_2,Ery_1
Run4_135150498626486,Mono_1,DCs,DCs,DCs,DCs,DCs,DCs,DCs
Run4_135150498639141,DCs,DCs,DCs,DCs,Mono_1,DCs,Mega,DCs
Run4_135150498856286,DCs,DCs,Mega,DCs,Ery_2,Precursors,DCs,Ery_2
Run4_135150517578011,Mono_1,Mono_1,Mono_1,Mono_2,Mono_1,Mono_1,Mono_1,Mono_1
Run4_135150517804379,Ery_1,DCs,DCs,Ery_2,Mono_1,DCs,DCs,DCs
Run4_135571512376109,Precursors,DCs,DCs,DCs,DCs,DCs,DCs,DCs
Run4_135571527351589,DCs,DCs,Mono_1,DCs,DCs,DCs,DCs,DCs
Run4_135571539712740,DCs,DCs,DCs,DCs,DCs,DCs,DCs,DCs
Run4_135699958553884,HSC_2,DCs,DCs,DCs,DCs,DCs,DCs,DCs
Run4_135699972929324,Mega,DCs,Mega,Mega,Mega,Mega,Ery_2,DCs
Run4_135699973654387,DCs,DCs,DCs,DCs,Ery_2,Ery_2,Mega,DCs
Run4_135699973696883,Mono_1,Mono_1,Mono_1,Mono_1,Mono_1,Mono_1,Mono_1,Mono_1
Run4_135700004653939,Mono_2,DCs,DCs,DCs,Mono_2,DCs,DCs,DCs
Run4_155842564548397,Mono_2,DCs,DCs,DCs,Mono_1,DCs,DCs,DCs
Run4_155842577021302,Ery_1,DCs,DCs,DCs,Mono_1,Ery_1,Mega,Mega
Run4_155842595899764,Mono_1,Mono_1,Mono_1,DCs,Mono_1,Mono_1,Mono_1,Mono_1
Run4_155888869657388,Mono_1,Mono_1,Mono_1,Mono_2,Mono_1,Mono_1,Mono_1,Mono_1
Run4_155888900754843,Mono_1,Mono_1,Mono_1,DCs,Mono_2,Mono_1,Mono_1,Mono_1
Run4_155888901638876,Mono_1,Mono_1,Mono_1,Mono_1,Mono_1,Mono_1,Mono_1,Mono_1
Run4_155911417937140,Ery_2,DCs,Ery_1,DCs,Mega,Precursors,Mega,Mono_1
Run4_155911417972595,DCs,DCs,DCs,DCs,Mono_1,DCs,DCs,DCs
Run4_155911430487349,Ery_2,Ery_1,Ery_2,Ery_2,Ery_2,Ery_2,Ery_2,Ery_1
Run4_155911430715766,Mono_2,Mono_1,Mono_1,DCs,Mono_1,Mono_1,Mono_1,Mono_1
Run4_155911430977836,Ery_2,Ery_2,Ery_2,Ery_2,Ery_2,Ery_2,Ery_2,Ery_2
Run4_155971398822774,Mono_1,Mono_1,Mono_1,DCs,Mono_2,Mono_1,Mono_1,Mono_1
Run4_155971399338726,Mono_2,DCs,DCs,DCs,DCs,DCs,Mono_1,DCs
Run4_155971413489590,DCs,DCs,DCs,DCs,DCs,DCs,DCs,DCs
Run4_155971426040245,Mono_2,DCs,DCs,DCs,DCs,Mono_1,Mono_2,DCs
Run4_155971444759390,Ery_2,Mega,Ery_2,Ery_2,Ery_2,Ery_2,Ery_2,Ery_1
Run4_155971444919204,Mono_2,DCs,DCs,DCs,Mono_1,DCs,DCs,DCs
Run4_155972606847205,Mega,Mega,Mega,Mega,Mega,Mega,Mega,Mega
Run4_155972607032755,Mono_2,DCs,DCs,DCs,Mono_2,DCs,DCs,Mono_1
Run4_155972607096620,Mono_2,Mono_1,Mono_1,DCs,Mono_1,Mono_1,Mono_1,Mono_1
Run4_155972621262251,Ery_2,Ery_2,Ery_2,Ery_2,Ery_2,Ery_2,Ery_2,Ery_2
Run4_155972621485925,Mono_1,Mono_1,Mono_1,DCs,Mono_1,Mono_1,Mono_1,Mono_1
Run4_155972634078110,Ery_2,Ery_2,Ery_2,Ery_2,Ery_2,Ery_2,Ery_2,Ery_1
Run4_155972652624283,DCs,DCs,DCs,DCs,Ery_2,Ery_1,DCs,DCs
Run4_155972652713910,Mono_1,Mono_1,Mono_1,Mono_2,Mono_1,Mono_1,Mono_1,Mono_1
Run4_156024160827821,Ery_1,Mono_1,Mono_1,DCs,DCs,DCs,DCs,DCs
Run4_156024161097516,Mono_2,Mono_1,Mono_1,DCs,Mono_2,Mono_1,DCs,Mono_1
Run4_156024161328475,Mono_2,DCs,DCs,DCs,Mono_2,DCs,Mono_2,DCs
Run4_156024173411190,Ery_1,DCs,DCs,DCs,DCs,Mono_1,Mega,DCs
Run4_156024173948316,DCs,Mono_1,DCs,DCs,DCs,DCs,DCs,DCs
Run4_156024193108902,Ery_2,Ery_1,Ery_2,Ery_2,Ery_2,Ery_2,Ery_2,Ery_1
Run4_156463306828011,Ery_2,Ery_1,Ery_1,Ery_2,Ery_2,Ery_2,Ery_2,Ery_2
Run4_156463307344229,Mono_1,Mono_1,Mono_1,DCs,Mono_1,Mono_1,Mono_1,Mono_1
Run4_156463321468261,DCs,DCs,Ery_2,DCs,DCs,DCs,DCs,DCs
Run4_156463321790822,DCs,DCs,DCs,DCs,Ery_1,DCs,Mega,Mono_1
Run4_156463321958820,DCs,Mono_2,DCs,DCs,DCs,Mono_1,DCs,DCs
Run4_156463321959284,Mono_1,Mono_1,Mono_1,Mono_2,Mono_1,Mono_1,Mono_1,Mono_1
Run4_156463322033396,DCs,DCs,DCs,DCs,Mono_1,DCs,DCs,DCs
Run4_156463333788526,Ery_1,DCs,DCs,DCs,Mega,DCs,Mega,DCs
Run4_156463334570933,Ery_2,Ery_1,Ery_2,Ery_2,Ery_2,Ery_1,Ery_2,Ery_1
Run4_156463353247526,DCs,DCs,Mono_2,DCs,Mono_1,DCs,DCs,Mono_1
Run4_156515919875435,Precursors,DCs,DCs,DCs,Mono_1,DCs,DCs,DCs
Run4_156515934517612,HSC_2,DCs,Ery_1,DCs,Mega,Ery_1,DCs,DCs
Run4_156515934883044,Ery_2,Ery_2,Ery_2,Ery_2,Ery_2,Ery_2,Ery_2,Ery_1
Run4_156515947727276,Ery_2,Ery_2,Ery_2,Ery_2,Ery_2,Ery_2,Ery_2,Ery_2
Run4_156515966864294,Mono_1,Mono_1,Mono_1,Mono_2,Mono_1,Mono_1,Mono_1,Mono_1
Run4_156933471980844,Mono_1,Mono_1,Mono_1,DCs,Mono_1,Mono_1,Mono_1,Mono_1
Run4_156933499279212,DCs,DCs,DCs,DCs,DCs,DCs,DCs,DCs
Run4_157004338227038,DCs,DCs,DCs,Mega,Mega,Ery_1,DCs,HSC_2
Run4_157004353101211,Mono_1,Mono_1,Mono_1,DCs,Mono_1,Mono_1,Mono_1,Mono_1
Run4_157004366211318,Ery_2,Mono_1,DCs,Mono_2,Ery_2,Precursors,Mega,Precursors
Run4_157004366240046,DCs,Mono_1,DCs,DCs,DCs,DCs,DCs,DCs
Run4_157004384294772,Ery_1,Mega,Ery_2,Mega,Ery_2,DCs,Ery_1,Mono_1
Run4_157071983896430,DCs,DCs,DCs,DCs,DCs,DCs,DCs,DCs
Run4_157071998936797,HSC_2,Mega,DCs,Mega,Mega,Mega,DCs,Mega
Run4_157072011967413,Ery_2,Ery_2,Ery_2,Ery_2,Ery_2,Ery_2,Ery_2,Ery_1
Run4_157072030088547,HSC_2,DCs,DCs,DCs,Precursors,Mono_1,DCs,DCs
Run4_157072030325022,Ery_2,Mega,Ery_2,Ery_2,Ery_2,Ery_2,Ery_2,Ery_1
Run4_157072030809326,Ery_2,Ery_2,Ery_2,Ery_2,Ery_2,Ery_2,Ery_2,Ery_1
Run4_157072030849387,DCs,DCs,DCs,DCs,DCs,DCs,DCs,DCs
Run4_157140450199860,Mono_1,Mono_1,Mono_1,Mono_2,Mono_1,Mono_1,Mono_1,Mono_1
Run4_157140481390493,Ery_2,Ery_2,Ery_2,Ery_2,Ery_2,Ery_2,Ery_2,Ery_2
Run4_157477590186915,Mono_2,DCs,DCs,DCs,Mono_1,DCs,DCs,Mega
Run4_157477604838812,Mono_1,Mono_1,Mono_1,Mono_2,Mono_1,Mono_1,Mono_1,Mono_1
Run4_157477617129885,Mono_2,DCs,DCs,DCs,DCs,DCs,DCs,DCs
Run4_157477617912621,DCs,DCs,DCs,DCs,Mega,HSC_1,Mega,Mono_2
Run4_157486582746539,DCs,Mono_1,DCs,DCs,Mono_2,DCs,Mono_2,DCs
Run4_157486597199662,Mono_2,DCs,DCs,DCs,Mono_2,DCs,DCs,DCs
Run4_157486610041757,DCs,Mega,DCs,Mono_2,Ery_1,Ery_1,Mega,Mono_2
Run4_157486610049956,DCs,Mono_1,DCs,DCs,Mono_1,DCs,Mono_2,Mono_1
Run4_157486629370165,Ery_2,DCs,DCs,DCs,Ery_1,HSC_2,Mega,Ery_1
Run4_157536914132331,Mono_1,Mono_1,Mono_1,Mono_2,Mono_1,Mono_1,Mono_1,Mono_1
Run4_157536928819436,Mono_2,DCs,Mono_1,DCs,Mono_2,DCs,Mono_2,DCs
Run4_157536928848796,Ery_2,Ery_2,Ery_2,Ery_2,Ery_2,Ery_2,Ery_2,Ery_1
Run4_157536928852270,Ery_1,DCs,Ery_2,Ery_2,Ery_2,Mega,Ery_1,Ery_1
Run4_157536941915062,DCs,DCs,DCs,DCs,DCs,DCs,DCs,DCs
Run4_157537720220574,Ery_2,Mega,Ery_2,Ery_2,Ery_2,Ery_2,Ery_2,Ery_1
Run4_157537734150365,Mono_1,DCs,DCs,DCs,DCs,DCs,Mega,DCs
Run4_157537734711526,HSC_2,DCs,DCs,DCs,Mega,Ery_1,HSC_2,Mega
Run4_157537746671341,Mono_2,Mono_1,DCs,DCs,Ery_1,DCs,DCs,DCs
Run4_157537746930542,Ery_2,Mono_1,DCs,Mono_2,Mega,Ery_2,Mono_1,DCs
Run4_157537765583219,Ery_2,Ery_2,Ery_1,Ery_2,Ery_2,Ery_2,Ery_2,Ery_1
Run4_157537766074725,Mono_2,DCs,DCs,DCs,Mono_1,DCs,Mega,DCs
Run4_157562550049500,DCs,Mega,Ery_1,DCs,Mono_1,DCs,Mega,DCs
Run4_157562550213476,Ery_2,Ery_2,Ery_2,Ery_2,Ery_2,Ery_2,Ery_2,Ery_1
Run4_157562550479158,Mono_1,Mono_1,Mono_1,DCs,Mono_2,Mono_1,Mono_1,DCs
Run4_157562564695862,Mono_2,DCs,DCs,DCs,DCs,DCs,Mono_2,DCs
Run4_157562577479966,Mono_2,DCs,DCs,DCs,Mono_1,DCs,Mega,DCs
Run4_157562596088243,Mega,DCs,DCs,Mega,HSC_2,DCs,Mega,Mega
Run4_157613970578164,Mono_1,DCs,DCs,DCs,DCs,DCs,DCs,DCs
Run4_157613970647844,Mono_2,DCs,DCs,DCs,DCs,DCs,DCs,DCs
Run4_157613982443444,Mono_1,DCs,DCs,DCs,Mono_1,DCs,Mono_2,Mono_1
Run4_157613983153587,HSC_2,DCs,Mega,DCs,Mega,Mega,Mega,Mega
Run4_157684150947246,Ery_2,Mega,Ery_2,Ery_2,Ery_2,Ery_1,Mega,Mega
Run4_157684165896621,DCs,DCs,DCs,DCs,Mono_1,Ery_1,DCs,DCs
Run4_157684165961579,Mono_2,Mono_1,DCs,DCs,Mono_1,DCs,DCs,DCs
Run4_157684166511966,DCs,DCs,Mega,DCs,DCs,DCs,Mega,DCs
Run4_157690325322155,Mono_1,Mono_1,Mono_1,DCs,Mono_1,Mono_1,Mono_1,Mono_1
Run4_157690352494942,Ery_1,Mega,Mega,Mega,Ery_1,Ery_1,Ery_2,Ery_1
Run4_160447829068124,Mono_2,DCs,DCs,DCs,DCs,DCs,DCs,DCs
Run4_160447874644316,Mono_2,Mono_1,Mono_1,DCs,Mono_2,Mono_1,Mono_1,Mono_1
Run4_160447874844573,DCs,DCs,DCs,DCs,DCs,DCs,DCs,DCs
Run4_160785117853470,Mega,Mega,Mega,Mega,Mega,Mega,Mega,Mega
Run4_160785117900078,Ery_2,Mega,Ery_2,Ery_2,Ery_1,Ery_2,Mega,Mega
Run4_160785132837277,Ery_1,Mega,Ery_2,Ery_2,Ery_2,Ery_2,Ery_2,Ery_2
Run4_160785145388323,Ery_2,Ery_1,Ery_2,Ery_2,Ery_2,Ery_2,Ery_2,Ery_1
Run4_160903140923115,Mono_2,DCs,DCs,DCs,DCs,DCs,DCs,DCs
Run4_160903141158118,DCs,HSC_1,DCs,Mono_2,DCs,DCs,DCs,DCs
Run4_160910638205286,Mono_1,Mono_1,Mono_1,Mono_2,Mono_1,Mono_1,Mono_1,Mono_1
Run4_160910638701981,Mega,Mega,Ery_1,Mega,Ery_2,Mega,Ery_2,Ery_1
Run4_160928730367731,Ery_2,Ery_2,Ery_2,Ery_2,Ery_2,Ery_2,Ery_2,Ery_2
Run4_160928730836315,Precursors,DCs,DCs,DCs,Mono_1,DCs,DCs,DCs
Run4_160928731187629,DCs,DCs,DCs,DCs,DCs,DCs,DCs,DCs
Run4_160928744992052,Ery_2,Ery_2,Ery_2,Ery_2,Ery_2,Ery_2,Ery_2,Ery_2
Run4_160928745614580,Mono_1,Mega,Mega,DCs,Mono_1,HSC_2,DCs,Ery_1
Run4_160928758131548,DCs,DCs,DCs,DCs,DCs,DCs,DCs,DCs
Run4_160928758380782,Ery_2,Ery_2,Ery_2,Ery_2,Ery_2,Ery_2,Ery_2,Ery_2
Run4_160928776739621,HSC_2,DCs,DCs,DCs,DCs,Ery_1,DCs,DCs
Run4_160928776776491,Ery_2,Precursors,DCs,Ery_2,Ery_2,Mega,Mega,Mega
Run4_160928776964910,Mono_1,Mono_1,Mono_1,DCs,Mono_1,Mono_1,Mono_1,Mono_1
Run4_160990068135668,Mono_2,DCs,HSC_2,DCs,Mono_1,Ery_2,Mono_2,Ery_2
Run4_160990083368878,DCs,DCs,Ery_2,DCs,Mega,Precursors,DCs,DCs
Run4_160990095325621,DCs,DCs,DCs,DCs,Ery_2,DCs,Mega,Mega
Run4_160990095927006,Mono_1,DCs,DCs,DCs,DCs,DCs,DCs,DCs
Run4_160990114004323,DCs,Mega,DCs,DCs,Mega,DCs,Mega,HSC_1
Run4_160990114761444,Mono_2,Mono_1,Mono_1,DCs,Mono_1,Mono_1,Mono_1,Mono_1
Run4_160990114793756,Ery_2,Ery_1,Ery_2,Ery_2,Ery_2,Ery_2,Ery_2,Ery_1
Run4_160996510514102,Mono_2,DCs,DCs,DCs,DCs,DCs,DCs,DCs
Run4_160996510590878,Ery_2,Ery_1,Ery_2,Ery_2,Ery_2,Ery_2,Ery_2,Ery_2
Run4_160996510775158,DCs,DCs,DCs,DCs,DCs,DCs,DCs,DCs
Run4_160996525754270,Mono_1,Mono_1,Mono_1,DCs,Mono_1,Mono_1,Mono_1,Mono_1
Run4_160996537887645,Mono_1,Mono_2,Mono_1,DCs,Mono_1,Mono_1,Mono_1,DCs
Run4_160996537888035,Ery_2,Mega,Ery_2,Ery_2,Ery_2,Ery_2,Ery_2,Ery_1
Run4_160996538375475,Ery_2,DCs,DCs,DCs,Mono_2,Mono_1,DCs,DCs
Run4_160996556729131,Ery_2,Ery_1,Ery_2,Ery_2,Ery_2,Ery_2,Ery_1,Ery_1
Run4_161340122941165,Mono_1,Mono_1,Mono_1,Mono_2,Mono_1,Mono_1,Mono_2,Mono_1
Run4_161340135000806,Mono_1,Mono_1,Mono_1,DCs,Mono_1,Mono_1,Mono_1,Mono_1
Run4_161340154080172,DCs,Mega,DCs,DCs,Mega,DCs,Mono_2,Mono_1
Run4_161411780786013,Ery_2,Mega,Ery_1,Ery_2,Ery_1,Ery_2,Ery_2,Ery_1
Run4_161411795217187,Ery_2,Ery_2,Ery_2,Ery_2,Ery_2,Ery_2,Ery_2,Ery_1
Run4_161411807198571,DCs,DCs,DCs,DCs,Mega,DCs,Mega,DCs
Run4_161411807431397,Ery_2,Ery_1,Ery_2,Ery_2,Ery_2,Ery_2,Ery_2,Ery_1
Run4_161411807435486,Ery_2,Ery_2,Ery_2,Ery_2,Ery_2,Ery_2,Ery_2,Ery_1
Run4_161411826380003,DCs,DCs,DCs,DCs,DCs,DCs,DCs,DCs
Run4_161451911564523,DCs,DCs,DCs,DCs,DCs,DCs,DCs,DCs
Run4_161451911605148,HSC_2,DCs,DCs,DCs,Mono_2,DCs,DCs,DCs
Run4_161451925784942,Mono_1,Mono_1,Mono_1,DCs,Mono_1,Mono_1,Mono_1,Mono_1
Run4_161451938793820,DCs,DCs,DCs,DCs,Mono_2,DCs,Mega,DCs
Run4_161451957177140,DCs,DCs,DCs,Ery_2,Mega,DCs,Mega,DCs
Run4_161451957467037,Ery_1,DCs,Ery_2,DCs,Ery_1,Ery_2,Ery_2,Mega
Run4_161462648487205,Ery_2,Ery_2,Ery_2,Ery_2,Ery_2,Ery_2,Ery_2,Ery_2
Run4_161462648792803,Ery_2,DCs,DCs,DCs,Mono_1,Precursors,DCs,HSC_2
Run4_161462648794356,Mono_2,DCs,Mono_1,DCs,Mono_1,Mono_1,Mono_1,DCs
Run4_161462663691619,Mono_2,Mono_1,Mono_1,DCs,Mono_1,Mono_1,Mono_1,DCs
Run4_161462675795301,Mono_2,Mono_1,DCs,Mega,Mega,DCs,Mega,DCs
Run4_161462676047796,Ery_2,Ery_1,Ery_2,Ery_2,Ery_2,Ery_2,Mega,Mega
Run4_161462676052259,DCs,DCs,DCs,DCs,Mono_1,DCs,DCs,DCs
Run4_161478620408156,Mono_2,DCs,DCs,DCs,DCs,DCs,DCs,DCs
Run4_161478635015533,Mono_1,Mono_1,Mono_1,Mono_2,Mono_1,Mono_1,Mono_1,Mono_1
Run4_161478635801460,Ery_2,Ery_2,Ery_2,Ery_2,Ery_2,Ery_2,Ery_2,Ery_2
Run4_161478647670707,Mono_2,DCs,Mono_1,DCs,Mono_2,Mono_1,Mono_1,DCs
Run4_161478647896947,DCs,DCs,DCs,DCs,Mono_1,Mono_2,DCs,DCs
Run4_161478667065140,Mono_1,DCs,Mega,Ery_2,Mono_1,Ery_1,DCs,Ery_1
Run4_161478667320563,Mono_1,Mono_1,Mono_1,DCs,Mono_1,Mono_1,Mono_1,Mono_1
Run4_161548547877229,Ery_2,DCs,DCs,Ery_2,Mega,Mega,Mega,Mega
Run4_161548562479924,Ery_2,Ery_2,Ery_1,Ery_2,Ery_2,Ery_2,Ery_2,Ery_1
Run4_161548562520420,Mono_1,Mono_1,Mono_1,DCs,Mono_1,Mono_1,Mono_1,Mono_1
Run4_161548562741995,Mono_2,Mono_1,DCs,DCs,DCs,DCs,DCs,DCs
Run4_161548563302326,HSC_2,DCs,Ery_2,DCs,Ery_2,Ery_2,Mega,Mega
Run4_161548575070061,Mega,Mega,Mega,Mega,Mega,Mega,Mega,Mega
Run4_161548575102828,Ery_1,Mono_1,Ery_1,Ery_2,Ery_2,Ery_1,Ery_2,Ery_1
Run4_161548575402909,Ery_1,DCs,DCs,DCs,Mega,Ery_2,Mega,Mega
Run4_161864228134173,Mono_2,DCs,DCs,Mega,Mega,Mega,Ery_2,DCs
Run4_161864255232883,Mono_2,DCs,DCs,DCs,Mega,DCs,Mega,DCs
Run4_161864255453532,DCs,Precursors,DCs,DCs,Mono_1,DCs,DCs,DCs
Run4_161864274077931,Mono_1,Mono_1,Mono_1,DCs,Mono_1,Mono_1,Mono_1,Mono_1
Run4_161883152600301,Mono_1,Mono_1,Mono_1,Mono_2,Mono_1,Mono_1,Mono_1,Mono_1
Run4_161883152636852,DCs,Mono_1,Mega,Mega,Mono_1,Mega,DCs,Mega
Run4_161883152923502,Mono_2,DCs,DCs,DCs,Mega,DCs,DCs,Mega
Run4_161883152926580,Mono_1,Mono_1,Mono_1,Mono_2,Mono_1,Mono_1,Mono_1,Mono_1
Run4_161883153348404,HSC_2,DCs,DCs,DCs,DCs,DCs,DCs,DCs
Run4_161883153386214,Ery_2,Mega,DCs,DCs,Mega,Ery_1,Mega,Mega
Run4_161883167800692,Ery_2,Mega,Ery_2,Ery_2,Ery_2,Ery_2,Ery_2,Ery_1
Run4_161883180128620,DCs,DCs,DCs,DCs,Mono_2,DCs,DCs,Mono_2
Run4_161883180383004,Mono_2,DCs,DCs,DCs,DCs,DCs,DCs,DCs
Run4_161883199032669,DCs,DCs,DCs,DCs,Mono_1,DCs,DCs,DCs
Run4_161889595091765,Mono_1,DCs,DCs,DCs,Mono_1,DCs,DCs,DCs
Run4_161889595341731,Mono_2,DCs,DCs,DCs,DCs,Mono_1,Mono_1,Mono_1
Run4_161889610222835,Mono_1,Mono_1,Ery_1,DCs,Mono_1,Mono_1,Mono_1,Mono_1
Run4_161889622386612,DCs,DCs,DCs,DCs,DCs,DCs,DCs,DCs
Run4_161889623076126,Mono_2,DCs,DCs,DCs,DCs,DCs,DCs,DCs
Run4_161889623161755,Ery_2,Mega,Ery_1,Ery_2,Ery_2,Ery_2,Ery_2,Ery_1
Run4_161889641978219,DCs,DCs,DCs,DCs,DCs,DCs,DCs,DCs
Run4_161889642002286,Mega,Mono_1,Ery_2,HSC_2,Mega,Mega,Mega,Mono_1
Run4_161890964487083,Ery_1,DCs,Ery_2,Ery_2,Ery_2,Ery_2,Ery_2,Ery_1
Run4_161890964719468,DCs,DCs,DCs,DCs,DCs,DCs,DCs,DCs
Run4_161890984115556,Mono_1,Mono_1,Mono_1,DCs,Mono_1,Mono_1,Mono_1,Mono_1
Run4_161893219227380,DCs,DCs,DCs,DCs,Mega,Ery_1,DCs,DCs
Run4_161893246425373,Mono_2,DCs,DCs,DCs,DCs,DCs,DCs,DCs
Run4_161893265042228,Ery_1,DCs,Mega,Mega,Mega,DCs,Mega,Mega
Run4_161893265565430,Mega,Mega,Mega,Ery_2,Mega,Mega,Ery_2,Mega
Run4_161960476723421,Mono_1,Mono_1,Mono_1,Mono_2,Mono_2,Mono_1,Mono_1,Mono_1
Run4_161960476957420,Ery_1,Mega,Ery_2,DCs,Mono_1,Ery_2,Ery_2,Mega
Run4_161960490068269,DCs,DCs,DCs,DCs,DCs,DCs,Mega,DCs
Run4_161960508214004,Precursors,DCs,DCs,DCs,DCs,DCs,DCs,DCs
Run4_161960508222189,Ery_1,DCs,Ery_2,Ery_2,Mega,Ery_2,DCs,Mega
Run4_161960508222771,Mono_1,Mono_1,Mono_1,Mono_2,Mono_1,Mono_1,Mono_1,Mono_1
Run4_161960508452262,Mono_1,DCs,Ery_2,Ery_2,Mega,Ery_2,Mega,Mono_1
Run4_161960508472182,Mega,Mega,Mega,DCs,Mega,DCs,Mega,Mega
Run4_162001533122422,DCs,DCs,Ery_2,DCs,DCs,DCs,Mono_1,DCs
Run4_162001560395102,Mono_2,Mono_1,DCs,DCs,DCs,DCs,DCs,DCs
Run4_162001579366324,Mono_1,Mono_1,Mono_1,Mono_1,Mono_1,Mono_1,Mono_1,Mono_1
Run4_162078857030885,DCs,DCs,DCs,DCs,DCs,DCs,DCs,DCs
Run4_162078888148275,Mono_2,DCs,DCs,DCs,HSC_2,Ery_1,DCs,Ery_2
Run4_162090668153054,Mega,Mega,Mega,Mega,Mega,Mega,Ery_2,Ery_1
Run4_162090668211051,Ery_2,Ery_1,Ery_2,Ery_2,Ery_2,Ery_2,Ery_2,Ery_1
Run4_162090668374451,Mono_2,DCs,DCs,DCs,DCs,DCs,Mono_1,DCs
Run4_162090668383526,DCs,Mono_2,DCs,DCs,Mono_1,DCs,Ery_1,Mega
Run4_162090668419428,Ery_2,Ery_2,Ery_2,Ery_2,Ery_2,Ery_2,Ery_2,Ery_2
Run4_162090681326828,Ery_2,Mega,Ery_2,Ery_2,Ery_2,Ery_1,Ery_2,Ery_1
Run4_162090699901166,Mono_2,Mono_1,DCs,DCs,DCs,DCs,Mono_1,DCs
Run4_164631931640668,DCs,DCs,DCs,DCs,Mono_1,Mono_1,Mono_2,Mono_2
Run4_164631932197605,Ery_2,Ery_1,Ery_2,Ery_2,Ery_2,Ery_2,Ery_2,Ery_1
Run4_164631932202286,DCs,DCs,DCs,DCs,DCs,DCs,DCs,DCs
Run4_164631946357171,Mono_1,Mono_1,Mono_1,DCs,Mono_2,Mono_1,Mono_1,Mono_1
Run4_164631946934515,Mono_2,DCs,DCs,DCs,DCs,DCs,DCs,DCs
Run4_164631978096541,Mono_1,DCs,Mono_1,DCs,Mono_1,Mono_1,Mono_2,DCs
Run4_164631978335652,Mono_2,Mono_1,Mono_1,DCs,Mono_1,Mono_1,Mono_1,Mono_2
Run4_164631978392302,HSC_2,DCs,Ery_2,DCs,Ery_2,Ery_1,Mega,Ery_2
Run4_164698906385694,Mono_1,Mono_1,Mono_1,DCs,Mono_1,Mono_1,Mono_1,Mono_1
Run4_164698920971171,Mono_1,Mono_1,Mono_1,DCs,Mono_1,Mono_1,Mono_1,Mono_1
Run4_164698921000299,Ery_2,Ery_2,Ery_2,Ery_2,Ery_2,Ery_2,Ery_2,Ery_1
Run4_164698921291108,Mono_1,Mono_1,Mono_1,DCs,Mono_1,Mono_1,Mono_1,Mono_1
Run4_164698921490659,DCs,DCs,Mega,DCs,Ery_1,DCs,DCs,DCs
Run4_164698934069596,Mono_1,Mono_1,Mono_1,DCs,Mono_1,Mono_1,Mono_1,Mono_1
Run4_164753398685099,Mono_1,Mono_1,Mono_1,Mono_2,Mono_1,Mono_1,Mono_1,Mono_1
Run4_164753426303725,Ery_2,Ery_1,Ery_2,Ery_2,Ery_2,Ery_2,Ery_2,Ery_1
Run4_164753426508723,Mono_1,Mono_1,Mono_1,DCs,Mono_1,Mono_1,Mono_1,Mono_1
Run4_164753445407147,HSC_2,DCs,Ery_2,DCs,DCs,DCs,Mono_1,DCs
Run4_164753445672798,Ery_2,Ery_2,Ery_2,Ery_2,Ery_2,Ery_2,Ery_2,Ery_1
Run4_164761063766380,DCs,DCs,DCs,DCs,Ery_1,DCs,DCs,DCs
Run4_164761063865710,DCs,Mono_1,DCs,DCs,Mono_1,Mono_2,DCs,DCs
Run4_164761063865758,Mono_2,DCs,DCs,DCs,Mono_2,DCs,DCs,DCs
Run4_164761064061293,Ery_1,Mega,Ery_2,Mega,Mega,Mega,Mega,Ery_1
Run4_164769505065206,Ery_2,DCs,Ery_2,Ery_2,Mega,Ery_2,Ery_2,Ery_1
Run4_164769519786931,Ery_2,Ery_1,Ery_2,Ery_2,Ery_2,Ery_2,Ery_2,Ery_1
Run4_164769532368732,DCs,DCs,DCs,DCs,DCs,DCs,DCs,DCs
Run4_164769532405483,Ery_2,Mega,Ery_2,Ery_2,Ery_2,Ery_1,Ery_2,Ery_1
Run4_164769551043302,Mono_2,DCs,Mono_1,DCs,Mono_2,DCs,Mono_1,DCs
Run4_164769551531430,Mono_1,Mono_1,Mono_1,DCs,Mono_1,Mono_1,Mono_1,Mono_1
Run4_164818762755372,Ery_2,Ery_2,Ery_2,Ery_2,Ery_2,Ery_2,Ery_2,Ery_2
Run4_164818762807660,DCs,DCs,DCs,DCs,DCs,DCs,DCs,DCs
Run4_164818790858147,HSC_2,DCs,DCs,DCs,HSC_2,DCs,DCs,DCs
Run4_164818809441715,Ery_2,Ery_2,Ery_2,Ery_2,Ery_2,Ery_2,Ery_2,Ery_1
Run4_165164911094003,Ery_2,Ery_2,Ery_2,Ery_2,Ery_2,Ery_2,Ery_2,Ery_1
Run4_165164925705572,Mono_2,DCs,DCs,Ery_2,DCs,DCs,DCs,DCs
Run4_165164925737884,Mono_1,Mono_1,Mono_1,DCs,Mono_1,Mono_1,Mono_1,Mono_1
Run4_165164925794147,Ery_2,Mega,Ery_1,Ery_2,Ery_2,Ery_2,Ery_1,Ery_1
Run4_165164937825124,Mono_1,Mono_1,Mono_1,DCs,Mono_2,Mono_1,Mono_1,Mono_1
Run4_165164938345331,Mega,DCs,Ery_2,Ery_2,Ery_2,Mega,Mega,Ery_2
Run4_165188413635867,Mono_2,Mono_1,DCs,DCs,Ery_2,DCs,Mega,DCs
Run4_165188426128286,Mono_2,DCs,DCs,DCs,Mega,DCs,DCs,DCs
Run4_165188444796766,Mono_1,DCs,DCs,DCs,Mono_1,Ery_1,Ery_1,Ery_2
Run4_165232422111022,Mono_2,DCs,DCs,DCs,Mono_1,DCs,DCs,Ery_1
Run4_165232436493172,Ery_2,Ery_1,Ery_1,Ery_2,Ery_2,Ery_2,Ery_2,Ery_1
Run4_165232436500270,Ery_2,DCs,Mega,DCs,Mono_1,DCs,Mega,DCs
Run4_165232436800355,Mono_1,Mega,Ery_2,Ery_1,Mega,Ery_2,Mega,Ery_2
Run4_165232437250292,Ery_2,Ery_1,Ery_1,Ery_2,Ery_2,Ery_1,Ery_2,Ery_1
Run4_165232468155182,Mono_2,Mono_1,Mono_2,DCs,Mono_2,DCs,Mono_2,DCs
Run4_165232468453294,Mono_1,Mono_1,Mono_1,Mono_2,Mono_1,Mono_1,Mono_2,Mono_1
Run4_165302215034677,Mega,DCs,Mega,DCs,Mega,Mega,Mega,Mega
Run4_165302229921125,DCs,DCs,DCs,DCs,DCs,DCs,Mono_1,Mega
Run4_165302229973411,Mono_2,DCs,Mono_2,DCs,Mono_2,Mono_1,Mono_1,DCs
Run4_165302230538459,DCs,DCs,DCs,DCs,Mono_1,DCs,DCs,DCs
Run4_165302242536245,Mono_2,DCs,DCs,DCs,Mono_1,DCs,Mono_2,DCs
Run4_165302261111670,Mono_1,Mono_1,Mono_1,DCs,Mono_1,Mono_1,Mono_1,Mono_1
Run4_165325568949149,Ery_2,Ery_1,Ery_2,Ery_2,Ery_2,Ery_2,Ery_2,Ery_2
Run4_165325569190683,Ery_1,DCs,DCs,DCs,Mega,DCs,DCs,Mono_1
Run4_165325569191140,Mega,Mega,Mega,Mega,Mega,Mega,Mega,Mega
Run4_165325569444149,Ery_2,DCs,DCs,Mega,Mega,Ery_1,Mega,Mega
Run4_165325596182942,Ery_2,Ery_2,Ery_2,Ery_2,Ery_2,Ery_2,Ery_2,Ery_1
Run4_165325596974387,DCs,DCs,DCs,DCs,DCs,DCs,DCs,DCs
Run4_165325615880485,DCs,DCs,DCs,DCs,DCs,DCs,DCs,DCs
Run4_165327850617764,DCs,DCs,DCs,DCs,DCs,DCs,DCs,DCs
Run4_165327851415854,Ery_2,Ery_1,Ery_2,Ery_2,Ery_2,Ery_2,Ery_2,Ery_1
Run4_165327865265508,DCs,DCs,DCs,DCs,Mono_1,DCs,DCs,DCs
Run4_165327865305014,DCs,DCs,DCs,DCs,Mono_1,DCs,DCs,DCs
Run4_165327865342814,Ery_1,Mega,Ery_2,DCs,DCs,Ery_2,Mega,Mega
Run4_165327896762652,DCs,DCs,DCs,DCs,Mega,DCs,Mega,DCs
Run4_165327897225573,DCs,DCs,DCs,DCs,DCs,DCs,DCs,DCs
Run4_165385699191094,Mono_2,DCs,DCs,DCs,DCs,DCs,DCs,DCs
Run4_165385699191715,DCs,DCs,DCs,DCs,DCs,DCs,DCs,DCs
Run4_165385744804644,Ery_2,Ery_2,Ery_2,Ery_2,Ery_2,Ery_2,Ery_2,Ery_2
Run4_165385745418163,Ery_2,Ery_2,Ery_2,Ery_2,Ery_2,Ery_2,Ery_2,Ery_2
Run4_165738959525661,Mega,Mega,Ery_2,Ery_2,Ery_2,Mega,Ery_2,Ery_1
Run4_165738960055203,Ery_1,DCs,DCs,DCs,DCs,DCs,DCs,DCs
Run4_165738974964133,Ery_1,Mega,DCs,Mono_1,Ery_2,Ery_1,Mega,Mega
Run4_165738975021787,Mono_1,Mono_1,Mono_1,DCs,Mono_1,Mono_1,Mono_1,Mono_1
Run4_165741375405493,DCs,DCs,DCs,DCs,DCs,DCs,DCs,DCs
Run4_165741375740316,Mono_1,Mono_1,Mono_1,Mono_2,Mono_1,Mono_1,Mono_1,Mono_1
Run4_165741390884211,DCs,DCs,DCs,HSC_2,Mono_1,Mono_1,Mega,Mega
Run4_165741402700662,Mono_1,Mono_2,Mono_1,DCs,Mono_1,DCs,DCs,Mono_1
Run4_165741421813099,DCs,DCs,DCs,DCs,DCs,DCs,DCs,DCs
Run4_165741422328555,Ery_2,Ery_2,Ery_2,Ery_2,Ery_2,Ery_2,Ery_2,Ery_1
Run4_165851837098413,Ery_2,Ery_2,Ery_2,Ery_2,Ery_2,Ery_2,Ery_2,Ery_1
Run4_165851882969884,DCs,DCs,DCs,DCs,Mono_1,DCs,DCs,DCs
Run4_165858427955635,Mono_1,Mono_1,Mono_1,DCs,Mono_1,Mono_1,Mono_1,Mono_1
Run4_165858428012773,Ery_2,Ery_2,Ery_2,Ery_2,Ery_2,Ery_2,Ery_2,Ery_1
Run4_165858428246939,Ery_2,DCs,Precursors,DCs,DCs,Mega,Mono_2,DCs
Run4_165858428710309,Mono_1,Mono_1,DCs,DCs,DCs,Mono_1,Mono_1,DCs
Run4_165858428742579,Mono_1,Mono_2,DCs,DCs,DCs,Mono_1,Mono_1,Mono_1
Run4_165858459925294,DCs,DCs,DCs,DCs,Mono_1,DCs,DCs,DCs
Run4_165860292316397,Ery_2,DCs,Ery_2,Ery_2,Ery_2,Ery_2,Ery_2,Ery_1
Run4_165860339018076,Ery_2,Ery_2,Ery_2,Ery_2,Ery_2,Ery_2,Ery_2,Ery_1
Run4_165945520872804,HSC_2,DCs,DCs,DCs,Ery_1,HSC_2,Mega,DCs
Run4_165945520899886,Mono_2,Mono_1,Mono_1,DCs,Mono_1,Mono_1,Mono_1,Mono_1
Run4_165945548167606,Ery_2,Ery_2,Ery_2,Ery_2,Ery_2,Ery_2,Ery_2,Ery_1
Run4_165945548589915,Ery_2,Ery_2,Ery_2,Ery_2,Ery_2,Ery_2,Ery_2,Ery_2
Run4_165945548695347,Ery_2,DCs,DCs,Mono_1,Mono_2,Ery_2,Mega,Precursors
Run4_165946191964982,HSC_2,Mono_1,Mono_2,DCs,Mono_2,DCs,DCs,DCs
Run4_165946191985518,DCs,Mega,Ery_2,Mega,Mega,DCs,Mega,Mega
Run4_165946238094685,Mono_2,DCs,DCs,DCs,Mono_2,Mono_1,Mega,Mono_1
Run4_165946238581555,Mono_1,Mono_1,Mono_1,Mono_1,Mono_1,Mono_1,Mono_1,Mono_1
Run4_166264153945974,Mono_2,Mono_1,Mono_1,HSC_2,Mono_1,DCs,DCs,DCs
Run4_166264181274933,DCs,DCs,DCs,DCs,DCs,DCs,DCs,DCs
Run4_166264181541595,DCs,DCs,DCs,DCs,DCs,Mega,DCs,DCs
Run4_166264200448795,DCs,DCs,DCs,DCs,DCs,DCs,DCs,DCs
Run4_166288044255972,DCs,DCs,Mono_1,DCs,Mono_1,Mono_2,Mono_1,DCs
Run4_166288044440883,Ery_2,Mono_1,DCs,Ery_2,Mega,DCs,DCs,Mega
Run4_166288045061981,DCs,DCs,DCs,DCs,Mono_1,DCs,Mega,Mono_1
Run4_166288058936093,Mono_1,Mono_1,Mono_1,DCs,Mono_1,Mono_1,Mono_1,Mono_1
Run4_166288059484011,DCs,Mono_1,DCs,DCs,Mono_2,DCs,DCs,DCs
Run4_166288071743342,Ery_2,DCs,Mono_1,DCs,Mono_2,DCs,Mono_1,DCs
Run4_166288071781093,DCs,DCs,DCs,DCs,Mono_1,DCs,DCs,DCs
Run4_166288090421678,Ery_2,Mega,Ery_2,Mega,Ery_2,Ery_1,Ery_1,Ery_1
Run4_166288091172085,Ery_1,DCs,DCs,DCs,Mono_1,DCs,DCs,Mono_2
Run4_166288091204518,DCs,DCs,DCs,DCs,Mega,Mega,Mega,DCs
Run4_166290890345373,Ery_2,DCs,DCs,DCs,Mega,Ery_1,Mega,DCs
Run4_166290890869157,Mono_1,Mono_1,Mono_1,Mono_2,Mono_1,Mono_1,Mono_1,Mono_1
Run4_166290909715892,Mono_1,Mono_1,Mono_1,Mono_2,Mono_1,Mono_1,Mono_1,Mono_1
Run4_166332068444526,Mono_2,Mono_1,DCs,DCs,Mega,DCs,DCs,DCs
Run4_166332094860132,Ery_1,DCs,DCs,DCs,DCs,Ery_1,Mega,DCs
Run4_166332095646443,Mono_2,HSC_1,Ery_1,Ery_2,Ery_2,Ery_2,Ery_1,DCs
Run4_166332095651107,DCs,DCs,DCs,DCs,DCs,DCs,DCs,DCs
Run4_166351395244773,Mono_2,Mega,Ery_2,DCs,Mega,Mega,Mega,Mega
Run4_166351422549219,Ery_2,Ery_2,Ery_2,Ery_2,Ery_2,Ery_2,Ery_2,Ery_2
Run4_166351422572892,DCs,DCs,DCs,DCs,DCs,DCs,DCs,DCs
Run4_166400384715572,DCs,DCs,DCs,DCs,DCs,DCs,DCs,DCs
Run4_166400399718763,DCs,DCs,DCs,DCs,DCs,DCs,DCs,DCs
Run4_166400431085917,Mono_1,Mono_1,Mono_1,HSC_2,Mono_1,Mono_1,Mono_1,Mono_1
Run4_166400431123379,Ery_2,Ery_2,Ery_2,Ery_2,Ery_2,Ery_2,Ery_2,Ery_2
Run4_166400431147246,DCs,Mono_1,Mono_1,DCs,Mono_2,DCs,Mono_2,Mono_2
Run4_166400431373164,Ery_2,Ery_1,Ery_2,Ery_2,Ery_2,Ery_2,Ery_2,Ery_1
Run4_166402800405918,DCs,DCs,DCs,DCs,DCs,DCs,DCs,DCs
Run4_166402827937654,Mono_2,DCs,DCs,DCs,Mega,DCs,DCs,HSC_2
Run4_166402828397278,DCs,DCs,DCs,DCs,DCs,DCs,DCs,DCs
Run4_166402846776101,Mono_1,Mono_2,Mono_1,DCs,Mono_2,Mono_1,Mono_1,DCs
Run4_166416894024044,DCs,DCs,DCs,DCs,DCs,DCs,DCs,DCs
Run4_166416908205293,Ery_2,Ery_2,Ery_2,Ery_2,Ery_2,Ery_2,Ery_2,Ery_2
Run4_166416908213147,DCs,DCs,DCs,DCs,Mega,DCs,DCs,DCs
Run4_166416908434804,Ery_2,DCs,Ery_2,DCs,Ery_2,DCs,Mega,DCs
Run4_166416908728038,Ery_2,Ery_2,Ery_2,Ery_2,Ery_2,Ery_2,Ery_2,Ery_1
Run4_166416921054563,Mono_2,Precursors,DCs,DCs,DCs,DCs,DCs,DCs
Run4_166416921287019,DCs,DCs,DCs,DCs,Mono_2,DCs,DCs,DCs
Run4_166416921324324,DCs,DCs,DCs,DCs,DCs,Mega,DCs,DCs
Run4_166416939444532,DCs,Mega,DCs,DCs,Mega,DCs,Mega,Mega
Run4_166416940185454,Ery_2,Ery_1,Ery_2,Ery_2,Ery_2,Ery_2,Ery_2,Ery_1
Run4_166469252832180,Mono_1,Mono_1,Mono_1,DCs,Mono_1,Mono_1,Mono_1,Mono_1
Run4_166469252861171,HSC_2,DCs,DCs,DCs,Mono_1,DCs,DCs,DCs
Run4_166469253118774,DCs,Mega,DCs,DCs,Mega,DCs,DCs,DCs
Run4_166469253613812,Mono_1,DCs,Ery_2,Mega,DCs,Mega,DCs,Mega
Run4_166469265381213,Mono_1,DCs,Mono_1,Mega,DCs,Mega,DCs,Ery_1
Run4_166469265746845,DCs,DCs,DCs,DCs,Mono_2,DCs,Mono_1,DCs
Run4_166469284354269,DCs,DCs,DCs,DCs,Mono_1,DCs,Mega,Mega
Run4_169014006836124,DCs,DCs,DCs,DCs,Mono_1,DCs,DCs,DCs
Run4_169014052641571,Ery_2,Mega,Ery_2,Ery_2,Ery_2,Ery_2,Ery_2,Ery_1
Run4_169022462769963,DCs,DCs,DCs,DCs,DCs,DCs,DCs,DCs
Run4_169022477199211,Mega,Precursors,Mega,Mono_2,Mega,DCs,Mega,DCs
Run4_169022508166572,Mega,Mega,Mega,Mega,Mega,Mega,Mega,Mega
Run4_169027831216484,Mono_1,Mono_1,Mono_1,DCs,Mono_1,Mono_1,Mono_1,Mono_1
Run4_169027831458102,Mono_1,Mono_1,Mono_1,DCs,Mono_1,Mono_1,Mono_1,Mono_1
Run4_169027845438758,Mono_1,Mono_1,Mono_1,DCs,Mono_1,Mono_1,Mono_1,Mono_1
Run4_169027877072227,Mono_1,Mono_1,Mono_1,Mono_1,Mono_1,Mono_1,Mono_1,Mono_1
Run4_169027877332726,DCs,DCs,Ery_2,Mega,Ery_1,DCs,Mega,Ery_2
Run4_169082591504619,Mono_1,Mono_1,Mono_1,Mono_2,Mono_1,Mono_1,Mono_1,Mono_1
Run4_169082592286508,Ery_2,Mono_1,Mono_1,Mono_1,Mono_1,Mono_1,Ery_1,Mono_1
Run4_169082606972126,DCs,DCs,DCs,DCs,Mega,Mono_1,Ery_2,Mega
Run4_169082619619038,Mono_2,DCs,DCs,DCs,Mono_1,DCs,DCs,DCs
Run4_169082619620075,Mono_1,Mono_2,DCs,DCs,Mono_1,Mono_1,Mono_1,DCs
Run4_169151714249011,DCs,DCs,DCs,DCs,Mega,Mega,DCs,DCs
Run4_169151728609587,DCs,DCs,DCs,DCs,DCs,Mega,DCs,DCs
Run4_169151728629614,Ery_2,DCs,DCs,DCs,DCs,DCs,Mono_1,Mono_1
Run4_169156948449012,Mono_1,DCs,Ery_2,DCs,Mega,Mega,DCs,Mega
Run4_169156963121974,Ery_2,DCs,Ery_2,DCs,Ery_2,Mega,DCs,Mega
Run4_169156963649267,Ery_2,DCs,DCs,DCs,Mega,DCs,DCs,Mono_1
Run4_169156975679342,Mono_1,Mono_1,Mono_1,DCs,Mono_1,Mono_1,Mono_1,Mono_1
Run4_169156994784099,Ery_1,Mega,DCs,DCs,Mega,Ery_1,Mega,Mega
Run4_169158171125549,Ery_2,DCs,DCs,DCs,Ery_1,DCs,Mega,DCs
Run4_169158171545006,Ery_1,Mega,Ery_2,Mega,Mega,Mega,Mega,Mega
Run4_169158202517812,Mono_1,Mono_1,Mono_1,DCs,Mono_1,Mono_1,Mono_1,Mono_1
Run4_169158842205990,Precursors,Mono_1,DCs,DCs,Mega,DCs,DCs,Mono_1
Run4_169158854723430,Ery_2,Mono_1,Ery_1,DCs,DCs,Precursors,Mega,Mono_1
Run4_169174262569195,Mono_1,Mono_2,Mono_2,DCs,Mono_1,Mono_1,Mono_1,DCs
Run4_169174276992309,Mono_2,Mono_1,DCs,DCs,DCs,DCs,DCs,DCs
Run4_169174277412580,DCs,DCs,DCs,DCs,DCs,DCs,DCs,DCs
Run4_169174289804012,Mono_2,DCs,DCs,DCs,DCs,DCs,DCs,DCs
Run4_169174290090844,Mono_2,Mono_1,Mono_1,Mono_2,Mono_1,Mono_1,Mono_1,Mono_1
Run4_169174290291939,HSC_2,DCs,DCs,DCs,Mega,Mega,Mega,Mega
Run4_169174309156595,HSC_2,DCs,DCs,DCs,DCs,DCs,DCs,DCs
Run4_169572486232813,Mono_2,DCs,DCs,DCs,Mono_1,Ery_2,DCs,DCs
Run4_169572513827550,Mono_1,Mono_1,Mono_1,DCs,Mono_1,Mono_1,Mono_1,Mono_1
Run4_169572532448107,Mono_1,Mono_1,Mono_1,DCs,Mono_1,Mono_1,Mono_1,Mono_1
Run4_169572532960157,Ery_2,Ery_2,Ery_2,Ery_2,Ery_2,Ery_2,Ery_2,Ery_1
Run4_169579762052517,Ery_2,DCs,DCs,Mega,Mega,Ery_1,Mega,Mega
Run4_169579762112812,DCs,DCs,DCs,DCs,DCs,DCs,DCs,DCs
Run4_169579780893038,DCs,Mono_1,Mono_2,DCs,Ery_1,Mega,DCs,DCs
Run4_169587518682979,Mega,Mega,Mega,Mega,Mega,Mega,Mega,Mega
Run4_169587518884660,Mono_1,Mono_1,Mono_1,DCs,Mono_1,DCs,Mono_1,Mono_1
Run4_169587533334875,DCs,Mega,Ery_2,Mega,Mega,DCs,DCs,DCs
Run4_169587533535589,DCs,DCs,DCs,DCs,Mono_1,DCs,DCs,DCs
Run4_169587533592877,Mono_2,Mono_1,Mega,Ery_2,Ery_2,DCs,Mega,Mono_1
Run4_169587533858614,DCs,DCs,DCs,DCs,Ery_2,DCs,DCs,DCs
Run4_169723749914356,DCs,Mega,DCs,DCs,Ery_2,Precursors,Mega,DCs
Run4_169723764791516,Mono_1,DCs,DCs,Ery_2,Mega,Mega,DCs,DCs
Run4_169723765058803,Ery_2,Ery_2,Ery_2,Ery_2,Ery_2,Ery_2,Ery_2,Ery_1
Run4_169723777104246,HSC_2,DCs,DCs,DCs,HSC_2,Ery_1,DCs,DCs
Run4_169723777702643,DCs,Mega,Ery_2,Ery_2,Ery_1,Mega,Mega,Ery_1
Run4_169723777735083,Ery_2,Ery_1,Ery_2,Ery_2,Ery_2,Ery_1,Ery_2,Ery_2
Run4_169723795725230,Mono_1,Mono_1,Mono_1,DCs,Mono_1,Mono_1,Mono_1,Mono_1
Run4_169723795986867,Ery_1,DCs,DCs,Mono_2,Mega,Mega,Mega,Mega
Run4_169727105906971,Mono_2,DCs,DCs,DCs,Mono_2,Mono_1,Mono_2,DCs
Run4_169727120304363,Mono_2,Mono_2,DCs,DCs,Mono_1,DCs,DCs,DCs
Run4_169727120555301,DCs,DCs,Mega,Ery_1,Ery_2,Mega,Ery_1,Ery_2
Run4_169727120566196,Ery_1,DCs,DCs,DCs,Mega,Ery_1,DCs,DCs
Run4_169727132322141,Mono_1,Mono_1,Mono_1,Mono_2,Mono_1,Mono_1,Mono_1,Mono_1
Run4_169727152012531,Mono_2,DCs,DCs,DCs,DCs,DCs,DCs,DCs
Run4_169768847366942,DCs,DCs,DCs,DCs,Mega,Mega,Mega,HSC_1
Run4_169768874531107,DCs,DCs,DCs,DCs,DCs,DCs,DCs,DCs
Run4_169793543387868,Ery_2,DCs,Ery_2,Ery_2,Ery_2,Ery_2,Ery_1,Ery_1
Run4_169793557744547,Mega,Mega,Mega,Mega,Mega,Mega,Mega,Mega
Run4_169793557747629,Mono_1,DCs,DCs,DCs,Mega,Precursors,Mega,DCs
Run4_169793570138844,Mono_1,Mono_1,Mono_1,DCs,Mono_2,Mono_1,Mono_2,Mono_1
Run4_169793570355572,Mono_1,Mono_1,Mono_1,Mono_1,Mono_1,Mono_1,Ery_1,Mono_1
Run4_169794750863131,HSC_2,DCs,DCs,DCs,DCs,DCs,DCs,DCs
Run4_169794751290212,DCs,DCs,DCs,DCs,Mono_2,DCs,Mono_1,Mono_1
Run4_169794751609180,DCs,DCs,DCs,DCs,Ery_1,DCs,Mega,Mono_2
Run4_169794765970726,Mono_2,DCs,DCs,DCs,Mono_1,DCs,Mono_2,DCs
Run4_169794766038774,DCs,DCs,DCs,DCs,Mono_1,DCs,DCs,DCs
Run4_169794766224757,Mega,DCs,Mega,Mega,Mega,Mega,Ery_2,Ery_1
Run4_169794778028974,DCs,DCs,Mega,Mega,Mega,DCs,DCs,Mono_1
Run4_169794797517683,Mono_1,Mono_1,Mono_1,DCs,Mono_1,Mono_1,Mono_1,Mono_1
Run4_169794797791469,Ery_1,Mono_2,Ery_2,Ery_2,Ery_2,Ery_1,Ery_1,Ery_1
Run4_169795556849566,DCs,Mono_1,DCs,DCs,Mono_2,DCs,DCs,DCs
Run4_169795583335342,Mono_1,Mono_1,DCs,DCs,DCs,Mono_2,Mono_2,DCs
Run4_169795603028779,Ery_2,Ery_2,Ery_2,Ery_2,Ery_2,Ery_2,Ery_2,Ery_1
Run4_170137155157238,Ery_2,Ery_1,Ery_2,Ery_2,Ery_2,Ery_2,Ery_2,Ery_1
Run4_170137155200884,Mono_2,Mono_1,DCs,DCs,Mono_1,Mono_1,Mono_1,Mono_1
Run4_170137155393252,DCs,DCs,DCs,DCs,DCs,DCs,DCs,DCs
Run4_170137167547758,Mono_1,DCs,Mono_1,DCs,Ery_2,Mega,Ery_2,Mega
Run4_170137167711068,Mono_2,Mono_1,DCs,DCs,DCs,DCs,DCs,DCs
Run4_170137186425262,Ery_1,DCs,DCs,DCs,Mono_2,DCs,DCs,DCs
Run4_170137186425637,Mono_2,DCs,Mono_1,DCs,Mono_2,Mono_1,Mono_2,Mono_1
Run4_170180358564637,Mono_1,Mono_1,Mono_1,Ery_2,Ery_1,DCs,Ery_2,Mono_1
Run4_170180373011182,Mono_1,Mono_2,Mono_2,DCs,Mono_1,Mono_1,Mono_1,Mono_1
Run4_170180373035811,Mono_1,Mono_1,Mono_1,DCs,DCs,Mono_1,Mono_1,DCs
Run4_170180373273324,DCs,DCs,DCs,DCs,DCs,DCs,DCs,DCs
Run4_170180373760420,Mono_2,Mono_1,Ery_2,DCs,Mono_1,DCs,Mono_2,Mega
Run4_170181075561397,Ery_2,Ery_2,Ery_2,Ery_2,Ery_2,Ery_2,Ery_2,Ery_1
Run4_170181075786531,Ery_2,Ery_1,Ery_2,Ery_2,Ery_2,Ery_1,Ery_2,Ery_1
Run4_170181075856611,Mono_2,DCs,DCs,DCs,DCs,DCs,DCs,DCs
Run4_170181076343515,Mono_2,DCs,DCs,DCs,Mono_2,DCs,DCs,DCs
Run4_170198343543083,Mono_2,DCs,DCs,DCs,Ery_2,DCs,DCs,DCs
Run4_170198344091502,DCs,DCs,DCs,DCs,DCs,DCs,DCs,DCs
Run4_170198358190515,Ery_2,Ery_1,Ery_2,Ery_2,Ery_2,Ery_2,Ery_2,Ery_1
Run4_170198358251748,Ery_2,Ery_1,Ery_2,Ery_2,Ery_2,Ery_2,Ery_2,Ery_1
Run4_170198358415277,Mono_1,Mono_1,Mono_1,Mono_2,Mono_1,Mono_1,Mono_1,Mono_1
Run4_170198358768860,Mono_1,Mega,DCs,Ery_2,Ery_2,Mega,Ery_2,Ery_1
Run4_170198358997750,Precursors,DCs,Ery_2,Mega,DCs,Ery_2,Mega,Ery_1
Run4_170198370735838,Ery_2,Ery_1,Ery_2,Ery_2,Ery_2,Ery_2,Ery_2,Ery_1
Run4_170198371527987,Ery_1,DCs,Ery_2,DCs,Mono_1,Ery_1,Mega,Mega
Run4_170198371620710,DCs,DCs,DCs,DCs,DCs,DCs,DCs,DCs
Run4_170198389603227,Ery_1,Mega,DCs,Ery_2,Mega,Ery_2,DCs,DCs
Run4_170198389897637,Mono_1,Mono_2,Mono_1,DCs,Mono_1,Mono_1,Mono_1,Mono_1
Run4_170198389909342,DCs,Mono_1,Mono_2,DCs,Mono_1,Mono_1,DCs,Mono_1
Run4_170198389931294,Mono_2,Mono_2,DCs,DCs,DCs,DCs,DCs,Mono_2
Run4_170198390135595,Mono_2,DCs,DCs,DCs,DCs,DCs,Mono_2,DCs
Run4_170198390462884,DCs,DCs,DCs,DCs,Ery_1,HSC_2,DCs,Mono_1
Run4_170199685687203,DCs,DCs,Precursors,DCs,Ery_1,Ery_1,DCs,DCs
Run4_170199685744989,DCs,DCs,DCs,DCs,DCs,DCs,DCs,DCs
Run4_170199713011614,Mono_1,Mono_1,Mono_1,DCs,Mono_1,Mono_1,Mono_1,Mono_1
Run4_170199731882726,DCs,DCs,DCs,DCs,DCs,DCs,DCs,DCs
Run4_170199731886885,DCs,DCs,DCs,DCs,Mono_1,DCs,DCs,Mono_1
Run4_170258487786910,Mono_1,Mono_1,Mono_1,Mono_2,Mono_1,Mono_1,Mono_1,Mono_1
Run4_170258487954164,Mono_2,DCs,Mono_1,DCs,Mono_1,DCs,Mono_1,DCs
Run4_170258488281828,Ery_2,Ery_2,Ery_2,Ery_2,Ery_2,Ery_2,Ery_2,Ery_1
Run4_170258501060908,DCs,DCs,DCs,DCs,DCs,DCs,DCs,Mono_1
Run4_170265183959972,Ery_2,DCs,Ery_2,Mega,Mega,Ery_2,Ery_1,Mega
Run4_170265184692014,DCs,DCs,DCs,DCs,Mega,Mega,DCs,DCs
Run4_170265199196588,Ery_2,Ery_1,Ery_1,Ery_2,Ery_2,Ery_2,Ery_2,Ery_2
Run4_170265211464501,DCs,DCs,DCs,DCs,DCs,DCs,DCs,DCs
Run4_170265230300910,Mono_1,Mono_1,Ery_1,DCs,Mono_1,Mono_1,DCs,Mono_1
Run4_170265230661556,Ery_1,Ery_1,Ery_2,Ery_2,Ery_2,Ery_2,Ery_2,Ery_1
Run4_170265230849779,Ery_2,Ery_1,Ery_2,Ery_2,Ery_2,Ery_2,Ery_2,Ery_2
Run4_170268002532260,Mono_1,Mono_1,Mono_1,DCs,Mono_1,Mono_1,Mono_1,Mono_1
Run4_170268002989869,Ery_2,Mono_2,Ery_1,Mega,Ery_1,Mono_1,Ery_2,Ery_2
Run4_170268003261859,Ery_2,HSC_1,DCs,Mega,Mega,Ery_1,Mega,DCs
Run4_170268017257310,DCs,DCs,DCs,DCs,Mono_1,DCs,Mono_2,DCs
Run4_170268017449691,Mono_1,Precursors,Ery_1,Mega,Ery_1,Ery_1,Mono_1,Ery_1
Run4_170268030089062,Mono_2,DCs,DCs,DCs,Ery_2,DCs,DCs,Mega
Run4_170268030590196,Ery_2,Mega,Ery_2,Ery_2,Ery_2,Ery_2,Ery_2,Ery_1
Run4_170268049172398,Ery_2,Ery_2,Ery_2,Ery_2,Ery_2,Ery_2,Ery_2,Ery_2
Run4_170276726982966,Ery_2,DCs,DCs,DCs,HSC_2,DCs,DCs,DCs
Run4_170276741343972,Ery_2,Ery_2,Ery_2,Ery_2,Ery_2,Ery_2,Ery_2,Ery_1
Run4_170276741868852,Mono_2,Mono_1,DCs,DCs,Mono_1,Mono_1,Mono_2,Mono_1
Run4_170276742097203,DCs,DCs,DCs,DCs,Mono_1,Mega,Mono_1,DCs
Run4_170276772767651,DCs,DCs,Ery_1,DCs,DCs,DCs,Mega,DCs
Run4_170327461022045,Ery_2,Ery_2,Ery_2,Ery_2,Ery_2,Ery_2,Ery_2,Ery_1
Run4_170327461455716,Mono_2,DCs,DCs,DCs,Mono_1,DCs,DCs,Precursors
Run4_170327475927477,Ery_2,Ery_2,Ery_2,Ery_2,Ery_2,Ery_2,Ery_2,Ery_2
Run4_170327476169508,Ery_2,Ery_2,Ery_2,Ery_2,Ery_2,Ery_2,Ery_2,Ery_2
Run4_170327488772405,DCs,DCs,DCs,DCs,Ery_2,Mono_1,Mega,Mono_1
Run4_170343448131827,Mono_1,Mono_2,Mono_1,DCs,Mono_1,Mono_1,Mono_1,Mono_1
Run4_170343460137829,Ery_1,DCs,Ery_1,Ery_2,DCs,DCs,Mega,Mega
Run4_170343460457182,Ery_2,DCs,DCs,Ery_2,Ery_2,DCs,Mega,DCs
Run4_170343460891934,DCs,Mono_2,DCs,DCs,Mono_2,DCs,DCs,Mono_1
Run4_170343479232940,DCs,DCs,DCs,DCs,DCs,Precursors,DCs,DCs
Run4_170343479589596,Mono_1,Mono_1,Mono_1,DCs,Mono_1,Mono_1,Mono_1,Mono_1
Run4_170344372688676,Mono_2,DCs,DCs,DCs,DCs,DCs,DCs,DCs
Run4_170344399948526,Mono_2,DCs,DCs,DCs,Mega,DCs,DCs,DCs
Run4_170344400481003,Mono_1,Mono_1,Mono_1,Mono_1,Mono_1,Mono_1,Mono_1,Mono_1
Run4_170660052458923,Ery_1,DCs,Ery_2,Ery_2,Mega,Ery_2,Mega,Mega
Run4_170660067457310,Ery_2,DCs,DCs,DCs,Mega,Mega,Mega,Mega
Run4_170660098693982,DCs,DCs,DCs,DCs,Mono_1,DCs,DCs,DCs
Run4_170660098890014,DCs,Mega,DCs,DCs,Mega,DCs,Mega,DCs
Run4_170745952070499,DCs,Mono_1,Mega,DCs,DCs,DCs,Mono_2,DCs
Run4_170745952132452,Ery_2,Ery_1,Ery_2,Ery_2,Ery_2,Ery_2,Ery_2,Ery_1
Run4_170745952684387,Mono_1,Mono_1,Mono_1,DCs,Mono_2,Mono_1,Mono_1,Mono_1
Run4_170745979386291,Mono_2,DCs,DCs,DCs,Mono_2,DCs,Mono_2,Mono_1
Run4_170745979922142,DCs,DCs,DCs,DCs,DCs,DCs,DCs,DCs
Run4_170745998031085,DCs,DCs,DCs,DCs,Mono_1,DCs,DCs,DCs
Run4_170798565509430,DCs,DCs,DCs,DCs,DCs,DCs,DCs,DCs
Run4_170798566000413,DCs,DCs,DCs,DCs,DCs,DCs,Mono_1,DCs
Run4_170798580418413,Mono_2,DCs,DCs,DCs,DCs,DCs,Mega,DCs
Run4_170798592510388,Mono_2,Mono_1,DCs,DCs,DCs,DCs,DCs,DCs
Run4_170798612072347,DCs,DCs,DCs,DCs,Mega,DCs,Mono_1,DCs
Run4_170877887888611,DCs,DCs,DCs,DCs,DCs,DCs,DCs,DCs
Run4_170877888190765,Ery_1,Mono_1,Ery_1,Ery_2,Ery_2,Ery_2,Ery_2,Ery_1
Run4_170877888706870,Mono_1,Mono_1,Mono_1,Mono_2,Mono_1,Mono_1,Mono_1,Mono_1
Run4_170877902862702,Mono_1,DCs,DCs,DCs,Mono_1,DCs,DCs,DCs
Run4_170877915092702,Mono_1,Mono_1,Mono_1,Mono_2,Mono_1,Mono_1,Mono_1,Mono_1
Run4_170877915981547,Mono_2,DCs,DCs,DCs,DCs,Mono_1,DCs,Mono_1
Run4_170877933992798,DCs,DCs,DCs,DCs,DCs,DCs,DCs,DCs
Run4_170877934516083,Ery_2,Mega,Mega,Ery_2,Ery_1,Ery_1,Mega,Mono_1
Run4_170877934779611,Ery_2,Mega,Ery_1,Mega,Mega,Ery_2,Ery_2,Ery_1
Run4_191026787670262,DCs,DCs,DCs,DCs,DCs,DCs,DCs,DCs
Run4_191026787674525,Mono_2,DCs,DCs,DCs,Mono_1,DCs,DCs,DCs
Run4_191026802350828,Mono_1,Mono_1,Mono_1,DCs,Mono_1,Mono_1,Mono_1,Mono_1
Run4_191026814932726,Mono_1,Mono_1,Mono_1,DCs,Mono_1,Mono_1,Mono_1,Mono_1
Run4_191026834331566,Ery_2,Mega,Ery_2,Ery_2,Mega,Ery_2,Ery_2,Ery_1
Run4_191080743165213,Mono_1,Mono_1,Mono_1,DCs,Mono_1,Mono_1,Mono_1,Mono_1
Run4_191080758131627,DCs,Mono_1,DCs,DCs,DCs,DCs,DCs,DCs
Run4_191080789887787,Ery_2,Ery_1,Ery_2,Ery_2,Ery_2,Ery_2,Ery_2,Ery_1
Run4_191096715635491,Mono_1,DCs,Ery_2,Ery_2,Mega,Ery_2,Mega,Ery_2
Run4_191096715693277,Mono_2,Mono_1,DCs,DCs,DCs,DCs,DCs,DCs
Run4_191096715696925,Mono_2,Mono_2,DCs,DCs,DCs,DCs,DCs,DCs
Run4_191096729487278,DCs,DCs,DCs,DCs,DCs,DCs,DCs,DCs
Run4_191096730273651,Ery_2,Ery_2,Ery_2,Ery_2,Ery_2,Ery_2,Ery_2,Ery_1
Run4_191096730372014,Mono_1,Mono_1,Mono_1,Mono_2,Mono_1,Mono_1,Mono_1,Mono_1
Run4_191096742636467,Mono_1,DCs,DCs,Mega,Ery_2,DCs,Mega,DCs
Run4_191096742700781,Ery_1,Mega,Ery_2,Mega,Mega,Mega,DCs,Ery_1
Run4_191096760949678,Ery_1,Ery_1,Ery_2,Ery_2,Ery_2,Ery_1,Ery_2,Ery_1
Run4_191096760954094,DCs,Mono_1,DCs,DCs,Mono_2,DCs,DCs,DCs
Run4_191096761047275,Mono_2,DCs,DCs,DCs,DCs,DCs,DCs,DCs
Run4_191210578165158,Mono_2,DCs,DCs,DCs,DCs,DCs,DCs,DCs
Run4_191210578200421,Ery_2,Ery_2,Ery_2,Ery_2,Ery_1,Ery_2,Ery_2,Ery_1
Run4_191215632299814,Mega,Mega,Ery_1,Mega,Ery_2,Mega,Ery_2,Ery_1
Run4_191215632598755,Mono_1,DCs,Mono_1,DCs,DCs,DCs,DCs,Mono_2
Run4_191215646464924,Mono_2,Mono_1,Mono_1,DCs,Mono_2,Mono_1,Mono_1,DCs
Run4_191215678445341,Mono_2,DCs,DCs,DCs,DCs,Ery_1,DCs,DCs
Run4_191226637564331,Ery_1,Mega,Ery_2,Ery_2,Ery_2,Ery_2,Mega,Ery_2
Run4_191226637598108,Ery_2,Ery_1,Ery_2,Ery_2,Ery_2,Ery_2,Ery_2,Ery_1
Run4_191226665101172,Precursors,DCs,DCs,DCs,DCs,DCs,DCs,DCs
Run4_191226684336484,Ery_2,DCs,DCs,DCs,HSC_2,DCs,DCs,Mono_1
Run4_191553860393388,DCs,DCs,DCs,DCs,DCs,DCs,DCs,DCs
Run4_191553860942637,Mega,DCs,DCs,Mega,Ery_2,Mega,Mega,Mega
Run4_191553860980005,DCs,DCs,DCs,Ery_2,Mega,Mega,Mono_2,DCs
Run4_191553875392366,Ery_2,DCs,DCs,DCs,Mono_1,Precursors,Mega,Ery_2
Run4_191553888509214,Ery_1,DCs,DCs,DCs,Ery_1,Mega,Ery_2,Mono_1
Run4_191576409230699,Mono_1,HSC_1,Mega,Mega,Ery_2,Mega,Mega,Mono_1
Run4_191576424007462,Mega,Mega,Mega,Mega,Mega,Mega,Mega,Mega
Run4_191645397764444,Mono_1,Mega,Mega,Ery_2,Mega,DCs,DCs,Precursors
Run4_191645412087659,Mono_1,Mono_2,Mono_1,DCs,Mono_1,Mono_1,Mono_1,Ery_1
Run4_191645412452635,Mega,Mega,Ery_2,Mega,Mega,Mega,Mega,Mega
Run4_191645443803486,Ery_2,Ery_2,Ery_2,Ery_2,Ery_2,Ery_2,Ery_2,Ery_2
Run4_191647276193582,Ery_2,Ery_1,Ery_2,Ery_2,Ery_2,Ery_2,Ery_2,Ery_1
Run4_191647290936222,Mono_2,DCs,DCs,DCs,Mono_1,Ery_2,DCs,DCs
Run4_191647291132852,Mono_2,Mono_1,DCs,DCs,DCs,DCs,DCs,DCs
Run4_191647322069734,Mono_2,DCs,DCs,DCs,DCs,DCs,DCs,DCs
Run4_191647322139957,Ery_1,Ery_1,Ery_1,Ery_2,Ery_2,Ery_1,Ery_2,Ery_1
Run4_191647322684844,Ery_2,Mega,Ery_1,Ery_2,Ery_2,Ery_2,DCs,Mega
Run4_191691433565477,Mono_1,Mono_1,Mono_1,DCs,Mono_1,Mono_1,Mono_1,Mono_1
Run4_191691433891620,Ery_2,DCs,DCs,DCs,Mega,Ery_1,DCs,Mega
Run4_191691460925726,Mono_1,Mono_1,Mono_1,DCs,Mono_1,Mono_1,Mono_1,Mono_1
Run4_191691461609772,DCs,DCs,DCs,DCs,DCs,DCs,DCs,DCs
Run4_191691479702894,Mono_1,Mono_1,Mono_1,Mono_2,Mono_1,Mono_1,Mono_1,Mono_1
Run4_191708881966812,Mono_1,Mono_1,Mono_1,Mono_2,Mono_1,Mono_1,Mono_1,Mono_1
Run4_191708882680619,Mono_1,Mono_1,Mono_1,DCs,Mono_2,Mono_1,Mono_1,Mono_1
Run4_191708897074011,Mono_2,Mono_1,Mono_2,DCs,Ery_1,Mono_1,Mono_2,DCs
Run4_191708897167197,Mono_2,DCs,DCs,Mega,Ery_1,DCs,DCs,DCs
Run4_191708897331555,Ery_2,Ery_2,Ery_2,Ery_2,Ery_2,Ery_2,Ery_2,Ery_2
Run4_191708909656502,Mono_1,DCs,DCs,DCs,Ery_1,Mega,Mono_1,HSC_2
Run4_191756798220078,DCs,DCs,DCs,DCs,DCs,Mono_1,Mono_1,Mono_1
Run4_191756798445998,Ery_2,Ery_2,Ery_2,Ery_2,Ery_2,Ery_2,Ery_2,Ery_1
Run4_191756813060845,Mono_2,DCs,DCs,DCs,Mono_1,DCs,DCs,DCs
Run4_191756825385244,HSC_2,DCs,Ery_2,DCs,DCs,DCs,Mega,Mono_2
Run4_191756843760053,Ery_1,DCs,Ery_2,DCs,Mono_1,Ery_2,DCs,Mega
Run4_191756844055782,DCs,DCs,DCs,DCs,DCs,DCs,DCs,DCs
Run4_191760421510452,DCs,DCs,DCs,DCs,DCs,DCs,DCs,DCs
Run4_191760436250853,Ery_2,Ery_1,Ery_2,Ery_2,Ery_2,Ery_1,Ery_2,Ery_2
Run4_191760436680555,Mono_2,DCs,DCs,DCs,DCs,DCs,Mono_2,DCs
Run4_191760449517475,Ery_2,Mega,Ery_2,Ery_2,Ery_2,Ery_2,Ery_2,Ery_1
Run4_191760449620315,Mono_1,DCs,DCs,DCs,Mega,DCs,Mega,Mega
Run4_191774111938413,DCs,DCs,DCs,DCs,DCs,DCs,DCs,DCs
Run4_191774126656237,Ery_2,Mono_1,Ery_2,DCs,Ery_1,DCs,Mega,DCs
Run4_191774127220660,Mono_1,Mono_1,Mono_1,Mono_2,Mono_1,Mono_1,Mono_1,Mono_1
Run4_191774158347107,Mono_2,DCs,DCs,DCs,Mono_1,DCs,DCs,DCs
Run4_192101737523115,DCs,DCs,DCs,DCs,Mega,DCs,Mega,DCs
Run4_192101737524468,Mono_1,Mono_1,Mono_1,DCs,Mono_1,Mono_1,Mono_1,Mono_1
Run4_192121064778654,Ery_2,Ery_2,Ery_2,Ery_2,Ery_2,Ery_2,Ery_2,Ery_2
Run4_192121092032357,DCs,Mega,DCs,Mega,Mega,Mega,DCs,DCs
Run4_192121092139252,Mono_1,DCs,DCs,DCs,Mono_1,DCs,DCs,DCs
Run4_192121092557547,Ery_2,Ery_2,Ery_2,Ery_2,Ery_2,Ery_2,Ery_2,Ery_1
Run4_192121092586931,DCs,DCs,Mega,DCs,Mega,DCs,Mega,Mega
Run4_192121092594915,HSC_2,DCs,Mega,DCs,Mega,Ery_2,DCs,DCs
Run4_192121111173931,Mega,Mega,Mega,Mega,Mega,Mega,Mega,Mega
Run4_192180120311715,Mono_1,Mono_1,Mono_1,DCs,Mono_1,Mono_1,Mono_1,Mono_1
Run4_192180120345908,DCs,DCs,DCs,DCs,DCs,DCs,DCs,DCs
Run4_192180120381299,Mono_2,DCs,DCs,DCs,Mono_1,DCs,DCs,DCs
Run4_192180120643819,DCs,DCs,DCs,DCs,Mega,DCs,DCs,DCs
Run4_192180134984044,Ery_2,Ery_2,Ery_2,Ery_2,Ery_2,Ery_2,Ery_2,Ery_2
Run4_192180135835932,DCs,DCs,DCs,DCs,DCs,DCs,DCs,DCs
Run4_192255416482541,Mono_2,DCs,DCs,DCs,DCs,DCs,DCs,DCs
Run4_192255431231854,Ery_1,DCs,Ery_2,DCs,Mega,DCs,DCs,DCs
Run4_192255443749213,Mono_2,DCs,DCs,DCs,DCs,Mono_1,Mono_1,DCs
Run4_192255443823837,Mono_1,Mono_1,Mono_1,DCs,Mono_1,Mono_1,Mono_1,Mono_1
Run4_192255443986782,DCs,DCs,DCs,DCs,DCs,DCs,DCs,DCs
Run4_192255444339116,Ery_1,DCs,Mono_1,DCs,Mono_1,Mono_1,Mega,DCs
Run4_192255444535669,DCs,DCs,Mega,Mega,Ery_2,Mega,DCs,Mega
Run4_192255444540643,DCs,Mega,DCs,DCs,Mega,Mega,Mega,Mono_1
Run4_192255463156659,Mono_2,DCs,DCs,DCs,Mono_1,Mono_1,DCs,DCs
Run4_192306956155244,Mono_2,DCs,DCs,DCs,Mono_2,Ery_1,Mega,Ery_2
Run4_192306956167478,Mono_2,Mono_1,Mono_1,DCs,Mono_2,Mono_1,Mono_1,Mono_1
Run4_192306956384989,Mono_1,Mono_1,Mono_1,Mono_2,Mono_1,Mono_1,Mono_1,Mono_1
Run4_192307002465011,HSC_2,DCs,DCs,DCs,DCs,DCs,DCs,Mono_1
Run4_192307003013430,DCs,DCs,Mega,DCs,DCs,DCs,DCs,DCs
Run4_192315278383987,Mega,Mega,Ery_2,Ery_2,Ery_2,Mega,Ery_1,Ery_1
Run4_192315323763123,Mono_2,DCs,DCs,DCs,DCs,DCs,DCs,DCs
Run4_192315324022046,Ery_2,Ery_2,Ery_2,Ery_2,Ery_2,Ery_2,Ery_2,Ery_1
Run4_192317708159836,Mono_1,Mono_1,Mono_1,DCs,Mono_1,Mono_1,Mono_1,Mono_1
Run4_192317708224733,DCs,DCs,DCs,DCs,Mega,DCs,DCs,DCs
Run4_192317708229035,Mega,Mega,Ery_1,Mega,Ery_2,Ery_2,Ery_2,Ery_1
Run4_192317721295644,Ery_2,Precursors,DCs,DCs,Ery_1,DCs,DCs,DCs
Run4_192317739722540,Mono_1,Mono_1,DCs,DCs,Mono_2,Mono_1,Mono_1,DCs
Run4_192317740209949,DCs,Mega,DCs,DCs,DCs,Mega,Mega,DCs
Run4_192317740505381,Mono_2,DCs,DCs,DCs,DCs,DCs,DCs,Mega
Run4_192325895502708,Mono_1,DCs,DCs,DCs,DCs,DCs,DCs,DCs
Run4_192325896325541,Mono_2,Mono_1,DCs,DCs,DCs,Mono_1,Mono_2,DCs
Run4_192325908097756,Ery_2,Ery_2,Ery_2,Ery_2,Ery_2,Ery_2,Ery_2,Ery_2
Run4_192325908359596,Mono_1,Mono_1,Mono_1,Mono_2,Mono_1,Mono_1,Mono_1,Mono_1
Run4_192325908392675,HSC_2,DCs,DCs,DCs,Mono_2,DCs,DCs,DCs
Run4_192653655132078,Mono_1,Mono_1,Mono_1,DCs,Mono_1,Mono_1,Mono_1,Mono_1
Run4_192653655660395,Ery_1,HSC_1,DCs,HSC_2,Mono_1,Mega,DCs,DCs
Run4_192653655980316,Mono_2,DCs,Ery_2,DCs,DCs,DCs,Mega,DCs
Run4_192653687379885,Ery_2,Ery_1,Ery_2,Ery_2,Ery_2,Ery_2,Ery_2,Ery_1
Run4_192678083288372,Ery_1,DCs,Ery_2,Mega,DCs,DCs,Mega,Ery_2
Run4_192678083344310,DCs,Mono_1,Mono_1,DCs,Mono_1,Mono_1,Mono_1,DCs
Run4_192678083545443,Ery_2,DCs,DCs,DCs,Mega,DCs,DCs,DCs
Run4_192678083648228,Mono_1,Mono_1,Mono_1,DCs,Mono_1,Mono_1,Mono_1,Mono_1
Run4_192678095411638,Mono_2,Mono_1,Mono_1,DCs,Mono_2,DCs,Mono_2,Mono_1
Run4_192678114514805,Ery_2,Ery_2,Ery_2,Ery_2,Ery_2,Ery_2,Ery_2,Ery_1
Run4_192678114842932,DCs,DCs,DCs,DCs,DCs,DCs,DCs,Mega
Run4_192718870857580,Mega,Mega,Mega,Mega,Mega,Mega,Mega,Mega
Run4_192718885735134,Mega,DCs,Mega,DCs,HSC_2,DCs,Mega,DCs
Run4_192718898096035,DCs,DCs,DCs,DCs,DCs,DCs,Mono_2,DCs
Run4_192718916672243,DCs,Mega,DCs,DCs,Mono_2,Mega,Mega,Ery_1
Run4_192729608283885,Ery_1,Mono_1,Ery_1,Ery_2,Ery_1,Mono_1,Ery_1,Mono_1
Run4_192729622923182,DCs,DCs,DCs,DCs,DCs,DCs,DCs,DCs
Run4_192729623189917,Ery_1,DCs,Mono_1,Mega,Mega,Mono_1,Mega,DCs
Run4_192729635547060,Mono_2,DCs,DCs,DCs,DCs,DCs,DCs,DCs
Run4_192729635765173,Ery_2,Mega,Ery_1,Ery_2,Ery_2,Ery_2,Ery_2,Ery_2
Run4_192745848031667,Mono_2,Mono_1,DCs,DCs,Mono_1,Mono_1,Mono_1,Mono_1
Run4_192745848400612,Mono_1,DCs,Ery_2,DCs,Mega,Mono_1,Ery_1,DCs
Run4_192745875859363,Mono_1,Mono_1,Mono_1,DCs,Mono_2,DCs,Mono_2,DCs
Run4_192745876182949,Mono_1,Mono_1,Mono_1,Mono_2,Mono_1,Mono_1,Mono_1,Mono_1
Run4_192747056519990,Mono_1,Mono_1,Mono_1,Mono_2,Mono_1,Mono_1,Mono_1,Mono_1
Run4_192747056772916,HSC_2,Mono_1,DCs,DCs,Ery_1,Mega,Mono_1,Mono_2
Run4_192747056813853,DCs,DCs,DCs,Mega,Mono_1,DCs,Mega,DCs
Run4_192747070712604,Ery_2,DCs,Ery_2,Mega,Mono_1,DCs,DCs,Mono_1
Run4_192747070778206,Mono_2,DCs,DCs,DCs,DCs,DCs,DCs,DCs
Run4_192747083622644,Mono_1,Mono_1,Mono_1,Mono_2,Mono_1,Mono_1,Mono_1,Mono_1
Run4_192747102161259,Ery_2,DCs,Ery_2,Ery_2,Ery_2,Ery_2,Ery_2,Mega
Run4_192747102162333,Ery_2,DCs,Mega,DCs,Mono_1,Precursors,DCs,DCs
Run4_192788844461428,DCs,DCs,DCs,DCs,HSC_2,DCs,DCs,Mono_1
Run4_192788844633509,Ery_2,Ery_2,Ery_2,Ery_2,Ery_2,Ery_2,Ery_2,Ery_1
Run4_192806917127605,Ery_2,DCs,Mega,Mono_2,Mega,Ery_2,Mega,Mono_1
Run4_192806917893027,Mono_1,Mono_1,Mono_1,Mono_2,Mono_1,Mono_1,Mono_1,Mono_1
Run4_192806931781980,Mono_2,Mono_1,DCs,DCs,HSC_2,DCs,Mono_2,Mono_2
Run4_192806931815150,DCs,DCs,DCs,DCs,DCs,DCs,DCs,DCs
Run4_192806944434908,DCs,DCs,DCs,DCs,DCs,DCs,DCs,DCs
Run4_192806944652638,Mono_1,DCs,DCs,DCs,Precursors,DCs,Mono_1,Precursors
Run4_192806964049651,HSC_2,DCs,DCs,DCs,DCs,DCs,Mono_2,DCs
Run4_192859665184630,Ery_2,Ery_2,Ery_2,Ery_2,Ery_2,Ery_2,Ery_2,Ery_1
Run4_192859679713069,DCs,Mono_1,DCs,DCs,Ery_2,Mega,DCs,DCs
Run4_192859680230813,Ery_2,Ery_1,Ery_1,Ery_2,Ery_2,Ery_1,Ery_2,Mega
Run4_192859711334757,Ery_2,Ery_2,Ery_2,Ery_2,Ery_2,Ery_2,Ery_2,Ery_2
Run4_195426041883886,DCs,DCs,DCs,DCs,Mega,DCs,DCs,Mega
Run4_195426042109174,Ery_2,Ery_1,Ery_1,Ery_2,Ery_2,Ery_2,Ery_2,Ery_1
Run4_195426057313636,Ery_2,DCs,Ery_2,Ery_2,Ery_2,Mega,Mono_1,Ery_1
Run4_195426057373486,Mono_1,Mono_1,Mono_2,DCs,Mono_1,Mono_1,Mono_1,Mono_1
Run4_195426069206942,DCs,DCs,DCs,DCs,Mono_1,DCs,Mega,DCs
Run4_195426088052590,DCs,DCs,DCs,DCs,DCs,DCs,DCs,DCs
Run4_195546181429484,DCs,DCs,DCs,DCs,Mono_2,DCs,DCs,DCs
Run4_195546194013029,Mega,Mega,Mega,Mega,Mega,Mega,Mega,Mega
Run4_195546194598117,Mono_2,DCs,DCs,DCs,DCs,DCs,DCs,DCs
Run4_195546213660462,Mega,Mega,Mega,Mega,Mega,Mega,Mega,Mega
Run4_195547374734188,Ery_1,DCs,DCs,DCs,Mono_1,Ery_1,Mega,Precursors
Run4_195547374774637,DCs,DCs,DCs,DCs,DCs,Mono_2,Mono_2,DCs
Run4_195547374991150,Ery_2,Ery_2,Ery_2,Ery_2,Ery_2,Ery_2,Ery_2,Ery_1
Run4_195547375033628,DCs,DCs,DCs,DCs,Mega,DCs,Mono_1,DCs
Run4_195547389974758,Mono_2,DCs,DCs,DCs,Mono_1,DCs,Mono_2,DCs
Run4_195547402262878,DCs,DCs,DCs,DCs,Mono_1,DCs,DCs,DCs
Run4_195562272840997,Mono_2,DCs,DCs,Mono_2,Mega,Ery_1,DCs,Mega
Run4_195562273364387,HSC_2,DCs,Mega,Mega,Mono_1,Mega,Mega,Mega
Run4_195562273618206,Ery_2,Mega,Mega,Mega,Mega,Mega,Ery_2,Mega
Run4_195562273655733,Mono_2,DCs,DCs,DCs,DCs,DCs,DCs,DCs
Run4_195562287553262,Ery_2,Ery_1,Ery_2,Ery_2,Ery_2,Ery_2,Ery_2,Ery_1
Run4_195562288135388,Ery_1,Mega,Mega,Mega,Mega,Mega,Ery_1,Mega
Run4_195562300360556,DCs,Mono_1,DCs,DCs,DCs,DCs,DCs,DCs
Run4_195562319496997,Mono_1,DCs,Mono_1,DCs,DCs,Mono_1,Mono_2,Mono_1
Run4_195562319506654,DCs,DCs,DCs,DCs,DCs,DCs,DCs,DCs
Run4_195606431320494,DCs,DCs,DCs,DCs,Mono_1,Mega,Mega,Mono_1
Run4_195606458063198,Mono_2,DCs,DCs,DCs,DCs,DCs,DCs,DCs
Run4_195606458297180,Ery_2,Ery_2,Ery_2,Ery_2,Ery_2,Ery_2,Ery_2,Ery_1
Run4_195606458558894,Mono_2,DCs,DCs,DCs,DCs,DCs,DCs,DCs
Run4_195615826074908,DCs,DCs,DCs,DCs,Mono_1,DCs,DCs,Mega
Run4_195615840422630,Mono_2,Mono_1,DCs,DCs,DCs,DCs,DCs,DCs
Run4_195615840460084,Ery_2,Ery_2,Ery_2,Ery_2,Ery_2,Ery_2,Ery_2,Ery_2
Run4_195615853792491,DCs,DCs,DCs,DCs,DCs,DCs,DCs,DCs
Run4_195615872431860,Mono_1,Mono_1,Mono_1,DCs,Mono_1,Mono_1,Mono_1,Mono_1
Run4_195622403238116,Ery_2,DCs,DCs,DCs,Ery_1,DCs,DCs,DCs
Run4_195622417386716,Mono_2,DCs,DCs,DCs,DCs,DCs,DCs,DCs
Run4_195622430428078,Ery_2,Ery_2,Ery_2,Ery_2,Ery_2,Ery_2,Ery_2,Ery_2
Run4_195622430498036,Mono_2,DCs,DCs,DCs,Mono_1,DCs,DCs,DCs
Run4_195623342168820,Mono_1,DCs,Mono_1,DCs,Mono_1,Mono_1,DCs,Mono_1
Run4_195623342172957,Mono_2,Mono_1,DCs,DCs,DCs,DCs,Mono_2,DCs
Run4_195623356938660,Mono_1,Mono_1,Mono_1,Mono_2,Mono_1,Mono_1,Mono_1,Mono_1
Run4_195623388039605,DCs,DCs,DCs,DCs,Mega,Ery_1,DCs,Ery_1
Run4_195625758670110,Ery_2,DCs,Ery_2,Ery_2,Ery_2,Ery_2,Ery_2,Ery_1
Run4_195625772766949,Mono_2,DCs,DCs,DCs,DCs,DCs,DCs,DCs
Run4_195625773127910,Mono_1,Mono_1,Mono_1,DCs,Mono_1,Mono_1,Mono_1,Mono_1
Run4_195625785641204,Mono_1,Mono_1,Mono_1,DCs,Mono_2,Mono_1,Mono_1,Mono_1
Run4_195625804547821,Mono_1,Mono_1,Mono_1,DCs,Mono_1,Mono_1,Mono_1,Mono_1
Run4_195958617881501,Mono_1,Mono_1,Mono_2,DCs,Mono_2,Mono_1,Mono_1,Mono_1
Run4_195958618090790,Ery_2,DCs,Mono_2,DCs,Mono_1,Mono_1,Ery_2,Ery_1
Run4_195958618154723,Ery_2,DCs,DCs,DCs,Mono_2,Precursors,Mega,DCs
Run4_195958632569060,Ery_2,Ery_2,Ery_2,Ery_2,Ery_2,Ery_2,Ery_2,Ery_2
Run4_195958632734107,Mono_2,DCs,Mono_1,DCs,DCs,DCs,DCs,Mono_2
Run4_195958633326307,Ery_2,Ery_2,Ery_2,Ery_2,Ery_2,Ery_2,Ery_2,Ery_2
Run4_195958663931622,Ery_2,Ery_1,Ery_2,Ery_2,Ery_2,Ery_2,Ery_2,Ery_1
Run4_195958664260979,Mono_1,Mono_1,Mono_1,DCs,Mono_1,Mono_1,Mono_1,Mono_1
Run4_195967073807212,Ery_2,Mega,Ery_1,Ery_2,Ery_2,Ery_1,Ery_2,Ery_1
Run4_195967101618597,DCs,Mono_1,DCs,DCs,DCs,DCs,Mono_2,DCs
Run4_195967120463790,Ery_2,DCs,DCs,DCs,Ery_2,DCs,DCs,DCs
Run4_195967120529133,Ery_1,Mono_1,DCs,DCs,Ery_2,DCs,Ery_2,Mono_1
Run4_195967120529691,DCs,DCs,DCs,DCs,DCs,DCs,DCs,Mono_1
Run4_196019686955356,Ery_2,DCs,Ery_2,Mega,Ery_2,Ery_2,Ery_2,Ery_1
Run4_196019687679853,DCs,Mono_1,DCs,DCs,DCs,DCs,DCs,DCs
Run4_196019701901740,Ery_2,DCs,Mega,DCs,Ery_1,DCs,Mega,Mono_1
Run4_196019714452388,DCs,Mono_1,Mono_2,DCs,Mono_1,Mono_1,Mono_1,DCs
Run4_196019733019486,Ery_2,Ery_1,Ery_2,Ery_2,Ery_2,Ery_2,Ery_2,Ery_1
Run4_196019733085555,Ery_2,Ery_1,Ery_2,Ery_2,Ery_2,Ery_2,Ery_2,Ery_2
Run4_196019733322150,Mono_1,Mono_2,Ery_1,DCs,DCs,Mono_2,Mono_1,Mono_1
Run4_196019733608365,Ery_2,Mega,DCs,DCs,Ery_2,Ery_1,Mega,Mega
Run4_196019733805803,Mono_1,Mono_1,DCs,DCs,Mono_1,Mono_1,Mono_1,Mono_1
Run4_196043578137333,DCs,DCs,DCs,DCs,DCs,DCs,DCs,DCs
Run4_196043593178524,Ery_1,DCs,DCs,DCs,Ery_2,Mono_1,DCs,Ery_2
Run4_196043604978909,Mono_2,Mono_1,DCs,DCs,Mono_2,DCs,Mono_1,DCs
Run4_196043623840172,DCs,DCs,DCs,DCs,Mono_1,DCs,DCs,DCs
Run4_196043624269683,HSC_2,Mono_1,DCs,DCs,DCs,Mega,DCs,DCs
Run4_196043624574324,Mega,Mega,Mega,Mega,Mega,Mega,Mega,Mega
Run4_196113236703005,DCs,Mono_1,DCs,DCs,Mono_1,Mono_1,DCs,DCs
Run4_196113236978030,Mono_1,HSC_2,Mono_1,DCs,DCs,DCs,DCs,DCs
Run4_196113237404901,DCs,DCs,DCs,DCs,Mono_2,DCs,DCs,DCs
Run4_196113237424939,Mega,DCs,Mega,Mega,Mega,Ery_1,Mega,Mega
Run4_196113263881118,DCs,DCs,DCs,DCs,DCs,DCs,DCs,DCs
Run4_196163837225389,Ery_2,DCs,Ery_2,Mega,Ery_2,Mega,Mega,Ery_2
Run4_196163851634485,Mono_2,DCs,DCs,DCs,Mono_1,Mono_1,Mono_2,DCs
Run4_196163852160430,Ery_2,Ery_2,Ery_2,Ery_2,Ery_2,Ery_2,Ery_2,Ery_1
Run4_196163852167475,Ery_2,Ery_2,Ery_2,Ery_2,Ery_2,Ery_2,Ery_2,Ery_1
Run4_196163864287654,Mono_2,DCs,Mono_1,DCs,DCs,DCs,DCs,Mono_1
Run4_196163864321262,DCs,DCs,DCs,DCs,Mono_1,DCs,DCs,Mega
Run4_196163864324340,Mono_1,Mono_1,DCs,DCs,Mono_2,Mono_1,Mono_1,Mono_2
Run4_196163864324443,Ery_2,Ery_1,Ery_2,Ery_2,Ery_2,Ery_2,Ery_2,Ery_2
Run4_196163864475485,DCs,DCs,DCs,DCs,DCs,DCs,DCs,DCs
Run4_196163864586091,Ery_2,DCs,DCs,DCs,Mono_1,Mono_1,DCs,DCs
Run4_196163883427750,Precursors,DCs,DCs,DCs,Ery_1,DCs,Mono_1,DCs
Run4_196163883683061,Mono_2,DCs,DCs,DCs,DCs,DCs,DCs,Mono_1
Run4_196163883715494,Ery_2,DCs,Ery_2,Mega,Mega,Ery_2,Ery_2,Ery_2
Run4_196174306465580,Mono_2,DCs,DCs,DCs,Mono_2,DCs,DCs,DCs
Run4_196174351822062,Mono_2,Mega,Ery_1,Mega,Mega,Mega,DCs,Mega
Run4_196174352079662,Mono_2,Mono_2,DCs,DCs,DCs,Mono_1,DCs,DCs
Run4_196180748389739,Ery_2,Ery_2,Ery_2,Ery_2,Ery_2,Ery_2,Ery_2,Ery_2
Run4_196180748720476,Mono_2,DCs,DCs,DCs,Mono_1,DCs,Mega,DCs
Run4_196180763692382,Mono_1,Mono_1,Mono_1,DCs,DCs,Mono_1,Mono_1,Mono_1
Run4_196180775390052,Ery_2,DCs,DCs,DCs,Ery_1,DCs,Mega,DCs
Run4_196180775394589,DCs,DCs,DCs,DCs,DCs,DCs,DCs,DCs
Run4_196180776012636,Mono_1,DCs,DCs,DCs,Ery_1,DCs,Mega,Ery_2
Run4_196527701277405,Ery_2,Ery_1,Ery_2,Ery_2,Ery_2,Ery_2,Ery_2,Ery_1
Run4_196527701473701,DCs,DCs,DCs,DCs,DCs,Precursors,DCs,DCs
Run4_196527715968884,Mono_1,DCs,DCs,DCs,Mono_1,DCs,Mono_2,DCs
Run4_196527729007907,DCs,DCs,DCs,DCs,DCs,DCs,DCs,DCs
Run4_196638162774388,Ery_1,Mega,Mega,Mega,Mega,Ery_1,Mega,Ery_1
Run4_196638162962283,DCs,DCs,DCs,DCs,Mega,Mono_1,Mega,Mega
Run4_196638189734252,Mono_1,DCs,Mono_2,DCs,Mono_2,Mono_1,Mono_1,Mono_1
Run4_196715472336692,Mono_1,Mono_2,Ery_1,DCs,Ery_1,Mono_1,Ery_1,Mono_1
Run4_196715486272436,Mono_1,Mono_1,Mono_1,Mono_2,Mono_1,Mono_1,Mono_1,Mono_1
Run4_196715499613470,Ery_1,DCs,DCs,DCs,Ery_2,Mono_1,Mega,DCs
Run4_197058291190516,DCs,DCs,Mono_1,DCs,Mega,DCs,Mega,DCs
Run4_197058310363493,Mono_1,DCs,HSC_1,DCs,Mega,DCs,DCs,DCs
Run4_197060142685020,Mono_2,DCs,DCs,DCs,DCs,DCs,DCs,DCs
Run4_197060142753630,DCs,DCs,DCs,DCs,Mono_2,DCs,DCs,Mono_1
Run4_197060143499614,Mono_2,Mono_1,DCs,DCs,Mono_2,DCs,Mono_1,DCs
Run4_197060157630893,DCs,Mono_1,DCs,DCs,DCs,DCs,DCs,DCs
Run4_197060157631339,Ery_2,Ery_2,Ery_2,Ery_2,Mega,Ery_2,Ery_2,Ery_2
Run4_197060188821364,Mono_2,DCs,DCs,DCs,Mono_2,Mono_1,DCs,DCs
Run4_197060189186996,Ery_1,Ery_1,Ery_2,Ery_2,Ery_2,Ery_2,Ery_2,Ery_1
Run4_197068881843939,Ery_2,Ery_2,Ery_2,Ery_2,Ery_2,Ery_2,Ery_2,Ery_2
Run4_197068894419747,Ery_1,DCs,DCs,DCs,Precursors,DCs,DCs,DCs
Run4_197135438833971,DCs,DCs,DCs,Mega,DCs,Ery_1,Mega,DCs
Run4_197135438919981,Ery_1,DCs,Mono_1,DCs,Mega,Ery_2,DCs,Mega
Run4_197135439391588,DCs,DCs,DCs,DCs,DCs,DCs,DCs,DCs
Run4_197135439641387,DCs,DCs,DCs,DCs,Mega,DCs,Mega,DCs
Run4_197135453580061,Mono_2,DCs,Ery_2,Ery_2,Mega,Ery_2,Mega,DCs
Run4_197135453611955,Mono_2,Mono_1,Mono_2,Mono_2,Mono_2,DCs,Mono_1,Mono_2
Run4_197135454132643,Mono_2,Mono_1,Mono_1,DCs,Mono_1,Mono_1,Mono_1,Mono_1
Run4_197135466157932,Mono_1,Ery_1,Ery_2,Ery_2,Mega,Mega,DCs,DCs
Run4_197135466416878,Mono_2,Mono_1,Mono_1,DCs,Mono_1,Mono_1,Mono_1,Mono_1
Run4_197135466941678,Ery_2,Ery_1,Ery_2,Ery_2,Ery_2,Ery_2,Ery_2,Ery_1
Run4_197135485528990,Mono_1,Mono_1,Mono_1,DCs,Mono_1,Mono_1,Mono_1,Mono_1
Run4_197135485552878,Mono_1,Mono_1,Mono_1,DCs,Mono_1,Mono_1,Mono_1,Mono_1
Run4_197135485581533,Ery_2,Mega,Ery_2,Mega,Mega,Mega,Ery_2,Ery_1
Run4_197135485585203,Ery_1,DCs,Ery_2,Ery_2,Ery_2,Ery_1,Ery_2,Ery_1
Run4_197135485812014,DCs,Mega,Ery_2,DCs,Mono_2,DCs,Ery_2,DCs
Run4_197145237276596,Mono_2,DCs,Mono_1,DCs,DCs,DCs,Mono_1,Mono_1
Run4_197145251755765,Mono_1,Mono_1,Mono_1,Mono_2,Mono_2,Mono_1,Mono_1,Mono_2
Run4_197145264282395,Ery_2,DCs,Mega,Mega,Ery_2,Mega,Ery_1,Mega
Run4_197145264867251,Mono_2,DCs,DCs,DCs,Mono_1,DCs,DCs,Mono_2
Run4_197145283116443,DCs,Mono_1,Mono_1,DCs,Mono_1,Mono_1,Mono_1,Mono_1
Run4_197185770539308,Mono_2,DCs,DCs,DCs,DCs,DCs,Mono_1,DCs
Run4_197185771091806,DCs,DCs,DCs,DCs,DCs,DCs,DCs,DCs
Run4_197185771095918,DCs,DCs,DCs,DCs,Mono_1,Mono_1,Mono_2,Mono_1
Run4_197185797798310,DCs,Mono_1,DCs,DCs,DCs,DCs,DCs,DCs
Run4_197185798289702,Mono_1,Mono_1,Mono_2,DCs,Mono_1,Mono_1,Mono_1,Mono_1
Run4_197185798523307,Ery_2,DCs,Ery_2,Mega,Mega,Mega,Mono_1,DCs
Run4_197185798555446,Ery_2,Ery_1,Ery_2,Ery_2,Ery_2,Ery_2,Ery_2,Ery_2
Run4_197185817500901,HSC_2,DCs,Mega,DCs,Ery_1,DCs,DCs,DCs
Run4_197188186917733,Ery_2,DCs,DCs,DCs,Mega,Ery_1,Mega,Mono_1
Run4_197188201133868,Mega,DCs,Mega,DCs,Mega,Precursors,DCs,Mega
Run4_197188201629548,Ery_2,Precursors,DCs,DCs,Mega,DCs,DCs,DCs
Run4_197188201921270,Mono_1,Mono_1,Mono_1,Mono_1,Mono_1,Mono_1,Mono_1,Mono_1
Run4_197188213688678,Ery_2,Ery_1,Ery_2,Ery_2,Ery_2,Ery_1,Ery_2,Ery_2
Run4_197188213762932,Mono_2,DCs,DCs,DCs,DCs,DCs,DCs,DCs
Run4_197188214241589,Mono_2,Mono_1,Mono_1,DCs,Mono_1,Mono_1,Mono_2,Mono_1
Run4_197188232853405,Ery_1,Mono_1,Mono_1,Mega,Mega,Mono_1,DCs,Mono_1
Run4_197206037621533,Ery_1,Mega,Mega,Mega,Mega,Ery_2,Mega,Ery_1
Run4_197206038173997,Mono_2,DCs,DCs,DCs,DCs,DCs,Mono_1,Mono_1
Run4_197206064909726,DCs,Mega,DCs,DCs,Mega,Ery_1,DCs,DCs
Run4_197206064937763,Ery_2,Mega,Ery_2,Ery_2,Ery_2,Ery_2,Ery_2,Ery_1
Run4_197206083562724,DCs,DCs,DCs,DCs,DCs,DCs,Mono_1,DCs
Run4_197206084074741,Mono_1,Mono_1,Mono_1,Mono_2,Mono_1,Mono_1,Mono_1,Mono_1
Run4_197213554326326,Ery_2,DCs,Mega,Ery_2,DCs,Ery_1,Mega,DCs
Run4_197213568552292,Mono_1,DCs,DCs,DCs,DCs,DCs,Mega,Mono_2
Run4_197213568841971,Mono_2,DCs,DCs,DCs,DCs,DCs,DCs,DCs
Run4_197213569072421,Mono_2,DCs,DCs,DCs,DCs,Mono_1,Mono_2,DCs
Run4_197213581065459,Ery_2,Ery_2,Ery_2,Ery_2,Ery_2,Ery_2,Ery_2,Ery_2
Run4_197213581699892,Ery_2,Ery_2,Ery_2,Ery_2,Ery_2,Ery_2,Ery_2,Ery_1
Run4_197213600213404,DCs,DCs,DCs,DCs,DCs,DCs,DCs,DCs
Run4_197256772020964,Mono_2,DCs,DCs,DCs,Ery_1,DCs,DCs,Mono_1
Run4_197256786963700,DCs,DCs,DCs,DCs,DCs,DCs,DCs,DCs
Run4_197256799016862,Ery_2,DCs,DCs,DCs,DCs,DCs,Mega,DCs
Run4_197256799250723,Mono_2,Mono_1,Mono_1,DCs,Mono_2,Mono_1,Mono_1,DCs
Run4_197256818116965,Mono_1,Mono_1,Mono_1,DCs,Mono_1,Mono_1,Mono_1,Mono_1
Run4_197256818408876,Ery_2,Ery_1,Ery_2,Ery_2,Ery_2,Ery_2,Ery_2,Ery_1
Run4_197264019405222,DCs,DCs,DCs,DCs,DCs,DCs,DCs,Mono_2
Run4_197264019733939,Mono_2,DCs,DCs,DCs,Mono_2,DCs,DCs,DCs
Run4_197264019998963,DCs,DCs,DCs,DCs,DCs,DCs,Ery_1,Mono_1
Run4_197264020196652,HSC_2,DCs,DCs,Ery_2,DCs,DCs,DCs,DCs
Run4_197264034450291,Ery_2,Mono_1,Ery_2,Mega,Mega,Mega,Mega,Ery_1
Run4_197264047290742,DCs,DCs,DCs,DCs,DCs,DCs,HSC_2,Mono_1
Run4_197264047302493,Ery_2,Ery_1,Ery_2,Ery_2,Ery_2,Ery_2,Ery_2,Ery_1
Run4_197264065882923,Mega,DCs,Mega,Ery_2,Ery_2,Ery_1,Mega,Mega
Run4_199865979857267,HSC_2,Mega,DCs,DCs,Mega,Mega,Mega,Ery_2
Run4_199865992341405,DCs,DCs,Mega,Mega,Mega,Mega,Mega,Mega
Run4_199934550169390,DCs,DCs,DCs,DCs,DCs,DCs,DCs,DCs
Run4_199934565079284,Mono_1,DCs,DCs,DCs,Mono_2,DCs,Mono_2,DCs
Run4_199934577659107,Ery_2,Ery_2,Ery_2,Ery_2,Ery_2,Ery_2,Ery_2,Ery_1
Run4_199944362187108,Ery_2,DCs,Ery_1,Mega,Mega,Ery_2,Ery_2,Ery_1
Run4_199944362671019,HSC_2,DCs,DCs,DCs,Ery_1,Ery_1,DCs,DCs
Run4_199944362907939,Ery_2,Ery_2,Ery_2,Ery_2,Ery_2,Ery_2,Ery_2,Ery_1
Run4_199944374730037,Ery_1,DCs,DCs,DCs,Mega,Ery_1,DCs,Ery_2
Run4_199944375287029,Mono_1,Mono_1,Mono_1,DCs,Mono_1,Mono_1,Mono_2,DCs
Run4_199944394140389,Mega,Mega,Ery_2,Ery_2,Mega,Ery_2,Mega,Ery_1
Run4_199962332941109,Ery_1,DCs,Ery_2,Mega,Ery_2,DCs,Ery_2,DCs
Run4_199962332948397,Mono_1,Mono_1,Mono_1,Mono_2,Mono_1,Mono_1,Mono_1,Mono_1
Run4_199962333473700,Mono_2,Precursors,DCs,DCs,Mega,Precursors,DCs,DCs
Run4_199962347296556,Mono_2,Mono_1,DCs,DCs,DCs,DCs,DCs,DCs
Run4_199962347330923,DCs,DCs,DCs,DCs,DCs,Mono_1,DCs,DCs
Run4_199962347334366,DCs,DCs,DCs,DCs,DCs,DCs,DCs,DCs
Run4_199962347555572,Ery_2,Ery_2,Ery_2,Ery_2,Ery_2,Ery_2,Ery_2,Ery_1
Run4_199962347858356,DCs,DCs,DCs,DCs,Mega,DCs,DCs,Mono_1
Run4_199962360145780,Mono_1,Mono_1,Mono_1,DCs,Mono_1,Mono_1,Mono_1,Mono_1
Run4_199962360694622,Ery_2,Ery_1,Ery_2,Ery_2,Ery_2,Ery_2,Ery_2,Ery_1
Run4_199962360724702,DCs,DCs,DCs,DCs,DCs,DCs,DCs,DCs
Run4_200348208621342,Mono_2,Mono_2,Mono_2,DCs,Mono_1,Mono_1,Mono_2,Mono_1
Run4_200348208917275,Ery_2,Ery_1,Ery_2,Ery_2,Ery_2,Ery_2,Ery_2,Ery_1
Run4_200348223530852,Mono_2,DCs,DCs,DCs,DCs,DCs,DCs,DCs
Run4_200348223789276,Ery_2,Ery_2,Ery_2,Ery_2,Ery_2,Ery_2,Ery_2,Ery_1
Run4_200348224044405,DCs,DCs,Mega,DCs,Mono_1,DCs,DCs,Mono_1
Run4_200348236175710,Ery_2,Ery_1,Ery_2,Ery_2,Ery_2,Ery_2,Ery_2,Ery_1
Run4_200348236637916,Ery_2,Mono_2,Ery_2,Ery_2,Ery_2,Ery_2,Ery_2,Ery_1
Run4_200348236667243,DCs,DCs,DCs,DCs,DCs,Mono_1,DCs,DCs
Run4_200348255020894,DCs,DCs,Ery_1,HSC_2,Mega,DCs,DCs,Mono_1
Run4_200363912874406,Mono_1,Mono_1,Mono_1,DCs,Mono_1,Mono_1,Mono_1,Mono_1
Run4_200363912936667,DCs,DCs,DCs,DCs,Mono_1,DCs,Mega,DCs
Run4_200363927096179,DCs,DCs,DCs,DCs,Mega,DCs,DCs,DCs
Run4_200363940206875,DCs,DCs,DCs,DCs,Mega,DCs,DCs,DCs
Run4_200363958258974,Ery_2,Ery_1,Ery_1,Ery_2,Ery_2,Ery_2,Ery_2,Ery_1
Run4_200363958975844,Mono_2,Mono_1,Mono_1,DCs,Mono_2,DCs,Mono_2,Mono_1
Run4_200416660176307,Mono_2,Mono_1,Mono_1,DCs,Mono_1,Mono_1,Mono_1,Mono_2
Run4_200416660241180,Ery_2,DCs,Ery_2,DCs,Mega,Precursors,Mega,Mega
Run4_200416660445428,Mono_1,Mono_1,Mono_1,DCs,Mono_1,Mono_1,Mono_1,Mono_2
Run4_200416674863005,Mono_1,Mono_1,Mono_1,DCs,Mono_1,Mono_1,Mono_1,Mono_1
Run4_200416687253300,Mono_2,Mono_1,DCs,DCs,Mono_1,Mono_1,Mono_1,Mono_1
Run4_200416706588006,HSC_2,Mega,Mega,Mega,Mono_1,Mega,Mono_1,Mega
Run4_200426592069939,Ery_1,Ery_2,Ery_2,Ery_2,Ery_2,Ery_2,Ery_2,Ery_2
Run4_200426592529637,DCs,DCs,DCs,DCs,DCs,DCs,DCs,DCs
Run4_200426606737262,Mono_1,Mono_1,Mono_1,Mono_2,Mono_1,Mono_1,Mono_1,Mono_1
Run4_200441221986166,Mono_2,DCs,Mono_1,DCs,Mono_2,Mono_1,Mono_2,Mono_1
Run4_200441222084396,Ery_2,Ery_2,Ery_2,Ery_2,Ery_2,Ery_2,Ery_2,Ery_2
Run4_200441236409076,Mono_2,DCs,DCs,DCs,Mono_1,DCs,Mono_1,Mono_2
Run4_200441236928363,Ery_2,Ery_2,Ery_2,Ery_2,Ery_2,Ery_2,Ery_2,Ery_1
Run4_200441249359709,Mono_1,DCs,DCs,DCs,DCs,DCs,DCs,DCs
Run4_200511176984931,DCs,DCs,DCs,DCs,DCs,DCs,DCs,DCs
Run4_200511177022708,DCs,DCs,DCs,DCs,Mono_1,DCs,Mono_1,Mega
Run4_200511195662181,Mono_2,DCs,DCs,DCs,Mega,DCs,Mono_1,DCs
Run4_200561495795932,Ery_2,Ery_2,Ery_2,Ery_2,Ery_2,Ery_2,Ery_2,Ery_1
Run4_200561508605219,Mono_1,Mono_1,Mono_1,Mono_2,Mono_1,Mono_1,Mono_1,Mono_1
Run4_200561526790876,DCs,DCs,DCs,DCs,Mono_2,DCs,DCs,DCs
Run4_200561527580446,Mono_2,DCs,DCs,DCs,Mono_1,Ery_2,Mega,DCs
Run4_200562823051110,Mono_1,Mono_1,Mono_1,DCs,Mono_1,Mono_1,Mono_1,Mono_1
Run4_200562837739235,DCs,Mono_1,Mono_2,Mono_2,Mono_1,Mono_1,Mono_1,Mono_1
Run4_200562850261342,Mono_1,DCs,DCs,Mono_2,Mono_1,Mega,DCs,Mono_1
Run4_200562850557221,Ery_2,Ery_2,Ery_2,Ery_2,Ery_2,Ery_2,Ery_2,Ery_2
Run4_200562850811166,Mono_2,DCs,DCs,DCs,DCs,DCs,Mono_2,DCs
Run4_200562869397916,Ery_2,Ery_2,Ery_2,Ery_2,Ery_2,Ery_2,Ery_2,Ery_1
Run4_200562869419372,Mono_2,DCs,DCs,DCs,Mono_2,DCs,Mono_2,DCs
Run4_200562869655853,Mono_1,Mono_1,Mono_1,Mono_2,Mono_1,Mono_1,Mono_1,Mono_1
Run4_200562869717803,Mono_1,Mono_1,Mono_1,Mono_2,Mono_1,Mono_1,Mono_1,Mono_1
Run4_200563777793268,Ery_2,Mono_1,DCs,DCs,Mega,DCs,DCs,Mega
Run4_200563808394102,Ery_2,Ery_1,Ery_2,Ery_2,Ery_2,Ery_1,Ery_2,Ery_1
Run4_200563808394158,Mono_2,Mono_1,DCs,DCs,DCs,DCs,DCs,DCs
Run4_200570473933083,Ery_2,Ery_1,Ery_2,Ery_2,Ery_2,Ery_1,Ery_2,Ery_1
Run4_200570500410678,DCs,DCs,DCs,DCs,DCs,DCs,DCs,DCs
Run4_200570519276955,Mono_2,DCs,DCs,DCs,DCs,DCs,DCs,DCs
Run4_200570520164645,Mono_2,DCs,DCs,DCs,DCs,Mono_1,DCs,DCs
Run4_200899052820395,DCs,DCs,DCs,DCs,DCs,DCs,Mono_1,DCs
Run4_200899053082478,Mono_2,DCs,DCs,DCs,DCs,DCs,DCs,DCs
Run4_200899066260260,Mono_1,Mono_1,Mono_1,DCs,Mono_1,Mono_1,Mono_1,Mono_1
Run4_200922526825900,Mono_2,DCs,Mono_1,DCs,Mono_2,Mono_1,Mono_2,Mono_1
Run4_200922541287852,Mono_1,Mono_2,Mono_1,DCs,Mono_2,Mono_1,Mono_1,Mono_1
Run4_200922541770524,Mono_2,DCs,DCs,DCs,Mono_2,DCs,Mono_2,DCs
Run4_200922554125108,Mono_1,Mono_1,Mono_1,DCs,Mono_1,Mono_1,Mono_1,Mono_1
Run4_200967489445158,Mega,Mega,Ery_2,Ery_1,Ery_2,Ery_1,Ery_2,Ery_1
Run4_200967489808675,Ery_2,Mega,Ery_2,Ery_2,Ery_2,Ery_2,Ery_2,Ery_2
Run4_200967489997038,Mono_1,DCs,DCs,DCs,DCs,DCs,DCs,DCs
Run4_200967490005813,Mono_1,Mono_1,Mono_1,Mono_2,Mono_1,Mono_1,Mono_1,Mono_1
Run4_200974080621934,DCs,DCs,DCs,DCs,Mono_1,DCs,DCs,DCs
Run4_200974081055156,Mono_2,DCs,DCs,DCs,DCs,DCs,Mono_1,DCs
Run4_200974081415387,DCs,DCs,DCs,DCs,Mega,DCs,Mega,DCs
Run4_200974093208990,DCs,DCs,DCs,DCs,Mega,DCs,Mono_1,DCs
Run4_200974094001899,DCs,DCs,DCs,DCs,DCs,DCs,DCs,DCs
Run4_200974111989102,HSC_2,DCs,DCs,Mono_2,Mono_1,DCs,DCs,DCs
Run4_200974111991526,DCs,DCs,DCs,DCs,DCs,DCs,DCs,DCs
Run4_200974112538019,Ery_2,Mono_1,Ery_2,Ery_2,Ery_2,Ery_2,Ery_2,Ery_1
Run4_200974112808372,Ery_2,Ery_1,Ery_2,Ery_2,Ery_2,Ery_2,Ery_2,Ery_1
Run4_200983461149989,Precursors,DCs,DCs,DCs,DCs,DCs,DCs,DCs
Run4_200983461189340,DCs,DCs,DCs,DCs,Mono_2,DCs,DCs,DCs
Run4_200983461354781,HSC_2,Mono_1,DCs,DCs,DCs,DCs,DCs,DCs
Run4_200983476389725,Ery_2,Mega,Ery_1,Ery_2,Ery_2,Ery_2,Ery_2,Ery_1
Run4_200983488613230,Ery_2,DCs,DCs,DCs,Ery_2,Mega,Mega,Mega
Run4_200983507324259,DCs,DCs,DCs,DCs,Mono_2,Precursors,DCs,DCs
Run4_200983507843804,Mono_1,Mono_1,Mono_1,DCs,Mono_2,Mono_1,Mono_1,Mono_1
Run4_200994198841198,DCs,DCs,DCs,DCs,Precursors,Ery_2,DCs,DCs
Run4_200994226067310,Mono_1,Mono_1,Mono_1,Mono_2,Mono_1,Mono_1,Mono_1,Mono_1
Run4_200994226129630,Mono_1,Mono_1,Mono_1,DCs,Mono_1,Mono_1,Mono_1,Mono_1
Run4_200994226592046,DCs,Mono_1,DCs,DCs,Mono_2,DCs,DCs,DCs
Run4_201111639018908,Mono_1,DCs,DCs,DCs,Ery_1,DCs,DCs,Mono_1
Run4_201111666641630,Mono_1,DCs,DCs,DCs,DCs,DCs,DCs,DCs
Run4_201111667068318,Mono_2,Mono_1,Mono_1,Mono_2,DCs,Mono_1,Mono_1,Mono_1
Run4_201111667076403,DCs,DCs,DCs,DCs,Mono_1,Mega,DCs,DCs
Run4_201111685426470,Mega,DCs,Mono_1,DCs,DCs,Mega,DCs,DCs
Run4_201111685447083,DCs,DCs,DCs,DCs,DCs,DCs,DCs,DCs
Run4_201111685483379,Mono_2,DCs,DCs,DCs,DCs,DCs,DCs,DCs
Run4_201111685777203,Mono_1,Mono_1,Mono_1,DCs,Mono_1,Mono_1,Mono_1,DCs
Run4_201111686007595,Mono_2,DCs,DCs,DCs,Mega,Mega,Mega,Mega
Run4_201111686014686,Mono_1,Mega,Ery_2,Ery_2,Mega,Mega,Mono_2,Mega
Run4_201114472365422,Mega,Mega,Mega,Mega,Mega,Mega,Mega,Mega
Run4_201114472867564,DCs,Mega,DCs,DCs,Mega,DCs,Mega,Mega
Run4_201114485151580,HSC_2,HSC_2,Mega,DCs,Mono_1,Ery_1,Mono_2,Mega
Run4_201114504522549,Precursors,DCs,DCs,DCs,DCs,DCs,DCs,DCs
Run4_201465571732782,Mono_2,DCs,DCs,DCs,Ery_2,Mega,Mega,DCs
Run4_201465586142620,Mono_2,DCs,DCs,DCs,Mono_1,DCs,DCs,DCs
Run4_201465586731814,Mono_1,Mega,DCs,DCs,Mega,Mega,Mega,Ery_1
Run4_201465598725493,Mono_2,Mono_1,DCs,DCs,DCs,DCs,DCs,Mono_1
Run4_201474295352683,Mono_1,Mono_1,Mono_1,Mono_2,Mono_1,Mono_1,Mono_1,Mono_1
Run4_201474295589302,Ery_1,Mega,Ery_2,Mega,Mega,Mega,Mega,Mega
Run4_201474310260587,Ery_2,DCs,DCs,DCs,DCs,DCs,DCs,DCs
Run4_201474310264686,DCs,DCs,DCs,DCs,DCs,DCs,DCs,DCs
Run4_201474310552420,DCs,DCs,DCs,DCs,Mono_1,Mega,Mono_1,DCs
Run4_201474310559452,Ery_1,DCs,DCs,Mega,HSC_1,Precursors,Mega,Mono_1
Run4_201474322651499,Mono_1,Mono_2,Mono_1,DCs,Mono_1,Mono_1,DCs,Mono_1
Run4_201474323102572,Mono_1,Mono_1,Mono_1,DCs,Mono_1,Mono_1,Mono_1,Mono_1
Run4_201474323212139,Ery_2,Ery_2,Ery_2,Ery_2,Ery_2,Ery_2,Ery_2,Ery_2
Run4_201523553220958,DCs,DCs,DCs,DCs,DCs,DCs,DCs,DCs
Run4_201523580583195,DCs,DCs,DCs,DCs,DCs,DCs,DCs,DCs
Run4_201523581050211,DCs,DCs,DCs,DCs,Ery_1,DCs,Mega,DCs
Run4_201523581282550,DCs,DCs,DCs,DCs,Ery_1,DCs,Mega,DCs
Run4_201523599988517,Ery_1,Ery_1,Ery_2,Ery_2,Ery_2,Ery_2,Ery_2,Ery_2
Run4_201585845460187,Mono_2,DCs,DCs,DCs,DCs,DCs,Mono_2,DCs
Run4_201585858098932,Mono_1,Mono_1,Mono_1,DCs,Mono_1,Mono_1,Mono_1,Mono_1
Run4_201595494029020,Ery_2,Ery_1,Ery_2,Ery_2,Ery_2,Ery_2,Ery_2,Ery_1
Run4_201595521481076,Mono_1,Mono_1,Mono_1,Mono_2,Mono_1,Mono_1,Mono_2,Mono_1
Run4_201595521559411,Mono_1,Mono_1,Mono_1,DCs,Mono_1,Mono_1,Mono_2,Mono_1
Run4_201595522013486,Mono_1,Mono_1,Mono_1,Mono_2,Mono_1,Mono_1,Mono_1,Mono_1
Run4_201670656153899,Ery_1,Mono_1,Ery_1,Mega,Mega,Mega,Ery_2,Mega
Run4_201670656740573,Ery_2,Ery_2,Ery_2,Ery_2,Ery_2,Ery_2,Ery_2,Ery_2
Run4_201670670797556,Mono_1,Mega,Mega,Mega,Mega,Mega,Mega,Mega
Run4_201670701989165,Ery_2,DCs,DCs,DCs,Mega,HSC_1,DCs,Mega
Run4_201670702021045,Ery_2,Ery_2,Ery_2,Ery_2,Ery_2,Ery_2,Ery_2,Ery_2
Run4_204213410716006,Ery_2,DCs,Mega,DCs,Mono_1,Ery_2,Ery_1,Mega
Run4_204213426011356,Ery_2,Ery_2,Ery_2,Ery_2,Ery_2,Ery_2,Ery_2,Ery_2
Run4_204213438037211,Ery_2,Ery_2,Ery_2,Ery_2,Ery_2,Ery_2,Ery_2,Ery_1
Run4_204213457180382,Mono_1,Mono_1,Mono_1,DCs,Mono_1,Mono_1,Mono_2,Mono_1
Run4_204213457382126,Ery_2,Ery_2,Ery_2,Ery_2,Ery_2,Ery_2,Ery_1,Ery_1
Run4_204224148454835,DCs,Mono_2,Mono_2,DCs,DCs,DCs,DCs,DCs
Run4_204224148462948,Mono_1,Mono_1,Mono_1,Mono_2,Mono_1,Mono_1,Mono_1,Mono_1
Run4_204224162884381,Ery_1,Mega,Ery_2,Mega,Mega,Mega,Ery_2,Ery_1
Run4_204224163170605,DCs,DCs,Mono_1,DCs,Mono_2,DCs,Mono_2,DCs
Run4_204224175467228,Mono_2,Mono_2,DCs,DCs,Mono_2,DCs,DCs,DCs
Run4_204224176012510,Mono_1,Mono_1,Mono_1,DCs,Mono_1,Mono_1,Mono_1,Mono_1
Run4_204224194526619,Ery_1,Mega,DCs,Mono_2,Ery_2,Mega,Mega,Ery_1
Run4_204351789258588,DCs,Mono_2,DCs,DCs,Mono_1,Mono_1,DCs,Mono_2
Run4_204351804488924,Mono_1,Mono_1,Mono_1,DCs,Mono_1,Mono_1,Mono_1,Mono_1
Run4_204351804693236,DCs,DCs,DCs,DCs,DCs,DCs,DCs,DCs
Run4_204351835654901,Ery_2,Mega,Ery_2,Mega,Mega,Mega,Mega,Mega
Run4_204358231641014,HSC_2,DCs,DCs,DCs,Mono_2,DCs,DCs,DCs
Run4_204358231702436,Ery_1,DCs,DCs,DCs,Mega,Mega,DCs,DCs
Run4_204358232165742,Mono_2,Mono_1,DCs,DCs,Mono_2,DCs,Mega,DCs
Run4_204358247205731,DCs,DCs,DCs,DCs,DCs,DCs,DCs,DCs
Run4_204358277786011,Ery_1,Mega,Mega,DCs,Mega,DCs,DCs,DCs
Run4_204358278396654,Mono_2,DCs,Mono_1,DCs,Mono_1,Mono_1,Mono_2,Mono_1
Run4_204358278567853,Ery_2,DCs,DCs,DCs,Mega,Mega,Mega,Mega
Run4_204359601113885,Mono_2,Mono_1,Mono_1,DCs,Mono_1,Mono_1,DCs,Mono_1
Run4_204359601608995,Mono_2,DCs,DCs,Mono_1,Mono_1,Ery_1,DCs,DCs
Run4_204359601874859,Ery_2,Ery_1,Ery_2,Ery_2,Ery_2,Ery_2,Ery_2,Ery_2
Run4_204359620226403,Ery_2,Mega,Mega,Mega,Mega,Ery_2,Mega,Mega
Run4_204359620291301,Mono_2,DCs,DCs,DCs,Mono_2,DCs,DCs,DCs
Run4_204359620544757,Mono_1,Mono_1,Mono_1,Mono_1,Mono_1,Mono_1,Mono_2,Mono_1
Run4_204359620552548,Ery_2,Ery_2,Ery_2,Ery_2,Ery_2,Ery_2,Ery_2,Ery_1
Run4_204360513862452,Mono_1,Mono_1,DCs,DCs,Mono_1,Mono_1,Mono_2,Mono_2
Run4_204360513969572,Ery_1,Ery_2,Ery_1,Ery_2,Ery_2,Ery_2,Ery_2,Ery_1
Run4_204360514201843,Ery_1,DCs,DCs,DCs,Mega,Ery_1,Mega,DCs
Run4_204360540904307,Ery_2,Ery_1,Ery_2,Ery_2,Ery_2,Ery_2,Ery_2,Ery_1
Run4_204360541461790,Mega,Mega,Mega,Mega,Mega,Mega,Mega,Mega
Run4_204360559544668,Mono_2,DCs,DCs,DCs,Mono_1,DCs,DCs,DCs
Run4_204360559806765,Ery_2,Ery_1,Ery_1,Ery_2,Ery_2,Ery_2,Ery_2,Ery_1
Run4_204403329054573,Mono_1,Mono_2,DCs,DCs,Mono_1,Mono_1,Mono_2,Mono_1
Run4_204403329644910,DCs,DCs,DCs,DCs,DCs,DCs,DCs,DCs
Run4_204403344259317,Mono_1,Mono_2,Mono_1,Mono_2,Mono_1,Mono_1,Mono_1,Mono_1
Run4_204403356948907,DCs,DCs,DCs,DCs,DCs,DCs,DCs,DCs
Run4_204403375527709,HSC_2,Mega,DCs,DCs,Ery_2,Precursors,Mega,DCs
Run4_204427085657837,DCs,DCs,DCs,Mega,Mega,Ery_2,DCs,Mega
Run4_204427100015981,Ery_1,Mega,Ery_1,Mega,Mega,Mega,DCs,DCs
Run4_204427100112755,HSC_2,DCs,DCs,DCs,Ery_1,DCs,DCs,DCs
Run4_204427100277492,DCs,DCs,HSC_1,DCs,Mono_1,DCs,Mega,DCs
Run4_204427100280749,Mono_2,DCs,DCs,DCs,DCs,DCs,DCs,DCs
Run4_204427100862182,DCs,DCs,DCs,DCs,DCs,DCs,Mono_1,DCs
Run4_204427131571635,Ery_2,Ery_2,Ery_2,Ery_2,Ery_2,Ery_2,Ery_2,Ery_1
Run4_204756771064117,Ery_1,DCs,Ery_1,DCs,Mega,Precursors,Mega,Mega
Run4_204762093151971,Mono_1,Mono_1,Mono_1,Mono_2,Mono_1,Mono_1,Mono_1,Mono_1
Run4_204762107534236,DCs,DCs,DCs,DCs,Mega,DCs,DCs,DCs
Run4_204762107992923,Mono_2,Precursors,DCs,DCs,HSC_2,Mega,Mega,DCs
Run4_204762138917787,DCs,DCs,DCs,DCs,DCs,DCs,DCs,DCs
Run4_204762139187955,Mega,Mega,Mono_1,Mega,Ery_2,Mega,Ery_2,Mega
Run4_204762139540188,DCs,DCs,DCs,DCs,DCs,DCs,DCs,DCs
Run4_204762139703605,HSC_2,DCs,DCs,DCs,DCs,DCs,Mono_1,DCs
Run4_204762139737307,Mono_1,DCs,DCs,DCs,Ery_1,DCs,DCs,Mega
Run4_204762139745203,DCs,DCs,DCs,DCs,DCs,DCs,Mono_1,DCs
Run4_204763047344548,DCs,Mono_2,DCs,DCs,Mono_1,DCs,Mono_1,Mono_2
Run4_204763059935523,Ery_2,Ery_2,Ery_2,Ery_2,Ery_2,Ery_2,Ery_2,Ery_2
Run4_204763060394286,Ery_2,Ery_2,Ery_1,Ery_2,Ery_2,Ery_2,Ery_2,Ery_2
Run4_204765448235820,Mono_1,Mono_1,Mono_1,DCs,Mono_1,Mono_1,Mono_1,Mono_1
Run4_204765462910764,Mono_1,DCs,DCs,DCs,Mono_1,Mono_1,Mono_2,DCs
Run4_204765463174555,Ery_2,Ery_2,Ery_2,Ery_2,Ery_2,Ery_2,Ery_2,Ery_2
Run4_204765463759213,Mega,Mega,Mega,Mega,Mega,Mega,Mega,Mega
Run4_204765475588982,Ery_1,Mega,Ery_1,DCs,Mono_1,Precursors,Mega,Mega
Run4_204765475818340,DCs,DCs,DCs,DCs,Mono_2,DCs,DCs,DCs
Run4_204765476280564,Mono_1,Mono_1,Mono_1,Mono_1,Mono_1,Mono_1,Mono_1,Mono_1
Run4_204765476374940,Mono_2,DCs,Mono_1,DCs,Mono_1,Mono_1,Mono_2,Mono_2
Run4_204765494892893,Ery_2,Ery_1,Ery_2,Ery_2,Ery_2,Ery_2,Ery_2,Ery_1
Run4_204816869124459,DCs,DCs,DCs,DCs,Ery_1,DCs,Mono_1,Mono_2
Run4_204825310157164,Mono_2,DCs,DCs,DCs,Mono_1,Mono_1,Mono_2,DCs
Run4_204825324054963,HSC_2,DCs,Ery_2,DCs,Ery_1,Mega,DCs,DCs
Run4_204825336600413,Mono_2,DCs,DCs,DCs,DCs,DCs,Mono_2,DCs
Run4_204825355512757,Ery_2,Mono_1,Ery_2,Ery_2,Ery_2,Ery_1,Mega,Ery_1
Run4_204825356024622,DCs,DCs,DCs,DCs,DCs,DCs,DCs,DCs
Run4_204825356323118,Mono_1,DCs,DCs,DCs,DCs,DCs,DCs,DCs
Run4_204882352164205,Ery_2,DCs,DCs,DCs,DCs,DCs,DCs,Mono_1
Run4_204882367433435,Mono_2,DCs,DCs,DCs,Mega,DCs,DCs,Mono_1
Run4_204911357867958,Mono_1,Mono_1,Mono_1,DCs,Mono_1,Mono_1,Mono_1,Mono_1
Run4_204911370458923,Mono_1,Mono_1,Mono_1,DCs,Mono_1,Mono_1,Mono_1,Mono_1
Run4_204911370787556,Ery_1,Mono_1,Ery_2,Ery_2,Ery_2,Ery_1,Ery_1,Ery_1
Run4_204911389108531,DCs,DCs,DCs,DCs,DCs,DCs,DCs,DCs
Run4_204911389130164,Mono_1,Mono_1,Mono_1,DCs,Mono_1,Mono_1,Mono_1,Mono_1
Run4_204911389137326,Mono_2,DCs,DCs,DCs,DCs,DCs,DCs,DCs
Run4_204911389137758,DCs,DCs,DCs,DCs,Mono_2,Mono_2,Mono_2,Mono_1
Run4_204954158971253,Mega,Mega,Mega,Mega,Mega,Mega,Mega,Mega
Run4_204954173103412,Mega,Mega,DCs,DCs,Mega,DCs,Mega,DCs
Run4_204954173561059,DCs,Mono_1,DCs,DCs,Mono_2,DCs,DCs,DCs
Run4_204959675997547,Ery_2,Mega,Ery_2,Ery_2,Ery_2,Ery_2,Ery_2,Ery_1
Run4_204959676591451,Mega,Mega,Mega,Mega,Mega,Mega,Mega,Mega
Run4_204959689431340,Ery_2,Ery_2,Ery_2,Ery_2,Ery_2,Ery_2,Ery_2,Ery_2
Run4_204959708298604,DCs,DCs,DCs,HSC_2,Mega,Precursors,DCs,Mono_1
Run4_205381641819869,DCs,DCs,DCs,DCs,DCs,DCs,DCs,DCs
Run4_205381642606390,DCs,DCs,DCs,DCs,DCs,DCs,DCs,DCs
Run4_205381656537828,Ery_2,Ery_2,Ery_2,Ery_2,Ery_2,Ery_2,Ery_2,Ery_2
Run4_205381657315230,Ery_2,Ery_1,Ery_2,Ery_2,Ery_2,Ery_2,Ery_2,Ery_1
Run4_205381669706468,Ery_1,DCs,Ery_2,Ery_2,Ery_2,Ery_2,Ery_1,Ery_1
Run4_205381669968222,DCs,DCs,Ery_2,DCs,DCs,DCs,DCs,DCs
Run4_205381688053091,Mono_1,Mono_2,Mono_2,DCs,Mono_2,DCs,Mono_2,DCs
Run4_205392393956068,Ery_2,DCs,Mono_1,DCs,Mega,Mega,DCs,DCs
Run4_205392426187995,Mono_1,Mono_1,Mono_1,DCs,Mono_1,Mono_1,Mono_1,Mono_1
Run4_205449153374115,Mono_1,Mono_1,Mono_1,DCs,Mono_1,Mono_1,Mono_1,DCs
Run4_205449153427757,Mono_1,Mono_1,Mono_1,Mono_2,Mono_1,Mono_1,Mono_1,Mono_1
Run4_205449154218339,Mono_2,DCs,Mono_1,DCs,Mono_1,Mono_1,DCs,DCs
Run4_205449168083300,Mono_1,Mono_1,Mono_1,DCs,Mono_1,Mono_1,Mono_1,Mono_1
Run4_205449168842099,Ery_1,DCs,Mono_1,DCs,Mono_1,Mega,DCs,Mega
Run4_205449199807838,Ery_2,DCs,Ery_2,Ery_2,Ery_2,Ery_2,Ery_2,Ery_1
Run4_205510759631086,Ery_2,Ery_2,Ery_2,Ery_2,Ery_2,Ery_2,Ery_2,Ery_1
Run4_205510773992164,Ery_1,DCs,Mega,Mega,Ery_2,Mega,DCs,Ery_1
Run4_205510774250419,DCs,DCs,DCs,DCs,Ery_2,DCs,DCs,DCs
Run4_205510774745395,DCs,DCs,DCs,DCs,DCs,DCs,DCs,DCs
Run4_205510787360622,DCs,Mono_1,DCs,DCs,DCs,DCs,DCs,DCs
Run4_205510805973939,Mono_2,Mono_1,Ery_1,DCs,Mono_1,Mono_1,Mono_1,Mono_1
Run4_205511430453549,DCs,DCs,DCs,DCs,Ery_1,Ery_1,Mega,DCs
Run4_205511445342494,Mono_1,Mono_1,Mono_1,Mono_2,Mono_1,Mono_1,Mono_1,Mono_1
Run4_205511476862262,DCs,DCs,DCs,DCs,Mono_1,Ery_1,DCs,DCs
Run4_205511477081844,DCs,DCs,DCs,DCs,DCs,DCs,DCs,DCs
Run4_205518946848037,Ery_2,Ery_2,Ery_2,Ery_2,Ery_2,Ery_2,Ery_2,Ery_1
Run4_205518946913142,DCs,Mono_1,DCs,DCs,Mono_1,DCs,Mono_1,Mono_1
Run4_205518961497829,HSC_2,DCs,DCs,DCs,Mono_1,DCs,DCs,DCs
Run4_205518961855323,Mono_1,Mono_1,DCs,DCs,Mega,DCs,Mono_1,DCs
Run4_205518992979830,Ery_2,DCs,Mega,DCs,HSC_2,DCs,DCs,DCs
Run4_205527685446061,Mono_2,DCs,DCs,DCs,DCs,DCs,DCs,DCs
Run4_205527698590124,DCs,DCs,DCs,DCs,DCs,DCs,DCs,DCs
Run4_205870209091931,DCs,DCs,DCs,Mega,Mega,DCs,Mega,Mono_1
Run4_205870222239595,Mono_1,DCs,Mono_2,DCs,Mega,DCs,Mega,DCs
Run4_205870222429100,DCs,DCs,DCs,Ery_2,DCs,HSC_1,Ery_1,Ery_2
Run4_205922688777436,Ery_2,Ery_2,Ery_2,Ery_2,Ery_2,Ery_1,Ery_2,Ery_1
Run4_205922701110563,DCs,DCs,DCs,DCs,HSC_2,Ery_1,DCs,DCs
Run4_205922701269430,Mono_2,DCs,DCs,DCs,DCs,DCs,DCs,DCs
Run4_205922720439732,Mono_1,Mono_1,Mono_1,Mono_2,Mono_1,Mono_1,Mono_1,Mono_1
Run4_226205924964702,Mono_1,DCs,DCs,DCs,DCs,DCs,DCs,DCs
Run4_226205925599523,Mega,Mega,Ery_2,Ery_2,Mega,Ery_2,Mega,Ery_1
Run4_226205971404708,Mono_2,DCs,DCs,DCs,DCs,DCs,DCs,DCs
Run4_226265786076572,Mono_1,Mono_1,Mono_1,DCs,Mono_1,Mono_1,Mono_1,Mono_1
Run4_226265786674531,Mega,Mega,DCs,Mega,Mega,Precursors,Mega,Mega
Run4_226265800857309,Ery_2,Ery_2,Ery_2,Ery_2,Ery_2,Ery_2,Ery_2,Ery_2
Run4_226265801547045,Mono_1,Mono_1,Mono_1,Mono_2,Mono_1,Mono_1,Mono_1,Mono_1
Run4_226265801607533,Ery_2,Ery_2,Ery_2,Ery_2,Ery_2,Ery_2,Ery_2,Ery_1
Run4_226265814165934,DCs,DCs,DCs,DCs,Mono_1,DCs,DCs,DCs
Run4_226265833073444,Mono_2,DCs,DCs,DCs,DCs,DCs,DCs,Mega
Run4_226273436519348,Mono_2,DCs,DCs,DCs,DCs,DCs,Mono_1,DCs
Run4_226273451755421,Ery_1,Ery_1,Ery_2,Ery_2,Ery_2,Ery_2,Ery_2,Ery_1
Run4_226273451949429,Mono_1,Mono_1,Mono_1,DCs,Mono_1,Mono_1,Mono_1,Mono_1
Run4_226273452058403,Mono_2,DCs,DCs,DCs,Mega,Precursors,DCs,Mono_1
Run4_226273463790510,Ery_2,Ery_1,Ery_2,Ery_2,Ery_2,Ery_2,Ery_2,Ery_1
Run4_226283261941494,Ery_2,Ery_2,Ery_2,Ery_2,Ery_2,Ery_2,Ery_2,Ery_1
Run4_226283262204763,Mono_1,Mono_1,Mono_1,Mono_2,Mono_1,Mono_1,Mono_1,Mono_1
Run4_226343096104798,Mono_2,DCs,DCs,DCs,DCs,DCs,DCs,DCs
Run4_226343096370908,Ery_2,Ery_1,Ery_2,Ery_2,Ery_2,Ery_2,Ery_2,Ery_1
Run4_226343111052701,HSC_2,DCs,Ery_1,DCs,DCs,Mono_2,Mono_1,Mono_1
Run4_226343141661086,Mono_1,Mono_1,Mono_1,DCs,Mono_1,Mono_1,Mono_1,Mono_1
Run4_226394635659638,DCs,DCs,DCs,DCs,Mega,DCs,DCs,Ery_2
Run4_226394635680501,Mono_1,Mono_1,Mono_1,DCs,Mono_1,Mono_1,Mono_1,Mono_1
Run4_226394635713308,Mono_1,Mono_1,Mono_1,Mono_2,Mono_1,Mono_1,Mono_1,Mono_1
Run4_226394635974939,Ery_2,Mega,Ery_2,Ery_2,Ery_2,Ery_2,Ery_2,Mega
Run4_226394650633955,DCs,DCs,DCs,DCs,DCs,DCs,DCs,DCs
Run4_226394650664348,Ery_2,DCs,Ery_2,Ery_2,Ery_2,Ery_2,Ery_2,Ery_1
Run4_226394681300715,Mono_1,Mono_2,Mono_1,Mono_1,Mono_1,Mono_1,Mono_1,Mono_1
Run4_226394681559397,Mono_1,Mono_1,Mono_1,DCs,Mono_1,Mono_1,Mono_1,Mono_1
Run4_226806146984243,Mono_2,DCs,DCs,DCs,Mono_1,DCs,Mono_2,DCs
Run4_226806174764270,Ery_2,DCs,DCs,Mega,Ery_2,Ery_1,Mega,DCs
Run4_226806193646891,DCs,DCs,DCs,DCs,Mono_2,DCs,DCs,Mono_1
Run4_226822402566427,DCs,DCs,DCs,DCs,Mono_1,DCs,Mono_2,DCs
Run4_226822414818149,Mega,Mega,Mega,Mega,Mega,Mega,Mega,Mega
Run4_226822433171355,Mono_1,Mono_1,Mono_1,DCs,Mono_2,Mono_1,Mono_1,Mono_1
Run4_226822433950955,Mono_1,DCs,DCs,Mega,Mega,Ery_1,DCs,DCs
Run4_226829501352174,DCs,DCs,DCs,DCs,DCs,DCs,Mega,DCs
Run4_226829516061483,Ery_1,DCs,DCs,Mega,Mega,Ery_2,DCs,DCs
Run4_226829547484915,Ery_2,Mega,Ery_2,Ery_2,Ery_2,Ery_2,Ery_2,Ery_1
Run4_226829547497829,Ery_2,DCs,Ery_2,DCs,Mono_1,Ery_2,Mono_1,DCs
Run4_226829547555750,Ery_2,Mega,Ery_1,Ery_2,Ery_2,Ery_1,Ery_2,Ery_1
Run4_226874732506019,Ery_2,Ery_1,Ery_2,Ery_2,Ery_2,Ery_2,Ery_2,Ery_2
Run4_226874732730155,Mono_2,Mono_1,DCs,DCs,DCs,DCs,DCs,DCs
Run4_226874759207220,DCs,DCs,DCs,DCs,Mono_1,DCs,DCs,Mono_2
Run4_226874778344811,Ery_2,DCs,DCs,DCs,DCs,DCs,Mono_1,DCs
Run4_226874778568563,Ery_2,DCs,Mega,HSC_2,Mono_1,Mono_1,Mega,Mega
Run4_226874778634667,DCs,DCs,DCs,DCs,Mega,DCs,DCs,DCs
Run4_226883187654044,DCs,DCs,DCs,DCs,DCs,DCs,DCs,DCs
Run4_226883202304428,DCs,DCs,DCs,Ery_2,Mono_1,Mega,Mega,DCs
Run4_226883202864950,Mono_2,DCs,DCs,DCs,Mono_2,Mega,DCs,DCs
Run4_226883202889654,Mono_2,Mono_1,Mono_2,DCs,DCs,Mono_1,Mono_1,Mono_1
Run4_226883214990564,Ery_2,Ery_2,Ery_2,Ery_2,Ery_2,Ery_2,Ery_2,Ery_1
Run4_226883215223581,HSC_2,Mono_1,DCs,DCs,Mono_2,DCs,DCs,DCs
Run4_226883215681451,Mono_1,Mono_1,Mono_1,DCs,Mono_1,Mono_1,Mono_1,Mono_1
Run4_226901441800566,DCs,DCs,DCs,DCs,Mega,Mega,Mega,DCs
Run4_226901456284982,Ery_2,Ery_1,Ery_2,Ery_2,Ery_2,Ery_2,Ery_2,Ery_1
Run4_226901469313437,Mono_2,DCs,DCs,DCs,DCs,DCs,DCs,DCs
Run4_226901487475420,Mono_1,Mono_1,Mono_1,Mono_2,Mono_1,Mono_1,Mono_1,Mono_1
Run4_226901487896435,Ery_2,Ery_1,Ery_2,Ery_2,Ery_2,Ery_2,Ery_2,Ery_2
Run4_226901488220461,Mono_1,Mono_1,Mono_1,Mono_2,Mono_1,Mono_1,Mono_1,Mono_1
Run4_226901488225116,Ery_2,Mega,Mega,DCs,Mega,Ery_1,Mega,DCs
Run4_226949759678892,HSC_2,Mono_1,DCs,DCs,DCs,DCs,DCs,Mono_2
Run4_226949759945627,DCs,DCs,DCs,DCs,DCs,DCs,DCs,DCs
Run4_226949786883933,Mega,DCs,Ery_2,Ery_2,Ery_2,Mega,Mega,Ery_2
Run4_226949806352228,Mono_1,Mono_1,Mono_2,DCs,Mono_2,Mono_1,Mono_2,DCs
Run4_226953384118126,Mono_1,Mono_1,Mono_1,Mono_1,Mono_1,Mono_1,Mono_1,Mono_1
Run4_226953398245726,Mono_1,Mono_1,Mono_1,DCs,Mono_1,Mono_1,Mono_1,Mono_1
Run4_226953429932837,Mega,Mega,Mega,Mega,Mega,Mega,Mega,Mega
Run4_226953429964510,DCs,DCs,Mega,DCs,Mono_1,DCs,DCs,Mono_1
Run4_226953429990318,DCs,DCs,Mega,Mega,Mega,DCs,Mega,DCs
Run4_226953430227165,DCs,DCs,DCs,DCs,Mono_1,DCs,DCs,DCs
Run4_226958752311606,DCs,DCs,DCs,DCs,DCs,DCs,DCs,DCs
Run4_226958752541091,DCs,DCs,DCs,DCs,DCs,DCs,DCs,DCs
Run4_226958753024742,Ery_2,Mono_1,Ery_2,Mega,Mega,Ery_1,Ery_2,DCs
Run4_226958766983541,Ery_2,DCs,Ery_2,Ery_2,Ery_2,Ery_2,Ery_2,Ery_1
Run4_226970309680436,HSC_2,DCs,DCs,DCs,Mono_2,DCs,DCs,DCs
Run4_226970310434140,DCs,DCs,DCs,DCs,DCs,DCs,DCs,DCs
Run4_227284916005685,DCs,DCs,DCs,DCs,DCs,Mega,DCs,Mono_1
Run4_227284916057972,Ery_2,Mega,Ery_2,Mega,Ery_1,Ery_2,Ery_2,Ery_1
Run4_227284916587355,DCs,DCs,DCs,DCs,DCs,DCs,DCs,DCs
Run4_227284916849061,DCs,Mono_1,DCs,DCs,DCs,DCs,DCs,DCs
Run4_227284928613723,Mono_1,Mono_1,Mono_1,DCs,Mono_1,Mono_1,Mono_1,Mono_1
Run4_227284928911651,DCs,DCs,DCs,DCs,Mono_1,Ery_1,DCs,DCs
Run4_227284929104755,Mono_1,Mega,Ery_2,Mega,Mega,Mega,Ery_1,Mega
Run4_227284947757867,Mega,DCs,DCs,Mega,Mega,Mega,Mega,DCs
Run4_227284948237035,Ery_2,Mega,Ery_1,Mega,Ery_2,Ery_2,Ery_2,Mega
Run4_227305168783667,DCs,DCs,DCs,Ery_2,Ery_2,Mega,Mega,Mega
Run4_227305169009006,Ery_1,DCs,DCs,DCs,Mega,Ery_1,DCs,Mono_1
Run4_227305182841692,DCs,DCs,DCs,Mega,Mega,DCs,DCs,Mega
Run4_227305183624565,Mono_1,Mono_1,Mono_1,Mono_2,Mono_1,Mono_1,Mono_1,Mono_1
Run4_227305195683059,Mono_2,DCs,Mono_1,DCs,Mono_1,Mono_1,Mega,Mono_1
Run4_227305196243317,Ery_2,Mega,Mega,Mega,Mega,Mega,Mega,Mega
Run4_227305214622131,Mono_1,Mono_1,Mono_1,Mono_2,Mono_1,Mono_1,Mono_1,Mono_1
Run4_227354829245214,DCs,Mega,DCs,DCs,Mono_1,DCs,DCs,DCs
Run4_227354843724195,Mono_1,DCs,Ery_2,Mega,Ery_1,Ery_2,Ery_2,Ery_1
Run4_227354844019060,Ery_1,DCs,DCs,DCs,Mono_1,Ery_2,DCs,Ery_2
Run4_227354856769963,Mono_1,Mono_1,Mono_1,DCs,Mono_1,Mono_1,Mono_2,Mono_1
Run4_227354874894630,Mono_2,DCs,Mono_1,DCs,Mono_1,DCs,Mono_1,Mono_1
Run4_227354875714979,Mono_2,DCs,DCs,DCs,DCs,DCs,DCs,DCs
Run4_227357125373285,Mono_1,Mono_1,Mono_1,DCs,Mono_1,Mono_1,Mono_1,Mono_1
Run4_227357125986725,DCs,DCs,DCs,DCs,DCs,DCs,Mono_1,DCs
Run4_227357138540790,DCs,DCs,DCs,DCs,Mega,Ery_2,DCs,DCs
Run4_227363553163565,DCs,DCs,Mono_2,DCs,DCs,Mono_1,Mono_2,DCs
Run4_227363553721636,Ery_2,DCs,Ery_1,Mega,Mega,Ery_2,Ery_2,Mega
Run4_227363568368926,Mono_2,Mono_1,DCs,DCs,Mono_1,DCs,DCs,DCs
Run4_227363580664092,DCs,DCs,DCs,DCs,DCs,DCs,DCs,DCs
Run4_227363580689133,Mono_1,Mono_1,Mono_1,DCs,Mono_1,Mono_1,Mono_1,Mono_1
Run4_227363580922669,Ery_2,Ery_2,Ery_2,Ery_2,Ery_2,Ery_2,Ery_2,Ery_2
Run4_227363599341278,Mono_1,Mono_1,Mono_1,Mono_2,Mono_1,Mono_1,Mono_1,Mono_1
Run4_227363599834035,Precursors,DCs,DCs,DCs,DCs,DCs,DCs,DCs
Run4_227364224551221,Mono_1,Mono_1,Mono_1,DCs,DCs,Mono_1,Mono_1,DCs
Run4_227364224580380,Ery_1,DCs,Ery_2,DCs,Mega,Ery_1,Mega,DCs
Run4_227364224583987,Ery_2,Ery_2,Ery_2,Ery_2,Ery_2,Ery_2,Ery_2,Ery_1
Run4_227364251229046,Ery_1,DCs,Ery_2,DCs,Mega,DCs,Ery_1,Mega
Run4_227364270357405,DCs,Mono_2,DCs,Mono_2,Mono_1,DCs,DCs,DCs
Run4_227425427512566,Mono_1,Mono_1,Mono_1,DCs,Mono_1,Mono_1,Mono_1,Mono_1
Run4_227425427830566,Mono_1,Mono_1,Mono_1,Mono_2,Mono_1,Mono_1,Mono_1,Mono_1
Run4_227425442552038,DCs,DCs,DCs,Mono_2,Ery_1,Mega,DCs,Ery_1
Run4_227425442720990,Precursors,DCs,DCs,DCs,Mono_1,DCs,DCs,DCs
Run4_227425473416605,Ery_2,Ery_2,Ery_2,Ery_2,Ery_2,Ery_2,Ery_2,Ery_1
Run4_227425473448876,Ery_1,DCs,Ery_2,Ery_2,Ery_2,Ery_2,Ery_2,Ery_1
Run4_227493072985381,Precursors,Mono_1,DCs,DCs,Mono_1,Mono_2,Mono_1,Mono_1
Run4_227493073083189,DCs,DCs,DCs,DCs,DCs,DCs,DCs,DCs
Run4_227493073775523,DCs,DCs,DCs,DCs,Mega,Ery_1,DCs,DCs
Run4_227493088220982,DCs,DCs,DCs,Mono_2,Mega,DCs,DCs,DCs
Run4_227493100276509,Mono_2,Mega,Ery_2,Mono_2,Ery_1,Mega,Mega,DCs
Run4_227493100350195,DCs,Mono_1,Mono_1,DCs,DCs,DCs,Mono_2,DCs
Run4_227493100804955,Ery_2,DCs,DCs,DCs,DCs,Ery_1,DCs,DCs
Run4_227493101094635,Mono_1,Mono_1,Mono_1,DCs,Mono_1,Mono_1,Mono_1,Mono_1
Run4_227493119707374,HSC_2,DCs,DCs,DCs,DCs,DCs,Mono_1,DCs
Run4_227510387100915,Mono_2,Mono_1,Mono_1,DCs,Mono_2,Mono_1,Mono_2,Mono_1
Run4_227510414362973,Mono_1,DCs,Mono_1,DCs,Mono_1,Mono_1,Mono_1,DCs
Run4_227510414851291,Ery_2,Mega,Ery_1,Ery_2,Ery_2,Ery_2,Mega,Ery_1
Run4_227510415157549,DCs,Mono_1,Mono_1,DCs,DCs,DCs,DCs,DCs
Run4_227510433246108,Ery_1,DCs,Ery_1,Mega,Mega,DCs,DCs,Mega
Run4_227516857117941,Ery_1,Mega,DCs,Mono_2,Mega,DCs,Mega,Mega
Run4_227844187343596,Ery_1,DCs,DCs,Mega,Ery_2,Ery_1,Mega,DCs
Run4_227844187442397,Ery_2,Ery_2,Ery_2,Ery_2,Ery_2,Ery_2,Ery_2,Ery_2
Run4_227844201278261,Ery_2,DCs,Ery_2,Mega,Mega,Ery_2,Ery_2,Mega
Run4_227844202018667,Ery_2,Mega,Ery_1,Ery_1,Mega,Ery_1,Mega,Mega
Run4_227844214442804,DCs,DCs,DCs,DCs,DCs,DCs,DCs,DCs
Run4_227844232956836,Ery_2,Mega,Ery_2,Ery_2,Ery_2,Ery_2,Ery_2,Ery_1
Run4_227844233247005,Mono_2,DCs,DCs,DCs,DCs,DCs,DCs,DCs
Run4_227844233324980,Mono_2,DCs,DCs,Mega,Mono_1,Mega,DCs,DCs
Run4_227846602538211,Mono_1,Mega,DCs,HSC_2,Ery_2,Precursors,Mega,DCs
Run4_227846617487158,DCs,DCs,DCs,DCs,DCs,DCs,DCs,DCs
Run4_227846630627044,DCs,DCs,DCs,DCs,Mono_2,DCs,DCs,DCs
Run4_227853865699187,DCs,DCs,DCs,DCs,Mono_2,DCs,DCs,DCs
Run4_227853865801643,Mono_2,DCs,DCs,DCs,Mono_1,DCs,DCs,DCs
Run4_227853896705893,Ery_2,DCs,Ery_1,Ery_2,Ery_2,Ery_2,Ery_2,Ery_1
Run4_227903376845597,Mono_1,Mono_1,Mono_1,DCs,Mono_1,Mono_1,Mono_1,Mono_1
Run4_227903377103670,Mono_1,Mono_1,Mono_1,DCs,Mono_2,Mono_1,Mono_1,Mono_1
Run4_227903377205476,Mono_1,Mono_1,Mono_1,Mono_2,Mono_1,Mono_1,Mono_1,Mono_1
Run4_227903404136812,DCs,DCs,DCs,DCs,DCs,DCs,DCs,DCs
Run4_227903423567653,DCs,DCs,Ery_1,Ery_2,Mega,DCs,Mega,DCs
Run4_227921657490227,Ery_2,Ery_1,Ery_2,Ery_2,Ery_2,Ery_2,Ery_2,Ery_1
Run4_227921658034597,Mono_1,Mono_1,Mono_1,DCs,Mono_1,Mono_1,Mono_1,Mono_1
Run4_227921676908276,Mono_1,Mono_1,Mono_1,DCs,Mono_2,Mono_1,Mono_1,Mono_1
Run4_227930488563566,DCs,DCs,DCs,DCs,Mega,DCs,Mega,DCs
Run4_227930503338333,Mono_1,DCs,DCs,DCs,DCs,DCs,DCs,DCs
Run4_227930503596406,HSC_2,Mono_2,DCs,DCs,Mega,DCs,DCs,DCs
Run4_227930504097012,Mega,Mega,Ery_2,Ery_2,Mega,Mega,Mega,Ery_1
Run4_227930515917742,DCs,DCs,Ery_1,Mega,Ery_2,Mega,Ery_2,Mega
Run4_227930516634990,Mono_1,DCs,DCs,DCs,DCs,DCs,DCs,DCs
Run4_227930534792627,Mega,Mega,Mega,Mega,Mega,Mega,Mega,Mono_1
Run4_227930535028581,Mono_1,Mono_1,Mono_1,DCs,Mono_2,Mono_1,Mono_1,Mono_2
Run4_227930535483109,Ery_2,Ery_2,Ery_2,Ery_2,Ery_2,Ery_2,Ery_2,Ery_2
Run4_227930535509211,DCs,DCs,DCs,DCs,DCs,DCs,Mono_2,DCs
Run4_227973438560036,Ery_2,Ery_2,Ery_2,Ery_2,Ery_2,Ery_2,Ery_2,Ery_2
Run4_227973466077493,DCs,Mono_1,DCs,DCs,DCs,DCs,DCs,DCs
Run4_227973466115428,DCs,DCs,DCs,Mono_1,Mega,Mega,DCs,DCs
Run4_227973466315054,DCs,Mega,DCs,DCs,Mega,DCs,Mega,Mono_1
Run4_227975317540203,Ery_2,Ery_2,Ery_2,Ery_2,Ery_2,Ery_2,Ery_2,Ery_2
Run4_227975332281142,HSC_2,DCs,Mega,DCs,Mega,Mega,Mono_2,DCs
Run4_227975344610100,DCs,DCs,Mono_1,DCs,Mega,Precursors,Ery_2,Mega
Run4_227975344839451,Mono_2,Mono_1,DCs,DCs,DCs,DCs,DCs,DCs
Run4_227975345359203,Ery_2,Ery_2,Ery_2,Ery_2,Ery_2,Ery_2,Ery_2,Ery_1
Run4_227981760293732,Mono_1,Mono_1,Mono_1,Mono_1,Mono_1,Mono_1,Mono_1,Mono_1
Run4_227981760351091,Mono_1,Mono_1,DCs,DCs,Mono_1,DCs,Mono_1,Mono_1
Run4_227981774444405,HSC_2,DCs,DCs,DCs,Mega,DCs,DCs,DCs
Run4_227981774468964,Mono_1,Mono_1,Mono_1,DCs,Mono_1,Mono_1,Mono_1,Mono_1
Run4_227981806164254,Ery_2,Mega,Ery_2,Mega,Ery_2,Mega,Mega,Mega
Run4_227982967749036,Ery_2,Ery_1,Ery_1,Ery_2,Ery_2,Ery_2,Ery_2,Ery_1
Run4_227982982409013,DCs,Mono_1,Mono_2,DCs,Mono_1,DCs,Mono_1,DCs
Run4_227982982953707,Mono_1,Mono_1,Mono_1,DCs,Mono_1,Mono_1,Mono_1,Mono_1
Run4_227982982957796,DCs,DCs,DCs,DCs,Mega,Precursors,Mega,Mega
Run4_227983014161691,Ery_2,Ery_1,Ery_1,Ery_2,Ery_2,Ery_2,Ery_2,Ery_1
Run4_227990483909357,Mono_1,Mono_1,Mono_1,Mono_2,Mono_1,Mono_1,Mono_2,Mono_1
Run4_227990484470620,Mono_1,Mono_1,Mono_1,DCs,Mono_1,Mono_1,Mono_1,Mono_1
Run4_227990498826597,Mono_1,Mono_1,Mono_1,Mono_2,Mono_1,Mono_1,Mono_1,Mono_1
Run4_227990498895723,Mono_2,DCs,Ery_2,DCs,Mono_1,DCs,Mega,DCs
Run4_227990511209819,DCs,DCs,DCs,DCs,Precursors,Precursors,Ery_2,Mono_1
Run4_227990530084204,DCs,DCs,DCs,DCs,DCs,DCs,DCs,DCs
Run4_227990530086701,Mono_1,Mono_1,Mono_1,DCs,Mono_1,Mono_1,Mono_1,Mono_1
Run4_227990530578269,Mono_1,DCs,Ery_2,DCs,Mega,Ery_2,DCs,DCs
Run4_227991424186285,Mono_1,Mono_1,Mono_1,DCs,Mono_1,Mono_1,Mono_2,Mono_1
Run4_227991438880165,Ery_2,Ery_2,Ery_1,Ery_2,Ery_2,Ery_2,Ery_2,Ery_1
Run4_227991451036963,Ery_2,Ery_2,Ery_2,Ery_2,Ery_2,Ery_2,Ery_2,Ery_2
Run4_228042023590124,Mono_1,Mono_1,Mono_1,DCs,Mono_1,Mono_1,Mono_1,Mono_1
Run4_228042023823214,DCs,DCs,DCs,DCs,DCs,DCs,DCs,DCs
Run4_228042050819805,Mono_1,DCs,Ery_2,Mega,Mega,DCs,Ery_1,Mega
Run4_228042051369699,Mega,Mega,Mega,Mega,Mega,Mega,Mega,Mega
Run4_228042051639012,Ery_2,Ery_2,Ery_2,Ery_2,Ery_2,Ery_2,Ery_2,Ery_2
Run4_230592294906222,Mega,DCs,DCs,Ery_1,DCs,DCs,Mega,Ery_1
Run4_230592295168372,DCs,DCs,DCs,Ery_2,Mono_2,DCs,DCs,DCs
Run4_230592295397604,Mono_1,DCs,Mono_1,DCs,Mono_2,DCs,Mono_1,DCs
Run4_230592309513573,Ery_1,DCs,DCs,DCs,DCs,Mega,DCs,DCs
Run4_230592310074590,Ery_2,Mega,Mega,Mega,Mega,Ery_2,Mega,Ery_1
Run4_230592321801117,Ery_2,Ery_2,Ery_2,Ery_2,Ery_2,Ery_2,Ery_2,Ery_1
Run4_230611649775516,DCs,Mono_1,Mono_2,DCs,DCs,DCs,DCs,Mono_1
Run4_230611668031348,Mono_1,DCs,DCs,DCs,DCs,DCs,DCs,DCs
Run4_230611668879662,Mono_1,DCs,Ery_1,Mono_2,Mono_1,Mono_1,Mega,DCs
Run4_230652424613165,Mono_2,Mono_1,DCs,DCs,DCs,DCs,DCs,DCs
Run4_230652439090988,Mono_1,Mono_1,DCs,DCs,Mono_1,Mono_1,Mono_1,DCs
Run4_230652451903334,Mono_1,Mono_1,Mono_1,Mono_2,Mono_1,Mono_1,Mono_1,Mono_1
Run4_230652452231468,Ery_2,DCs,Mono_1,DCs,Ery_2,Ery_1,Mega,DCs
Run4_230654452066540,Mono_1,Mono_1,Mono_1,DCs,Mono_1,Mono_1,Mono_1,Mono_1
Run4_230654452087587,Ery_1,Mega,DCs,Mega,Mega,Mega,Mega,Mega
Run4_230654465165556,Mono_1,Mono_1,Mono_1,DCs,Mono_1,Mono_1,Mono_1,Mono_1
Run4_230654483484006,Mono_2,DCs,DCs,DCs,Mono_2,DCs,DCs,Mono_1
Run4_230732687100853,Mono_2,Mono_2,Mono_1,DCs,DCs,Mono_1,Mono_1,Mono_1
Run4_230732700960686,DCs,DCs,DCs,DCs,DCs,DCs,Mega,Mono_1
Run4_230732700961196,Ery_2,DCs,Ery_2,DCs,Ery_2,DCs,DCs,Ery_2
Run4_230732701330275,Ery_1,Mega,Ery_2,Mega,Mega,DCs,Mega,Mono_1
Run4_230732701551332,Mono_2,DCs,DCs,DCs,DCs,DCs,DCs,DCs
Run4_230732701756837,DCs,DCs,DCs,DCs,DCs,DCs,DCs,DCs
Run4_230732732423086,Ery_2,Ery_2,Ery_2,Ery_2,Ery_2,Ery_2,Ery_2,Ery_1
Run4_230741410760989,Mono_2,DCs,Mono_1,Mega,Ery_1,HSC_2,Mega,DCs
Run4_230741411216675,Mono_2,DCs,Mono_1,DCs,Mono_2,Mono_1,Mono_1,Mono_1
Run4_230741425437933,Ery_2,Ery_1,Ery_1,Ery_2,Ery_2,Ery_1,Ery_2,Ery_2
Run4_230741437791068,DCs,DCs,DCs,DCs,DCs,DCs,Mono_1,DCs
Run4_230741438052251,Mono_1,Mono_1,Mono_1,DCs,Mono_1,Mono_1,Mono_1,Mono_1
Run4_230741438490525,HSC_2,DCs,DCs,Precursors,Ery_1,Ery_1,Mega,Ery_2
Run4_230741457164005,Ery_2,Mega,Ery_1,Ery_2,Ery_2,Ery_2,Ery_2,Ery_1
Run4_230741457394027,DCs,DCs,DCs,DCs,DCs,DCs,DCs,DCs
Run4_230749747403043,Mono_2,DCs,DCs,Ery_2,DCs,DCs,Mega,Mono_1
Run4_230749759453621,DCs,Mega,Ery_2,Mega,Mega,Ery_1,DCs,DCs
Run4_230749778368373,Ery_2,Ery_1,Ery_1,Ery_2,Ery_2,Ery_2,Ery_2,Ery_1
Run4_230749778892718,DCs,DCs,Mono_1,DCs,Mono_1,Precursors,Mono_2,Ery_2
Run4_230799407470894,Ery_2,DCs,Ery_2,Ery_2,Ery_2,Ery_2,Ery_1,Ery_1
Run4_230799407495980,Mono_1,Mono_1,Mono_1,DCs,Mono_1,Mono_1,Mono_1,Mono_1
Run4_230799407958430,Ery_2,Ery_1,Ery_2,Ery_2,Ery_2,Ery_2,Ery_2,Ery_1
Run4_230799438698285,Ery_2,Ery_1,Ery_2,Ery_2,Ery_2,Ery_2,Ery_2,Ery_2
Run4_230799438727924,Mono_2,Mono_1,DCs,DCs,Mono_2,DCs,DCs,DCs
Run4_230799439195038,Mono_2,DCs,DCs,DCs,Mega,Precursors,DCs,DCs
Run4_230800332319606,Mono_1,Mono_1,Mono_1,Mono_2,Mono_1,Mono_1,Mono_1,Mono_1
Run4_230800332843742,Mega,Mega,Ery_1,Ery_2,Mega,Ery_2,Mega,Ery_1
Run4_230800346770205,DCs,Mono_1,DCs,DCs,DCs,DCs,DCs,DCs
Run4_230800347552990,Mono_1,Mono_1,Mono_1,Mono_2,Mono_1,Mono_1,Mono_1,Mono_1
Run4_230800347576163,DCs,DCs,DCs,DCs,DCs,DCs,DCs,DCs
Run4_230800359841123,DCs,DCs,DCs,DCs,DCs,DCs,DCs,DCs
Run4_230800378744243,Mono_2,DCs,DCs,DCs,Mega,DCs,Mega,Mono_2
Run4_230807848217438,Mono_1,Mono_1,Mono_1,DCs,Mono_1,Mono_1,Mono_1,Mono_1
Run4_230807848281838,Ery_2,Mono_1,DCs,DCs,Mega,DCs,DCs,DCs
Run4_230807849031981,Ery_2,Ery_1,Ery_2,Ery_2,Ery_2,Ery_2,Ery_2,Ery_2
Run4_230807863158643,Mono_1,Mono_1,Mono_1,DCs,Mono_1,Mono_1,Mono_1,Mono_1
Run4_230807875762028,Ery_2,Ery_2,Ery_2,Ery_2,Ery_2,Ery_2,Ery_2,Ery_2
Run4_230807876091102,Ery_1,DCs,DCs,Ery_2,Ery_2,Ery_1,Mega,Ery_2
Run4_230807895231347,Mono_2,DCs,DCs,Mega,Mono_1,Mega,DCs,Mono_1
Run4_230809071209270,Mono_2,DCs,DCs,DCs,DCs,DCs,DCs,DCs
Run4_230809071377627,Mono_1,Mono_1,Mono_1,DCs,Mono_1,Mono_1,Mono_1,Mono_2
Run4_230809071475955,HSC_2,DCs,DCs,DCs,Mega,DCs,Mega,DCs
Run4_230809084029222,DCs,DCs,Ery_2,DCs,Mono_1,Mono_1,Mega,DCs
Run4_230809103158108,DCs,DCs,DCs,DCs,Mega,DCs,DCs,DCs
Run4_230816721262380,Ery_1,DCs,DCs,DCs,Mega,DCs,Mega,DCs
Run4_230816721848118,Mono_1,Mono_1,Mono_1,DCs,Mono_1,Mono_1,Mono_1,Mono_1
Run4_230816733904245,Mono_2,Mono_1,DCs,DCs,DCs,DCs,Mega,DCs
Run4_230816753268595,DCs,DCs,Ery_2,DCs,Ery_2,Mega,Mono_1,Mono_2
Run4_231270765686061,Mono_2,Mono_2,DCs,DCs,Mono_2,Mono_1,DCs,Mono_1
Run4_231270765705572,Ery_2,Ery_2,Ery_2,Ery_2,Ery_2,Ery_2,Ery_2,Ery_1
Run4_231270779860844,DCs,DCs,DCs,DCs,Mono_1,DCs,DCs,DCs
Run4_231270792981427,Mono_1,Mono_1,Mono_1,Mono_1,Mono_1,Mono_1,Mono_1,Mono_1
Run4_231270811561254,DCs,DCs,DCs,DCs,Mega,DCs,DCs,DCs
Run4_231279489305390,Ery_1,Mega,Mega,Mega,Ery_2,Mega,Ery_2,Mega
Run4_231279489563564,DCs,Mono_2,Ery_1,Mono_1,Mono_1,DCs,DCs,Ery_2
Run4_231279517394798,Mono_2,DCs,DCs,DCs,DCs,DCs,DCs,DCs
Run4_231279536236910,Mono_2,DCs,DCs,DCs,DCs,DCs,Mono_2,Mono_1
Run4_231279536258267,Mono_2,DCs,DCs,DCs,DCs,DCs,DCs,Mono_1
Run4_231279536334622,DCs,DCs,DCs,Mega,Mono_1,DCs,Ery_2,Mono_1
Run4_231280294946733,Mono_2,Mono_1,Ery_2,DCs,DCs,DCs,Mono_1,DCs
Run4_231280295401270,Mono_1,DCs,DCs,DCs,Mono_1,DCs,DCs,DCs
Run4_231280295430566,DCs,Mega,Mega,DCs,Ery_2,Mega,DCs,Mega
Run4_231280295434027,Mega,Mega,Mega,Mega,Mega,Mega,Mega,Ery_1
Run4_231280309300142,Mono_1,DCs,Mega,Mono_2,Mega,Ery_1,Mega,Mega
Run4_231280309393203,DCs,DCs,DCs,DCs,DCs,DCs,Mono_1,DCs
Run4_231280309656795,DCs,DCs,DCs,DCs,Mono_1,DCs,DCs,DCs
Run4_231280309819612,DCs,DCs,DCs,DCs,Ery_1,DCs,Mega,Precursors
Run4_231280309856627,Mega,Mega,Mega,Mega,Mega,Mega,Mega,Mega
Run4_231280310074741,DCs,DCs,DCs,DCs,DCs,DCs,DCs,DCs
Run4_231280322145187,Ery_2,Mega,Ery_2,Mega,Ery_2,Ery_1,Ery_1,Mega
Run4_231280341314462,Mono_1,DCs,DCs,DCs,Mono_2,DCs,Mono_2,DCs
Run4_231280341338357,Mono_1,Mono_1,Mono_1,DCs,Mono_2,Mono_1,Mono_1,Mono_1
Run4_231280341531491,Ery_2,DCs,Mega,Mega,Ery_2,Ery_2,DCs,Mega
Run4_231291315473310,Mono_2,DCs,DCs,DCs,DCs,DCs,DCs,DCs
Run4_231291315477276,Mono_1,DCs,DCs,Mega,Mega,Mega,DCs,Ery_2
Run4_231291315932590,Mono_2,DCs,DCs,DCs,DCs,DCs,DCs,DCs
Run4_231291315993387,DCs,DCs,DCs,DCs,HSC_2,Mega,DCs,DCs
Run4_231291327835357,Mono_1,Mono_1,Mono_1,DCs,Mono_1,Mono_1,Mono_1,Mono_1
Run4_231291328088997,DCs,DCs,DCs,DCs,DCs,DCs,DCs,DCs
Run4_231291328261363,Mono_1,Mono_1,Mono_1,DCs,Mono_1,Mono_1,Mono_1,Mono_1
Run4_231291328621364,Mono_1,Mono_2,Mono_1,DCs,DCs,DCs,Mono_2,Mono_2
Run4_231340559001445,Ery_2,Ery_2,Ery_2,Ery_2,Ery_2,Ery_2,Ery_2,Ery_2
Run4_231340585676075,Mono_2,DCs,DCs,DCs,DCs,DCs,Mega,DCs
Run4_231340585989990,Ery_2,Mega,DCs,Ery_2,Mega,Ery_2,DCs,Mega
Run4_231340604575006,DCs,DCs,DCs,DCs,HSC_2,DCs,DCs,DCs
Run4_231365403359084,Mono_2,DCs,DCs,DCs,Mono_2,DCs,DCs,DCs
Run4_231365403360501,DCs,Mono_1,DCs,DCs,Mega,Mega,Mega,Mono_1
Run4_231365403600755,DCs,DCs,DCs,DCs,DCs,DCs,DCs,DCs
Run4_231365403663132,Mono_2,DCs,DCs,DCs,DCs,DCs,DCs,DCs
Run4_231365403891613,Mono_1,Mono_1,Mono_1,Mono_2,Mono_1,Mono_1,Mono_1,Mono_1
Run4_231365415987123,DCs,DCs,DCs,DCs,HSC_2,DCs,DCs,DCs
Run4_231365416475548,DCs,DCs,DCs,DCs,Ery_2,Ery_2,Ery_2,Mega
Run4_231365435582830,Ery_2,Ery_2,Ery_2,Ery_2,Ery_2,Ery_2,Ery_2,Ery_1
Run4_231366194027869,DCs,Mono_1,Ery_2,DCs,Mono_2,Mono_1,Mono_1,DCs
Run4_231366194064219,Mono_1,Mono_1,Mono_1,Mono_2,Mono_1,Mono_1,Mono_1,Mono_1
Run4_231366208678709,HSC_2,Precursors,Ery_2,DCs,DCs,Mega,Mega,Ery_1
Run4_231366222007028,Mono_1,Mono_1,Mono_1,DCs,Mono_2,Mono_1,Mono_1,Mono_2
Run4_231366222040350,Mono_1,Mono_1,Mono_1,DCs,Mono_1,Mono_1,Mono_1,Mono_1
Run4_231366240131486,Mono_1,Mono_1,Mono_1,Mono_2,Mono_1,Mono_1,Mono_1,Mono_1
Run4_231692907173598,Mono_2,Mono_1,DCs,DCs,DCs,DCs,DCs,DCs
Run4_231692907497836,DCs,DCs,DCs,DCs,DCs,DCs,DCs,DCs
Run4_231692907690797,DCs,DCs,DCs,DCs,DCs,DCs,DCs,DCs
Run4_231692907694316,Mono_1,DCs,DCs,Mega,Mega,Mega,Mega,Mega
Run4_231692926343918,Mega,Mega,Mega,Mega,Mega,Mega,Mega,Mega
Run4_231711851559731,Mono_2,DCs,DCs,DCs,DCs,DCs,DCs,DCs
Run4_231754888531372,Mono_1,Mono_1,Mono_1,DCs,Mono_1,Mono_1,Mono_1,Mono_1
Run4_231754889018291,Mono_1,Mono_1,Mono_1,DCs,Mono_1,Mono_1,Mono_1,Mono_1
Run4_231754903800667,Mono_2,DCs,DCs,DCs,DCs,DCs,DCs,DCs
Run4_231754915765110,DCs,DCs,Ery_2,DCs,Ery_2,DCs,DCs,Mega
Run4_231754935519068,Mono_1,Mono_1,Mono_2,DCs,Mono_1,Mono_1,Mono_1,Mono_1
Run4_231760526429484,Mono_2,DCs,DCs,DCs,Precursors,DCs,DCs,Mono_1
Run4_231760553728363,Mono_1,Mono_1,DCs,DCs,Mono_1,Mono_1,Mono_1,Mono_1
Run4_231760572370355,Ery_1,Mono_1,Ery_2,DCs,Mega,Mega,DCs,Mega
Run4_231770055138612,Mono_2,DCs,Mono_2,DCs,Mega,Precursors,DCs,Mega
Run4_231770055399670,Mono_2,DCs,DCs,DCs,DCs,DCs,Mono_2,DCs
Run4_231770101603638,DCs,DCs,DCs,DCs,Ery_2,DCs,DCs,Mono_1
Run4_231822818134966,Ery_2,DCs,DCs,HSC_2,Mega,Mega,Mono_1,Mega
Run4_231822849097131,DCs,DCs,DCs,DCs,Mega,DCs,DCs,DCs
Run4_231822849137396,Ery_2,Mega,Ery_1,DCs,Mega,Mega,Ery_1,DCs
Run4_231822849662299,Mono_1,Mono_1,Mono_1,Mono_2,Mono_1,Mono_1,Mono_1,Mono_1
Run4_231890195429227,DCs,DCs,DCs,DCs,Mono_1,DCs,DCs,HSC_2
Run4_231890195434908,DCs,DCs,DCs,DCs,Mono_1,DCs,DCs,DCs
Run4_231890207533877,Ery_2,Ery_2,Ery_2,Ery_2,Ery_2,Ery_2,Ery_2,Ery_1
Run4_231890207586150,DCs,DCs,DCs,DCs,DCs,DCs,DCs,DCs
Run4_231890207794995,Ery_2,Ery_1,Ery_1,Ery_2,Ery_1,Ery_2,Ery_1,Ery_1
Run4_231890208025011,DCs,DCs,Mono_2,DCs,Mono_2,DCs,Mono_1,DCs
Run4_231891388262707,Mono_1,Mono_1,Mono_1,Mono_2,Mono_1,Mono_1,Mono_1,Mono_1
Run4_231891402681627,Ery_2,DCs,DCs,DCs,DCs,DCs,Mono_1,DCs
Run4_231891403167645,Mono_2,DCs,DCs,DCs,DCs,DCs,DCs,DCs
Run4_231891403397411,DCs,Mega,Ery_2,Mega,Ery_2,DCs,Mega,DCs
Run4_231891415981347,DCs,DCs,DCs,DCs,Mono_1,Ery_1,DCs,Mega
Run4_231891434400485,DCs,DCs,Mono_2,DCs,Mega,Ery_1,DCs,DCs
Run4_231897711163678,Mono_2,DCs,DCs,DCs,DCs,DCs,DCs,DCs
Run4_231897711459611,Mega,Mega,Mega,Mega,Mega,Mega,Mega,Mega
Run4_231897742621020,DCs,DCs,DCs,DCs,DCs,DCs,Ery_1,DCs
Run4_231900112414622,Ery_2,Ery_1,Ery_2,Ery_2,Ery_2,Ery_2,Ery_2,Ery_1
Run4_231900112907043,Ery_1,DCs,DCs,DCs,Mega,Mega,Mega,Precursors
Run4_231900127356830,Precursors,DCs,DCs,DCs,DCs,DCs,DCs,DCs
Run4_231900127545652,DCs,DCs,DCs,DCs,DCs,DCs,DCs,DCs
Run4_231900127550246,Ery_2,Ery_2,Ery_2,Ery_2,Ery_2,Ery_2,Ery_2,Ery_1
Run4_231900158220659,DCs,DCs,DCs,DCs,Mono_1,DCs,Ery_1,DCs
Run4_231900158770036,Mono_1,Mono_1,DCs,DCs,Mono_1,DCs,Mono_1,Mono_1
Run4_231907628861292,Mono_1,DCs,Ery_2,Mega,Mega,DCs,Mono_2,DCs
Run4_231907628902628,Ery_2,DCs,Ery_2,DCs,Mono_2,Mega,Mega,DCs
Run4_231907642955691,Mono_2,DCs,DCs,DCs,DCs,DCs,DCs,DCs
Run4_231907643738867,Mono_1,Mono_1,Mono_1,DCs,Mono_1,Mono_1,Mono_1,Mono_1
Run4_231907655539630,Precursors,DCs,DCs,DCs,Mono_2,DCs,DCs,DCs
Run4_231907655829301,DCs,Mono_1,DCs,DCs,Mono_1,Mono_1,Mono_2,Mono_1
Run4_231907656416675,Mono_1,Mono_1,Mono_1,Mono_1,Mono_1,Mono_1,Mono_1,Mono_1
Run4_231907674503596,Mono_2,DCs,DCs,DCs,Mono_1,DCs,DCs,DCs
Run4_231917038753518,Mono_2,Mono_2,DCs,DCs,Mono_2,Mono_1,Mono_2,DCs
Run4_231917051075443,Mono_1,Mono_1,Mono_1,DCs,Mono_1,Mono_1,Mono_1,Mono_1
Run4_231917051599211,Mono_2,DCs,DCs,Mega,Mega,DCs,Mega,Mega
Run4_231917070183150,HSC_2,DCs,Mono_1,DCs,Mono_1,DCs,Mono_1,Mono_1
Run4_232261709843380,DCs,DCs,DCs,DCs,Mono_1,DCs,DCs,DCs
Run4_232261722004838,Ery_2,Ery_1,Ery_2,Ery_2,Mega,Mega,Mega,Ery_1
Run4_232261741045557,Mono_1,DCs,DCs,DCs,DCs,DCs,Mega,DCs
Run4_232301288974701,Mega,DCs,DCs,DCs,Mono_1,Mega,Mono_1,Mega
Run4_232301289466715,Mega,DCs,DCs,DCs,Mega,Mono_1,Mono_1,HSC_2
Run4_232301303850925,Ery_2,Ery_2,Ery_2,Ery_2,Ery_2,Ery_2,Ery_2,Ery_1
Run4_232301304407988,Ery_2,Mono_1,Ery_2,Mega,Ery_1,Mono_1,Mono_1,Ery_1
Run4_232301316466550,DCs,DCs,DCs,DCs,DCs,DCs,DCs,DCs
Run4_232301316984035,DCs,DCs,DCs,DCs,Mono_1,Ery_1,DCs,DCs
Run4_232301335623462,DCs,DCs,DCs,DCs,Mega,DCs,DCs,DCs
Run4_232302646515444,Ery_2,Ery_2,Ery_2,Ery_2,Ery_2,Ery_2,Ery_2,Ery_2
Run4_232302658309363,Ery_2,Ery_2,Ery_2,Ery_2,Ery_2,Ery_2,Ery_2,Ery_1
Run4_232302677179693,Ery_2,Ery_2,Ery_2,Ery_2,Ery_2,Ery_2,Ery_1,Ery_1
Run4_232311355193709,DCs,DCs,Mega,DCs,Mega,DCs,DCs,DCs
Run4_232311355198876,Mega,Mega,Mega,Mega,Mega,Mega,Mega,Mega
Run4_232311355557748,Ery_2,Ery_2,Ery_2,Ery_2,Ery_2,Ery_2,Ery_2,Ery_1
Run4_232311369918700,Mega,Mega,Mega,Mega,Mega,Mega,Ery_2,Mega
Run4_232311370464502,Mono_2,DCs,DCs,DCs,Mono_1,DCs,DCs,Mono_1
Run4_232311370659691,DCs,DCs,DCs,DCs,DCs,DCs,Mono_1,DCs
Run4_232318603745068,Mono_2,DCs,DCs,DCs,Mono_1,DCs,DCs,DCs
Run4_232318617991908,Mono_1,Mono_1,Mono_2,DCs,Mono_1,Mono_1,Mono_1,Mono_2
Run4_232318649722590,DCs,DCs,Ery_2,Mega,Mega,DCs,DCs,Mega
Run4_232318649916766,Ery_2,Ery_1,Ery_2,Ery_2,Ery_2,Ery_2,Ery_2,Ery_2
Run4_232321018873757,Mono_1,Mono_1,Mono_1,DCs,Mono_1,Mono_1,Mono_1,Mono_1
Run4_232321019234164,Mono_1,Mono_2,Mono_1,DCs,Mono_1,Mono_1,Mono_2,Mono_1
Run4_232321034337653,Ery_2,Ery_1,Ery_2,Ery_2,Ery_2,Ery_2,Ery_2,Ery_1
Run4_232321046701987,Ery_2,Ery_2,Ery_2,Ery_2,Ery_2,Ery_2,Ery_2,Ery_2
Run4_232321046997237,Ery_2,DCs,Mega,Mega,Ery_2,Ery_1,Mega,Ery_1
Run4_232327461653301,DCs,DCs,DCs,DCs,Mega,Mono_1,Mono_1,DCs
Run4_232327462206683,Ery_2,Ery_2,Ery_2,Ery_2,Ery_2,Ery_2,Ery_2,Ery_1
Run4_232327507535726,Mono_2,DCs,Mega,Mono_2,Mono_1,DCs,DCs,Mega
Run4_232327507991395,Ery_1,Mega,Ery_2,Mono_1,Mega,Mega,Ery_2,Ery_1
Run4_232327508055860,Mono_1,Mono_1,Mono_1,Mono_2,Mono_1,Mono_1,Mono_1,Mono_1
Run4_232327508286387,Ery_2,Ery_2,Ery_2,Ery_2,Ery_2,Ery_2,Ery_2,Ery_2
Run4_232328266636124,Mono_1,Mono_2,Mono_1,DCs,Mono_2,Mono_1,Mono_1,Mono_1
Run4_232328267459363,DCs,DCs,DCs,DCs,DCs,DCs,DCs,DCs
Run4_232328294779630,Mono_2,Mono_1,DCs,DCs,DCs,DCs,DCs,DCs
Run4_232328312831222,Ery_1,Mega,Ery_1,Ery_2,Ery_2,Ery_2,Ery_2,Ery_1
Run4_232330294605676,Mono_2,DCs,DCs,DCs,DCs,DCs,DCs,DCs
Run4_232330307193652,Ery_1,Ery_2,Ery_2,Ery_2,Ery_2,Ery_2,Ery_2,Ery_1
Run4_232330307783476,Mono_2,DCs,DCs,DCs,DCs,DCs,DCs,DCs
Run4_232330326096222,Ery_2,Ery_2,Ery_2,Ery_2,Ery_2,Ery_2,Ery_2,Ery_2
Run4_232330326619892,Mono_2,DCs,DCs,DCs,DCs,DCs,DCs,DCs
Run4_232330326660853,DCs,DCs,DCs,DCs,DCs,DCs,DCs,DCs
Run4_232438996777780,DCs,DCs,DCs,DCs,DCs,DCs,DCs,DCs
Run4_232439011502884,DCs,Mega,Ery_2,Ery_2,Mega,HSC_1,Ery_1,Mono_1
Run4_232439023520669,Mono_1,DCs,Ery_2,Ery_2,Mega,Mega,Mega,Mega
Run4_232439042431772,DCs,DCs,DCs,DCs,Mono_1,Ery_1,DCs,Mono_1
Run4_232449733749620,Ery_2,Mega,Ery_2,Ery_2,Ery_2,Ery_2,Ery_2,Ery_1
Run4_232449734044523,Ery_2,Mega,Mega,Ery_2,Ery_2,Ery_2,Ery_2,Ery_1
Run4_232449749174174,DCs,DCs,DCs,DCs,DCs,DCs,DCs,DCs
Run4_232449761234228,DCs,DCs,Ery_2,Mono_2,Mega,Mega,DCs,Ery_2
Run4_232449761786739,Mono_1,Mono_1,Mono_2,Mono_1,Mono_1,Mono_1,Mono_1,Mono_1
Run4_232449780701988,Ery_2,Mega,Ery_2,Ery_1,Ery_2,Ery_2,Ery_2,Ery_1
Run4_232450539085086,Ery_2,Mega,Ery_1,Mega,Ery_2,Ery_1,Ery_2,Mega
Run4_232450539338606,Ery_1,DCs,DCs,DCs,Ery_2,Mega,DCs,Mono_2
Run4_232450539796380,Mono_1,Mono_1,Mono_1,Mono_2,Mono_1,Mono_1,Mono_1,Mono_1
Run4_232450553724148,DCs,DCs,DCs,DCs,DCs,DCs,DCs,DCs
Run4_232450553997084,Ery_2,Ery_2,Ery_2,Ery_2,Ery_2,Ery_2,Ery_2,Ery_1
Run4_234992220457846,Ery_2,Ery_1,Ery_2,Ery_2,Mega,Ery_2,Ery_1,Mega
Run4_235000944552358,Mono_2,HSC_1,DCs,DCs,DCs,DCs,DCs,DCs
Run4_235000944810725,DCs,DCs,DCs,DCs,Mono_1,DCs,DCs,Mono_1
Run4_235000945031454,Ery_2,Mega,Mega,Ery_2,Mega,Mega,Ery_2,Mega
Run4_235000945063836,Ery_2,Ery_1,Ery_2,Ery_2,Ery_2,Ery_2,Ery_2,Ery_1
Run4_235000959024422,Mono_1,Mono_1,Mono_1,DCs,Mono_1,Mono_1,Mono_1,Mono_1
Run4_235000959285092,HSC_2,DCs,DCs,Mono_1,Ery_2,DCs,Mega,Ery_2
Run4_235000971513075,Ery_2,Ery_2,Ery_1,Ery_2,Ery_2,Ery_2,Ery_2,Ery_2
Run4_235000971610931,Ery_1,DCs,DCs,DCs,DCs,Ery_2,DCs,DCs
Run4_235000972044574,Mono_1,Mono_1,Mono_1,Mono_2,Mono_1,Mono_1,Mono_1,Mono_1
Run4_235000990420381,DCs,DCs,Ery_1,DCs,Mono_1,Mega,Mega,Mega
Run4_235000990480621,Ery_2,Mega,Ery_2,Ery_2,Ery_2,Ery_2,Mega,Mega
Run4_235000990653230,DCs,DCs,Mono_1,DCs,DCs,Mono_1,Mono_2,DCs
Run4_235000990722845,HSC_2,DCs,DCs,DCs,DCs,DCs,DCs,DCs
Run4_235007401487669,Ery_1,Ery_1,Ery_1,Ery_2,Ery_2,Ery_1,Ery_2,Ery_2
Run4_235007401651619,Mono_1,Mono_1,Mono_1,DCs,Mono_1,Mono_1,Mono_1,Mono_1
Run4_235007414332204,HSC_2,DCs,DCs,DCs,Mega,Ery_2,Mega,Mega
Run4_235007414484187,Ery_2,Ery_2,Ery_2,Ery_2,Ery_2,Ery_2,Ery_2,Ery_2
Run4_235007414823771,DCs,DCs,Mega,Mega,Mega,Mega,Mega,Mega
Run4_235007433619884,Ery_2,DCs,DCs,DCs,Mono_1,DCs,Mega,DCs
Run4_235007433629093,DCs,DCs,Mono_1,Mega,Mono_1,Ery_1,Mega,Mono_1
Run4_235069798045404,Mono_1,Mono_1,Mono_1,DCs,Mono_1,Mono_1,Mono_1,Mono_1
Run4_235069798542691,Mono_1,Mono_1,Mono_1,DCs,Mono_2,Mono_1,Mono_1,Mono_1
Run4_235069798804187,Ery_1,Mono_1,Ery_1,Ery_2,Ery_2,Ery_1,Ery_2,Ery_1
Run4_235069812946798,Mono_2,DCs,DCs,DCs,Mono_1,DCs,DCs,DCs
Run4_235069813181678,Ery_2,Ery_2,Ery_2,Ery_2,Ery_2,Ery_2,Ery_2,Ery_2
Run4_235069826000611,Ery_2,Ery_2,Ery_2,Ery_2,Ery_2,Ery_2,Ery_2,Ery_2
Run4_235069844143350,DCs,DCs,DCs,DCs,DCs,DCs,DCs,Mono_2
Run4_235069844180403,Ery_2,Ery_2,Ery_2,Ery_2,Ery_2,Ery_2,Ery_2,Ery_1
Run4_235070737542556,Mega,Mega,Mega,Mega,Mega,Mega,Mega,Mega
Run4_235070737562525,Ery_1,DCs,DCs,DCs,Ery_2,DCs,DCs,Mega
Run4_235070752208684,DCs,DCs,DCs,DCs,DCs,DCs,DCs,DCs
Run4_235070752438109,Ery_2,Ery_1,Ery_2,Ery_2,Ery_2,Mega,Ery_2,Ery_1
Run4_235070752934772,DCs,DCs,DCs,DCs,DCs,DCs,DCs,DCs
Run4_235070752937884,HSC_2,DCs,DCs,Mono_2,Mega,Ery_1,Ery_2,DCs
Run4_235070764772147,DCs,DCs,DCs,HSC_2,DCs,DCs,DCs,DCs
Run4_235070765316837,Ery_1,Ery_1,Ery_2,Ery_2,Ery_2,Ery_1,Ery_2,Ery_1
Run4_235070765353820,Mono_1,DCs,DCs,DCs,Mono_1,Mono_1,Mono_1,Mono_2
Run4_235119996001700,DCs,Mega,DCs,DCs,Mega,Mega,DCs,Mono_1
Run4_235120010054060,Ery_2,Mega,Mega,Ery_2,Ery_2,Ery_2,Ery_2,Ery_1
Run4_235120010582875,Mono_1,Mono_1,Mono_1,Ery_2,Mono_1,Mono_1,DCs,Ery_1
Run4_235120022936885,Mono_1,Mono_1,Mono_1,DCs,Mono_1,DCs,Mono_1,Mono_1
Run4_235120041580267,DCs,DCs,DCs,DCs,Mono_1,DCs,DCs,DCs
Run4_235122009172702,Ery_2,DCs,DCs,DCs,Mega,Precursors,DCs,DCs
Run4_235122023951139,Mono_2,DCs,Mono_1,DCs,DCs,Precursors,Mono_2,Mega
Run4_235122036004766,DCs,DCs,Mono_1,DCs,Mono_2,DCs,DCs,Mono_1
Run4_235122036431276,Mono_2,DCs,DCs,DCs,DCs,DCs,DCs,DCs
Run4_235122055339428,Mono_1,Mono_1,Mono_1,DCs,Mono_1,Mono_1,Mono_1,Mono_1
Run4_235122055604085,Mono_1,Mono_1,Mono_1,DCs,Mono_1,Mono_1,Mono_1,Mono_1
Run4_235129928369884,DCs,DCs,Ery_2,DCs,DCs,DCs,DCs,DCs
Run4_235129942956323,Ery_1,DCs,DCs,DCs,Ery_1,DCs,Mono_1,Ery_2
Run4_235129954749341,Ery_2,Ery_2,Ery_2,Ery_2,Ery_2,Ery_2,Ery_2,Ery_2
Run4_235129955567971,Mono_1,Mono_1,Mono_1,DCs,Mono_2,Mono_1,Mono_2,Mono_1
Run4_235129955600805,Mono_1,DCs,DCs,DCs,DCs,Mono_1,DCs,DCs
Run4_235188983359347,DCs,DCs,DCs,DCs,DCs,DCs,DCs,DCs
Run4_235188998031790,Mono_2,DCs,DCs,DCs,DCs,DCs,Mega,DCs
Run4_235189010839404,DCs,Mega,DCs,Ery_1,Ery_2,Mega,Mega,Ery_2
Run4_235189029713782,Mono_1,Mono_1,Mono_1,DCs,Mono_1,Mono_1,Mono_1,Mono_1
Run4_235189030275444,Mono_1,DCs,DCs,DCs,Mono_2,DCs,DCs,DCs
Run4_235189030280539,Ery_1,DCs,Mega,Mono_2,Ery_2,Ery_1,Mega,Ery_1
Run4_235198512810860,DCs,DCs,DCs,DCs,DCs,DCs,DCs,Mono_2
Run4_235198513047988,DCs,DCs,DCs,DCs,DCs,Mega,Mega,Ery_2
Run4_235198527520158,DCs,DCs,DCs,DCs,Mono_1,DCs,Mono_1,DCs
Run4_235198527781284,HSC_2,Mono_1,DCs,DCs,Mono_2,Mono_1,Mega,DCs
Run4_235198540110110,Precursors,DCs,DCs,Mega,Mega,Precursors,Mega,DCs
Run4_235198540303668,Ery_1,DCs,DCs,Mono_2,Ery_2,Mega,Mega,Ery_2
Run4_235198559214838,DCs,DCs,DCs,DCs,DCs,DCs,DCs,DCs
Run4_235198559475508,DCs,DCs,DCs,DCs,Mono_1,DCs,DCs,DCs
Run4_235198559512286,Mono_1,Mono_1,Mono_1,DCs,Mono_1,Mono_1,Mono_1,Mono_1
Run4_235199318383972,Mega,Mega,Mega,Mega,Mega,Mega,Mega,Mega
Run4_235199318669100,DCs,DCs,DCs,DCs,DCs,DCs,DCs,DCs
Run4_235199318879141,Ery_2,Ery_2,Ery_2,Ery_2,Ery_2,Ery_2,Ery_2,Ery_2
Run4_235199332796637,Ery_2,Ery_2,Ery_1,Ery_2,Ery_2,Ery_2,Ery_2,Ery_1
Run4_235199333522788,DCs,DCs,Mega,DCs,Mega,DCs,Mega,DCs
Run4_235199345678774,Precursors,Mono_1,DCs,DCs,DCs,DCs,DCs,DCs
Run4_235199345872283,Ery_1,DCs,Ery_2,DCs,Ery_2,Precursors,Ery_1,Mono_2
Run4_235199346129845,Ery_2,Ery_2,Ery_2,Ery_2,Ery_2,Ery_2,Ery_2,Ery_2
Run4_235214350530861,DCs,DCs,DCs,DCs,DCs,Mono_2,DCs,Mono_1
Run4_235214351259421,DCs,DCs,DCs,DCs,DCs,DCs,DCs,DCs
Run4_235214365912485,Mono_1,Mono_1,Mono_1,DCs,Mono_1,Mono_1,Mono_1,Mono_1
Run4_235214365965046,Mega,Mega,Ery_1,Mega,Mega,Mega,Ery_2,Mega
Run4_235214378556660,Ery_2,Mega,Ery_1,Ery_2,Ery_2,Ery_1,Ery_2,Mega
Run4_235214396672742,Mono_1,DCs,Mega,Mega,Mega,Ery_2,Mega,Mega
Run4_235533386344363,Ery_2,Ery_1,Ery_1,Ery_2,Ery_2,Ery_2,Ery_1,Ery_1
Run4_235533386607836,Mono_2,DCs,DCs,DCs,DCs,DCs,DCs,DCs
Run4_235533401209062,Ery_2,Ery_1,Ery_2,Ery_2,Ery_2,Ery_2,Ery_2,Ery_2
Run4_235533401216822,Ery_2,Ery_1,Ery_2,Ery_2,Ery_2,Ery_2,Ery_2,Ery_1
Run4_235533413308125,Ery_2,DCs,Mega,DCs,Ery_2,DCs,DCs,Mega
Run4_235533432470390,DCs,Mono_1,DCs,DCs,DCs,DCs,DCs,DCs
Run4_235548419156188,Ery_2,Ery_1,Ery_1,Ery_2,Ery_2,Ery_2,Ery_2,Ery_1
Run4_235548433927395,DCs,DCs,DCs,DCs,DCs,DCs,DCs,DCs
Run4_235548445916470,DCs,DCs,Mono_1,DCs,Mono_2,Mono_1,Mono_2,Mono_2
Run4_235548465085363,Ery_2,Mega,Ery_1,Ery_2,Ery_2,Ery_1,Ery_2,Ery_1
Run4_235550862170852,Ery_2,Ery_1,Ery_2,Ery_2,Ery_2,Ery_2,Ery_2,Ery_1
Run4_235550862428003,DCs,DCs,DCs,DCs,DCs,Precursors,DCs,DCs
Run4_235550880516838,Mono_2,DCs,DCs,DCs,DCs,DCs,DCs,Mono_1
Run4_235550880972195,Ery_1,Ery_2,Ery_2,Ery_2,Ery_2,Ery_2,Ery_2,Ery_2
Run4_235559304718572,Mono_1,Mono_1,Mono_1,DCs,Mono_1,Mono_1,Mono_1,Mono_1
Run4_235559304939317,Mono_2,DCs,DCs,DCs,Mega,DCs,DCs,DCs
Run4_235559305231732,DCs,DCs,DCs,DCs,Mega,DCs,DCs,DCs
Run4_235559317617958,Mono_1,Mono_1,Mono_1,DCs,Mono_1,Mono_1,Mono_1,Mono_1
Run4_235559336233702,Ery_2,Ery_2,Ery_2,Ery_2,Ery_2,Ery_2,Ery_2,Ery_1
Run4_235559336237861,Mono_1,Mono_1,Mono_1,Mono_1,Mono_1,Mono_1,Mono_1,Mono_1
Run4_235559336496502,Mono_1,Mono_1,Mono_1,Mono_1,Mono_1,Mono_1,Mono_1,Mono_1
Run4_235559337020837,Mono_1,Mono_2,Mono_2,DCs,Mono_1,Mono_1,Mono_2,Mono_2
Run4_235601971559331,DCs,DCs,DCs,DCs,Mega,Ery_2,Mega,DCs
Run4_235601985976164,DCs,Mono_1,DCs,DCs,DCs,DCs,DCs,DCs
Run4_235601986016989,Mono_2,DCs,Mono_1,DCs,DCs,Mono_1,DCs,DCs
Run4_235601986271972,Mono_1,Mono_1,Mono_1,DCs,Mono_1,Mono_1,Mono_1,Mono_1
Run4_235601998793460,DCs,DCs,DCs,DCs,DCs,DCs,DCs,DCs
Run4_235602018186995,Mono_1,Mono_1,Mono_1,DCs,Mono_1,Mono_1,Mono_1,Mono_1
Run4_235626682825955,Mono_1,Mono_1,Mono_1,Mono_2,Mono_1,Mono_1,Mono_1,Mono_1
Run4_235626694622070,Mono_2,Mono_1,DCs,HSC_2,DCs,DCs,DCs,DCs
Run4_235626695379317,Ery_1,DCs,DCs,DCs,Precursors,Mega,Mega,Mega
Run4_235626713532342,Ery_2,Ery_1,Ery_2,Ery_2,Ery_2,Ery_2,Ery_2,Ery_2
Run4_235678490344811,Ery_2,Ery_2,Ery_2,Ery_2,Ery_2,Ery_2,Ery_2,Ery_1
Run4_235678490908891,DCs,DCs,DCs,DCs,DCs,DCs,DCs,DCs
Run4_235678521552181,Mono_2,DCs,DCs,DCs,DCs,DCs,DCs,DCs
Run4_235678522009334,DCs,Mono_1,DCs,DCs,Mono_1,DCs,DCs,DCs
Run4_235695789762414,Mono_2,DCs,DCs,DCs,Mono_1,DCs,Mono_2,DCs
Run4_235697683417844,DCs,DCs,DCs,DCs,DCs,DCs,DCs,DCs
Run4_235697683454683,Ery_2,Ery_1,Ery_2,Ery_2,Ery_2,Ery_2,Ery_2,Ery_1
Run4_235697683942125,Mono_1,Mono_1,Mono_1,Mono_2,Mono_1,Mono_1,Mono_1,Mono_1
Run4_235697714714541,Mono_1,Mono_1,Mono_1,Mono_2,Mono_1,Mono_1,Mono_1,Mono_1
Run4_235737665358259,DCs,DCs,DCs,Mega,Precursors,DCs,Mega,DCs
Run4_235737665362278,Mono_1,Mono_1,Mono_1,Mono_2,Mono_1,Mono_1,Mono_1,Mono_1
Run4_235737665432988,Ery_2,Mega,Ery_1,Mega,Mega,Mega,Ery_2,Ery_1
Run4_235737666173734,DCs,DCs,Mono_1,DCs,Mono_2,Mono_1,DCs,DCs
Run4_235737680039277,Ery_1,DCs,DCs,DCs,DCs,DCs,DCs,DCs
Run4_235737680136565,Ery_2,Ery_1,Ery_2,Ery_2,Ery_2,Ery_2,Ery_2,Ery_1
Run4_235737692882789,DCs,Mega,DCs,DCs,Precursors,Ery_1,DCs,Mega
Run4_235737692953885,Ery_1,DCs,Ery_2,DCs,Mono_1,Ery_2,DCs,DCs
Run4_235763060030707,Ery_2,Mega,Ery_2,Mega,Mega,Ery_2,Ery_1,Ery_2
Run4_235763078646708,Mono_2,DCs,DCs,DCs,DCs,DCs,DCs,DCs
Run4_235763078969779,DCs,DCs,DCs,DCs,DCs,DCs,DCs,DCs
Run4_235763079474548,Ery_2,Ery_1,Ery_2,Ery_2,Ery_2,Ery_2,Ery_2,Ery_1
Run4_236082068347620,Mono_1,Mono_1,Mono_1,DCs,Mono_1,DCs,Mono_1,Mono_1
Run4_236082068646812,Mono_2,DCs,DCs,DCs,Ery_2,DCs,Mega,Mega
Run4_236082095839094,DCs,DCs,DCs,DCs,Mono_1,DCs,DCs,DCs
Run4_236082114522339,DCs,DCs,DCs,DCs,DCs,DCs,DCs,DCs
Run4_236167176797429,DCs,DCs,Ery_2,Mega,Mega,Mega,Mega,Mega
Run4_236167177038253,Mono_2,DCs,DCs,DCs,Mono_1,Ery_2,Mega,DCs
Run4_236167177394595,Mono_1,Mono_1,Mono_1,DCs,Mono_1,Mono_1,Mono_1,Mono_1
Run4_236167189903659,Mono_2,Mono_1,Mono_1,DCs,Mono_1,Mono_1,Mono_1,Mono_1
Run4_236167190243123,DCs,DCs,DCs,DCs,DCs,DCs,DCs,DCs
Run4_236167209045339,Mono_1,DCs,Mono_1,DCs,Mono_1,DCs,DCs,DCs
Run4_236169980959019,Mono_2,DCs,DCs,DCs,DCs,Mono_1,DCs,DCs
Run4_236169995410141,Mono_2,DCs,DCs,DCs,DCs,DCs,DCs,DCs
Run4_236169995958515,Mono_1,Mono_1,Mono_1,Mono_2,Mono_1,Mono_1,Mono_1,Mono_1
Run4_236175617813726,DCs,DCs,Mega,Mega,Mono_2,Mega,Ery_2,Mega
Run4_236175618128299,Mono_2,DCs,Mega,Ery_2,Ery_1,Mega,Mega,Mega
Run4_236175618620203,Ery_1,Mega,Ery_2,Ery_2,Ery_2,Ery_2,DCs,Ery_1
Run4_236175664264997,Ery_2,Ery_2,Ery_2,Ery_2,Ery_2,Ery_2,Ery_2,Ery_1
Run4_236176853395803,Ery_2,Ery_2,Ery_2,Ery_2,Ery_2,Ery_2,Ery_2,Ery_1
Run4_236176853548387,Mono_1,Mono_1,Mono_1,Mono_1,Mono_1,Mono_1,Mono_1,Mono_1
Run4_236176853810421,DCs,DCs,DCs,DCs,DCs,DCs,DCs,DCs
Run4_236177524144878,Ery_2,Ery_1,Ery_2,Ery_2,Ery_2,Ery_2,Ery_2,Ery_1
Run4_236221669165997,Mono_2,Mono_1,Mono_1,DCs,Mono_2,Mono_1,Mono_2,DCs
Run4_236221670050523,Mono_1,Mono_2,Mono_1,DCs,Mono_1,DCs,Mono_1,DCs
Run4_236221682007389,Mono_1,Mono_1,Mono_1,DCs,Mono_1,Mono_1,Mono_1,Mono_1
Run4_236221682543326,Mono_2,DCs,DCs,DCs,Mega,DCs,Mega,Mega
Run4_236221701241564,Mono_2,DCs,DCs,DCs,Mono_1,DCs,Mono_1,DCs
Run4_236288387959652,DCs,DCs,Ery_2,Mega,Mega,DCs,Mega,Mono_1
Run4_236288388229470,DCs,DCs,DCs,DCs,Mono_1,DCs,Mono_1,DCs
Run4_236633986353573,Ery_1,DCs,Mono_1,HSC_2,Mega,DCs,DCs,DCs
Run4_236633999137206,Ery_2,Ery_2,Ery_2,Ery_2,Ery_2,Ery_2,Ery_2,Ery_2
Run4_236634017773430,Mega,Mega,Ery_1,Ery_2,Ery_2,Ery_2,Ery_2,Ery_1
Run4_236634018002741,DCs,DCs,DCs,DCs,DCs,DCs,DCs,DCs
Run4_236639608782067,DCs,DCs,DCs,DCs,DCs,DCs,DCs,DCs
Run4_236639608818485,Mono_1,Mono_1,Mono_1,Mono_2,Mono_1,Mono_1,Mono_1,Mono_1
Run4_236639623530278,Ery_2,Ery_1,Ery_1,Ery_2,Ery_2,Ery_1,Ery_2,Ery_1
Run4_236639636540830,DCs,DCs,DCs,DCs,Mono_1,DCs,DCs,DCs
Run4_236639655151397,Mono_1,Mono_1,Mono_1,Mono_2,Mono_1,Mono_1,Mono_1,Mono_1
Run4_236639655456116,Mono_1,Mono_1,DCs,DCs,Mono_1,DCs,Mono_2,Mono_1
Run4_236650077998446,Ery_2,DCs,Ery_1,Ery_2,Ery_2,Ery_2,Ery_2,Ery_1
Run4_236650092449187,DCs,DCs,DCs,DCs,DCs,DCs,DCs,DCs
Run4_236650105264556,Ery_2,Ery_2,Ery_2,Ery_2,Ery_2,Ery_2,Ery_2,Ery_2
Run4_236650123947235,Ery_2,Ery_1,Ery_2,Ery_2,Ery_2,Ery_2,Ery_2,Ery_2
Run4_236650124458796,DCs,DCs,DCs,DCs,DCs,DCs,DCs,DCs
Run4_236768055152038,DCs,Mono_1,DCs,DCs,DCs,DCs,DCs,DCs
Run4_236768070092718,Mono_1,DCs,DCs,DCs,Mono_2,DCs,Mono_2,DCs
Run4_236768082417451,Ery_2,Ery_2,Ery_2,Ery_2,Ery_2,Ery_2,Ery_2,Ery_2
Run4_236768082685221,Mono_2,DCs,DCs,DCs,Mono_2,Mono_1,Mono_1,DCs
Run4_236768101062563,DCs,DCs,DCs,DCs,DCs,DCs,DCs,DCs
Run4_236768101619636,Ery_1,Mega,DCs,DCs,Mega,DCs,Ery_1,DCs
Run4_236768101816741,DCs,DCs,DCs,DCs,DCs,DCs,DCs,DCs
Run4_236785368976621,DCs,DCs,Ery_2,DCs,DCs,Mega,DCs,DCs
Run4_236785369770718,DCs,Mega,DCs,DCs,Mega,Mega,Mega,Mono_1
Run4_236785384245085,Mega,Mega,Mega,Mega,Mono_1,Mega,Mega,Mega
Run4_236785384406389,Ery_2,Mono_1,Ery_2,Mega,Ery_2,Ery_2,Ery_2,Ery_1
Run4_236785397020917,Mono_1,Mono_1,Mono_1,DCs,Mono_1,Mono_1,Mono_1,Mono_1
Run4_236785397033390,Ery_2,DCs,DCs,DCs,DCs,DCs,DCs,DCs
Run4_236785415612150,DCs,DCs,DCs,DCs,DCs,DCs,Mono_1,DCs
Run4_236785415678748,Mono_2,Mono_2,Mono_1,DCs,Mono_1,Mono_1,Mono_1,Mono_1
Run4_236846706449244,Mono_2,DCs,DCs,DCs,DCs,Mono_1,DCs,Mono_1
Run4_236846706805478,Mono_1,Mono_1,Mono_1,DCs,Mono_2,Mono_1,Mono_1,Mono_1
Run4_236846721452453,DCs,DCs,DCs,DCs,Mega,DCs,Mega,Mono_1
Run4_236846721911139,DCs,Mono_1,DCs,DCs,DCs,Mono_1,Mono_2,Mono_1
Run4_236846752652084,Mono_1,Mono_1,Mono_1,DCs,Mono_1,Mono_1,Mono_1,Mono_1
Run4_239382616197555,DCs,DCs,DCs,DCs,DCs,DCs,Mono_2,DCs
Run4_239382644254966,DCs,Mega,DCs,Mega,Mega,Ery_2,DCs,DCs
Run4_239382662335347,Ery_2,Mega,Ery_1,Ery_2,Ery_2,Ery_1,Ery_2,Ery_1
Run4_239382662691758,DCs,DCs,DCs,DCs,DCs,DCs,DCs,DCs
Run4_239391474863531,DCs,DCs,DCs,DCs,Ery_1,DCs,Mono_2,DCs
Run4_239391474933020,Mono_2,DCs,DCs,DCs,DCs,DCs,Mega,DCs
Run4_239391489345902,DCs,DCs,DCs,DCs,Mono_1,Precursors,DCs,Mono_2
Run4_239391489538413,Ery_1,DCs,Ery_2,DCs,Ery_1,Ery_1,Ery_1,Mono_1
Run4_239391501925212,Mono_2,DCs,DCs,DCs,Mono_1,DCs,DCs,DCs
Run4_239391502362910,Mono_2,DCs,DCs,DCs,DCs,DCs,DCs,Mono_2
Run4_239391502653292,DCs,DCs,DCs,DCs,Mono_1,DCs,Mono_2,Mono_1
Run4_239391520811883,DCs,Mono_1,DCs,DCs,DCs,DCs,DCs,DCs
Run4_239391521295708,Ery_2,Mega,Ery_2,Ery_2,Ery_2,Ery_2,Ery_2,Ery_1
Run4_239391521495341,Ery_2,Ery_2,Ery_2,Ery_2,Ery_2,Ery_2,Ery_2,Ery_1
Run4_239391521519406,Mega,Mega,Mega,Mega,Mega,DCs,Mega,Mega
Run4_239407461484389,Mono_1,Mono_1,Mono_1,DCs,Mono_1,Mono_1,Mono_1,Mono_1
Run4_239407461717724,DCs,DCs,DCs,DCs,Mono_1,DCs,HSC_2,DCs
Run4_239407461779307,Mono_1,Mono_1,Mono_2,Mono_2,Mono_1,Mono_1,Mono_1,Mono_1
Run4_239407461947620,Ery_2,Ery_2,Ery_2,Ery_2,Ery_2,Ery_2,Ery_2,Ery_2
Run4_239407492937629,DCs,DCs,DCs,DCs,Mega,Mega,Mega,Mega
Run4_239407493430701,Ery_2,Mega,Ery_2,Ery_2,Ery_2,Ery_2,Ery_2,Ery_1
Run4_239407493441893,Mega,Mega,DCs,DCs,Mega,Mega,Mega,DCs
Run4_239408788924251,DCs,DCs,DCs,DCs,Mono_1,DCs,Mono_1,DCs
Run4_239408789023988,Ery_2,DCs,DCs,DCs,Mono_1,DCs,DCs,DCs
Run4_239408816184030,DCs,Mono_1,Mono_1,DCs,Mono_2,DCs,Mono_1,DCs
Run4_239408816252708,DCs,DCs,DCs,DCs,DCs,DCs,DCs,DCs
Run4_239408816449379,Mono_2,Mono_1,Mono_1,DCs,Mono_1,Mono_1,DCs,Mono_1
Run4_239408816547691,Ery_1,DCs,DCs,DCs,Mega,Ery_1,Mega,DCs
Run4_239448248936886,Ery_2,Ery_2,Ery_2,Ery_2,Ery_2,Ery_2,Ery_2,Ery_1
Run4_239448264232307,Mega,DCs,Ery_1,DCs,DCs,Ery_1,Mega,Mega
Run4_239448275970990,Ery_2,Ery_2,Ery_2,Ery_2,Ery_2,Ery_2,Ery_2,Ery_1
Run4_239448294837661,Mono_2,DCs,DCs,DCs,Mono_2,DCs,Mono_2,Mono_2
Run4_239448294906718,Mono_2,DCs,Ery_1,Mega,Mega,Mega,Mega,Ery_2
Run4_239458061794148,DCs,HSC_1,DCs,DCs,Mega,DCs,DCs,DCs
Run4_239458073925534,DCs,DCs,DCs,DCs,DCs,DCs,DCs,DCs
Run4_239458074117941,DCs,DCs,DCs,DCs,Ery_1,DCs,DCs,DCs
Run4_239458093317548,Ery_1,Mega,Ery_2,Ery_2,Ery_2,Mega,Ery_2,Ery_1
Run4_239468515612445,Mono_1,Mono_1,Mono_1,Mono_2,Mono_1,Mono_1,Mono_1,Mono_1
Run4_239468515839403,Mono_2,DCs,DCs,DCs,DCs,DCs,DCs,DCs
Run4_239468516337884,DCs,DCs,DCs,DCs,DCs,DCs,DCs,DCs
Run4_239468543600948,Mono_1,Mono_1,Mono_1,DCs,Mono_1,Mono_1,Mono_1,Mono_1
Run4_239468561943923,Mono_1,DCs,DCs,DCs,DCs,DCs,DCs,DCs
Run4_239475375659437,Ery_1,Mega,Ery_2,Ery_2,Ery_2,Ery_2,Ery_2,Ery_1
Run4_239475375855332,Ery_2,DCs,Ery_2,DCs,Mega,Ery_2,Ery_2,Ery_1
Run4_239475387980214,Ery_2,Ery_2,Ery_2,Ery_2,Ery_2,Ery_2,Ery_2,Ery_2
Run4_239475407076779,DCs,DCs,DCs,DCs,Mono_1,DCs,DCs,DCs
Run4_239475407608229,Ery_1,Mega,DCs,Mega,Ery_1,Mega,Mega,Mega
Run4_239477239736227,Mono_2,Mono_1,Mono_2,DCs,Mono_1,Mono_1,Mono_1,Mono_2
Run4_239477239790380,Mono_2,DCs,DCs,DCs,DCs,DCs,Mega,DCs
Run4_239477240318259,Ery_1,Ery_1,Ery_2,Ery_2,Ery_2,Ery_1,Ery_1,Ery_1
Run4_239477267293988,Ery_1,Mega,Ery_2,Mega,Mega,Mega,Ery_2,Ery_2
Run4_239477286398693,Ery_2,DCs,Ery_2,Ery_2,Ery_2,Ery_2,Ery_2,Ery_1
Run4_239587835722524,Ery_2,DCs,DCs,DCs,DCs,DCs,DCs,DCs
Run4_239587862722406,Mono_1,DCs,Mega,DCs,Mega,Mega,Mega,Mega
Run4_239587881282845,Mono_2,DCs,Mono_1,DCs,DCs,DCs,Mono_2,DCs
Run4_239596291349302,DCs,DCs,DCs,DCs,DCs,DCs,DCs,DCs
Run4_239596291410229,DCs,DCs,DCs,DCs,DCs,DCs,DCs,DCs
Run4_239596291700573,DCs,DCs,DCs,DCs,DCs,DCs,DCs,DCs
Run4_239596318123878,DCs,DCs,Mega,Ery_2,Mono_1,Ery_1,DCs,Mega
Run4_239596318186406,Mono_1,DCs,DCs,DCs,Mono_1,DCs,DCs,DCs
Run4_239596336999349,Mega,DCs,DCs,DCs,Mega,Precursors,Mega,Mega
Run4_239596337477429,Ery_1,DCs,Ery_2,HSC_2,Ery_2,DCs,Ery_2,Mega
Run4_239932640507627,Mono_1,Mono_1,Mono_1,DCs,Mono_2,Mono_1,Mono_1,Mono_1
Run4_239932640774965,Mono_1,Mono_1,Mono_1,Mono_1,Mono_1,Mono_1,Mono_1,Mono_1
Run4_239932655712989,Ery_2,Mega,DCs,Mega,Mega,Ery_1,DCs,Ery_1
Run4_239932656020260,Mono_1,Mono_1,Mono_2,DCs,Mono_1,Mono_1,Mono_1,Mono_1
Run4_239932686654246,Ery_2,Mega,Mega,Mega,Mega,Mega,Ery_2,Mega
Run4_239946733313451,Mega,Mega,Mega,Mega,Mega,Mega,Mega,Mega
Run4_239946733644571,Mega,Mega,Ery_2,Ery_2,Ery_2,Ery_2,Ery_2,Ery_1
Run4_239946779966749,Mono_1,Mono_1,Mono_1,DCs,Mono_1,Mono_1,Mono_1,Mono_1
Run4_240001494408486,DCs,DCs,DCs,DCs,DCs,DCs,DCs,DCs
Run4_240001494505773,HSC_2,DCs,DCs,DCs,Mega,Ery_2,Mega,Mono_2
Run4_240001494992669,Ery_2,Ery_2,Ery_2,Ery_2,Ery_2,Ery_2,Ery_2,Ery_1
Run4_240001509710564,Mono_2,Mono_1,Mono_1,DCs,Mono_2,DCs,Mono_1,DCs
Run4_240001540545315,Ery_2,Mega,Ery_1,Ery_2,Ery_2,Ery_2,Ery_1,Ery_1
Run4_240001540865374,Mono_2,Mono_1,Mono_1,DCs,Mono_1,Mono_1,Mono_1,Mono_1
Run4_240094655987107,DCs,DCs,DCs,DCs,Mega,Ery_2,DCs,DCs
Run4_240136785906405,Ery_2,Mega,Ery_2,Ery_2,Ery_2,Ery_2,Ery_2,Ery_1
Run4_240136786165171,DCs,DCs,DCs,DCs,DCs,DCs,DCs,Mono_1
Run4_240136800851756,DCs,DCs,Ery_1,DCs,Mega,Precursors,DCs,Mono_2
Run4_240136800909740,Ery_2,Mega,Ery_2,Ery_2,Ery_2,Ery_2,Ery_2,Ery_1
Run4_240136812879133,Mono_1,Mono_1,Mono_1,Ery_2,Mono_1,Mono_1,Mono_1,Mono_1
Run4_240136813497061,Mono_1,Mono_1,Mono_1,DCs,Mono_1,Mono_1,Mono_1,Mono_1
Run4_240136813497564,Mono_1,DCs,Mono_1,DCs,Mono_2,DCs,Mono_2,DCs
Run4_240136832019750,Mono_1,Mono_1,Mono_1,Mono_2,Mono_1,Mono_1,Mono_2,Mono_1
Run4_240154771568436,Ery_1,Mega,Ery_2,Ery_2,Mega,Mega,Ery_1,Ery_1
Run4_240154786032948,Ery_1,Ery_1,Ery_2,Ery_2,Ery_2,Ery_2,Ery_1,Ery_1
Run4_240154798156084,Ery_2,Ery_2,Ery_2,Ery_2,Ery_2,Ery_2,Ery_2,Ery_2
Run4_240154798308595,Ery_2,Ery_2,Ery_2,Ery_2,Ery_2,Ery_2,Ery_2,Ery_2
Run4_240154817260317,DCs,DCs,Ery_2,DCs,Ery_2,DCs,Mono_2,Ery_1
Run4_240161213593374,Mono_1,Mono_1,Mono_1,DCs,Mono_1,Mono_1,Mono_1,Mono_1
Run4_240161214053163,DCs,DCs,DCs,DCs,DCs,DCs,DCs,DCs
Run4_240161214084979,Mono_2,DCs,Ery_2,DCs,Mono_1,Mega,DCs,Ery_2
Run4_240161240857894,Ery_2,Ery_1,Ery_2,Ery_2,Ery_2,Ery_2,Ery_2,Ery_1
Run4_240161259907484,Mono_1,Mega,Mega,Mega,Mega,Mono_1,Mega,Mega
Run4_240161259997029,Mono_1,Mono_1,Mono_1,DCs,Mono_1,Mono_1,Mono_1,Mono_1
Run4_240161260226844,Ery_2,Ery_2,Ery_2,Ery_2,Ery_2,Ery_2,Ery_2,Ery_2
Run4_240482289609438,Mono_2,DCs,DCs,DCs,Mono_2,DCs,DCs,DCs
Run4_240482290165987,Ery_1,Mega,Mega,Ery_2,Ery_2,Ery_2,Ery_2,Ery_1
Run4_240482308994988,DCs,DCs,DCs,DCs,DCs,DCs,DCs,DCs
Run4_240490717760924,Ery_2,DCs,DCs,DCs,Mega,DCs,DCs,DCs
Run4_240490717820773,Ery_1,DCs,DCs,DCs,Mega,DCs,DCs,DCs
Run4_240490732735862,DCs,DCs,DCs,DCs,Mono_2,DCs,DCs,DCs
Run4_240490745285349,Mono_2,DCs,DCs,DCs,DCs,DCs,DCs,DCs
Run4_240490764253030,DCs,DCs,DCs,DCs,Mono_2,Mono_1,Mono_2,DCs
Run4_240490764462491,Ery_2,Ery_2,Ery_2,Ery_2,Ery_2,Ery_2,Ery_2,Ery_2
Run4_240498368268597,Mono_2,DCs,DCs,DCs,DCs,DCs,Mono_2,DCs
Run4_240498382920478,Mono_2,Mono_1,DCs,DCs,Mono_2,DCs,DCs,DCs
Run4_240498383121180,Ery_2,DCs,DCs,DCs,Mega,Ery_2,Mega,Mono_1
Run4_240498383218477,DCs,DCs,DCs,DCs,DCs,DCs,DCs,Mono_2
Run4_240498396326708,Mono_2,Mono_2,Mono_1,DCs,Mono_1,Mono_1,Mono_1,Mono_2
Run4_240498414410590,Ery_2,Ery_2,Ery_2,Ery_2,Ery_2,Ery_2,Ery_2,Ery_2
Run4_240498415159580,Mono_2,Mono_1,Mono_1,DCs,Mono_1,DCs,Mono_1,Mono_2
Run4_240617715783924,DCs,Mono_1,Mega,DCs,Mega,Mega,DCs,Mono_2
Run4_240617715787484,DCs,DCs,DCs,DCs,DCs,DCs,DCs,DCs
Run4_240617715789107,DCs,Mega,Mono_2,Mega,Mega,Mega,Mono_1,Mono_1
Run4_240617715844843,Mono_1,Mono_1,Mono_1,Mono_1,Mono_1,Mega,Ery_2,Ery_1
Run4_240617733970350,DCs,HSC_1,DCs,DCs,Mono_2,DCs,Mega,DCs
Run4_240617734485933,Mono_1,Mono_1,Mono_1,DCs,Mono_1,Mono_1,Mono_1,Mono_1
Run4_240617734760222,DCs,DCs,DCs,DCs,Mono_1,DCs,DCs,DCs
Run4_240634599754012,DCs,DCs,Ery_2,Mono_2,Precursors,Ery_2,Ery_2,Ery_2
Run4_240634599982955,Mono_1,Mono_2,Mono_2,DCs,Mono_1,Mono_1,Mono_1,Mono_2
Run4_240634614659956,DCs,DCs,Ery_2,DCs,Mono_1,DCs,DCs,DCs
Run4_240634614668702,Mono_1,Mono_1,Ery_2,DCs,Mono_1,DCs,Mono_2,Mono_1
Run4_240634645371700,DCs,DCs,DCs,DCs,DCs,DCs,DCs,DCs
Run4_240634645822899,Ery_2,Mega,Mono_1,DCs,Ery_2,Ery_2,Ery_2,Mega
Run4_241057653536611,Ery_2,Ery_1,Ery_2,Ery_2,Ery_2,Ery_2,Ery_2,Ery_1
Run4_241057654323483,DCs,DCs,DCs,DCs,DCs,DCs,DCs,DCs
Run4_241057668492131,Mono_1,DCs,DCs,DCs,DCs,DCs,DCs,DCs
Run4_241057668974364,DCs,DCs,DCs,DCs,DCs,DCs,Mono_1,DCs
Run4_241057669011371,DCs,DCs,DCs,DCs,Mono_1,Mega,Ery_2,Mono_1
Run4_241098858289510,Mono_2,DCs,DCs,DCs,DCs,DCs,DCs,DCs
Run4_241098885589861,Ery_2,DCs,DCs,DCs,Mega,DCs,Mega,Mono_1
Run4_241098885643547,DCs,DCs,DCs,DCs,Mega,DCs,DCs,Mono_1
Run4_241098904464669,Mono_2,DCs,DCs,DCs,Mono_2,DCs,DCs,DCs
Run4_241098904759198,Mono_2,Mono_2,Mono_2,DCs,Mono_1,Mono_1,Mono_1,Mono_1
Run4_241098904779638,Mono_2,Mono_1,DCs,DCs,Mono_2,DCs,Mono_2,Mono_1
Run4_241098904946547,DCs,DCs,Ery_2,Mega,DCs,Ery_1,Mega,Mega
Run4_241098904988574,Ery_2,Ery_2,Ery_2,Ery_2,Ery_2,Ery_2,Ery_2,Ery_2
Run4_241098905012469,DCs,DCs,Mono_1,DCs,Mono_1,Mono_1,DCs,DCs
Run4_241106374478774,Mega,Mono_2,DCs,Mega,Mega,Mega,DCs,Ery_2
Run4_241106374543091,Ery_2,Ery_1,Ery_1,Ery_2,Ery_2,Ery_2,Ery_2,Ery_1
Run4_241106374833950,Mono_1,Mono_1,Mono_1,DCs,Mono_1,Mono_1,Mono_1,Mono_1
Run4_241106389482733,Ery_2,Mono_1,Ery_2,Ery_2,Ery_2,Mega,Mega,Mega
Run4_241106402073885,DCs,DCs,DCs,DCs,DCs,DCs,DCs,DCs
Run4_241106402302811,Mono_2,Mono_2,Mono_1,DCs,Mono_1,Mono_1,Mono_1,Mono_1
Run4_241106420656499,Mono_1,Mono_1,Mono_1,DCs,Mono_1,Mono_1,Mono_1,Mono_1
Run4_241106420979955,Mono_2,DCs,DCs,DCs,DCs,DCs,DCs,DCs
Run4_241106421495646,Ery_1,DCs,DCs,DCs,Ery_2,Precursors,DCs,DCs
Run4_241114561763102,Ery_2,Mega,Ery_2,Ery_2,Mega,Mega,Ery_2,Ery_1
Run4_241114562055595,DCs,DCs,DCs,DCs,DCs,DCs,DCs,DCs
Run4_241114562353500,Ery_1,DCs,Ery_2,Mega,Mega,Ery_1,Mega,Mega
Run4_241114577324899,Ery_1,DCs,DCs,Mega,Mega,Mono_1,Mega,Mega
Run5_120703409055966,Mono_2,Mono_1,Mono_2,DCs,DCs,Ery_1,Mono_2,DCs
Run5_120703409371893,Mega,Mono_1,Mega,Mono_2,Ery_2,DCs,DCs,Mega
Run5_120703409670492,DCs,DCs,DCs,DCs,Mega,Mono_1,DCs,DCs
Run5_120703424261541,Mono_2,Precursors,DCs,DCs,Ery_2,Precursors,DCs,DCs
Run5_120703436076958,Mono_2,DCs,DCs,DCs,DCs,DCs,DCs,Mono_1
Run5_120703436077806,Mono_2,DCs,DCs,DCs,DCs,DCs,Mono_1,DCs
Run5_120703436315358,Mono_2,DCs,DCs,DCs,Mono_1,DCs,DCs,DCs
Run5_120703436634533,DCs,DCs,DCs,DCs,Ery_2,DCs,DCs,Mega
Run5_120703455284661,Ery_2,Ery_2,Ery_1,Ery_2,Ery_2,Ery_2,Ery_2,Ery_1
Run5_120726896917916,Mono_1,Mono_1,Mono_1,Mega,Ery_1,DCs,DCs,Mono_1
Run5_120726897153838,Mono_2,Mono_2,Mono_1,DCs,DCs,Mono_1,Mono_2,DCs
Run5_120726911838637,Ery_2,Mega,Ery_2,Ery_2,Ery_2,Ery_2,Ery_2,Ery_1
Run5_120726912097574,Precursors,Mono_1,DCs,DCs,DCs,DCs,DCs,DCs
Run5_120726924213467,Mono_2,DCs,DCs,DCs,DCs,DCs,DCs,DCs
Run5_120726924413669,Ery_2,Mega,Mega,Ery_2,Ery_2,Mega,Mega,Ery_1
Run5_120726924977910,Ery_2,Ery_2,Ery_2,Ery_2,Ery_2,Ery_2,Ery_2,Ery_1
Run5_120726943086438,Ery_2,Mega,Mega,Mega,Ery_2,Mega,Ery_2,Ery_1
Run5_120726943917854,Mono_2,Mono_1,DCs,DCs,Mono_1,DCs,Mono_2,DCs
Run5_120772934200044,Ery_2,Mega,Ery_2,Ery_2,Ery_2,Ery_2,Ery_2,Ery_2
Run5_120772934350750,DCs,Mega,DCs,DCs,Mega,DCs,DCs,Mega
Run5_120772934416750,Mono_2,DCs,DCs,DCs,Mono_1,DCs,DCs,DCs
Run5_120772948867435,DCs,DCs,DCs,DCs,Mono_1,DCs,Mono_1,DCs
Run5_120772960864605,DCs,DCs,DCs,DCs,Mono_1,Mega,DCs,DCs
Run5_120772979780518,DCs,DCs,DCs,DCs,Mono_1,DCs,DCs,DCs
Run5_120786758256557,Ery_2,DCs,Ery_2,Ery_2,Ery_2,Ery_2,Ery_1,Ery_1
Run5_120786758818036,HSC_2,DCs,DCs,DCs,DCs,DCs,DCs,DCs
Run5_120786773235500,DCs,DCs,DCs,DCs,Mono_2,DCs,DCs,DCs
Run5_120786785586020,Mono_1,DCs,DCs,DCs,Mono_1,DCs,Mono_2,DCs
Run5_120786804751086,DCs,Mono_2,Ery_2,DCs,Mega,DCs,DCs,DCs
Run5_120786804947820,Ery_2,Mono_1,DCs,DCs,Mono_1,Mono_2,Mega,DCs
Run5_120786804955499,Mono_2,DCs,DCs,DCs,Ery_1,Mega,DCs,Mega
Run5_120786805020899,Mono_2,DCs,DCs,DCs,DCs,DCs,DCs,DCs
Run5_120797898435828,Mono_2,DCs,DCs,DCs,DCs,DCs,DCs,DCs
Run5_120797913606068,Mono_2,DCs,DCs,DCs,Mega,Ery_2,Mega,DCs
Run5_120797925600163,Mono_2,DCs,DCs,DCs,DCs,DCs,DCs,DCs
Run5_120797925926836,Ery_2,Mega,Ery_2,Ery_2,Ery_2,Ery_2,Ery_2,Ery_2
Run5_120797944303027,Mono_2,DCs,DCs,DCs,Mega,Ery_1,Mega,DCs
Run5_120864484738990,Mono_1,Mega,Ery_2,DCs,Ery_1,DCs,Mono_1,Mono_1
Run5_120864485064043,Mono_2,DCs,Mono_1,DCs,Mono_2,Mono_1,Mono_2,DCs
Run5_120864485521653,Mono_1,DCs,Mono_1,DCs,DCs,Mono_1,Mono_2,DCs
Run5_120864497616693,Mono_1,Mono_1,Mono_1,DCs,Mono_1,Mono_1,Mono_1,Mono_1
Run5_120864497875243,HSC_2,DCs,DCs,DCs,Ery_1,DCs,DCs,DCs
Run5_120864516193581,Mono_1,Mono_2,Mono_1,HSC_2,Mono_1,DCs,Mono_1,Ery_1
Run5_120864516291955,Mono_1,Mono_1,Mono_1,DCs,Mono_1,Mono_1,Mono_1,Mono_1
Run5_121202311282076,Mono_2,DCs,DCs,DCs,DCs,DCs,DCs,Mono_1
Run5_121202323438875,Mono_2,Mono_1,Mono_1,DCs,DCs,DCs,Mono_1,Mono_1
Run5_121202342312796,Mono_1,Mono_1,Mono_1,DCs,Mono_2,Mono_1,Mono_1,Mono_1
Run5_121202342811869,Ery_1,Mega,Ery_1,Ery_2,Ery_2,Ery_2,Ery_2,Ery_1
Run5_121276786920878,Mono_2,DCs,DCs,DCs,DCs,DCs,Mono_2,DCs
Run5_121276786923948,Ery_2,Ery_2,Ery_2,Ery_2,Ery_2,Ery_2,Ery_2,Ery_1
Run5_121276814514598,DCs,DCs,DCs,DCs,Precursors,DCs,DCs,DCs
Run5_121276814519541,Mono_2,DCs,Mono_1,DCs,DCs,DCs,DCs,DCs
Run5_121276833328422,DCs,DCs,HSC_1,DCs,Ery_1,Ery_1,Mega,DCs
Run5_121276833385781,Mono_2,DCs,DCs,DCs,DCs,DCs,DCs,DCs
Run5_121319736597797,Mono_1,DCs,DCs,DCs,DCs,DCs,DCs,DCs
Run5_121319736923940,HSC_2,DCs,DCs,DCs,DCs,DCs,DCs,DCs
Run5_121319737112438,Mono_1,Mega,DCs,Mega,DCs,Mono_1,Mono_1,Ery_2
Run5_121319737121187,Ery_2,Ery_2,Ery_2,Ery_2,Ery_2,Ery_2,Ery_2,Ery_1
Run5_121319737121636,Mono_1,Mono_1,Mono_1,DCs,Mono_1,Mono_1,Mono_1,Mono_1
Run5_121319737145700,Ery_2,Mega,Ery_1,Ery_2,Ery_2,Ery_2,Ery_2,Ery_1
Run5_121319763884782,Mono_2,Mono_1,DCs,Mono_2,DCs,HSC_2,Mono_1,DCs
Run5_121319764187558,DCs,DCs,DCs,DCs,Mono_1,DCs,DCs,Mono_1
Run5_121319764642219,Mono_1,DCs,Mono_1,DCs,DCs,DCs,Mono_1,DCs
Run5_121319782766886,Mono_2,DCs,DCs,DCs,DCs,DCs,DCs,DCs
Run5_121319783321011,Ery_2,Ery_2,Ery_2,Ery_2,Ery_2,Ery_2,Ery_2,Ery_2
Run5_121337990199718,Mono_1,Mono_1,Mono_1,DCs,Mono_1,Ery_1,DCs,Mono_1
Run5_121338004945780,DCs,DCs,DCs,DCs,Ery_2,DCs,DCs,DCs
Run5_121338017528694,Mono_2,DCs,DCs,DCs,Mono_2,Mega,DCs,DCs
Run5_121338017831203,Mono_1,Mono_2,Mono_1,Mono_2,Mono_2,Mono_1,Mono_1,Mono_2
Run5_121338018085238,HSC_2,DCs,DCs,DCs,DCs,DCs,DCs,Mono_1
Run5_121339869612342,Ery_2,Ery_1,Ery_2,Ery_2,Ery_2,Ery_2,Ery_2,Ery_1
Run5_121339884498228,DCs,Mono_1,Mega,Mega,Mega,Mono_1,Mega,Mega
Run5_121339884563677,Mono_1,Mono_1,Mono_1,DCs,Mono_1,Mono_1,Mono_1,Mono_1
Run5_121339897399643,HSC_2,DCs,Ery_2,DCs,HSC_2,HSC_1,Mega,Mega
Run5_121339915492150,Ery_2,Ery_1,Ery_2,Ery_2,Ery_2,Ery_2,Ery_2,Ery_1
Run5_121339916245221,Mega,Mega,Mega,Mega,Mega,Mega,Mega,Mega
Run5_121742657219428,DCs,DCs,DCs,DCs,Mono_1,DCs,Mono_1,Mega
Run5_121742657501043,Ery_2,Mega,Ery_2,Ery_2,Ery_2,Ery_2,Ery_2,Ery_1
Run5_121742671894326,Ery_2,Ery_2,Ery_2,Ery_2,Ery_2,Ery_2,Ery_2,Ery_1
Run5_121742684023020,Mono_1,Mono_1,Mono_1,DCs,Mono_1,Mono_1,Mono_1,Mono_1
Run5_121742684769518,Mono_2,Mono_1,Mono_1,DCs,Mono_1,Mono_1,Mono_1,DCs
Run5_121812450659110,DCs,DCs,Mono_1,DCs,Mono_1,Mono_1,DCs,Mono_1
Run5_121812464553396,Ery_2,Ery_1,Ery_2,Ery_2,Ery_2,Ery_2,Ery_2,Ery_2
Run5_121812464851246,Mono_2,Mega,HSC_1,Ery_2,Ery_1,Mono_1,Mono_2,DCs
Run5_121812477929373,Mono_1,DCs,DCs,DCs,DCs,Mono_1,DCs,DCs
Run5_121826140077470,Ery_2,Mega,Ery_2,Ery_2,Ery_2,Mega,Ery_2,Ery_1
Run5_121826140122412,Mono_1,Mono_1,Mono_1,Mono_2,Mono_1,Mono_1,Mono_1,Mono_1
Run5_121826140415902,Ery_2,Ery_1,Ery_2,Ery_2,Ery_2,Ery_2,Ery_2,Ery_1
Run5_121826140605285,Mono_1,DCs,DCs,DCs,Mega,DCs,Ery_1,DCs
Run5_121826155117419,Mono_1,Mono_1,Mono_1,DCs,Mono_1,Mono_1,Mono_1,Mono_2
Run5_121826155648939,Ery_2,Mega,Ery_2,Ery_2,Ery_2,Ery_2,Ery_2,Ery_1
Run5_121826167613876,Mono_2,DCs,DCs,DCs,DCs,DCs,DCs,DCs
Run5_121826168137643,Mega,DCs,Ery_2,DCs,Mega,Ery_2,Mega,HSC_2
Run5_121826168162659,Mega,Mega,Mega,Mega,Mega,Mega,Mega,Mega
Run5_121826186283356,Mono_1,Mono_1,Mono_2,DCs,Mono_1,Mono_1,Mono_1,Mono_1
Run5_121826186488667,DCs,DCs,DCs,DCs,Mega,DCs,DCs,DCs
Run5_121879156156142,Mono_2,DCs,DCs,HSC_2,Mono_1,DCs,Mono_1,Mono_1
Run5_121879156602669,DCs,DCs,DCs,DCs,DCs,DCs,DCs,HSC_2
Run5_121879183874779,Mono_1,Mono_1,Mono_1,DCs,Mono_1,Mono_1,Mono_1,Mono_1
Run5_121879183911859,Mono_2,DCs,DCs,DCs,DCs,DCs,DCs,DCs
Run5_121896083017067,Ery_2,Ery_2,Ery_1,Ery_2,Ery_2,Ery_2,Ery_2,Ery_2
Run5_121896094784430,Mono_2,DCs,DCs,DCs,DCs,DCs,DCs,DCs
Run5_121896094844654,Mono_1,Mono_1,Mono_1,DCs,Mono_1,Mono_1,Ery_1,Mono_1
Run5_121896095594741,Ery_2,Ery_2,Ery_2,Ery_2,Ery_2,Ery_2,Ery_2,Ery_1
Run5_121896113728940,Ery_2,Mega,Ery_2,Ery_2,Ery_2,Ery_2,Ery_2,Ery_1
Run5_121955392048555,DCs,Mono_1,DCs,DCs,Mono_2,DCs,Mono_2,DCs
Run5_121955406474604,Mono_1,Mono_1,Mono_1,DCs,Mono_1,Mono_1,Mono_1,Mono_1
Run5_121955406789483,DCs,Precursors,DCs,Mega,Ery_1,Mega,DCs,Mono_1
Run5_121955406957492,Ery_2,Ery_2,Ery_2,Ery_2,Ery_2,Ery_2,Ery_2,Ery_2
Run5_121955407219108,Ery_2,Ery_2,Ery_2,Ery_2,Ery_2,Ery_2,Ery_2,Ery_1
Run5_121955438180773,DCs,DCs,Ery_2,DCs,Mono_1,Ery_1,DCs,Ery_2
Run5_121955438423262,Ery_2,Mega,DCs,DCs,Mega,Precursors,Mega,Mega
Run5_121955438770422,Ery_2,Ery_1,Ery_2,Ery_2,Ery_2,Ery_2,Ery_2,Ery_1
Run5_121965726591324,Ery_2,Mega,Ery_2,Ery_2,Ery_2,Ery_2,Ery_2,Ery_1
Run5_121965741819629,Mono_2,Mono_1,DCs,DCs,Mono_2,Mono_1,Mono_2,Mono_1
Run5_121965742090611,Mono_2,Mono_1,Mono_1,DCs,Mono_1,Mono_1,Mono_1,Mono_1
Run5_121965773438308,DCs,DCs,Mono_1,DCs,DCs,DCs,DCs,DCs
Run5_122282748888820,DCs,DCs,DCs,DCs,Mono_1,DCs,Ery_2,DCs
Run5_122282776116086,DCs,DCs,DCs,DCs,DCs,DCs,DCs,DCs
Run5_122282776614758,Mono_2,HSC_2,DCs,DCs,Mono_1,Mono_2,DCs,DCs
Run5_122282776848630,DCs,DCs,DCs,DCs,DCs,DCs,DCs,DCs
Run5_122282776874270,DCs,DCs,DCs,DCs,DCs,Mono_1,DCs,DCs
Run5_122282776938339,Ery_1,Precursors,Mega,Mega,Mega,Mega,Ery_2,Ery_2
Run5_122282795482347,Mega,DCs,Ery_1,DCs,Ery_1,Ery_2,Mega,Mega
Run5_122293352064750,DCs,DCs,DCs,DCs,Mono_2,Mono_2,DCs,DCs
Run5_122293352295709,DCs,DCs,DCs,DCs,DCs,DCs,DCs,DCs
Run5_122293366995766,Ery_2,Ery_1,Ery_2,Ery_2,Ery_2,Ery_2,Ery_2,Ery_1
Run5_122293379357555,DCs,DCs,Ery_1,DCs,DCs,Ery_2,HSC_2,Mono_2
Run5_122293380103390,Ery_2,Ery_2,Ery_2,Ery_2,Ery_2,Ery_2,Ery_2,Ery_1
Run5_122293398682475,DCs,DCs,DCs,DCs,DCs,DCs,DCs,DCs
Run5_122293398691236,Mono_1,Mono_1,Mono_1,DCs,Mono_1,Mono_1,Mono_1,Mono_1
Run5_122308384443244,Mono_1,Mono_1,Mono_1,Mono_2,Mono_1,Mono_1,Mono_1,Mono_1
Run5_122308384647606,Mono_2,DCs,Ery_2,DCs,Mega,Mega,Mega,Mega
Run5_122308384737070,Mono_1,Mega,DCs,DCs,Mono_1,Mono_1,Mono_1,Mono_1
Run5_122308384909171,DCs,DCs,DCs,DCs,DCs,Ery_1,Mega,DCs
Run5_122308399586523,Ery_2,Ery_1,Ery_2,Ery_2,Ery_2,Ery_2,Ery_2,Ery_1
Run5_122308411669932,Mono_1,Mono_1,Mono_1,Mono_2,Mono_1,Mono_1,Mono_1,Mono_1
Run5_122308412197221,Ery_2,Ery_1,Ery_2,Ery_2,Ery_2,Ery_2,Ery_2,Ery_2
Run5_122308430838108,Mono_2,DCs,DCs,DCs,Ery_1,Mega,DCs,DCs
Run5_122308431309166,Ery_2,Ery_2,Ery_2,Ery_2,Ery_2,Ery_2,Ery_2,Ery_1
Run5_122308431337893,DCs,DCs,DCs,DCs,Mega,DCs,Mega,DCs
Run5_122308431338283,Mono_1,Mono_1,Mono_1,Mono_2,Mono_1,Mono_1,Mono_1,Mono_1
Run5_122310397676468,Mono_2,Mono_1,DCs,DCs,Mono_1,DCs,Mono_1,DCs
Run5_122310425794860,Ery_2,Ery_1,Ery_2,Ery_2,Ery_2,Ery_2,Ery_1,Ery_1
Run5_122428777683302,Mono_2,Mono_1,Mono_1,DCs,Mono_1,DCs,Mono_1,Mono_2
Run5_122428792990964,Ery_1,HSC_2,DCs,HSC_2,Mono_1,DCs,Mega,DCs
Run5_122428804945757,Ery_1,Mega,Ery_2,Mega,Ery_2,Ery_2,Ery_2,Ery_1
Run5_122428805827310,Ery_2,Ery_2,Ery_2,Ery_2,Ery_2,Ery_2,Ery_2,Ery_1
Run5_122436428426011,Ery_2,Mega,Ery_2,Ery_2,Ery_2,Ery_2,Ery_2,Ery_1
Run5_122436443392756,Mono_1,Mono_1,Mono_1,DCs,Mono_1,Mono_1,Mono_1,Mono_1
Run5_122436443553141,Mega,Mega,Mega,Mega,Mega,Mega,Ery_2,Ery_1
Run5_122436443565299,Mono_1,Mono_1,Mono_1,DCs,Mono_1,Mono_1,Mono_1,Mono_1
Run5_122436443618091,Mono_2,DCs,DCs,DCs,DCs,Mono_1,Mono_2,DCs
Run5_122436455394659,DCs,DCs,DCs,Mono_2,DCs,Ery_2,DCs,DCs
Run5_122436474812148,Mono_1,Mono_1,Mono_1,Mono_2,Mono_1,Mono_1,Mono_1,Mono_1
Run5_122436475050395,DCs,DCs,Mono_1,Ery_2,Ery_2,Ery_1,Ery_2,DCs
Run5_122514677058797,Mono_2,DCs,DCs,DCs,DCs,DCs,Mono_1,DCs
Run5_122514677385454,Ery_2,Mono_1,Ery_1,Ery_2,Ery_2,Ery_2,Ery_1,Ery_1
Run5_122514691804534,DCs,DCs,DCs,DCs,Mono_2,Mono_1,DCs,DCs
Run5_122514692065654,Mono_2,Mono_1,Mono_1,DCs,Mono_2,Mono_1,Mono_2,Mono_2
Run5_122514692492718,Ery_2,Ery_1,Ery_2,Ery_2,Ery_2,Ery_2,Ery_2,Ery_1
Run5_122514704584094,DCs,Mono_1,DCs,DCs,Mono_2,DCs,Mono_1,DCs
Run5_122514704643886,Ery_2,Mega,Ery_2,Mega,Ery_2,Ery_2,Ery_2,Ery_1
Run5_122514704911077,Mono_1,Mono_1,Mono_1,DCs,Mono_1,Mono_1,Mono_1,Mono_1
Run5_125042414446436,Mono_2,Mono_1,Mono_1,DCs,Mono_2,DCs,DCs,DCs
Run5_125042414704491,Precursors,DCs,DCs,DCs,DCs,DCs,DCs,DCs
Run5_125042426764206,Ery_1,Ery_1,Ery_2,Ery_2,Ery_2,Ery_2,Ery_2,Ery_1
Run5_125042426828509,Mono_1,Mono_1,Mono_2,DCs,Mono_1,Mono_1,Mono_1,Mono_1
Run5_125042427049836,Mono_1,Mono_1,Mono_1,DCs,Mono_1,Mono_1,Mono_1,Mono_1
Run5_125042445924214,DCs,DCs,DCs,DCs,DCs,DCs,DCs,Mono_1
Run5_125197018937182,DCs,DCs,DCs,DCs,DCs,DCs,DCs,DCs
Run5_125197033061236,Mono_1,Mono_1,Mono_1,DCs,Mono_1,Mono_1,Mono_1,Mono_1
Run5_125197033884069,DCs,DCs,DCs,DCs,Mono_1,Mono_1,DCs,DCs
Run5_125197046376694,Mono_2,DCs,Mono_1,DCs,DCs,DCs,DCs,DCs
Run5_125197064496949,Ery_2,Mega,Ery_1,Mega,Ery_2,Ery_2,Ery_2,Ery_1
Run5_125239700146011,Mono_1,Mono_1,Mono_1,DCs,Mono_1,Mono_1,Mono_1,Mono_1
Run5_125239700155227,Ery_2,Ery_2,Ery_2,Ery_2,Ery_2,Ery_2,Ery_2,Ery_1
Run5_125239715023597,Mono_2,Mono_1,Mono_2,DCs,Mono_2,Mono_1,Mono_1,Mono_1
Run5_125239726848939,Mono_1,Mono_1,Mono_1,DCs,Mono_1,Mono_1,Mono_1,Mono_1
Run5_125239727181230,Ery_2,Ery_1,Ery_2,Ery_2,Ery_2,Ery_1,Ery_2,Ery_1
Run5_125239746320308,DCs,DCs,Ery_2,Mega,Mega,DCs,Mono_1,Ery_2
Run5_125247350271261,DCs,DCs,DCs,DCs,Mega,DCs,DCs,Precursors
Run5_125247364749540,Mono_2,DCs,Ery_2,DCs,Mono_1,DCs,Mega,DCs
Run5_125247377590110,DCs,DCs,DCs,DCs,DCs,DCs,Mono_1,DCs
Run5_125247378050334,DCs,DCs,DCs,DCs,DCs,DCs,DCs,DCs
Run5_125247396146101,Mono_1,Mono_1,Mono_1,Mono_2,Mono_1,Mono_1,Mono_1,Mono_1
Run5_125677920500981,Mono_1,Mono_1,Mono_1,Mono_2,Mono_1,Mono_1,Mono_1,Mono_1
Run5_125677967399333,Ery_2,DCs,DCs,Ery_2,Ery_2,DCs,Mega,Mega
Run5_125719945824108,DCs,DCs,Mega,DCs,Ery_1,DCs,Mega,Mega
Run5_125719946058019,Ery_2,Ery_1,Ery_2,Ery_2,Ery_2,Ery_2,Ery_2,Ery_1
Run5_125719958207861,DCs,DCs,DCs,DCs,Mono_2,Mega,Mono_1,DCs
Run5_125719958646046,Ery_2,Ery_2,Ery_2,Ery_2,Ery_2,Ery_2,Ery_2,Ery_1
Run5_125719958739371,DCs,DCs,DCs,DCs,DCs,DCs,DCs,DCs
Run5_125719977089261,Ery_2,Ery_2,Ery_2,Ery_2,Ery_2,Ery_2,Ery_2,Ery_2
Run5_125728279681446,DCs,DCs,DCs,DCs,Mono_1,DCs,Mono_1,DCs
Run5_125728279907187,DCs,Mono_1,DCs,DCs,DCs,Ery_2,Mono_1,HSC_2
Run5_125728298559323,Ery_2,Mega,Ery_2,Ery_2,Ery_2,Ery_2,Ery_2,Ery_2
Run5_125745298565044,Ery_1,DCs,DCs,DCs,Mega,Precursors,DCs,Ery_2
Run5_125745312459702,Mega,DCs,Ery_1,DCs,Ery_2,Mega,DCs,Ery_2
Run5_125745312717548,Mega,Precursors,Ery_1,DCs,Mega,Mega,Mega,Mega
Run5_125745325361886,Ery_1,DCs,DCs,Ery_2,Mono_1,Ery_2,Ery_2,DCs
Run5_125745344494964,Ery_2,DCs,Ery_2,Ery_2,Mega,Ery_2,Ery_2,Ery_1
Run5_126132114024668,Ery_2,DCs,Mega,Ery_2,Ery_2,Mega,Mega,HSC_2
Run5_126132128245611,Ery_1,Mono_1,DCs,DCs,Mega,Ery_1,DCs,DCs
Run5_126132128734622,Mono_1,Mono_1,Mono_1,DCs,Mono_2,Mono_1,Mono_1,Mono_2
Run5_126132159965094,DCs,DCs,Mega,Mega,DCs,Ery_2,DCs,Mega
Run5_126149024704286,Ery_1,DCs,Ery_1,Ery_2,Ery_2,Ery_1,Ery_1,Ery_1
Run5_126149024726443,DCs,DCs,DCs,DCs,Mono_1,DCs,DCs,DCs
Run5_126149040130797,Mono_2,DCs,DCs,DCs,DCs,Mono_1,DCs,DCs
Run5_126149040133876,Mono_2,DCs,DCs,DCs,DCs,DCs,DCs,DCs
Run5_126218845928365,Mono_1,Mono_1,Mono_1,DCs,Mono_1,Mono_1,Mono_1,Mono_1
Run5_126218864285990,Ery_2,Ery_1,Ery_2,Ery_2,Ery_2,Ery_2,Ery_2,Ery_2
Run5_126227569371059,Mono_1,Mono_1,Mono_1,Mono_2,Mono_1,Mono_1,Mono_2,Mono_1
Run5_126227569404333,Ery_2,Ery_2,Ery_2,Ery_2,Ery_2,Ery_2,Ery_2,Ery_1
Run5_126227588246438,Mono_1,Mono_1,Ery_1,DCs,Mono_1,DCs,Mono_2,Mono_1
Run5_126227588954421,Mono_2,DCs,DCs,DCs,Mega,DCs,DCs,Mono_2
Run5_126293994498979,Ery_2,Mono_1,Ery_2,Mega,Mega,Ery_2,Ery_2,Ery_1
Run5_126293995112299,DCs,DCs,DCs,DCs,DCs,Mono_2,Mono_2,Mono_1
Run5_126294007180148,Mega,Mega,Mega,Mega,Mega,Mega,Mega,Mega
Run5_126294026270621,Mono_2,DCs,DCs,DCs,DCs,DCs,DCs,DCs
Run5_126294026271155,DCs,Mono_1,Mono_1,DCs,DCs,Mega,DCs,DCs
Run5_126680929614636,DCs,Mono_1,DCs,DCs,Mega,Mega,Mega,DCs
Run5_126680957110636,DCs,DCs,DCs,DCs,DCs,Mega,DCs,DCs
Run5_126680976512862,Mono_2,DCs,DCs,DCs,DCs,DCs,DCs,DCs
Run5_126681615386990,Precursors,DCs,DCs,DCs,DCs,DCs,DCs,DCs
Run5_126681615910637,DCs,DCs,DCs,DCs,DCs,DCs,DCs,DCs
Run5_126681616140653,Mega,Mono_1,DCs,DCs,Mega,Mono_1,DCs,DCs
Run5_126681646774702,Mono_1,Mono_1,Mono_1,Mono_2,Mono_1,Mono_1,Mono_1,Mono_1
Run5_126681647016292,Ery_2,Ery_1,Ery_2,Ery_2,Ery_2,Ery_2,Ery_2,Ery_1
Run5_126681647597870,Ery_2,Mega,Ery_2,Mega,Ery_2,Mono_1,Mega,Ery_1
Run5_126706297486118,DCs,DCs,DCs,DCs,DCs,DCs,Mono_1,DCs
Run5_126706311458101,Mono_2,DCs,DCs,DCs,DCs,DCs,DCs,DCs
Run5_126706311679196,Mono_2,DCs,DCs,DCs,Mono_1,DCs,Mega,DCs
Run5_126706312174940,DCs,DCs,DCs,DCs,Mono_1,Precursors,DCs,DCs
Run5_126706324227893,Mega,Mega,Mega,Mega,Mega,Mega,Mega,Mega
Run5_126706342876973,DCs,DCs,DCs,DCs,DCs,DCs,DCs,DCs
Run5_126707773860123,Mono_2,DCs,Ery_2,DCs,Mono_1,DCs,DCs,DCs
Run5_126707788369181,Ery_2,Ery_2,Ery_2,Ery_2,Ery_2,Ery_2,Ery_2,Ery_2
Run5_126707788373235,Mono_1,Mono_1,Mono_1,Mono_2,Mono_1,Mono_1,Mono_1,Mono_1
Run5_126707819829172,Mono_1,Mono_1,Mono_1,DCs,Mono_1,Mono_1,Mono_1,Mono_1
Run5_126765620939998,Mono_1,Mono_1,Mono_1,DCs,Mono_2,Mono_1,Mono_1,Mono_1
Run5_126765621164972,Mono_2,DCs,DCs,DCs,DCs,DCs,DCs,DCs
Run5_126765621692765,HSC_2,DCs,DCs,DCs,Mega,HSC_2,DCs,Ery_2
Run5_126765636115750,DCs,DCs,DCs,DCs,DCs,DCs,DCs,DCs
Run5_126765636139947,DCs,DCs,DCs,Mono_1,DCs,DCs,DCs,DCs
Run5_126765636409589,Mono_1,Mono_1,Mono_1,Mono_2,Mono_1,Mono_1,Mono_1,Mono_1
Run5_126765667924829,Mono_1,Mono_1,Mono_1,Mono_2,Mono_1,Mono_1,Mono_1,Mono_1
Run5_126776224102827,Ery_2,DCs,DCs,DCs,DCs,Ery_2,DCs,DCs
Run5_126776224724830,Ery_2,DCs,Mega,Mega,Mega,Mega,Mega,Ery_1
Run5_126776224738524,DCs,Mono_1,DCs,HSC_2,Mega,DCs,DCs,Ery_2
Run5_126776239353140,Mono_1,Mono_1,Mono_1,DCs,Mono_1,Mono_1,Mono_1,Mono_1
Run5_126776251632476,Mono_2,DCs,DCs,DCs,DCs,Mono_1,DCs,DCs
Run5_126834206226155,Ery_2,Mega,Ery_2,Ery_2,Ery_2,Ery_2,Ery_2,Ery_1
Run5_126834206533998,DCs,DCs,DCs,DCs,Mega,DCs,Mono_1,DCs
Run5_126834206791470,Mono_2,DCs,DCs,DCs,DCs,DCs,Mono_2,DCs
Run5_126834220907299,Mono_1,Mono_2,Mono_1,DCs,Mono_2,Mono_1,Mono_1,Mono_1
Run5_126834233760563,DCs,Mega,Ery_2,Ery_2,Mega,Mega,Mono_1,Ery_1
Run5_126835145795894,Ery_2,Ery_1,Ery_2,Ery_2,Ery_2,Ery_2,Ery_2,Ery_1
Run5_126835146021107,Mono_1,Mono_2,Mono_2,DCs,Mono_2,Mono_1,Mono_2,Mono_2
Run5_126835146481059,Ery_2,Ery_1,Ery_2,Ery_2,Ery_2,Ery_2,Ery_2,Ery_1
Run5_126835160440116,Mono_1,Mono_1,Mono_1,DCs,Mono_2,Mono_1,Mono_1,Mono_1
Run5_126835192163230,Mega,DCs,Mega,DCs,Mono_1,Mono_1,Mono_2,DCs
Run5_126836637030117,Mono_1,Mega,DCs,DCs,Ery_1,Ery_2,Mega,DCs
Run5_126836637060515,Ery_2,Ery_2,Ery_2,Ery_2,Ery_2,Ery_2,Ery_2,Ery_1
Run5_126836649408237,Ery_1,DCs,DCs,DCs,DCs,DCs,DCs,DCs
Run5_126836650208541,DCs,Mono_1,Mono_1,DCs,Mono_1,Mono_1,Mono_1,DCs
Run5_126836650231731,Mono_1,Mono_1,Mono_1,DCs,Mono_1,Mono_1,Mono_1,DCs
Run5_126836668226926,DCs,DCs,DCs,DCs,DCs,DCs,DCs,DCs
Run5_126836668483956,Mono_2,DCs,DCs,DCs,DCs,DCs,DCs,DCs
Run5_126885746040093,Ery_2,DCs,Ery_2,Ery_2,Ery_2,Ery_2,Ery_2,Ery_1
Run5_126885746101085,Ery_2,Ery_1,Ery_1,Ery_2,Ery_2,Ery_2,Ery_2,Ery_1
Run5_126885746359029,Mono_2,DCs,DCs,DCs,DCs,DCs,DCs,DCs
Run5_126885760486835,Mono_1,Mega,Mega,DCs,Mega,Precursors,Mega,DCs
Run5_126885760723373,Mono_1,Mono_2,Mono_1,DCs,Mono_2,Mono_1,Mono_1,DCs
Run5_126885760780133,Mono_2,DCs,Ery_2,DCs,DCs,Ery_2,DCs,DCs
Run5_126886685367220,Mono_1,Mono_1,Mono_1,DCs,Mono_1,Mono_1,Mono_1,Mono_1
Run5_126886699977564,HSC_2,DCs,DCs,DCs,Ery_2,Precursors,DCs,DCs
Run5_126886699980715,DCs,DCs,DCs,DCs,DCs,DCs,DCs,DCs
Run5_126886700497331,Ery_2,Ery_2,Ery_2,Ery_2,Ery_2,Ery_2,Ery_2,Ery_1
Run5_126886700862307,Ery_2,Mono_1,Ery_2,Ery_2,Ery_2,Ery_2,Ery_2,Ery_1
Run5_126886713386862,Mono_2,DCs,DCs,DCs,DCs,DCs,DCs,DCs
Run5_126886713416990,DCs,DCs,DCs,DCs,DCs,DCs,DCs,DCs
Run5_126886732060980,DCs,Precursors,DCs,DCs,DCs,Ery_1,Mono_2,DCs
Run5_129457491692468,Mono_2,DCs,DCs,DCs,DCs,DCs,DCs,DCs
Run5_129457506409181,Ery_2,Ery_2,Ery_2,Ery_2,Ery_2,Ery_2,Ery_2,Ery_1
Run5_129457506597302,DCs,DCs,DCs,DCs,DCs,DCs,DCs,DCs
Run5_129457506937244,DCs,DCs,DCs,DCs,DCs,DCs,Mono_1,DCs
Run5_129457519184181,DCs,Mono_1,Mono_1,DCs,DCs,DCs,DCs,DCs
Run5_129457519249125,Mono_1,Mono_1,Mono_1,DCs,Mono_1,Mono_1,Mono_1,Mono_1
Run5_129457519483739,Mono_2,DCs,DCs,DCs,DCs,DCs,DCs,DCs
Run5_129457538329822,Ery_2,Ery_2,Ery_2,Ery_2,Ery_2,Ery_1,Ery_2,Ery_1
Run5_129497354422581,Ery_2,Mono_1,Ery_2,Ery_2,Mega,Ery_2,Mono_2,DCs
Run5_129497369332638,Mono_2,DCs,DCs,DCs,DCs,DCs,DCs,DCs
Run5_129497369852710,Mega,Mega,Mega,Ery_2,Mega,Mega,Mega,Ery_1
Run5_129497382209436,Mono_2,DCs,DCs,DCs,DCs,DCs,DCs,DCs
Run5_129497382402997,Mono_2,DCs,Mono_1,DCs,DCs,DCs,DCs,DCs
Run5_129565671475485,Ery_1,DCs,DCs,DCs,DCs,DCs,DCs,DCs
Run5_129565671704435,Mono_1,Mono_1,DCs,DCs,Mono_1,DCs,Mono_2,DCs
Run5_129565671775652,Ery_1,Ery_1,Ery_2,Ery_2,Ery_1,Ery_2,Ery_2,Ery_1
Run5_129565699292059,DCs,DCs,DCs,DCs,Mono_1,DCs,DCs,DCs
Run5_129565717350748,HSC_2,DCs,Mega,Mega,Mega,Ery_1,Mega,Mega
Run5_129565717388126,Mono_1,Mono_1,Mono_1,Mono_2,Mono_1,Mono_1,Mono_1,Mono_1
Run5_129565717556518,DCs,DCs,DCs,DCs,Mono_1,DCs,DCs,DCs
Run5_129582985530795,Ery_2,Ery_1,Ery_2,Ery_2,Ery_2,Ery_1,Ery_2,Ery_1
Run5_129582985832693,DCs,DCs,DCs,DCs,DCs,DCs,DCs,DCs
Run5_129583000436124,Ery_1,Ery_1,Ery_1,Ery_2,Ery_2,Ery_2,Ery_2,Ery_2
Run5_129583012596531,Ery_1,DCs,DCs,DCs,Mono_1,DCs,DCs,DCs
Run5_129583031437660,Mono_1,Mono_1,Mono_1,DCs,Mono_1,Mono_1,Mono_1,Mono_1
Run5_129663530653924,Mono_1,Mono_1,Mono_1,DCs,Mono_1,Mono_1,Mono_1,Mono_1
Run5_129663530818475,Ery_2,Ery_2,Ery_2,Ery_2,Ery_2,Ery_2,Ery_2,Ery_1
Run5_129663543196534,DCs,DCs,Mega,DCs,Mono_1,Mega,DCs,Mega
Run5_129663543397093,DCs,DCs,DCs,DCs,DCs,DCs,DCs,DCs
Run5_129663543761636,Mono_1,Mono_1,Mono_1,DCs,Mono_1,Mega,DCs,Mega
Run5_129663543924957,DCs,DCs,DCs,DCs,Mono_2,DCs,DCs,DCs
Run5_129663562050460,Mono_2,Mono_1,Mono_1,DCs,Ery_1,Mono_1,Mono_1,Ery_1
Run5_129663562111708,DCs,DCs,Ery_2,Mega,Mega,Mega,Ery_1,Mega
Run5_129663562627955,DCs,Mono_1,DCs,Ery_2,Mono_1,DCs,DCs,DCs
Run5_129978391181740,Mono_1,Mono_2,Mono_1,DCs,Mono_1,Mono_1,Mono_1,Mono_1
Run5_129978405927645,Mono_1,Mono_1,Mono_1,DCs,Mono_1,Mono_1,Mono_1,Mono_1
Run5_129978418448620,Ery_2,Ery_2,Ery_2,Ery_2,Ery_2,Ery_2,Ery_2,Ery_2
Run5_129978437586219,Mono_2,DCs,DCs,DCs,DCs,DCs,Mono_1,DCs
Run5_129978437684134,Mono_2,DCs,Mono_1,DCs,DCs,DCs,Mono_2,Mono_2
Run5_130057594685358,DCs,DCs,Mono_1,DCs,Mono_1,DCs,DCs,Mono_1
Run5_130057607207140,DCs,DCs,DCs,DCs,Mega,Ery_1,DCs,DCs
Run5_130057625524518,Mono_1,Mono_1,Mono_1,DCs,Mono_1,Mono_1,Mono_1,Mono_1
Run5_130126447565227,DCs,DCs,DCs,DCs,HSC_2,DCs,DCs,Mega
Run5_130126447762843,Ery_1,DCs,DCs,DCs,Mega,DCs,Mega,DCs
Run5_130126448023779,Ery_2,Ery_1,Ery_1,Ery_2,Ery_2,Mega,Ery_2,Ery_1
Run5_130126448114988,Ery_2,Ery_1,Ery_2,Ery_2,Ery_2,Ery_2,Ery_2,Ery_1
Run5_130126460415203,Mono_1,Mono_1,Mono_1,DCs,Mono_1,Mono_1,Mono_1,Mono_1
Run5_130134888533422,DCs,DCs,DCs,DCs,Mono_2,DCs,DCs,DCs
Run5_130134888630581,DCs,Mono_1,Ery_1,DCs,Mono_1,Mono_1,DCs,Mono_1
Run5_130134916127142,Mono_2,Mega,DCs,HSC_2,Mega,Ery_1,DCs,Mega
Run5_130134916348653,Ery_1,Mega,Ery_2,Mega,Ery_1,Mega,Ery_1,Mega
Run5_130134916622766,Mono_1,Mono_1,DCs,DCs,Mono_1,Mono_1,Mono_1,DCs
Run5_130134934968181,Mono_2,Mono_2,Mono_1,DCs,Mono_1,Mono_1,Mono_1,Mono_1
Run5_130134935452910,Mono_1,Mono_1,Mono_1,Mono_1,Mono_1,Mono_1,Mono_1,Mono_1
Run5_130134935554982,DCs,DCs,DCs,DCs,DCs,DCs,DCs,DCs
Run5_130142285248300,DCs,DCs,DCs,DCs,DCs,DCs,DCs,DCs
Run5_130142285516003,DCs,DCs,DCs,DCs,Mono_1,DCs,DCs,DCs
Run5_130142286011806,DCs,DCs,DCs,DCs,DCs,DCs,DCs,DCs
Run5_130142297810790,DCs,DCs,DCs,DCs,Mono_1,DCs,DCs,DCs
Run5_130142297868724,HSC_2,DCs,DCs,DCs,DCs,DCs,DCs,DCs
Run5_130142316685683,Ery_2,Ery_1,Ery_2,Ery_2,Ery_2,Ery_1,Ery_1,Ery_1
Run5_130142316719326,Ery_2,Ery_2,Ery_2,Ery_2,Ery_2,Ery_2,Ery_2,Ery_2
Run5_130142316907428,Ery_2,Ery_1,Ery_2,Mega,Ery_2,Ery_2,Ery_2,Ery_1
Run5_130144687249181,Ery_1,Mega,DCs,Ery_2,Ery_2,Ery_2,Ery_2,Ery_1
Run5_130144687274350,Mono_2,DCs,DCs,DCs,Mono_1,DCs,DCs,Mega
Run5_130144701369189,Ery_2,Ery_2,Ery_2,Ery_2,Ery_2,Ery_2,Ery_2,Ery_1
Run5_130144701409587,DCs,DCs,DCs,DCs,Ery_1,DCs,DCs,DCs
Run5_130144701441779,Ery_1,Mega,DCs,DCs,Mega,Mega,Mega,Ery_2
Run5_130144701472052,Ery_2,Mono_1,Mono_1,DCs,Mega,Mega,DCs,DCs
Run5_130144713988460,Ery_2,Ery_1,Ery_2,Ery_2,Ery_2,Ery_2,Ery_2,Ery_2
Run5_130144714287028,Mono_2,DCs,Mono_1,DCs,Mono_1,Mono_1,Mono_1,DCs
Run5_130144714508702,Ery_1,DCs,DCs,DCs,Mega,HSC_1,Mega,Mega
Run5_130144714574563,DCs,Mono_1,Ery_2,DCs,Mega,Precursors,DCs,DCs
Run5_130144732663078,Mono_2,DCs,DCs,DCs,DCs,DCs,DCs,DCs
Run5_130144732666286,Mono_1,Mono_1,Mono_1,DCs,Mono_1,Mono_1,Mono_1,Mono_1
Run5_130184161672030,Mono_1,Mono_1,Mono_1,Mono_2,Mono_1,Mono_1,Mono_1,Mono_1
Run5_130185488709475,DCs,Mono_1,DCs,DCs,DCs,DCs,DCs,DCs
Run5_130185488984430,Ery_1,Mega,Ery_1,Ery_2,Ery_2,Ery_2,Ery_2,Ery_1
Run5_130185489499868,Ery_2,Ery_2,Ery_2,Ery_2,Ery_2,Ery_2,Ery_2,Ery_2
Run5_130185503561445,DCs,DCs,Ery_2,DCs,DCs,Ery_1,Mega,DCs
Run5_130185503651573,Mono_2,DCs,DCs,DCs,Mono_2,DCs,Mono_1,DCs
Run5_130185516440476,Mono_1,Mono_1,Mono_1,DCs,Mono_1,Mono_1,Mono_1,Mono_1
Run5_130185534851828,DCs,DCs,DCs,DCs,Mono_1,Ery_1,Mono_2,DCs
Run5_130185535118646,Mono_1,Mono_1,Mono_1,DCs,Mono_1,Mono_1,Mono_1,Mono_1
Run5_130194213035254,Mono_2,Mono_1,DCs,DCs,DCs,DCs,DCs,DCs
Run5_130194227747547,Mono_1,Mono_1,Mono_1,Mono_2,Mono_1,Mono_1,Mono_1,Mono_1
Run5_130194240064366,DCs,DCs,DCs,DCs,Mono_2,DCs,DCs,DCs
Run5_130194240919268,Mono_1,Mono_1,Mono_1,Mono_2,Mono_1,Mono_1,Mono_1,Mono_1
Run5_130203876543771,Ery_2,Mega,Ery_2,Ery_2,Ery_2,Ery_1,Ery_2,Ery_1
Run5_130203876805035,Ery_2,Ery_1,Ery_2,Ery_2,Ery_2,Ery_2,Ery_2,Ery_2
Run5_130203891448094,Mono_2,DCs,DCs,DCs,DCs,DCs,DCs,DCs
Run5_130203903814877,Ery_1,Ery_2,Ery_2,Ery_2,Ery_2,Ery_2,Ery_2,Ery_1
Run5_130203904334118,Ery_1,Mega,Ery_2,Mega,Ery_2,Ery_1,Mega,Ery_1
Run5_130529086105910,Mono_2,DCs,DCs,DCs,DCs,DCs,DCs,DCs
Run5_130529086859099,Mono_2,DCs,Mono_1,DCs,DCs,Mono_1,Mono_1,Mono_1
Run5_130529100716782,Ery_2,Ery_1,Ery_2,Ery_2,Ery_2,Ery_2,Ery_2,Ery_2
Run5_130529132669723,HSC_2,DCs,Ery_2,DCs,Precursors,Ery_2,Mono_1,Mono_1
Run5_130531368482612,Mono_1,Mono_1,Mono_1,Mono_1,Mono_1,Mono_1,Mono_1,Mono_1
Run5_130531382381404,Ery_2,Ery_2,Ery_2,Ery_2,Ery_2,Ery_2,Ery_2,Ery_2
Run5_130531382446437,DCs,DCs,DCs,DCs,Mono_1,DCs,DCs,DCs
Run5_130531382910246,DCs,DCs,DCs,DCs,DCs,DCs,Mono_1,DCs
Run5_130531383162731,HSC_2,DCs,Mono_1,DCs,Mono_1,DCs,Ery_2,Precursors
Run5_130531395065580,DCs,Mono_2,Ery_2,Ery_2,Ery_2,DCs,Mega,Ery_1
Run5_130531395594077,Ery_2,Mono_1,DCs,DCs,Mono_1,Mono_1,Mono_2,Mono_1
Run5_130531414108964,DCs,Mega,DCs,DCs,DCs,Ery_1,Mono_1,DCs
Run5_130531414400420,Mono_1,Mono_1,Mono_1,DCs,Mono_1,Mono_1,Mono_1,Mono_1
Run5_130531414718710,Ery_1,Mega,Mega,Mega,Mega,Ery_2,Ery_2,Ery_1
Run5_130624783576292,Mono_1,Mono_1,Mono_1,DCs,Mono_1,DCs,DCs,Mega
Run5_130624829443358,DCs,HSC_2,DCs,DCs,DCs,DCs,DCs,Mono_2
Run5_130624830225651,Mono_1,Mono_1,Mono_1,Mono_2,Mono_1,Mono_1,Mono_1,Mono_1
Run5_130675115256683,Mono_2,DCs,DCs,DCs,DCs,Ery_1,Mega,Mono_1
Run5_130675115412254,DCs,DCs,DCs,DCs,Ery_2,DCs,DCs,DCs
Run5_130675115707812,Ery_1,Mono_1,Ery_2,Ery_2,Ery_2,Ery_2,Ery_2,Ery_1
Run5_130675129636790,DCs,DCs,DCs,DCs,DCs,DCs,DCs,DCs
Run5_130675129665395,Mono_1,DCs,Mono_1,DCs,Mono_2,Mono_1,Mono_2,Mono_2
Run5_130675129829236,Ery_2,Ery_1,Ery_1,Ery_2,Ery_2,Ery_2,Ery_2,Ery_1
Run5_130675142212453,Mono_2,Mono_1,Mono_1,DCs,Mono_1,Mono_1,Mono_1,Mono_1
Run5_130675142220139,Mono_1,DCs,Ery_2,Mega,Mega,Ery_1,Ery_2,Mega
Run5_130693100394228,DCs,DCs,DCs,Mega,Mono_1,DCs,Mega,DCs
Run5_130736333639086,Mono_1,DCs,DCs,DCs,Mono_1,DCs,DCs,Mono_2
Run5_130736345701086,Mono_2,DCs,DCs,DCs,Mega,Mega,DCs,DCs
Run5_130736364939547,Ery_2,Ery_2,Ery_2,Ery_2,Ery_2,Ery_2,Ery_2,Ery_1
Run5_130754453063582,Ery_1,DCs,Ery_2,Mega,Ery_1,DCs,DCs,Mega
Run5_130754464836510,Ery_2,Mega,DCs,DCs,Ery_1,DCs,Ery_2,DCs
Run5_130754483735348,Ery_2,Mega,Ery_2,Ery_2,Mega,Ery_2,Ery_2,Ery_1
Run5_130754484594925,Mono_1,Mono_1,Mono_1,DCs,Mono_1,Mono_1,Mono_1,Mono_1
Run5_130761014307164,Mono_2,DCs,DCs,DCs,DCs,DCs,DCs,DCs
Run5_130761028922275,Mono_1,Mono_1,Mono_1,Mono_2,Mono_1,Mono_1,Mono_1,Mono_1
Run5_130761041529181,Mono_1,Mono_1,Mono_1,DCs,Mono_1,Mono_1,Mono_1,Mono_1
Run5_130761042286813,Ery_1,Precursors,DCs,DCs,Mega,Ery_2,DCs,Ery_1
Run5_131089728170419,Mono_1,Mono_1,Mono_1,DCs,Mono_1,Mono_1,Mono_1,Mono_1
Run5_131089728490724,Ery_2,Ery_2,Ery_2,Ery_2,Ery_2,Ery_2,Ery_2,Ery_2
Run5_131089759647590,DCs,DCs,Ery_2,DCs,Ery_2,Mega,DCs,Mega
Run5_131089759685364,Mono_2,Precursors,DCs,DCs,Mono_2,DCs,Mono_2,DCs
Run5_131089760472485,DCs,Mono_1,DCs,DCs,Mono_1,DCs,Mono_1,DCs
Run5_131097900801373,DCs,DCs,DCs,DCs,Mono_1,DCs,DCs,DCs
Run5_131097900824877,Ery_2,Ery_1,Ery_2,Ery_2,Ery_2,Ery_2,Ery_2,Ery_1
Run5_131097901034790,Mono_1,Mono_1,Mono_1,DCs,Mono_1,Mono_1,Mono_1,Mono_1
Run5_131097901558494,DCs,DCs,DCs,DCs,Mono_1,DCs,DCs,DCs
Run5_131097901611291,DCs,DCs,DCs,DCs,DCs,DCs,DCs,DCs
Run5_131097916201251,Ery_2,Mega,Ery_2,Ery_2,Ery_2,Ery_2,Ery_2,Ery_1
Run5_131097927993718,DCs,DCs,DCs,DCs,DCs,DCs,DCs,DCs
Run5_131097927997277,Mono_2,DCs,DCs,DCs,DCs,Mono_1,DCs,DCs
Run5_131097928555365,Mono_2,DCs,DCs,DCs,DCs,DCs,DCs,Mono_1
Run5_131097928812917,Mono_2,Mono_1,DCs,DCs,DCs,DCs,Mono_1,Mono_2
Run5_131175210662309,Ery_2,DCs,Ery_2,DCs,DCs,Ery_2,Mega,Ery_2
Run5_131175210937251,DCs,DCs,Mono_1,Mono_2,Mono_1,DCs,Mega,Ery_1
Run5_131175238004124,Mono_1,Mono_1,Mono_1,Mono_2,Mono_1,Mono_1,Mono_1,Mono_1
Run5_131175256832285,Ery_2,Ery_2,Ery_2,Ery_2,Ery_2,Ery_2,Ery_2,Ery_1
Run5_131217355106549,Ery_2,Precursors,DCs,DCs,Mega,Mega,DCs,DCs
Run5_131217355290526,Ery_2,Ery_2,Ery_2,Ery_2,Ery_2,Ery_2,Ery_2,Ery_1
Run5_131217382140251,DCs,DCs,DCs,DCs,DCs,DCs,DCs,DCs
Run5_131217382594788,Mono_1,Mono_1,Mono_1,DCs,Mono_1,Mono_1,Mono_1,Mono_1
Run5_131217400978164,Mono_2,Mono_1,Mono_2,DCs,Mono_1,DCs,DCs,DCs
Run5_131234280957724,Ery_2,Ery_2,Ery_2,Ery_2,Ery_2,Ery_1,Ery_2,Ery_1
Run5_131234293467061,Mono_2,DCs,DCs,DCs,DCs,DCs,DCs,DCs
Run5_131234293540789,Ery_2,DCs,DCs,DCs,Mono_1,DCs,DCs,Mono_1
Run5_131242050579678,DCs,DCs,DCs,DCs,DCs,DCs,DCs,DCs
Run5_131242078456628,Mega,DCs,DCs,DCs,Mono_1,DCs,Mono_1,Mega
Run5_131242078725939,Mono_1,DCs,Mono_1,DCs,Mono_2,Mono_1,Mono_1,Mono_1
Run5_131293456227060,Mono_2,DCs,Mono_1,DCs,Mono_1,Mono_1,Mono_1,Mono_2
Run5_131293471160755,DCs,Mono_1,DCs,DCs,DCs,DCs,DCs,DCs
Run5_131293483227549,Ery_2,Ery_1,Ery_2,Ery_2,Ery_2,Ery_2,Ery_2,Ery_1
Run5_131293502695772,DCs,Mega,Ery_2,DCs,Mono_1,Ery_1,DCs,DCs
Run5_131309562973021,Ery_2,Ery_1,Ery_1,Ery_2,Ery_2,Ery_2,Ery_1,Ery_1
Run5_131309590141149,Ery_2,Ery_2,Ery_2,Ery_2,Ery_2,Ery_2,Ery_2,Ery_2
Run5_131309590173998,Mono_1,DCs,Mono_1,DCs,DCs,Mono_1,Mono_2,Mono_1
Run5_131309608286054,Ery_2,Ery_2,Ery_2,Ery_2,Ery_2,Ery_2,Ery_2,Ery_1
Run5_131309609053542,Mono_1,Mono_1,Mono_1,DCs,Mono_1,Mono_1,Mono_1,Mono_1
Run5_131310501879069,Mono_2,Mono_1,Mono_1,Mono_2,Mono_1,Mono_1,Mono_1,Mono_1
Run5_131310502198700,Ery_2,Ery_2,Ery_2,Ery_2,Ery_2,Ery_2,Ery_2,Ery_2
Run5_131310502459251,DCs,DCs,DCs,DCs,Mega,DCs,DCs,Mega
Run5_131310528940446,Mono_1,Mono_1,Mono_1,DCs,Mono_1,Mono_1,Mono_1,Mono_1
Run5_131310529145268,Ery_2,DCs,Ery_2,Ery_2,Mono_1,Ery_1,Mega,Mono_2
Run5_131310529435420,DCs,DCs,DCs,DCs,Mono_1,DCs,DCs,DCs
Run5_133829902940382,Mono_1,Mono_1,Mono_1,DCs,Mono_1,Mono_1,Mono_1,Mono_1
Run5_133829917526772,Mono_1,Mono_1,Mono_1,DCs,Mono_1,Mono_1,Mono_1,Mono_1
Run5_133829917555421,DCs,DCs,DCs,DCs,DCs,DCs,DCs,DCs
Run5_133829929876395,Mono_1,Mono_1,Mono_1,DCs,Mono_1,Mono_1,Mono_1,Mono_1
Run5_133829929907949,DCs,DCs,DCs,DCs,Mono_1,DCs,DCs,DCs
Run5_133829930432821,Mono_1,Mono_1,Mono_1,Mono_2,Mono_1,Mono_1,Mono_1,Mono_1
Run5_133829930638757,Mega,Mega,Mega,Mega,Mega,Mega,Mega,Mega
Run5_133829948750636,Mono_1,Mono_1,Mono_1,DCs,Mono_1,Mono_1,Mono_1,Mono_1
Run5_133829949283748,Mono_1,Mono_1,Mono_1,DCs,Mono_2,Mono_1,Mono_1,Mono_1
Run5_133829949614302,Mono_2,DCs,DCs,DCs,DCs,DCs,DCs,DCs
Run5_133854465027427,Mono_1,Mono_1,Mono_1,Mono_2,Mono_1,Mono_1,Mono_1,Mono_1
Run5_133854479117219,Mono_1,DCs,DCs,DCs,Mega,DCs,DCs,DCs
Run5_133854479210205,HSC_2,DCs,DCs,DCs,Mega,DCs,Mono_1,DCs
Run5_133854479375781,DCs,DCs,DCs,DCs,DCs,DCs,DCs,DCs
Run5_133854479994206,Ery_1,Mega,Ery_1,Ery_2,Mega,Mega,Mono_1,DCs
Run5_133854492289318,DCs,DCs,DCs,DCs,DCs,DCs,DCs,DCs
Run5_133854492514532,Mono_2,DCs,Ery_1,DCs,DCs,DCs,Mono_1,DCs
Run5_133854492515555,Ery_1,DCs,Ery_2,DCs,Mono_2,Ery_1,Mega,DCs
Run5_133854510922614,DCs,DCs,Mega,Ery_2,Ery_1,DCs,Mega,Mega
Run5_133854511089565,Ery_1,DCs,Ery_2,Ery_2,Ery_1,Ery_2,Ery_1,Ery_1
Run5_133854511392629,Mono_1,Mono_1,Mono_1,Mono_1,Mono_1,Mono_1,Mono_1,Mono_1
Run5_133895281851764,Mono_1,Mono_1,Mono_1,DCs,Mono_2,DCs,Mono_1,Mono_1
Run5_133895282084595,Mono_1,Mono_1,Mono_1,DCs,Mono_1,Mono_1,Mono_1,Mono_1
Run5_133895282154718,DCs,DCs,Mono_2,DCs,DCs,DCs,Mono_2,DCs
Run5_133895294216940,Mega,Mega,Mega,Mega,Mega,Mega,Mega,Mega
Run5_133895312784222,Mono_1,Mono_1,Mono_1,Mono_2,Mono_1,Mono_1,Mono_1,Mono_1
Run5_133974589290918,Mono_2,Mono_1,Mono_1,DCs,Mono_1,Mono_1,Mono_1,Mono_1
Run5_133974589389612,Mono_1,Mono_1,Mono_1,Mono_1,Mono_1,Mono_1,Mono_1,Mono_1
Run5_133974589627685,DCs,DCs,DCs,DCs,DCs,DCs,DCs,DCs
Run5_133974589651166,DCs,DCs,HSC_1,HSC_2,Ery_1,Ery_2,Mega,Mega
Run5_133974590114214,Mono_2,Mono_1,Mono_1,DCs,Mono_1,Mono_1,Mono_1,Mono_1
Run5_133974590118189,Ery_2,Mega,Mega,DCs,Mega,Mega,Mega,Mega
Run5_133974604040539,Mono_2,DCs,DCs,DCs,Mega,DCs,DCs,DCs
Run5_133974635956653,Mono_1,Mono_1,Mono_1,Mono_2,Mono_1,Mono_1,DCs,Mono_1
Run5_133982106119388,Mono_2,Mega,Mono_1,DCs,Mega,Mega,Ery_2,Mega
Run5_133982106269492,HSC_2,DCs,DCs,DCs,DCs,Ery_1,DCs,DCs
Run5_133982106277676,DCs,DCs,DCs,DCs,DCs,DCs,Mono_1,DCs
Run5_133982133045085,Mono_2,DCs,DCs,DCs,Mono_1,Ery_2,Mono_1,DCs
Run5_133982133565685,Precursors,DCs,DCs,DCs,DCs,DCs,DCs,DCs
Run5_133982151657835,DCs,DCs,DCs,DCs,DCs,DCs,DCs,DCs
Run5_134033659837219,DCs,Mono_2,DCs,DCs,DCs,DCs,DCs,DCs
Run5_134033672719085,Mono_1,Mono_1,Mono_1,DCs,Mono_1,Mono_1,Mono_1,Mono_1
Run5_134033673141165,Mono_2,DCs,Ery_1,DCs,DCs,Mono_1,Mono_2,Mono_2
Run5_134033673186532,Ery_1,DCs,Ery_2,Mono_1,Mega,Mega,Ery_1,DCs
Run5_134033691334573,Ery_1,DCs,DCs,DCs,Ery_1,DCs,Ery_2,Mono_1
Run5_134033691826397,Mega,Mega,Mega,DCs,Ery_2,Mega,Ery_2,Mega
Run5_134041162148772,DCs,DCs,DCs,DCs,Mono_1,DCs,DCs,DCs
Run5_134041176852398,Ery_2,Mega,DCs,DCs,Mega,Mega,DCs,Mega
Run5_134041188645670,Ery_2,Ery_1,Ery_2,Ery_2,Ery_2,Ery_2,Ery_1,Ery_1
Run5_134041189403886,DCs,DCs,DCs,DCs,DCs,DCs,Mono_1,DCs
Run5_134041208282342,Ery_2,Ery_2,Ery_2,Ery_2,Ery_2,Ery_2,Ery_2,Ery_1
Run5_134376303221492,DCs,Mega,DCs,DCs,Mono_1,Mega,Mono_1,Mono_1
Run5_134376318421412,DCs,DCs,DCs,DCs,DCs,DCs,DCs,DCs
Run5_134376349710253,Mono_1,DCs,Ery_2,Ery_2,DCs,Ery_2,DCs,DCs
Run5_134376349984542,DCs,DCs,DCs,DCs,DCs,Mega,DCs,Mono_1
Run5_134377525663523,Mono_1,Mono_1,Mono_1,DCs,Mono_1,Mono_1,Mono_1,Mono_1
Run5_134377525884765,Precursors,Mono_1,Mono_1,DCs,DCs,Mono_1,DCs,Mono_1
Run5_134377526181219,Ery_2,DCs,Ery_2,Ery_2,Ery_2,Ery_1,Ery_2,Ery_2
Run5_134377538971363,Mega,Mega,Mega,Mega,Mega,Mega,Mega,Mega
Run5_134377557125406,Mega,DCs,DCs,DCs,DCs,Mega,Mega,Ery_2
Run5_134377557416179,DCs,DCs,DCs,DCs,DCs,DCs,DCs,DCs
Run5_134377557604637,DCs,Precursors,DCs,DCs,Ery_2,Precursors,Ery_1,HSC_1
Run5_134447975552756,Mono_1,DCs,DCs,Mega,Mega,DCs,Mega,Ery_2
Run5_134447989975788,Mono_1,Mono_1,Mono_1,DCs,Mono_2,Mono_1,Mono_1,Mono_1
Run5_134447990234011,Mono_2,DCs,DCs,DCs,DCs,DCs,DCs,DCs
Run5_134448021911837,Mono_2,Mono_1,Ery_2,DCs,Mono_1,Mono_1,DCs,DCs
Run5_134472820778910,Ery_2,Mega,Ery_2,Ery_2,Ery_2,Mega,Ery_2,Ery_1
Run5_134472833551774,Ery_2,Mega,Ery_2,Ery_2,Ery_2,Ery_2,Ery_2,Ery_1
Run5_134472851732908,Mono_1,Mono_1,Mono_2,Mono_2,Mono_1,Mono_1,Mono_1,Mono_2
Run5_134472852258164,Ery_1,Mega,Ery_2,Ery_2,Ery_2,Ery_2,Ery_2,Ery_1
Run5_134472852268781,Mono_1,Mono_1,Mono_1,DCs,Mono_1,Mono_1,Mono_1,Mono_1
Run5_134522331883238,Mono_2,Mono_2,Mono_2,DCs,Mono_1,DCs,Mono_1,Mono_1
Run5_134522331948828,DCs,DCs,DCs,DCs,DCs,DCs,DCs,DCs
Run5_134522332207516,DCs,DCs,Mono_1,DCs,Mega,DCs,DCs,Mono_1
Run5_134522332367717,Ery_2,DCs,Ery_2,Mega,Ery_2,Ery_1,Mega,Ery_1
Run5_134522346564318,Mono_1,Mono_1,Mono_1,Mono_2,Mono_1,Mono_1,Mono_1,Mono_1
Run5_134522347051444,Ery_2,Mega,Ery_2,Ery_2,Ery_2,Ery_2,Ery_2,Ery_1
Run5_134522347346333,Mono_2,DCs,Mono_1,DCs,DCs,DCs,Mono_1,DCs
Run5_134522359994795,Mono_1,Mono_1,Mono_2,Mono_2,Mono_1,Mono_1,Mono_2,Mono_1
Run5_134522378512758,Ery_1,DCs,Ery_1,Mega,Ery_2,Ery_2,Ery_1,Ery_1
Run5_134522378835749,Mono_1,Mono_1,Mono_1,DCs,Mono_1,Mono_1,Mono_1,Mono_1
Run5_134530802575643,Mono_1,Mono_1,Mono_1,DCs,Mono_1,Mono_1,Mono_1,Mono_1
Run5_134530833963822,Mono_1,DCs,DCs,DCs,Mono_2,DCs,DCs,DCs
Run5_134531742550430,Mono_2,DCs,DCs,DCs,DCs,DCs,DCs,DCs
Run5_134531754642805,Mono_2,DCs,DCs,DCs,DCs,DCs,DCs,DCs
Run5_134531773294827,Ery_2,Ery_2,Ery_2,Ery_2,Ery_2,Ery_2,Ery_2,Ery_1
Run5_134531773549917,Ery_2,DCs,DCs,Mega,Mono_2,DCs,DCs,DCs
Run5_134531774106534,DCs,DCs,DCs,DCs,DCs,DCs,DCs,DCs
Run5_134539646450085,DCs,DCs,DCs,DCs,Ery_1,Mega,Mono_1,DCs
Run5_134539646719798,Mono_2,Mono_1,Mono_1,DCs,Mega,DCs,DCs,DCs
Run5_134539646753132,Mono_2,DCs,Mega,DCs,Mono_1,Mono_2,Mono_1,DCs
Run5_134539660647150,DCs,DCs,DCs,DCs,DCs,DCs,DCs,DCs
Run5_134539660941100,Ery_2,DCs,DCs,Mega,Mega,Mega,DCs,DCs
Run5_134539661495646,DCs,DCs,DCs,Mono_2,Ery_1,Ery_2,Mega,DCs
Run5_134539673975542,Mono_2,Mono_2,Mono_1,DCs,Mono_1,Mono_1,DCs,DCs
Run5_134540451342108,Ery_1,Ery_1,Ery_1,Ery_2,Ery_2,Ery_2,Ery_2,Ery_1
Run5_134540451559340,DCs,DCs,DCs,DCs,Mono_1,DCs,Mega,DCs
Run5_134540451559851,Mono_1,Mono_1,Mono_1,DCs,Mono_1,Mono_1,Mono_1,Mono_1
Run5_134540452018093,Mono_2,DCs,Ery_2,DCs,Mega,DCs,Mono_1,Mega
Run5_134540466244828,Mono_1,Mono_1,Mono_1,DCs,Mono_1,Mono_1,Mono_1,Mono_1
Run5_134540466272611,Mono_1,Mono_1,Mono_1,DCs,Mono_1,Mono_1,Mono_1,Mono_1
Run5_134540478856438,Mono_2,DCs,DCs,DCs,DCs,DCs,DCs,DCs
Run5_134540497440030,Ery_2,Ery_2,Ery_1,Ery_2,Ery_2,Ery_2,Ery_2,Ery_1
Run5_134540498188204,Mono_2,DCs,Mono_2,DCs,Mono_2,DCs,Mega,DCs
Run5_134592125360374,Mega,Mega,Ery_1,Mega,Mega,Mega,Mega,Ery_1
Run5_134592125361051,Mono_2,DCs,DCs,DCs,DCs,DCs,DCs,DCs
Run5_134592140008363,Mono_1,DCs,DCs,DCs,Mega,DCs,DCs,DCs
Run5_134592140529052,HSC_2,DCs,DCs,DCs,DCs,DCs,DCs,DCs
Run5_134592140537253,Ery_2,DCs,Ery_1,Ery_2,Ery_2,Ery_2,Ery_2,Ery_2
Run5_134600581134243,Ery_2,Ery_1,Ery_2,Ery_2,Ery_2,Ery_2,Ery_2,Ery_2
Run5_134600596020581,Ery_2,Ery_1,Ery_2,Ery_2,Ery_1,Ery_2,Ery_1,Ery_1
Run5_134600627186086,Ery_1,Mono_1,Ery_2,Ery_2,Ery_2,Ery_1,Ery_2,Ery_1
Run5_134600627481317,Mono_2,Mono_1,Precursors,DCs,Mono_1,Mono_2,Mono_2,DCs
Run5_134936662235035,Mono_1,DCs,Mono_1,DCs,Mono_1,Mono_1,Mono_1,Mono_1
Run5_134936662236454,Mono_1,Mono_1,Mono_1,Mono_2,Mono_1,Mono_1,Mono_1,Mono_1
Run5_134936662752094,Ery_2,Mega,Ery_2,Ery_2,Mega,Ery_2,Ery_2,Ery_1
Run5_134936662793075,DCs,HSC_2,DCs,DCs,Precursors,Precursors,Mono_1,DCs
Run5_134936690023787,Mono_2,DCs,DCs,DCs,Mono_1,DCs,DCs,DCs
Run5_134936690055396,DCs,DCs,DCs,DCs,Mono_1,DCs,DCs,Mega
Run5_134936708471027,Mono_1,Mono_1,DCs,Mono_2,Mono_1,Mono_1,Mono_1,Mono_1
Run5_134936708630883,Mono_1,Mono_1,Mono_1,Mono_2,Mono_1,Mono_1,Mono_1,Mono_1
Run5_134936708733236,DCs,DCs,DCs,DCs,DCs,DCs,DCs,DCs
Run5_134938018867934,Mono_1,Mono_1,Mono_2,DCs,Mono_1,Mono_1,Mono_1,Mono_1
Run5_134938019158445,DCs,DCs,Ery_2,DCs,Mega,Ery_1,Mega,DCs
Run5_134938019350835,DCs,DCs,DCs,DCs,DCs,DCs,DCs,DCs
Run5_134938032257907,Mono_1,Mono_1,Mono_1,DCs,Mono_1,Mono_1,Mono_1,Mono_1
Run5_134938050620699,Mono_2,DCs,DCs,DCs,DCs,DCs,DCs,DCs
Run5_135014240704923,DCs,Mono_1,DCs,DCs,Mono_2,DCs,DCs,DCs
Run5_135014267173670,Mono_2,DCs,DCs,DCs,DCs,DCs,DCs,DCs
Run5_135014286286070,Mono_1,DCs,DCs,DCs,DCs,Mega,Mono_1,Mega
Run5_135014286290270,Mono_1,DCs,Mono_1,DCs,Ery_1,Mono_1,Mega,Mono_1
Run5_135064452482924,Mono_1,Mono_1,Mono_1,DCs,Mono_1,Mono_1,Mono_1,Mono_1
Run5_135064452549364,Mono_1,Mono_1,Mono_1,DCs,Mono_1,Mono_1,Mono_1,Mono_1
Run5_135064464767413,Ery_2,Mega,Ery_2,Mega,Ery_2,Ery_1,Ery_2,Ery_1
Run5_135064465107747,Mono_1,Mono_1,Mono_2,Mono_1,Mono_1,Mono_1,Mono_1,Mono_1
Run5_135081885584621,Mono_2,DCs,DCs,DCs,DCs,DCs,DCs,DCs
Run5_135081886411054,DCs,DCs,DCs,DCs,Mono_2,DCs,DCs,DCs
Run5_135081913084340,Ery_2,Ery_2,Ery_2,Ery_2,Ery_2,Ery_2,Ery_2,Ery_2
Run5_135081913342236,DCs,Mega,Ery_2,DCs,DCs,DCs,DCs,Mono_2
Run5_135081932307366,Ery_2,Ery_2,Ery_2,Ery_2,Ery_2,Ery_2,Ery_2,Ery_2
Run5_135149143643875,Mono_1,Mono_1,Mono_1,DCs,Mono_1,Mono_1,Mono_1,Mono_1
Run5_135149155964780,Mono_1,DCs,Mono_1,Mono_2,Mono_2,DCs,Mono_1,Mono_2
Run5_135149156525940,Ery_2,Mega,Ery_2,Ery_2,Ery_1,Ery_2,Ery_2,Ery_2
Run5_135149175552428,Ery_2,Mono_2,Ery_1,Ery_2,Ery_2,Ery_2,Ery_2,Mega
Run5_135149175585587,Ery_2,DCs,Ery_2,DCs,Mega,DCs,Mega,Mega
Run5_135150470909211,Mono_2,HSC_1,Mono_1,Ery_2,Mono_1,DCs,Mono_2,Mono_1
Run5_135150471080733,Ery_1,Mega,Ery_2,Ery_2,Ery_2,Ery_1,Ery_2,Ery_1
Run5_135150485596390,Mega,Mega,Mega,Mega,Mega,Mega,Mega,Mega
Run5_135150485751668,Ery_2,Ery_2,Ery_2,Ery_2,Ery_2,Ery_2,Ery_2,Ery_2
Run5_135150498696412,Ery_1,Mega,Ery_2,Mega,Ery_2,Mega,Ery_2,Ery_1
Run5_135150498856229,DCs,DCs,DCs,DCs,Mono_2,DCs,DCs,DCs
Run5_135150517799221,HSC_2,DCs,Ery_2,DCs,DCs,DCs,Mega,Ery_1
Run5_135571511928604,DCs,DCs,DCs,Mono_2,Mega,Mega,DCs,Mega
Run5_135571512453492,DCs,DCs,DCs,DCs,Mono_1,DCs,Mega,DCs
Run5_135571526531892,Mega,Mega,Mega,Mega,Mega,Mega,Mega,Mega
Run5_135571526838003,Ery_1,Mega,Ery_1,Mono_2,Ery_1,Mega,Mega,DCs
Run5_135571539352286,Mega,DCs,Ery_2,DCs,Ery_1,DCs,Ery_1,Ery_1
Run5_135699958974299,Ery_2,Mega,Ery_2,Ery_2,Ery_1,Ery_2,Ery_2,Ery_1
Run5_135699959040357,Ery_1,Ery_2,Ery_2,Ery_2,Ery_2,Ery_1,Ery_2,Ery_1
Run5_135699985484517,Mono_2,DCs,DCs,DCs,Mono_2,DCs,Mono_1,DCs
Run5_135699986049318,Mono_1,Mono_1,Mono_1,DCs,DCs,Mono_1,Mono_2,Mono_2
Run5_135700004595572,Ery_1,DCs,Ery_1,Mega,Mega,Mega,Mega,Mono_2
Run5_155842549833060,Ery_1,HSC_1,Ery_1,Mega,Mega,DCs,DCs,Mono_1
Run5_155842564176236,Ery_2,Mega,DCs,Mega,Mega,DCs,Ery_1,DCs
Run5_155842565066078,Mono_1,Mono_1,Mono_1,DCs,Mono_1,Mono_1,Mono_1,Mono_1
Run5_155842577029414,DCs,DCs,DCs,DCs,DCs,DCs,Mono_1,HSC_2
Run5_155842577098614,Ery_1,Ery_1,Ery_2,Ery_2,Ery_2,Ery_2,Ery_2,Ery_1
Run5_155888854981020,Mono_2,Mono_1,Mono_2,DCs,Mono_1,Mono_1,DCs,DCs
Run5_155888855439133,Mono_1,DCs,Ery_2,Ery_2,Ery_2,Ery_2,Ery_2,Mega
Run5_155888882212076,Ery_1,HSC_2,DCs,DCs,Ery_1,HSC_1,DCs,Mega
Run5_155888882216181,Mono_1,Mono_1,Mono_1,DCs,Mono_1,Mono_1,Mono_1,Mono_1
Run5_155888882408798,Mono_1,Mono_2,DCs,DCs,Mono_1,Mono_1,Mono_2,Mono_2
Run5_155911403719515,Mono_1,Mono_1,Mono_1,Mono_2,Mono_1,Mono_1,Mono_1,Mono_1
Run5_155911403748787,Mono_1,Mono_1,Mono_1,DCs,Mono_1,Mono_1,Mono_1,Mono_1
Run5_155911418210587,Mono_2,DCs,DCs,DCs,Ery_2,DCs,DCs,DCs
Run5_155911418440036,Mono_1,Mono_1,Mono_1,DCs,Mono_1,Mono_1,Mono_1,Mono_1
Run5_155911430753125,Mono_1,Mega,Ery_1,DCs,Ery_2,DCs,Mono_2,Mono_1
Run5_155911431248684,Precursors,DCs,DCs,DCs,HSC_2,DCs,DCs,DCs
Run5_155911449921781,Mono_1,Mono_1,Mono_1,DCs,Mono_1,Mono_1,Mono_1,Mono_1
Run5_155971426310875,Ery_2,Ery_2,Ery_2,Ery_2,Ery_2,Ery_2,Ery_2,Ery_1
Run5_155971426576092,Mono_2,DCs,Mono_1,DCs,DCs,DCs,DCs,Mono_1
Run5_155971426634459,DCs,Mono_1,DCs,DCs,DCs,Mono_1,Mono_2,DCs
Run5_155971444979997,Mono_2,DCs,Mono_1,Mono_2,DCs,Ery_1,Ery_1,Ery_1
Run5_155971444992926,Mono_2,DCs,DCs,DCs,DCs,DCs,DCs,DCs
Run5_155971445180771,Ery_2,Mega,Ery_2,Ery_2,Ery_2,Ery_2,Ery_2,Ery_1
Run5_155972606769453,Mono_1,Mono_1,Mono_1,DCs,Mono_1,Mono_1,Mono_1,Mono_1
Run5_155972634331436,Mono_1,Mono_1,Ery_1,HSC_2,Mono_1,Mono_1,DCs,Mega
Run5_155972634593701,Mono_2,Mono_1,Mono_1,DCs,Mono_2,Mono_1,Mono_1,Mono_1
Run5_155972653235110,Mono_2,DCs,DCs,DCs,Mono_2,DCs,DCs,DCs
Run5_156024146083230,Ery_2,DCs,Ery_2,Ery_2,Ery_2,Ery_1,Ery_2,Ery_1
Run5_156024161101675,Ery_1,Mega,DCs,DCs,Mega,Mono_1,Mega,Mega
Run5_156024161355677,Mono_1,DCs,DCs,DCs,DCs,DCs,Mono_2,DCs
Run5_156024161557286,Ery_2,Ery_1,Ery_2,Ery_2,Ery_2,Ery_2,Ery_1,Ery_1
Run5_156024161615075,Mega,DCs,Mega,Mega,Ery_1,DCs,Mono_1,Mono_1
Run5_156024193075509,Ery_1,Mega,Ery_2,Ery_2,Ery_2,Ery_2,Ery_2,Ery_1
Run5_156453523639084,Mega,DCs,Mega,Ery_2,Mega,Ery_2,Ery_2,Mega
Run5_156453535890795,Mono_1,Mono_1,Mono_1,DCs,Mono_1,Mono_1,Mono_1,Mono_1
Run5_156453536221918,DCs,DCs,DCs,DCs,Mono_1,Mega,DCs,DCs
Run5_156453536644341,Ery_2,Mega,Ery_2,Ery_2,Ery_2,Ery_2,Ery_2,Ery_1
Run5_156453536717555,Ery_2,Ery_2,Ery_2,Ery_2,Ery_2,Ery_2,Ery_2,Ery_2
Run5_156453554732339,Mono_1,Mono_1,Mono_1,DCs,Mono_1,Mono_1,Mono_1,Mono_1
Run5_156453554772764,Mono_2,DCs,Mono_1,DCs,Mono_1,Mono_1,Mono_2,DCs
Run5_156453554998180,Mega,Mega,Ery_2,Mega,Mega,Ery_2,Ery_1,Ery_1
Run5_156463306753965,Mono_1,Mono_1,Mono_1,DCs,Mono_1,Mono_1,Mono_1,Mono_1
Run5_156463321274717,DCs,Mono_1,DCs,DCs,Mono_2,Mono_2,Mono_2,Mono_1
Run5_156463334083485,Mono_1,Mono_1,Mono_1,Mono_2,Mono_1,Mono_1,Mono_1,Mono_1
Run5_156463352929571,Mono_1,HSC_1,DCs,DCs,DCs,Mono_2,Ery_1,DCs
Run5_156463352933606,Ery_2,Mega,Mega,DCs,Mega,Ery_1,DCs,Ery_2
Run5_156515920165597,Ery_2,Mega,Ery_1,Ery_2,Ery_2,Mega,Ery_1,Ery_1
Run5_156515920426790,Ery_2,Ery_2,Ery_2,Ery_2,Ery_2,Ery_2,Ery_2,Ery_2
Run5_156515920468213,Ery_2,Ery_1,Ery_2,Ery_2,Ery_2,Ery_2,Ery_2,Ery_1
Run5_156515920627547,Ery_1,Mega,Mega,Mono_2,Mega,Mega,Mega,Mega
Run5_156515947167093,Ery_2,Mega,Ery_1,Mega,Ery_2,Ery_2,Mega,Mega
Run5_156515966598516,Mono_1,Mono_1,DCs,DCs,Mono_1,Mono_1,Mono_2,Mono_1
Run5_156933471288221,Ery_1,DCs,Ery_1,Mega,Mega,DCs,Mega,DCs
Run5_156933486438620,DCs,DCs,DCs,DCs,Ery_2,Mega,Mega,Mono_1
Run5_156933486766451,Mono_1,Mono_1,Mono_1,DCs,Mono_1,Mono_1,Mono_1,Mono_1
Run5_156933517855093,Mono_2,DCs,DCs,DCs,DCs,DCs,DCs,DCs
Run5_156933518219547,Ery_2,DCs,Ery_2,Ery_2,Ery_2,Ery_1,Ery_2,Ery_1
Run5_157004339014564,HSC_2,DCs,DCs,DCs,Mega,DCs,Mega,DCs
Run5_157004353418995,DCs,DCs,DCs,DCs,DCs,DCs,DCs,DCs
Run5_157004353453276,Mega,DCs,Ery_1,DCs,Ery_1,DCs,DCs,Mono_1
Run5_157004353465123,DCs,DCs,DCs,DCs,Mega,DCs,DCs,DCs
Run5_157004365784884,DCs,DCs,DCs,DCs,DCs,DCs,DCs,DCs
Run5_157071984519540,Mega,Mega,Mega,Mega,Mega,Mega,Mega,Mega
Run5_157071998839580,Mono_1,Mono_1,DCs,DCs,Mono_1,Mono_1,Mono_1,Mono_2
Run5_157072011967413,DCs,DCs,DCs,DCs,DCs,DCs,Mono_2,DCs
Run5_157072030292723,DCs,DCs,DCs,DCs,DCs,DCs,Mono_1,DCs
Run5_157072030652724,Mono_2,Mono_2,Mono_2,DCs,DCs,DCs,DCs,DCs
Run5_157140435199862,Mono_2,DCs,Ery_2,DCs,Mega,DCs,DCs,DCs
Run5_157140449912668,Ery_2,Ery_1,Ery_2,Ery_2,Ery_2,Ery_2,Ery_2,Ery_2
Run5_157140450434396,Mono_2,Mono_1,Mono_1,DCs,Mono_1,DCs,Mono_1,Mono_1
Run5_157477590657244,Mega,DCs,DCs,DCs,Mono_1,DCs,Mega,Mono_1
Run5_157477590746851,Mono_2,DCs,DCs,DCs,DCs,DCs,DCs,DCs
Run5_157477605424477,Mono_1,Mono_1,Mono_1,DCs,Mono_1,Mono_1,Mono_1,Mono_1
Run5_157477617755997,Ery_1,DCs,DCs,Mega,Ery_1,DCs,Mega,Mega
Run5_157486582716206,DCs,DCs,DCs,DCs,Mono_1,DCs,DCs,Mono_2
Run5_157486609755054,Precursors,DCs,Mega,DCs,Mega,Mono_1,DCs,Mono_1
Run5_157486628656875,Mono_2,DCs,DCs,DCs,DCs,DCs,DCs,DCs
Run5_157486628910942,Mega,DCs,Ery_2,Mega,Ery_1,DCs,Mono_2,DCs
Run5_157486629120795,DCs,DCs,DCs,DCs,Mega,Ery_2,Mega,Ery_2
Run5_157536914138854,Mono_1,Mono_1,Mono_1,DCs,Mono_1,Mono_1,Mono_1,Mono_1
Run5_157536914893020,Mono_1,Mono_1,DCs,DCs,Mono_1,Mono_1,Mono_1,Mono_1
Run5_157536929077979,Mono_2,DCs,DCs,DCs,DCs,DCs,DCs,DCs
Run5_157536929307877,Ery_2,Ery_1,Ery_2,Ery_2,Ery_2,Ery_2,Ery_2,Ery_1
Run5_157536960305052,Mono_2,DCs,DCs,DCs,DCs,DCs,DCs,DCs
Run5_157536960572838,Ery_2,DCs,Mega,Ery_2,Mega,Ery_2,Ery_1,Ery_1
Run5_157536961021851,Mono_1,Mono_1,Mono_1,Mono_1,Mono_2,Mono_1,Mono_1,Mono_1
Run5_157537719478110,Ery_2,DCs,Mega,DCs,Mega,Mega,DCs,Mega
Run5_157537734084526,Ery_2,Ery_1,Ery_2,Ery_2,Ery_2,Ery_2,Ery_2,Ery_2
Run5_157537765808883,DCs,DCs,DCs,Ery_2,Mega,DCs,DCs,Mega
Run5_157562550218075,Mono_1,DCs,DCs,DCs,Mono_1,Mono_1,Mono_1,DCs
Run5_157562550315756,Mono_2,Mono_1,Mono_1,DCs,DCs,Mono_1,Mono_2,Mono_1
Run5_157562577308382,Ery_2,Mega,Ery_2,Mega,Ery_2,Ery_2,Mega,Ery_1
Run5_157562577796318,DCs,DCs,DCs,DCs,DCs,Mono_1,DCs,DCs
Run5_157562595891484,DCs,DCs,Ery_2,DCs,DCs,DCs,Mega,DCs
Run5_157562596374813,Mono_2,Mono_1,DCs,DCs,Ery_1,DCs,DCs,Mono_1
Run5_157562596707749,DCs,DCs,DCs,DCs,Ery_1,Mono_1,DCs,Mega
Run5_157613955136739,Ery_2,Mega,Ery_2,Ery_2,Ery_2,Mega,Ery_2,Ery_1
Run5_157613955607853,Mono_2,Mono_1,DCs,DCs,Mono_2,DCs,DCs,Mono_1
Run5_157613955956011,Mono_1,DCs,DCs,DCs,DCs,DCs,DCs,DCs
Run5_157613970339766,Mono_1,Mono_1,Mono_1,Mono_2,Mono_1,Mono_1,Mono_1,Mono_1
Run5_157613970386267,Mono_1,Mono_1,Mono_1,DCs,Mono_1,Mono_1,Mono_1,Mono_1
Run5_157613970581925,HSC_2,DCs,DCs,DCs,DCs,DCs,DCs,DCs
Run5_157613982603549,Mega,Mega,Mega,Mega,Mega,Ery_1,Mega,Mega
Run5_157614001280747,Ery_2,Ery_2,Ery_1,Ery_2,Ery_2,Ery_2,Ery_2,Ery_1
Run5_157614001535324,Mono_1,Mono_1,DCs,DCs,Mono_2,DCs,Mono_1,Mono_2
Run5_157614001577270,Ery_2,Ery_1,Ery_2,Ery_2,Ery_2,Ery_2,Ery_2,Ery_2
Run5_157684151564126,Mono_1,Mono_1,DCs,DCs,Mono_1,Mono_1,Mono_1,DCs
Run5_157684166182630,Ery_1,Mega,Mega,Mega,Ery_2,Ery_2,Mega,Mega
Run5_157684166474486,Ery_2,Ery_2,Ery_2,Ery_2,Ery_2,Ery_2,Ery_2,Ery_1
Run5_157684178537316,Mono_2,DCs,Ery_2,Ery_2,Mega,Mega,Ery_1,Mono_1
Run5_157684179028341,DCs,DCs,DCs,DCs,DCs,DCs,DCs,DCs
Run5_157684197447917,Mono_1,Mono_1,Mono_1,DCs,Mono_1,Mono_1,Mono_1,Mono_1
Run5_157684197636910,Mono_1,Mono_1,Mono_1,DCs,Mono_1,Mono_1,Mono_1,Mono_1
Run5_157684197702566,Ery_1,Ery_2,Ery_2,Ery_2,Ery_2,Ery_2,Ery_2,Ery_1
Run5_157690339907941,Ery_1,Mega,Ery_2,DCs,Mega,DCs,Ery_2,Ery_1
Run5_157690352495523,DCs,DCs,Ery_2,DCs,Mega,Mega,DCs,Mono_1
Run5_157690352593243,Mono_2,Mono_1,Mono_1,DCs,DCs,Mono_1,Mono_1,Mono_1
Run5_157690352744748,Ery_1,Ery_1,Ery_1,Ery_2,Ery_2,Ery_1,Ery_2,Ery_2
Run5_157690371397540,Mono_1,Mono_1,Mono_1,DCs,Mono_1,Mono_1,Mono_1,Mono_1
Run5_157690371664163,Ery_2,Ery_1,Ery_2,Ery_2,Ery_2,Ery_2,Ery_2,Ery_1
Run5_160440044149084,Mono_2,Mono_1,DCs,DCs,Mono_1,DCs,DCs,DCs
Run5_160440058309915,Mono_1,Mono_1,Mono_1,DCs,Mono_1,Mono_1,Mono_1,Mono_1
Run5_160440058596140,DCs,DCs,DCs,DCs,DCs,DCs,DCs,DCs
Run5_160440058755507,Mono_2,DCs,DCs,DCs,DCs,DCs,DCs,DCs
Run5_160440070822301,DCs,DCs,Mono_1,DCs,Mono_1,DCs,Mono_1,DCs
Run5_160440070850909,Ery_2,Ery_2,Ery_2,Ery_2,Ery_2,Ery_2,Ery_2,Ery_1
Run5_160440071605166,Mono_2,DCs,DCs,DCs,DCs,DCs,DCs,DCs
Run5_160440071702940,Mono_1,DCs,DCs,DCs,DCs,DCs,DCs,DCs
Run5_160440090049398,Mono_1,DCs,DCs,DCs,DCs,Mega,Mega,DCs
Run5_160440090285797,Mono_2,DCs,DCs,DCs,DCs,DCs,DCs,DCs
Run5_160440090576819,DCs,DCs,DCs,Mono_1,Mega,Mega,Mega,Mono_1
Run5_160447843159397,DCs,Mono_1,DCs,DCs,DCs,DCs,DCs,DCs
Run5_160447855975837,Mono_2,DCs,DCs,DCs,DCs,DCs,Mono_2,DCs
Run5_160447856233397,HSC_2,DCs,Ery_1,DCs,Mega,DCs,Mono_1,Mega
Run5_160447874328294,Ery_2,Ery_2,Ery_2,Ery_2,Ery_2,Ery_2,Ery_2,Ery_2
Run5_160785117669293,DCs,DCs,DCs,DCs,DCs,DCs,DCs,DCs
Run5_160785117669683,Mono_1,DCs,DCs,DCs,Mono_2,DCs,DCs,DCs
Run5_160785132345059,Mono_2,DCs,DCs,DCs,DCs,HSC_1,Mega,DCs
Run5_160785132801436,Ery_1,Mega,Ery_2,Ery_2,Ery_2,Ery_1,Ery_2,Ery_1
Run5_160785144859365,DCs,Mega,DCs,Mega,Mega,Mega,Mega,Ery_2
Run5_160785144925028,DCs,DCs,DCs,DCs,Precursors,DCs,DCs,DCs
Run5_160785164294507,Mono_2,Mono_1,DCs,DCs,DCs,DCs,Mono_1,Mega
Run5_160903109663582,Mega,Precursors,Ery_2,Mega,Ery_2,Mono_1,Ery_2,Mono_1
Run5_160903109926107,DCs,DCs,DCs,DCs,DCs,DCs,DCs,DCs
Run5_160903122083174,Ery_2,Mega,Ery_2,Mega,Ery_2,Mega,Ery_2,Ery_1
Run5_160903141124900,DCs,DCs,DCs,DCs,DCs,DCs,DCs,DCs
Run5_160903141443500,DCs,DCs,DCs,Ery_2,Mono_1,DCs,DCs,DCs
Run5_160903141669174,Mono_1,Mega,Mega,Ery_2,Ery_2,Mega,Mega,Mega
Run5_160903141734646,Ery_2,Mono_1,Mega,Mega,Mega,Ery_2,Mega,Mega
Run5_160910638430645,Ery_1,DCs,DCs,Mega,Mega,Mega,Mega,Mega
Run5_160910657313062,DCs,Mega,Mega,DCs,Mega,Mono_1,Ery_1,Mega
Run5_160910657370460,Mono_1,Mono_2,Ery_2,Mono_2,Mono_1,Ery_1,Mono_1,Mono_1
Run5_160910657575723,DCs,DCs,DCs,DCs,DCs,DCs,DCs,DCs
Run5_160928731163556,Ery_1,DCs,DCs,DCs,DCs,DCs,Mono_1,Ery_1
Run5_160928745012469,Mega,Mega,Mega,Mega,Mega,Mega,Mega,Mega
Run5_160928777226590,Mono_1,Mono_1,Mono_1,DCs,Mono_1,Mono_1,Mono_1,Mono_1
Run5_160990068137253,Mega,DCs,Ery_2,Mega,Mono_1,Ery_2,Mega,Mono_1
Run5_160990068160307,DCs,DCs,DCs,DCs,Mono_1,DCs,Mono_2,DCs
Run5_160990068329317,Ery_2,Ery_2,Ery_2,Ery_2,Ery_2,Ery_2,Ery_2,Ery_2
Run5_160990068434789,Precursors,DCs,DCs,DCs,DCs,DCs,DCs,DCs
Run5_160990114006964,Mono_1,Mono_1,Mono_1,Mono_2,Mono_1,Mono_1,Mono_1,Mono_1
Run5_160996510788955,Ery_2,HSC_2,DCs,DCs,Mono_1,DCs,Mono_2,DCs
Run5_160996510844763,DCs,Mono_1,Mono_1,DCs,Mono_2,Mono_1,DCs,DCs
Run5_160996510849372,Mono_1,Mono_1,Mono_1,Mono_2,Mono_1,Mono_1,Mono_1,Mono_1
Run5_160996511074155,Ery_2,Ery_2,Ery_2,Ery_2,Ery_2,Ery_2,Ery_2,Ery_2
Run5_160996525231478,DCs,DCs,DCs,DCs,DCs,DCs,DCs,DCs
Run5_160996557175086,Mono_1,Mono_1,Mono_1,Mono_2,Mono_1,Mono_1,Mono_1,Mono_1
Run5_161340107643740,Mega,Mega,Mega,Mega,Mega,Mega,Mega,Mega
Run5_161340135426284,DCs,Mono_1,DCs,DCs,DCs,DCs,DCs,Mono_1
Run5_161340135790902,Mono_1,Mono_1,Mono_1,DCs,Mono_1,Mono_1,Mono_1,Mono_1
Run5_161340154039083,Mono_1,Mono_1,Mono_1,DCs,Mono_1,Mono_1,Mono_1,Mono_1
Run5_161411780700470,Mono_1,Mono_1,Mono_1,DCs,Mono_1,Mono_1,Mono_1,Mono_1
Run5_161411807730523,DCs,DCs,DCs,Ery_2,Mega,DCs,DCs,Mega
Run5_161451911071541,Mono_1,Mono_1,Mono_1,DCs,Mono_1,Mono_1,Mono_1,Mono_1
Run5_161451911526828,DCs,DCs,DCs,Ery_2,Mega,DCs,DCs,Mono_2
Run5_161451911834403,Mono_1,Mono_1,Mono_1,Mono_2,Mono_1,Mono_1,Mono_2,Mono_1
Run5_161451925760302,Ery_1,Mono_1,DCs,DCs,Mega,DCs,Mega,Mega
Run5_161451925982565,Mono_2,DCs,DCs,DCs,DCs,DCs,Mono_2,DCs
Run5_161451926215899,Mono_1,Mono_1,Mono_2,DCs,Mono_2,Mono_1,Mono_1,Mono_2
Run5_161451938531637,Mono_2,DCs,Mono_1,DCs,Mono_2,DCs,Mono_2,DCs
Run5_161451957246173,DCs,DCs,DCs,DCs,DCs,DCs,DCs,DCs
Run5_161451957246774,DCs,DCs,DCs,DCs,DCs,DCs,Mono_1,DCs
Run5_161451957765939,Mono_2,DCs,DCs,DCs,DCs,DCs,DCs,DCs
Run5_161451957927150,Mono_1,Mono_1,Mono_1,DCs,Mono_1,Mono_1,Mono_1,Mono_1
Run5_161462648432875,Ery_2,Ery_2,Ery_2,Ery_2,Ery_2,Ery_2,Ery_2,Ery_1
Run5_161462648747757,Mono_2,DCs,HSC_2,DCs,DCs,DCs,Mega,DCs
Run5_161462649252574,Ery_1,Mega,Ery_2,Mega,Mega,Mega,Ery_2,Ery_1
Run5_161462663689971,Ery_2,Ery_2,Ery_2,Ery_2,Ery_2,Ery_2,Ery_2,Ery_2
Run5_161462663723251,DCs,DCs,Ery_2,DCs,Mega,Ery_2,Mega,Mono_1
Run5_161462675757876,DCs,DCs,DCs,DCs,DCs,DCs,DCs,DCs
Run5_161462676024222,Mono_2,DCs,DCs,DCs,Mono_2,Mono_1,Mono_2,Mono_1
Run5_161462676216236,Mono_1,Mono_1,Mono_1,Mono_2,Mono_1,Mono_1,Mono_1,Mono_1
Run5_161462694656428,Mono_1,Mono_1,Mono_1,Mono_2,Mono_1,Mono_1,Mono_1,Mono_1
Run5_161462694865204,Mono_2,DCs,DCs,DCs,Mega,DCs,DCs,DCs
Run5_161462695192413,Ery_2,Ery_1,Ery_2,Ery_2,Ery_2,Ery_2,Ery_2,Ery_1
Run5_161478620637083,Ery_2,Ery_2,Ery_2,Ery_2,Ery_2,Ery_2,Ery_2,Ery_1
Run5_161478620690654,Ery_2,Ery_1,Ery_2,Ery_2,Ery_2,Ery_2,Ery_2,Ery_1
Run5_161478620964709,Ery_2,Ery_2,Ery_2,Ery_2,Ery_2,Ery_2,Ery_2,Ery_1
Run5_161478635015085,Mono_1,Mono_1,Mono_1,DCs,Mono_1,Mono_1,Mono_1,Mono_1
Run5_161478635018155,Mono_2,DCs,DCs,DCs,DCs,DCs,Mono_1,DCs
Run5_161478648130461,Mega,Mega,DCs,HSC_2,DCs,Ery_1,Mega,Ery_2
Run5_161548563335086,Ery_2,Mega,Mega,Ery_2,Ery_2,Mega,Ery_2,Ery_1
Run5_161548575394725,Ery_2,Ery_2,Ery_2,Ery_2,Ery_2,Ery_2,Ery_2,Ery_2
Run5_161548575553387,Mono_2,DCs,DCs,DCs,Mono_1,Mono_1,Mega,Mono_1
Run5_161864227941173,Mono_1,Mono_1,Mono_1,DCs,Mono_1,Mono_1,Mono_1,Mono_1
Run5_161864228137398,Ery_1,DCs,Mega,Mega,Mega,Mega,Mega,DCs
Run5_161864228162982,Mono_1,Mono_1,Mono_1,Mono_1,Mono_1,Mono_1,Mono_1,Mono_1
Run5_161864228395876,Mono_2,DCs,DCs,DCs,DCs,DCs,DCs,DCs
Run5_161864243436260,DCs,DCs,Ery_2,DCs,Mega,DCs,Mega,DCs
Run5_161864274004405,Ery_1,Ery_1,Ery_2,Ery_2,Ery_2,Ery_2,Ery_1,Ery_1
Run5_161864274269989,DCs,DCs,DCs,DCs,Mono_2,DCs,Mono_1,DCs
Run5_161883167288684,Mono_1,Mono_1,Mono_1,DCs,Mono_1,Mono_1,Mono_1,Mono_1
Run5_161883167537899,Mono_1,Mono_1,DCs,DCs,DCs,Mono_2,DCs,DCs
Run5_161883167808869,Ery_1,DCs,DCs,DCs,Ery_2,Precursors,Mega,Mono_1
Run5_161883167865075,Mono_1,Mega,Ery_2,DCs,Mega,Mega,Mono_2,Ery_2
Run5_161883168033076,DCs,DCs,DCs,DCs,DCs,DCs,DCs,DCs
Run5_161883180623587,Mega,Mono_1,Mega,Mega,Ery_2,Mega,Mega,Ery_2
Run5_161883198962589,Mono_1,DCs,DCs,DCs,DCs,DCs,DCs,DCs
Run5_161890937269108,DCs,Mono_1,DCs,DCs,DCs,DCs,DCs,DCs
Run5_161890951944990,DCs,DCs,DCs,DCs,DCs,DCs,DCs,DCs
Run5_161890952759717,Mono_2,DCs,DCs,DCs,DCs,DCs,DCs,DCs
Run5_161890983664038,Mono_1,Mono_1,Mono_1,DCs,Mono_2,Mono_1,Mono_1,Mono_1
Run5_161890983963060,Ery_2,Ery_2,Ery_2,Ery_2,Ery_2,Ery_2,Ery_2,Ery_2
Run5_161890984217308,Ery_2,Mega,Ery_2,Mega,Ery_2,Ery_2,Ery_2,DCs
Run5_161893219678125,DCs,Mono_1,Mono_1,DCs,Mono_1,Mono_1,Mono_1,Mono_1
Run5_161893233838836,Mono_1,Mono_1,Mono_1,DCs,Mono_1,Mono_1,Mono_1,Mono_1
Run5_161893246196573,DCs,DCs,DCs,DCs,Ery_1,DCs,DCs,Mono_2
Run5_161893265075125,DCs,DCs,DCs,DCs,DCs,Ery_1,DCs,DCs
Run5_161893265356581,Mono_1,Mono_2,DCs,DCs,DCs,DCs,DCs,DCs
Run5_161893265849139,DCs,DCs,DCs,DCs,DCs,DCs,DCs,DCs
Run5_161960476956974,Mono_2,DCs,DCs,DCs,DCs,DCs,DCs,DCs
Run5_161960508119411,Ery_2,Mega,Ery_2,Ery_2,Ery_2,Ery_2,Ery_2,Ery_1
Run5_161960508213174,DCs,DCs,DCs,Ery_2,Ery_1,DCs,DCs,DCs
Run5_161960508964142,DCs,DCs,DCs,DCs,Mega,DCs,Mega,Ery_2
Run5_162001533417372,Mega,Mega,Mono_1,Mega,Mega,Ery_1,Mega,Mega
Run5_162001548134131,Mono_2,Mono_1,DCs,DCs,Mono_1,Mega,Mono_1,DCs
Run5_162001579597147,HSC_2,DCs,Ery_2,Ery_2,Mega,HSC_1,Mega,Mono_1
Run5_162078842088860,Mono_1,Mono_1,Mono_1,Mono_2,Mono_1,Mono_1,Mono_1,Mono_1
Run5_162078842283867,Mono_2,DCs,DCs,HSC_2,Precursors,Precursors,Mega,DCs
Run5_162078842349987,Mono_2,DCs,DCs,DCs,Mono_1,DCs,Mono_2,Mono_2
Run5_162078842833638,Mono_2,Mono_1,DCs,DCs,Mono_1,DCs,DCs,DCs
Run5_162078857021285,DCs,DCs,DCs,HSC_2,DCs,DCs,DCs,DCs
Run5_162078857317108,DCs,DCs,DCs,DCs,DCs,DCs,DCs,DCs
Run5_162078857541350,Mono_2,DCs,Mono_2,Mono_2,Mono_1,DCs,Mono_1,Mega
Run5_162078869346013,Ery_1,Mega,Mega,Ery_2,Ery_1,Ery_2,Ery_2,Ery_1
Run5_162078870100196,Ery_2,Ery_2,Ery_2,Ery_2,Ery_2,Ery_2,Ery_2,Ery_2
Run5_162078870125427,Mono_2,DCs,DCs,DCs,Mono_1,Mono_1,Mono_2,DCs
Run5_162078888212780,Mono_2,DCs,DCs,DCs,DCs,DCs,Mega,DCs
Run5_162078888258867,DCs,DCs,DCs,DCs,DCs,DCs,Mega,DCs
Run5_162090653969637,Ery_1,Ery_1,Ery_1,Ery_2,Ery_2,Ery_2,Ery_2,Ery_1
Run5_162090667919779,Mono_2,DCs,Mega,DCs,Ery_1,Mega,Mega,DCs
Run5_162090668378419,Ery_2,Ery_2,Ery_2,Ery_2,Ery_2,Ery_2,Ery_2,Ery_1
Run5_162090668419443,Ery_2,Ery_1,Ery_2,Ery_2,Ery_2,Ery_2,Ery_2,Ery_1
Run5_162090680794358,Mono_2,DCs,DCs,DCs,DCs,DCs,DCs,DCs
Run5_162090681260395,Mono_2,DCs,DCs,DCs,Ery_2,HSC_2,Mega,DCs
Run5_162090681321884,DCs,DCs,DCs,DCs,Mega,HSC_1,Mega,HSC_2
Run5_164631946422502,Precursors,DCs,DCs,Mega,Ery_1,Ery_1,DCs,DCs
Run5_164631959428509,Ery_1,Mega,Mega,Mega,Mega,Ery_2,Ery_1,Ery_1
Run5_164631959751453,Mono_1,Mono_1,Mono_1,DCs,Mono_1,Mono_1,Mono_1,Mono_1
Run5_164631977839027,DCs,DCs,DCs,DCs,DCs,DCs,DCs,DCs
Run5_164631977875677,Ery_2,DCs,DCs,DCs,Mono_1,DCs,DCs,Ery_2
Run5_164631978101093,Ery_2,DCs,Ery_2,DCs,DCs,DCs,Ery_2,Ery_1
Run5_164698906278253,Mono_2,DCs,DCs,Mono_2,Mono_2,DCs,Mono_2,DCs
Run5_164698907065182,Ery_2,Ery_1,Ery_2,Ery_2,Ery_2,Ery_2,Ery_2,Ery_1
Run5_164698921229723,Mono_1,Mono_1,Mono_1,DCs,Mono_2,Mono_1,Mono_1,Mono_1
Run5_164698921749229,DCs,DCs,Mono_1,DCs,DCs,DCs,DCs,DCs
Run5_164698921842923,Mono_1,Mono_1,Mono_2,DCs,Mono_1,Mono_1,Mono_1,Mono_1
Run5_164698933651885,DCs,DCs,DCs,DCs,DCs,DCs,DCs,DCs
Run5_164698952452459,DCs,Mega,DCs,DCs,Mega,DCs,Mega,Mono_1
Run5_164698952686389,DCs,Mono_1,DCs,DCs,Mega,DCs,DCs,DCs
Run5_164753399208804,Mono_1,DCs,DCs,Mono_1,DCs,DCs,DCs,DCs
Run5_164753399540572,Mono_1,Mono_1,Mono_1,DCs,Mono_1,Mono_1,Mono_1,Mono_1
Run5_164753414155507,Mono_1,Mono_1,Mono_1,DCs,Mono_1,Mono_1,Mono_1,Mono_1
Run5_164753425979700,Ery_2,Ery_1,Ery_2,Ery_2,Ery_2,Ery_2,Ery_2,Ery_1
Run5_164753426012523,Mono_2,DCs,DCs,DCs,DCs,DCs,DCs,DCs
Run5_164753426300150,Mono_1,Mono_1,Mono_1,DCs,Mono_1,Mono_1,Mono_1,Mono_1
Run5_164753445435613,Mono_2,DCs,DCs,DCs,DCs,DCs,DCs,DCs
Run5_164753445702515,Ery_2,Ery_2,Ery_2,Ery_2,Ery_2,Ery_2,Ery_2,Ery_2
Run5_164761049970548,Mono_1,Mono_1,Mono_1,DCs,DCs,Mono_1,Mono_1,Mono_1
Run5_164761064323811,Mono_1,Mono_1,Mono_1,DCs,Mono_1,Mono_1,Mono_1,Mono_1
Run5_164761076713820,Ery_2,Mega,Ery_2,Ery_2,Ery_2,Ery_1,Ery_2,Ery_1
Run5_164761077148979,Mono_2,DCs,DCs,DCs,DCs,DCs,DCs,DCs
Run5_164761095752494,Ery_1,DCs,DCs,DCs,DCs,DCs,DCs,DCs
Run5_164761095817461,Ery_2,Ery_1,Ery_1,Ery_2,Ery_2,Ery_1,Ery_2,Ery_1
Run5_164761095854004,Mono_2,DCs,DCs,DCs,Mono_1,DCs,DCs,DCs
Run5_164761095858013,HSC_2,DCs,DCs,DCs,DCs,HSC_2,DCs,Mono_1
Run5_164769504909660,DCs,Mono_2,DCs,DCs,Mono_2,Mono_1,DCs,Mono_1
Run5_164769505164701,Ery_2,Ery_2,Ery_2,Ery_2,Ery_2,Ery_2,Ery_2,Ery_1
Run5_164769519847654,Mono_1,Mono_1,Mono_1,Mono_2,Mono_1,Mono_1,Mono_1,Mono_1
Run5_164769520052660,Mono_1,Mono_2,Mono_1,DCs,Mono_1,Mono_1,Mono_1,Mono_1
Run5_164769532169011,Mono_2,DCs,DCs,DCs,Mono_1,Mono_1,Mega,DCs
Run5_164769532431070,DCs,DCs,DCs,DCs,Mono_1,DCs,DCs,DCs
Run5_164769532951971,Mega,Mega,Mega,Ery_2,Mega,Ery_1,Mega,Mega
Run5_164769551268125,Mono_1,Mono_1,Mono_1,DCs,Mono_1,Mono_1,Mono_1,Mono_1
Run5_164769551537972,Mono_1,Mono_1,Mono_1,Mono_2,Mono_1,Mono_1,Mono_1,Mono_1
Run5_164769551796526,Mega,Mono_1,Mono_1,Mega,Mega,Mega,Mega,Mega
Run5_164818777754483,DCs,HSC_1,Ery_1,DCs,Mono_1,Mega,DCs,DCs
Run5_164818790075254,DCs,DCs,DCs,DCs,Mono_2,HSC_1,Mono_1,DCs
Run5_164818790603492,Ery_1,Mega,Mega,Ery_2,Ery_2,Ery_2,Ery_2,Mega
Run5_164818809413028,Ery_2,Mega,Ery_2,Ery_2,Ery_2,Ery_2,Ery_2,Ery_1
Run5_164818809678749,Ery_2,DCs,DCs,DCs,DCs,DCs,DCs,DCs
Run5_165164910235036,Ery_2,DCs,Ery_1,Mega,Mega,Ery_1,Mega,Ery_2
Run5_165164910759341,DCs,DCs,DCs,DCs,DCs,DCs,DCs,DCs
Run5_165164910831413,Mono_2,DCs,DCs,DCs,DCs,DCs,DCs,DCs
Run5_165164911016758,Mono_1,Mono_1,DCs,DCs,Mono_1,Mono_1,Mono_1,Mono_1
Run5_165164911049515,Mono_1,Mono_1,Mono_1,DCs,Mono_1,Mono_1,Mono_1,Mono_1
Run5_165164925180261,Precursors,Mono_1,DCs,DCs,Mono_2,DCs,DCs,Mono_1
Run5_165164925765363,Mono_2,Mono_2,Mono_1,DCs,DCs,DCs,Mono_1,DCs
Run5_165164937829171,Mono_1,DCs,Mega,Precursors,Ery_1,Ery_1,Mega,DCs
Run5_165164938283821,Mono_1,Mono_1,Mono_2,DCs,Ery_1,Mono_1,Mono_1,Mono_2
Run5_165164956931933,Mono_2,DCs,DCs,DCs,Mono_2,DCs,DCs,DCs
Run5_165164957252445,Mega,Mega,Mega,Mega,Mega,Mega,Mega,Mega
Run5_165164957252972,Mono_1,Mono_1,Mono_1,Mono_2,Mono_1,Mono_1,Mono_2,Mono_1
Run5_165188398672179,DCs,DCs,DCs,DCs,Mono_1,DCs,Mono_1,DCs
Run5_165188398898612,DCs,DCs,Mono_1,DCs,Ery_2,Mega,Mega,Ery_1
Run5_165188398966619,DCs,DCs,DCs,DCs,Mega,DCs,DCs,DCs
Run5_165188399119198,Ery_2,Ery_2,Ery_2,Ery_2,Ery_2,Ery_1,Ery_2,Ery_1
Run5_165188413082030,Ery_2,Ery_2,Ery_2,Ery_2,Ery_2,Ery_2,Ery_2,Ery_2
Run5_165188413545701,Ery_2,Ery_2,Ery_1,Ery_2,Ery_2,Ery_2,Ery_2,Ery_1
Run5_165188444575965,Mono_2,DCs,DCs,DCs,Mono_1,Mono_1,Mono_1,Mono_1
Run5_165188445322483,DCs,DCs,Mega,DCs,Mono_1,DCs,Mega,Mega
Run5_165188445325614,Ery_2,Ery_1,Ery_2,Ery_2,Ery_2,Ery_2,Ery_2,Ery_2
Run5_165232422018333,Ery_2,DCs,DCs,DCs,DCs,DCs,DCs,DCs
Run5_165232449117542,DCs,DCs,DCs,DCs,Mono_1,DCs,DCs,DCs
Run5_165232467957997,Mega,DCs,Ery_2,DCs,Mega,Ery_1,Mega,Ery_2
Run5_165302215339365,DCs,DCs,DCs,DCs,Mono_2,DCs,DCs,Mono_1
Run5_165302230177643,Ery_2,DCs,Ery_2,Mega,Ery_1,DCs,Mono_2,DCs
Run5_165302261692148,Mono_2,DCs,DCs,DCs,DCs,DCs,DCs,DCs
Run5_165302261693363,Ery_2,Ery_1,Ery_2,Ery_2,Ery_2,Ery_2,Ery_2,Ery_2
Run5_165302261962590,DCs,DCs,DCs,DCs,Mono_1,Mono_2,DCs,DCs
Run5_165325583595246,Mono_2,DCs,DCs,DCs,Mono_1,Mono_2,DCs,Mono_2
Run5_165325615582556,Ery_2,Ery_1,Ery_2,Ery_2,Ery_2,Ery_2,Ery_2,Ery_1
Run5_165325615621981,Ery_1,Ery_1,Ery_2,Ery_2,Ery_2,Ery_2,Ery_1,Ery_1
Run5_165327850879403,DCs,DCs,Mono_1,DCs,Mono_1,Mono_1,Mono_1,Mono_1
Run5_165327878442406,Mono_1,Mono_1,Mono_2,DCs,Mono_1,Mono_1,Mono_1,Mono_1
Run5_165385698425581,DCs,DCs,DCs,DCs,Mono_1,Precursors,DCs,DCs
Run5_165385713138932,Ery_2,Ery_2,Ery_2,Ery_2,Ery_2,Ery_2,Ery_2,Ery_1
Run5_165385725992221,DCs,DCs,DCs,DCs,DCs,DCs,DCs,DCs
Run5_165385744796020,Mono_1,Mono_1,Mono_1,DCs,Mono_1,Mono_1,Mono_1,Mono_1
Run5_165385744895388,Mono_1,Mono_1,Mono_1,DCs,Precursors,Mono_1,DCs,DCs
Run5_165385745316149,Ery_1,Mega,Ery_2,Ery_2,Ery_2,Ery_2,Ery_2,Ery_1
Run5_165738974923507,Ery_2,DCs,DCs,Ery_2,HSC_2,DCs,Mono_2,DCs
Run5_165738987604380,Mono_1,DCs,Mono_1,DCs,DCs,Mono_1,Mono_2,DCs
Run5_165739006224109,DCs,DCs,DCs,DCs,DCs,DCs,DCs,DCs
Run5_165739006442798,Mono_1,Mono_1,Mono_1,Mono_1,Mono_1,Mono_1,Mono_1,Mono_1
Run5_165739006479131,DCs,DCs,DCs,DCs,DCs,DCs,DCs,DCs
Run5_165741390155126,Mono_2,DCs,DCs,DCs,Mega,Ery_1,DCs,DCs
Run5_165741390641899,Mono_2,DCs,DCs,DCs,DCs,DCs,DCs,DCs
Run5_165741390948131,Ery_1,DCs,DCs,DCs,DCs,DCs,Mono_1,DCs
Run5_165741421874550,Ery_2,Ery_2,Ery_2,Ery_2,Ery_2,Ery_2,Ery_2,Ery_1
Run5_165851837091182,HSC_2,Mega,Mega,DCs,Mega,DCs,Mega,Mega
Run5_165851851806446,DCs,DCs,Ery_2,Ery_1,Mega,DCs,DCs,DCs
Run5_165851852041459,DCs,DCs,DCs,DCs,Mono_1,DCs,DCs,DCs
Run5_165851852073381,Mono_2,Mega,Mega,DCs,Mega,DCs,Mono_2,DCs
Run5_165851883289950,Mono_2,DCs,DCs,DCs,Mono_1,DCs,DCs,DCs
Run5_165851883321126,Mono_1,Mono_1,Mono_1,DCs,Mono_1,Mono_1,Mono_1,Mono_1
Run5_165851883588467,Mono_1,DCs,DCs,Mega,Mega,DCs,Ery_2,Mono_1
Run5_165858413296933,DCs,DCs,DCs,DCs,Mega,Mono_1,Mega,Mega
Run5_165858414029731,Ery_2,DCs,Ery_2,Ery_2,Ery_2,Ery_1,Ery_2,Ery_1
Run5_165858414115635,Mega,Mono_1,Mono_1,Mega,Mono_1,Mega,Mono_1,Mono_1
Run5_165858427918251,DCs,Mega,Ery_2,DCs,Ery_1,Ery_2,Mega,Mega
Run5_165858441345907,Mono_1,Mono_1,Ery_2,Mega,Mono_2,Mega,Mono_1,Mega
Run5_165858441358621,Ery_2,Ery_1,Ery_2,Ery_2,Ery_2,Ery_2,Ery_2,Ery_1
Run5_165858459958694,Mono_1,Mono_1,Mono_2,DCs,Mono_1,Mono_1,Mono_1,Mono_1
Run5_165860292347635,Mono_2,Mega,DCs,DCs,Ery_2,Mega,DCs,DCs
Run5_165860319611614,Mono_1,Mono_1,Mono_1,Mono_1,Mono_1,Mono_1,Mono_1,Mono_1
Run5_165860319841012,Ery_2,Ery_1,Ery_2,Ery_2,Ery_2,Ery_2,Ery_2,Ery_1
Run5_165860320406308,DCs,DCs,DCs,DCs,DCs,DCs,DCs,DCs
Run5_165860338522974,Mono_1,Mono_1,Mono_1,DCs,Mono_1,DCs,Mono_2,Mono_1
Run5_165860338756381,Mono_2,DCs,DCs,DCs,DCs,Mono_1,DCs,DCs
Run5_165945520642284,Ery_2,Ery_2,Ery_2,Ery_2,Ery_2,Ery_2,Ery_1,Ery_2
Run5_165945535485869,Ery_2,DCs,DCs,DCs,Mono_1,DCs,DCs,Mono_1
Run5_165945535585574,Ery_2,Mega,Ery_2,Ery_2,Mega,Ery_2,Ery_2,Ery_1
Run5_165945535780662,Ery_2,Ery_1,Ery_2,Ery_2,Ery_2,Ery_2,Ery_2,Ery_1
Run5_165945548651742,DCs,DCs,Mono_1,DCs,Ery_2,DCs,Mega,Ery_1
Run5_165946191928219,Ery_2,Ery_2,Ery_2,Ery_2,Ery_2,Ery_2,Ery_2,Ery_1
Run5_165946206932253,Mono_1,Mono_1,Mono_1,Mono_2,Mono_1,Mono_1,Mono_1,Mono_1
Run5_165946219249013,Mono_2,DCs,DCs,DCs,DCs,DCs,DCs,DCs
Run5_165946238287133,DCs,DCs,DCs,DCs,Mono_1,DCs,Mono_1,Mono_1
Run5_165946238294827,Mono_2,DCs,DCs,DCs,Mono_1,Mega,DCs,DCs
Run5_165946238561077,Mono_1,Mono_1,Mono_1,DCs,Mono_1,Mono_1,Mono_1,Mono_1
Run5_166264154286323,Ery_2,DCs,Ery_2,Ery_2,Ery_2,Ery_2,Ery_2,Ery_1
Run5_166264168212844,DCs,Mega,DCs,DCs,Ery_1,Mega,Mega,Ery_2
Run5_166264168930036,HSC_2,Ery_1,Ery_2,DCs,Ery_1,DCs,DCs,Mono_1
Run5_166264181209964,Mono_2,Mono_1,DCs,DCs,DCs,DCs,Mono_1,DCs
Run5_166264199628724,Ery_2,Mega,Mega,Mega,Ery_2,Mega,Ery_2,Ery_1
Run5_166288044772260,Mono_2,DCs,Mono_2,DCs,DCs,DCs,DCs,DCs
Run5_166288044779245,DCs,DCs,DCs,DCs,Mono_1,DCs,DCs,Mono_1
Run5_166288058924276,Ery_1,DCs,Ery_2,DCs,Ery_2,Mega,Mega,Ery_2
Run5_166288059132700,Mono_1,DCs,Ery_2,HSC_2,Mono_1,Mono_1,Mega,Mega
Run5_166288090655461,Ery_2,Ery_2,Ery_2,Ery_2,Ery_2,Ery_2,Ery_2,Ery_2
Run5_166288090679731,HSC_2,Mono_1,DCs,DCs,DCs,DCs,DCs,DCs
Run5_166290863569707,DCs,DCs,DCs,DCs,DCs,DCs,DCs,DCs
Run5_166290890808053,Mono_1,Mono_1,Mono_1,DCs,Mono_1,Mono_1,Mono_1,Mono_1
Run5_166290909227805,Mono_2,Mono_2,DCs,DCs,DCs,DCs,Mono_2,DCs
Run5_166332082346334,Ery_2,DCs,DCs,Mono_1,Mono_1,Mono_2,DCs,Mono_2
Run5_166332082899244,Mono_1,Mono_1,Mono_1,Mono_2,Mono_1,Mono_1,Mono_1,Mono_1
Run5_166332113738670,DCs,DCs,DCs,DCs,DCs,Mono_1,DCs,DCs
Run5_166332113807214,Mega,Mega,Mega,Mega,Ery_2,Ery_2,Ery_2,Ery_1
Run5_166332114262365,Ery_2,Ery_1,Ery_2,Ery_2,Ery_2,Mega,Ery_2,Ery_2
Run5_166332114364772,Mono_1,Mega,Ery_2,Ery_2,Ery_2,DCs,Ery_2,Ery_1
Run5_166351395736876,Mono_1,DCs,Mono_1,DCs,Mono_1,Mono_1,Mono_1,Mono_1
Run5_166351395743964,Mono_2,Mega,Mega,DCs,Ery_1,Mega,Ery_2,Ery_2
Run5_166351409900901,Mono_1,Mega,Ery_2,Mega,Ery_2,Ery_1,Mega,Mega
Run5_166351410154397,Ery_2,Ery_2,Ery_2,Ery_2,Ery_2,Ery_2,Ery_2,Ery_2
Run5_166351441193268,DCs,DCs,DCs,DCs,DCs,DCs,DCs,DCs
Run5_166400384687350,DCs,DCs,DCs,DCs,DCs,DCs,DCs,DCs
Run5_166400384976820,DCs,Mono_1,Mono_1,DCs,Mono_1,Mono_1,Mono_1,Mono_1
Run5_166400385005350,Mono_2,DCs,DCs,Ery_2,Mono_1,Precursors,Mega,DCs
Run5_166400399141299,Mono_1,Mono_1,DCs,DCs,Mono_1,Mono_1,Ery_1,DCs
Run5_166400399206764,DCs,DCs,DCs,DCs,DCs,DCs,DCs,DCs
Run5_166400412274019,Mono_2,DCs,DCs,DCs,DCs,DCs,Mono_2,DCs
Run5_166400430857131,Ery_1,DCs,Mega,Ery_2,Mega,Mega,Ery_2,Ery_1
Run5_166400430893867,Ery_1,Mega,Ery_2,Ery_2,Ery_2,Ery_2,Ery_2,Ery_1
Run5_166400431418667,Mono_1,Mono_1,Mono_1,DCs,Mono_1,Mono_1,Mono_1,Mono_1
Run5_166416893273971,Mono_1,Mono_1,Mono_1,Mono_2,Mono_1,Mono_1,Mono_1,Mono_1
Run5_166416893458678,Ery_2,DCs,DCs,DCs,Mega,DCs,Mega,DCs
Run5_166416907979118,Mono_2,Mono_1,Mono_1,DCs,Mono_1,Mono_1,Mono_1,Mono_1
Run5_166416907986867,DCs,DCs,DCs,DCs,Mono_1,DCs,Mega,DCs
Run5_166416908500268,Ery_2,Ery_2,Ery_2,Ery_2,Ery_2,Ery_2,Ery_2,Ery_1
Run5_166416920763701,DCs,DCs,DCs,DCs,DCs,DCs,DCs,DCs
Run5_166416921246454,DCs,DCs,DCs,DCs,Mono_2,DCs,DCs,DCs
Run5_166416921352542,Mono_1,Mono_1,Mono_1,DCs,Mono_1,Mono_1,Mono_1,Mono_1
Run5_166416939642275,Mono_2,Mono_1,DCs,DCs,DCs,DCs,DCs,DCs
Run5_166416939870565,Mono_2,DCs,DCs,DCs,Mono_2,Mono_2,DCs,DCs
Run5_166469238901484,Mono_1,Mono_1,Mono_1,Mono_2,Mono_2,Mono_1,Mono_1,Mono_1
Run5_166469265377654,DCs,DCs,Mono_1,DCs,Mono_2,Mono_1,Mono_2,DCs
Run5_166469265672038,DCs,DCs,DCs,DCs,Precursors,DCs,DCs,DCs
Run5_169014006758196,HSC_2,DCs,DCs,DCs,DCs,DCs,DCs,DCs
Run5_169014021736350,Ery_2,Mono_1,Ery_1,Ery_1,Ery_2,Ery_2,Ery_2,Ery_1
Run5_169014033836460,Mono_2,DCs,DCs,DCs,DCs,DCs,DCs,DCs
Run5_169014034283813,Ery_2,Mega,Ery_1,Ery_2,Mega,Mega,Ery_1,Ery_1
Run5_169014034323740,DCs,DCs,DCs,DCs,Mono_2,DCs,DCs,DCs
Run5_169014052698013,Mono_2,DCs,DCs,DCs,DCs,DCs,DCs,DCs
Run5_169014052698460,DCs,DCs,DCs,DCs,DCs,DCs,Mono_1,DCs
Run5_169022462749603,DCs,DCs,DCs,DCs,DCs,DCs,DCs,DCs
Run5_169022476696995,Mono_1,Mono_1,Mono_1,DCs,Mono_1,Mono_1,Mono_2,Mono_1
Run5_169022490008867,Ery_2,DCs,DCs,Mega,Mega,DCs,Mega,Mega
Run5_169027845932957,Mega,DCs,DCs,DCs,Mega,DCs,Mega,DCs
Run5_169027858549164,Mono_1,Mono_1,Mono_1,DCs,Mono_1,Mono_1,Mono_1,Mono_1
Run5_169027877693677,Ery_2,DCs,Mega,Mega,Mega,Mega,Mega,Mega
Run5_169082619083187,Mono_1,Mono_1,Mono_1,DCs,Mono_2,Mono_1,Mono_2,Mono_2
Run5_169082619119964,Mono_2,Mono_1,Mono_1,DCs,Mono_1,Mono_1,Mono_2,Mono_1
Run5_169082637696355,Mono_1,DCs,Ery_2,Mega,Mega,Mega,Ery_1,Mega
Run5_169151714479028,Ery_2,Ery_1,Ery_2,Ery_2,Ery_2,Ery_2,Ery_2,Ery_1
Run5_169151741180276,DCs,DCs,DCs,DCs,Ery_1,Mega,DCs,DCs
Run5_169151760358684,Ery_1,Mega,Ery_2,Ery_2,Ery_2,Ery_2,Ery_2,Ery_1
Run5_169156963424675,Ery_2,Ery_2,Ery_2,Ery_2,Ery_2,Ery_2,Ery_2,Ery_2
Run5_169156963646246,Ery_2,Ery_2,Ery_2,Ery_2,Ery_2,Ery_2,Ery_2,Ery_1
Run5_169156975942491,Mono_1,Mono_1,Mono_1,DCs,Mono_1,Mono_1,Mono_1,Mono_1
Run5_169156976200939,Ery_2,DCs,Ery_2,Ery_2,Ery_2,Ery_2,Ery_2,Ery_1
Run5_169156976209124,Mono_2,DCs,Ery_1,Mega,Mono_1,Mega,Ery_2,Mega
Run5_169156994779491,Mono_1,Mono_1,Mono_1,DCs,Mono_1,Mono_1,Mono_1,Mono_1
Run5_169156995110750,Ery_2,Ery_1,Ery_2,Ery_2,Ery_2,Ery_2,Ery_2,Ery_1
Run5_169158156957533,Mono_1,Mono_1,DCs,DCs,DCs,DCs,DCs,Mono_1
Run5_169158183610228,Mono_2,Mega,Ery_2,Mega,Mono_1,Ery_1,DCs,Ery_1
Run5_169158202808677,Ery_2,Ery_2,Ery_2,Ery_2,Ery_2,Ery_2,Ery_2,Ery_1
Run5_169158827260268,Ery_2,Ery_1,Ery_2,Ery_2,Ery_2,Ery_2,Ery_2,Ery_1
Run5_169158842632947,Mono_1,Mono_1,Mono_1,Mono_2,Mono_1,Mono_1,Mono_1,Mono_1
Run5_169158854458796,DCs,DCs,DCs,DCs,DCs,DCs,DCs,DCs
Run5_169158854724981,Mono_1,Mono_2,Mono_1,DCs,Mono_1,Mono_1,Mono_1,Mono_1
Run5_169158873606452,Mono_1,Mono_1,Mono_1,DCs,Mono_1,Mono_1,Mono_1,Mono_1
Run5_169174262835045,Mono_1,Mono_1,Mono_1,DCs,Mono_2,Mono_1,Mono_1,Mono_1
Run5_169174263032542,Mono_1,Mono_1,Mono_1,DCs,Mono_1,Mono_1,Mono_1,Mono_1
Run5_169174277242220,Mono_1,Mono_1,Mono_1,Mono_2,Mono_1,Mono_1,Mono_1,Mono_1
Run5_169174277414182,Ery_2,Mega,Ery_2,Ery_2,Ery_2,Ery_2,Ery_2,Ery_1
Run5_169174289833198,Mono_2,Mono_1,Mono_1,DCs,Mono_1,Mono_1,Mono_1,Mono_1
Run5_169174289833270,Mono_1,Mono_1,Mono_1,DCs,Mono_1,Mono_1,Mono_1,Mono_1
Run5_169174290291051,Mega,Mono_1,Ery_1,Ery_2,Ery_2,Ery_2,Ery_2,Ery_1
Run5_169174308408606,Mono_2,DCs,DCs,DCs,DCs,DCs,DCs,DCs
Run5_169174309227379,Mono_2,DCs,DCs,DCs,DCs,DCs,DCs,DCs
Run5_169572486466923,Ery_1,DCs,Mega,Ery_2,Ery_2,Ery_1,Ery_2,Ery_1
Run5_169572501707508,Mono_1,Mono_1,Mega,Mega,Mega,Mega,Mega,Mega
Run5_169572513470886,Mono_1,Mega,Ery_1,Ery_1,Mega,Ery_1,Mega,Mega
Run5_169572513528694,Ery_2,DCs,Mega,Mega,Mega,DCs,Ery_2,Mono_1
Run5_169572513533275,Mono_1,Mono_1,Mono_2,DCs,Mono_1,Mono_1,Mono_1,Mono_1
Run5_169572532664101,Precursors,Mono_1,Mono_1,DCs,DCs,Mono_1,Mono_1,DCs
Run5_169572533193564,DCs,DCs,DCs,DCs,DCs,DCs,DCs,DCs
Run5_169579734755611,Ery_2,Ery_2,Ery_2,Ery_2,Ery_2,Ery_2,Ery_2,Ery_1
Run5_169579748996964,Ery_1,Mono_1,Ery_2,HSC_2,DCs,Mono_1,Mega,Mono_1
Run5_169579780164019,Mono_2,Mono_2,DCs,DCs,Mono_1,Mono_1,Mono_1,Mono_2
Run5_169579780171563,HSC_2,DCs,DCs,DCs,Ery_1,DCs,DCs,DCs
Run5_169579780369702,DCs,DCs,DCs,DCs,DCs,DCs,DCs,DCs
Run5_169587518658934,DCs,DCs,DCs,DCs,Mono_1,DCs,DCs,DCs
Run5_169587518950118,Mono_2,DCs,DCs,Ery_2,Mega,DCs,DCs,DCs
Run5_169587519109940,Mono_2,DCs,DCs,DCs,DCs,DCs,Mono_1,Mono_1
Run5_169587533310892,Mono_1,Mono_1,Mono_1,Mono_2,Mono_1,Mono_1,Mono_1,Mono_1
Run5_169587546213806,Ery_1,DCs,DCs,DCs,Mega,Ery_1,DCs,DCs
Run5_169587546642676,Mono_1,Mono_1,Mono_1,Mono_2,Mono_1,Mono_1,Mono_1,Mono_1
Run5_169587546672363,Ery_2,DCs,DCs,DCs,Mono_1,DCs,DCs,DCs
Run5_169587564828907,DCs,DCs,DCs,DCs,DCs,DCs,DCs,DCs
Run5_169587565083548,Mono_1,Mono_1,Mono_1,DCs,Mono_1,Mono_1,Mono_1,Mono_1
Run5_169723764796259,Mono_2,DCs,Ery_2,DCs,DCs,DCs,DCs,Mono_1
Run5_169723777145627,Ery_2,Ery_2,Ery_2,Ery_2,Ery_2,Ery_2,Ery_2,Ery_2
Run5_169723777211702,Ery_1,Ery_1,Ery_2,Ery_2,Ery_2,Ery_2,Ery_2,Ery_1
Run5_169727105845486,Ery_2,Precursors,DCs,DCs,Mega,Mega,Mega,DCs
Run5_169727120324971,Mono_1,DCs,DCs,Mega,Mega,Mega,Mega,DCs
Run5_169727132587886,Ery_1,DCs,Mega,Ery_2,Mega,Ery_1,Mega,Mega
Run5_169727151983542,DCs,DCs,DCs,HSC_2,Mega,Ery_1,Mega,Mega
Run5_169768846837492,Ery_2,Ery_2,Ery_2,Ery_2,Ery_2,Ery_2,Ery_2,Ery_2
Run5_169768874358630,Mono_1,DCs,DCs,DCs,Mono_2,DCs,Mono_2,DCs
Run5_169768893692214,Mega,Mega,Mega,Mega,Mega,Mega,Ery_2,Mega
Run5_169793543138532,DCs,DCs,DCs,DCs,Ery_2,Mega,Mega,Mega
Run5_169793543169963,Mono_1,Mono_1,Mono_1,Mono_2,Mono_1,Mono_1,Mono_1,Mono_1
Run5_169793543432027,Mono_2,DCs,Mono_1,DCs,Mega,DCs,DCs,DCs
Run5_169793557481390,Mono_2,DCs,DCs,DCs,DCs,DCs,DCs,DCs
Run5_169793557511413,Ery_2,Ery_2,Ery_2,Ery_2,Ery_2,Ery_2,Ery_2,Ery_1
Run5_169793557813036,DCs,DCs,DCs,DCs,DCs,DCs,DCs,DCs
Run5_169793570105700,Ery_2,Mega,Mega,Mega,Ery_2,Mega,Mega,Mega
Run5_169793589499741,HSC_2,Mono_1,Ery_1,Mega,Precursors,DCs,DCs,DCs
Run5_169794751294811,Mono_2,Mono_1,Mono_1,DCs,Mono_1,Mono_1,Mono_2,Mono_1
Run5_169794751551286,DCs,Mega,Ery_2,Mega,Ery_2,DCs,Mono_1,Mega
Run5_169794765510446,Mono_1,Mono_1,Mono_1,DCs,Mono_2,DCs,Mono_1,Mono_1
Run5_169794765737372,DCs,DCs,DCs,DCs,DCs,DCs,DCs,DCs
Run5_169794765772526,Mono_1,Mono_1,Mono_1,Mono_1,Mono_1,Mono_1,Mono_1,Mono_1
Run5_169794778294622,DCs,DCs,DCs,DCs,DCs,DCs,DCs,DCs
Run5_169794778360734,Mega,Mega,Mega,Mega,Mega,Mega,Mega,Mega
Run5_169794778852580,HSC_2,DCs,DCs,DCs,Mono_1,Precursors,Mega,Mega
Run5_169795556326707,Mono_2,DCs,DCs,DCs,DCs,DCs,DCs,DCs
Run5_169795556657004,Mono_1,DCs,DCs,DCs,Mono_1,Mono_1,DCs,Mono_2
Run5_169795571277094,HSC_2,DCs,DCs,DCs,DCs,DCs,DCs,DCs
Run5_169795583629669,Mono_2,DCs,DCs,DCs,DCs,Mono_2,Mono_2,DCs
Run5_169795602987436,Mono_1,Mono_1,Mono_1,DCs,Mono_1,Mono_1,Mono_1,Mono_1
Run5_169795603024612,Mono_2,DCs,DCs,DCs,DCs,DCs,DCs,DCs
Run5_170137140189547,DCs,DCs,DCs,DCs,DCs,DCs,DCs,DCs
Run5_170137168013107,Ery_2,Mega,Ery_1,Mega,Mega,Ery_1,Ery_2,Mega
Run5_170137168041757,Mega,Mega,Mega,Mega,Mega,Mega,Mega,Mega
Run5_170137186592565,DCs,Precursors,Mono_1,DCs,Precursors,Mega,Mega,Mono_1
Run5_170180358355372,HSC_2,Mega,DCs,DCs,Ery_2,Ery_1,DCs,Mono_1
Run5_170180358387485,Ery_2,Ery_2,Ery_2,Ery_2,Ery_2,Ery_2,Ery_2,Ery_2
Run5_170180358589862,Mono_1,DCs,Ery_2,DCs,DCs,DCs,Mono_1,DCs
Run5_170180386090227,Mono_1,Mono_1,Mono_2,DCs,Mono_1,Mono_1,Ery_2,DCs
Run5_170180386142949,DCs,HSC_2,HSC_1,Mega,Mega,Mega,Mega,Mega
Run5_170180386340085,Ery_1,DCs,Ery_2,DCs,Mono_1,Ery_1,Mega,Mega
Run5_170181029419358,Mono_1,Mono_1,Mono_1,DCs,Mono_1,Mono_1,Mono_1,Mono_1
Run5_170181030168308,Mono_2,DCs,DCs,DCs,DCs,DCs,DCs,DCs
Run5_170181044099822,Mono_2,DCs,DCs,DCs,DCs,DCs,DCs,DCs
Run5_170181044124062,Ery_2,Ery_2,Ery_2,Ery_2,Ery_2,Ery_2,Ery_2,Ery_1
Run5_170181056949164,Mono_1,Mono_1,Mono_1,DCs,Mono_1,Mono_1,Mono_1,Mono_1
Run5_170181057432365,Mono_1,DCs,DCs,DCs,Mono_2,Mono_1,Mono_1,Mono_1
Run5_170181076044149,Ery_1,Mega,DCs,Mono_2,Mega,Ery_1,Mono_1,Ery_2
Run5_170198344099685,Mono_1,Mono_1,Mono_1,DCs,Mono_1,Mono_1,Mono_1,Mono_1
Run5_170198344260909,Ery_1,DCs,DCs,DCs,DCs,Ery_2,Mega,Mono_1
Run5_170198370831278,Mono_1,Mono_1,Mono_1,Mono_2,Mono_1,Mono_1,Mono_1,Mono_1
Run5_170198371096867,Mono_1,Mono_1,Mono_1,DCs,Mono_1,Mono_1,Mono_1,Mono_1
Run5_170198389938589,Mono_1,Mono_1,Mono_1,DCs,Mono_1,Mono_1,Mono_1,Mono_1
Run5_170199685647772,Mono_1,Mono_1,Mono_2,DCs,Mono_1,Mono_1,Mono_1,Mono_1
Run5_170199700368100,Mono_1,Mono_1,Mono_1,DCs,Mono_1,Mono_1,Mono_1,Mono_1
Run5_170199700948829,Mono_2,DCs,DCs,DCs,Mono_1,DCs,DCs,DCs
Run5_170258500340126,DCs,Mono_1,Mono_1,DCs,DCs,DCs,DCs,DCs
Run5_170258500839219,DCs,DCs,Mono_1,DCs,DCs,Ery_1,DCs,Mono_1
Run5_170258501069046,DCs,DCs,DCs,DCs,DCs,DCs,Mega,DCs
Run5_170258519505820,HSC_2,DCs,DCs,DCs,DCs,Mega,DCs,DCs
Run5_170265184692014,Mono_2,DCs,DCs,DCs,DCs,DCs,DCs,DCs
Run5_170265198938934,DCs,DCs,Mono_1,Mega,Mega,Mega,Mega,DCs
Run5_170265230863732,Ery_2,DCs,Ery_2,Ery_2,Ery_2,Ery_2,Ery_2,Ery_1
Run5_170268002532645,Mono_1,Mono_1,DCs,DCs,Mono_1,Mono_1,Mono_1,Mono_1
Run5_170268003350838,DCs,DCs,DCs,DCs,DCs,DCs,DCs,DCs
Run5_170268003359517,Mono_1,Mono_1,Mono_1,DCs,Mono_1,Mono_1,Mono_1,Mono_1
Run5_170268017473390,Mono_1,DCs,DCs,DCs,Mono_1,Mono_1,DCs,DCs
Run5_170268030553374,DCs,DCs,Mega,DCs,DCs,Mega,Mega,DCs
Run5_170268048939430,Mega,Mega,Mega,Mega,Ery_2,Mega,Mega,Mega
Run5_170268049200948,DCs,DCs,DCs,DCs,DCs,DCs,DCs,DCs
Run5_170276727507299,Mono_2,Mono_1,DCs,DCs,Mono_1,DCs,DCs,Mono_1
Run5_170276741928756,Mega,DCs,Ery_2,DCs,DCs,Mega,DCs,Mono_1
Run5_170276754217310,Mono_2,DCs,DCs,DCs,Mono_2,DCs,DCs,DCs
Run5_170276754413859,Mono_1,DCs,Ery_2,Mega,DCs,DCs,Mega,Mega
Run5_170276754742558,Ery_2,Ery_1,Ery_2,Ery_2,Ery_2,Ery_2,Ery_2,Ery_1
Run5_170276772833134,Mono_1,Mono_1,Mono_1,DCs,Mono_1,Mono_1,Mono_1,Mono_1
Run5_170327460919661,Ery_2,Mega,Mega,Mega,Ery_2,Mega,Ery_2,Ery_2
Run5_170327461710572,Ery_2,Ery_2,Ery_2,Ery_2,Ery_2,Ery_2,Ery_2,Ery_2
Run5_170327461775790,Mono_1,Mono_1,Mono_1,Mono_2,Mono_1,Mono_1,Mono_2,Mono_1
Run5_170327476157284,Ery_2,Ery_1,Ery_1,Ery_2,Ery_2,Ery_2,Ery_1,Ery_1
Run5_170327507626916,DCs,DCs,DCs,DCs,Mono_1,Ery_1,DCs,Mono_1
Run5_170343433129253,DCs,DCs,DCs,DCs,DCs,DCs,Mono_2,DCs
Run5_170343448075611,Mono_1,Mono_1,Mono_1,DCs,Mono_1,Mono_1,Mono_1,Mono_1
Run5_170343448131827,Mono_1,Mono_1,Mono_1,DCs,Mono_1,Mono_1,Mono_1,Mono_1
Run5_170343479037292,Mono_1,Mono_1,Mono_1,Mono_2,Mono_1,Mono_1,Mono_1,Mono_1
Run5_170343479295262,Ery_2,DCs,Mega,DCs,Mega,Ery_2,Mega,Ery_1
Run5_170343479593691,Mono_2,Mono_1,Mono_2,DCs,DCs,Mono_1,DCs,DCs
Run5_170344372984606,Mono_2,DCs,DCs,DCs,Mono_1,Mono_1,Mono_1,Mono_2
Run5_170344387394924,Mono_2,DCs,DCs,DCs,Mono_2,DCs,DCs,DCs
Run5_170344400144732,Mono_1,Mono_1,Mono_1,DCs,Mono_1,Mono_1,Mono_1,Mono_1
Run5_170344418831587,Mega,Mega,Mega,Mega,Ery_1,Mega,Mega,Mega
Run5_170344419322213,HSC_2,DCs,Ery_2,DCs,Mono_2,DCs,DCs,DCs
Run5_170660067171252,Ery_2,Mono_1,Ery_2,Ery_2,Ery_2,Mega,Ery_2,Ery_1
Run5_170660067756788,Mono_2,DCs,DCs,DCs,DCs,DCs,Mono_1,DCs
Run5_170660079782622,Mono_2,Mono_1,DCs,DCs,DCs,DCs,DCs,DCs
Run5_170660098696942,Mono_2,DCs,DCs,DCs,DCs,DCs,Mono_1,DCs
Run5_170745952168302,Mono_1,Mono_2,DCs,Mono_2,Mono_1,Mono_1,Mono_1,Mono_1
Run5_170745952333101,Mono_2,Mono_1,DCs,DCs,Mono_2,Mono_1,DCs,DCs
Run5_170745967101789,Ery_2,Ery_2,Ery_2,Ery_2,Ery_2,Ery_2,Ery_2,Ery_1
Run5_170745967360235,Mega,Ery_1,Ery_2,Ery_2,Ery_2,Ery_2,Ery_2,Ery_1
Run5_170745979390316,Ery_2,Mega,Ery_2,Ery_2,Ery_2,Ery_1,Ery_2,Ery_2
Run5_170798565738331,Mono_1,Mono_1,Mono_1,Mono_2,Mono_1,Mono_1,Mono_1,Mono_1
Run5_170798579825579,Precursors,DCs,DCs,DCs,DCs,DCs,DCs,DCs
Run5_170798580160300,Mono_1,DCs,DCs,DCs,Mono_1,DCs,DCs,DCs
Run5_170798580418413,Ery_1,Ery_2,Ery_2,Ery_2,Ery_2,Ery_2,Ery_1,Ery_1
Run5_170798592445222,Ery_2,Ery_1,Ery_1,Ery_2,Ery_2,Ery_2,Ery_2,Ery_1
Run5_170798592674652,DCs,DCs,DCs,DCs,DCs,DCs,Mega,DCs
Run5_170798611327900,Mono_1,Mono_1,DCs,DCs,DCs,Mono_1,Mono_2,Mono_1
Run5_170798611851182,DCs,DCs,DCs,DCs,Mega,Mega,Mega,Mega
Run5_170798612175131,DCs,Mono_1,DCs,DCs,DCs,DCs,DCs,DCs
Run5_170877903297318,Mono_1,Mega,Ery_2,Mega,Ery_2,Mega,Mega,Mega
Run5_170877915649820,Mono_1,Mono_1,Mono_1,Mono_2,Mono_1,Mono_1,Mono_1,Mono_1
Run5_170877934263077,Mono_1,Mono_1,Mono_1,Mono_1,Mono_1,Mono_1,Mono_1,Mono_1
Run5_170877934524253,Ery_2,Ery_2,Ery_2,Ery_2,Ery_2,Ery_2,Ery_2,Ery_1
Run5_170877934820582,Ery_2,Ery_1,Ery_2,Ery_2,Ery_2,Ery_2,Ery_2,Ery_1
Run5_191026787896749,DCs,DCs,Mono_2,DCs,DCs,Precursors,Mega,DCs
Run5_191026802411821,Mono_2,DCs,DCs,DCs,DCs,DCs,DCs,DCs
Run5_191026833611557,Mono_1,Mono_1,Mono_1,DCs,Mono_1,Mono_1,Mono_1,Mono_1
Run5_191080743004525,Ery_2,Ery_1,Ery_2,Ery_2,Ery_2,Ery_2,Ery_2,Ery_1
Run5_191080758196467,DCs,DCs,DCs,DCs,DCs,DCs,DCs,DCs
Run5_191080758458603,DCs,DCs,DCs,DCs,DCs,DCs,Mono_2,DCs
Run5_191080770688886,Ery_2,DCs,DCs,DCs,Mono_1,DCs,DCs,Mono_2
Run5_191080789129453,Mono_1,DCs,Mono_1,DCs,Mono_2,DCs,Mono_2,Mono_1
Run5_191096715627940,Mono_2,DCs,DCs,DCs,Mono_1,DCs,Mono_2,Mono_1
Run5_191096729529054,Mono_2,DCs,Mono_2,DCs,Mono_2,DCs,DCs,Mono_1
Run5_191096761015092,Ery_2,Ery_1,Ery_2,Ery_2,Ery_2,Ery_2,Ery_2,Ery_2
Run5_191096761047902,Mono_1,DCs,DCs,Mega,Mega,DCs,DCs,DCs
Run5_191096761736613,Mono_2,DCs,DCs,DCs,DCs,DCs,DCs,DCs
Run5_191210531777334,Ery_1,Mega,Ery_2,Ery_2,Mega,Mega,Ery_1,Mega
Run5_191210559003507,DCs,DCs,DCs,DCs,Mega,DCs,Mega,DCs
Run5_191210578401198,DCs,DCs,DCs,DCs,DCs,DCs,DCs,DCs
Run5_191215632010533,Mega,DCs,Ery_1,DCs,Mega,Mega,Mega,Mega
Run5_191215678118323,Ery_2,Mega,Ery_2,DCs,Mega,Ery_1,Ery_1,Ery_1
Run5_191215678142885,Ery_1,Ery_1,Ery_2,Ery_2,Ery_2,Ery_2,Ery_2,Ery_1
Run5_191226652777307,Mono_2,DCs,DCs,Mega,DCs,DCs,DCs,DCs
Run5_191226653095798,Mono_1,Mono_1,Mono_1,Mono_2,Mono_1,Mono_1,Mono_1,Mono_1
Run5_191226665167780,Mono_1,DCs,DCs,DCs,Mega,Ery_1,DCs,Mono_1
Run5_191226665192357,Ery_1,Mono_1,DCs,DCs,Mega,DCs,DCs,Mono_2
Run5_191553860713379,Ery_2,Ery_2,Ery_2,Ery_2,Ery_2,Ery_2,Ery_2,Ery_1
Run5_191553860745011,Mono_2,Mono_1,DCs,DCs,DCs,Mono_1,DCs,DCs
Run5_191553860978972,Ery_2,Ery_2,Ery_2,Ery_2,Ery_2,Ery_2,Ery_2,Ery_1
Run5_191553887759581,DCs,Mono_1,DCs,DCs,DCs,Mono_1,DCs,DCs
Run5_191553887947621,Mega,Mega,Mega,Mega,Mega,Mega,Mega,Mega
Run5_191553887987435,Ery_2,Ery_1,Ery_1,Ery_2,Ery_2,Ery_2,DCs,Ery_1
Run5_191553888013022,DCs,DCs,DCs,DCs,DCs,DCs,DCs,DCs
Run5_191553888209253,Mega,Mega,Mega,Mega,Mega,Ery_2,Ery_2,Mega
Run5_191553907124134,Mono_1,Mono_1,Mono_1,DCs,DCs,Mono_1,DCs,Mono_2
Run5_191576409069804,Precursors,Mono_1,DCs,DCs,DCs,DCs,DCs,Mono_2
Run5_191576423910132,Mono_2,Precursors,DCs,Ery_2,Mono_1,Ery_2,DCs,Ery_2
Run5_191576436333427,DCs,DCs,DCs,DCs,Ery_1,DCs,DCs,Mono_2
Run5_191576455427877,DCs,DCs,DCs,DCs,DCs,DCs,DCs,DCs
Run5_191645397183350,Mono_1,Mono_1,Mono_1,Mono_1,Mono_1,Mono_1,Mono_1,Mono_1
Run5_191645397703539,Ery_2,Ery_2,Ery_2,Ery_2,Ery_2,Ery_2,Ery_2,Ery_1
Run5_191645411620708,DCs,Mono_2,DCs,DCs,Mega,Ery_1,Ery_2,DCs
Run5_191645424507171,Mono_2,DCs,DCs,DCs,Mono_1,Ery_2,DCs,DCs
Run5_191645424511715,DCs,DCs,Mono_2,DCs,Mono_1,Ery_1,DCs,Mono_1
Run5_191647290613037,Mono_1,Mono_1,Mono_1,Mono_2,Mono_1,Mono_1,Mono_1,Mono_1
Run5_191647290898797,Mono_1,Mono_1,Mono_1,DCs,Mono_1,Mono_1,Mono_1,Mono_1
Run5_191647290907571,Ery_2,Ery_2,Ery_2,Ery_2,Ery_2,Ery_2,Ery_2,Ery_1
Run5_191647291226540,Mono_2,DCs,DCs,DCs,Ery_1,DCs,HSC_2,DCs
Run5_191647291398044,Mono_1,Mono_1,Mono_1,DCs,Mono_1,Mono_1,Mono_1,Mono_1
Run5_191647304015075,Ery_2,Ery_2,Ery_2,Ery_2,Ery_2,Ery_2,Ery_2,Ery_1
Run5_191647322163942,HSC_2,Mono_1,DCs,DCs,DCs,DCs,DCs,DCs
Run5_191691433897188,Mono_2,Mono_1,DCs,DCs,DCs,DCs,DCs,Mono_1
Run5_191691433929972,DCs,DCs,Ery_1,DCs,Mono_1,Mega,DCs,DCs
Run5_191691434420467,Mega,Mega,Mega,Mega,Mega,Mega,Mega,Mega
Run5_191691448281523,Mono_2,DCs,DCs,DCs,Mono_2,DCs,DCs,DCs
Run5_191691479766940,DCs,DCs,DCs,DCs,DCs,DCs,DCs,DCs
Run5_191708882168230,Ery_2,Ery_2,Ery_2,Ery_2,Ery_2,Ery_2,Ery_2,Ery_2
Run5_191708882491102,Ery_1,Mega,Ery_2,Mono_1,Mega,Ery_2,Ery_2,Ery_1
Run5_191708882659611,Ery_2,Ery_2,Ery_2,Ery_2,Ery_2,Ery_2,Ery_2,Ery_2
Run5_191708896619293,DCs,DCs,DCs,Mega,Ery_1,DCs,Mega,Mega
Run5_191708896807843,DCs,DCs,Mega,DCs,Mega,DCs,DCs,Mono_1
Run5_191708896914742,Mono_1,Mono_1,DCs,DCs,Mono_2,DCs,Mono_2,DCs
Run5_191756798216499,Mono_1,DCs,DCs,DCs,Mono_1,DCs,DCs,DCs
Run5_191756825123550,Ery_2,Mega,Ery_2,Ery_2,Ery_2,Ery_2,Ery_2,Ery_1
Run5_191756825189171,Mono_1,Mono_1,Mega,Mega,Mega,DCs,Ery_2,Mono_1
Run5_191756825479988,DCs,DCs,DCs,DCs,DCs,DCs,DCs,DCs
Run5_191756825651934,Ery_2,Ery_1,Ery_2,Ery_2,Ery_2,Ery_1,Ery_2,Ery_1
Run5_191756844259749,Mono_2,DCs,DCs,DCs,DCs,DCs,DCs,Mono_2
Run5_191756844513708,Mono_2,DCs,DCs,DCs,Mega,DCs,DCs,DCs
Run5_191760421734701,Ery_2,Ery_2,Ery_2,Ery_2,Ery_2,Ery_2,Ery_2,Ery_2
Run5_191760421767909,Mono_1,Mono_1,Mono_1,Mono_2,Mono_1,Mono_1,Mono_1,Mono_1
Run5_191760422059236,Mono_1,DCs,Mono_1,DCs,Mono_1,DCs,Mono_1,Mono_1
Run5_191760436250548,DCs,DCs,DCs,DCs,Mega,DCs,DCs,DCs
Run5_191760467873139,DCs,DCs,DCs,DCs,DCs,DCs,DCs,DCs
Run5_191774111976870,DCs,DCs,DCs,Ery_2,Mega,Ery_1,DCs,DCs
Run5_191774112004829,Mono_2,DCs,DCs,DCs,Mono_1,DCs,DCs,DCs
Run5_191774112472483,Ery_2,Ery_1,Ery_2,Ery_2,Ery_2,Ery_2,Ery_2,Ery_1
Run5_191774112541021,Mono_1,Mono_1,Mono_1,DCs,Mono_1,Mono_1,Mono_1,Mono_1
Run5_191774126401971,Ery_2,DCs,Ery_2,DCs,Mono_1,Mono_1,Mono_1,Ery_2
Run5_191774126422819,Mono_1,Mono_1,Mono_1,Mono_2,Mono_1,Mono_1,Mono_1,Mono_1
Run5_191774126987494,Mono_2,DCs,Mono_2,DCs,DCs,DCs,DCs,DCs
Run5_191774139734773,Mono_1,DCs,DCs,DCs,Mono_2,DCs,DCs,DCs
Run5_191774139767604,Mono_1,Mono_1,Mono_1,Mono_2,Mono_1,Mono_1,Mono_1,Mono_1
Run5_191774158441179,Ery_1,DCs,DCs,DCs,Mono_1,DCs,DCs,DCs
Run5_191774158674340,Mono_1,Mono_1,Mono_1,DCs,Mono_1,Mono_1,Mono_1,Mono_1
Run5_192101737479603,HSC_2,DCs,Mega,Mega,Mega,Mono_1,DCs,DCs
Run5_192101764479398,Ery_2,Ery_1,Ery_1,Ery_2,Ery_2,Ery_2,Ery_2,Ery_1
Run5_192101764487020,Mono_1,Mono_1,DCs,DCs,Mono_1,Mono_1,Mono_2,Mono_1
Run5_192101765003685,Mono_1,DCs,DCs,Mono_2,Mono_1,Mono_1,Mono_1,Mono_1
Run5_192101783386349,Ery_2,Ery_2,Ery_2,Ery_2,Ery_2,Ery_2,Ery_2,Ery_2
Run5_192101783590773,Mono_1,Mono_1,Mono_1,DCs,Mono_2,Mono_1,Mono_1,Mono_1
Run5_192121092097765,Mono_2,DCs,DCs,DCs,DCs,DCs,DCs,DCs
Run5_192121092658916,Mono_1,Mono_1,Mono_1,Mono_2,Mono_1,Mono_1,Mono_1,Mono_1
Run5_192121111173987,DCs,DCs,Ery_2,DCs,Mega,DCs,Mega,Mono_1
Run5_192121111468395,Ery_1,DCs,DCs,DCs,Mega,DCs,DCs,Mega
Run5_192180121168221,Mono_2,DCs,DCs,DCs,Mono_1,Mega,DCs,Mono_1
Run5_192180148194524,Mono_1,Mono_1,Mono_1,DCs,Mono_1,Mono_1,Mono_2,Mono_1
Run5_192180148365558,HSC_2,DCs,DCs,DCs,Precursors,DCs,DCs,Mega
Run5_192180167232230,Mono_1,Mono_1,Mono_1,DCs,Mono_1,Mono_1,Mono_1,Mono_1
Run5_192180167268715,Mono_1,Mono_1,Mono_1,DCs,Mono_1,Mono_1,Mono_1,Mono_1
Run5_192255417076019,Mono_2,Mono_1,DCs,DCs,Mono_2,DCs,Mono_2,Mono_1
Run5_192255431403379,DCs,DCs,Ery_2,DCs,DCs,DCs,Mega,HSC_2
Run5_192255444604644,Mono_2,Mono_1,Mega,DCs,Mega,Mega,Mono_1,Precursors
Run5_192255462915307,HSC_2,DCs,DCs,DCs,Mega,Mono_2,DCs,DCs
Run5_192255463476083,DCs,DCs,DCs,DCs,Mega,Ery_1,Mega,DCs
Run5_192306971524469,DCs,DCs,DCs,DCs,DCs,Mega,DCs,DCs
Run5_192306971527476,Ery_1,Mega,Ery_2,Ery_2,Mega,Ery_1,Ery_2,Ery_1
Run5_192306983385510,Mono_1,Mono_1,Mono_1,DCs,Mono_1,Mono_1,Mono_2,Mono_1
Run5_192306984212196,HSC_2,DCs,DCs,Mega,Mono_1,Mega,Mega,DCs
Run5_192307002529629,Ery_2,DCs,Ery_1,Mega,Ery_2,Ery_1,Mega,Ery_1
Run5_192315277915955,Ery_2,Ery_2,Ery_2,Ery_2,Ery_2,Ery_2,Ery_2,Ery_1
Run5_192315292277684,DCs,Mega,Mono_1,DCs,Mega,Mega,Mega,Mega
Run5_192315292608221,DCs,DCs,DCs,DCs,Mega,DCs,DCs,DCs
Run5_192315305609963,Mono_1,Mono_1,Mono_1,Mono_2,Mono_1,Mono_1,Mono_1,Mono_1
Run5_192315323771187,Mono_2,DCs,Mono_1,DCs,DCs,Mono_1,Mono_1,Mono_1
Run5_192315324550389,Mono_2,Mono_1,DCs,DCs,Mono_2,DCs,DCs,HSC_2
Run5_192317721528620,Mono_1,Mono_1,Mono_1,DCs,Mono_1,Mono_1,Mono_1,Mono_1
Run5_192317739711324,Mono_2,DCs,DCs,DCs,Mono_1,DCs,DCs,DCs
Run5_192317739883292,Mono_2,DCs,DCs,DCs,Mega,Mono_2,DCs,Mono_1
Run5_192317740439470,Mono_1,Mono_1,DCs,DCs,Mono_1,Mono_1,DCs,Mono_2
Run5_192325881554734,Mono_1,Mono_1,Mono_1,Mono_1,Mono_1,Mono_1,Mono_1,Mono_1
Run5_192325895444828,Mono_1,Mono_1,Mono_1,Mono_2,Mono_1,Mono_1,Mono_1,Mono_1
Run5_192325927491941,Mono_1,Mono_2,Mono_1,DCs,Mono_1,Mono_1,Mono_1,Mono_1
Run5_192653641041772,Mono_2,DCs,DCs,DCs,Mono_1,Mono_1,Mega,DCs
Run5_192653655199004,DCs,DCs,Mega,DCs,Mega,Precursors,Mono_1,DCs
Run5_192653655202716,Mono_2,DCs,DCs,DCs,DCs,DCs,DCs,DCs
Run5_192653655456181,Mega,Mega,Mega,Mega,Mega,Mega,Mega,Mega
Run5_192653655660980,Mono_1,HSC_1,DCs,Mega,Mono_1,Mega,Mono_2,Mono_2
Run5_192653655693100,Ery_2,Ery_2,Ery_2,Ery_2,Ery_2,Ery_2,Ery_2,Ery_2
Run5_192653686848923,Ery_1,Mega,Ery_1,Ery_2,Mega,Ery_1,Ery_2,Ery_1
Run5_192653687208861,Mono_1,Mono_1,Mono_1,Mono_2,Mono_2,Mono_1,Mono_2,Mono_1
Run5_192653687405291,Ery_2,DCs,Ery_2,Ery_2,Ery_2,Mega,Ery_2,Ery_1
Run5_192653687441710,DCs,DCs,DCs,DCs,Mono_1,Precursors,Mega,DCs
Run5_192678083644829,Ery_2,Ery_2,Ery_2,Ery_2,Ery_2,Ery_2,Ery_2,Ery_2
Run5_192678095603557,Ery_2,Ery_2,Ery_2,Ery_2,Ery_2,Ery_2,Ery_2,Ery_1
Run5_192678095637236,DCs,DCs,DCs,DCs,DCs,DCs,DCs,DCs
Run5_192678114773926,Mono_1,Mono_1,Mono_1,DCs,Mono_1,Mono_1,Mono_1,Mono_1
Run5_192718870792101,Mega,DCs,DCs,Mega,Ery_2,DCs,DCs,Mega
Run5_192718871062811,Mono_1,Mono_1,DCs,DCs,Mono_1,Mono_1,Mono_1,Mono_1
Run5_192718885283691,Mono_2,DCs,DCs,Mega,Mono_1,Mega,DCs,Ery_2
Run5_192718885795558,Mega,Mega,Mega,Mega,Mega,Mega,Mega,Mega
Run5_192718897592045,Ery_2,DCs,Ery_2,Ery_2,Ery_2,Ery_2,Ery_2,Ery_2
Run5_192718898059126,DCs,DCs,DCs,DCs,Mono_1,DCs,DCs,DCs
Run5_192718916507869,Ery_1,Ery_2,Ery_1,Ery_2,Ery_2,Ery_2,Ery_2,Ery_2
Run5_192718916512493,Mono_1,Mono_1,DCs,DCs,Mono_1,DCs,Mono_2,DCs
Run5_192718917294373,Mono_2,Mega,Mega,DCs,Mono_1,Mega,Mega,DCs
Run5_192729608572125,DCs,DCs,Mega,DCs,Mega,Mega,DCs,Mega
Run5_192729622703333,Ery_2,Ery_1,Ery_2,Ery_2,Ery_2,Ery_2,Ery_2,Ery_1
Run5_192729635318685,Mono_1,Mono_1,Mono_1,DCs,Mono_1,Mono_1,Mono_1,Mono_1
Run5_192729635511141,DCs,DCs,Mono_2,DCs,Mega,DCs,Mono_2,DCs
Run5_192745848065261,Ery_2,Ery_1,Ery_2,Ery_2,Ery_2,Ery_2,Ery_2,Ery_1
Run5_192745848129885,Ery_2,Ery_2,Ery_2,Ery_2,Ery_2,Ery_2,Ery_2,Ery_1
Run5_192745862982428,DCs,DCs,DCs,DCs,Mega,Mega,Mega,DCs
Run5_192745863334188,Mono_2,DCs,DCs,DCs,Mono_2,DCs,DCs,DCs
Run5_192745863342309,Ery_2,Ery_1,Ery_1,Ery_2,Ery_2,Ery_2,Ery_2,Ery_2
Run5_192745863559517,DCs,DCs,DCs,DCs,Mono_2,DCs,DCs,DCs
Run5_192745875393902,Mono_1,Mono_1,Mono_1,Mono_1,Mono_1,Mono_1,Mono_1,Mono_1
Run5_192745875824029,Ery_2,Ery_2,Ery_2,Ery_2,Ery_2,Ery_2,Ery_2,Ery_2
Run5_192745876088540,DCs,DCs,DCs,DCs,DCs,DCs,DCs,DCs
Run5_192745894177588,Ery_2,DCs,DCs,DCs,Mono_2,DCs,DCs,DCs
Run5_192747056024500,Ery_2,Mega,Mega,Mega,Mega,Mega,Mega,Ery_2
Run5_192747056545203,Mono_1,Mono_1,Mono_1,DCs,Mono_1,Mono_1,Mono_1,Mono_1
Run5_192747056810397,Mono_1,Mono_1,Mono_1,Mono_2,Mono_1,Mono_1,Mono_1,Mono_1
Run5_192747071269099,Ery_2,Mega,Mono_1,DCs,Mega,Precursors,Mega,Mono_1
Run5_192747102164773,DCs,DCs,Ery_2,DCs,Mono_2,DCs,DCs,Mono_1
Run5_192747102420395,Ery_2,Ery_2,Ery_2,Ery_2,Ery_2,Ery_2,Ery_2,Ery_1
Run5_192788797775197,Mono_1,Mono_1,Mono_1,Mono_2,Mono_1,Mono_1,Mono_1,Mono_1
Run5_192788843883420,Mono_1,DCs,DCs,DCs,Mono_2,DCs,DCs,DCs
Run5_192806917433763,Ery_1,DCs,DCs,DCs,Mega,DCs,Mega,Mono_1
Run5_192806964120997,Mega,Mega,Mega,Mega,Mega,Mega,Mega,Mega
Run5_192859679898339,Mono_2,Mono_1,Mono_2,DCs,Mono_2,Mono_1,Mono_2,DCs
Run5_192859679934365,Mono_1,Mono_1,Mono_1,DCs,Mono_1,Mono_1,Mono_1,Mono_1
Run5_192859692492595,DCs,DCs,DCs,DCs,DCs,DCs,DCs,DCs
Run5_192859692776670,DCs,Mono_1,Mono_1,DCs,Mono_1,Mono_1,Mono_1,DCs
Run5_192859711592365,Mono_1,Mono_1,Mono_1,DCs,Mono_1,Mono_1,Mono_1,Mono_1
Run5_195426056628588,Ery_2,Ery_2,Ery_2,Ery_2,Ery_2,Ery_2,Ery_2,Ery_1
Run5_195426056849253,Ery_2,Ery_1,Ery_2,Ery_2,Ery_2,Ery_2,Ery_2,Ery_1
Run5_195426057119468,Ery_2,Mega,Mega,DCs,Ery_2,Mega,DCs,Mega
Run5_195426057144540,Ery_1,DCs,Precursors,DCs,Ery_2,DCs,Mega,DCs
Run5_195426069440940,Ery_1,DCs,DCs,DCs,Ery_2,DCs,DCs,DCs
Run5_195426069460838,DCs,DCs,DCs,DCs,Ery_2,DCs,Mega,Mono_1
Run5_195426069924254,Mono_1,Mono_1,DCs,DCs,Mono_1,Mono_1,Mono_1,Mono_1
Run5_195426088283052,Mono_1,Mono_1,Ery_2,DCs,Mono_1,DCs,Mono_2,Mega
Run5_195546194524956,Ery_2,Ery_2,Ery_2,Ery_2,Ery_2,Ery_2,Ery_2,Ery_1
Run5_195546194556660,Mono_1,Mono_1,Mono_1,Mono_2,Mono_1,Mono_1,Mono_1,Mono_1
Run5_195546212919582,Mono_2,Mono_2,Mono_1,DCs,DCs,Mono_1,Mono_2,DCs
Run5_195546213669675,Mono_1,Mono_1,Mono_1,DCs,Mono_1,Mono_1,Mono_1,Mono_1
Run5_195547374668590,Mono_1,Mono_1,Mono_1,DCs,Mono_1,Mono_1,Mono_1,Mono_1
Run5_195547402227061,Ery_2,Mega,Ery_2,Ery_2,Ery_2,Ery_2,Ery_2,Ery_1
Run5_195547402488691,Ery_2,Ery_1,Ery_2,Ery_2,Ery_2,Ery_2,Ery_2,Ery_1
Run5_195547421662627,Ery_2,Ery_1,Ery_2,Ery_2,Ery_2,Ery_1,Ery_2,Ery_1
Run5_195562288142755,Mega,Mega,Mega,Mega,Mega,Mega,Mega,Mega
Run5_195562300915123,Ery_2,Ery_1,Ery_2,Ery_2,Ery_2,Ery_2,Ery_2,Ery_2
Run5_195562319787948,DCs,DCs,DCs,DCs,DCs,DCs,DCs,DCs
Run5_195562319858547,Ery_2,Ery_2,Ery_2,Ery_2,Ery_2,Ery_2,Ery_2,Ery_2
Run5_195606445476261,Mono_2,Mega,Ery_2,Ery_2,Mono_1,Ery_1,Mono_1,Ery_1
Run5_195606445518134,Mono_1,Mono_1,Mono_1,DCs,Mono_2,Mono_1,Mono_1,Mono_1
Run5_195606445677876,DCs,DCs,DCs,DCs,DCs,DCs,DCs,DCs
Run5_195606457793755,DCs,DCs,DCs,DCs,DCs,DCs,DCs,DCs
Run5_195606458251564,DCs,Mono_2,DCs,DCs,Mono_1,Mono_1,DCs,Mono_1
Run5_195606458591477,Ery_2,Ery_2,Ery_2,Ery_2,Ery_2,Ery_2,Ery_2,Ery_1
Run5_195606476929309,Ery_2,Mono_1,Mega,Ery_2,Ery_2,Ery_2,Ery_2,Ery_1
Run5_195615826336542,Mega,Mega,Mega,Mega,Mega,Mega,Mega,Mega
Run5_195622429742947,Mono_2,DCs,Mono_1,DCs,Mega,Precursors,DCs,DCs
Run5_195622430165421,Mega,Mega,Mega,Mega,Mega,Mega,Mega,Mega
Run5_195622448609708,DCs,DCs,DCs,DCs,Mono_1,DCs,Mega,Mega
Run5_195623342234917,Mega,Mega,DCs,DCs,DCs,Ery_1,DCs,Mega
Run5_195623369501430,DCs,Mono_1,DCs,DCs,Mono_1,DCs,Mono_2,Mono_1
Run5_195623369960755,Ery_2,Ery_1,Ery_2,Ery_2,Ery_2,Ery_2,Ery_2,Ery_1
Run5_195623370049883,Ery_2,Ery_1,Ery_2,Ery_2,Ery_2,Ery_2,Ery_1,Ery_1
Run5_195623388559670,Ery_2,Ery_2,Ery_2,Ery_2,Ery_2,Ery_2,Ery_2,Ery_2
Run5_195625757886261,Ery_2,Mega,Ery_1,Mega,Ery_2,Ery_1,Mega,Ery_1
Run5_195625773119846,DCs,Mega,DCs,Ery_2,Mega,HSC_2,DCs,DCs
Run5_195625773387165,Ery_2,Ery_2,Ery_2,Ery_2,Ery_2,Ery_1,Ery_2,Ery_1
Run5_195625785604396,Mono_1,Mono_1,DCs,DCs,DCs,DCs,DCs,DCs
Run5_195625804217245,Mono_1,Mono_2,Mono_1,DCs,Mono_1,Mono_1,Mono_1,Mono_1
Run5_195958617790259,Mono_2,DCs,DCs,DCs,Mono_2,DCs,DCs,DCs
Run5_195958617815789,DCs,DCs,DCs,DCs,Mono_2,DCs,DCs,DCs
Run5_195958617892636,Ery_1,Mega,HSC_1,Ery_2,Mega,Mega,Ery_2,Ery_1
Run5_195958618351990,Ery_1,Mega,Ery_2,Mega,Ery_1,Mega,DCs,Mono_1
Run5_195958632529315,Mono_1,Mono_1,Mono_1,DCs,Mono_1,Mono_1,Mono_1,Mono_1
Run5_195958632566134,DCs,DCs,DCs,DCs,Mono_2,DCs,DCs,DCs
Run5_195958632996134,DCs,DCs,DCs,DCs,Mega,Precursors,DCs,DCs
Run5_195958645050611,Ery_2,Ery_2,Ery_2,Ery_2,Ery_2,Ery_2,Ery_2,Ery_2
Run5_195958645844702,Ery_2,Ery_2,Ery_2,Ery_2,Ery_2,Ery_2,Ery_2,Ery_2
Run5_195967073537246,Ery_2,Ery_2,Ery_2,Ery_2,Ery_2,Ery_2,Ery_2,Ery_1
Run5_195967073605980,Mono_2,DCs,DCs,DCs,DCs,DCs,DCs,DCs
Run5_195967089035190,DCs,DCs,DCs,DCs,DCs,DCs,DCs,DCs
Run5_195967089073564,Ery_2,Ery_1,Ery_2,Ery_2,Ery_2,Ery_1,Ery_2,Ery_2
Run5_195967101593454,Ery_2,Ery_2,Ery_2,Ery_2,Ery_2,Ery_2,Ery_2,Ery_2
Run5_195967119903531,Ery_2,Mega,Ery_2,Ery_2,Ery_2,Mega,Ery_2,Mega
Run5_195967120502059,Mono_2,DCs,DCs,DCs,DCs,DCs,DCs,DCs
Run5_196019686858011,DCs,DCs,DCs,DCs,DCs,DCs,Mega,DCs
Run5_196019687483237,DCs,DCs,DCs,DCs,DCs,DCs,DCs,DCs
Run5_196019701636523,Ery_2,Mega,Mega,Mega,Ery_2,Ery_2,Mega,Mega
Run5_196019701893942,Mono_1,Mono_1,Mono_1,Mono_2,Mono_1,Mono_1,Mono_1,Mono_1
Run5_196019702098356,Mono_1,DCs,DCs,DCs,Ery_1,Ery_1,Mega,Mono_2
Run5_196019702323509,Mega,Mega,Mega,Mega,Mega,Mega,Mega,Mega
Run5_196019702324517,Ery_2,DCs,Ery_2,Ery_2,Ery_2,Ery_2,Ery_2,Mega
Run5_196019714186036,Mono_2,Mono_1,Mono_1,DCs,DCs,Mono_1,DCs,DCs
Run5_196019733845724,Ery_2,Ery_2,Ery_2,Ery_2,Ery_2,Ery_2,Ery_2,Ery_1
Run5_196043578194677,DCs,Mega,Mega,Ery_2,HSC_1,Mega,DCs,DCs
Run5_196043592383782,DCs,Mono_1,DCs,DCs,DCs,DCs,DCs,DCs
Run5_196043592559973,Ery_2,Mega,Ery_2,Ery_2,Ery_2,Ery_1,Ery_2,Ery_1
Run5_196043592617316,DCs,DCs,DCs,HSC_2,Mega,DCs,DCs,DCs
Run5_196043592910699,Ery_1,Ery_2,Ery_2,Ery_2,Ery_2,Ery_2,Ery_2,Ery_1
Run5_196043605694316,HSC_2,DCs,DCs,DCs,Mega,Ery_1,Mega,DCs
Run5_196043624298355,DCs,DCs,DCs,DCs,Mono_2,DCs,DCs,Mono_1
Run5_196113236618462,Ery_2,DCs,Mega,DCs,Mega,DCs,DCs,Mega
Run5_196113252145396,DCs,Mono_1,DCs,DCs,Mono_1,DCs,Mono_2,Mono_1
Run5_196113263905565,Ery_2,Ery_1,Mega,Ery_2,Mega,Ery_2,Ery_2,Ery_2
Run5_196113264204595,Mega,DCs,DCs,DCs,Mono_1,DCs,DCs,DCs
Run5_196113282746270,Ery_2,Ery_2,Ery_2,Ery_2,Ery_2,Ery_2,Ery_2,Ery_2
Run5_196113282821429,Ery_2,Ery_2,Ery_2,Ery_2,Ery_2,Ery_2,Ery_2,Ery_1
Run5_196113283333542,HSC_2,DCs,Ery_2,DCs,Mega,DCs,Mega,DCs
Run5_196163837484253,Mono_1,DCs,Ery_2,Ery_2,Mega,Mega,DCs,DCs
Run5_196163851374004,DCs,DCs,DCs,DCs,Mega,Mono_1,DCs,DCs
Run5_196163864214877,DCs,Mono_1,DCs,DCs,DCs,DCs,DCs,DCs
Run5_196163864316653,Mono_2,DCs,DCs,DCs,DCs,Mono_1,Mega,DCs
Run5_196174305679267,Mono_1,Mono_1,Mono_1,DCs,Mono_2,Mono_1,Mono_1,Mono_2
Run5_196174320646891,Ery_2,Mega,Ery_2,Ery_2,Ery_2,Ery_2,Ery_2,Ery_2
Run5_196174320655156,Ery_1,Ery_1,Ery_2,Ery_2,Ery_2,Ery_2,Ery_2,Ery_1
Run5_196174333204774,Mono_1,DCs,Mono_1,DCs,DCs,DCs,Mono_1,DCs
Run5_196174351881963,DCs,HSC_2,DCs,DCs,DCs,DCs,DCs,DCs
Run5_196174352082804,Precursors,Precursors,DCs,DCs,Mono_1,DCs,Mega,Mega
Run5_196174352432556,Mega,Mega,Ery_2,Ery_2,Ery_2,Ery_2,Ery_2,Ery_1
Run5_196174352668380,DCs,DCs,DCs,Mega,Mono_1,Precursors,DCs,DCs
Run5_196180748429748,Mono_1,Mono_1,Mono_1,DCs,Mono_1,Mono_1,Mono_1,Mono_1
Run5_196180748688101,DCs,DCs,DCs,DCs,DCs,DCs,DCs,DCs
Run5_196180749006708,Ery_2,Ery_2,Ery_2,Ery_2,Ery_2,Ery_2,Ery_2,Ery_2
Run5_196180763102627,Mono_2,DCs,DCs,DCs,DCs,DCs,DCs,DCs
Run5_196180763596700,Ery_2,Mega,Ery_1,Ery_2,Ery_2,Ery_1,Ery_2,Ery_1
Run5_196180794821542,Mono_2,Mega,DCs,DCs,Mega,DCs,DCs,DCs
Run5_196180794882780,DCs,DCs,DCs,DCs,Mono_2,DCs,DCs,DCs
Run5_196527701018355,Mono_2,DCs,DCs,DCs,DCs,DCs,DCs,DCs
Run5_196527701059949,DCs,DCs,DCs,DCs,DCs,DCs,DCs,DCs
Run5_196527701244341,Ery_2,DCs,Mega,DCs,Ery_2,Precursors,Mega,DCs
Run5_196527701281691,Ery_2,Ery_2,Ery_1,Ery_2,Ery_2,Ery_2,Ery_2,Ery_1
Run5_196527716186342,Ery_2,DCs,DCs,DCs,Mono_1,DCs,Mono_1,DCs
Run5_196527716231580,Mono_2,Mono_1,DCs,DCs,DCs,DCs,Mega,Mono_2
Run5_196527728769773,Mono_1,Mono_1,Mono_1,Mono_1,Mono_1,Mono_1,Mono_1,Mono_1
Run5_196527728802213,Ery_2,Ery_2,Ery_2,Ery_2,Ery_2,Ery_2,Ery_2,Ery_2
Run5_196527747656606,Mono_2,DCs,DCs,DCs,Mono_1,Mono_1,DCs,DCs
Run5_196527747709853,DCs,Mega,DCs,Mega,Ery_2,Mega,Mega,DCs
Run5_196638176884524,Ery_2,Mega,Ery_1,Ery_2,Ery_2,Ery_2,Ery_2,Ery_1
Run5_196638177193270,DCs,DCs,DCs,DCs,HSC_2,HSC_1,DCs,DCs
Run5_196638189702558,Mono_1,Mono_1,Mono_1,DCs,Mono_1,Mono_1,Mono_1,Mono_1
Run5_196638189971363,HSC_2,DCs,DCs,DCs,Mono_1,DCs,DCs,DCs
Run5_196638190030044,Mono_1,DCs,HSC_2,Mega,Ery_2,Mono_1,Mega,Mega
Run5_196638190225763,Mega,Mega,Mega,Mega,Mega,Ery_1,Ery_2,Mega
Run5_196715471816621,Mono_2,DCs,DCs,DCs,DCs,DCs,Mono_2,DCs
Run5_196715471924581,Mega,Mega,Ery_2,Ery_2,Mega,Mega,Ery_2,Ery_1
Run5_196715472075180,Mono_1,DCs,DCs,DCs,DCs,DCs,DCs,DCs
Run5_196715486563555,DCs,HSC_1,DCs,DCs,DCs,DCs,Mega,DCs
Run5_196715517794734,Mono_1,Mono_1,Mono_1,Mono_2,Mono_1,Mono_1,Mono_1,Mono_1
Run5_196715517990773,Ery_1,DCs,Ery_2,DCs,Mono_1,Mega,DCs,Mono_1
Run5_196715518278579,DCs,DCs,DCs,DCs,DCs,DCs,DCs,DCs
Run5_197058278647539,DCs,HSC_2,DCs,DCs,Mono_1,DCs,Mono_1,DCs
Run5_197058290993971,Ery_2,Ery_1,Ery_2,Ery_2,Ery_2,Ery_2,Ery_2,Ery_1
Run5_197058291154269,Mono_1,DCs,DCs,DCs,DCs,DCs,DCs,Mega
Run5_197058291779427,Mono_2,Mono_1,Mono_1,DCs,Mono_2,Mono_1,Mono_1,DCs
Run5_197058309802347,Mono_1,DCs,Ery_2,DCs,Ery_1,Mega,DCs,DCs
Run5_197058310388462,Mono_1,Mono_1,Mono_1,DCs,Mono_1,Mono_1,Mono_1,Mono_1
Run5_197060143499614,DCs,Mega,Precursors,DCs,Ery_2,HSC_2,Ery_1,Mono_1
Run5_197060157401828,Mono_1,Mono_1,Mono_1,DCs,Mono_2,Mono_1,Mono_2,Mono_1
Run5_197060157627230,Mono_1,Mono_1,Mono_1,DCs,Mono_1,Mono_1,Mono_1,Mono_1
Run5_197060157730102,Mono_2,DCs,DCs,DCs,DCs,DCs,DCs,DCs
Run5_197060157950692,Mono_2,DCs,DCs,DCs,DCs,DCs,DCs,DCs
Run5_197060169973099,Mono_1,Mono_1,Mono_1,DCs,Mono_1,Mono_1,Mono_1,Mono_1
Run5_197060170008990,Ery_2,Ery_2,Ery_2,Ery_2,Ery_2,Ery_2,Ery_2,Ery_2
Run5_197060170561438,DCs,Mono_1,DCs,DCs,Mega,DCs,DCs,DCs
Run5_197068867155814,Mono_1,Mono_1,DCs,DCs,DCs,DCs,DCs,DCs
Run5_197068867451253,DCs,Mono_1,Mono_1,DCs,Mono_1,DCs,Ery_2,Mono_1
Run5_197068867464412,DCs,DCs,DCs,DCs,Mono_1,DCs,Mega,DCs
Run5_197068882045795,DCs,Mono_1,DCs,DCs,DCs,Precursors,DCs,DCs
Run5_197068882337116,DCs,DCs,DCs,DCs,DCs,DCs,Mono_2,DCs
Run5_197068913068788,Mono_2,Mono_2,DCs,DCs,Ery_1,Mono_1,Mono_2,Mono_1
Run5_197135439182046,Ery_2,Ery_2,Ery_2,Ery_2,Ery_2,Ery_2,Ery_2,Ery_1
Run5_197135453805292,Mega,Mega,Mega,Mega,Mega,Mega,Mega,Mega
Run5_197135453842852,DCs,Mono_1,DCs,DCs,Mega,DCs,Mono_1,DCs
Run5_197135453862187,Mono_2,DCs,DCs,DCs,DCs,DCs,DCs,DCs
Run5_197135466191731,Mono_1,Mono_1,Mono_1,Mono_2,Mono_1,Mono_1,Mono_1,Mono_1
Run5_197145236728115,DCs,DCs,DCs,DCs,Mega,DCs,DCs,DCs
Run5_197145237052709,DCs,DCs,DCs,DCs,Mega,DCs,DCs,DCs
Run5_197145251960540,Mono_2,Mono_1,Mono_1,DCs,Mono_1,Mono_1,Mono_1,Mono_2
Run5_197145251997598,DCs,DCs,DCs,DCs,Mega,DCs,DCs,DCs
Run5_197145252284837,Mono_1,DCs,DCs,DCs,Mono_2,DCs,DCs,DCs
Run5_197145264340214,DCs,DCs,DCs,DCs,DCs,DCs,DCs,DCs
Run5_197185785415531,Ery_2,Mega,Ery_1,Ery_2,Ery_2,Ery_2,Ery_1,Ery_1
Run5_197185785785588,Mono_1,Mono_1,Mono_1,DCs,Mono_1,Mono_1,Mono_1,Mono_1
Run5_197185797798310,Mono_1,Mono_1,Mono_1,DCs,Mono_1,Mono_1,Mono_1,Mono_1
Run5_197185798069533,Mono_2,Mono_1,Mono_1,DCs,Mono_1,DCs,DCs,DCs
Run5_197185798301603,Mega,Mega,Ery_2,Mega,Ery_2,Ery_2,Ery_2,Ery_1
Run5_197185817466588,Mono_1,DCs,DCs,DCs,Mono_1,DCs,DCs,DCs
Run5_197188186398123,Ery_1,Ery_2,Ery_2,Ery_2,Ery_2,Ery_2,Ery_2,Ery_1
Run5_197188187182902,Mono_2,DCs,Mega,DCs,DCs,Ery_1,DCs,Mega
Run5_197188201691508,Mono_2,Mono_1,DCs,DCs,DCs,DCs,DCs,DCs
Run5_197188213984157,Mega,DCs,Mega,Ery_2,Mega,Ery_1,DCs,Mega
Run5_197188214515957,DCs,DCs,DCs,DCs,DCs,DCs,DCs,DCs
Run5_197188233320284,Mono_1,Mono_1,Mono_1,DCs,Mono_1,Mono_1,Mono_1,Mono_1
Run5_197206037616539,Mono_2,Mono_1,DCs,DCs,Mono_2,DCs,DCs,DCs
Run5_197206037674717,DCs,DCs,DCs,DCs,DCs,DCs,DCs,DCs
Run5_197206052039454,DCs,Mono_1,DCs,DCs,Mono_2,DCs,DCs,Mono_2
Run5_197206052386549,Mega,DCs,Mega,Mega,Ery_2,Ery_1,Ery_2,Ery_1
Run5_197206052617462,Ery_2,DCs,Ery_2,DCs,Mega,Mega,Mega,Mono_2
Run5_197206064883572,Mono_1,Mono_1,Mono_1,DCs,Mono_1,DCs,DCs,DCs
Run5_197206065400555,Ery_1,Mono_1,Mega,Mega,Ery_2,Ery_2,Ery_2,Mega
Run5_197206083758939,HSC_2,Mono_1,DCs,DCs,Mono_1,DCs,DCs,Mega
Run5_197213553880292,Ery_2,DCs,Mega,Mono_1,Mega,Mega,Mega,DCs
Run5_197213568489189,Mono_2,DCs,DCs,DCs,DCs,DCs,Mono_2,DCs
Run5_197213581625717,Ery_2,Mega,DCs,Mega,Mega,Mono_1,Ery_1,DCs
Run5_197213599684979,DCs,DCs,DCs,DCs,Mega,Mega,Ery_2,Ery_2
Run5_197213599750044,DCs,DCs,DCs,DCs,DCs,DCs,DCs,DCs
Run5_197213599947573,Ery_2,Ery_1,Ery_2,Ery_2,Ery_2,Ery_2,Ery_2,Ery_1
Run5_197213600202163,DCs,DCs,Mega,DCs,Mono_1,Ery_1,DCs,Mono_2
Run5_197256771755294,Ery_2,Ery_2,Ery_2,Ery_2,Ery_2,Ery_2,Ery_2,Ery_2
Run5_197256772536675,Mono_1,Mono_1,Mono_1,Mono_2,Mono_1,Mono_1,Mono_1,Mono_1
Run5_197256786328491,DCs,Mono_1,Mono_1,Ery_2,DCs,Mono_1,Mono_1,Mono_1
Run5_197256787216805,Ery_2,Ery_2,Ery_2,Ery_2,Ery_2,Ery_2,Ery_2,Ery_1
Run5_197256799775579,DCs,Mono_1,DCs,Mega,Mega,DCs,DCs,DCs
Run5_197264019504029,DCs,Mega,Ery_2,Mega,Ery_1,DCs,DCs,DCs
Run5_197264019712876,Mono_1,Mono_1,Mono_1,Mono_2,Mono_1,Mono_1,Mono_1,Mono_1
Run5_197264019737437,Ery_2,Ery_2,Ery_2,Ery_2,Ery_2,Ery_2,Ery_2,Ery_1
Run5_197264020258084,Ery_2,Mega,Ery_2,Ery_2,Ery_2,Ery_2,Ery_2,Ery_1
Run5_197264034426085,Ery_2,Mega,Ery_2,Ery_2,Ery_2,Ery_2,Ery_2,Ery_1
Run5_197264047237411,Ery_2,Ery_2,Ery_2,Ery_2,Ery_2,Ery_2,Ery_2,Ery_2
Run5_199865964586907,Ery_2,Mega,DCs,DCs,Mono_1,DCs,DCs,DCs
Run5_199865979066163,Ery_2,DCs,DCs,DCs,DCs,DCs,DCs,DCs
Run5_199865979587316,Mono_1,Mono_1,Mono_1,DCs,Mono_1,Mono_1,Mono_1,Mono_1
Run5_199865991814365,Mono_2,Mono_1,Mono_1,DCs,Mono_1,Mono_1,Mono_1,Mono_1
Run5_199865992432366,Mono_1,DCs,DCs,DCs,DCs,DCs,DCs,DCs
Run5_199934549609195,Mono_1,DCs,DCs,DCs,Mono_1,DCs,DCs,DCs
Run5_199934550064051,Ery_2,Ery_1,Ery_2,Ery_2,Ery_2,Ery_2,Ery_2,Ery_1
Run5_199934564219819,Ery_2,Ery_1,Ery_2,Ery_2,Ery_2,Ery_1,Ery_2,Ery_2
Run5_199934564223404,Ery_1,DCs,Mega,Mega,DCs,Ery_1,DCs,Mega
Run5_199934564264886,Mono_2,DCs,DCs,DCs,DCs,DCs,DCs,DCs
Run5_199934564747571,DCs,DCs,DCs,DCs,DCs,Ery_1,DCs,DCs
Run5_199934564783836,Ery_2,Mega,Mega,Mega,Ery_1,Mono_1,Ery_1,Ery_2
Run5_199934577600227,Ery_2,Mono_1,Ery_2,DCs,Ery_1,Mega,Ery_2,Precursors
Run5_199934595685094,Ery_2,Ery_1,Ery_1,Ery_2,Ery_2,Ery_1,Ery_2,Ery_2
Run5_199934595713387,HSC_2,DCs,DCs,DCs,Mono_1,DCs,Mega,DCs
Run5_199944347504030,DCs,Mono_1,DCs,DCs,DCs,DCs,DCs,DCs
Run5_199944374998774,Ery_2,Ery_1,Ery_2,Ery_2,Ery_2,Ery_2,Ery_2,Ery_1
Run5_199944394402717,Mono_2,DCs,DCs,DCs,DCs,DCs,Mono_2,DCs
Run5_199962332882806,Ery_1,DCs,Ery_2,Ery_2,Mega,Mono_1,Ery_1,Ery_1
Run5_199962333199093,Mono_2,DCs,DCs,DCs,Ery_1,DCs,DCs,Mono_2
Run5_199962347355555,Mega,DCs,Ery_2,Ery_2,Ery_2,Ery_1,Mono_1,Mega
Run5_199962347396523,Ery_1,DCs,DCs,DCs,Mega,Precursors,Mega,Mono_1
Run5_199962347879670,DCs,DCs,DCs,Mega,Ery_2,DCs,Mono_2,Mega
Run5_199962360658678,Ery_1,DCs,Mega,Mega,Mega,Mega,Ery_2,Mega
Run5_199962379274099,Mono_2,Mega,Mega,DCs,Mono_1,Mega,Mega,DCs
Run5_200348208680219,Mono_1,Mono_1,Mono_1,DCs,Mono_1,Mono_1,Mono_1,Mono_1
Run5_200348209112932,DCs,DCs,DCs,DCs,DCs,DCs,DCs,DCs
Run5_200348223302372,Mono_1,Mono_1,Mono_1,DCs,Mono_1,Mono_1,Mono_2,Mono_2
Run5_200348223367398,Ery_2,Ery_1,Ery_2,Ery_2,Ery_2,Ery_2,Ery_2,Ery_1
Run5_200348224149723,Mono_2,DCs,Ery_1,Ery_2,Mega,Ery_1,Mega,DCs
Run5_200348254725862,Mono_2,Mono_1,Mono_1,DCs,Mono_2,Mono_2,Mono_1,Mono_1
Run5_200363939838828,DCs,Mono_1,DCs,DCs,DCs,DCs,DCs,DCs
Run5_200363940141340,Ery_1,DCs,DCs,DCs,DCs,DCs,DCs,DCs
Run5_200416659688862,Ery_1,Mega,Ery_2,Ery_2,Ery_2,Ery_2,Ery_2,Ery_1
Run5_200416659696437,Ery_1,Mega,Ery_1,Ery_2,Ery_1,Ery_2,Ery_1,Ery_1
Run5_200416674364835,Mono_1,DCs,Mono_1,DCs,DCs,Mono_1,Mono_1,Mono_2
Run5_200416687507867,DCs,DCs,Mono_1,DCs,Mono_2,DCs,DCs,DCs
Run5_200426606710134,Mono_1,Mono_2,DCs,DCs,Mono_1,Mono_1,Mono_2,Mono_1
Run5_200426638723356,Ery_2,Ery_1,Ery_2,Ery_2,Ery_2,Ery_1,Ery_2,Ery_2
Run5_200441237006260,Mega,Mega,Mega,Mega,Mega,Mega,Mega,Mega
Run5_200511149434739,Mono_2,DCs,DCs,DCs,DCs,DCs,DCs,DCs
Run5_200511163913966,Mono_1,Mono_1,Mono_1,DCs,Mono_1,Mono_1,Mono_1,Mono_1
Run5_200511176535331,Mono_1,Mono_1,Mono_1,Mono_2,Mono_2,Mono_1,Mono_1,Mono_2
Run5_200561495296221,Mono_1,Mono_1,Mono_1,DCs,Mono_1,Mono_1,Mono_1,Mono_1
Run5_200561496017316,DCs,DCs,Ery_1,DCs,Mono_1,DCs,Mega,DCs
Run5_200561508334381,DCs,DCs,DCs,Mega,Mega,DCs,DCs,DCs
Run5_200562850817902,Ery_2,Precursors,DCs,DCs,Mega,DCs,Mono_2,DCs
Run5_200562869747052,Ery_2,Ery_2,Ery_2,Ery_2,Ery_2,Ery_2,Ery_2,Ery_1
Run5_200562869754139,DCs,DCs,DCs,DCs,Mono_1,HSC_2,DCs,DCs
Run5_200563762588470,Mono_1,Mono_1,Mono_1,Mono_2,Mono_1,Mono_1,Mono_1,Mono_1
Run5_200563777006316,DCs,DCs,DCs,DCs,Precursors,DCs,DCs,DCs
Run5_200563777820891,Mono_2,DCs,DCs,DCs,Mono_1,DCs,Mono_2,Mono_1
Run5_200563789618086,DCs,DCs,DCs,DCs,DCs,DCs,DCs,DCs
Run5_200563790108580,DCs,DCs,Ery_2,DCs,Precursors,Ery_1,Mono_1,Mono_1
Run5_200563808655086,DCs,DCs,DCs,DCs,DCs,DCs,DCs,DCs
Run5_200570473920429,DCs,DCs,DCs,DCs,DCs,DCs,DCs,DCs
Run5_200570487827230,Mono_1,Mono_1,Mono_1,Mono_2,Mono_1,Mono_1,Mono_1,Mono_1
Run5_200570487880094,Mono_1,DCs,DCs,DCs,DCs,Mega,DCs,DCs
Run5_200570488606108,Mono_1,Mono_1,Mono_1,Mono_2,Mono_1,Mono_1,Mono_1,Mono_1
Run5_200570488646053,Ery_2,Mono_1,Mega,Ery_2,Ery_2,Mega,Ery_2,Ery_1
Run5_200899038505189,DCs,Mono_1,DCs,DCs,Mono_2,DCs,Mono_1,DCs
Run5_200899038762718,Ery_2,Ery_1,Ery_2,Ery_2,Ery_2,Ery_2,Ery_2,Ery_1
Run5_200899053381483,DCs,DCs,DCs,DCs,DCs,DCs,Mono_1,DCs
Run5_200899084540659,DCs,DCs,DCs,DCs,Mono_1,DCs,DCs,Mono_1
Run5_200922527123811,Mono_2,DCs,Mono_1,Mega,Ery_1,DCs,DCs,DCs
Run5_200922554386355,DCs,DCs,DCs,DCs,DCs,DCs,Mono_1,Mega
Run5_200922572643100,Mono_2,DCs,DCs,DCs,DCs,DCs,DCs,DCs
Run5_200922572711788,DCs,DCs,DCs,DCs,DCs,DCs,DCs,DCs
Run5_200967489969571,Mono_1,Mono_1,Mono_1,DCs,Mono_1,Mono_1,Mono_1,Mono_1
Run5_200967503928220,HSC_2,Mega,Mono_1,DCs,Mono_1,DCs,DCs,Mono_1
Run5_200967504644451,DCs,DCs,DCs,DCs,Mono_2,DCs,DCs,DCs
Run5_200967516810099,Mono_1,Mono_1,Mono_1,Mono_2,Mono_1,Mono_1,Mono_1,Mono_1
Run5_200967535614891,DCs,DCs,Ery_2,DCs,Mega,DCs,Mega,Mono_2
Run5_200967535908581,DCs,DCs,DCs,DCs,DCs,DCs,DCs,DCs
Run5_200974065847708,Ery_1,Mega,Mono_1,Ery_2,Ery_2,Ery_2,Ery_2,Ery_1
Run5_200974065851685,Mono_2,Mono_1,DCs,DCs,DCs,DCs,DCs,DCs
Run5_200974066211548,Ery_2,Ery_2,Ery_2,Ery_2,Ery_2,Ery_2,Ery_2,Ery_1
Run5_200974066629923,Mono_1,Mono_1,Mono_1,DCs,Mono_1,Mono_1,Mono_1,Mono_1
Run5_200974093211372,DCs,DCs,DCs,DCs,DCs,DCs,Mono_1,DCs
Run5_200974093630683,DCs,DCs,Ery_1,Mega,Mega,DCs,Mega,Mega
Run5_200974094001899,Mono_2,DCs,Mono_1,DCs,Mono_1,Mono_1,DCs,DCs
Run5_200974112769947,DCs,DCs,DCs,DCs,Mono_1,DCs,DCs,DCs
Run5_200983461182197,Ery_1,DCs,Ery_2,DCs,Ery_2,Ery_1,DCs,DCs
Run5_200983461354228,Mono_1,Mono_1,Mono_1,DCs,Mono_2,Mono_1,Mono_1,Mono_2
Run5_200983461448566,Ery_2,Ery_1,Ery_1,Ery_2,Ery_2,Ery_2,Ery_2,Ery_1
Run5_200983476648171,Mono_2,DCs,DCs,DCs,DCs,DCs,DCs,DCs
Run5_200983488453860,DCs,DCs,Mono_1,DCs,DCs,DCs,DCs,Mono_1
Run5_200983488678189,Mono_1,Mono_1,Mono_1,DCs,Mono_1,Mono_1,Mono_1,Mono_1
Run5_200983488685803,HSC_2,DCs,DCs,DCs,DCs,DCs,DCs,DCs
Run5_200983489137396,DCs,DCs,Ery_1,DCs,DCs,DCs,DCs,DCs
Run5_200994213514596,Mono_1,Mono_2,DCs,DCs,Mono_1,DCs,DCs,DCs
Run5_200994213517100,DCs,Mono_1,Mono_1,DCs,Mono_2,Mono_1,Mono_1,Mono_1
Run5_200994214004980,Mega,DCs,Ery_2,Ery_2,Mega,Mega,Ery_2,Ery_1
Run5_200994225872100,Ery_1,Mega,Ery_2,Ery_2,Ery_2,Ery_2,Ery_1,Ery_1
Run5_200994225875828,DCs,DCs,DCs,DCs,DCs,DCs,DCs,DCs
Run5_200994226137971,Mono_2,Mono_1,DCs,DCs,Mega,Mono_1,DCs,Mono_2
Run5_200994226563507,Mono_1,Mono_1,Mono_1,DCs,Mono_1,Mono_1,Mono_1,Mono_1
Run5_200994244704102,Mono_1,Mono_1,Mono_1,DCs,Mono_1,Mono_1,Mono_1,Mono_1
Run5_200994245499300,Mono_1,Mono_1,Ery_1,DCs,Mono_1,Mono_1,Mono_1,Mono_1
Run5_201111639021342,DCs,DCs,DCs,DCs,Mono_1,DCs,DCs,DCs
Run5_201111639375261,Ery_1,Mega,Ery_2,Ery_2,Ery_2,Ery_1,Ery_2,Ery_1
Run5_201111653694875,Ery_1,Mega,Ery_2,Mega,Ery_2,Ery_2,Ery_2,Ery_1
Run5_201111667133678,Ery_1,DCs,Ery_2,Mega,Mono_2,DCs,Mega,Mega
Run5_201111685519603,Mono_1,Mono_2,Mono_1,DCs,Mono_1,Mono_1,Mono_1,Mono_1
Run5_201114457594284,Ery_2,Ery_1,Ery_2,Ery_2,Ery_2,Ery_2,Ery_2,Ery_1
Run5_201114457886061,Mono_1,DCs,DCs,DCs,DCs,DCs,DCs,DCs
Run5_201114458372382,Mono_1,Mono_1,Mono_1,DCs,Mono_1,Mono_1,Mono_1,Mono_1
Run5_201114458372918,Ery_2,Ery_2,Ery_2,Ery_2,Ery_2,Ery_2,Ery_2,Ery_2
Run5_201114472856299,Mega,Mono_1,DCs,Mono_2,DCs,Ery_1,DCs,DCs
Run5_201114484915573,Mono_2,DCs,DCs,DCs,DCs,DCs,DCs,DCs
Run5_201114485475756,DCs,DCs,DCs,DCs,Mono_1,DCs,DCs,DCs
Run5_201114504346483,Mono_2,DCs,DCs,DCs,DCs,DCs,Mega,DCs
Run5_201465586202923,Ery_2,Ery_2,Ery_2,Ery_2,Ery_2,Ery_2,Ery_2,Ery_1
Run5_201474296139172,Mono_2,DCs,DCs,DCs,Mono_2,DCs,DCs,Mono_2
Run5_201474310323563,DCs,DCs,DCs,DCs,Mega,Mega,DCs,Mega
Run5_201474310552491,Mono_1,Mono_1,Mono_2,DCs,Mono_1,Mono_1,Mono_1,Mono_1
Run5_201474323146659,Mono_2,DCs,Mono_1,DCs,DCs,DCs,DCs,DCs
Run5_201523553266475,Ery_2,Ery_1,Ery_2,Ery_2,Ery_2,Ery_2,Ery_2,Ery_2
Run5_201523553528230,Mono_1,Mono_1,Mono_1,DCs,Mono_1,Mono_1,Mono_1,Mono_1
Run5_201523554077029,DCs,DCs,DCs,DCs,Mono_2,DCs,DCs,DCs
Run5_201523568172390,Mono_2,DCs,DCs,DCs,DCs,Precursors,DCs,Mono_2
Run5_201523599367030,Mono_1,Mono_1,Mono_1,DCs,Mono_1,Mono_1,Mono_1,Mono_1
Run5_201523599693555,Mono_2,Mono_1,DCs,DCs,DCs,DCs,DCs,DCs
Run5_201523600189797,Mono_1,Mono_1,Ery_2,Ery_2,Ery_2,Mega,Ery_1,Ery_2
Run5_201585857575781,DCs,DCs,DCs,DCs,DCs,DCs,DCs,DCs
Run5_201585857775461,Ery_2,Ery_1,Ery_2,Ery_2,Ery_2,Ery_2,Ery_2,Ery_1
Run5_201585877204187,Mono_2,Mono_1,Mono_1,DCs,Mono_1,Mono_1,Mono_1,Mono_2
Run5_201595494283171,Ery_2,Ery_2,Ery_2,Ery_2,Ery_2,Ery_2,Ery_2,Ery_1
Run5_201595508942708,Ery_2,Ery_1,Ery_2,Ery_2,Ery_2,Ery_2,Ery_2,Ery_1
Run5_201595521984220,Mono_1,Mono_1,Mono_1,DCs,Mono_1,Mono_1,Mono_1,Mono_1
Run5_201595540363172,DCs,DCs,DCs,DCs,DCs,DCs,DCs,DCs
Run5_201595540946284,Mono_1,Mono_1,Mono_1,DCs,Mono_2,Mono_1,Mono_1,Mono_1
Run5_201670656452333,Ery_2,Mega,Ery_2,Mega,Ery_2,Ery_2,Ery_2,Ery_1
Run5_201670670899627,Mono_2,DCs,DCs,DCs,Mono_1,Mono_1,DCs,DCs
Run5_201670683121501,Mono_1,Mono_1,Mono_1,DCs,Mono_1,Mono_1,Mono_1,Mono_1
Run5_201670683478364,Mono_2,DCs,DCs,DCs,DCs,DCs,Mono_1,DCs
Run5_201670683736803,Ery_2,DCs,Mono_1,DCs,Ery_2,Ery_2,Mega,DCs
Run5_201670702087004,Mono_2,DCs,Mono_2,DCs,DCs,DCs,Mono_1,DCs
Run5_201670702811876,Mono_1,Mono_2,Mono_1,DCs,Mono_2,Mono_1,Mono_2,Mono_1
Run5_204213425461038,Ery_2,Ery_1,Mega,Mega,Ery_2,Ery_1,Ery_2,Ery_2
Run5_204213426216284,HSC_2,DCs,DCs,DCs,Ery_1,DCs,DCs,DCs
Run5_204213426281884,Mono_1,Mono_1,Mono_1,Mono_2,Mono_1,Mono_1,Mono_1,Mono_1
Run5_204213438008037,Mega,Mega,Mega,Mega,Mega,Mega,Mega,Mega
Run5_204224148683565,HSC_2,DCs,DCs,DCs,Mega,DCs,DCs,DCs
Run5_204224163363755,DCs,DCs,DCs,DCs,DCs,DCs,DCs,DCs
Run5_204224175925091,DCs,Mono_1,DCs,DCs,Mono_2,Mono_1,DCs,Mono_2
Run5_204351789788515,DCs,Mono_1,DCs,DCs,DCs,DCs,Mono_2,DCs
Run5_204351804716918,Mega,Mega,Mega,Mega,Mega,Mega,Mega,Mega
Run5_204351816746854,Mono_1,Mono_1,Mono_1,DCs,Mono_1,Mono_1,Mono_1,Mono_1
Run5_204351835396380,Mono_2,DCs,DCs,DCs,DCs,Precursors,DCs,Mono_2
Run5_204358246676324,Ery_2,Mega,Ery_1,Ery_2,Ery_1,Ery_2,Ery_2,Ery_1
Run5_204358278068645,Mono_2,DCs,Mega,DCs,Mono_1,Ery_2,Mega,DCs
Run5_204358278368691,Mono_1,DCs,DCs,DCs,DCs,DCs,DCs,DCs
Run5_204358278630236,Ery_2,Ery_1,Ery_2,Ery_2,Ery_2,Ery_2,Ery_2,Ery_1
Run5_204359574342501,DCs,DCs,DCs,DCs,Mono_1,DCs,DCs,DCs
Run5_204359601972971,Mono_2,DCs,DCs,DCs,Mono_1,DCs,DCs,DCs
Run5_204360528129333,DCs,Mega,DCs,DCs,DCs,Mega,Mega,DCs
Run5_204360528849317,Mono_2,DCs,DCs,DCs,Mega,DCs,DCs,DCs
Run5_204360541488995,Mono_2,DCs,Mono_1,DCs,DCs,DCs,DCs,DCs
Run5_204360559574387,Mono_2,Mono_1,Mono_2,DCs,Mono_2,DCs,Mono_1,Mono_1
Run5_204360560303540,Mono_2,Mono_1,Mono_2,DCs,DCs,DCs,DCs,DCs
Run5_204403356874997,Ery_2,Ery_2,Ery_2,Ery_2,Ery_2,Ery_2,Ery_2,Ery_2
Run5_204403374963125,Ery_1,Ery_1,Ery_2,Ery_2,Ery_2,Ery_1,Ery_2,Ery_1
Run5_204403375265523,Mono_1,Mono_1,Mono_2,DCs,Mono_1,Mono_1,Mono_1,Mono_1
Run5_204427085868333,Mega,DCs,Mega,DCs,Ery_2,DCs,DCs,Mega
Run5_204427086120795,Ery_2,Mono_1,Ery_1,Ery_1,Ery_2,Ery_2,Ery_2,Ery_2
Run5_204427100874467,Mono_1,Mono_1,Mono_1,Mono_2,Mono_1,Mono_1,Mono_1,Mono_1
Run5_204427100907299,DCs,DCs,DCs,Mega,DCs,Ery_1,Mega,Mega
Run5_204427112859885,Mono_1,Mono_1,Mono_1,Mono_1,Mono_1,Mono_1,Mono_1,Mono_1
Run5_204427113486245,Ery_2,Mega,Ery_2,Ery_2,Ery_2,Ery_2,Ery_2,Ery_1
Run5_204427131742630,Ery_1,DCs,Mono_2,Mono_1,Mono_1,Mono_1,Mega,DCs
Run5_204427132266334,Ery_1,DCs,Ery_2,Ery_2,Mega,Mega,DCs,Ery_2
Run5_204756739086062,Mono_1,Mono_1,DCs,DCs,Mono_1,DCs,Mono_2,DCs
Run5_204756751867293,Ery_2,Ery_2,Ery_2,Ery_2,Ery_2,Ery_2,Ery_2,Ery_1
Run5_204756751890726,Mega,Mega,Mega,Ery_2,Mega,Mega,Ery_1,Mega
Run5_204756752198491,Mono_2,Mono_1,DCs,DCs,DCs,DCs,Mono_2,DCs
Run5_204756752226731,Mono_1,Mono_1,Mono_1,Mono_2,Mono_1,Mono_1,Mono_1,Mono_1
Run5_204762108024540,Precursors,DCs,DCs,DCs,Mega,Ery_1,DCs,DCs
Run5_204762108320990,DCs,Mono_1,DCs,DCs,DCs,Mono_1,DCs,DCs
Run5_204762120407973,DCs,DCs,DCs,DCs,DCs,DCs,DCs,DCs
Run5_204762120841651,Mono_2,Mono_1,DCs,DCs,DCs,DCs,DCs,DCs
Run5_204762138950069,Ery_2,Ery_2,Ery_2,Ery_2,Ery_2,Ery_2,Ery_2,Ery_1
Run5_204762139015596,Mono_1,DCs,Mega,DCs,Ery_1,Ery_1,DCs,Mega
Run5_204763032931571,DCs,Mega,DCs,DCs,Ery_2,DCs,Mono_1,Mono_1
Run5_204763047259555,DCs,DCs,Mono_1,DCs,Mega,DCs,Mega,Mono_1
Run5_204763047544750,Mono_1,Mono_1,Mono_1,Mono_2,Mono_1,Mono_1,Mono_1,Mono_1
Run5_204763060399332,DCs,DCs,DCs,DCs,Mono_1,DCs,DCs,DCs
Run5_204765448584412,DCs,Mono_1,DCs,DCs,Mono_2,DCs,DCs,Mono_1
Run5_204765462948636,Ery_2,Ery_2,Ery_2,Ery_2,Ery_2,Ery_2,Ery_2,Ery_2
Run5_204765463206708,Mono_1,Mono_1,Mono_2,DCs,Mono_1,Mono_1,Mono_1,Mono_2
Run5_204765463239452,Mono_1,Mono_1,Mono_1,Mono_2,Mono_2,Mono_1,Mono_1,Mono_1
Run5_204765475519403,Mono_2,DCs,DCs,DCs,DCs,DCs,DCs,DCs
Run5_204765476120301,DCs,DCs,DCs,DCs,Mono_1,DCs,DCs,DCs
Run5_204765476338910,Mono_2,DCs,Mono_2,DCs,DCs,DCs,Mono_2,Mono_1
Run5_204816853646061,DCs,DCs,Ery_2,DCs,Ery_2,HSC_1,DCs,Mono_2
Run5_204816853941155,Mega,DCs,Ery_2,Mega,Ery_2,Ery_1,Ery_2,Ery_1
Run5_204816854502621,Mono_1,DCs,DCs,DCs,Mono_1,DCs,DCs,DCs
Run5_204816868621549,Mono_1,Mono_1,Mono_1,DCs,Mono_1,Mono_1,Mono_1,Mono_1
Run5_204816869115677,DCs,DCs,Mega,Mega,Mega,DCs,Ery_2,DCs
Run5_204816881503654,Ery_2,Mega,Ery_2,Ery_2,Ery_2,Ery_2,Ery_2,Ery_1
Run5_204825309337963,Ery_2,Ery_2,Ery_1,Ery_2,Ery_2,Ery_2,Ery_1,Ery_2
Run5_204825309428637,Mono_1,DCs,Mono_1,DCs,Mono_1,Mono_1,Mono_2,DCs
Run5_204825309657004,DCs,DCs,DCs,Mega,Ery_2,HSC_2,Mega,DCs
Run5_204825324018989,Mono_2,Mono_2,DCs,DCs,DCs,DCs,Mono_1,DCs
Run5_204825324641523,Mono_1,Mono_1,Mono_1,DCs,Mono_1,Mono_1,Mono_1,Mono_1
Run5_204825336629597,Ery_2,Ery_1,Ery_2,Ery_2,Ery_2,Ery_2,Ery_2,Ery_1
Run5_204825336867747,DCs,DCs,DCs,DCs,Mega,Ery_2,Ery_2,Mono_1
Run5_204825337420060,Mono_1,DCs,Mono_2,DCs,Mono_1,Mono_1,Mono_1,DCs
Run5_204825355794333,DCs,Mono_2,Mono_1,DCs,Mono_1,Mono_1,Mono_1,Mono_1
Run5_204882352224051,HSC_2,DCs,DCs,DCs,DCs,DCs,DCs,Mono_1
Run5_204882352658230,Ery_1,Mega,Ery_2,Mega,Ery_1,Mega,Ery_2,Mega
Run5_204882352696099,HSC_2,DCs,Mega,Mega,Mega,DCs,Mega,Mono_1
Run5_204882398046107,Mono_2,DCs,DCs,DCs,DCs,DCs,DCs,DCs
Run5_204911343230388,Ery_2,DCs,Mega,DCs,Mega,DCs,DCs,Ery_1
Run5_204911343716774,Mono_1,Mono_1,Mono_1,DCs,Mono_1,Mono_1,Mono_1,Mono_1
Run5_204911357672742,Ery_2,Ery_1,Ery_2,Ery_2,Ery_2,Ery_1,Ery_2,Ery_1
Run5_204911358470427,Mono_1,Mono_1,Mono_1,DCs,Mono_1,Mono_1,Mono_1,DCs
Run5_204911389858739,Mono_2,DCs,DCs,DCs,Mono_1,DCs,Mono_1,DCs
Run5_204911389927773,DCs,DCs,DCs,DCs,Ery_1,DCs,DCs,DCs
Run5_204954185882334,DCs,DCs,DCs,DCs,DCs,DCs,DCs,DCs
Run5_204954204518830,Ery_2,Ery_2,Ery_2,Ery_2,Ery_2,Ery_2,Ery_2,Ery_1
Run5_204959688805230,DCs,Mono_1,DCs,DCs,DCs,DCs,DCs,DCs
Run5_204959707486108,DCs,DCs,Mono_1,DCs,Mono_2,Mono_2,Mono_2,DCs
Run5_204959708006827,Ery_2,Ery_2,Ery_2,Ery_2,Ery_2,Ery_2,Ery_2,Ery_1
Run5_204959708010213,Mono_1,DCs,DCs,DCs,DCs,DCs,DCs,DCs
Run5_204959708236726,Mono_2,Mono_1,Mono_1,DCs,Mono_2,DCs,Mono_2,Mono_1
Run5_205381641881900,DCs,DCs,DCs,DCs,DCs,DCs,DCs,DCs
Run5_205381641910045,Mono_2,DCs,DCs,DCs,Mega,DCs,Ery_2,Ery_2
Run5_205381642115812,DCs,DCs,Mega,DCs,Ery_1,DCs,Mono_1,DCs
Run5_205381656852900,Ery_2,Ery_1,Ery_2,Ery_2,Ery_1,Ery_2,Ery_2,Ery_1
Run5_205381688060779,Ery_2,Ery_2,Ery_2,Ery_2,Ery_2,Ery_2,Ery_2,Ery_2
Run5_205381688547101,DCs,Precursors,DCs,DCs,Mono_1,Precursors,DCs,DCs
Run5_205392379297013,Mono_2,Mono_1,DCs,DCs,Mono_1,Mono_1,DCs,Mono_2
Run5_205392394541286,Mono_1,DCs,Ery_2,DCs,Mega,Mega,Mega,Mono_1
Run5_205392394702254,Ery_2,Ery_1,Ery_2,Ery_2,Ery_2,Ery_2,Ery_2,Ery_1
Run5_205392426219821,Mono_1,Mono_1,Mono_1,DCs,Mono_1,Mono_1,Mono_1,Mono_1
Run5_205449153854387,DCs,DCs,Ery_2,Ery_2,Mega,DCs,Mega,Mono_1
Run5_205449168344814,Ery_2,Ery_1,Ery_1,Ery_2,Ery_2,Ery_1,Ery_2,Mega
Run5_205449168800499,HSC_2,DCs,DCs,DCs,Mega,DCs,DCs,DCs
Run5_205449181392284,Mono_1,Mono_2,Ery_1,Ery_2,Ery_1,Ery_2,Ery_2,Mono_1
Run5_205449200266037,Ery_2,Ery_1,Ery_2,Ery_2,Ery_2,Ery_2,Ery_2,Ery_1
Run5_205510773992812,DCs,DCs,DCs,DCs,DCs,DCs,DCs,DCs
Run5_205510805765038,DCs,DCs,DCs,DCs,DCs,DCs,DCs,DCs
Run5_205510806027174,Mono_1,DCs,DCs,DCs,Mono_2,DCs,DCs,DCs
Run5_205511430719278,Mono_2,DCs,DCs,DCs,Mono_1,Mono_1,DCs,DCs
Run5_205511431154595,DCs,DCs,DCs,DCs,DCs,DCs,DCs,DCs
Run5_205511445591981,DCs,DCs,DCs,DCs,DCs,DCs,DCs,DCs
Run5_205511457884469,DCs,DCs,DCs,DCs,DCs,DCs,DCs,DCs
Run5_205511458187555,Ery_2,Mega,Ery_2,Ery_2,Ery_2,Ery_2,Ery_2,Ery_1
Run5_205511476559262,Mono_2,DCs,Mono_1,DCs,DCs,Mono_1,DCs,Mono_2
Run5_205511476824947,Mono_2,DCs,DCs,Mega,Mega,DCs,Mega,Mega
Run5_205518946614699,DCs,DCs,DCs,DCs,Mono_2,DCs,DCs,DCs
Run5_205518961241396,Mega,Mega,Mega,Mega,Ery_1,Mega,Mega,Mega
Run5_205518974642477,Mono_1,Mono_1,Mono_1,Mono_1,Mono_1,Mono_1,Mono_1,Mono_1
Run5_205518992718261,DCs,Mega,DCs,DCs,Mega,Precursors,DCs,DCs
Run5_205518992989099,Mono_2,DCs,DCs,DCs,Ery_2,DCs,Mono_1,Ery_1
Run5_205518992993196,Ery_2,Mega,Ery_2,Ery_2,Ery_2,Ery_2,Ery_2,Ery_2
Run5_205518993255332,Mono_1,DCs,Ery_1,Ery_2,Ery_2,DCs,Mega,DCs
Run5_205527670775142,Mono_1,Mono_1,Mono_1,DCs,Mono_1,Mono_1,Mono_1,Mono_1
Run5_205527670966709,Mono_2,Mono_1,Mono_1,DCs,Mono_1,Mono_1,DCs,DCs
Run5_205527671486381,DCs,DCs,DCs,DCs,DCs,DCs,DCs,DCs
Run5_205527685680502,Mono_2,Mono_1,Mono_1,DCs,Mono_2,DCs,Mono_2,DCs
Run5_205527698033054,DCs,Mono_1,DCs,DCs,DCs,DCs,DCs,DCs
Run5_205527717697244,Mono_1,Mono_1,Mono_1,Mono_2,Mono_1,Mono_1,Mono_1,Mono_1
Run5_205870194670891,Mono_2,DCs,DCs,DCs,Mono_2,DCs,Mono_2,DCs
Run5_205870194965276,Ery_2,Ery_2,Ery_2,Ery_2,Ery_2,Ery_2,Ery_2,Ery_2
Run5_205870209919347,Ery_2,Ery_2,Ery_2,Ery_2,Ery_2,Ery_2,Ery_2,Ery_1
Run5_205870221937565,Mono_2,Mono_1,DCs,DCs,Mega,DCs,Mega,DCs
Run5_205870241270110,Mono_2,DCs,DCs,DCs,DCs,DCs,DCs,DCs
Run5_205922688720219,Ery_2,Ery_1,Ery_2,Ery_2,Ery_2,Ery_2,Ery_2,Ery_1
Run5_205922688722795,Mono_1,Mono_1,Mono_1,Mono_2,Mono_1,Mono_1,Mono_1,Mono_1
Run5_205922689043163,Mono_2,DCs,DCs,DCs,DCs,DCs,Mono_2,DCs
Run5_205922701039973,Mono_1,Mono_1,Mono_2,DCs,Mono_1,Mono_1,Mono_2,Mono_1
Run5_205922701096750,Ery_2,Ery_2,Ery_2,Ery_2,Ery_2,Ery_2,Ery_2,Ery_2
Run5_205922701598003,DCs,Mega,DCs,DCs,Mega,Mega,Ery_2,Mega
Run5_205922720234204,Ery_1,Mega,Ery_1,Mega,Mega,Ery_2,Ery_2,Mega
Run5_226205925796574,DCs,DCs,DCs,DCs,DCs,Mega,DCs,DCs
Run5_226205939911587,Mono_2,DCs,DCs,DCs,DCs,DCs,Mega,DCs
Run5_226205940004708,DCs,Mega,Mono_1,Mega,Mega,Mega,Mega,Mega
Run5_226205940443443,Ery_1,Ery_1,DCs,Mega,Ery_2,Ery_1,DCs,Ery_1
Run5_226205940444581,DCs,Mono_1,Mono_1,DCs,DCs,Mono_1,Mono_1,Mono_2
Run5_226205940537563,Ery_2,HSC_2,Ery_1,DCs,Mega,Ery_2,Ery_2,Mono_1
Run5_226205952293733,DCs,Mega,DCs,DCs,DCs,DCs,Mega,DCs
Run5_226205971995877,Ery_2,Ery_2,Ery_2,Ery_2,Ery_2,Ery_2,Ery_2,Ery_2
Run5_226265786109356,DCs,DCs,DCs,DCs,DCs,DCs,DCs,DCs
Run5_226265813962150,Mono_1,DCs,DCs,DCs,DCs,DCs,DCs,DCs
Run5_226265814165358,Ery_2,Mega,Ery_2,Ery_2,Ery_2,Ery_2,Ery_2,Ery_1
Run5_226265814227244,DCs,DCs,DCs,DCs,Mega,DCs,DCs,DCs
Run5_226265832320307,Mega,Mega,DCs,Mono_2,Ery_1,DCs,Mega,Mega
Run5_226265832544669,Mono_1,Mono_1,Mono_1,DCs,Mono_1,Mono_1,Mono_1,Mono_1
Run5_226265832549659,Mono_1,Mono_1,Mono_1,DCs,Mono_1,Mono_1,Mono_1,Mono_1
Run5_226273451228597,DCs,DCs,DCs,DCs,Mono_2,DCs,DCs,DCs
Run5_226273451531558,Ery_1,Mega,Ery_2,Mega,Ery_2,Ery_2,Ery_2,Mega
Run5_226273451763436,DCs,DCs,Ery_2,Ery_2,Mega,DCs,Mono_2,DCs
Run5_226273451961587,DCs,DCs,DCs,DCs,Mono_2,DCs,Mega,DCs
Run5_226273452018029,DCs,Mono_1,DCs,DCs,DCs,DCs,Mono_1,DCs
Run5_226273464040798,Mono_2,Mono_1,Mono_1,DCs,Mono_2,Mono_1,Mono_1,Mono_1
Run5_226273464334645,Mono_1,Mono_1,Mono_1,DCs,Mono_1,Mono_1,Mono_1,DCs
Run5_226273483437870,Mono_1,Mono_1,Mono_1,DCs,Mono_2,Mono_1,Mono_1,Mono_1
Run5_226283234735902,DCs,DCs,DCs,DCs,DCs,DCs,DCs,DCs
Run5_226283234748131,Mono_1,Mono_1,Mono_1,DCs,Mono_1,Mono_1,Mono_1,Mono_1
Run5_226283234905454,Ery_2,Ery_1,Ery_2,Mega,Ery_2,Ery_2,Ery_2,Ery_1
Run5_226283235010932,Mono_1,Mono_1,Mono_1,Mono_2,Mono_1,Mono_1,Mono_1,Mono_1
Run5_226283249155366,DCs,Mono_1,DCs,DCs,DCs,Mono_2,DCs,DCs
Run5_226283249383725,Mono_1,Mono_1,Mono_1,DCs,Mono_1,Mono_1,Mono_1,Mono_1
Run5_226283261651870,DCs,DCs,DCs,DCs,DCs,DCs,DCs,DCs
Run5_226283261933420,Ery_2,Ery_1,Ery_2,Ery_2,Ery_2,Ery_2,Ery_2,Ery_2
Run5_226283262207907,Mono_1,Mono_1,DCs,DCs,Mono_2,Mono_1,Mono_2,Mono_1
Run5_226283262430126,Mono_1,DCs,DCs,DCs,DCs,DCs,DCs,DCs
Run5_226283280783795,Ery_2,Ery_2,Ery_2,Ery_2,Ery_2,Ery_2,Ery_2,Ery_2
Run5_226343095557469,Ery_2,Ery_1,Ery_2,Ery_2,Ery_2,Ery_2,Ery_2,Ery_1
Run5_226343096108899,Mono_2,Mono_1,Mono_2,DCs,Mono_1,Mono_1,Mono_2,Mono_1
Run5_226343096281308,DCs,Mono_1,DCs,DCs,DCs,DCs,DCs,DCs
Run5_226343110425014,Mono_1,Mono_1,DCs,DCs,Mono_2,Mono_1,DCs,Mono_2
Run5_226343142447326,DCs,DCs,DCs,DCs,Mono_2,DCs,DCs,DCs
Run5_226394635692277,Ery_2,Ery_2,Ery_2,Ery_2,Ery_2,Ery_2,Ery_2,Ery_2
Run5_226394649835955,Mono_1,Mono_1,Mono_1,DCs,Mono_1,Mono_1,Mono_1,Mono_1
Run5_226394650396523,HSC_2,Mono_1,DCs,DCs,Mono_1,Mega,DCs,Mega
Run5_226394662987636,Ery_2,Ery_2,Ery_2,Ery_2,Ery_2,Ery_2,Ery_2,Ery_2
Run5_226394681596141,Mono_2,DCs,DCs,Ery_2,Mega,Mega,DCs,DCs
Run5_226806147271030,Mono_1,Mono_1,Mono_1,DCs,Mono_1,Mono_1,Mono_1,Mono_1
Run5_226806147431348,Mono_2,DCs,DCs,DCs,DCs,DCs,DCs,DCs
Run5_226806161627956,Ery_2,Mega,Ery_1,DCs,Ery_1,DCs,Mono_2,Mega
Run5_226806162118556,Ery_1,Ery_1,Ery_2,Ery_2,Ery_2,Ery_2,Ery_2,Ery_1
Run5_226806174202228,Ery_2,Ery_2,Ery_2,Ery_2,Ery_2,Ery_2,Ery_2,Ery_2
Run5_226806193416475,DCs,DCs,DCs,DCs,Mono_1,DCs,DCs,Mono_1
Run5_226822387255213,Ery_2,Ery_1,Ery_2,Ery_2,Ery_2,Ery_2,Ery_1,Ery_1
Run5_226822387616118,Mono_1,Mono_1,Mono_1,DCs,Mono_2,Mono_1,Mono_1,Mono_1
Run5_226822402520806,DCs,DCs,DCs,Ery_2,Ery_2,Precursors,DCs,DCs
Run5_226829515478876,Mono_2,DCs,Ery_2,DCs,DCs,DCs,DCs,DCs
Run5_226829515480475,Mono_2,DCs,DCs,DCs,Mono_1,DCs,DCs,DCs
Run5_226829515512556,Ery_2,Ery_1,Ery_2,Ery_2,Ery_2,Ery_2,Ery_2,Ery_1
Run5_226829515550116,Ery_1,Mega,Ery_2,Ery_2,Ery_2,Ery_2,Ery_2,Ery_1
Run5_226829528151854,DCs,DCs,DCs,DCs,DCs,DCs,DCs,DCs
Run5_226829546679541,Ery_1,DCs,Ery_2,Mono_1,Mega,Mega,Mega,Ery_2
Run5_226829546993502,DCs,DCs,DCs,DCs,Precursors,DCs,DCs,DCs
Run5_226829547517806,Mono_2,DCs,Mono_1,DCs,DCs,DCs,DCs,DCs
Run5_226874746686838,Mono_1,Mono_1,Mega,DCs,Mega,Mega,Mega,Mega
Run5_226874746943332,Mega,DCs,Mega,DCs,Mega,Mega,Mega,Mono_1
Run5_226874747119859,Mono_1,DCs,Mega,DCs,Mono_1,Mega,Ery_2,Mega
Run5_226874759691619,Mono_1,Mono_1,Mono_1,Mono_2,Mono_1,Mono_1,Mono_1,Mono_1
Run5_226874778041270,DCs,DCs,DCs,DCs,DCs,DCs,DCs,DCs
Run5_226874778118379,Ery_2,Ery_2,Ery_1,Ery_2,Ery_2,Ery_2,Ery_2,Ery_1
Run5_226883187948253,DCs,DCs,DCs,DCs,DCs,DCs,DCs,DCs
Run5_226883188407094,Mono_1,DCs,DCs,DCs,Mono_1,Precursors,DCs,Mono_1
Run5_226883202603756,Ery_2,Ery_1,Ery_2,Ery_2,Ery_2,Ery_2,Ery_2,Ery_1
Run5_226901441268660,DCs,DCs,HSC_2,DCs,DCs,DCs,DCs,DCs
Run5_226901442054566,DCs,DCs,DCs,DCs,DCs,Precursors,DCs,Mono_2
Run5_226901456443108,HSC_2,DCs,DCs,Mega,Mega,Mega,Mono_1,DCs
Run5_226901456471782,DCs,DCs,DCs,DCs,DCs,DCs,DCs,Ery_2
Run5_226901456538459,Mono_1,Mono_1,Ery_1,DCs,Mono_2,Mono_1,Mono_2,Mono_1
Run5_226901468793701,Mono_1,DCs,DCs,DCs,Mono_2,DCs,DCs,DCs
Run5_226901468854118,DCs,DCs,DCs,DCs,DCs,DCs,DCs,DCs
Run5_226949759723830,Ery_2,Ery_2,Ery_2,Ery_2,Ery_2,Ery_2,Ery_2,Ery_2
Run5_226949787445539,Mono_1,DCs,DCs,DCs,Mono_2,Mono_1,DCs,DCs
Run5_226949787465460,Mono_1,Mono_1,Mono_1,DCs,Mono_1,Mono_1,Mono_1,Mono_1
Run5_226949787674870,Ery_2,Ery_2,Ery_2,Ery_2,Ery_2,Ery_2,Ery_2,Ery_2
Run5_226949805762278,Mono_1,Mono_1,Mono_1,DCs,Mono_1,Mono_1,Mono_1,Mono_1
Run5_226949806544613,Mono_1,Mono_1,Mono_1,DCs,Mono_1,Mono_1,Mono_1,Mono_1
Run5_226953384323893,Ery_2,Ery_2,Ery_2,Ery_2,Ery_2,Ery_2,Ery_2,Ery_1
Run5_226953398241501,Ery_2,Ery_1,Ery_2,Ery_2,Ery_2,Ery_2,Ery_2,Ery_1
Run5_226953398269812,Ery_2,Ery_2,Ery_2,Ery_2,Ery_2,Ery_2,Ery_2,Ery_2
Run5_226953398700339,DCs,DCs,DCs,DCs,DCs,DCs,DCs,DCs
Run5_226953410865460,Mono_1,DCs,Mono_1,DCs,Mono_1,Mono_1,Mono_1,Mono_1
Run5_226953411545835,DCs,Mono_1,Mono_1,DCs,Mono_1,Mono_1,Mono_1,Mono_2
Run5_226953429968741,Ery_2,Mega,Ery_1,Ery_2,Ery_2,Ery_2,Ery_2,Ery_1
Run5_226958752799068,DCs,DCs,Mono_1,Mega,Mega,Mega,DCs,Mega
Run5_226958767155629,Mono_2,DCs,DCs,DCs,DCs,DCs,DCs,DCs
Run5_226958798449580,DCs,DCs,Ery_2,DCs,Mono_1,DCs,Mega,DCs
Run5_226970295253419,Ery_2,Ery_1,Ery_2,Ery_2,Ery_2,Ery_1,Ery_2,Ery_1
Run5_226970309933475,Ery_2,Mega,Ery_1,Mega,Mega,DCs,Mega,DCs
Run5_226970322222389,Ery_2,Ery_1,Ery_2,Ery_2,Ery_2,Ery_2,Ery_2,Mega
Run5_226970322234100,Mono_2,DCs,DCs,Mono_2,Mega,Ery_2,DCs,Mega
Run5_226970322234667,HSC_2,DCs,DCs,DCs,Mega,DCs,DCs,DCs
Run5_226970322292126,Mono_2,DCs,DCs,DCs,DCs,DCs,DCs,DCs
Run5_226970322757427,Mono_1,Mono_1,Mono_1,DCs,Mono_1,Mono_1,Mono_1,Mono_1
Run5_226970322976037,Ery_1,Mega,Mega,Ery_2,Ery_2,Ery_2,Ery_2,Ery_1
Run5_226970323044773,DCs,DCs,DCs,DCs,DCs,DCs,DCs,DCs
Run5_226970323077852,Ery_1,Mono_1,Ery_2,Ery_2,Ery_2,Ery_1,Ery_2,Ery_1
Run5_227284901345125,Mono_1,DCs,DCs,DCs,DCs,DCs,DCs,DCs
Run5_227284901554398,HSC_2,DCs,DCs,DCs,Mega,DCs,DCs,DCs
Run5_227284901579493,Mono_1,Mono_2,Mono_1,DCs,Mono_1,Mono_1,Mono_1,Mono_1
Run5_227284916234099,Mono_2,DCs,DCs,DCs,Mono_1,DCs,DCs,DCs
Run5_227284916287925,Ery_1,DCs,DCs,Mega,Mega,Mega,Mega,DCs
Run5_227284916755749,Ery_2,Ery_1,Ery_2,Ery_2,Ery_2,Ery_2,Ery_2,Ery_1
Run5_227284928576238,Ery_1,Mega,Ery_2,Ery_2,Ery_2,Ery_2,Mega,Ery_1
Run5_227284928916381,DCs,DCs,DCs,DCs,DCs,DCs,DCs,DCs
Run5_227284929075062,Mono_2,Mega,DCs,DCs,Mono_1,DCs,DCs,DCs
Run5_227284929169836,Ery_2,Ery_2,Ery_2,Ery_2,Ery_2,Ery_2,Ery_2,Ery_1
Run5_227284947720942,Mono_1,Mono_1,Mono_1,Mono_2,Mono_1,Mono_1,Mono_1,Mono_1
Run5_227305168158110,Mono_1,Mono_2,Mono_2,DCs,Mono_1,Mono_1,Mono_1,Mono_1
Run5_227305168426859,Mono_2,DCs,DCs,DCs,DCs,DCs,DCs,DCs
Run5_227305169041268,Mega,Mega,Mega,Mega,Mega,Mega,Mega,Mega
Run5_227305182948067,DCs,DCs,DCs,DCs,Mono_2,DCs,DCs,DCs
Run5_227305183401772,Mono_1,DCs,DCs,DCs,Mono_1,Mega,DCs,DCs
Run5_227305195793196,Ery_1,Ery_2,Ery_2,Ery_2,Ery_2,Ery_2,Ery_2,Ery_2
Run5_227305195953565,Mono_2,DCs,DCs,DCs,DCs,DCs,DCs,DCs
Run5_227305214368564,DCs,DCs,DCs,DCs,DCs,DCs,DCs,DCs
Run5_227305215158517,Mono_2,DCs,DCs,DCs,DCs,DCs,DCs,DCs
Run5_227354843961070,Mono_2,Mono_1,DCs,DCs,Mono_1,DCs,DCs,Mono_1
Run5_227354844251932,Ery_2,Ery_2,Ery_2,Ery_2,Ery_2,Ery_1,Ery_2,Ery_1
Run5_227354856024420,Mono_2,Mono_1,Mono_1,DCs,DCs,Mono_1,Mono_1,DCs
Run5_227354875479859,DCs,DCs,Ery_2,DCs,Mega,Precursors,DCs,Mega
Run5_227354875717342,Mono_2,DCs,DCs,DCs,Mono_1,DCs,DCs,DCs
Run5_227357110975277,Mono_2,DCs,DCs,DCs,Mono_1,DCs,DCs,DCs
Run5_227357125462838,Mono_2,DCs,DCs,DCs,DCs,DCs,Mono_1,DCs
Run5_227357125893413,Mono_1,Mono_1,Mono_1,DCs,Mono_1,Mono_1,Mono_1,Mono_1
Run5_227357125896499,Mega,Mega,Mega,Mega,Mega,Mega,Mega,Mega
Run5_227357137951454,Mono_1,Mono_1,Mono_1,Mono_2,Mono_1,Mono_1,Mono_1,Mono_1
Run5_227357138016998,Mono_1,Mono_1,Mono_1,DCs,Mono_1,Mono_1,Mono_1,Mono_1
Run5_227357156560283,Ery_2,Mono_1,DCs,Mono_2,Mega,Mega,Ery_1,Mono_1
Run5_227357156624308,DCs,DCs,DCs,DCs,DCs,DCs,DCs,DCs
Run5_227357156923635,Mono_2,DCs,DCs,DCs,Mono_2,DCs,DCs,Mono_1
Run5_227363580394845,Mono_1,Mono_1,Mono_1,DCs,Mono_1,Mono_1,Mono_1,Mono_1
Run5_227363599826340,Mono_2,Mono_1,DCs,DCs,DCs,DCs,DCs,DCs
Run5_227364224296677,DCs,DCs,DCs,DCs,Mega,Mega,Mega,Mega
Run5_227364251261236,DCs,DCs,DCs,DCs,DCs,DCs,DCs,DCs
Run5_227364252016037,Ery_2,Mega,Ery_2,Ery_2,Ery_2,Ery_2,Ery_2,Ery_1
Run5_227425442481894,Mono_2,Precursors,DCs,Mega,Mono_2,Mega,Mega,Ery_2
Run5_227425455400683,Mono_2,DCs,DCs,DCs,DCs,DCs,DCs,DCs
Run5_227425474002292,HSC_2,Mega,Mega,Mega,Ery_1,DCs,DCs,Mono_1
Run5_227493073041253,Mono_1,DCs,DCs,DCs,DCs,DCs,DCs,DCs
Run5_227493088247030,Ery_2,Ery_2,Ery_2,Ery_2,Ery_2,Ery_2,Ery_2,Ery_2
Run5_227493100865964,Ery_2,Ery_1,Ery_2,Ery_2,Ery_2,Ery_1,Ery_2,Ery_1
Run5_227493119671147,Ery_2,DCs,Ery_2,Ery_2,Mega,Ery_2,Ery_1,Ery_1
Run5_227510387399973,Mono_1,Mono_1,Mono_1,DCs,Mono_1,Mono_1,Mono_1,Mono_1
Run5_227510387654060,Mono_2,DCs,DCs,DCs,DCs,DCs,DCs,DCs
Run5_227510387690355,DCs,DCs,Mono_1,DCs,Mono_2,DCs,DCs,DCs
Run5_227510387956123,Mono_2,DCs,DCs,DCs,DCs,DCs,DCs,DCs
Run5_227510402301300,DCs,DCs,DCs,DCs,DCs,DCs,DCs,DCs
Run5_227510402303852,Mono_2,Mega,Mega,Mega,Mega,Ery_2,DCs,Mega
Run5_227510433466796,Mono_2,Mono_1,Mono_1,DCs,Mono_1,Mono_1,Mono_2,Mono_2
Run5_227516829521715,Mono_1,Mega,Mega,Mono_2,Mega,Ery_2,Mega,Mega
Run5_227516829882603,DCs,DCs,DCs,DCs,DCs,Mono_2,Mono_2,Mono_1
Run5_227516830345950,Mono_2,DCs,Mono_2,DCs,Mono_2,Mono_2,Mono_2,Mono_1
Run5_227516844763356,DCs,DCs,DCs,DCs,DCs,DCs,DCs,DCs
Run5_227516844984628,DCs,DCs,DCs,DCs,DCs,DCs,DCs,DCs
Run5_227516857597294,Ery_2,Ery_2,Ery_2,Ery_2,Ery_2,Ery_2,Ery_2,Ery_1
Run5_227516876250396,DCs,DCs,DCs,DCs,DCs,DCs,DCs,DCs
Run5_227844201564581,Mono_2,DCs,DCs,DCs,Mono_2,DCs,DCs,DCs
Run5_227844214340460,DCs,DCs,DCs,DCs,DCs,DCs,DCs,DCs
Run5_227844233542899,Ery_2,Ery_1,Ery_2,Ery_2,Ery_2,Ery_2,Ery_2,Ery_1
Run5_227846602540853,DCs,DCs,DCs,DCs,Mega,Ery_2,DCs,DCs
Run5_227846602832750,Ery_2,Ery_2,Ery_2,Ery_2,Ery_2,Ery_2,Ery_2,Ery_1
Run5_227846617222428,Ery_1,DCs,DCs,DCs,Ery_2,DCs,DCs,DCs
Run5_227846630303651,HSC_2,DCs,DCs,DCs,Ery_1,Mega,Mega,Ery_2
Run5_227846630627755,Mono_2,DCs,Mono_1,DCs,DCs,DCs,Mono_2,DCs
Run5_227846649498395,Ery_2,Ery_2,Ery_2,Ery_2,Ery_2,Ery_2,Ery_2,Ery_1
Run5_227853850536860,DCs,DCs,DCs,DCs,DCs,DCs,DCs,DCs
Run5_227853850765156,Mono_2,DCs,Ery_2,DCs,Ery_2,Mega,Ery_1,Ery_1
Run5_227853865273574,DCs,DCs,Ery_2,DCs,Mono_1,DCs,Ery_1,DCs
Run5_227853877790557,Mono_2,DCs,DCs,DCs,DCs,DCs,DCs,DCs
Run5_227853877819827,Ery_2,Ery_2,Ery_2,Ery_2,Ery_2,Ery_2,Ery_2,Ery_2
Run5_227853896636710,DCs,Mega,Ery_2,Mega,Mono_1,Mega,Ery_2,DCs
Run5_227853897222516,DCs,DCs,HSC_1,Ery_2,Mono_1,Mega,DCs,DCs
Run5_227903376910238,Mono_1,DCs,Ery_2,Ery_2,Mono_1,Mono_2,Mono_1,Mega
Run5_227903377168732,Mono_2,Mono_1,Mono_1,DCs,Mono_1,Mono_1,Mono_2,Mono_1
Run5_227903391590260,Mono_1,Mono_1,Mono_1,Mono_2,Mono_1,Mono_1,Mono_1,Mono_1
Run5_227903404173092,Mono_1,Mega,Mega,Ery_2,Ery_2,Ery_2,Mega,Ery_1
Run5_227903404206819,Mono_2,Mono_1,DCs,DCs,DCs,DCs,DCs,Mono_2
Run5_227903422819179,Mono_2,Mono_1,DCs,DCs,DCs,DCs,DCs,DCs
Run5_227903423569126,Mono_2,DCs,DCs,DCs,DCs,DCs,Mono_2,DCs
Run5_227921630546662,DCs,DCs,DCs,DCs,Mega,DCs,DCs,DCs
Run5_227921645194467,Mono_1,Mono_1,Mono_1,DCs,Mono_1,Mono_1,Mono_1,Mono_1
Run5_227921645386163,Mono_2,Mono_1,DCs,DCs,DCs,DCs,DCs,DCs
Run5_227921645431155,Mono_2,DCs,DCs,DCs,Mono_2,DCs,Mono_1,DCs
Run5_227921645717350,Mega,DCs,DCs,DCs,DCs,HSC_1,Mega,DCs
Run5_227930488559390,Mono_1,Mono_1,Mono_1,DCs,Mono_1,Mono_1,Mono_1,Mono_1
Run5_227930488913309,Mono_1,Mono_1,Mono_1,Mono_2,Mono_1,Mono_1,Mono_1,Mono_1
Run5_227930503534814,HSC_2,DCs,DCs,DCs,Ery_1,DCs,Mono_1,DCs
Run5_227930504063339,DCs,Mono_2,DCs,DCs,Mono_1,Mono_1,DCs,Mono_1
Run5_227930516184302,Ery_2,Ery_2,Ery_2,Ery_2,Ery_2,Ery_2,Ery_2,Ery_1
Run5_227930516639006,Mono_1,Mono_1,DCs,DCs,Mono_1,Mono_1,Mono_2,Mono_1
Run5_227930535282926,Mono_2,DCs,DCs,DCs,Mono_1,DCs,Mono_1,DCs
Run5_227930535311277,Mono_1,Mono_1,DCs,DCs,DCs,DCs,DCs,Mono_2
Run5_227973438224734,DCs,DCs,DCs,DCs,DCs,DCs,DCs,DCs
Run5_227973438224811,Mono_2,Mono_1,Mono_1,DCs,Mono_1,Mono_1,Mono_2,DCs
Run5_227973438294763,DCs,Mono_2,Mega,DCs,Ery_2,Mega,Mono_1,Mono_1
Run5_227973438495990,Ery_2,Ery_1,Ery_2,Ery_2,Ery_2,Ery_2,Ery_2,Ery_2
Run5_227973438559988,Mono_2,DCs,DCs,DCs,DCs,DCs,DCs,DCs
Run5_227973438854958,Mono_1,Mono_2,Mono_1,DCs,Mono_2,Mono_1,Mono_2,Mono_1
Run5_227973439114461,Ery_2,Ery_1,Ery_2,Ery_2,Ery_2,Ery_2,Ery_2,Ery_1
Run5_227973466090908,Mono_2,DCs,Ery_2,DCs,Mega,DCs,Ery_2,Mono_1
Run5_227973466376035,DCs,Mono_1,Mono_1,DCs,DCs,DCs,Mono_1,DCs
Run5_227975317277107,DCs,DCs,DCs,DCs,Mono_1,DCs,DCs,DCs
Run5_227975317317350,Mono_1,Mono_1,Mono_1,Mono_2,Mono_1,Mono_1,Mono_1,Mono_1
Run5_227975317899107,Mono_1,DCs,Ery_1,DCs,Mono_1,Mega,Ery_2,Mega
Run5_227975363488990,Ery_2,Ery_1,Ery_1,Ery_2,Ery_2,Ery_1,Ery_2,Ery_1
Run5_227981759997787,HSC_2,DCs,Ery_2,DCs,Mega,Mono_1,DCs,DCs
Run5_227981774670580,Ery_2,Ery_1,Ery_2,Ery_2,Ery_2,Ery_2,Ery_2,Ery_2
Run5_227981774674277,Mono_1,Mega,DCs,DCs,Mega,Ery_1,Mega,DCs
Run5_227981806484195,DCs,DCs,DCs,DCs,DCs,DCs,DCs,DCs
Run5_227982967761244,Ery_2,Mono_1,Ery_2,Ery_2,Ery_2,Ery_2,Ery_2,Ery_1
Run5_227982968273653,Mono_2,Mono_1,DCs,DCs,Mono_1,DCs,Mono_2,DCs
Run5_227982982691117,DCs,DCs,DCs,DCs,DCs,DCs,DCs,DCs
Run5_227982982695333,Mono_1,Mono_1,Mono_1,Mono_2,Mono_1,Mono_1,Mono_1,Mono_1
Run5_227982982933812,Mono_2,Mono_1,DCs,DCs,DCs,DCs,DCs,DCs
Run5_227982995052387,Ery_2,Ery_2,Ery_2,Ery_2,Ery_2,Ery_2,Ery_2,Ery_1
Run5_227983014358238,Mono_2,Mono_1,DCs,DCs,Mega,DCs,DCs,DCs
Run5_227990484479331,DCs,DCs,DCs,DCs,DCs,DCs,DCs,DCs
Run5_227990498630964,Ery_2,Mega,Ery_2,Ery_2,Ery_2,Ery_2,Ery_2,Ery_1
Run5_227990499191587,DCs,DCs,DCs,DCs,DCs,DCs,DCs,DCs
Run5_227990530570099,DCs,DCs,DCs,DCs,DCs,Ery_1,DCs,Mega
Run5_227991423670171,Ery_2,DCs,Ery_1,Ery_2,Ery_2,Ery_2,Ery_2,Ery_1
Run5_227991438940404,Mono_1,Mono_1,Mono_1,DCs,Mono_2,Mono_1,Mono_1,Mono_1
Run5_227991450671990,Mono_2,Mono_2,Mono_1,DCs,Mono_1,DCs,Mono_2,Mono_1
Run5_227991451220918,Ery_2,Ery_2,Ery_2,Ery_2,Ery_2,Ery_2,Ery_2,Ery_2
Run5_227991469641059,DCs,Mono_1,DCs,DCs,DCs,DCs,DCs,DCs
Run5_227991469870389,Ery_2,DCs,Mega,Mega,Mega,Ery_2,Mega,Mega
Run5_227991470402340,Ery_2,Ery_2,Ery_2,Ery_2,Ery_2,Ery_2,Ery_2,Ery_1
Run5_228042023484830,Mono_1,Mono_1,Mono_1,DCs,Mono_1,Mono_1,Mono_1,Mono_1
Run5_228042038794470,Mono_2,DCs,DCs,DCs,Mega,DCs,Mega,DCs
Run5_228042051632349,Mono_2,Mono_1,DCs,DCs,Mono_1,Mono_1,DCs,DCs
Run5_228042069723892,DCs,Mono_1,DCs,DCs,DCs,DCs,DCs,DCs
Run5_230592294807990,Mono_1,Mono_1,DCs,DCs,Mono_2,Mono_1,Mono_1,Mono_1
Run5_230592322623340,Mono_1,Mono_1,Mono_1,DCs,Mono_1,Mono_1,Mono_1,Mono_1
Run5_230611668887262,Mono_1,Mono_1,Mono_1,DCs,Mono_2,Mono_1,Mono_1,Mono_1
Run5_230652424444205,DCs,DCs,Mono_1,DCs,DCs,DCs,DCs,Mono_1
Run5_230652439313780,DCs,DCs,DCs,HSC_2,Mono_2,DCs,DCs,DCs
Run5_230652451408286,Ery_2,DCs,Ery_2,DCs,Ery_2,Ery_1,Ery_2,DCs
Run5_230652470286236,Mono_2,Mono_1,Mono_1,DCs,Mono_1,Mono_1,Mono_1,Mono_1
Run5_230652470290718,Ery_2,Ery_1,Ery_1,Ery_2,Ery_2,Ery_2,Ery_2,Ery_1
Run5_230652470810397,DCs,Mono_1,Mono_1,Mono_2,Mono_1,Mono_1,Mono_1,Mono_1
Run5_230652470835950,Ery_1,DCs,DCs,Mega,Mega,Ery_2,Mega,Mega
Run5_230652470836652,Mono_1,DCs,DCs,DCs,Mono_1,DCs,DCs,DCs
Run5_230652471040947,Mono_2,DCs,DCs,DCs,DCs,DCs,DCs,DCs
Run5_230654437378996,Ery_2,Ery_2,Ery_2,Ery_2,Ery_2,Ery_2,Ery_2,Ery_1
Run5_230654437407148,Mega,Mega,Mega,Mega,Mega,Mega,Mega,Mega
Run5_230654437407989,Mono_1,Mono_1,Mono_1,Mono_2,Mono_1,Mono_1,Mono_1,Mono_1
Run5_230654452066739,DCs,DCs,DCs,DCs,Mega,DCs,DCs,DCs
Run5_230732686616430,Ery_2,Ery_2,Ery_2,Ery_2,Ery_2,Ery_2,Ery_2,Ery_1
Run5_230732701850340,Mono_1,Mono_1,Mono_1,DCs,Mono_2,Mono_2,DCs,Mono_2
Run5_230732713651557,Mono_1,Mono_1,DCs,DCs,DCs,DCs,DCs,Mono_1
Run5_230732713806061,DCs,DCs,DCs,DCs,DCs,DCs,DCs,DCs
Run5_230732732942765,DCs,DCs,DCs,DCs,Mono_1,DCs,DCs,DCs
Run5_230741410506611,Mono_1,DCs,DCs,DCs,Mono_2,DCs,DCs,DCs
Run5_230741411314987,Mono_2,Mega,Ery_2,DCs,Mono_2,DCs,Mega,Mono_1
Run5_230741425673948,Mono_1,Mono_1,Mono_1,Mono_2,Mono_1,Mono_1,Mono_1,Mono_1
Run5_230741438053622,Mono_1,Mono_1,Mono_1,Mono_2,Mono_1,Mono_1,Mono_1,Mono_1
Run5_230741456637214,Ery_2,Ery_2,Ery_2,Ery_2,Ery_2,Ery_2,Ery_2,Ery_2
Run5_230741456907635,Mono_2,DCs,DCs,DCs,DCs,DCs,DCs,DCs
Run5_230749732256675,Mono_1,Mono_1,Mono_1,Mono_1,Mono_1,Mono_1,Mono_1,Mono_1
Run5_230749732466011,DCs,DCs,Ery_2,Mono_2,Ery_2,DCs,Mega,DCs
Run5_230749732555126,Ery_2,Ery_1,Ery_2,Ery_2,Ery_2,Ery_1,Ery_2,Ery_1
Run5_230749746710387,Mono_1,Mono_1,Mono_1,DCs,Mono_2,Mono_1,Mono_1,Mono_1
Run5_230749746972902,Mono_1,DCs,DCs,DCs,DCs,DCs,DCs,DCs
Run5_230749746977195,Ery_2,Ery_2,Ery_2,Ery_2,Ery_2,Ery_2,Ery_2,Ery_2
Run5_230749747243237,Mono_1,Mega,Mega,DCs,Ery_2,Ery_1,Mega,DCs
Run5_230799392762294,Mono_2,DCs,DCs,DCs,Mono_1,DCs,DCs,DCs
Run5_230799392795037,Ery_2,DCs,Ery_2,Ery_2,Ery_2,Ery_2,Ery_2,Ery_1
Run5_230799392861035,Ery_2,DCs,HSC_1,Mega,Mono_1,Precursors,Mono_1,DCs
Run5_230799393081628,Mono_2,DCs,DCs,DCs,Mono_1,Mono_2,DCs,DCs
Run5_230799407233459,Precursors,Mono_1,DCs,DCs,Ery_1,Mega,Mega,Ery_2
Run5_230799408031459,Ery_2,Ery_1,Ery_2,Ery_2,Ery_2,Ery_2,Ery_2,Ery_1
Run5_230799420119478,DCs,Mono_1,Mono_1,DCs,DCs,Mono_1,Mono_1,DCs
Run5_230799420123948,Mega,DCs,Mega,DCs,Ery_2,Mega,Mega,DCs
Run5_230799439152933,Mono_2,DCs,Mono_1,DCs,Ery_2,Ery_1,DCs,Mega
Run5_230800332278197,Ery_1,DCs,DCs,DCs,Mega,Mega,DCs,DCs
Run5_230800332281707,DCs,DCs,DCs,DCs,DCs,DCs,DCs,DCs
Run5_230800332614563,Mono_1,Mono_1,Mono_1,DCs,Mono_1,Mono_1,Mono_1,Mono_1
Run5_230800332843941,Ery_2,Ery_1,Ery_2,Ery_2,Ery_2,Ery_2,Ery_2,Ery_1
Run5_230800346954166,Ery_2,Ery_1,Ery_2,Ery_2,Ery_2,Ery_2,Ery_2,Ery_1
Run5_230800347314419,DCs,DCs,DCs,DCs,Mega,Precursors,Mega,Mono_2
Run5_230800347322787,HSC_2,DCs,DCs,DCs,DCs,Mega,Mega,DCs
Run5_230800347520414,Mono_1,DCs,DCs,DCs,Mega,DCs,Mega,DCs
Run5_230800359376747,DCs,DCs,DCs,DCs,DCs,DCs,HSC_2,Mega
Run5_230800378226542,DCs,DCs,DCs,Mega,Ery_2,DCs,Mega,Mega
Run5_230800378227622,Ery_2,Ery_2,Ery_2,Ery_2,Ery_2,Ery_2,Ery_2,Ery_2
Run5_230800378678062,Mono_1,DCs,DCs,DCs,DCs,DCs,DCs,DCs
Run5_230800378943324,Ery_1,Mega,Mega,Ery_2,Ery_2,Ery_2,Ery_2,DCs
Run5_230807848799525,Ery_2,DCs,DCs,DCs,DCs,DCs,DCs,DCs
Run5_230807862958813,Mono_1,Mono_1,Mono_1,Mono_1,Mono_1,Mono_1,Mono_1,Mono_1
Run5_230807894673765,DCs,Mega,DCs,HSC_2,Mono_1,Precursors,Mono_1,Ery_2
Run5_230807894976284,Mono_2,Mono_1,Mono_2,DCs,DCs,DCs,Mono_1,Mono_2
Run5_230807895231326,DCs,DCs,DCs,DCs,Mono_2,DCs,Mono_1,DCs
Run5_230809057057179,Ery_2,Mono_1,Mega,Mega,Ery_2,Mega,Ery_2,Ery_1
Run5_230809071671709,DCs,DCs,DCs,DCs,DCs,DCs,Mono_1,DCs
Run5_230809083768053,DCs,DCs,DCs,DCs,DCs,DCs,DCs,DCs
Run5_230809084053932,Ery_1,Ery_1,Ery_2,Ery_2,Ery_2,Ery_2,Ery_2,Ery_1
Run5_230809084324660,DCs,Mega,Ery_2,DCs,Mono_1,Ery_2,Mega,Mega
Run5_230809103154419,Ery_2,Ery_2,Ery_2,Ery_2,Ery_2,Ery_2,Ery_2,Ery_1
Run5_230816707177379,DCs,DCs,DCs,DCs,DCs,DCs,DCs,DCs
Run5_230816707439524,Mono_2,DCs,Ery_2,Mega,Mega,Mega,Mega,DCs
Run5_230816721856747,Mono_1,Mono_1,Mono_1,DCs,DCs,Mono_1,Mono_1,Mono_1
Run5_230816722143973,Mono_2,DCs,DCs,DCs,DCs,DCs,DCs,DCs
Run5_230816734636467,DCs,DCs,DCs,DCs,DCs,DCs,DCs,DCs
Run5_231270765512942,Mono_2,DCs,DCs,DCs,DCs,DCs,DCs,Mono_1
Run5_231270765971869,Mono_2,DCs,Mono_1,DCs,Mono_2,Mono_1,Mono_2,DCs
Run5_231270780357533,Mono_1,Mono_1,Mono_1,DCs,Mono_1,Mono_1,Mono_1,Mono_1
Run5_231270780619507,Mega,Mega,Mega,Mega,Ery_1,Mega,Mega,Ery_1
Run5_231270780620206,DCs,DCs,DCs,DCs,Mono_2,DCs,Mono_1,DCs
Run5_231270792457011,Mono_1,Mono_1,Mono_1,DCs,Mono_2,Mono_1,Mono_1,Mono_1
Run5_231270811331509,Mono_2,DCs,DCs,DCs,DCs,DCs,Mono_1,DCs
Run5_231270811920221,Mono_1,Mono_1,Mono_1,Mono_2,Mono_1,Mono_1,Mono_1,Mono_1
Run5_231270812151083,Mono_2,DCs,DCs,DCs,HSC_2,Ery_1,Ery_2,DCs
Run5_231279489640755,DCs,DCs,DCs,DCs,DCs,DCs,DCs,DCs
Run5_231279535446758,Mono_1,Mono_1,Mono_1,DCs,Mono_1,Mono_1,Mono_1,Mono_1
Run5_231279535511459,Ery_2,DCs,Ery_1,Mega,Mono_1,Mega,Mega,Mega
Run5_231279536257771,Ery_2,DCs,DCs,DCs,Mega,DCs,DCs,DCs
Run5_231280322733811,Mono_2,DCs,DCs,DCs,DCs,DCs,DCs,DCs
Run5_231280341306278,Mono_1,Mono_1,DCs,DCs,Mono_2,Mono_1,Mono_1,DCs
Run5_231291315186404,DCs,DCs,DCs,DCs,DCs,DCs,DCs,DCs
Run5_231291315214115,DCs,DCs,DCs,DCs,Mega,DCs,Mega,DCs
Run5_231291315444659,DCs,DCs,DCs,DCs,Ery_2,Ery_1,DCs,Mono_1
Run5_231291315468142,Ery_2,Ery_1,Ery_2,Ery_2,Ery_2,Ery_2,Ery_2,Ery_1
Run5_231291315501931,Ery_1,Mono_1,DCs,Mega,Mega,Ery_2,Ery_2,Ery_2
Run5_231291328292659,DCs,DCs,DCs,DCs,DCs,DCs,DCs,DCs
Run5_231291328542958,Precursors,DCs,DCs,DCs,DCs,DCs,DCs,DCs
Run5_231291346598838,Ery_1,DCs,Mono_1,Mega,Mega,Mega,Ery_2,Mega
Run5_231340558632877,Ery_2,Ery_2,Ery_2,Ery_2,Ery_2,Ery_2,Ery_2,Ery_1
Run5_231340573084390,Mono_1,DCs,Mega,DCs,Mega,Mega,Mega,Mega
Run5_231340573899563,Mono_2,DCs,Ery_1,DCs,Ery_1,Mono_1,Mono_1,Mega
Run5_231340586462436,DCs,DCs,DCs,DCs,DCs,DCs,DCs,DCs
Run5_231340604517621,DCs,Mega,Ery_2,Mono_1,DCs,Ery_1,Mega,Ery_2
Run5_231340604583221,Mono_1,Mono_1,Mono_1,DCs,Mono_1,Mono_1,Mono_2,Mono_1
Run5_231340605393758,Mono_1,Mono_1,Mono_1,Mono_1,Mono_1,Mono_1,Mono_1,Mono_1
Run5_231365389170550,DCs,DCs,DCs,DCs,Mega,Mega,DCs,DCs
Run5_231365403891500,Mono_1,DCs,DCs,DCs,Mono_1,DCs,Mega,DCs
Run5_231365404179749,Mega,Precursors,Mega,Mega,Ery_1,Mega,Mega,Mega
Run5_231365416020388,DCs,Mono_1,DCs,DCs,Mono_1,DCs,Mono_1,Mono_1
Run5_231365416705445,Ery_1,Mega,Ery_2,Ery_2,Ery_2,Ery_1,Ery_2,Ery_1
Run5_231365434895276,Ery_2,Ery_2,Ery_2,Ery_2,Ery_2,Ery_2,Ery_2,Ery_1
Run5_231365435374435,Ery_1,DCs,DCs,DCs,Mega,Ery_2,Ery_1,DCs
Run5_231366194325870,DCs,DCs,DCs,Mono_2,Ery_1,DCs,DCs,DCs
Run5_231366209165028,Ery_2,DCs,DCs,Mega,Mega,DCs,Mega,DCs
Run5_231366209234678,Mono_1,Mono_1,Mono_1,Mono_2,Mono_1,Mono_1,Mono_1,Mono_1
Run5_231366222036334,Ery_2,DCs,Ery_2,DCs,Ery_1,DCs,Mega,Ery_2
Run5_231366240876853,Mono_1,DCs,DCs,DCs,Mono_1,DCs,DCs,DCs
Run5_231692894918444,Mono_2,DCs,DCs,DCs,Mono_2,DCs,DCs,DCs
Run5_231692895209772,Mono_2,Mono_1,DCs,DCs,DCs,Mono_1,Mono_1,DCs
Run5_231692907800427,DCs,DCs,DCs,DCs,DCs,DCs,DCs,DCs
Run5_231692926146477,Mono_1,Mono_1,Mono_2,DCs,Mono_2,Mono_1,Mono_1,Mono_1
Run5_231692926573411,Ery_2,Ery_2,Ery_2,Ery_2,Ery_2,Ery_2,Ery_2,Ery_1
Run5_231711805172580,DCs,DCs,DCs,DCs,Ery_1,DCs,Mega,DCs
Run5_231711831969182,Mono_1,Mono_1,Mono_2,DCs,Mono_1,Mono_1,Mono_1,Mono_1
Run5_231711832128861,Mono_1,Mono_1,Mono_1,DCs,Mono_1,Mono_1,Mono_1,Mono_1
Run5_231711851042724,Mono_1,DCs,DCs,DCs,DCs,DCs,DCs,DCs
Run5_231711851628380,Ery_2,Ery_2,Ery_2,Ery_2,Ery_2,Ery_2,Ery_2,Ery_2
Run5_231754888760230,Mono_2,Mono_1,DCs,DCs,Mono_1,DCs,Mono_2,Mono_1
Run5_231754888789301,DCs,DCs,DCs,DCs,DCs,DCs,DCs,DCs
Run5_231754888832941,Mega,Mega,Mega,Mega,Mega,Mega,Mega,Mega
Run5_231754888833259,Mono_1,Mono_1,Mono_1,DCs,Mono_1,Mono_1,Mono_1,Mono_1
Run5_231754903509915,DCs,Mono_1,DCs,DCs,Mono_1,DCs,DCs,Ery_2
Run5_231754916547509,DCs,DCs,DCs,DCs,DCs,DCs,DCs,DCs
Run5_231754934638963,Mega,Mega,Ery_2,Mega,Mega,Mega,Mega,Mega
Run5_231754934704948,DCs,DCs,DCs,DCs,DCs,DCs,DCs,DCs
Run5_231754935187315,Mono_1,Mono_1,Mono_1,Mono_2,Mono_1,Mono_1,Mono_1,Mono_1
Run5_231760526198637,DCs,Mono_2,DCs,DCs,Mono_2,Mono_2,Mono_1,DCs
Run5_231760540417390,DCs,Mono_1,DCs,DCs,Mono_1,DCs,Mega,DCs
Run5_231760540621548,Mega,Mega,Mega,Mega,Mega,Mega,Mega,Mega
Run5_231760540646188,Mono_1,Mono_1,Mono_1,DCs,Mono_1,Mono_1,Mono_1,Mono_1
Run5_231760540657515,Ery_2,Ery_2,Ery_2,Ery_2,Ery_2,Ery_2,Ery_2,Ery_2
Run5_231760541112548,Ery_2,DCs,DCs,DCs,Mega,DCs,DCs,DCs
Run5_231760541113126,DCs,DCs,DCs,DCs,DCs,Mono_1,Mono_2,DCs
Run5_231760553269686,Ery_2,Mega,Mega,Mega,Ery_2,Ery_2,Ery_2,Ery_1
Run5_231760571841950,Mono_1,Mono_1,Mono_1,DCs,Mono_1,Mono_1,Mono_1,Mono_1
Run5_231760571873517,Mono_1,Mono_1,Mono_1,Mono_2,Mono_1,Mono_1,Mono_1,Mono_1
Run5_231760572340061,Ery_1,Mega,Ery_1,Mega,Ery_2,Ery_1,Ery_1,Ery_1
Run5_231770055162284,Ery_2,Mega,Ery_2,Ery_2,Ery_1,Ery_2,Ery_2,Ery_1
Run5_231770055953332,Ery_1,Ery_2,Ery_2,Ery_2,Ery_2,Ery_2,Ery_2,Ery_2
Run5_231770070104350,Ery_2,Mega,Ery_1,Ery_2,Ery_2,Ery_2,Ery_2,Ery_1
Run5_231770082461547,Ery_2,Ery_1,Ery_2,Ery_2,Ery_2,Ery_2,Ery_2,Ery_2
Run5_231770101234587,Mono_2,DCs,DCs,DCs,Mono_1,Ery_2,Mega,Mega
Run5_231822803233142,Mono_1,Mono_1,Mono_1,DCs,Mono_1,Mono_1,Mono_1,Mono_1
Run5_231822803265261,Ery_1,Mono_1,Ery_2,Ery_2,Ery_1,Ery_2,Ery_2,Ery_1
Run5_231822803298532,Mega,DCs,DCs,Mega,Mega,DCs,DCs,DCs
Run5_231822803462364,Mono_1,Mono_1,Mono_1,DCs,Mono_1,Mono_1,Mono_1,Mono_1
Run5_231822803487142,Mono_2,DCs,DCs,DCs,Mono_1,DCs,DCs,DCs
Run5_231822817380278,Ery_2,Ery_2,Ery_2,Ery_2,Ery_2,Ery_2,Ery_2,Ery_2
Run5_231822829995765,DCs,DCs,DCs,DCs,DCs,DCs,DCs,DCs
Run5_231822830266230,Mono_2,Mega,DCs,Mega,Mono_1,Ery_1,DCs,Mega
Run5_231822830267165,DCs,DCs,DCs,DCs,DCs,DCs,DCs,DCs
Run5_231822848879844,DCs,DCs,DCs,Mono_2,Mono_1,Mono_1,Mono_2,Mono_1
Run5_231890195237172,Mono_1,DCs,Mono_1,DCs,Mono_1,Mono_1,DCs,Mono_1
Run5_231890207598939,Mono_2,Mono_1,Mono_1,DCs,Mono_1,Mono_1,Mono_1,DCs
Run5_231890226167198,Ery_2,Ery_1,Ery_2,Ery_2,Ery_2,Ery_2,Ery_2,Ery_1
Run5_231890226658723,Ery_2,Mega,Ery_1,DCs,Mega,Ery_2,Ery_2,DCs
Run5_231890226703132,Ery_2,Ery_2,Ery_2,Ery_2,Ery_2,Ery_1,Ery_2,Ery_1
Run5_231890226735387,Mono_2,DCs,DCs,DCs,DCs,DCs,DCs,DCs
Run5_231891388447148,Ery_2,Ery_2,Ery_2,Ery_2,Ery_2,Ery_2,Ery_2,Ery_2
Run5_231891388553461,Mono_1,Mono_1,Mono_1,Ery_2,Mono_1,Mono_1,Mono_1,Mono_2
Run5_231891402647788,DCs,DCs,DCs,DCs,DCs,DCs,Mono_1,DCs
Run5_231891402676150,Mono_2,DCs,DCs,DCs,DCs,DCs,Mono_1,DCs
Run5_231891402704820,Ery_2,Mega,Ery_2,Mega,Mega,Ery_2,Mega,Mega
Run5_231891403193699,Ery_2,Ery_2,Ery_2,Ery_2,Ery_2,Ery_2,Ery_2,Ery_1
Run5_231897742862627,Ery_2,Ery_1,Ery_2,Ery_2,Ery_2,Ery_2,Ery_2,Ery_1
Run5_231897742924084,Ery_2,DCs,Ery_2,Ery_2,Ery_2,Ery_2,Ery_2,Ery_2
Run5_231900126768046,DCs,Mega,Mega,Ery_2,Mega,Ery_2,Ery_2,Ery_1
Run5_231900139612596,Mono_2,Mono_1,Mono_1,DCs,Mono_1,DCs,Mono_1,Mono_1
Run5_231900158278902,Mono_2,DCs,Mono_1,DCs,DCs,DCs,DCs,Mono_1
Run5_231900158551899,Mono_2,DCs,DCs,DCs,Mono_1,DCs,DCs,Mono_2
Run5_231900159011182,HSC_2,DCs,DCs,DCs,Mega,DCs,Mega,DCs
Run5_231907628312294,Ery_1,DCs,Mega,DCs,Mega,Ery_1,DCs,Ery_1
Run5_231907628539165,Mono_2,Mono_1,Ery_1,DCs,Mono_1,Mono_1,DCs,DCs
Run5_231907628627763,Ery_2,Ery_1,Ery_2,Ery_2,Ery_2,Ery_2,Ery_1,Ery_1
Run5_231917023513390,DCs,DCs,DCs,DCs,Mega,DCs,DCs,DCs
Run5_231917023616221,Mono_1,Mono_1,Mono_1,DCs,Mono_1,Mono_1,Mono_1,Mono_1
Run5_231917038489006,Mono_1,Mono_1,Mono_1,DCs,Mono_1,Mono_1,Mono_1,Mono_1
Run5_231917070280429,Ery_2,Ery_2,Ery_2,Ery_2,Ery_2,Ery_2,Ery_2,Ery_1
Run5_232261694713133,Mono_2,DCs,DCs,DCs,Mono_1,Ery_2,DCs,DCs
Run5_232261695461677,Ery_2,Mega,Ery_2,Ery_2,Ery_2,Ery_2,Ery_2,Ery_1
Run5_232261709874918,Mono_2,Mega,DCs,Mega,Mega,DCs,Mega,HSC_1
Run5_232261741046116,DCs,DCs,DCs,DCs,Mono_2,DCs,DCs,DCs
Run5_232261741046619,Mono_2,DCs,DCs,DCs,DCs,DCs,Mono_1,DCs
Run5_232301303547822,Mono_2,DCs,DCs,DCs,Mono_2,DCs,Mega,Mono_2
Run5_232301304441115,Ery_1,Mega,Mega,Ery_2,Ery_2,Mega,Ery_2,Ery_1
Run5_232301335858421,DCs,DCs,DCs,DCs,DCs,DCs,DCs,DCs
Run5_232302631050533,Mono_2,DCs,Mono_1,DCs,Ery_1,Precursors,Mega,DCs
Run5_232302631053547,Mega,Mega,Mega,Mega,Mega,Mega,Mega,Mega
Run5_232302631143733,Mono_1,DCs,DCs,DCs,Mono_2,Mono_1,Mono_2,Mono_1
Run5_232302646085862,Mono_2,DCs,DCs,DCs,DCs,DCs,DCs,DCs
Run5_232302646282092,Mono_2,DCs,DCs,DCs,Mono_2,DCs,HSC_2,DCs
Run5_232302658927331,Mono_1,DCs,DCs,DCs,Mega,Mega,DCs,Mega
Run5_232302658938740,Mono_1,Mono_1,Mono_1,DCs,Mono_1,Mono_1,Mono_1,Mono_1
Run5_232302659124131,HSC_2,DCs,DCs,DCs,DCs,DCs,DCs,DCs
Run5_232302659161326,Mono_1,Mono_2,Mono_1,DCs,Mono_1,DCs,Mono_2,Mono_1
Run5_232302677715301,Mono_1,Mono_1,Mono_1,Mono_2,Mono_1,Mono_1,Mono_1,Mono_1
Run5_232311355723118,Mono_1,Mono_1,Mono_1,Mono_2,Mono_1,Mono_1,Mono_1,Mono_1
Run5_232311370206110,Mega,DCs,DCs,DCs,DCs,Mega,Mega,Mega
Run5_232311401597300,Mega,Mega,Mega,Mega,Mega,Mega,Mega,Mega
Run5_232318603315438,Ery_2,Mega,Ery_2,Ery_2,Ery_2,Mega,Ery_2,DCs
Run5_232318603479909,Mono_1,Mono_2,Mono_2,DCs,Mono_1,Mono_1,Mono_1,Mono_1
Run5_232318617705181,Mono_2,DCs,DCs,DCs,DCs,DCs,DCs,DCs
Run5_232318630480750,DCs,DCs,DCs,DCs,DCs,DCs,DCs,DCs
Run5_232318649121630,DCs,DCs,DCs,DCs,DCs,DCs,DCs,DCs
Run5_232318649198318,DCs,DCs,DCs,HSC_2,Ery_2,Ery_1,Mega,DCs
Run5_232321033595820,Ery_2,DCs,DCs,Ery_2,HSC_2,Precursors,Mega,Mono_1
Run5_232321033853659,DCs,DCs,DCs,DCs,DCs,DCs,DCs,DCs
Run5_232321046759835,HSC_2,DCs,DCs,DCs,Mono_1,DCs,Mono_1,DCs
Run5_232321046763749,DCs,DCs,DCs,DCs,DCs,Mono_1,Mono_1,DCs
Run5_232327461322142,Mono_2,DCs,DCs,DCs,DCs,DCs,DCs,DCs
Run5_232327461693355,Ery_2,DCs,Ery_2,Mega,Mega,Mega,Ery_2,Mega
Run5_232327461890916,Ery_2,Ery_1,Ery_2,Ery_2,Ery_2,Ery_2,Ery_2,Ery_1
Run5_232327489150307,Mono_2,DCs,DCs,DCs,DCs,DCs,DCs,DCs
Run5_232327489416420,Ery_1,DCs,Mega,Mega,Mega,Ery_2,DCs,DCs
Run5_232327489472924,Mono_1,Mono_1,Mono_1,DCs,Mono_2,Mono_1,Mono_1,Mono_1
Run5_232327507557812,Ery_1,DCs,Ery_1,DCs,Ery_2,Ery_1,Mega,DCs
Run5_232327507728678,DCs,DCs,DCs,DCs,Mono_1,DCs,DCs,DCs
Run5_232327508014963,Mono_1,Mono_1,Mono_1,Mono_2,Mono_1,Mono_1,Mono_1,Mono_1
Run5_232327508278067,Mono_2,DCs,Mono_1,Mono_1,DCs,DCs,Mono_2,DCs
Run5_232327508314396,DCs,DCs,DCs,DCs,DCs,DCs,DCs,DCs
Run5_232328266901366,DCs,DCs,Mono_2,DCs,Mono_1,DCs,Mega,DCs
Run5_232328281349483,Mono_1,Mono_1,Mono_1,DCs,Mono_1,Mono_1,Mono_1,Mono_1
Run5_232328281836445,Ery_2,Ery_1,Ery_1,Ery_2,Ery_2,Ery_2,Ery_2,Ery_2
Run5_232328281942245,Ery_2,Ery_1,Ery_2,Ery_2,Ery_2,Ery_2,Ery_2,Ery_2
Run5_232328294521126,Mono_1,DCs,Mega,DCs,Mega,Mega,DCs,DCs
Run5_232328313367324,Precursors,DCs,DCs,DCs,DCs,DCs,DCs,DCs
Run5_232328313555294,DCs,DCs,DCs,DCs,DCs,Ery_1,Mega,DCs
Run5_232330280748829,Ery_2,Ery_1,Ery_2,Ery_2,Ery_1,Ery_1,Ery_2,Ery_1
Run5_232330307680107,Mega,Ery_1,Ery_2,Mega,Ery_2,Mega,Mega,Mega
Run5_232330326621027,Ery_2,Ery_1,Ery_2,Ery_2,Ery_2,Ery_2,Ery_2,Ery_1
Run5_232438996584229,Mega,Mega,Mega,Mega,Mega,Mega,Mega,Mega
Run5_232438996614557,Mono_1,Mono_1,Mono_1,DCs,Mono_1,Mono_1,DCs,Mono_1
Run5_232438996846835,Mono_2,DCs,DCs,DCs,Mono_2,DCs,DCs,DCs
Run5_232439011297062,Mono_2,Mono_1,DCs,DCs,DCs,DCs,Mono_1,DCs
Run5_232449734457630,DCs,DCs,DCs,DCs,Mega,DCs,Mono_2,DCs
Run5_232449748355932,Ery_1,Ery_1,Ery_2,Ery_2,Ery_2,Ery_2,Ery_2,Ery_1
Run5_232449760979700,Mega,DCs,Ery_2,Mega,Mega,Mega,Ery_1,Ery_1
Run5_232450538985900,Mono_2,DCs,Ery_2,DCs,Mega,DCs,Mono_1,Mono_1
Run5_232450538986332,Ery_1,Mega,Mega,Mega,Mega,Mega,Mega,Mega
Run5_232450554023270,Ery_2,Mono_1,Ery_2,Ery_2,Ery_2,Mega,Ery_2,Mega
Run5_232450585119157,Ery_2,DCs,Ery_2,HSC_2,Mega,Ery_2,Ery_2,Mega
Run5_232450585214323,HSC_2,HSC_1,HSC_1,Mega,Mega,Precursors,Mega,DCs
Run5_232450585409398,Mono_1,Mono_1,Mono_1,DCs,Mono_1,Mono_1,Mono_1,Mono_1
Run5_232450585488308,Mono_1,Mono_1,DCs,DCs,DCs,DCs,DCs,DCs
Run5_232450585713948,Mono_1,Mono_1,Mono_1,DCs,Mono_1,Mono_1,Mono_1,Mono_1
Run5_234992220662134,Mega,Mega,Mega,Mega,Mega,Mega,Mega,Mega
Run5_234992220891356,DCs,Mono_1,Ery_2,HSC_2,Mono_1,Ery_1,Mono_1,DCs
Run5_234992235597163,DCs,DCs,DCs,DCs,DCs,DCs,DCs,DCs
Run5_234992247924643,DCs,DCs,DCs,DCs,Mono_1,Ery_2,DCs,DCs
Run5_234992248143141,Mono_1,Mono_1,Mono_1,DCs,Mono_1,Mono_1,Mono_1,Mono_1
Run5_234992248252211,Ery_1,DCs,Ery_2,DCs,Mega,Ery_1,Mega,Mono_2
Run5_234992267119029,Ery_2,DCs,DCs,DCs,Mono_2,DCs,Mono_1,DCs
Run5_235000944291054,Mono_2,DCs,DCs,DCs,DCs,Mono_2,DCs,Mono_2
Run5_235000958971244,Mono_1,Mono_1,Mono_1,Mono_2,Mono_1,Mono_1,Mono_1,Mono_1
Run5_235000971811180,Ery_2,Mega,Ery_2,Ery_2,Ery_2,Ery_2,Ery_2,Ery_1
Run5_235000972110627,DCs,DCs,Ery_2,DCs,Mega,Ery_2,Mega,Mega
Run5_235000972295413,DCs,DCs,DCs,DCs,DCs,DCs,DCs,DCs
Run5_235000990461356,Mega,DCs,Mega,DCs,Mega,DCs,DCs,Mega
Run5_235000990710045,Mega,DCs,Mono_1,Ery_2,Mega,DCs,Mono_1,DCs
Run5_235007386741547,Ery_2,Mega,Mega,Ery_2,Mega,Mega,DCs,Mega
Run5_235007387527917,DCs,Mono_1,Ery_2,DCs,Ery_2,Ery_2,DCs,Mono_2
Run5_235007401381229,Mono_1,Mono_2,Mono_1,DCs,Mono_1,Mono_1,Mono_1,DCs
Run5_235007401486566,DCs,DCs,DCs,DCs,Ery_1,DCs,DCs,DCs
Run5_235007414069668,DCs,Mono_1,DCs,DCs,Mono_1,Mono_1,Mono_1,Mono_1
Run5_235007414820126,DCs,Mono_1,DCs,DCs,Mono_1,DCs,Mono_1,Mono_1
Run5_235007432838003,Mono_2,DCs,DCs,Mono_2,Mega,DCs,DCs,Mega
Run5_235007433391339,Mono_1,DCs,DCs,DCs,Mono_2,DCs,DCs,DCs
Run5_235007433665894,Mono_2,Mono_1,DCs,DCs,DCs,DCs,DCs,DCs
Run5_235007433721779,Ery_2,Ery_1,Ery_2,Ery_2,Ery_2,Ery_1,Ery_2,Ery_1
Run5_235069797947755,Mono_1,Mono_1,Mono_1,Mono_2,Mono_1,Mono_1,Mono_1,Mono_1
Run5_235069798299443,Mono_2,DCs,Mono_1,Mono_2,Mono_2,Mono_1,DCs,DCs
Run5_235069798463350,Mega,Mega,Ery_2,Ery_2,Ery_2,Ery_2,Ery_1,Ery_1
Run5_235069812693342,Mono_1,DCs,DCs,DCs,HSC_2,DCs,Mega,DCs
Run5_235069826025886,Mono_2,DCs,DCs,DCs,DCs,DCs,DCs,DCs
Run5_235069844643236,DCs,DCs,Ery_2,DCs,Mega,Precursors,Mega,Mono_2
Run5_235069844928813,Ery_1,DCs,DCs,DCs,Ery_1,DCs,Mono_1,Mono_2
Run5_235070752148316,Mono_2,Mono_1,DCs,DCs,DCs,DCs,DCs,DCs
Run5_235070752209780,Mono_1,Mono_1,DCs,DCs,DCs,DCs,Mono_1,DCs
Run5_235070752480028,Mono_2,DCs,DCs,DCs,DCs,Mono_1,Mono_2,DCs
Run5_235070765090740,DCs,DCs,DCs,DCs,Mono_1,DCs,DCs,DCs
Run5_235070765517227,Mono_1,DCs,DCs,DCs,DCs,DCs,Mono_1,Mono_2
Run5_235070765545885,Mono_1,Mono_1,Mono_1,DCs,Mono_1,Mono_1,Mono_1,Mono_2
Run5_235070783670620,Mono_1,Mono_1,Mono_1,Mono_2,Mono_1,Mono_1,Mono_1,Mono_1
Run5_235122009487198,HSC_2,DCs,DCs,HSC_2,DCs,DCs,Mega,DCs
Run5_235122036721502,Ery_2,Ery_1,Ery_2,Ery_2,Ery_2,Ery_2,Ery_2,Ery_2
Run5_235122054846371,Mono_2,DCs,Mono_1,DCs,Mono_1,DCs,Mono_1,Mono_1
Run5_235122054879964,Mono_1,DCs,DCs,DCs,DCs,DCs,DCs,DCs
Run5_235129927559006,Mono_2,DCs,Mono_2,DCs,Mono_2,DCs,Mega,Mono_1
Run5_235129927788443,Mono_1,Mono_1,Mono_1,Mono_1,Mono_1,Mono_1,Mono_1,Mono_1
Run5_235129928333171,Mega,Mega,Mega,Mega,Mega,Mega,Mega,Mega
Run5_235129942501227,Mono_2,Mono_1,DCs,DCs,DCs,DCs,DCs,Mono_1
Run5_235129942726444,HSC_2,DCs,Mega,DCs,Mono_1,Mega,DCs,DCs
Run5_235129955080614,Ery_2,Ery_1,Ery_2,Ery_2,Ery_2,Ery_2,Ery_2,Ery_1
Run5_235129973927331,Ery_1,Mono_1,DCs,Ery_2,Ery_1,Ery_2,Ery_2,Ery_2
Run5_235188984072027,Mono_2,DCs,DCs,DCs,DCs,DCs,DCs,DCs
Run5_235188998068452,Mono_1,Mono_1,Mono_1,DCs,Mono_1,Mono_1,Mono_1,Mono_1
Run5_235188998237035,DCs,DCs,Ery_2,DCs,DCs,DCs,Mega,DCs
Run5_235189010651038,Mono_1,Mono_1,Mono_1,DCs,Mono_1,Mono_1,Mono_1,Mono_2
Run5_235189011070307,DCs,DCs,DCs,DCs,DCs,DCs,DCs,DCs
Run5_235189011171756,Mono_1,Mono_2,Mono_1,DCs,Mono_2,Mono_1,Mono_1,Mono_1
Run5_235189030275381,Ery_1,Mono_1,Ery_2,Ery_2,Ery_2,Ery_2,Ery_2,Ery_1
Run5_235198513278253,Ery_2,DCs,DCs,DCs,Mono_1,Ery_1,Mega,Mega
Run5_235198513302892,Ery_1,DCs,Mega,DCs,Ery_2,Mega,DCs,DCs
Run5_235198513334556,Ery_2,DCs,DCs,DCs,Mono_1,DCs,Mega,Mega
Run5_235198527690669,DCs,Mono_1,DCs,DCs,Mono_1,Mono_1,DCs,DCs
Run5_235198527760156,Ery_1,DCs,DCs,Mega,Mega,Precursors,DCs,DCs
Run5_235198540269413,DCs,Mega,DCs,Mega,Ery_2,DCs,DCs,DCs
Run5_235198540340509,Mono_1,Mono_1,Mono_1,DCs,Mono_1,DCs,DCs,Mono_1
Run5_235198540568422,Mono_1,Mono_1,Mono_1,DCs,Mono_1,Mono_1,Mono_1,Mono_1
Run5_235198558980838,Mono_2,DCs,DCs,DCs,Mega,Precursors,DCs,Mono_1
Run5_235198559152484,Mega,DCs,Ery_1,Mega,Mega,Mega,Ery_2,Ery_1
Run5_235198559729965,Mega,Mono_1,Ery_1,Ery_1,Ery_2,Mega,Mega,Mega
Run5_235199318125980,Ery_2,Ery_2,Ery_2,Ery_2,Ery_2,Ery_2,Ery_2,Ery_1
Run5_235199332793123,Mono_2,DCs,DCs,DCs,DCs,DCs,DCs,DCs
Run5_235199332998502,Ery_2,Ery_1,Ery_2,Ery_2,Ery_2,Ery_2,Ery_2,Ery_1
Run5_235199333001645,Mono_2,Mono_1,DCs,DCs,Mono_1,DCs,Mega,DCs
Run5_235199333284779,Mono_2,Mono_1,Mono_1,DCs,Mono_2,DCs,Mono_2,DCs
Run5_235199333328798,Mono_2,DCs,DCs,DCs,Mono_2,DCs,DCs,DCs
Run5_235199346129827,Ery_2,Mega,Ery_1,Ery_2,Ery_2,Ery_2,Ery_2,Ery_1
Run5_235199364184987,Mono_1,Mono_1,Mono_1,Mono_2,Mono_1,Mono_1,Mono_1,Mono_1
Run5_235214351260531,Ery_2,Ery_2,Ery_2,Ery_2,Ery_2,Ery_1,Ery_2,Ery_1
Run5_235214351318235,Mono_1,Mono_1,Mono_1,DCs,Mono_1,Mono_1,Mono_1,Mono_1
Run5_235214365216118,Mono_2,DCs,DCs,DCs,Mono_1,DCs,DCs,DCs
Run5_235214365384101,Mono_1,Mono_1,Mono_1,Mono_2,Mono_1,Mono_1,Mono_1,Mono_1
Run5_235214365473643,HSC_2,DCs,DCs,DCs,Ery_1,DCs,Mono_1,DCs
Run5_235214365738859,DCs,Mono_2,DCs,DCs,DCs,DCs,Mono_2,DCs
Run5_235214378003372,Ery_2,Ery_2,Ery_2,Ery_2,Ery_2,Ery_2,Ery_2,Ery_2
Run5_235533386341660,Mono_2,Mono_2,DCs,DCs,Precursors,DCs,Mega,Precursors
Run5_235533386856758,Ery_2,Ery_2,Ery_2,Ery_2,Ery_2,Ery_2,Ery_2,Ery_1
Run5_235533400955611,Mega,DCs,Ery_1,Mono_1,Ery_2,Ery_2,Mega,Mega
Run5_235533401184476,Mono_2,Mono_1,Mono_1,DCs,Mono_1,Mono_1,Mono_2,Mono_2
Run5_235533401515747,Mono_1,Mono_1,Mono_1,DCs,Mono_1,Mono_1,Mono_1,Mono_1
Run5_235533413240051,Ery_1,DCs,DCs,DCs,DCs,Ery_2,Mono_2,DCs
Run5_235533413242717,Mono_2,DCs,DCs,DCs,DCs,DCs,DCs,DCs
Run5_235533413824244,Mono_1,Mono_1,Mono_1,DCs,Mono_1,Mono_1,Mono_1,Mono_1
Run5_235533432417510,Mono_1,DCs,Mono_1,DCs,Mono_1,DCs,DCs,Mono_1
Run5_235533432438046,DCs,DCs,Mega,Mega,Ery_2,DCs,Mono_2,Ery_1
Run5_235533432441715,Mono_1,Mono_1,DCs,DCs,DCs,Mono_1,DCs,Mono_1
Run5_235533432667500,Ery_2,DCs,Ery_2,Ery_2,Ery_2,Ery_1,Ery_2,Ery_1
Run5_235533432999333,Mono_1,Mono_1,Mono_1,DCs,Mono_1,Mono_1,Mono_1,Mono_1
Run5_235548433102692,Mono_2,DCs,Mono_1,Mega,Mono_1,Ery_1,Mono_1,Mega
Run5_235548445990126,DCs,Mono_2,Ery_2,DCs,DCs,DCs,DCs,DCs
Run5_235548465313708,Mono_1,Mono_1,Ery_2,DCs,Mono_1,Mono_1,Mono_1,Mono_1
Run5_235550849023395,Ery_2,Ery_1,Ery_1,Ery_2,Ery_2,Ery_2,Ery_2,Ery_2
Run5_235550849558763,Mono_2,DCs,DCs,DCs,DCs,DCs,DCs,DCs
Run5_235550861609374,Ery_2,DCs,Mega,Mega,Ery_1,DCs,Mega,Mega
Run5_235550861871972,Ery_2,Ery_1,Ery_2,Ery_2,Ery_2,Ery_2,Ery_2,Ery_1
Run5_235550862104348,Mono_1,DCs,Mono_2,DCs,Mega,Precursors,Mega,DCs
Run5_235559290001117,Mono_1,Mono_1,Mono_1,DCs,Mono_1,Mono_1,Mono_1,Mono_1
Run5_235559290026733,Ery_2,Ery_1,Ery_2,Ery_2,Ery_2,Ery_2,Ery_1,Ery_1
Run5_235559290091884,Mono_1,HSC_2,Ery_1,DCs,Ery_1,Ery_1,DCs,Mono_1
Run5_235559304940852,Ery_1,Ery_1,Ery_1,Ery_2,Ery_2,Ery_2,Ery_2,Ery_2
Run5_235559317359334,Ery_1,Mega,Ery_2,Mono_1,Ery_2,Ery_2,Ery_2,Mega
Run5_235559318047030,Ery_2,DCs,DCs,DCs,Mono_2,Mega,Ery_2,DCs
Run5_235559336171301,DCs,DCs,Ery_1,DCs,Mono_1,Mono_1,DCs,DCs
Run5_235559336990949,DCs,Mono_1,DCs,DCs,DCs,DCs,Mono_2,DCs
Run5_235559337023213,Ery_2,Mono_1,Ery_1,Ery_2,Ery_2,Mega,Ery_1,Ery_2
Run5_235601972062061,DCs,DCs,Mega,Mono_2,DCs,Mega,Mono_1,Ery_2
Run5_235601972095204,DCs,DCs,HSC_1,Mega,Ery_2,Mega,Mega,Mega
Run5_235601972095707,Ery_2,Ery_1,Ery_1,Ery_2,Ery_2,Ery_2,Ery_2,Ery_1
Run5_235601972115739,Mono_2,Mono_1,Mono_1,DCs,Mono_1,Mono_1,Mono_2,Mono_1
Run5_235601985985844,DCs,DCs,DCs,DCs,Mono_1,Ery_1,DCs,DCs
Run5_235601986762677,DCs,DCs,Mono_2,DCs,DCs,Mono_1,Mono_1,DCs
Run5_235601986776285,Ery_2,Ery_2,Ery_2,Ery_2,Ery_2,Ery_2,Ery_2,Ery_2
Run5_235601998834405,Ery_2,Ery_2,Ery_2,Ery_2,Ery_2,Ery_2,Ery_2,Ery_1
Run5_235602017376627,DCs,DCs,DCs,DCs,Mega,DCs,DCs,Mega
Run5_235626668157171,DCs,DCs,Ery_2,DCs,Mega,Ery_1,DCs,Ery_1
Run5_235626682006884,Mono_1,DCs,Precursors,Mega,Mega,DCs,Mega,DCs
Run5_235626682771763,Mono_2,DCs,DCs,DCs,Mono_2,DCs,Mono_2,Mono_1
Run5_235626694602083,DCs,DCs,DCs,DCs,DCs,DCs,DCs,DCs
Run5_235626694626141,DCs,Mono_1,DCs,DCs,Mono_2,DCs,Mono_1,DCs
Run5_235626694851934,Mega,Mega,Mega,Mega,Mega,Mega,Mega,Mega
Run5_235626694929309,Mono_1,Mono_1,DCs,DCs,DCs,DCs,Mono_2,Mono_1
Run5_235626695355102,Mono_2,DCs,DCs,Mega,Ery_2,Mono_1,DCs,DCs
Run5_235626695453492,Mono_1,Mono_1,Mono_1,Mono_2,Mono_2,Mono_1,Mono_1,Mono_1
Run5_235626713476381,Mono_2,Mega,DCs,DCs,DCs,Ery_2,Mono_1,Mega
Run5_235626713966326,DCs,DCs,HSC_1,DCs,Ery_1,DCs,Mega,Mega
Run5_235626714053990,DCs,Mono_1,DCs,DCs,DCs,DCs,DCs,Mega
Run5_235678475343779,DCs,DCs,DCs,DCs,Mono_1,DCs,DCs,DCs
Run5_235678475369909,DCs,Mono_2,DCs,DCs,DCs,DCs,Mono_1,DCs
Run5_235678475402485,Mono_2,Mono_1,Mono_1,DCs,Mono_1,Mono_1,Mono_1,Mono_1
Run5_235678490016683,Mono_2,DCs,Ery_2,DCs,Mega,Mega,DCs,DCs
Run5_235678490905971,DCs,DCs,Mega,Ery_2,Ery_2,Mega,Mega,Mega
Run5_235678490913572,Ery_2,Ery_2,Ery_2,Ery_2,Ery_2,Ery_2,Ery_2,Ery_1
Run5_235678503135075,DCs,Precursors,DCs,DCs,Mono_2,Ery_1,Mega,DCs
Run5_235678521551782,Mono_1,Mono_1,DCs,DCs,Mega,Ery_1,DCs,DCs
Run5_235678522329899,Ery_2,Ery_2,Ery_2,Ery_2,Ery_2,Ery_2,Ery_2,Ery_1
Run5_235695817550069,Ery_2,Ery_1,Ery_2,Ery_2,Ery_2,Ery_2,Ery_2,Ery_1
Run5_235695836354861,Ery_2,Ery_2,Ery_2,Ery_2,Ery_2,Ery_2,Ery_2,Ery_2
Run5_235695836444510,Mono_1,Mono_1,DCs,DCs,Mono_1,Mono_1,Mono_2,DCs
Run5_235695836453668,DCs,DCs,Mono_1,DCs,Mega,DCs,DCs,DCs
Run5_235697669031795,DCs,Mono_1,Mono_1,DCs,DCs,Mono_1,Mono_1,Mono_2
Run5_235697669064539,DCs,Mono_1,Ery_2,DCs,Ery_2,Mega,Mega,Mega
Run5_235697714883939,Ery_2,Ery_1,Ery_2,Ery_2,Ery_2,Ery_2,Ery_1,Ery_2
Run5_235697715238645,Ery_2,Ery_2,Ery_2,Ery_2,Ery_2,Ery_2,Ery_2,Ery_2
Run5_235737666242989,Mono_2,DCs,DCs,DCs,Mono_2,DCs,Mono_2,DCs
Run5_235737680299892,DCs,DCs,DCs,Mono_2,Mono_1,DCs,DCs,DCs
Run5_235737680669475,Ery_2,Ery_1,Ery_2,Ery_2,Ery_2,Ery_2,Ery_2,Ery_2
Run5_235737680856861,Mono_1,DCs,HSC_1,DCs,Mono_1,DCs,Mega,DCs
Run5_235737712028005,Ery_2,Ery_1,Ery_2,Ery_2,Ery_2,Ery_2,Ery_2,Ery_2
Run5_235737712053158,Mega,DCs,DCs,Mega,Ery_1,Precursors,DCs,HSC_1
Run5_235763032582965,DCs,DCs,DCs,DCs,DCs,DCs,DCs,DCs
Run5_235763033069940,Mono_2,Mono_1,Mono_1,DCs,Mono_2,Mono_1,Mono_1,Mono_2
Run5_235763060394844,DCs,DCs,DCs,DCs,Mono_2,DCs,Mono_2,DCs
Run5_235763060631262,Ery_2,Ery_1,Ery_1,Ery_2,Ery_2,Ery_1,Ery_2,Ery_1
Run5_235763078645662,Ery_2,DCs,DCs,DCs,Mega,Mega,Mega,Mega
Run5_235763079167261,Mono_2,Mono_1,DCs,DCs,DCs,DCs,DCs,DCs
Run5_236082068118877,Mono_2,DCs,DCs,DCs,DCs,DCs,DCs,DCs
Run5_236082068581723,DCs,DCs,DCs,DCs,DCs,DCs,Mega,DCs
Run5_236082082999068,Mega,DCs,Mega,HSC_2,Ery_1,DCs,Mono_1,Mega
Run5_236082095680803,Mono_1,Mono_1,Mono_1,Mono_2,Mono_1,Mono_1,Mono_1,Mono_1
Run5_236082095910300,HSC_2,DCs,Ery_2,DCs,Mega,Ery_2,Mega,Mega
Run5_236082096134507,Ery_2,Ery_1,Ery_2,Ery_2,Ery_2,Ery_2,Ery_2,Ery_1
Run5_236082114185653,Mono_1,Mono_1,Mono_1,DCs,Mono_1,Mono_1,Mono_1,Mono_1
Run5_236082114214813,Mono_1,Mono_1,Ery_2,Mega,Ery_2,Ery_1,Mega,DCs
Run5_236082114967980,Ery_2,DCs,DCs,DCs,Ery_2,Mega,Mega,Mono_1
Run5_236167162189595,Ery_2,Ery_2,Ery_2,Ery_2,Ery_2,Ery_2,Ery_2,Ery_1
Run5_236167162608563,DCs,DCs,DCs,DCs,DCs,DCs,DCs,DCs
Run5_236167189383974,Ery_1,DCs,Ery_2,Mega,Mono_2,Precursors,Mono_1,DCs
Run5_236167189686197,Mono_1,DCs,DCs,DCs,DCs,Mono_1,Mono_2,DCs
Run5_236167208548133,Ery_2,Ery_2,Ery_2,Ery_2,Ery_2,Ery_2,Ery_2,Ery_2
Run5_236169981277996,Ery_2,Ery_2,Ery_2,Ery_2,Ery_2,Ery_2,Ery_2,Ery_2
Run5_236169995864989,DCs,DCs,DCs,DCs,DCs,DCs,DCs,Mono_1
Run5_236170008254814,Ery_2,Ery_1,Ery_2,Ery_2,Mega,Ery_2,Ery_2,Ery_1
Run5_236170026900188,Mono_2,DCs,DCs,Mega,Mega,Mega,Mega,Mega
Run5_236170027060141,Mono_2,DCs,DCs,Mega,Mega,HSC_1,Mega,Mega
Run5_236170027617654,DCs,HSC_2,DCs,DCs,Mono_2,Ery_1,Mega,Ery_1
Run5_236170027686692,Mega,DCs,Mega,Mega,Mono_1,Mono_1,DCs,Mega
Run5_236175617906459,Ery_2,Ery_1,Ery_1,Ery_2,Ery_2,Ery_2,Ery_2,Ery_1
Run5_236175633364835,Ery_2,Mega,Ery_1,Mega,Mega,Mega,Ery_2,Mega
Run5_236175664475358,Mega,Mega,Mega,Mega,Mega,Mega,Mega,Mega
Run5_236176826363235,DCs,Mono_2,DCs,DCs,Mono_1,Mega,Mega,Precursors
Run5_236176826551150,Mono_1,Mono_1,Mono_2,Mono_1,Mono_1,Mono_1,Mono_1,Mono_1
Run5_236176840482220,DCs,DCs,DCs,Mega,Mega,Ery_1,Ery_2,Ery_2
Run5_236176840743643,Ery_2,DCs,Mono_1,Mono_2,Mega,Mega,Ery_2,Ery_1
Run5_236176872454429,Ery_2,Ery_2,Ery_1,Ery_2,Ery_2,Ery_2,Ery_2,Ery_2
Run5_236176872725211,DCs,DCs,DCs,Mega,Ery_2,Ery_1,Mono_2,Mega
Run5_236177497470814,Mono_2,DCs,DCs,DCs,DCs,DCs,DCs,DCs
Run5_236177511832499,Ery_2,Ery_2,Ery_2,Ery_2,Ery_2,Ery_2,Ery_2,Ery_1
Run5_236177511857389,Mono_1,Mono_1,DCs,DCs,DCs,Mono_1,Mono_1,DCs
Run5_236177512348958,Mono_2,DCs,DCs,DCs,DCs,DCs,DCs,DCs
Run5_236177542987053,DCs,Mono_1,DCs,DCs,DCs,Mono_1,DCs,DCs
Run5_236177543325541,Mono_2,DCs,DCs,Mega,Mega,Mega,Mega,DCs
Run5_236221655346012,HSC_2,DCs,DCs,DCs,DCs,DCs,DCs,DCs
Run5_236221655369443,Mono_2,Mono_1,DCs,DCs,Mega,DCs,DCs,DCs
Run5_236221700655924,Ery_2,DCs,DCs,DCs,DCs,DCs,Mono_1,DCs
Run5_236221700958053,Mono_1,Mono_1,Mono_1,DCs,Mono_2,Mono_1,Mono_1,Mono_1
Run5_236288361524021,Mono_1,DCs,DCs,DCs,Mono_1,DCs,DCs,DCs
Run5_236288375471398,Ery_1,Ery_1,Ery_2,Ery_2,Ery_2,Ery_2,Ery_2,Ery_1
Run5_236288375679262,Ery_2,DCs,DCs,DCs,Mono_1,DCs,Mega,DCs
Run5_236288375712027,Ery_2,Mega,Ery_2,Ery_2,Ery_2,Ery_2,Ery_2,Ery_1
Run5_236288376228644,Ery_2,Ery_1,Ery_2,Ery_2,Ery_2,Ery_2,Ery_2,Ery_1
Run5_236288388847462,Mono_1,Mono_1,Mono_1,Mono_2,Mono_1,Mono_1,Mono_1,Mono_1
Run5_236288407424435,DCs,DCs,DCs,DCs,Mega,DCs,Mega,Mega
Run5_236633972206299,Mono_2,DCs,Mono_1,DCs,Mono_1,Mono_1,Mono_1,Mono_1
Run5_236639624018726,DCs,DCs,Precursors,DCs,DCs,DCs,DCs,DCs
Run5_236639636610292,DCs,DCs,DCs,DCs,DCs,DCs,Mono_1,DCs
Run5_236639654950813,Mono_2,Mono_1,DCs,DCs,DCs,DCs,DCs,DCs
Run5_236650077731756,Ery_2,DCs,Mega,DCs,Mega,DCs,Mega,Ery_2
Run5_236650078353268,DCs,DCs,DCs,DCs,DCs,DCs,DCs,DCs
Run5_236650092214701,Mono_1,Mono_1,Mono_1,DCs,Mono_1,Mono_1,Mono_1,Mono_1
Run5_236650092939619,DCs,DCs,DCs,DCs,Mega,DCs,Mega,DCs
Run5_236650104772916,DCs,DCs,DCs,DCs,DCs,DCs,DCs,DCs
Run5_236650124135214,Ery_2,Ery_2,Ery_2,Ery_2,Ery_2,Ery_2,Ery_2,Ery_1
Run5_236650124175651,DCs,DCs,DCs,Mega,Ery_2,Ery_1,DCs,DCs
Run5_236650124430710,Mono_1,DCs,DCs,DCs,Mono_2,DCs,Mega,Ery_2
Run5_236650124490590,Ery_2,Ery_2,Ery_2,Ery_2,Ery_2,Ery_2,Ery_2,Ery_2
Run5_236768054962541,DCs,DCs,DCs,DCs,HSC_2,DCs,DCs,DCs
Run5_236768055453493,DCs,DCs,DCs,DCs,DCs,DCs,DCs,DCs
Run5_236768082454956,Mono_2,DCs,DCs,DCs,DCs,Mono_1,DCs,DCs
Run5_236768082640227,Mono_1,DCs,DCs,DCs,DCs,DCs,Mega,Mono_1
Run5_236768100990253,Ery_1,Ery_1,Ery_2,Ery_2,Ery_2,Ery_2,Ery_2,Ery_2
Run5_236785369011997,Mono_1,DCs,DCs,DCs,DCs,DCs,DCs,DCs
Run5_236785383921886,Mono_1,Mono_2,Mono_2,DCs,Mono_1,DCs,DCs,Mono_1
Run5_236785384151260,DCs,Mono_2,DCs,DCs,Mono_1,DCs,DCs,Ery_2
Run5_236785415609131,Ery_2,Ery_1,Ery_2,Ery_2,Ery_2,Ery_2,Ery_2,Ery_1
Run5_236785415634155,DCs,Mono_1,DCs,DCs,Mono_2,Mega,Mega,Mega
Run5_236846706747291,Ery_2,DCs,DCs,DCs,Mega,DCs,DCs,Ery_2
Run5_236846721489323,DCs,DCs,DCs,DCs,Mono_2,DCs,DCs,Mono_1
Run5_236846721915189,Mono_2,DCs,DCs,DCs,DCs,DCs,DCs,DCs
Run5_236846734231900,Mono_2,DCs,DCs,DCs,DCs,DCs,DCs,DCs
Run5_236846734305574,DCs,Mega,DCs,DCs,Ery_2,DCs,Mega,DCs
Run5_236846752938870,Ery_1,Mega,Mega,Mega,Ery_2,Mega,Mega,Mega
Run5_236846753200878,Mono_2,Mono_1,DCs,DCs,Mono_1,Mono_1,Mono_2,Mono_1
Run5_239382616827739,DCs,DCs,Ery_2,Mega,Ery_2,Ery_2,Mega,Mono_1
Run5_239382631140084,Mono_2,DCs,DCs,DCs,DCs,DCs,Mega,DCs
Run5_239382631464182,Mega,Mono_1,Ery_2,Mega,Mega,DCs,Mono_1,Mega
Run5_239382643984237,Mono_2,DCs,DCs,DCs,DCs,DCs,Mono_2,DCs
Run5_239382644013350,DCs,DCs,DCs,DCs,DCs,DCs,DCs,DCs
Run5_239382644279134,Ery_2,Mega,Ery_2,Ery_2,Ery_2,Ery_2,Ery_2,Ery_1
Run5_239391474670813,Ery_2,Ery_2,Ery_2,Ery_2,Ery_2,Ery_2,Ery_2,Ery_2
Run5_239391502396339,DCs,Mono_1,DCs,DCs,DCs,DCs,DCs,DCs
Run5_239391502617518,DCs,DCs,DCs,DCs,DCs,DCs,DCs,DCs
Run5_239391521237742,Mono_1,DCs,Mono_1,DCs,Mono_1,DCs,DCs,DCs
Run5_239407446480605,Ery_2,Ery_2,Ery_2,Ery_2,Ery_2,Ery_2,Ery_2,Ery_2
Run5_239407447333611,Mono_1,Mono_1,Mono_1,DCs,DCs,Mono_1,Mono_1,Mono_1
Run5_239407462005085,Ery_1,Ery_1,Ery_2,Ery_2,Ery_2,DCs,Ery_2,Ery_1
Run5_239407474628454,Mono_2,DCs,Mono_1,DCs,DCs,Mono_2,DCs,DCs
Run5_239407492720948,Ery_2,Ery_2,Ery_2,Ery_2,Ery_2,Ery_2,Ery_2,Ery_1
Run5_239407492885798,Mono_2,Mono_1,Mono_1,DCs,Mono_1,DCs,DCs,Mono_2
Run5_239407492945651,DCs,DCs,DCs,DCs,DCs,DCs,DCs,DCs
Run5_239407493234022,DCs,DCs,DCs,DCs,Mega,Ery_1,DCs,DCs
Run5_239407493466396,DCs,Mono_1,Ery_1,DCs,Mono_1,DCs,Ery_2,DCs
Run5_239408816215900,Mono_2,DCs,DCs,DCs,DCs,DCs,DCs,DCs
Run5_239408816277428,Ery_2,Ery_2,Ery_2,Ery_2,Ery_2,Ery_2,Ery_2,Ery_2
Run5_239408816704926,Ery_2,Mega,Ery_1,Ery_2,Mega,Ery_2,Mega,Mega
Run5_239408835153308,Mono_2,DCs,DCs,DCs,DCs,DCs,DCs,DCs
Run5_239408835385565,DCs,DCs,DCs,DCs,DCs,DCs,DCs,DCs
Run5_239408835575022,Precursors,DCs,Mono_1,Ery_2,Ery_2,Ery_2,Ery_2,Mono_1
Run5_239448248933108,Ery_2,Ery_2,Ery_2,Ery_2,Ery_2,Ery_2,Ery_2,Ery_2
Run5_239448248993573,Ery_2,Ery_1,Ery_1,Ery_2,Ery_2,Ery_2,Ery_2,Ery_2
Run5_239448249296741,HSC_2,DCs,DCs,DCs,Mega,Mega,DCs,DCs
Run5_239448249482022,Mono_2,Mono_1,DCs,DCs,DCs,DCs,DCs,DCs
Run5_239448263378870,Mono_2,DCs,DCs,DCs,DCs,DCs,DCs,DCs
Run5_239448263903150,Ery_2,Ery_1,Ery_2,Ery_2,Ery_2,Ery_1,Ery_2,Ery_1
Run5_239448264142067,Mono_2,DCs,DCs,DCs,Mono_1,Mono_1,Mono_1,Mono_1
Run5_239448276457763,Mono_1,Mono_1,Mono_1,DCs,Mono_1,Mono_1,Mono_1,Mono_1
Run5_239448294878118,Mono_2,Mono_1,DCs,DCs,DCs,DCs,DCs,DCs
Run5_239458046634724,DCs,DCs,DCs,DCs,Mono_1,DCs,DCs,DCs
Run5_239458061268844,DCs,DCs,DCs,DCs,DCs,DCs,DCs,DCs
Run5_239458092738459,Ery_1,Mega,Mega,Mega,Mega,Ery_1,Ery_2,Ery_1
Run5_239458093263795,Ery_2,Ery_2,Ery_2,Ery_2,Ery_2,Ery_1,Ery_2,Ery_2
Run5_239458093546284,Ery_2,Ery_1,Ery_2,Ery_2,Ery_2,Ery_2,Ery_2,Ery_2
Run5_239468515614045,DCs,DCs,DCs,DCs,Ery_1,Precursors,DCs,DCs
Run5_239468515618093,DCs,DCs,DCs,Mega,Mega,DCs,DCs,Ery_1
Run5_239468515801334,HSC_2,DCs,DCs,HSC_2,Ery_2,Precursors,DCs,DCs
Run5_239468531108261,Ery_1,DCs,Ery_2,Ery_2,Ery_2,Ery_2,Ery_2,Ery_1
Run5_239468543363316,Ery_2,Ery_2,Ery_2,Ery_2,Ery_2,Ery_2,Ery_2,Ery_2
Run5_239468543691164,DCs,DCs,DCs,DCs,Ery_2,Mega,Mega,DCs
Run5_239468562270635,DCs,Mega,DCs,DCs,Mono_1,Ery_2,Mega,Mono_1
Run5_239475360656606,DCs,DCs,DCs,DCs,Mega,Ery_2,DCs,DCs
Run5_239475361176374,Ery_2,DCs,Ery_2,Ery_2,Ery_2,Ery_2,Ery_2,Mega
Run5_239475375328621,Ery_1,DCs,DCs,DCs,Mega,DCs,DCs,DCs
Run5_239475388464054,Mono_2,DCs,Mono_1,DCs,DCs,Mono_1,DCs,Mono_1
Run5_239477239736038,Mono_2,Mono_1,DCs,DCs,DCs,DCs,Mono_1,Mono_1
Run5_239477254471070,DCs,DCs,DCs,DCs,DCs,DCs,DCs,DCs
Run5_239477267295140,Ery_1,DCs,DCs,DCs,DCs,DCs,Mono_1,Mono_1
Run5_239477285838190,Mono_1,Mono_2,Mono_1,DCs,Mono_1,Mono_1,Mono_1,Mono_1
Run5_239587850311396,Ery_2,Ery_2,Ery_2,Ery_2,Ery_2,Ery_2,Ery_2,Ery_2
Run5_239587850570462,Mega,Mega,Mega,Mega,Mega,Mega,Mega,Mega
Run5_239587863162268,HSC_2,Mono_1,DCs,DCs,Mega,DCs,DCs,DCs
Run5_239587881241958,Mono_1,DCs,Mono_2,DCs,DCs,Mono_1,Mono_2,Mono_2
Run5_239587881507251,DCs,DCs,DCs,DCs,Mono_1,Ery_1,Mono_2,DCs
Run5_239587881762227,Ery_2,Ery_2,Ery_2,Ery_2,Ery_2,Ery_2,Ery_2,Ery_2
Run5_239587881830316,Ery_2,DCs,DCs,DCs,DCs,DCs,DCs,DCs
Run5_239587882027358,Ery_2,Mega,Ery_2,Ery_2,Ery_2,Ery_2,Ery_1,Ery_1
Run5_239596291156203,DCs,DCs,DCs,DCs,Mono_1,Precursors,Mega,HSC_2
Run5_239596291184941,Ery_2,Ery_2,Ery_2,Ery_2,Ery_2,Ery_2,Ery_2,Ery_1
Run5_239596318419685,Mono_2,Mono_1,DCs,DCs,DCs,DCs,Mono_2,DCs
Run5_239932655753012,Ery_1,Mega,Ery_1,Ery_2,Ery_2,Ery_1,Ery_2,Ery_1
Run5_239932655757541,Mega,DCs,DCs,DCs,Mega,DCs,Mega,DCs
Run5_239932667816350,DCs,DCs,Ery_2,Mono_2,Ery_1,Ery_1,Ery_1,Mono_1
Run5_239932668492573,Mono_1,Mono_1,DCs,DCs,DCs,Mono_1,DCs,DCs
Run5_239932687411435,DCs,DCs,DCs,DCs,DCs,DCs,DCs,DCs
Run5_239932687441126,Mono_2,DCs,Mono_1,DCs,DCs,DCs,Mono_2,DCs
Run5_239946733316908,DCs,DCs,Mega,DCs,Mono_1,Precursors,Mega,DCs
Run5_239946733382372,Mono_1,Mono_1,Mono_1,Mono_2,Mono_1,Mono_1,Mono_1,Mono_1
Run5_239946733402869,Mono_1,Mono_1,Mono_1,Mono_2,Mono_1,Mono_1,Mono_1,Mono_1
Run5_239946734102318,Mono_1,Mono_1,Mono_1,Mono_2,Mono_1,Mono_1,Mono_1,Mono_1
Run5_239946734136045,DCs,Mono_1,DCs,DCs,Mono_1,DCs,Mega,DCs
Run5_239946761456366,Mono_2,DCs,Mono_2,DCs,Mono_1,DCs,Mono_2,Mono_1
Run5_239946780293421,HSC_2,DCs,Ery_2,DCs,Mega,Mega,DCs,DCs
Run5_240001509181814,Ery_2,DCs,DCs,DCs,Mega,DCs,DCs,Ery_2
Run5_240001540351854,Mono_2,Mono_1,Mono_2,DCs,Mono_1,Mono_1,Mono_2,Mono_1
Run5_240001541139755,DCs,DCs,DCs,DCs,DCs,DCs,DCs,DCs
Run5_240094641350428,Ery_1,DCs,Ery_1,Mega,Mega,Ery_2,Mega,Mega
Run5_240094641547700,Mega,Mega,Mega,Mega,DCs,Ery_1,Mega,DCs
Run5_240094641601390,DCs,DCs,DCs,DCs,DCs,DCs,DCs,DCs
Run5_240094642101556,Ery_1,DCs,DCs,DCs,Mono_1,DCs,Mono_1,DCs
Run5_240094656712110,Mono_1,Mega,DCs,DCs,Ery_2,Ery_1,DCs,Mega
Run5_240094688000925,Ery_2,Mega,Ery_1,Ery_2,Ery_2,Ery_2,Ery_2,Ery_1
Run5_240136785910500,Mono_1,Mono_1,Mono_1,Mono_2,Mono_1,Mono_1,Mono_1,Mono_1
Run5_240136800360374,Ery_2,Ery_2,Ery_2,Ery_2,Ery_2,Ery_2,Ery_2,Ery_1
Run5_240136800856284,Mono_2,DCs,DCs,DCs,Mega,DCs,DCs,DCs
Run5_240154798151523,Mono_2,Mono_1,Mono_1,DCs,Mono_2,Mono_1,Mono_1,Mono_1
Run5_240154816965557,Ery_2,Ery_2,Ery_2,Ery_2,Ery_2,Ery_2,Ery_2,Ery_1
Run5_240161227958707,Mono_2,Mega,DCs,Mega,Mono_1,Ery_1,Ery_2,Ery_1
Run5_240161228184934,Ery_1,DCs,DCs,DCs,Mega,Precursors,Mega,Mono_1
Run5_240161228445412,Ery_1,DCs,DCs,Ery_2,Mega,Ery_1,Ery_2,Mega
Run5_240161228803299,Ery_2,Ery_1,Ery_1,Ery_2,Ery_2,Ery_2,Ery_2,Ery_1
Run5_240161240500598,Mono_1,Mono_1,Mono_1,DCs,Mono_1,Mono_1,Mono_1,Mono_1
Run5_240161241021229,Ery_2,Ery_1,Ery_2,Ery_2,Ery_2,Ery_2,Ery_2,Ery_1
Run5_240161241361188,Mono_1,Mono_1,Mono_1,Mono_2,Mono_1,Mono_1,Mono_1,Mono_1
Run5_240482262346614,Mono_2,Mono_1,DCs,DCs,Mono_1,Mono_2,Mono_2,DCs
Run5_240482276765036,Mono_1,Mono_1,Mono_1,DCs,Mono_1,Mono_1,Mono_1,Mono_1
Run5_240482277252390,Ery_2,Ery_1,Ery_2,Ery_2,Ery_2,Ery_2,Ery_2,Ery_2
Run5_240482289375084,Mono_1,DCs,Mono_1,DCs,DCs,DCs,DCs,DCs
Run5_240482289928603,Ery_2,DCs,Mono_2,DCs,Ery_1,DCs,DCs,Mono_1
Run5_240490718023019,Mono_1,Mono_1,DCs,Ery_2,Mega,DCs,Mono_1,DCs
Run5_240490718546668,HSC_2,DCs,DCs,DCs,DCs,DCs,DCs,DCs
Run5_240498368433515,DCs,DCs,DCs,DCs,DCs,DCs,DCs,DCs
Run5_240498395536612,Ery_1,DCs,Ery_2,Mega,Ery_1,Mono_1,DCs,Ery_2
Run5_240498414937837,Ery_2,Ery_2,Ery_2,Ery_2,Ery_2,Ery_2,Ery_2,Ery_2
Run5_240617688319835,Mono_1,Mono_1,Mono_1,DCs,Mono_1,Mono_1,Mono_1,Mono_1
Run5_240617688557421,Ery_2,Mega,Ery_2,Ery_2,Ery_2,Ery_1,Ery_2,Ery_2
Run5_240617702677862,Mono_2,Mono_1,Mono_1,DCs,DCs,Mono_2,DCs,DCs
Run5_240617715546861,Ery_2,Ery_2,Ery_2,Ery_2,Ery_2,Ery_2,Ery_2,Ery_1
Run5_240617715776757,Mono_1,Mono_2,Mono_1,DCs,Mono_1,Mono_1,Mono_1,Mono_1
Run5_240617715883244,Ery_2,Ery_2,Ery_1,Ery_2,Ery_2,Ery_2,Ery_2,Ery_1
Run5_240617733974324,Mono_2,DCs,DCs,DCs,DCs,DCs,DCs,DCs
Run5_240634599169307,DCs,Mono_1,Mono_1,DCs,Mono_1,Mono_1,Mono_1,Ery_1
Run5_240634599258924,DCs,DCs,Mono_2,DCs,Mono_2,DCs,DCs,DCs
Run5_240634599786350,DCs,DCs,DCs,DCs,DCs,DCs,DCs,DCs
Run5_240634599983342,DCs,Mono_1,DCs,DCs,DCs,DCs,Mono_1,DCs
Run5_240634599986987,DCs,DCs,DCs,Mega,Mega,Mega,DCs,DCs
Run5_240634613909861,Ery_2,Ery_2,Ery_2,Ery_2,Ery_2,Ery_2,Ery_2,Ery_1
Run5_240634614373595,DCs,Mono_1,Mono_1,DCs,Mono_1,Mono_1,Mono_1,Mono_1
Run5_240634614729955,Mono_1,Mono_1,Mono_1,DCs,Mono_1,Mono_1,Mono_1,Mono_1
Run5_240634626784550,Ery_2,Ery_2,Ery_2,Ery_2,Ery_2,Ery_1,Ery_2,Ery_1
Run5_240634645855022,Ery_2,Ery_2,Ery_1,Ery_2,Ery_2,Ery_2,Ery_2,Ery_2
Run5_240634646116662,Mono_2,DCs,DCs,Ery_2,Mega,Mega,Mega,Mono_1
Run5_241057653508843,Mono_2,DCs,DCs,Mega,DCs,DCs,DCs,Mono_1
Run5_241057653738918,Mono_1,Mono_1,Mono_1,Mono_2,Mono_1,Mono_1,Mono_1,Mono_1
Run5_241057654294885,Ery_2,Precursors,DCs,DCs,Mega,DCs,DCs,Mega
Run5_241057668712349,DCs,DCs,DCs,DCs,Mega,DCs,DCs,Mono_2
Run5_241057680972510,Mono_2,DCs,DCs,DCs,Mega,Mega,Mega,DCs
Run5_241057681034141,Ery_2,Mono_1,Ery_2,Ery_2,Ery_2,Ery_2,Mega,Ery_1
Run5_241057681259245,DCs,DCs,DCs,DCs,DCs,DCs,DCs,DCs
Run5_241057700113179,Ery_2,DCs,DCs,DCs,DCs,DCs,DCs,DCs
Run5_241098858613659,DCs,DCs,DCs,DCs,Mega,DCs,Mega,DCs
Run5_241098858810213,Mono_2,Mono_1,Mono_1,DCs,Mono_1,Mono_1,Mono_1,DCs
Run5_241098873552118,Mono_2,Mono_1,DCs,DCs,Mono_1,Mono_1,DCs,Mono_1
Run5_241098885647774,Ery_2,Ery_1,Ery_2,Ery_2,Ery_2,Ery_2,Ery_2,Ery_1
Run5_241098904976174,DCs,DCs,DCs,DCs,DCs,DCs,DCs,DCs
Run5_241098905205038,Mega,Mega,Mega,Mega,Ery_2,Mega,Mega,Mega
Run5_241106375007076,Ery_2,Ery_2,Ery_2,Ery_2,Ery_2,Ery_2,Ery_2,Ery_1
Run5_241106389756316,DCs,DCs,DCs,DCs,DCs,DCs,DCs,DCs
Run5_241106389784372,DCs,DCs,Mono_2,DCs,HSC_2,DCs,DCs,DCs
Run5_241106401770805,Ery_1,DCs,DCs,DCs,DCs,DCs,DCs,Mono_1
Run5_241114577000174,Ery_2,DCs,Ery_2,DCs,Mega,DCs,DCs,DCs
Run5_241114577004764,Mono_2,DCs,DCs,DCs,DCs,Mono_2,DCs,DCs
Run5_241114589051630,Ery_2,Ery_2,Ery_2,Ery_2,Ery_2,Ery_2,Ery_2,Ery_2
Run5_241114589051819,Mono_2,DCs,DCs,DCs,Ery_1,DCs,DCs,DCs
Run5_241114589128940,Ery_1,Mega,Ery_2,DCs,Ery_1,Ery_2,Ery_2,Ery_2
Run5_241114589357942,Ery_2,Ery_1,Ery_2,Ery_2,Ery_2,Ery_2,Ery_2,Ery_1
Run5_241114589841822,DCs,DCs,Ery_2,DCs,Mega,DCs,DCs,DCs
