SCLSD_BENCHMARK_EVENT {"event": "stage_start", "stage": "data_load", "time": "2026-07-17T18:55:00.211212+00:00"}
SCLSD_BENCHMARK_EVENT {"cpu_seconds": 0.04702963000000082, "cuda_peak_allocated_bytes": 0, "cuda_peak_reserved_bytes": 0, "cuda_start_allocated_bytes": 0, "cuda_start_reserved_bytes": 0, "error": null, "event": "stage_end", "name": "data_load", "status": "ok", "time": "2026-07-17T18:55:00.258379+00:00", "wall_seconds": 0.04715758003294468}
SCLSD_BENCHMARK_EVENT {"event": "stage_start", "stage": "model_initialization", "time": "2026-07-17T18:55:00.258737+00:00"}
SCLSD_BENCHMARK_EVENT {"cpu_seconds": 0.04733658900000037, "cuda_peak_allocated_bytes": 10765824, "cuda_peak_reserved_bytes": 25165824, "cuda_start_allocated_bytes": 0, "cuda_start_reserved_bytes": 0, "error": null, "event": "stage_end", "name": "model_initialization", "status": "ok", "time": "2026-07-17T18:55:00.308724+00:00", "wall_seconds": 0.04997863341122866}
SCLSD_BENCHMARK_EVENT {"event": "stage_start", "stage": "prior_transition", "time": "2026-07-17T18:55:00.309066+00:00"}
[LSD] Prior transition matrix set from pseudotime and connectivities.
SCLSD_BENCHMARK_EVENT {"cpu_seconds": 1.014099529000001, "cuda_peak_allocated_bytes": 10746368, "cuda_peak_reserved_bytes": 25165824, "cuda_start_allocated_bytes": 10746368, "cuda_start_reserved_bytes": 25165824, "error": null, "event": "stage_end", "name": "prior_transition", "status": "ok", "time": "2026-07-17T18:55:00.794798+00:00", "wall_seconds": 0.48570161405950785}
SCLSD_BENCHMARK_EVENT {"event": "stage_start", "stage": "walk_generation", "time": "2026-07-17T18:55:00.795196+00:00"}
SCLSD_BENCHMARK_EVENT {"cpu_seconds": 0.17881674600000075, "cuda_peak_allocated_bytes": 296405504, "cuda_peak_reserved_bytes": 314572800, "cuda_start_allocated_bytes": 10746368, "cuda_start_reserved_bytes": 25165824, "error": null, "event": "stage_end", "name": "walk_generation", "status": "ok", "time": "2026-07-17T18:55:00.964068+00:00", "wall_seconds": 0.16884197294712067}
SCLSD_BENCHMARK_EVENT {"event": "stage_start", "stage": "training", "time": "2026-07-17T18:55:00.964763+00:00"}

Training Epochs:   0%|          | 0/200 [00:00<?, ?it/s]

Epoch 0:   0%|          | 0/16 [00:00<?, ?it/s][A
Training Epochs:   0%|          | 0/200 [00:01<?, ?it/s, -ELBO=2.0474, Potential Metric=0.0000, Entropy Metric=0.0016]

Epoch 0:   6%|▋         | 1/16 [00:00<00:14,  1.02it/s][A
Training Epochs:   0%|          | 0/200 [00:01<?, ?it/s, -ELBO=1.9342, Potential Metric=0.0000, Entropy Metric=0.0034]

Epoch 0:  12%|█▎        | 2/16 [00:01<00:07,  1.90it/s][A
Training Epochs:   0%|          | 0/200 [00:01<?, ?it/s, -ELBO=1.9249, Potential Metric=0.0000, Entropy Metric=0.0068]
Training Epochs:   0%|          | 0/200 [00:01<?, ?it/s, -ELBO=1.9099, Potential Metric=0.0000, Entropy Metric=0.0106]

Epoch 0:  25%|██▌       | 4/16 [00:01<00:02,  4.10it/s][A
Training Epochs:   0%|          | 0/200 [00:01<?, ?it/s, -ELBO=1.8443, Potential Metric=0.0000, Entropy Metric=0.0134]
Training Epochs:   0%|          | 0/200 [00:01<?, ?it/s, -ELBO=1.8551, Potential Metric=0.0001, Entropy Metric=0.0164]

Epoch 0:  38%|███▊      | 6/16 [00:01<00:01,  6.09it/s][A
Training Epochs:   0%|          | 0/200 [00:01<?, ?it/s, -ELBO=1.8693, Potential Metric=0.0001, Entropy Metric=0.0197]
Training Epochs:   0%|          | 0/200 [00:01<?, ?it/s, -ELBO=1.8812, Potential Metric=0.0001, Entropy Metric=0.0214]

Epoch 0:  50%|█████     | 8/16 [00:01<00:01,  7.80it/s][A
Training Epochs:   0%|          | 0/200 [00:01<?, ?it/s, -ELBO=1.8937, Potential Metric=0.0001, Entropy Metric=0.0220]
Training Epochs:   0%|          | 0/200 [00:01<?, ?it/s, -ELBO=1.8354, Potential Metric=0.0001, Entropy Metric=0.0208]

Epoch 0:  62%|██████▎   | 10/16 [00:01<00:00,  9.22it/s][A
Training Epochs:   0%|          | 0/200 [00:01<?, ?it/s, -ELBO=1.8532, Potential Metric=0.0001, Entropy Metric=0.0199]
Training Epochs:   0%|          | 0/200 [00:02<?, ?it/s, -ELBO=1.9161, Potential Metric=0.0001, Entropy Metric=0.0210]

Epoch 0:  75%|███████▌  | 12/16 [00:01<00:00, 10.25it/s][A
Training Epochs:   0%|          | 0/200 [00:02<?, ?it/s, -ELBO=1.8584, Potential Metric=0.0001, Entropy Metric=0.0189]
Training Epochs:   0%|          | 0/200 [00:02<?, ?it/s, -ELBO=1.8210, Potential Metric=0.0001, Entropy Metric=0.0176]

Epoch 0:  88%|████████▊ | 14/16 [00:02<00:00, 11.10it/s][A
Training Epochs:   0%|          | 0/200 [00:02<?, ?it/s, -ELBO=1.8307, Potential Metric=0.0001, Entropy Metric=0.0168]
Training Epochs:   0%|          | 0/200 [00:02<?, ?it/s, -ELBO=1.7988, Potential Metric=0.0001, Entropy Metric=0.0154]

Epoch 0: 100%|██████████| 16/16 [00:02<00:00, 11.74it/s][A

                                                        [A
Training Epochs:   0%|          | 1/200 [00:02<07:39,  2.31s/it, -ELBO=1.7988, Potential Metric=0.0001, Entropy Metric=0.0154]

Epoch 1:   0%|          | 0/16 [00:00<?, ?it/s][A
Training Epochs:   0%|          | 1/200 [00:02<07:39,  2.31s/it, -ELBO=1.8361, Potential Metric=0.0001, Entropy Metric=0.0151]

Epoch 1:   6%|▋         | 1/16 [00:00<00:01,  9.25it/s][A
Training Epochs:   0%|          | 1/200 [00:02<07:39,  2.31s/it, -ELBO=1.8381, Potential Metric=0.0001, Entropy Metric=0.0146]
Training Epochs:   0%|          | 1/200 [00:02<07:39,  2.31s/it, -ELBO=1.8009, Potential Metric=0.0001, Entropy Metric=0.0130]

Epoch 1:  19%|█▉        | 3/16 [00:00<00:01, 12.15it/s][A
Training Epochs:   0%|          | 1/200 [00:02<07:39,  2.31s/it, -ELBO=1.8268, Potential Metric=0.0001, Entropy Metric=0.0130]
Training Epochs:   0%|          | 1/200 [00:02<07:39,  2.31s/it, -ELBO=1.8581, Potential Metric=0.0001, Entropy Metric=0.0134]

Epoch 1:  31%|███▏      | 5/16 [00:00<00:00, 12.87it/s][A
Training Epochs:   0%|          | 1/200 [00:02<07:39,  2.31s/it, -ELBO=1.8009, Potential Metric=0.0001, Entropy Metric=0.0130]
Training Epochs:   0%|          | 1/200 [00:02<07:39,  2.31s/it, -ELBO=1.8300, Potential Metric=0.0001, Entropy Metric=0.0130]

Epoch 1:  44%|████▍     | 7/16 [00:00<00:00, 13.07it/s][A
Training Epochs:   0%|          | 1/200 [00:02<07:39,  2.31s/it, -ELBO=1.8459, Potential Metric=0.0001, Entropy Metric=0.0132]
Training Epochs:   0%|          | 1/200 [00:03<07:39,  2.31s/it, -ELBO=1.7932, Potential Metric=0.0001, Entropy Metric=0.0127]

Epoch 1:  56%|█████▋    | 9/16 [00:00<00:00, 13.18it/s][A
Training Epochs:   0%|          | 1/200 [00:03<07:39,  2.31s/it, -ELBO=1.8448, Potential Metric=0.0001, Entropy Metric=0.0133]
Training Epochs:   0%|          | 1/200 [00:03<07:39,  2.31s/it, -ELBO=1.7990, Potential Metric=0.0001, Entropy Metric=0.0121]

Epoch 1:  69%|██████▉   | 11/16 [00:00<00:00, 13.31it/s][A
Training Epochs:   0%|          | 1/200 [00:03<07:39,  2.31s/it, -ELBO=1.8172, Potential Metric=0.0001, Entropy Metric=0.0130]
Training Epochs:   0%|          | 1/200 [00:03<07:39,  2.31s/it, -ELBO=1.8172, Potential Metric=0.0001, Entropy Metric=0.0123]

Epoch 1:  81%|████████▏ | 13/16 [00:00<00:00, 13.34it/s][A
Training Epochs:   0%|          | 1/200 [00:03<07:39,  2.31s/it, -ELBO=1.7927, Potential Metric=0.0001, Entropy Metric=0.0130]
Training Epochs:   0%|          | 1/200 [00:03<07:39,  2.31s/it, -ELBO=1.8411, Potential Metric=0.0001, Entropy Metric=0.0130]

Epoch 1:  94%|█████████▍| 15/16 [00:01<00:00, 13.37it/s][A
Training Epochs:   0%|          | 1/200 [00:03<07:39,  2.31s/it, -ELBO=1.8070, Potential Metric=0.0001, Entropy Metric=0.0132]

                                                        [A
Training Epochs:   1%|          | 2/200 [00:03<05:34,  1.69s/it, -ELBO=1.8070, Potential Metric=0.0001, Entropy Metric=0.0132]

Epoch 2:   0%|          | 0/16 [00:00<?, ?it/s][A
Training Epochs:   1%|          | 2/200 [00:03<05:34,  1.69s/it, -ELBO=1.7775, Potential Metric=0.0001, Entropy Metric=0.0117]
Training Epochs:   1%|          | 2/200 [00:03<05:34,  1.69s/it, -ELBO=1.7981, Potential Metric=0.0001, Entropy Metric=0.0118]

Epoch 2:  12%|█▎        | 2/16 [00:00<00:01, 11.81it/s][A
Training Epochs:   1%|          | 2/200 [00:03<05:34,  1.69s/it, -ELBO=1.8207, Potential Metric=0.0001, Entropy Metric=0.0115]
Training Epochs:   1%|          | 2/200 [00:03<05:34,  1.69s/it, -ELBO=1.7745, Potential Metric=0.0001, Entropy Metric=0.0108]

Epoch 2:  25%|██▌       | 4/16 [00:00<00:00, 12.86it/s][A
Training Epochs:   1%|          | 2/200 [00:03<05:34,  1.69s/it, -ELBO=1.7707, Potential Metric=0.0001, Entropy Metric=0.0108]
Training Epochs:   1%|          | 2/200 [00:04<05:34,  1.69s/it, -ELBO=1.8183, Potential Metric=0.0001, Entropy Metric=0.0095]

Epoch 2:  38%|███▊      | 6/16 [00:00<00:00, 13.11it/s][A
Training Epochs:   1%|          | 2/200 [00:04<05:34,  1.69s/it, -ELBO=1.8068, Potential Metric=0.0001, Entropy Metric=0.0102]
Training Epochs:   1%|          | 2/200 [00:04<05:34,  1.69s/it, -ELBO=1.8071, Potential Metric=0.0001, Entropy Metric=0.0093]

Epoch 2:  50%|█████     | 8/16 [00:00<00:00, 13.31it/s][A
Training Epochs:   1%|          | 2/200 [00:04<05:34,  1.69s/it, -ELBO=1.8044, Potential Metric=0.0001, Entropy Metric=0.0093]
Training Epochs:   1%|          | 2/200 [00:04<05:34,  1.69s/it, -ELBO=1.8145, Potential Metric=0.0002, Entropy Metric=0.0093]

Epoch 2:  62%|██████▎   | 10/16 [00:00<00:00, 13.41it/s][A
Training Epochs:   1%|          | 2/200 [00:04<05:34,  1.69s/it, -ELBO=1.8209, Potential Metric=0.0002, Entropy Metric=0.0090]
Training Epochs:   1%|          | 2/200 [00:04<05:34,  1.69s/it, -ELBO=1.8214, Potential Metric=0.0002, Entropy Metric=0.0085]

Epoch 2:  75%|███████▌  | 12/16 [00:00<00:00, 13.41it/s][A
Training Epochs:   1%|          | 2/200 [00:04<05:34,  1.69s/it, -ELBO=1.8152, Potential Metric=0.0002, Entropy Metric=0.0088]
Training Epochs:   1%|          | 2/200 [00:04<05:34,  1.69s/it, -ELBO=1.7944, Potential Metric=0.0002, Entropy Metric=0.0087]

Epoch 2:  88%|████████▊ | 14/16 [00:01<00:00, 13.25it/s][A
Training Epochs:   1%|          | 2/200 [00:04<05:34,  1.69s/it, -ELBO=1.8161, Potential Metric=0.0002, Entropy Metric=0.0082]
Training Epochs:   1%|          | 2/200 [00:04<05:34,  1.69s/it, -ELBO=1.7912, Potential Metric=0.0002, Entropy Metric=0.0090]

Epoch 2: 100%|██████████| 16/16 [00:01<00:00, 13.19it/s][A

                                                        [A
Training Epochs:   2%|▏         | 3/200 [00:04<04:53,  1.49s/it, -ELBO=1.7912, Potential Metric=0.0002, Entropy Metric=0.0090]

Epoch 3:   0%|          | 0/16 [00:00<?, ?it/s][A
Training Epochs:   2%|▏         | 3/200 [00:04<04:53,  1.49s/it, -ELBO=1.7842, Potential Metric=0.0002, Entropy Metric=0.0087]

Epoch 3:   6%|▋         | 1/16 [00:00<00:01,  9.53it/s][A
Training Epochs:   2%|▏         | 3/200 [00:05<04:53,  1.49s/it, -ELBO=1.8504, Potential Metric=0.0003, Entropy Metric=0.0090]
Training Epochs:   2%|▏         | 3/200 [00:05<04:53,  1.49s/it, -ELBO=1.8013, Potential Metric=0.0003, Entropy Metric=0.0088]

Epoch 3:  19%|█▉        | 3/16 [00:00<00:01, 12.17it/s][A
Training Epochs:   2%|▏         | 3/200 [00:05<04:53,  1.49s/it, -ELBO=1.8425, Potential Metric=0.0003, Entropy Metric=0.0083]
Training Epochs:   2%|▏         | 3/200 [00:05<04:53,  1.49s/it, -ELBO=1.7728, Potential Metric=0.0003, Entropy Metric=0.0091]

Epoch 3:  31%|███▏      | 5/16 [00:00<00:00, 12.15it/s][A
Training Epochs:   2%|▏         | 3/200 [00:05<04:53,  1.49s/it, -ELBO=1.7735, Potential Metric=0.0003, Entropy Metric=0.0084]
Training Epochs:   2%|▏         | 3/200 [00:05<04:53,  1.49s/it, -ELBO=1.7489, Potential Metric=0.0003, Entropy Metric=0.0084]

Epoch 3:  44%|████▍     | 7/16 [00:00<00:00, 12.46it/s][A
Training Epochs:   2%|▏         | 3/200 [00:05<04:53,  1.49s/it, -ELBO=1.7765, Potential Metric=0.0003, Entropy Metric=0.0078]
Training Epochs:   2%|▏         | 3/200 [00:05<04:53,  1.49s/it, -ELBO=1.7982, Potential Metric=0.0003, Entropy Metric=0.0076]

Epoch 3:  56%|█████▋    | 9/16 [00:00<00:00, 12.04it/s][A
Training Epochs:   2%|▏         | 3/200 [00:05<04:53,  1.49s/it, -ELBO=1.7921, Potential Metric=0.0004, Entropy Metric=0.0081]
Training Epochs:   2%|▏         | 3/200 [00:05<04:53,  1.49s/it, -ELBO=1.8350, Potential Metric=0.0004, Entropy Metric=0.0081]

Epoch 3:  69%|██████▉   | 11/16 [00:00<00:00, 12.04it/s][A
Training Epochs:   2%|▏         | 3/200 [00:05<04:53,  1.49s/it, -ELBO=1.8006, Potential Metric=0.0004, Entropy Metric=0.0081]
Training Epochs:   2%|▏         | 3/200 [00:05<04:53,  1.49s/it, -ELBO=1.8076, Potential Metric=0.0004, Entropy Metric=0.0081]

Epoch 3:  81%|████████▏ | 13/16 [00:01<00:00, 11.35it/s][A
Training Epochs:   2%|▏         | 3/200 [00:06<04:53,  1.49s/it, -ELBO=1.7669, Potential Metric=0.0004, Entropy Metric=0.0085]
Training Epochs:   2%|▏         | 3/200 [00:06<04:53,  1.49s/it, -ELBO=1.7665, Potential Metric=0.0004, Entropy Metric=0.0082]

Epoch 3:  94%|█████████▍| 15/16 [00:01<00:00, 10.73it/s][A
Training Epochs:   2%|▏         | 3/200 [00:06<04:53,  1.49s/it, -ELBO=1.7853, Potential Metric=0.0005, Entropy Metric=0.0087]

                                                        [A
Training Epochs:   2%|▏         | 4/200 [00:06<04:49,  1.48s/it, -ELBO=1.7853, Potential Metric=0.0005, Entropy Metric=0.0087]

Epoch 4:   0%|          | 0/16 [00:00<?, ?it/s][A
Training Epochs:   2%|▏         | 4/200 [00:06<04:49,  1.48s/it, -ELBO=1.7540, Potential Metric=0.0005, Entropy Metric=0.0085]

Epoch 4:   6%|▋         | 1/16 [00:00<00:01,  9.82it/s][A
Training Epochs:   2%|▏         | 4/200 [00:06<04:49,  1.48s/it, -ELBO=1.7802, Potential Metric=0.0006, Entropy Metric=0.0092]
Training Epochs:   2%|▏         | 4/200 [00:06<04:49,  1.48s/it, -ELBO=1.7015, Potential Metric=0.0006, Entropy Metric=0.0088]

Epoch 4:  19%|█▉        | 3/16 [00:00<00:01, 12.41it/s][A
Training Epochs:   2%|▏         | 4/200 [00:06<04:49,  1.48s/it, -ELBO=1.8586, Potential Metric=0.0006, Entropy Metric=0.0089]
Training Epochs:   2%|▏         | 4/200 [00:06<04:49,  1.48s/it, -ELBO=1.8122, Potential Metric=0.0007, Entropy Metric=0.0091]

Epoch 4:  31%|███▏      | 5/16 [00:00<00:00, 12.58it/s][A
Training Epochs:   2%|▏         | 4/200 [00:06<04:49,  1.48s/it, -ELBO=1.7738, Potential Metric=0.0008, Entropy Metric=0.0083]
Training Epochs:   2%|▏         | 4/200 [00:06<04:49,  1.48s/it, -ELBO=1.7557, Potential Metric=0.0008, Entropy Metric=0.0083]

Epoch 4:  44%|████▍     | 7/16 [00:00<00:00, 13.01it/s][A
Training Epochs:   2%|▏         | 4/200 [00:06<04:49,  1.48s/it, -ELBO=1.7314, Potential Metric=0.0008, Entropy Metric=0.0083]
Training Epochs:   2%|▏         | 4/200 [00:07<04:49,  1.48s/it, -ELBO=1.7810, Potential Metric=0.0009, Entropy Metric=0.0086]

Epoch 4:  56%|█████▋    | 9/16 [00:00<00:00, 12.95it/s][A
Training Epochs:   2%|▏         | 4/200 [00:07<04:49,  1.48s/it, -ELBO=1.7528, Potential Metric=0.0010, Entropy Metric=0.0092]
Training Epochs:   2%|▏         | 4/200 [00:07<04:49,  1.48s/it, -ELBO=1.8022, Potential Metric=0.0011, Entropy Metric=0.0097]

Epoch 4:  69%|██████▉   | 11/16 [00:00<00:00, 12.69it/s][A
Training Epochs:   2%|▏         | 4/200 [00:07<04:49,  1.48s/it, -ELBO=1.7990, Potential Metric=0.0010, Entropy Metric=0.0089]
Training Epochs:   2%|▏         | 4/200 [00:07<04:49,  1.48s/it, -ELBO=1.8152, Potential Metric=0.0011, Entropy Metric=0.0090]

Epoch 4:  81%|████████▏ | 13/16 [00:01<00:00, 12.50it/s][A
Training Epochs:   2%|▏         | 4/200 [00:07<04:49,  1.48s/it, -ELBO=1.7921, Potential Metric=0.0014, Entropy Metric=0.0093]
Training Epochs:   2%|▏         | 4/200 [00:07<04:49,  1.48s/it, -ELBO=1.7811, Potential Metric=0.0019, Entropy Metric=0.0097]

Epoch 4:  94%|█████████▍| 15/16 [00:01<00:00, 12.35it/s][A
Training Epochs:   2%|▏         | 4/200 [00:07<04:49,  1.48s/it, -ELBO=1.8242, Potential Metric=0.0017, Entropy Metric=0.0088]

                                                        [A
Training Epochs:   2%|▎         | 5/200 [00:07<04:39,  1.43s/it, -ELBO=1.8242, Potential Metric=0.0017, Entropy Metric=0.0088]

Epoch 5:   0%|          | 0/16 [00:00<?, ?it/s][A
Training Epochs:   2%|▎         | 5/200 [00:07<04:39,  1.43s/it, -ELBO=1.7640, Potential Metric=0.0021, Entropy Metric=0.0092]

Epoch 5:   6%|▋         | 1/16 [00:00<00:01,  8.54it/s][A
Training Epochs:   2%|▎         | 5/200 [00:07<04:39,  1.43s/it, -ELBO=1.7480, Potential Metric=0.0028, Entropy Metric=0.0098]
Training Epochs:   2%|▎         | 5/200 [00:07<04:39,  1.43s/it, -ELBO=1.7600, Potential Metric=0.0031, Entropy Metric=0.0107]

Epoch 5:  19%|█▉        | 3/16 [00:00<00:01, 10.95it/s][A
Training Epochs:   2%|▎         | 5/200 [00:08<04:39,  1.43s/it, -ELBO=1.7704, Potential Metric=0.0034, Entropy Metric=0.0098]
Training Epochs:   2%|▎         | 5/200 [00:08<04:39,  1.43s/it, -ELBO=1.7422, Potential Metric=0.0037, Entropy Metric=0.0102]

Epoch 5:  31%|███▏      | 5/16 [00:00<00:00, 11.53it/s][A
Training Epochs:   2%|▎         | 5/200 [00:08<04:39,  1.43s/it, -ELBO=1.7575, Potential Metric=0.0040, Entropy Metric=0.0100]
Training Epochs:   2%|▎         | 5/200 [00:08<04:39,  1.43s/it, -ELBO=1.7916, Potential Metric=0.0035, Entropy Metric=0.0099]

Epoch 5:  44%|████▍     | 7/16 [00:00<00:00, 11.80it/s][A
Training Epochs:   2%|▎         | 5/200 [00:08<04:39,  1.43s/it, -ELBO=1.7921, Potential Metric=0.0039, Entropy Metric=0.0100]
Training Epochs:   2%|▎         | 5/200 [00:08<04:39,  1.43s/it, -ELBO=1.7535, Potential Metric=0.0040, Entropy Metric=0.0099]

Epoch 5:  56%|█████▋    | 9/16 [00:00<00:00, 11.91it/s][A
Training Epochs:   2%|▎         | 5/200 [00:08<04:39,  1.43s/it, -ELBO=1.7705, Potential Metric=0.0044, Entropy Metric=0.0099]
Training Epochs:   2%|▎         | 5/200 [00:08<04:39,  1.43s/it, -ELBO=1.7866, Potential Metric=0.0048, Entropy Metric=0.0101]

Epoch 5:  69%|██████▉   | 11/16 [00:00<00:00, 12.05it/s][A
Training Epochs:   2%|▎         | 5/200 [00:08<04:39,  1.43s/it, -ELBO=1.7900, Potential Metric=0.0063, Entropy Metric=0.0104]
Training Epochs:   2%|▎         | 5/200 [00:08<04:39,  1.43s/it, -ELBO=1.7737, Potential Metric=0.0059, Entropy Metric=0.0101]

Epoch 5:  81%|████████▏ | 13/16 [00:01<00:00, 11.60it/s][A
Training Epochs:   2%|▎         | 5/200 [00:08<04:39,  1.43s/it, -ELBO=1.7815, Potential Metric=0.0063, Entropy Metric=0.0099]
Training Epochs:   2%|▎         | 5/200 [00:08<04:39,  1.43s/it, -ELBO=1.7984, Potential Metric=0.0068, Entropy Metric=0.0107]

Epoch 5:  94%|█████████▍| 15/16 [00:01<00:00, 11.39it/s][A
Training Epochs:   2%|▎         | 5/200 [00:09<04:39,  1.43s/it, -ELBO=1.7697, Potential Metric=0.0091, Entropy Metric=0.0113]

                                                        [A
Training Epochs:   3%|▎         | 6/200 [00:09<04:37,  1.43s/it, -ELBO=1.7697, Potential Metric=0.0091, Entropy Metric=0.0113]

Epoch 6:   0%|          | 0/16 [00:00<?, ?it/s][A
Training Epochs:   3%|▎         | 6/200 [00:09<04:37,  1.43s/it, -ELBO=1.7862, Potential Metric=0.0112, Entropy Metric=0.0121]

Epoch 6:   6%|▋         | 1/16 [00:00<00:01,  8.53it/s][A
Training Epochs:   3%|▎         | 6/200 [00:09<04:37,  1.43s/it, -ELBO=1.7365, Potential Metric=0.0110, Entropy Metric=0.0117]
Training Epochs:   3%|▎         | 6/200 [00:09<04:37,  1.43s/it, -ELBO=1.7655, Potential Metric=0.0140, Entropy Metric=0.0129]

Epoch 6:  19%|█▉        | 3/16 [00:00<00:01, 10.33it/s][A
Training Epochs:   3%|▎         | 6/200 [00:09<04:37,  1.43s/it, -ELBO=1.7522, Potential Metric=0.0145, Entropy Metric=0.0134]
Training Epochs:   3%|▎         | 6/200 [00:09<04:37,  1.43s/it, -ELBO=1.7680, Potential Metric=0.0150, Entropy Metric=0.0137]

Epoch 6:  31%|███▏      | 5/16 [00:00<00:01, 10.32it/s][A
Training Epochs:   3%|▎         | 6/200 [00:09<04:37,  1.43s/it, -ELBO=1.7575, Potential Metric=0.0137, Entropy Metric=0.0125]
Training Epochs:   3%|▎         | 6/200 [00:09<04:37,  1.43s/it, -ELBO=1.7444, Potential Metric=0.0152, Entropy Metric=0.0123]

Epoch 6:  44%|████▍     | 7/16 [00:00<00:00, 10.07it/s][A
Training Epochs:   3%|▎         | 6/200 [00:09<04:37,  1.43s/it, -ELBO=1.7456, Potential Metric=0.0152, Entropy Metric=0.0121]
Training Epochs:   3%|▎         | 6/200 [00:10<04:37,  1.43s/it, -ELBO=1.7937, Potential Metric=0.0153, Entropy Metric=0.0126]

Epoch 6:  56%|█████▋    | 9/16 [00:00<00:00,  9.61it/s][A
Training Epochs:   3%|▎         | 6/200 [00:10<04:37,  1.43s/it, -ELBO=1.7988, Potential Metric=0.0146, Entropy Metric=0.0134]

Epoch 6:  62%|██████▎   | 10/16 [00:01<00:00,  9.68it/s][A
Training Epochs:   3%|▎         | 6/200 [00:10<04:37,  1.43s/it, -ELBO=1.7635, Potential Metric=0.0187, Entropy Metric=0.0118]

Epoch 6:  69%|██████▉   | 11/16 [00:01<00:00,  9.55it/s][A
Training Epochs:   3%|▎         | 6/200 [00:10<04:37,  1.43s/it, -ELBO=1.7968, Potential Metric=0.0231, Entropy Metric=0.0126]

Epoch 6:  75%|███████▌  | 12/16 [00:01<00:00,  9.40it/s][A
Training Epochs:   3%|▎         | 6/200 [00:10<04:37,  1.43s/it, -ELBO=1.7257, Potential Metric=0.0205, Entropy Metric=0.0129]

Epoch 6:  81%|████████▏ | 13/16 [00:01<00:00,  8.87it/s][A
Training Epochs:   3%|▎         | 6/200 [00:10<04:37,  1.43s/it, -ELBO=1.7551, Potential Metric=0.0245, Entropy Metric=0.0122]

Epoch 6:  88%|████████▊ | 14/16 [00:01<00:00,  8.35it/s][A
Training Epochs:   3%|▎         | 6/200 [00:10<04:37,  1.43s/it, -ELBO=1.7398, Potential Metric=0.0267, Entropy Metric=0.0139]

Epoch 6:  94%|█████████▍| 15/16 [00:01<00:00,  8.19it/s][A
Training Epochs:   3%|▎         | 6/200 [00:10<04:37,  1.43s/it, -ELBO=1.7493, Potential Metric=0.0327, Entropy Metric=0.0140]

Epoch 6: 100%|██████████| 16/16 [00:01<00:00,  8.10it/s][A

                                                        [A
Training Epochs:   4%|▎         | 7/200 [00:10<05:00,  1.55s/it, -ELBO=1.7493, Potential Metric=0.0327, Entropy Metric=0.0140]

Epoch 7:   0%|          | 0/16 [00:00<?, ?it/s][A
Training Epochs:   4%|▎         | 7/200 [00:11<05:00,  1.55s/it, -ELBO=1.7775, Potential Metric=0.0369, Entropy Metric=0.0128]

Epoch 7:   6%|▋         | 1/16 [00:00<00:02,  5.52it/s][A
Training Epochs:   4%|▎         | 7/200 [00:11<05:00,  1.55s/it, -ELBO=1.7484, Potential Metric=0.0325, Entropy Metric=0.0124]

Epoch 7:  12%|█▎        | 2/16 [00:00<00:02,  6.29it/s][A
Training Epochs:   4%|▎         | 7/200 [00:11<05:00,  1.55s/it, -ELBO=1.7539, Potential Metric=0.0361, Entropy Metric=0.0123]

Epoch 7:  19%|█▉        | 3/16 [00:00<00:01,  6.65it/s][A
Training Epochs:   4%|▎         | 7/200 [00:11<05:00,  1.55s/it, -ELBO=1.7356, Potential Metric=0.0363, Entropy Metric=0.0125]

Epoch 7:  25%|██▌       | 4/16 [00:00<00:01,  6.49it/s][A
Training Epochs:   4%|▎         | 7/200 [00:11<05:00,  1.55s/it, -ELBO=1.7592, Potential Metric=0.0377, Entropy Metric=0.0119]

Epoch 7:  31%|███▏      | 5/16 [00:00<00:01,  6.75it/s][A
Training Epochs:   4%|▎         | 7/200 [00:11<05:00,  1.55s/it, -ELBO=1.7165, Potential Metric=0.0398, Entropy Metric=0.0124]

Epoch 7:  38%|███▊      | 6/16 [00:00<00:01,  6.63it/s][A
Training Epochs:   4%|▎         | 7/200 [00:11<05:00,  1.55s/it, -ELBO=1.7177, Potential Metric=0.0442, Entropy Metric=0.0126]

Epoch 7:  44%|████▍     | 7/16 [00:01<00:01,  6.38it/s][A
Training Epochs:   4%|▎         | 7/200 [00:12<05:00,  1.55s/it, -ELBO=1.7738, Potential Metric=0.0511, Entropy Metric=0.0124]

Epoch 7:  50%|█████     | 8/16 [00:01<00:01,  6.15it/s][A
Training Epochs:   4%|▎         | 7/200 [00:12<05:00,  1.55s/it, -ELBO=1.7486, Potential Metric=0.0547, Entropy Metric=0.0121]

Epoch 7:  56%|█████▋    | 9/16 [00:01<00:01,  6.05it/s][A
Training Epochs:   4%|▎         | 7/200 [00:12<05:00,  1.55s/it, -ELBO=1.7744, Potential Metric=0.0545, Entropy Metric=0.0124]

Epoch 7:  62%|██████▎   | 10/16 [00:01<00:01,  5.95it/s][A
Training Epochs:   4%|▎         | 7/200 [00:12<05:00,  1.55s/it, -ELBO=1.7096, Potential Metric=0.0588, Entropy Metric=0.0133]

Epoch 7:  69%|██████▉   | 11/16 [00:01<00:00,  5.61it/s][A
Training Epochs:   4%|▎         | 7/200 [00:12<05:00,  1.55s/it, -ELBO=1.7651, Potential Metric=0.0712, Entropy Metric=0.0129]

Epoch 7:  75%|███████▌  | 12/16 [00:01<00:00,  5.80it/s][A
Training Epochs:   4%|▎         | 7/200 [00:13<05:00,  1.55s/it, -ELBO=1.7501, Potential Metric=0.0671, Entropy Metric=0.0137]

Epoch 7:  81%|████████▏ | 13/16 [00:02<00:00,  5.53it/s][A
Training Epochs:   4%|▎         | 7/200 [00:13<05:00,  1.55s/it, -ELBO=1.7858, Potential Metric=0.0865, Entropy Metric=0.0148]

Epoch 7:  88%|████████▊ | 14/16 [00:02<00:00,  5.20it/s][A
Training Epochs:   4%|▎         | 7/200 [00:13<05:00,  1.55s/it, -ELBO=1.7412, Potential Metric=0.0852, Entropy Metric=0.0144]

Epoch 7:  94%|█████████▍| 15/16 [00:02<00:00,  5.11it/s][A
Training Epochs:   4%|▎         | 7/200 [00:13<05:00,  1.55s/it, -ELBO=1.7856, Potential Metric=0.0900, Entropy Metric=0.0158]

Epoch 7: 100%|██████████| 16/16 [00:02<00:00,  5.15it/s][A

                                                        [A
Training Epochs:   4%|▍         | 8/200 [00:13<06:15,  1.96s/it, -ELBO=1.7856, Potential Metric=0.0900, Entropy Metric=0.0158]

Epoch 8:   0%|          | 0/16 [00:00<?, ?it/s][A
Training Epochs:   4%|▍         | 8/200 [00:13<06:15,  1.96s/it, -ELBO=1.7133, Potential Metric=0.0844, Entropy Metric=0.0148]

Epoch 8:   6%|▋         | 1/16 [00:00<00:03,  4.32it/s][A
Training Epochs:   4%|▍         | 8/200 [00:14<06:15,  1.96s/it, -ELBO=1.7686, Potential Metric=0.0854, Entropy Metric=0.0143]

Epoch 8:  12%|█▎        | 2/16 [00:00<00:03,  4.55it/s][A
Training Epochs:   4%|▍         | 8/200 [00:14<06:15,  1.96s/it, -ELBO=1.7380, Potential Metric=0.0804, Entropy Metric=0.0136]

Epoch 8:  19%|█▉        | 3/16 [00:00<00:02,  4.43it/s][A
Training Epochs:   4%|▍         | 8/200 [00:14<06:15,  1.96s/it, -ELBO=1.7522, Potential Metric=0.0847, Entropy Metric=0.0152]

Epoch 8:  25%|██▌       | 4/16 [00:00<00:02,  4.39it/s][A
Training Epochs:   4%|▍         | 8/200 [00:14<06:15,  1.96s/it, -ELBO=1.7183, Potential Metric=0.0775, Entropy Metric=0.0149]

Epoch 8:  31%|███▏      | 5/16 [00:01<00:02,  4.23it/s][A
Training Epochs:   4%|▍         | 8/200 [00:15<06:15,  1.96s/it, -ELBO=1.7453, Potential Metric=0.0944, Entropy Metric=0.0158]

Epoch 8:  38%|███▊      | 6/16 [00:01<00:02,  4.22it/s][A
Training Epochs:   4%|▍         | 8/200 [00:15<06:15,  1.96s/it, -ELBO=1.7468, Potential Metric=0.0901, Entropy Metric=0.0158]

Epoch 8:  44%|████▍     | 7/16 [00:01<00:02,  4.23it/s][A
Training Epochs:   4%|▍         | 8/200 [00:15<06:15,  1.96s/it, -ELBO=1.7621, Potential Metric=0.0989, Entropy Metric=0.0171]

Epoch 8:  50%|█████     | 8/16 [00:01<00:01,  4.44it/s][A
Training Epochs:   4%|▍         | 8/200 [00:15<06:15,  1.96s/it, -ELBO=1.7323, Potential Metric=0.0961, Entropy Metric=0.0159]

Epoch 8:  56%|█████▋    | 9/16 [00:02<00:01,  4.40it/s][A
Training Epochs:   4%|▍         | 8/200 [00:16<06:15,  1.96s/it, -ELBO=1.7598, Potential Metric=0.1037, Entropy Metric=0.0152]

Epoch 8:  62%|██████▎   | 10/16 [00:02<00:01,  4.31it/s][A
Training Epochs:   4%|▍         | 8/200 [00:16<06:15,  1.96s/it, -ELBO=1.7564, Potential Metric=0.0934, Entropy Metric=0.0169]

Epoch 8:  69%|██████▉   | 11/16 [00:02<00:01,  4.20it/s][A
Training Epochs:   4%|▍         | 8/200 [00:16<06:15,  1.96s/it, -ELBO=1.7259, Potential Metric=0.0826, Entropy Metric=0.0152]

Epoch 8:  75%|███████▌  | 12/16 [00:02<00:00,  4.23it/s][A
Training Epochs:   4%|▍         | 8/200 [00:16<06:15,  1.96s/it, -ELBO=1.7418, Potential Metric=0.0811, Entropy Metric=0.0172]

Epoch 8:  81%|████████▏ | 13/16 [00:03<00:00,  4.06it/s][A
Training Epochs:   4%|▍         | 8/200 [00:17<06:15,  1.96s/it, -ELBO=1.7429, Potential Metric=0.0866, Entropy Metric=0.0161]

Epoch 8:  88%|████████▊ | 14/16 [00:03<00:00,  4.04it/s][A
Training Epochs:   4%|▍         | 8/200 [00:17<06:15,  1.96s/it, -ELBO=1.7183, Potential Metric=0.0810, Entropy Metric=0.0168]

Epoch 8:  94%|█████████▍| 15/16 [00:03<00:00,  3.98it/s][A
Training Epochs:   4%|▍         | 8/200 [00:17<06:15,  1.96s/it, -ELBO=1.7761, Potential Metric=0.0837, Entropy Metric=0.0157]

Epoch 8: 100%|██████████| 16/16 [00:03<00:00,  3.94it/s][A

                                                        [A
Training Epochs:   4%|▍         | 9/200 [00:17<08:09,  2.56s/it, -ELBO=1.7761, Potential Metric=0.0837, Entropy Metric=0.0157]

Epoch 9:   0%|          | 0/16 [00:00<?, ?it/s][A
Training Epochs:   4%|▍         | 9/200 [00:17<08:09,  2.56s/it, -ELBO=1.7553, Potential Metric=0.0928, Entropy Metric=0.0179]

Epoch 9:   6%|▋         | 1/16 [00:00<00:04,  3.63it/s][A
Training Epochs:   4%|▍         | 9/200 [00:18<08:09,  2.56s/it, -ELBO=1.7300, Potential Metric=0.0889, Entropy Metric=0.0165]

Epoch 9:  12%|█▎        | 2/16 [00:00<00:03,  3.77it/s][A
Training Epochs:   4%|▍         | 9/200 [00:18<08:09,  2.56s/it, -ELBO=1.6888, Potential Metric=0.0934, Entropy Metric=0.0157]

Epoch 9:  19%|█▉        | 3/16 [00:00<00:03,  3.99it/s][A
Training Epochs:   4%|▍         | 9/200 [00:18<08:09,  2.56s/it, -ELBO=1.7442, Potential Metric=0.0966, Entropy Metric=0.0151]

Epoch 9:  25%|██▌       | 4/16 [00:01<00:03,  3.94it/s][A
Training Epochs:   4%|▍         | 9/200 [00:18<08:09,  2.56s/it, -ELBO=1.7427, Potential Metric=0.0962, Entropy Metric=0.0172]

Epoch 9:  31%|███▏      | 5/16 [00:01<00:02,  3.85it/s][A
Training Epochs:   4%|▍         | 9/200 [00:19<08:09,  2.56s/it, -ELBO=1.8013, Potential Metric=0.0967, Entropy Metric=0.0165]

Epoch 9:  38%|███▊      | 6/16 [00:01<00:02,  3.91it/s][A
Training Epochs:   4%|▍         | 9/200 [00:19<08:09,  2.56s/it, -ELBO=1.7624, Potential Metric=0.1133, Entropy Metric=0.0186]

Epoch 9:  44%|████▍     | 7/16 [00:01<00:02,  3.95it/s][A
Training Epochs:   4%|▍         | 9/200 [00:19<08:09,  2.56s/it, -ELBO=1.7393, Potential Metric=0.0894, Entropy Metric=0.0175]

Epoch 9:  50%|█████     | 8/16 [00:02<00:02,  3.88it/s][A
Training Epochs:   4%|▍         | 9/200 [00:19<08:09,  2.56s/it, -ELBO=1.6672, Potential Metric=0.1086, Entropy Metric=0.0185]

Epoch 9:  56%|█████▋    | 9/16 [00:02<00:01,  4.03it/s][A
Training Epochs:   4%|▍         | 9/200 [00:20<08:09,  2.56s/it, -ELBO=1.6992, Potential Metric=0.1102, Entropy Metric=0.0181]

Epoch 9:  62%|██████▎   | 10/16 [00:02<00:01,  3.91it/s][A
Training Epochs:   4%|▍         | 9/200 [00:20<08:09,  2.56s/it, -ELBO=1.7226, Potential Metric=0.1024, Entropy Metric=0.0197]

Epoch 9:  69%|██████▉   | 11/16 [00:02<00:01,  3.99it/s][A
Training Epochs:   4%|▍         | 9/200 [00:20<08:09,  2.56s/it, -ELBO=1.7384, Potential Metric=0.1060, Entropy Metric=0.0198]

Epoch 9:  75%|███████▌  | 12/16 [00:03<00:01,  3.92it/s][A
Training Epochs:   4%|▍         | 9/200 [00:20<08:09,  2.56s/it, -ELBO=1.6891, Potential Metric=0.0983, Entropy Metric=0.0193]

Epoch 9:  81%|████████▏ | 13/16 [00:03<00:00,  3.97it/s][A
Training Epochs:   4%|▍         | 9/200 [00:21<08:09,  2.56s/it, -ELBO=1.7176, Potential Metric=0.0921, Entropy Metric=0.0192]

Epoch 9:  88%|████████▊ | 14/16 [00:03<00:00,  3.91it/s][A
Training Epochs:   4%|▍         | 9/200 [00:21<08:09,  2.56s/it, -ELBO=1.7528, Potential Metric=0.0990, Entropy Metric=0.0195]

Epoch 9:  94%|█████████▍| 15/16 [00:03<00:00,  3.96it/s][A
Training Epochs:   4%|▍         | 9/200 [00:21<08:09,  2.56s/it, -ELBO=1.7569, Potential Metric=0.0832, Entropy Metric=0.0189]

Epoch 9: 100%|██████████| 16/16 [00:04<00:00,  3.89it/s][A

                                                        [A
Training Epochs:   5%|▌         | 10/200 [00:21<09:38,  3.04s/it, -ELBO=1.7569, Potential Metric=0.0832, Entropy Metric=0.0189]

Epoch 10:   0%|          | 0/16 [00:00<?, ?it/s][A
Training Epochs:   5%|▌         | 10/200 [00:22<09:38,  3.04s/it, -ELBO=1.7408, Potential Metric=0.0980, Entropy Metric=0.0191]

Epoch 10:   6%|▋         | 1/16 [00:00<00:04,  3.55it/s][A
Training Epochs:   5%|▌         | 10/200 [00:22<09:38,  3.04s/it, -ELBO=1.7451, Potential Metric=0.1014, Entropy Metric=0.0188]

Epoch 10:  12%|█▎        | 2/16 [00:00<00:03,  3.67it/s][A
Training Epochs:   5%|▌         | 10/200 [00:22<09:38,  3.04s/it, -ELBO=1.7176, Potential Metric=0.1001, Entropy Metric=0.0184]

Epoch 10:  19%|█▉        | 3/16 [00:00<00:03,  3.71it/s][A
Training Epochs:   5%|▌         | 10/200 [00:22<09:38,  3.04s/it, -ELBO=1.7335, Potential Metric=0.0895, Entropy Metric=0.0189]

Epoch 10:  25%|██▌       | 4/16 [00:01<00:03,  3.72it/s][A
Training Epochs:   5%|▌         | 10/200 [00:23<09:38,  3.04s/it, -ELBO=1.7688, Potential Metric=0.1019, Entropy Metric=0.0190]

Epoch 10:  31%|███▏      | 5/16 [00:01<00:02,  3.72it/s][A
Training Epochs:   5%|▌         | 10/200 [00:23<09:38,  3.04s/it, -ELBO=1.7361, Potential Metric=0.1095, Entropy Metric=0.0181]

Epoch 10:  38%|███▊      | 6/16 [00:01<00:02,  3.70it/s][A
Training Epochs:   5%|▌         | 10/200 [00:23<09:38,  3.04s/it, -ELBO=1.6967, Potential Metric=0.1080, Entropy Metric=0.0190]

Epoch 10:  44%|████▍     | 7/16 [00:01<00:02,  3.56it/s][A
Training Epochs:   5%|▌         | 10/200 [00:23<09:38,  3.04s/it, -ELBO=1.7568, Potential Metric=0.1033, Entropy Metric=0.0188]

Epoch 10:  50%|█████     | 8/16 [00:02<00:02,  3.50it/s][A
Training Epochs:   5%|▌         | 10/200 [00:24<09:38,  3.04s/it, -ELBO=1.7160, Potential Metric=0.0994, Entropy Metric=0.0186]

Epoch 10:  56%|█████▋    | 9/16 [00:02<00:02,  3.49it/s][A
Training Epochs:   5%|▌         | 10/200 [00:24<09:38,  3.04s/it, -ELBO=1.7115, Potential Metric=0.1111, Entropy Metric=0.0193]

Epoch 10:  62%|██████▎   | 10/16 [00:02<00:01,  3.54it/s][A
Training Epochs:   5%|▌         | 10/200 [00:24<09:38,  3.04s/it, -ELBO=1.7229, Potential Metric=0.1070, Entropy Metric=0.0187]

Epoch 10:  69%|██████▉   | 11/16 [00:03<00:01,  3.45it/s][A
Training Epochs:   5%|▌         | 10/200 [00:25<09:38,  3.04s/it, -ELBO=1.7241, Potential Metric=0.1192, Entropy Metric=0.0202]

Epoch 10:  75%|███████▌  | 12/16 [00:03<00:01,  3.42it/s][A
Training Epochs:   5%|▌         | 10/200 [00:25<09:38,  3.04s/it, -ELBO=1.7492, Potential Metric=0.1221, Entropy Metric=0.0202]

Epoch 10:  81%|████████▏ | 13/16 [00:03<00:00,  3.38it/s][A
Training Epochs:   5%|▌         | 10/200 [00:25<09:38,  3.04s/it, -ELBO=1.7208, Potential Metric=0.1113, Entropy Metric=0.0200]

Epoch 10:  88%|████████▊ | 14/16 [00:03<00:00,  3.47it/s][A
Training Epochs:   5%|▌         | 10/200 [00:25<09:38,  3.04s/it, -ELBO=1.6625, Potential Metric=0.1040, Entropy Metric=0.0182]

Epoch 10:  94%|█████████▍| 15/16 [00:04<00:00,  3.63it/s][A
Training Epochs:   5%|▌         | 10/200 [00:26<09:38,  3.04s/it, -ELBO=1.6615, Potential Metric=0.0980, Entropy Metric=0.0191]

Epoch 10: 100%|██████████| 16/16 [00:04<00:00,  3.89it/s][A

                                                         [A
Training Epochs:   6%|▌         | 11/200 [00:26<10:56,  3.48s/it, -ELBO=1.6615, Potential Metric=0.0980, Entropy Metric=0.0191]

Epoch 11:   0%|          | 0/16 [00:00<?, ?it/s][A
Training Epochs:   6%|▌         | 11/200 [00:26<10:56,  3.48s/it, -ELBO=1.7425, Potential Metric=0.1059, Entropy Metric=0.0186]

Epoch 11:   6%|▋         | 1/16 [00:00<00:05,  2.87it/s][A
Training Epochs:   6%|▌         | 11/200 [00:26<10:56,  3.48s/it, -ELBO=1.7446, Potential Metric=0.1010, Entropy Metric=0.0177]

Epoch 11:  12%|█▎        | 2/16 [00:00<00:04,  3.14it/s][A
Training Epochs:   6%|▌         | 11/200 [00:27<10:56,  3.48s/it, -ELBO=1.7243, Potential Metric=0.0974, Entropy Metric=0.0196]

Epoch 11:  19%|█▉        | 3/16 [00:00<00:03,  3.25it/s][A
Training Epochs:   6%|▌         | 11/200 [00:27<10:56,  3.48s/it, -ELBO=1.7151, Potential Metric=0.0958, Entropy Metric=0.0188]

Epoch 11:  25%|██▌       | 4/16 [00:01<00:03,  3.16it/s][A
Training Epochs:   6%|▌         | 11/200 [00:27<10:56,  3.48s/it, -ELBO=1.7239, Potential Metric=0.0885, Entropy Metric=0.0187]

Epoch 11:  31%|███▏      | 5/16 [00:01<00:03,  3.27it/s][A
Training Epochs:   6%|▌         | 11/200 [00:28<10:56,  3.48s/it, -ELBO=1.7348, Potential Metric=0.0987, Entropy Metric=0.0188]

Epoch 11:  38%|███▊      | 6/16 [00:01<00:03,  3.32it/s][A
Training Epochs:   6%|▌         | 11/200 [00:28<10:56,  3.48s/it, -ELBO=1.7337, Potential Metric=0.0906, Entropy Metric=0.0192]

Epoch 11:  44%|████▍     | 7/16 [00:02<00:02,  3.34it/s][A
Training Epochs:   6%|▌         | 11/200 [00:28<10:56,  3.48s/it, -ELBO=1.6973, Potential Metric=0.1023, Entropy Metric=0.0186]

Epoch 11:  50%|█████     | 8/16 [00:02<00:02,  3.32it/s][A
Training Epochs:   6%|▌         | 11/200 [00:29<10:56,  3.48s/it, -ELBO=1.6863, Potential Metric=0.0902, Entropy Metric=0.0186]

Epoch 11:  56%|█████▋    | 9/16 [00:02<00:02,  3.21it/s][A
Training Epochs:   6%|▌         | 11/200 [00:29<10:56,  3.48s/it, -ELBO=1.7199, Potential Metric=0.0974, Entropy Metric=0.0189]

Epoch 11:  62%|██████▎   | 10/16 [00:03<00:01,  3.25it/s][A
Training Epochs:   6%|▌         | 11/200 [00:29<10:56,  3.48s/it, -ELBO=1.6927, Potential Metric=0.1071, Entropy Metric=0.0203]

Epoch 11:  69%|██████▉   | 11/16 [00:03<00:01,  3.28it/s][A
Training Epochs:   6%|▌         | 11/200 [00:29<10:56,  3.48s/it, -ELBO=1.6994, Potential Metric=0.1073, Entropy Metric=0.0211]

Epoch 11:  75%|███████▌  | 12/16 [00:03<00:01,  3.15it/s][A
Training Epochs:   6%|▌         | 11/200 [00:30<10:56,  3.48s/it, -ELBO=1.7082, Potential Metric=0.1275, Entropy Metric=0.0195]

Epoch 11:  81%|████████▏ | 13/16 [00:04<00:00,  3.07it/s][A
Training Epochs:   6%|▌         | 11/200 [00:30<10:56,  3.48s/it, -ELBO=1.6895, Potential Metric=0.1261, Entropy Metric=0.0209]

Epoch 11:  88%|████████▊ | 14/16 [00:04<00:00,  2.99it/s][A
Training Epochs:   6%|▌         | 11/200 [00:31<10:56,  3.48s/it, -ELBO=1.6897, Potential Metric=0.1174, Entropy Metric=0.0207]

Epoch 11:  94%|█████████▍| 15/16 [00:04<00:00,  3.02it/s][A
Training Epochs:   6%|▌         | 11/200 [00:31<10:56,  3.48s/it, -ELBO=1.7390, Potential Metric=0.1010, Entropy Metric=0.0218]

Epoch 11: 100%|██████████| 16/16 [00:05<00:00,  3.01it/s][A

                                                         [A
Training Epochs:   6%|▌         | 12/200 [00:31<12:32,  4.00s/it, -ELBO=1.7390, Potential Metric=0.1010, Entropy Metric=0.0218]

Epoch 12:   0%|          | 0/16 [00:00<?, ?it/s][A
Training Epochs:   6%|▌         | 12/200 [00:31<12:32,  4.00s/it, -ELBO=1.6995, Potential Metric=0.0877, Entropy Metric=0.0203]

Epoch 12:   6%|▋         | 1/16 [00:00<00:05,  2.88it/s][A
Training Epochs:   6%|▌         | 12/200 [00:32<12:32,  4.00s/it, -ELBO=1.6975, Potential Metric=0.0836, Entropy Metric=0.0191]

Epoch 12:  12%|█▎        | 2/16 [00:00<00:04,  3.22it/s][A
Training Epochs:   6%|▌         | 12/200 [00:32<12:32,  4.00s/it, -ELBO=1.7083, Potential Metric=0.0963, Entropy Metric=0.0189]

Epoch 12:  19%|█▉        | 3/16 [00:00<00:04,  3.05it/s][A
Training Epochs:   6%|▌         | 12/200 [00:32<12:32,  4.00s/it, -ELBO=1.7022, Potential Metric=0.0859, Entropy Metric=0.0202]

Epoch 12:  25%|██▌       | 4/16 [00:01<00:03,  3.19it/s][A
Training Epochs:   6%|▌         | 12/200 [00:33<12:32,  4.00s/it, -ELBO=1.7132, Potential Metric=0.0818, Entropy Metric=0.0204]

Epoch 12:  31%|███▏      | 5/16 [00:01<00:03,  3.03it/s][A
Training Epochs:   6%|▌         | 12/200 [00:33<12:32,  4.00s/it, -ELBO=1.6967, Potential Metric=0.0879, Entropy Metric=0.0199]

Epoch 12:  38%|███▊      | 6/16 [00:01<00:03,  2.94it/s][A
Training Epochs:   6%|▌         | 12/200 [00:33<12:32,  4.00s/it, -ELBO=1.6734, Potential Metric=0.0868, Entropy Metric=0.0203]

Epoch 12:  44%|████▍     | 7/16 [00:02<00:02,  3.06it/s][A
Training Epochs:   6%|▌         | 12/200 [00:34<12:32,  4.00s/it, -ELBO=1.7105, Potential Metric=0.1005, Entropy Metric=0.0209]

Epoch 12:  50%|█████     | 8/16 [00:02<00:02,  2.92it/s][A
Training Epochs:   6%|▌         | 12/200 [00:34<12:32,  4.00s/it, -ELBO=1.7253, Potential Metric=0.1025, Entropy Metric=0.0210]

Epoch 12:  56%|█████▋    | 9/16 [00:03<00:02,  2.89it/s][A
Training Epochs:   6%|▌         | 12/200 [00:34<12:32,  4.00s/it, -ELBO=1.6451, Potential Metric=0.0881, Entropy Metric=0.0196]

Epoch 12:  62%|██████▎   | 10/16 [00:03<00:02,  2.84it/s][A
Training Epochs:   6%|▌         | 12/200 [00:35<12:32,  4.00s/it, -ELBO=1.7269, Potential Metric=0.0795, Entropy Metric=0.0201]

Epoch 12:  69%|██████▉   | 11/16 [00:03<00:01,  2.79it/s][A
Training Epochs:   6%|▌         | 12/200 [00:35<12:32,  4.00s/it, -ELBO=1.7484, Potential Metric=0.0909, Entropy Metric=0.0180]

Epoch 12:  75%|███████▌  | 12/16 [00:04<00:01,  2.72it/s][A
Training Epochs:   6%|▌         | 12/200 [00:35<12:32,  4.00s/it, -ELBO=1.6967, Potential Metric=0.0842, Entropy Metric=0.0206]

Epoch 12:  81%|████████▏ | 13/16 [00:04<00:01,  2.74it/s][A
Training Epochs:   6%|▌         | 12/200 [00:36<12:32,  4.00s/it, -ELBO=1.7133, Potential Metric=0.0999, Entropy Metric=0.0210]

Epoch 12:  88%|████████▊ | 14/16 [00:04<00:00,  2.70it/s][A
Training Epochs:   6%|▌         | 12/200 [00:36<12:32,  4.00s/it, -ELBO=1.7217, Potential Metric=0.0840, Entropy Metric=0.0182]

Epoch 12:  94%|█████████▍| 15/16 [00:05<00:00,  2.63it/s][A
Training Epochs:   6%|▌         | 12/200 [00:37<12:32,  4.00s/it, -ELBO=1.7072, Potential Metric=0.0908, Entropy Metric=0.0188]

Epoch 12: 100%|██████████| 16/16 [00:05<00:00,  2.67it/s][A

                                                         [A
Training Epochs:   6%|▋         | 13/200 [00:37<14:03,  4.51s/it, -ELBO=1.7072, Potential Metric=0.0908, Entropy Metric=0.0188]

Epoch 13:   0%|          | 0/16 [00:00<?, ?it/s][A
Training Epochs:   6%|▋         | 13/200 [00:37<14:03,  4.51s/it, -ELBO=1.7160, Potential Metric=0.0889, Entropy Metric=0.0185]

Epoch 13:   6%|▋         | 1/16 [00:00<00:06,  2.32it/s][A
Training Epochs:   6%|▋         | 13/200 [00:37<14:03,  4.51s/it, -ELBO=1.6795, Potential Metric=0.0881, Entropy Metric=0.0185]

Epoch 13:  12%|█▎        | 2/16 [00:00<00:05,  2.65it/s][A
Training Epochs:   6%|▋         | 13/200 [00:38<14:03,  4.51s/it, -ELBO=1.7482, Potential Metric=0.0823, Entropy Metric=0.0189]

Epoch 13:  19%|█▉        | 3/16 [00:01<00:04,  2.70it/s][A
Training Epochs:   6%|▋         | 13/200 [00:38<14:03,  4.51s/it, -ELBO=1.6735, Potential Metric=0.0905, Entropy Metric=0.0193]

Epoch 13:  25%|██▌       | 4/16 [00:01<00:04,  2.71it/s][A
Training Epochs:   6%|▋         | 13/200 [00:38<14:03,  4.51s/it, -ELBO=1.6656, Potential Metric=0.0881, Entropy Metric=0.0198]

Epoch 13:  31%|███▏      | 5/16 [00:01<00:03,  2.79it/s][A
Training Epochs:   6%|▋         | 13/200 [00:39<14:03,  4.51s/it, -ELBO=1.7143, Potential Metric=0.0874, Entropy Metric=0.0196]

Epoch 13:  38%|███▊      | 6/16 [00:02<00:03,  2.85it/s][A
Training Epochs:   6%|▋         | 13/200 [00:39<14:03,  4.51s/it, -ELBO=1.7223, Potential Metric=0.0830, Entropy Metric=0.0185]

Epoch 13:  44%|████▍     | 7/16 [00:02<00:03,  2.77it/s][A
Training Epochs:   6%|▋         | 13/200 [00:40<14:03,  4.51s/it, -ELBO=1.7331, Potential Metric=0.0801, Entropy Metric=0.0188]

Epoch 13:  50%|█████     | 8/16 [00:02<00:02,  2.72it/s][A
Training Epochs:   6%|▋         | 13/200 [00:40<14:03,  4.51s/it, -ELBO=1.6619, Potential Metric=0.0870, Entropy Metric=0.0197]

Epoch 13:  56%|█████▋    | 9/16 [00:03<00:02,  2.71it/s][A
Training Epochs:   6%|▋         | 13/200 [00:40<14:03,  4.51s/it, -ELBO=1.7194, Potential Metric=0.0845, Entropy Metric=0.0200]

Epoch 13:  62%|██████▎   | 10/16 [00:03<00:02,  2.72it/s][A
Training Epochs:   6%|▋         | 13/200 [00:41<14:03,  4.51s/it, -ELBO=1.6943, Potential Metric=0.0849, Entropy Metric=0.0195]

Epoch 13:  69%|██████▉   | 11/16 [00:04<00:01,  2.52it/s][A
Training Epochs:   6%|▋         | 13/200 [00:41<14:03,  4.51s/it, -ELBO=1.7113, Potential Metric=0.0943, Entropy Metric=0.0197]

Epoch 13:  75%|███████▌  | 12/16 [00:04<00:01,  2.53it/s][A
Training Epochs:   6%|▋         | 13/200 [00:42<14:03,  4.51s/it, -ELBO=1.6588, Potential Metric=0.0740, Entropy Metric=0.0183]

Epoch 13:  81%|████████▏ | 13/16 [00:04<00:01,  2.62it/s][A
Training Epochs:   6%|▋         | 13/200 [00:42<14:03,  4.51s/it, -ELBO=1.6624, Potential Metric=0.0885, Entropy Metric=0.0206]

Epoch 13:  88%|████████▊ | 14/16 [00:05<00:00,  2.57it/s][A
Training Epochs:   6%|▋         | 13/200 [00:42<14:03,  4.51s/it, -ELBO=1.6859, Potential Metric=0.0872, Entropy Metric=0.0184]

Epoch 13:  94%|█████████▍| 15/16 [00:05<00:00,  2.61it/s][A
Training Epochs:   6%|▋         | 13/200 [00:43<14:03,  4.51s/it, -ELBO=1.6941, Potential Metric=0.0816, Entropy Metric=0.0185]

Epoch 13: 100%|██████████| 16/16 [00:06<00:00,  2.69it/s][A

                                                         [A
Training Epochs:   7%|▋         | 14/200 [00:43<15:29,  4.99s/it, -ELBO=1.6941, Potential Metric=0.0816, Entropy Metric=0.0185]

Epoch 14:   0%|          | 0/16 [00:00<?, ?it/s][A
Training Epochs:   7%|▋         | 14/200 [00:43<15:29,  4.99s/it, -ELBO=1.6526, Potential Metric=0.0816, Entropy Metric=0.0199]

Epoch 14:   6%|▋         | 1/16 [00:00<00:05,  2.81it/s][A
Training Epochs:   7%|▋         | 14/200 [00:43<15:29,  4.99s/it, -ELBO=1.6829, Potential Metric=0.0864, Entropy Metric=0.0192]

Epoch 14:  12%|█▎        | 2/16 [00:00<00:04,  2.93it/s][A
Training Epochs:   7%|▋         | 14/200 [00:44<15:29,  4.99s/it, -ELBO=1.6801, Potential Metric=0.0812, Entropy Metric=0.0180]

Epoch 14:  19%|█▉        | 3/16 [00:01<00:04,  2.83it/s][A
Training Epochs:   7%|▋         | 14/200 [00:44<15:29,  4.99s/it, -ELBO=1.6897, Potential Metric=0.0818, Entropy Metric=0.0190]

Epoch 14:  25%|██▌       | 4/16 [00:01<00:04,  2.74it/s][A
Training Epochs:   7%|▋         | 14/200 [00:45<15:29,  4.99s/it, -ELBO=1.6957, Potential Metric=0.0778, Entropy Metric=0.0197]

Epoch 14:  31%|███▏      | 5/16 [00:01<00:04,  2.62it/s][A
Training Epochs:   7%|▋         | 14/200 [00:45<15:29,  4.99s/it, -ELBO=1.7192, Potential Metric=0.0796, Entropy Metric=0.0196]

Epoch 14:  38%|███▊      | 6/16 [00:02<00:03,  2.54it/s][A
Training Epochs:   7%|▋         | 14/200 [00:45<15:29,  4.99s/it, -ELBO=1.7155, Potential Metric=0.0729, Entropy Metric=0.0206]

Epoch 14:  44%|████▍     | 7/16 [00:02<00:03,  2.54it/s][A
Training Epochs:   7%|▋         | 14/200 [00:46<15:29,  4.99s/it, -ELBO=1.7149, Potential Metric=0.0774, Entropy Metric=0.0203]

Epoch 14:  50%|█████     | 8/16 [00:03<00:03,  2.55it/s][A
Training Epochs:   7%|▋         | 14/200 [00:46<15:29,  4.99s/it, -ELBO=1.6945, Potential Metric=0.0821, Entropy Metric=0.0208]

Epoch 14:  56%|█████▋    | 9/16 [00:03<00:02,  2.54it/s][A
Training Epochs:   7%|▋         | 14/200 [00:47<15:29,  4.99s/it, -ELBO=1.7225, Potential Metric=0.0906, Entropy Metric=0.0185]

Epoch 14:  62%|██████▎   | 10/16 [00:03<00:02,  2.47it/s][A
Training Epochs:   7%|▋         | 14/200 [00:47<15:29,  4.99s/it, -ELBO=1.7126, Potential Metric=0.0835, Entropy Metric=0.0191]

Epoch 14:  69%|██████▉   | 11/16 [00:04<00:02,  2.42it/s][A
Training Epochs:   7%|▋         | 14/200 [00:47<15:29,  4.99s/it, -ELBO=1.7266, Potential Metric=0.0838, Entropy Metric=0.0209]

Epoch 14:  75%|███████▌  | 12/16 [00:04<00:01,  2.38it/s][A
Training Epochs:   7%|▋         | 14/200 [00:48<15:29,  4.99s/it, -ELBO=1.6268, Potential Metric=0.0768, Entropy Metric=0.0209]

Epoch 14:  81%|████████▏ | 13/16 [00:05<00:01,  2.36it/s][A
Training Epochs:   7%|▋         | 14/200 [00:48<15:29,  4.99s/it, -ELBO=1.6974, Potential Metric=0.0853, Entropy Metric=0.0181]

Epoch 14:  88%|████████▊ | 14/16 [00:05<00:00,  2.28it/s][A
Training Epochs:   7%|▋         | 14/200 [00:49<15:29,  4.99s/it, -ELBO=1.6803, Potential Metric=0.0829, Entropy Metric=0.0190]

Epoch 14:  94%|█████████▍| 15/16 [00:06<00:00,  2.37it/s][A
Training Epochs:   7%|▋         | 14/200 [00:49<15:29,  4.99s/it, -ELBO=1.6243, Potential Metric=0.0805, Entropy Metric=0.0176]

Epoch 14: 100%|██████████| 16/16 [00:06<00:00,  2.35it/s][A

                                                         [A
Training Epochs:   8%|▊         | 15/200 [00:49<16:49,  5.46s/it, -ELBO=1.6243, Potential Metric=0.0805, Entropy Metric=0.0176]

Epoch 15:   0%|          | 0/16 [00:00<?, ?it/s][A
Training Epochs:   8%|▊         | 15/200 [00:50<16:49,  5.46s/it, -ELBO=1.6496, Potential Metric=0.0911, Entropy Metric=0.0196]

Epoch 15:   6%|▋         | 1/16 [00:00<00:06,  2.17it/s][A
Training Epochs:   8%|▊         | 15/200 [00:50<16:49,  5.46s/it, -ELBO=1.6572, Potential Metric=0.0838, Entropy Metric=0.0171]

Epoch 15:  12%|█▎        | 2/16 [00:00<00:05,  2.36it/s][A
Training Epochs:   8%|▊         | 15/200 [00:51<16:49,  5.46s/it, -ELBO=1.7811, Potential Metric=0.0938, Entropy Metric=0.0178]

Epoch 15:  19%|█▉        | 3/16 [00:01<00:05,  2.27it/s][A
Training Epochs:   8%|▊         | 15/200 [00:51<16:49,  5.46s/it, -ELBO=1.7156, Potential Metric=0.0900, Entropy Metric=0.0195]

Epoch 15:  25%|██▌       | 4/16 [00:01<00:05,  2.36it/s][A
Training Epochs:   8%|▊         | 15/200 [00:51<16:49,  5.46s/it, -ELBO=1.7149, Potential Metric=0.0922, Entropy Metric=0.0193]

Epoch 15:  31%|███▏      | 5/16 [00:02<00:04,  2.31it/s][A
Training Epochs:   8%|▊         | 15/200 [00:52<16:49,  5.46s/it, -ELBO=1.6882, Potential Metric=0.0862, Entropy Metric=0.0223]

Epoch 15:  38%|███▊      | 6/16 [00:02<00:04,  2.27it/s][A
Training Epochs:   8%|▊         | 15/200 [00:52<16:49,  5.46s/it, -ELBO=1.6500, Potential Metric=0.0822, Entropy Metric=0.0233]

Epoch 15:  44%|████▍     | 7/16 [00:02<00:03,  2.40it/s][A
Training Epochs:   8%|▊         | 15/200 [00:53<16:49,  5.46s/it, -ELBO=1.6942, Potential Metric=0.0731, Entropy Metric=0.0215]

Epoch 15:  50%|█████     | 8/16 [00:03<00:03,  2.43it/s][A
Training Epochs:   8%|▊         | 15/200 [00:53<16:49,  5.46s/it, -ELBO=1.6886, Potential Metric=0.0818, Entropy Metric=0.0243]

Epoch 15:  56%|█████▋    | 9/16 [00:03<00:02,  2.44it/s][A
Training Epochs:   8%|▊         | 15/200 [00:53<16:49,  5.46s/it, -ELBO=1.6573, Potential Metric=0.0859, Entropy Metric=0.0228]

Epoch 15:  62%|██████▎   | 10/16 [00:04<00:02,  2.45it/s][A
Training Epochs:   8%|▊         | 15/200 [00:54<16:49,  5.46s/it, -ELBO=1.6819, Potential Metric=0.0797, Entropy Metric=0.0234]

Epoch 15:  69%|██████▉   | 11/16 [00:04<00:02,  2.41it/s][A
Training Epochs:   8%|▊         | 15/200 [00:54<16:49,  5.46s/it, -ELBO=1.6184, Potential Metric=0.0729, Entropy Metric=0.0232]

Epoch 15:  75%|███████▌  | 12/16 [00:05<00:01,  2.43it/s][A
Training Epochs:   8%|▊         | 15/200 [00:55<16:49,  5.46s/it, -ELBO=1.6390, Potential Metric=0.0825, Entropy Metric=0.0239]

Epoch 15:  81%|████████▏ | 13/16 [00:05<00:01,  2.34it/s][A
Training Epochs:   8%|▊         | 15/200 [00:55<16:49,  5.46s/it, -ELBO=1.6934, Potential Metric=0.0821, Entropy Metric=0.0205]

Epoch 15:  88%|████████▊ | 14/16 [00:05<00:00,  2.33it/s][A
Training Epochs:   8%|▊         | 15/200 [00:56<16:49,  5.46s/it, -ELBO=1.6720, Potential Metric=0.0755, Entropy Metric=0.0217]

Epoch 15:  94%|█████████▍| 15/16 [00:06<00:00,  2.35it/s][A
Training Epochs:   8%|▊         | 15/200 [00:56<16:49,  5.46s/it, -ELBO=1.6865, Potential Metric=0.0837, Entropy Metric=0.0197]

Epoch 15: 100%|██████████| 16/16 [00:06<00:00,  2.26it/s][A

                                                         [A
Training Epochs:   8%|▊         | 16/200 [00:56<18:05,  5.90s/it, -ELBO=1.6865, Potential Metric=0.0837, Entropy Metric=0.0197]

Epoch 16:   0%|          | 0/16 [00:00<?, ?it/s][A
Training Epochs:   8%|▊         | 16/200 [00:57<18:05,  5.90s/it, -ELBO=1.6939, Potential Metric=0.0739, Entropy Metric=0.0198]

Epoch 16:   6%|▋         | 1/16 [00:00<00:06,  2.44it/s][A
Training Epochs:   8%|▊         | 16/200 [00:57<18:05,  5.90s/it, -ELBO=1.6477, Potential Metric=0.0695, Entropy Metric=0.0194]

Epoch 16:  12%|█▎        | 2/16 [00:00<00:05,  2.40it/s][A
Training Epochs:   8%|▊         | 16/200 [00:58<18:05,  5.90s/it, -ELBO=1.7227, Potential Metric=0.0780, Entropy Metric=0.0194]

Epoch 16:  19%|█▉        | 3/16 [00:01<00:05,  2.28it/s][A
Training Epochs:   8%|▊         | 16/200 [00:58<18:05,  5.90s/it, -ELBO=1.6518, Potential Metric=0.0736, Entropy Metric=0.0180]

Epoch 16:  25%|██▌       | 4/16 [00:01<00:05,  2.24it/s][A
Training Epochs:   8%|▊         | 16/200 [00:58<18:05,  5.90s/it, -ELBO=1.7107, Potential Metric=0.0729, Entropy Metric=0.0211]

Epoch 16:  31%|███▏      | 5/16 [00:02<00:04,  2.20it/s][A
Training Epochs:   8%|▊         | 16/200 [00:59<18:05,  5.90s/it, -ELBO=1.6456, Potential Metric=0.0691, Entropy Metric=0.0198]

Epoch 16:  38%|███▊      | 6/16 [00:02<00:04,  2.26it/s][A
Training Epochs:   8%|▊         | 16/200 [00:59<18:05,  5.90s/it, -ELBO=1.6997, Potential Metric=0.0799, Entropy Metric=0.0191]

Epoch 16:  44%|████▍     | 7/16 [00:03<00:04,  2.23it/s][A
Training Epochs:   8%|▊         | 16/200 [01:00<18:05,  5.90s/it, -ELBO=1.6552, Potential Metric=0.0906, Entropy Metric=0.0203]

Epoch 16:  50%|█████     | 8/16 [00:03<00:03,  2.26it/s][A
Training Epochs:   8%|▊         | 16/200 [01:00<18:05,  5.90s/it, -ELBO=1.6873, Potential Metric=0.0768, Entropy Metric=0.0196]

Epoch 16:  56%|█████▋    | 9/16 [00:03<00:03,  2.26it/s][A
Training Epochs:   8%|▊         | 16/200 [01:01<18:05,  5.90s/it, -ELBO=1.6818, Potential Metric=0.0818, Entropy Metric=0.0189]

Epoch 16:  62%|██████▎   | 10/16 [00:04<00:02,  2.23it/s][A
Training Epochs:   8%|▊         | 16/200 [01:01<18:05,  5.90s/it, -ELBO=1.7123, Potential Metric=0.0835, Entropy Metric=0.0203]

Epoch 16:  69%|██████▉   | 11/16 [00:04<00:02,  2.28it/s][A
Training Epochs:   8%|▊         | 16/200 [01:02<18:05,  5.90s/it, -ELBO=1.6661, Potential Metric=0.0722, Entropy Metric=0.0215]

Epoch 16:  75%|███████▌  | 12/16 [00:05<00:01,  2.21it/s][A
Training Epochs:   8%|▊         | 16/200 [01:02<18:05,  5.90s/it, -ELBO=1.6439, Potential Metric=0.0705, Entropy Metric=0.0224]

Epoch 16:  81%|████████▏ | 13/16 [00:05<00:01,  2.28it/s][A
Training Epochs:   8%|▊         | 16/200 [01:02<18:05,  5.90s/it, -ELBO=1.6219, Potential Metric=0.0784, Entropy Metric=0.0225]

Epoch 16:  88%|████████▊ | 14/16 [00:06<00:00,  2.34it/s][A
Training Epochs:   8%|▊         | 16/200 [01:03<18:05,  5.90s/it, -ELBO=1.6685, Potential Metric=0.0798, Entropy Metric=0.0213]

Epoch 16:  94%|█████████▍| 15/16 [00:06<00:00,  2.27it/s][A
Training Epochs:   8%|▊         | 16/200 [01:03<18:05,  5.90s/it, -ELBO=1.6358, Potential Metric=0.0802, Entropy Metric=0.0230]

Epoch 16: 100%|██████████| 16/16 [00:07<00:00,  2.30it/s][A

                                                         [A
Training Epochs:   8%|▊         | 17/200 [01:03<19:08,  6.27s/it, -ELBO=1.6358, Potential Metric=0.0802, Entropy Metric=0.0230]

Epoch 17:   0%|          | 0/16 [00:00<?, ?it/s][A
Training Epochs:   8%|▊         | 17/200 [01:04<19:08,  6.27s/it, -ELBO=1.6599, Potential Metric=0.0808, Entropy Metric=0.0204]

Epoch 17:   6%|▋         | 1/16 [00:00<00:08,  1.82it/s][A
Training Epochs:   8%|▊         | 17/200 [01:04<19:08,  6.27s/it, -ELBO=1.6852, Potential Metric=0.0864, Entropy Metric=0.0205]

Epoch 17:  12%|█▎        | 2/16 [00:00<00:06,  2.11it/s][A
Training Epochs:   8%|▊         | 17/200 [01:05<19:08,  6.27s/it, -ELBO=1.6654, Potential Metric=0.0818, Entropy Metric=0.0206]

Epoch 17:  19%|█▉        | 3/16 [00:01<00:06,  2.08it/s][A
Training Epochs:   8%|▊         | 17/200 [01:05<19:08,  6.27s/it, -ELBO=1.7018, Potential Metric=0.0769, Entropy Metric=0.0206]

Epoch 17:  25%|██▌       | 4/16 [00:01<00:05,  2.04it/s][A
Training Epochs:   8%|▊         | 17/200 [01:06<19:08,  6.27s/it, -ELBO=1.6614, Potential Metric=0.0741, Entropy Metric=0.0203]

Epoch 17:  31%|███▏      | 5/16 [00:02<00:05,  2.12it/s][A
Training Epochs:   8%|▊         | 17/200 [01:06<19:08,  6.27s/it, -ELBO=1.6419, Potential Metric=0.0723, Entropy Metric=0.0204]

Epoch 17:  38%|███▊      | 6/16 [00:02<00:04,  2.18it/s][A
Training Epochs:   8%|▊         | 17/200 [01:07<19:08,  6.27s/it, -ELBO=1.6476, Potential Metric=0.0785, Entropy Metric=0.0196]

Epoch 17:  44%|████▍     | 7/16 [00:03<00:03,  2.25it/s][A
Training Epochs:   8%|▊         | 17/200 [01:07<19:08,  6.27s/it, -ELBO=1.6752, Potential Metric=0.0803, Entropy Metric=0.0199]

Epoch 17:  50%|█████     | 8/16 [00:03<00:03,  2.28it/s][A
Training Epochs:   8%|▊         | 17/200 [01:07<19:08,  6.27s/it, -ELBO=1.6696, Potential Metric=0.0755, Entropy Metric=0.0205]

Epoch 17:  56%|█████▋    | 9/16 [00:04<00:03,  2.28it/s][A
Training Epochs:   8%|▊         | 17/200 [01:08<19:08,  6.27s/it, -ELBO=1.6639, Potential Metric=0.0805, Entropy Metric=0.0216]

Epoch 17:  62%|██████▎   | 10/16 [00:04<00:02,  2.03it/s][A
Training Epochs:   8%|▊         | 17/200 [01:09<19:08,  6.27s/it, -ELBO=1.6741, Potential Metric=0.0822, Entropy Metric=0.0212]

Epoch 17:  69%|██████▉   | 11/16 [00:05<00:02,  2.07it/s][A
Training Epochs:   8%|▊         | 17/200 [01:09<19:08,  6.27s/it, -ELBO=1.6436, Potential Metric=0.0879, Entropy Metric=0.0199]

Epoch 17:  75%|███████▌  | 12/16 [00:05<00:01,  2.09it/s][A
Training Epochs:   8%|▊         | 17/200 [01:09<19:08,  6.27s/it, -ELBO=1.6575, Potential Metric=0.0882, Entropy Metric=0.0207]

Epoch 17:  81%|████████▏ | 13/16 [00:06<00:01,  2.10it/s][A
Training Epochs:   8%|▊         | 17/200 [01:10<19:08,  6.27s/it, -ELBO=1.6563, Potential Metric=0.0853, Entropy Metric=0.0223]

Epoch 17:  88%|████████▊ | 14/16 [00:06<00:00,  2.13it/s][A
Training Epochs:   8%|▊         | 17/200 [01:10<19:08,  6.27s/it, -ELBO=1.6492, Potential Metric=0.0793, Entropy Metric=0.0222]

Epoch 17:  94%|█████████▍| 15/16 [00:07<00:00,  2.15it/s][A
Training Epochs:   8%|▊         | 17/200 [01:11<19:08,  6.27s/it, -ELBO=1.6550, Potential Metric=0.0759, Entropy Metric=0.0206]

Epoch 17: 100%|██████████| 16/16 [00:07<00:00,  2.20it/s][A

                                                         [A
Training Epochs:   9%|▉         | 18/200 [01:11<20:12,  6.66s/it, -ELBO=1.6550, Potential Metric=0.0759, Entropy Metric=0.0206]

Epoch 18:   0%|          | 0/16 [00:00<?, ?it/s][A
Training Epochs:   9%|▉         | 18/200 [01:11<20:12,  6.66s/it, -ELBO=1.6762, Potential Metric=0.0877, Entropy Metric=0.0207]

Epoch 18:   6%|▋         | 1/16 [00:00<00:07,  2.02it/s][A
Training Epochs:   9%|▉         | 18/200 [01:12<20:12,  6.66s/it, -ELBO=1.6483, Potential Metric=0.0733, Entropy Metric=0.0208]

Epoch 18:  12%|█▎        | 2/16 [00:00<00:06,  2.31it/s][A
Training Epochs:   9%|▉         | 18/200 [01:12<20:12,  6.66s/it, -ELBO=1.6531, Potential Metric=0.0722, Entropy Metric=0.0204]

Epoch 18:  19%|█▉        | 3/16 [00:01<00:05,  2.32it/s][A
Training Epochs:   9%|▉         | 18/200 [01:13<20:12,  6.66s/it, -ELBO=1.6411, Potential Metric=0.0672, Entropy Metric=0.0194]

Epoch 18:  25%|██▌       | 4/16 [00:01<00:05,  2.24it/s][A
Training Epochs:   9%|▉         | 18/200 [01:13<20:12,  6.66s/it, -ELBO=1.6972, Potential Metric=0.0786, Entropy Metric=0.0212]

Epoch 18:  31%|███▏      | 5/16 [00:02<00:05,  2.20it/s][A
Training Epochs:   9%|▉         | 18/200 [01:14<20:12,  6.66s/it, -ELBO=1.6063, Potential Metric=0.0759, Entropy Metric=0.0199]

Epoch 18:  38%|███▊      | 6/16 [00:02<00:04,  2.17it/s][A
Training Epochs:   9%|▉         | 18/200 [01:14<20:12,  6.66s/it, -ELBO=1.6500, Potential Metric=0.0936, Entropy Metric=0.0220]

Epoch 18:  44%|████▍     | 7/16 [00:03<00:04,  2.14it/s][A
Training Epochs:   9%|▉         | 18/200 [01:15<20:12,  6.66s/it, -ELBO=1.6367, Potential Metric=0.0748, Entropy Metric=0.0223]

Epoch 18:  50%|█████     | 8/16 [00:03<00:03,  2.18it/s][A
Training Epochs:   9%|▉         | 18/200 [01:15<20:12,  6.66s/it, -ELBO=1.6807, Potential Metric=0.0842, Entropy Metric=0.0217]

Epoch 18:  56%|█████▋    | 9/16 [00:04<00:03,  2.24it/s][A
Training Epochs:   9%|▉         | 18/200 [01:15<20:12,  6.66s/it, -ELBO=1.6658, Potential Metric=0.0884, Entropy Metric=0.0225]

Epoch 18:  62%|██████▎   | 10/16 [00:04<00:02,  2.19it/s][A
Training Epochs:   9%|▉         | 18/200 [01:16<20:12,  6.66s/it, -ELBO=1.6361, Potential Metric=0.0917, Entropy Metric=0.0214]

Epoch 18:  69%|██████▉   | 11/16 [00:05<00:02,  2.18it/s][A
Training Epochs:   9%|▉         | 18/200 [01:16<20:12,  6.66s/it, -ELBO=1.6193, Potential Metric=0.0754, Entropy Metric=0.0223]

Epoch 18:  75%|███████▌  | 12/16 [00:05<00:01,  2.16it/s][A
Training Epochs:   9%|▉         | 18/200 [01:17<20:12,  6.66s/it, -ELBO=1.6530, Potential Metric=0.0685, Entropy Metric=0.0225]

Epoch 18:  81%|████████▏ | 13/16 [00:05<00:01,  2.12it/s][A
Training Epochs:   9%|▉         | 18/200 [01:17<20:12,  6.66s/it, -ELBO=1.7097, Potential Metric=0.0777, Entropy Metric=0.0220]

Epoch 18:  88%|████████▊ | 14/16 [00:06<00:00,  2.08it/s][A
Training Epochs:   9%|▉         | 18/200 [01:18<20:12,  6.66s/it, -ELBO=1.6268, Potential Metric=0.0647, Entropy Metric=0.0199]

Epoch 18:  94%|█████████▍| 15/16 [00:06<00:00,  2.17it/s][A
Training Epochs:   9%|▉         | 18/200 [01:18<20:12,  6.66s/it, -ELBO=1.6769, Potential Metric=0.0709, Entropy Metric=0.0210]

Epoch 18: 100%|██████████| 16/16 [00:07<00:00,  2.17it/s][A

                                                         [A
Training Epochs:  10%|▉         | 19/200 [01:18<20:45,  6.88s/it, -ELBO=1.6769, Potential Metric=0.0709, Entropy Metric=0.0210]

Epoch 19:   0%|          | 0/16 [00:00<?, ?it/s][A
Training Epochs:  10%|▉         | 19/200 [01:19<20:45,  6.88s/it, -ELBO=1.6718, Potential Metric=0.0698, Entropy Metric=0.0207]

Epoch 19:   6%|▋         | 1/16 [00:00<00:07,  2.14it/s][A
Training Epochs:  10%|▉         | 19/200 [01:19<20:45,  6.88s/it, -ELBO=1.6358, Potential Metric=0.0729, Entropy Metric=0.0244]

Epoch 19:  12%|█▎        | 2/16 [00:00<00:06,  2.14it/s][A
Training Epochs:  10%|▉         | 19/200 [01:20<20:45,  6.88s/it, -ELBO=1.6658, Potential Metric=0.0833, Entropy Metric=0.0235]

Epoch 19:  19%|█▉        | 3/16 [00:01<00:06,  2.10it/s][A
Training Epochs:  10%|▉         | 19/200 [01:20<20:45,  6.88s/it, -ELBO=1.6177, Potential Metric=0.0826, Entropy Metric=0.0232]

Epoch 19:  25%|██▌       | 4/16 [00:01<00:05,  2.16it/s][A
Training Epochs:  10%|▉         | 19/200 [01:21<20:45,  6.88s/it, -ELBO=1.6444, Potential Metric=0.0854, Entropy Metric=0.0214]

Epoch 19:  31%|███▏      | 5/16 [00:02<00:04,  2.22it/s][A
Training Epochs:  10%|▉         | 19/200 [01:21<20:45,  6.88s/it, -ELBO=1.6238, Potential Metric=0.0681, Entropy Metric=0.0195]

Epoch 19:  38%|███▊      | 6/16 [00:02<00:04,  2.26it/s][A
Training Epochs:  10%|▉         | 19/200 [01:22<20:45,  6.88s/it, -ELBO=1.6713, Potential Metric=0.0836, Entropy Metric=0.0194]

Epoch 19:  44%|████▍     | 7/16 [00:03<00:04,  2.12it/s][A
Training Epochs:  10%|▉         | 19/200 [01:22<20:45,  6.88s/it, -ELBO=1.6553, Potential Metric=0.0717, Entropy Metric=0.0178]

Epoch 19:  50%|█████     | 8/16 [00:03<00:03,  2.10it/s][A
Training Epochs:  10%|▉         | 19/200 [01:22<20:45,  6.88s/it, -ELBO=1.6465, Potential Metric=0.0777, Entropy Metric=0.0206]

Epoch 19:  56%|█████▋    | 9/16 [00:04<00:03,  2.11it/s][A
Training Epochs:  10%|▉         | 19/200 [01:23<20:45,  6.88s/it, -ELBO=1.6705, Potential Metric=0.0792, Entropy Metric=0.0198]

Epoch 19:  62%|██████▎   | 10/16 [00:04<00:02,  2.08it/s][A
Training Epochs:  10%|▉         | 19/200 [01:23<20:45,  6.88s/it, -ELBO=1.6650, Potential Metric=0.0772, Entropy Metric=0.0207]

Epoch 19:  69%|██████▉   | 11/16 [00:05<00:02,  2.12it/s][A
Training Epochs:  10%|▉         | 19/200 [01:24<20:45,  6.88s/it, -ELBO=1.6113, Potential Metric=0.0720, Entropy Metric=0.0211]

Epoch 19:  75%|███████▌  | 12/16 [00:05<00:01,  2.07it/s][A
Training Epochs:  10%|▉         | 19/200 [01:24<20:45,  6.88s/it, -ELBO=1.6870, Potential Metric=0.0786, Entropy Metric=0.0218]

Epoch 19:  81%|████████▏ | 13/16 [00:06<00:01,  2.07it/s][A
Training Epochs:  10%|▉         | 19/200 [01:25<20:45,  6.88s/it, -ELBO=1.5973, Potential Metric=0.0705, Entropy Metric=0.0237]

Epoch 19:  88%|████████▊ | 14/16 [00:06<00:00,  2.06it/s][A
Training Epochs:  10%|▉         | 19/200 [01:25<20:45,  6.88s/it, -ELBO=1.6321, Potential Metric=0.0778, Entropy Metric=0.0208]

Epoch 19:  94%|█████████▍| 15/16 [00:07<00:00,  2.09it/s][A
Training Epochs:  10%|▉         | 19/200 [01:26<20:45,  6.88s/it, -ELBO=1.6753, Potential Metric=0.0840, Entropy Metric=0.0202]

Epoch 19: 100%|██████████| 16/16 [00:07<00:00,  2.08it/s][A

                                                         [A
Training Epochs:  10%|█         | 20/200 [01:26<21:20,  7.12s/it, -ELBO=1.6753, Potential Metric=0.0840, Entropy Metric=0.0202]

Epoch 20:   0%|          | 0/16 [00:00<?, ?it/s][A
Training Epochs:  10%|█         | 20/200 [01:26<21:20,  7.12s/it, -ELBO=1.6232, Potential Metric=0.0805, Entropy Metric=0.0187]

Epoch 20:   6%|▋         | 1/16 [00:00<00:08,  1.87it/s][A
Training Epochs:  10%|█         | 20/200 [01:27<21:20,  7.12s/it, -ELBO=1.6801, Potential Metric=0.0685, Entropy Metric=0.0193]

Epoch 20:  12%|█▎        | 2/16 [00:00<00:06,  2.18it/s][A
Training Epochs:  10%|█         | 20/200 [01:27<21:20,  7.12s/it, -ELBO=1.6306, Potential Metric=0.0700, Entropy Metric=0.0219]

Epoch 20:  19%|█▉        | 3/16 [00:01<00:06,  2.07it/s][A
Training Epochs:  10%|█         | 20/200 [01:28<21:20,  7.12s/it, -ELBO=1.6295, Potential Metric=0.0660, Entropy Metric=0.0235]

Epoch 20:  25%|██▌       | 4/16 [00:01<00:05,  2.13it/s][A
Training Epochs:  10%|█         | 20/200 [01:28<21:20,  7.12s/it, -ELBO=1.6821, Potential Metric=0.0794, Entropy Metric=0.0236]

Epoch 20:  31%|███▏      | 5/16 [00:02<00:05,  2.03it/s][A
Training Epochs:  10%|█         | 20/200 [01:29<21:20,  7.12s/it, -ELBO=1.5881, Potential Metric=0.0773, Entropy Metric=0.0264]

Epoch 20:  38%|███▊      | 6/16 [00:02<00:04,  2.05it/s][A
Training Epochs:  10%|█         | 20/200 [01:29<21:20,  7.12s/it, -ELBO=1.6522, Potential Metric=0.0738, Entropy Metric=0.0225]

Epoch 20:  44%|████▍     | 7/16 [00:03<00:04,  2.06it/s][A
Training Epochs:  10%|█         | 20/200 [01:30<21:20,  7.12s/it, -ELBO=1.6045, Potential Metric=0.0785, Entropy Metric=0.0231]

Epoch 20:  50%|█████     | 8/16 [00:03<00:03,  2.11it/s][A
Training Epochs:  10%|█         | 20/200 [01:30<21:20,  7.12s/it, -ELBO=1.6333, Potential Metric=0.0816, Entropy Metric=0.0246]

Epoch 20:  56%|█████▋    | 9/16 [00:04<00:03,  2.05it/s][A
Training Epochs:  10%|█         | 20/200 [01:31<21:20,  7.12s/it, -ELBO=1.6067, Potential Metric=0.0818, Entropy Metric=0.0204]

Epoch 20:  62%|██████▎   | 10/16 [00:04<00:02,  2.00it/s][A
Training Epochs:  10%|█         | 20/200 [01:31<21:20,  7.12s/it, -ELBO=1.7022, Potential Metric=0.0861, Entropy Metric=0.0216]

Epoch 20:  69%|██████▉   | 11/16 [00:05<00:02,  1.96it/s][A
Training Epochs:  10%|█         | 20/200 [01:32<21:20,  7.12s/it, -ELBO=1.6078, Potential Metric=0.0759, Entropy Metric=0.0208]

Epoch 20:  75%|███████▌  | 12/16 [00:05<00:01,  2.03it/s][A
Training Epochs:  10%|█         | 20/200 [01:32<21:20,  7.12s/it, -ELBO=1.6133, Potential Metric=0.0797, Entropy Metric=0.0193]

Epoch 20:  81%|████████▏ | 13/16 [00:06<00:01,  1.98it/s][A
Training Epochs:  10%|█         | 20/200 [01:33<21:20,  7.12s/it, -ELBO=1.6876, Potential Metric=0.0796, Entropy Metric=0.0195]

Epoch 20:  88%|████████▊ | 14/16 [00:06<00:00,  2.03it/s][A
Training Epochs:  10%|█         | 20/200 [01:33<21:20,  7.12s/it, -ELBO=1.6251, Potential Metric=0.0773, Entropy Metric=0.0223]

Epoch 20:  94%|█████████▍| 15/16 [00:07<00:00,  2.06it/s][A
Training Epochs:  10%|█         | 20/200 [01:34<21:20,  7.12s/it, -ELBO=1.6268, Potential Metric=0.0850, Entropy Metric=0.0236]

Epoch 20: 100%|██████████| 16/16 [00:07<00:00,  2.03it/s][A

                                                         [A
Training Epochs:  10%|█         | 21/200 [01:34<21:57,  7.36s/it, -ELBO=1.6268, Potential Metric=0.0850, Entropy Metric=0.0236]

Epoch 21:   0%|          | 0/16 [00:00<?, ?it/s][A
Training Epochs:  10%|█         | 21/200 [01:34<21:57,  7.36s/it, -ELBO=1.6596, Potential Metric=0.0774, Entropy Metric=0.0216]

Epoch 21:   6%|▋         | 1/16 [00:00<00:07,  1.93it/s][A
Training Epochs:  10%|█         | 21/200 [01:35<21:57,  7.36s/it, -ELBO=1.5978, Potential Metric=0.0735, Entropy Metric=0.0236]

Epoch 21:  12%|█▎        | 2/16 [00:01<00:08,  1.72it/s][A
Training Epochs:  10%|█         | 21/200 [01:36<21:57,  7.36s/it, -ELBO=1.6177, Potential Metric=0.0822, Entropy Metric=0.0232]

Epoch 21:  19%|█▉        | 3/16 [00:01<00:07,  1.85it/s][A
Training Epochs:  10%|█         | 21/200 [01:36<21:57,  7.36s/it, -ELBO=1.7102, Potential Metric=0.0809, Entropy Metric=0.0207]

Epoch 21:  25%|██▌       | 4/16 [00:02<00:06,  1.91it/s][A
Training Epochs:  10%|█         | 21/200 [01:37<21:57,  7.36s/it, -ELBO=1.6416, Potential Metric=0.0768, Entropy Metric=0.0193]

Epoch 21:  31%|███▏      | 5/16 [00:02<00:05,  1.92it/s][A
Training Epochs:  10%|█         | 21/200 [01:37<21:57,  7.36s/it, -ELBO=1.6305, Potential Metric=0.0815, Entropy Metric=0.0204]

Epoch 21:  38%|███▊      | 6/16 [00:03<00:05,  1.99it/s][A
Training Epochs:  10%|█         | 21/200 [01:38<21:57,  7.36s/it, -ELBO=1.6639, Potential Metric=0.0845, Entropy Metric=0.0210]

Epoch 21:  44%|████▍     | 7/16 [00:03<00:04,  2.03it/s][A
Training Epochs:  10%|█         | 21/200 [01:38<21:57,  7.36s/it, -ELBO=1.6163, Potential Metric=0.0820, Entropy Metric=0.0206]

Epoch 21:  50%|█████     | 8/16 [00:04<00:03,  2.01it/s][A
Training Epochs:  10%|█         | 21/200 [01:39<21:57,  7.36s/it, -ELBO=1.6576, Potential Metric=0.0876, Entropy Metric=0.0217]

Epoch 21:  56%|█████▋    | 9/16 [00:04<00:03,  1.96it/s][A
Training Epochs:  10%|█         | 21/200 [01:39<21:57,  7.36s/it, -ELBO=1.6102, Potential Metric=0.0901, Entropy Metric=0.0230]

Epoch 21:  62%|██████▎   | 10/16 [00:05<00:03,  1.98it/s][A
Training Epochs:  10%|█         | 21/200 [01:40<21:57,  7.36s/it, -ELBO=1.5778, Potential Metric=0.0858, Entropy Metric=0.0243]

Epoch 21:  69%|██████▉   | 11/16 [00:05<00:02,  1.90it/s][A
Training Epochs:  10%|█         | 21/200 [01:40<21:57,  7.36s/it, -ELBO=1.5976, Potential Metric=0.0881, Entropy Metric=0.0235]

Epoch 21:  75%|███████▌  | 12/16 [00:06<00:02,  1.88it/s][A
Training Epochs:  10%|█         | 21/200 [01:41<21:57,  7.36s/it, -ELBO=1.6261, Potential Metric=0.0790, Entropy Metric=0.0215]

Epoch 21:  81%|████████▏ | 13/16 [00:06<00:01,  1.92it/s][A
Training Epochs:  10%|█         | 21/200 [01:41<21:57,  7.36s/it, -ELBO=1.6591, Potential Metric=0.0697, Entropy Metric=0.0203]

Epoch 21:  88%|████████▊ | 14/16 [00:07<00:01,  1.89it/s][A
Training Epochs:  10%|█         | 21/200 [01:42<21:57,  7.36s/it, -ELBO=1.6135, Potential Metric=0.0789, Entropy Metric=0.0226]

Epoch 21:  94%|█████████▍| 15/16 [00:07<00:00,  1.93it/s][A
Training Epochs:  10%|█         | 21/200 [01:42<21:57,  7.36s/it, -ELBO=1.6350, Potential Metric=0.0778, Entropy Metric=0.0210]

Epoch 21: 100%|██████████| 16/16 [00:08<00:00,  1.95it/s][A

                                                         [A
Training Epochs:  11%|█         | 22/200 [01:42<22:45,  7.67s/it, -ELBO=1.6350, Potential Metric=0.0778, Entropy Metric=0.0210]

Epoch 22:   0%|          | 0/16 [00:00<?, ?it/s][A
Training Epochs:  11%|█         | 22/200 [01:43<22:45,  7.67s/it, -ELBO=1.5935, Potential Metric=0.0707, Entropy Metric=0.0217]

Epoch 22:   6%|▋         | 1/16 [00:00<00:07,  2.05it/s][A
Training Epochs:  11%|█         | 22/200 [01:43<22:45,  7.67s/it, -ELBO=1.5833, Potential Metric=0.0738, Entropy Metric=0.0247]

Epoch 22:  12%|█▎        | 2/16 [00:00<00:06,  2.29it/s][A
Training Epochs:  11%|█         | 22/200 [01:44<22:45,  7.67s/it, -ELBO=1.6337, Potential Metric=0.0837, Entropy Metric=0.0216]

Epoch 22:  19%|█▉        | 3/16 [00:01<00:05,  2.19it/s][A
Training Epochs:  11%|█         | 22/200 [01:44<22:45,  7.67s/it, -ELBO=1.5772, Potential Metric=0.0711, Entropy Metric=0.0206]

Epoch 22:  25%|██▌       | 4/16 [00:01<00:05,  2.21it/s][A
Training Epochs:  11%|█         | 22/200 [01:45<22:45,  7.67s/it, -ELBO=1.6628, Potential Metric=0.0850, Entropy Metric=0.0224]

Epoch 22:  31%|███▏      | 5/16 [00:02<00:05,  2.15it/s][A
Training Epochs:  11%|█         | 22/200 [01:45<22:45,  7.67s/it, -ELBO=1.6546, Potential Metric=0.0776, Entropy Metric=0.0226]

Epoch 22:  38%|███▊      | 6/16 [00:02<00:04,  2.15it/s][A
Training Epochs:  11%|█         | 22/200 [01:46<22:45,  7.67s/it, -ELBO=1.6981, Potential Metric=0.0880, Entropy Metric=0.0232]

Epoch 22:  44%|████▍     | 7/16 [00:03<00:04,  2.09it/s][A
Training Epochs:  11%|█         | 22/200 [01:46<22:45,  7.67s/it, -ELBO=1.6051, Potential Metric=0.0822, Entropy Metric=0.0250]

Epoch 22:  50%|█████     | 8/16 [00:03<00:03,  2.07it/s][A
Training Epochs:  11%|█         | 22/200 [01:47<22:45,  7.67s/it, -ELBO=1.6307, Potential Metric=0.0758, Entropy Metric=0.0243]

Epoch 22:  56%|█████▋    | 9/16 [00:04<00:03,  2.03it/s][A
Training Epochs:  11%|█         | 22/200 [01:47<22:45,  7.67s/it, -ELBO=1.6092, Potential Metric=0.0813, Entropy Metric=0.0228]

Epoch 22:  62%|██████▎   | 10/16 [00:04<00:02,  2.04it/s][A
Training Epochs:  11%|█         | 22/200 [01:48<22:45,  7.67s/it, -ELBO=1.6154, Potential Metric=0.0771, Entropy Metric=0.0211]

Epoch 22:  69%|██████▉   | 11/16 [00:05<00:02,  2.02it/s][A
Training Epochs:  11%|█         | 22/200 [01:48<22:45,  7.67s/it, -ELBO=1.6452, Potential Metric=0.0826, Entropy Metric=0.0212]

Epoch 22:  75%|███████▌  | 12/16 [00:05<00:01,  2.04it/s][A
Training Epochs:  11%|█         | 22/200 [01:49<22:45,  7.67s/it, -ELBO=1.6077, Potential Metric=0.0780, Entropy Metric=0.0198]

Epoch 22:  81%|████████▏ | 13/16 [00:06<00:01,  2.03it/s][A
Training Epochs:  11%|█         | 22/200 [01:49<22:45,  7.67s/it, -ELBO=1.6001, Potential Metric=0.0825, Entropy Metric=0.0214]

Epoch 22:  88%|████████▊ | 14/16 [00:06<00:00,  2.13it/s][A
Training Epochs:  11%|█         | 22/200 [01:49<22:45,  7.67s/it, -ELBO=1.6471, Potential Metric=0.0825, Entropy Metric=0.0210]

Epoch 22:  94%|█████████▍| 15/16 [00:07<00:00,  2.12it/s][A
Training Epochs:  11%|█         | 22/200 [01:50<22:45,  7.67s/it, -ELBO=1.5893, Potential Metric=0.0816, Entropy Metric=0.0232]

Epoch 22: 100%|██████████| 16/16 [00:07<00:00,  2.01it/s][A

                                                         [A
Training Epochs:  12%|█▏        | 23/200 [01:50<22:45,  7.71s/it, -ELBO=1.5893, Potential Metric=0.0816, Entropy Metric=0.0232]

Epoch 23:   0%|          | 0/16 [00:00<?, ?it/s][A
Training Epochs:  12%|█▏        | 23/200 [01:51<22:45,  7.71s/it, -ELBO=1.6432, Potential Metric=0.0877, Entropy Metric=0.0224]

Epoch 23:   6%|▋         | 1/16 [00:00<00:08,  1.80it/s][A
Training Epochs:  12%|█▏        | 23/200 [01:51<22:45,  7.71s/it, -ELBO=1.5838, Potential Metric=0.0846, Entropy Metric=0.0242]

Epoch 23:  12%|█▎        | 2/16 [00:01<00:07,  1.89it/s][A
Training Epochs:  12%|█▏        | 23/200 [01:52<22:45,  7.71s/it, -ELBO=1.6310, Potential Metric=0.0798, Entropy Metric=0.0214]

Epoch 23:  19%|█▉        | 3/16 [00:01<00:06,  1.97it/s][A
Training Epochs:  12%|█▏        | 23/200 [01:52<22:45,  7.71s/it, -ELBO=1.6083, Potential Metric=0.0746, Entropy Metric=0.0226]

Epoch 23:  25%|██▌       | 4/16 [00:01<00:05,  2.06it/s][A
Training Epochs:  12%|█▏        | 23/200 [01:53<22:45,  7.71s/it, -ELBO=1.6252, Potential Metric=0.0850, Entropy Metric=0.0218]

Epoch 23:  31%|███▏      | 5/16 [00:02<00:05,  2.00it/s][A
Training Epochs:  12%|█▏        | 23/200 [01:53<22:45,  7.71s/it, -ELBO=1.6105, Potential Metric=0.0841, Entropy Metric=0.0215]

Epoch 23:  38%|███▊      | 6/16 [00:02<00:04,  2.05it/s][A
Training Epochs:  12%|█▏        | 23/200 [01:54<22:45,  7.71s/it, -ELBO=1.6261, Potential Metric=0.0876, Entropy Metric=0.0226]

Epoch 23:  44%|████▍     | 7/16 [00:03<00:04,  2.00it/s][A
Training Epochs:  12%|█▏        | 23/200 [01:54<22:45,  7.71s/it, -ELBO=1.5893, Potential Metric=0.0871, Entropy Metric=0.0217]

Epoch 23:  50%|█████     | 8/16 [00:04<00:04,  1.98it/s][A
Training Epochs:  12%|█▏        | 23/200 [01:55<22:45,  7.71s/it, -ELBO=1.5935, Potential Metric=0.0800, Entropy Metric=0.0221]

Epoch 23:  56%|█████▋    | 9/16 [00:04<00:03,  1.94it/s][A
Training Epochs:  12%|█▏        | 23/200 [01:55<22:45,  7.71s/it, -ELBO=1.6230, Potential Metric=0.0934, Entropy Metric=0.0219]

Epoch 23:  62%|██████▎   | 10/16 [00:05<00:03,  1.93it/s][A
Training Epochs:  12%|█▏        | 23/200 [01:56<22:45,  7.71s/it, -ELBO=1.5997, Potential Metric=0.0812, Entropy Metric=0.0229]

Epoch 23:  69%|██████▉   | 11/16 [00:05<00:02,  1.94it/s][A
Training Epochs:  12%|█▏        | 23/200 [01:56<22:45,  7.71s/it, -ELBO=1.6217, Potential Metric=0.0903, Entropy Metric=0.0227]

Epoch 23:  75%|███████▌  | 12/16 [00:06<00:02,  1.97it/s][A
Training Epochs:  12%|█▏        | 23/200 [01:57<22:45,  7.71s/it, -ELBO=1.5817, Potential Metric=0.0790, Entropy Metric=0.0200]

Epoch 23:  81%|████████▏ | 13/16 [00:06<00:01,  1.91it/s][A
Training Epochs:  12%|█▏        | 23/200 [01:57<22:45,  7.71s/it, -ELBO=1.5982, Potential Metric=0.0806, Entropy Metric=0.0214]

Epoch 23:  88%|████████▊ | 14/16 [00:07<00:01,  1.87it/s][A
Training Epochs:  12%|█▏        | 23/200 [01:58<22:45,  7.71s/it, -ELBO=1.6327, Potential Metric=0.0846, Entropy Metric=0.0205]

Epoch 23:  94%|█████████▍| 15/16 [00:07<00:00,  1.90it/s][A
Training Epochs:  12%|█▏        | 23/200 [01:58<22:45,  7.71s/it, -ELBO=1.6185, Potential Metric=0.0809, Entropy Metric=0.0208]

Epoch 23: 100%|██████████| 16/16 [00:08<00:00,  1.93it/s][A

                                                         [A
Training Epochs:  12%|█▏        | 24/200 [01:58<23:08,  7.89s/it, -ELBO=1.6185, Potential Metric=0.0809, Entropy Metric=0.0208]

Epoch 24:   0%|          | 0/16 [00:00<?, ?it/s][A
Training Epochs:  12%|█▏        | 24/200 [01:59<23:08,  7.89s/it, -ELBO=1.6522, Potential Metric=0.0811, Entropy Metric=0.0184]

Epoch 24:   6%|▋         | 1/16 [00:00<00:08,  1.72it/s][A
Training Epochs:  12%|█▏        | 24/200 [01:59<23:08,  7.89s/it, -ELBO=1.6054, Potential Metric=0.0785, Entropy Metric=0.0207]

Epoch 24:  12%|█▎        | 2/16 [00:01<00:07,  1.89it/s][A
Training Epochs:  12%|█▏        | 24/200 [02:00<23:08,  7.89s/it, -ELBO=1.5910, Potential Metric=0.0715, Entropy Metric=0.0197]

Epoch 24:  19%|█▉        | 3/16 [00:01<00:06,  1.97it/s][A
Training Epochs:  12%|█▏        | 24/200 [02:00<23:08,  7.89s/it, -ELBO=1.5969, Potential Metric=0.0846, Entropy Metric=0.0200]

Epoch 24:  25%|██▌       | 4/16 [00:02<00:06,  1.99it/s][A
Training Epochs:  12%|█▏        | 24/200 [02:01<23:08,  7.89s/it, -ELBO=1.5530, Potential Metric=0.0910, Entropy Metric=0.0225]

Epoch 24:  31%|███▏      | 5/16 [00:02<00:05,  1.89it/s][A
Training Epochs:  12%|█▏        | 24/200 [02:01<23:08,  7.89s/it, -ELBO=1.6138, Potential Metric=0.0955, Entropy Metric=0.0227]

Epoch 24:  38%|███▊      | 6/16 [00:03<00:05,  1.95it/s][A
Training Epochs:  12%|█▏        | 24/200 [02:02<23:08,  7.89s/it, -ELBO=1.5848, Potential Metric=0.0914, Entropy Metric=0.0248]

Epoch 24:  44%|████▍     | 7/16 [00:03<00:04,  1.95it/s][A
Training Epochs:  12%|█▏        | 24/200 [02:02<23:08,  7.89s/it, -ELBO=1.5955, Potential Metric=0.0872, Entropy Metric=0.0251]

Epoch 24:  50%|█████     | 8/16 [00:04<00:04,  1.98it/s][A
Training Epochs:  12%|█▏        | 24/200 [02:03<23:08,  7.89s/it, -ELBO=1.5950, Potential Metric=0.0850, Entropy Metric=0.0222]

Epoch 24:  56%|█████▋    | 9/16 [00:04<00:03,  1.93it/s][A
Training Epochs:  12%|█▏        | 24/200 [02:04<23:08,  7.89s/it, -ELBO=1.5940, Potential Metric=0.0849, Entropy Metric=0.0217]

Epoch 24:  62%|██████▎   | 10/16 [00:05<00:03,  1.95it/s][A
Training Epochs:  12%|█▏        | 24/200 [02:04<23:08,  7.89s/it, -ELBO=1.5901, Potential Metric=0.0832, Entropy Metric=0.0229]

Epoch 24:  69%|██████▉   | 11/16 [00:05<00:02,  1.98it/s][A
Training Epochs:  12%|█▏        | 24/200 [02:05<23:08,  7.89s/it, -ELBO=1.6409, Potential Metric=0.0812, Entropy Metric=0.0207]

Epoch 24:  75%|███████▌  | 12/16 [00:06<00:02,  1.96it/s][A
Training Epochs:  12%|█▏        | 24/200 [02:05<23:08,  7.89s/it, -ELBO=1.6162, Potential Metric=0.0809, Entropy Metric=0.0224]

Epoch 24:  81%|████████▏ | 13/16 [00:06<00:01,  1.96it/s][A
Training Epochs:  12%|█▏        | 24/200 [02:06<23:08,  7.89s/it, -ELBO=1.6164, Potential Metric=0.0843, Entropy Metric=0.0218]

Epoch 24:  88%|████████▊ | 14/16 [00:07<00:00,  2.01it/s][A
Training Epochs:  12%|█▏        | 24/200 [02:06<23:08,  7.89s/it, -ELBO=1.6052, Potential Metric=0.0816, Entropy Metric=0.0204]

Epoch 24:  94%|█████████▍| 15/16 [00:07<00:00,  1.97it/s][A
Training Epochs:  12%|█▏        | 24/200 [02:07<23:08,  7.89s/it, -ELBO=1.6254, Potential Metric=0.0844, Entropy Metric=0.0195]

Epoch 24: 100%|██████████| 16/16 [00:08<00:00,  1.93it/s][A

                                                         [A
Training Epochs:  12%|█▎        | 25/200 [02:07<23:21,  8.01s/it, -ELBO=1.6254, Potential Metric=0.0844, Entropy Metric=0.0195]

Epoch 25:   0%|          | 0/16 [00:00<?, ?it/s][A
Training Epochs:  12%|█▎        | 25/200 [02:07<23:21,  8.01s/it, -ELBO=1.6019, Potential Metric=0.0783, Entropy Metric=0.0183]

Epoch 25:   6%|▋         | 1/16 [00:00<00:08,  1.83it/s][A
Training Epochs:  12%|█▎        | 25/200 [02:08<23:21,  8.01s/it, -ELBO=1.5914, Potential Metric=0.0772, Entropy Metric=0.0197]

Epoch 25:  12%|█▎        | 2/16 [00:00<00:06,  2.04it/s][A
Training Epochs:  12%|█▎        | 25/200 [02:08<23:21,  8.01s/it, -ELBO=1.6517, Potential Metric=0.0944, Entropy Metric=0.0203]

Epoch 25:  19%|█▉        | 3/16 [00:01<00:06,  1.91it/s][A
Training Epochs:  12%|█▎        | 25/200 [02:09<23:21,  8.01s/it, -ELBO=1.6027, Potential Metric=0.0879, Entropy Metric=0.0205]

Epoch 25:  25%|██▌       | 4/16 [00:02<00:06,  1.91it/s][A
Training Epochs:  12%|█▎        | 25/200 [02:09<23:21,  8.01s/it, -ELBO=1.6220, Potential Metric=0.0899, Entropy Metric=0.0213]

Epoch 25:  31%|███▏      | 5/16 [00:02<00:05,  1.90it/s][A
Training Epochs:  12%|█▎        | 25/200 [02:10<23:21,  8.01s/it, -ELBO=1.5757, Potential Metric=0.0912, Entropy Metric=0.0207]

Epoch 25:  38%|███▊      | 6/16 [00:03<00:05,  1.84it/s][A
Training Epochs:  12%|█▎        | 25/200 [02:10<23:21,  8.01s/it, -ELBO=1.6008, Potential Metric=0.0871, Entropy Metric=0.0209]

Epoch 25:  44%|████▍     | 7/16 [00:03<00:04,  1.87it/s][A
Training Epochs:  12%|█▎        | 25/200 [02:11<23:21,  8.01s/it, -ELBO=1.6356, Potential Metric=0.0823, Entropy Metric=0.0199]

Epoch 25:  50%|█████     | 8/16 [00:04<00:04,  1.86it/s][A
Training Epochs:  12%|█▎        | 25/200 [02:11<23:21,  8.01s/it, -ELBO=1.5806, Potential Metric=0.0910, Entropy Metric=0.0241]

Epoch 25:  56%|█████▋    | 9/16 [00:04<00:03,  1.87it/s][A
Training Epochs:  12%|█▎        | 25/200 [02:12<23:21,  8.01s/it, -ELBO=1.6101, Potential Metric=0.0954, Entropy Metric=0.0216]

Epoch 25:  62%|██████▎   | 10/16 [00:05<00:03,  1.89it/s][A
Training Epochs:  12%|█▎        | 25/200 [02:13<23:21,  8.01s/it, -ELBO=1.5873, Potential Metric=0.0870, Entropy Metric=0.0206]

Epoch 25:  69%|██████▉   | 11/16 [00:05<00:02,  1.85it/s][A
Training Epochs:  12%|█▎        | 25/200 [02:13<23:21,  8.01s/it, -ELBO=1.5878, Potential Metric=0.0846, Entropy Metric=0.0218]

Epoch 25:  75%|███████▌  | 12/16 [00:06<00:02,  1.94it/s][A
Training Epochs:  12%|█▎        | 25/200 [02:14<23:21,  8.01s/it, -ELBO=1.5655, Potential Metric=0.0938, Entropy Metric=0.0230]

Epoch 25:  81%|████████▏ | 13/16 [00:06<00:01,  1.90it/s][A
Training Epochs:  12%|█▎        | 25/200 [02:14<23:21,  8.01s/it, -ELBO=1.5954, Potential Metric=0.0935, Entropy Metric=0.0195]

Epoch 25:  88%|████████▊ | 14/16 [00:07<00:01,  1.92it/s][A
Training Epochs:  12%|█▎        | 25/200 [02:15<23:21,  8.01s/it, -ELBO=1.5992, Potential Metric=0.0925, Entropy Metric=0.0195]

Epoch 25:  94%|█████████▍| 15/16 [00:07<00:00,  2.02it/s][A
Training Epochs:  12%|█▎        | 25/200 [02:15<23:21,  8.01s/it, -ELBO=1.5742, Potential Metric=0.0883, Entropy Metric=0.0191]

Epoch 25: 100%|██████████| 16/16 [00:08<00:00,  2.02it/s][A

                                                         [A
Training Epochs:  13%|█▎        | 26/200 [02:15<23:35,  8.13s/it, -ELBO=1.5742, Potential Metric=0.0883, Entropy Metric=0.0191]

Epoch 26:   0%|          | 0/16 [00:00<?, ?it/s][A
Training Epochs:  13%|█▎        | 26/200 [02:16<23:35,  8.13s/it, -ELBO=1.5978, Potential Metric=0.0839, Entropy Metric=0.0186]

Epoch 26:   6%|▋         | 1/16 [00:00<00:07,  1.98it/s][A
Training Epochs:  13%|█▎        | 26/200 [02:16<23:35,  8.13s/it, -ELBO=1.6111, Potential Metric=0.0845, Entropy Metric=0.0209]

Epoch 26:  12%|█▎        | 2/16 [00:00<00:06,  2.01it/s][A
Training Epochs:  13%|█▎        | 26/200 [02:17<23:35,  8.13s/it, -ELBO=1.5932, Potential Metric=0.0812, Entropy Metric=0.0231]

Epoch 26:  19%|█▉        | 3/16 [00:01<00:06,  2.01it/s][A
Training Epochs:  13%|█▎        | 26/200 [02:17<23:35,  8.13s/it, -ELBO=1.5744, Potential Metric=0.0828, Entropy Metric=0.0225]

Epoch 26:  25%|██▌       | 4/16 [00:02<00:06,  1.86it/s][A
Training Epochs:  13%|█▎        | 26/200 [02:18<23:35,  8.13s/it, -ELBO=1.5502, Potential Metric=0.0886, Entropy Metric=0.0262]

Epoch 26:  31%|███▏      | 5/16 [00:02<00:06,  1.74it/s][A
Training Epochs:  13%|█▎        | 26/200 [02:18<23:35,  8.13s/it, -ELBO=1.5789, Potential Metric=0.0860, Entropy Metric=0.0248]

Epoch 26:  38%|███▊      | 6/16 [00:03<00:05,  1.78it/s][A
Training Epochs:  13%|█▎        | 26/200 [02:19<23:35,  8.13s/it, -ELBO=1.6211, Potential Metric=0.0903, Entropy Metric=0.0232]

Epoch 26:  44%|████▍     | 7/16 [00:03<00:05,  1.79it/s][A
Training Epochs:  13%|█▎        | 26/200 [02:20<23:35,  8.13s/it, -ELBO=1.5996, Potential Metric=0.0881, Entropy Metric=0.0223]

Epoch 26:  50%|█████     | 8/16 [00:04<00:04,  1.77it/s][A
Training Epochs:  13%|█▎        | 26/200 [02:20<23:35,  8.13s/it, -ELBO=1.5906, Potential Metric=0.0984, Entropy Metric=0.0222]

Epoch 26:  56%|█████▋    | 9/16 [00:04<00:03,  1.76it/s][A
Training Epochs:  13%|█▎        | 26/200 [02:21<23:35,  8.13s/it, -ELBO=1.5542, Potential Metric=0.0813, Entropy Metric=0.0223]

Epoch 26:  62%|██████▎   | 10/16 [00:05<00:03,  1.80it/s][A
Training Epochs:  13%|█▎        | 26/200 [02:21<23:35,  8.13s/it, -ELBO=1.5572, Potential Metric=0.0950, Entropy Metric=0.0218]

Epoch 26:  69%|██████▉   | 11/16 [00:06<00:02,  1.77it/s][A
Training Epochs:  13%|█▎        | 26/200 [02:22<23:35,  8.13s/it, -ELBO=1.5658, Potential Metric=0.0940, Entropy Metric=0.0227]

Epoch 26:  75%|███████▌  | 12/16 [00:06<00:02,  1.79it/s][A
Training Epochs:  13%|█▎        | 26/200 [02:22<23:35,  8.13s/it, -ELBO=1.6262, Potential Metric=0.0906, Entropy Metric=0.0203]

Epoch 26:  81%|████████▏ | 13/16 [00:07<00:01,  1.80it/s][A
Training Epochs:  13%|█▎        | 26/200 [02:23<23:35,  8.13s/it, -ELBO=1.6396, Potential Metric=0.0961, Entropy Metric=0.0210]

Epoch 26:  88%|████████▊ | 14/16 [00:07<00:01,  1.81it/s][A
Training Epochs:  13%|█▎        | 26/200 [02:23<23:35,  8.13s/it, -ELBO=1.6008, Potential Metric=0.0917, Entropy Metric=0.0206]

Epoch 26:  94%|█████████▍| 15/16 [00:08<00:00,  1.84it/s][A
Training Epochs:  13%|█▎        | 26/200 [02:24<23:35,  8.13s/it, -ELBO=1.6218, Potential Metric=0.0874, Entropy Metric=0.0222]

Epoch 26: 100%|██████████| 16/16 [00:08<00:00,  1.84it/s][A

                                                         [A
Training Epochs:  14%|█▎        | 27/200 [02:24<24:06,  8.36s/it, -ELBO=1.6218, Potential Metric=0.0874, Entropy Metric=0.0222]

Epoch 27:   0%|          | 0/16 [00:00<?, ?it/s][A
Training Epochs:  14%|█▎        | 27/200 [02:25<24:06,  8.36s/it, -ELBO=1.5835, Potential Metric=0.0872, Entropy Metric=0.0239]

Epoch 27:   6%|▋         | 1/16 [00:00<00:10,  1.47it/s][A
Training Epochs:  14%|█▎        | 27/200 [02:25<24:06,  8.36s/it, -ELBO=1.5856, Potential Metric=0.0853, Entropy Metric=0.0227]

Epoch 27:  12%|█▎        | 2/16 [00:01<00:08,  1.67it/s][A
Training Epochs:  14%|█▎        | 27/200 [02:26<24:06,  8.36s/it, -ELBO=1.5494, Potential Metric=0.0891, Entropy Metric=0.0220]

Epoch 27:  19%|█▉        | 3/16 [00:01<00:07,  1.74it/s][A
Training Epochs:  14%|█▎        | 27/200 [02:26<24:06,  8.36s/it, -ELBO=1.5758, Potential Metric=0.0700, Entropy Metric=0.0207]

Epoch 27:  25%|██▌       | 4/16 [00:02<00:06,  1.91it/s][A
Training Epochs:  14%|█▎        | 27/200 [02:27<24:06,  8.36s/it, -ELBO=1.5947, Potential Metric=0.0861, Entropy Metric=0.0213]

Epoch 27:  31%|███▏      | 5/16 [00:02<00:05,  1.95it/s][A
Training Epochs:  14%|█▎        | 27/200 [02:27<24:06,  8.36s/it, -ELBO=1.5422, Potential Metric=0.0847, Entropy Metric=0.0218]

Epoch 27:  38%|███▊      | 6/16 [00:03<00:04,  2.09it/s][A
Training Epochs:  14%|█▎        | 27/200 [02:28<24:06,  8.36s/it, -ELBO=1.5906, Potential Metric=0.0939, Entropy Metric=0.0217]

Epoch 27:  44%|████▍     | 7/16 [00:03<00:04,  2.08it/s][A
Training Epochs:  14%|█▎        | 27/200 [02:28<24:06,  8.36s/it, -ELBO=1.5972, Potential Metric=0.0928, Entropy Metric=0.0217]

Epoch 27:  50%|█████     | 8/16 [00:04<00:03,  2.05it/s][A
Training Epochs:  14%|█▎        | 27/200 [02:29<24:06,  8.36s/it, -ELBO=1.5897, Potential Metric=0.0936, Entropy Metric=0.0222]

Epoch 27:  56%|█████▋    | 9/16 [00:04<00:03,  1.97it/s][A
Training Epochs:  14%|█▎        | 27/200 [02:29<24:06,  8.36s/it, -ELBO=1.5963, Potential Metric=0.0929, Entropy Metric=0.0229]

Epoch 27:  62%|██████▎   | 10/16 [00:05<00:03,  1.91it/s][A
Training Epochs:  14%|█▎        | 27/200 [02:30<24:06,  8.36s/it, -ELBO=1.5938, Potential Metric=0.0956, Entropy Metric=0.0215]

Epoch 27:  69%|██████▉   | 11/16 [00:05<00:02,  1.84it/s][A
Training Epochs:  14%|█▎        | 27/200 [02:30<24:06,  8.36s/it, -ELBO=1.6092, Potential Metric=0.1012, Entropy Metric=0.0232]

Epoch 27:  75%|███████▌  | 12/16 [00:06<00:02,  1.85it/s][A
Training Epochs:  14%|█▎        | 27/200 [02:31<24:06,  8.36s/it, -ELBO=1.5626, Potential Metric=0.0931, Entropy Metric=0.0217]

Epoch 27:  81%|████████▏ | 13/16 [00:06<00:01,  1.88it/s][A
Training Epochs:  14%|█▎        | 27/200 [02:31<24:06,  8.36s/it, -ELBO=1.5564, Potential Metric=0.0947, Entropy Metric=0.0241]

Epoch 27:  88%|████████▊ | 14/16 [00:07<00:01,  1.89it/s][A
Training Epochs:  14%|█▎        | 27/200 [02:32<24:06,  8.36s/it, -ELBO=1.5985, Potential Metric=0.0927, Entropy Metric=0.0226]

Epoch 27:  94%|█████████▍| 15/16 [00:07<00:00,  1.84it/s][A
Training Epochs:  14%|█▎        | 27/200 [02:32<24:06,  8.36s/it, -ELBO=1.5971, Potential Metric=0.0908, Entropy Metric=0.0236]

Epoch 27: 100%|██████████| 16/16 [00:08<00:00,  1.86it/s][A

                                                         [A
Training Epochs:  14%|█▍        | 28/200 [02:32<24:07,  8.42s/it, -ELBO=1.5971, Potential Metric=0.0908, Entropy Metric=0.0236]

Epoch 28:   0%|          | 0/16 [00:00<?, ?it/s][A
Training Epochs:  14%|█▍        | 28/200 [02:33<24:07,  8.42s/it, -ELBO=1.5111, Potential Metric=0.0829, Entropy Metric=0.0219]

Epoch 28:   6%|▋         | 1/16 [00:00<00:08,  1.78it/s][A
Training Epochs:  14%|█▍        | 28/200 [02:34<24:07,  8.42s/it, -ELBO=1.6279, Potential Metric=0.0890, Entropy Metric=0.0232]

Epoch 28:  12%|█▎        | 2/16 [00:01<00:07,  1.85it/s][A
Training Epochs:  14%|█▍        | 28/200 [02:34<24:07,  8.42s/it, -ELBO=1.5795, Potential Metric=0.0819, Entropy Metric=0.0229]

Epoch 28:  19%|█▉        | 3/16 [00:01<00:06,  1.98it/s][A
Training Epochs:  14%|█▍        | 28/200 [02:35<24:07,  8.42s/it, -ELBO=1.5682, Potential Metric=0.0867, Entropy Metric=0.0214]

Epoch 28:  25%|██▌       | 4/16 [00:02<00:06,  1.92it/s][A
Training Epochs:  14%|█▍        | 28/200 [02:35<24:07,  8.42s/it, -ELBO=1.5588, Potential Metric=0.0998, Entropy Metric=0.0216]

Epoch 28:  31%|███▏      | 5/16 [00:02<00:05,  1.98it/s][A
Training Epochs:  14%|█▍        | 28/200 [02:36<24:07,  8.42s/it, -ELBO=1.6026, Potential Metric=0.1027, Entropy Metric=0.0226]

Epoch 28:  38%|███▊      | 6/16 [00:03<00:05,  1.91it/s][A
Training Epochs:  14%|█▍        | 28/200 [02:36<24:07,  8.42s/it, -ELBO=1.5309, Potential Metric=0.0982, Entropy Metric=0.0228]

Epoch 28:  44%|████▍     | 7/16 [00:03<00:04,  1.90it/s][A
Training Epochs:  14%|█▍        | 28/200 [02:37<24:07,  8.42s/it, -ELBO=1.6279, Potential Metric=0.0937, Entropy Metric=0.0212]

Epoch 28:  50%|█████     | 8/16 [00:04<00:04,  1.84it/s][A
Training Epochs:  14%|█▍        | 28/200 [02:37<24:07,  8.42s/it, -ELBO=1.5292, Potential Metric=0.0936, Entropy Metric=0.0221]

Epoch 28:  56%|█████▋    | 9/16 [00:04<00:03,  1.81it/s][A
Training Epochs:  14%|█▍        | 28/200 [02:38<24:07,  8.42s/it, -ELBO=1.6113, Potential Metric=0.0814, Entropy Metric=0.0210]

Epoch 28:  62%|██████▎   | 10/16 [00:05<00:03,  1.84it/s][A
Training Epochs:  14%|█▍        | 28/200 [02:38<24:07,  8.42s/it, -ELBO=1.6014, Potential Metric=0.0824, Entropy Metric=0.0216]

Epoch 28:  69%|██████▉   | 11/16 [00:05<00:02,  1.85it/s][A
Training Epochs:  14%|█▍        | 28/200 [02:39<24:07,  8.42s/it, -ELBO=1.5273, Potential Metric=0.0976, Entropy Metric=0.0247]

Epoch 28:  75%|███████▌  | 12/16 [00:06<00:02,  1.90it/s][A
Training Epochs:  14%|█▍        | 28/200 [02:39<24:07,  8.42s/it, -ELBO=1.5821, Potential Metric=0.0925, Entropy Metric=0.0251]

Epoch 28:  81%|████████▏ | 13/16 [00:06<00:01,  1.90it/s][A
Training Epochs:  14%|█▍        | 28/200 [02:40<24:07,  8.42s/it, -ELBO=1.5858, Potential Metric=0.1003, Entropy Metric=0.0247]

Epoch 28:  88%|████████▊ | 14/16 [00:07<00:01,  1.91it/s][A
Training Epochs:  14%|█▍        | 28/200 [02:40<24:07,  8.42s/it, -ELBO=1.5743, Potential Metric=0.1007, Entropy Metric=0.0231]

Epoch 28:  94%|█████████▍| 15/16 [00:07<00:00,  1.90it/s][A
Training Epochs:  14%|█▍        | 28/200 [02:41<24:07,  8.42s/it, -ELBO=1.5596, Potential Metric=0.0977, Entropy Metric=0.0246]

Epoch 28: 100%|██████████| 16/16 [00:08<00:00,  1.89it/s][A

                                                         [A
Training Epochs:  14%|█▍        | 29/200 [02:41<24:06,  8.46s/it, -ELBO=1.5596, Potential Metric=0.0977, Entropy Metric=0.0246]

Epoch 29:   0%|          | 0/16 [00:00<?, ?it/s][A
Training Epochs:  14%|█▍        | 29/200 [02:42<24:06,  8.46s/it, -ELBO=1.5674, Potential Metric=0.0847, Entropy Metric=0.0214]

Epoch 29:   6%|▋         | 1/16 [00:00<00:08,  1.86it/s][A
Training Epochs:  14%|█▍        | 29/200 [02:42<24:06,  8.46s/it, -ELBO=1.6190, Potential Metric=0.0932, Entropy Metric=0.0218]

Epoch 29:  12%|█▎        | 2/16 [00:01<00:07,  1.80it/s][A
Training Epochs:  14%|█▍        | 29/200 [02:43<24:06,  8.46s/it, -ELBO=1.5393, Potential Metric=0.1002, Entropy Metric=0.0237]

Epoch 29:  19%|█▉        | 3/16 [00:01<00:07,  1.84it/s][A
Training Epochs:  14%|█▍        | 29/200 [02:43<24:06,  8.46s/it, -ELBO=1.5602, Potential Metric=0.0984, Entropy Metric=0.0224]

Epoch 29:  25%|██▌       | 4/16 [00:02<00:06,  1.88it/s][A
Training Epochs:  14%|█▍        | 29/200 [02:44<24:06,  8.46s/it, -ELBO=1.5504, Potential Metric=0.1008, Entropy Metric=0.0229]

Epoch 29:  31%|███▏      | 5/16 [00:02<00:05,  1.94it/s][A
Training Epochs:  14%|█▍        | 29/200 [02:44<24:06,  8.46s/it, -ELBO=1.5895, Potential Metric=0.1004, Entropy Metric=0.0229]

Epoch 29:  38%|███▊      | 6/16 [00:03<00:05,  1.87it/s][A
Training Epochs:  14%|█▍        | 29/200 [02:45<24:06,  8.46s/it, -ELBO=1.5968, Potential Metric=0.1059, Entropy Metric=0.0227]

Epoch 29:  44%|████▍     | 7/16 [00:03<00:04,  1.88it/s][A
Training Epochs:  14%|█▍        | 29/200 [02:45<24:06,  8.46s/it, -ELBO=1.5455, Potential Metric=0.0944, Entropy Metric=0.0239]

Epoch 29:  50%|█████     | 8/16 [00:04<00:04,  1.83it/s][A
Training Epochs:  14%|█▍        | 29/200 [02:46<24:06,  8.46s/it, -ELBO=1.5497, Potential Metric=0.1024, Entropy Metric=0.0244]

Epoch 29:  56%|█████▋    | 9/16 [00:04<00:03,  1.89it/s][A
Training Epochs:  14%|█▍        | 29/200 [02:46<24:06,  8.46s/it, -ELBO=1.6051, Potential Metric=0.0958, Entropy Metric=0.0215]

Epoch 29:  62%|██████▎   | 10/16 [00:05<00:03,  1.86it/s][A
Training Epochs:  14%|█▍        | 29/200 [02:47<24:06,  8.46s/it, -ELBO=1.5608, Potential Metric=0.0963, Entropy Metric=0.0220]

Epoch 29:  69%|██████▉   | 11/16 [00:05<00:02,  1.84it/s][A
Training Epochs:  14%|█▍        | 29/200 [02:48<24:06,  8.46s/it, -ELBO=1.5445, Potential Metric=0.0853, Entropy Metric=0.0204]

Epoch 29:  75%|███████▌  | 12/16 [00:06<00:02,  1.84it/s][A
Training Epochs:  14%|█▍        | 29/200 [02:48<24:06,  8.46s/it, -ELBO=1.5561, Potential Metric=0.0847, Entropy Metric=0.0198]

Epoch 29:  81%|████████▏ | 13/16 [00:07<00:01,  1.70it/s][A
Training Epochs:  14%|█▍        | 29/200 [02:49<24:06,  8.46s/it, -ELBO=1.5446, Potential Metric=0.0862, Entropy Metric=0.0188]

Epoch 29:  88%|████████▊ | 14/16 [00:07<00:01,  1.74it/s][A
Training Epochs:  14%|█▍        | 29/200 [02:49<24:06,  8.46s/it, -ELBO=1.5633, Potential Metric=0.0845, Entropy Metric=0.0213]

Epoch 29:  94%|█████████▍| 15/16 [00:08<00:00,  1.77it/s][A
Training Epochs:  14%|█▍        | 29/200 [02:50<24:06,  8.46s/it, -ELBO=1.5780, Potential Metric=0.0839, Entropy Metric=0.0198]

Epoch 29: 100%|██████████| 16/16 [00:08<00:00,  1.79it/s][A

                                                         [A
Training Epochs:  15%|█▌        | 30/200 [02:50<24:16,  8.57s/it, -ELBO=1.5780, Potential Metric=0.0839, Entropy Metric=0.0198]

Epoch 30:   0%|          | 0/16 [00:00<?, ?it/s][A
Training Epochs:  15%|█▌        | 30/200 [02:50<24:16,  8.57s/it, -ELBO=1.4916, Potential Metric=0.0879, Entropy Metric=0.0192]

Epoch 30:   6%|▋         | 1/16 [00:00<00:08,  1.68it/s][A
Training Epochs:  15%|█▌        | 30/200 [02:51<24:16,  8.57s/it, -ELBO=1.5509, Potential Metric=0.0892, Entropy Metric=0.0195]

Epoch 30:  12%|█▎        | 2/16 [00:01<00:08,  1.69it/s][A
Training Epochs:  15%|█▌        | 30/200 [02:52<24:16,  8.57s/it, -ELBO=1.5344, Potential Metric=0.0865, Entropy Metric=0.0209]

Epoch 30:  19%|█▉        | 3/16 [00:01<00:07,  1.83it/s][A
Training Epochs:  15%|█▌        | 30/200 [02:52<24:16,  8.57s/it, -ELBO=1.5718, Potential Metric=0.0903, Entropy Metric=0.0197]

Epoch 30:  25%|██▌       | 4/16 [00:02<00:06,  1.89it/s][A
Training Epochs:  15%|█▌        | 30/200 [02:53<24:16,  8.57s/it, -ELBO=1.5617, Potential Metric=0.0819, Entropy Metric=0.0193]

Epoch 30:  31%|███▏      | 5/16 [00:02<00:05,  1.92it/s][A
Training Epochs:  15%|█▌        | 30/200 [02:53<24:16,  8.57s/it, -ELBO=1.5776, Potential Metric=0.0859, Entropy Metric=0.0186]

Epoch 30:  38%|███▊      | 6/16 [00:03<00:05,  1.89it/s][A
Training Epochs:  15%|█▌        | 30/200 [02:54<24:16,  8.57s/it, -ELBO=1.5547, Potential Metric=0.0960, Entropy Metric=0.0208]

Epoch 30:  44%|████▍     | 7/16 [00:03<00:04,  1.84it/s][A
Training Epochs:  15%|█▌        | 30/200 [02:54<24:16,  8.57s/it, -ELBO=1.6202, Potential Metric=0.0934, Entropy Metric=0.0199]

Epoch 30:  50%|█████     | 8/16 [00:04<00:04,  1.82it/s][A
Training Epochs:  15%|█▌        | 30/200 [02:55<24:16,  8.57s/it, -ELBO=1.5372, Potential Metric=0.0926, Entropy Metric=0.0200]

Epoch 30:  56%|█████▋    | 9/16 [00:04<00:03,  1.85it/s][A
Training Epochs:  15%|█▌        | 30/200 [02:55<24:16,  8.57s/it, -ELBO=1.5896, Potential Metric=0.0894, Entropy Metric=0.0202]

Epoch 30:  62%|██████▎   | 10/16 [00:05<00:03,  1.81it/s][A
Training Epochs:  15%|█▌        | 30/200 [02:56<24:16,  8.57s/it, -ELBO=1.5653, Potential Metric=0.0990, Entropy Metric=0.0207]

Epoch 30:  69%|██████▉   | 11/16 [00:05<00:02,  1.85it/s][A
Training Epochs:  15%|█▌        | 30/200 [02:56<24:16,  8.57s/it, -ELBO=1.5570, Potential Metric=0.0939, Entropy Metric=0.0202]

Epoch 30:  75%|███████▌  | 12/16 [00:06<00:02,  1.83it/s][A
Training Epochs:  15%|█▌        | 30/200 [02:57<24:16,  8.57s/it, -ELBO=1.5749, Potential Metric=0.0977, Entropy Metric=0.0216]

Epoch 30:  81%|████████▏ | 13/16 [00:07<00:01,  1.86it/s][A
Training Epochs:  15%|█▌        | 30/200 [02:58<24:16,  8.57s/it, -ELBO=1.5421, Potential Metric=0.0964, Entropy Metric=0.0212]

Epoch 30:  88%|████████▊ | 14/16 [00:07<00:01,  1.82it/s][A
Training Epochs:  15%|█▌        | 30/200 [02:58<24:16,  8.57s/it, -ELBO=1.5328, Potential Metric=0.0939, Entropy Metric=0.0199]

Epoch 30:  94%|█████████▍| 15/16 [00:08<00:00,  1.86it/s][A
Training Epochs:  15%|█▌        | 30/200 [02:59<24:16,  8.57s/it, -ELBO=1.5678, Potential Metric=0.1005, Entropy Metric=0.0202]

Epoch 30: 100%|██████████| 16/16 [00:08<00:00,  1.86it/s][A

                                                         [A
Training Epochs:  16%|█▌        | 31/200 [02:59<24:16,  8.62s/it, -ELBO=1.5678, Potential Metric=0.1005, Entropy Metric=0.0202]

Epoch 31:   0%|          | 0/16 [00:00<?, ?it/s][A
Training Epochs:  16%|█▌        | 31/200 [02:59<24:16,  8.62s/it, -ELBO=1.5952, Potential Metric=0.0877, Entropy Metric=0.0194]

Epoch 31:   6%|▋         | 1/16 [00:00<00:08,  1.86it/s][A
Training Epochs:  16%|█▌        | 31/200 [03:00<24:16,  8.62s/it, -ELBO=1.5646, Potential Metric=0.0941, Entropy Metric=0.0201]

Epoch 31:  12%|█▎        | 2/16 [00:01<00:07,  1.86it/s][A
Training Epochs:  16%|█▌        | 31/200 [03:00<24:16,  8.62s/it, -ELBO=1.5248, Potential Metric=0.0998, Entropy Metric=0.0201]

Epoch 31:  19%|█▉        | 3/16 [00:01<00:06,  1.87it/s][A
Training Epochs:  16%|█▌        | 31/200 [03:01<24:16,  8.62s/it, -ELBO=1.5439, Potential Metric=0.0939, Entropy Metric=0.0200]

Epoch 31:  25%|██▌       | 4/16 [00:02<00:06,  1.81it/s][A
Training Epochs:  16%|█▌        | 31/200 [03:01<24:16,  8.62s/it, -ELBO=1.5751, Potential Metric=0.0965, Entropy Metric=0.0191]

Epoch 31:  31%|███▏      | 5/16 [00:02<00:06,  1.80it/s][A
Training Epochs:  16%|█▌        | 31/200 [03:02<24:16,  8.62s/it, -ELBO=1.5941, Potential Metric=0.1000, Entropy Metric=0.0205]

Epoch 31:  38%|███▊      | 6/16 [00:03<00:05,  1.84it/s][A
Training Epochs:  16%|█▌        | 31/200 [03:02<24:16,  8.62s/it, -ELBO=1.5434, Potential Metric=0.0922, Entropy Metric=0.0198]

Epoch 31:  44%|████▍     | 7/16 [00:03<00:04,  1.82it/s][A
Training Epochs:  16%|█▌        | 31/200 [03:03<24:16,  8.62s/it, -ELBO=1.5420, Potential Metric=0.0965, Entropy Metric=0.0201]

Epoch 31:  50%|█████     | 8/16 [00:04<00:04,  1.85it/s][A
Training Epochs:  16%|█▌        | 31/200 [03:04<24:16,  8.62s/it, -ELBO=1.5444, Potential Metric=0.0855, Entropy Metric=0.0194]

Epoch 31:  56%|█████▋    | 9/16 [00:04<00:03,  1.85it/s][A
Training Epochs:  16%|█▌        | 31/200 [03:04<24:16,  8.62s/it, -ELBO=1.5169, Potential Metric=0.0970, Entropy Metric=0.0201]

Epoch 31:  62%|██████▎   | 10/16 [00:05<00:03,  1.84it/s][A
Training Epochs:  16%|█▌        | 31/200 [03:05<24:16,  8.62s/it, -ELBO=1.5316, Potential Metric=0.1003, Entropy Metric=0.0201]

Epoch 31:  69%|██████▉   | 11/16 [00:05<00:02,  1.89it/s][A
Training Epochs:  16%|█▌        | 31/200 [03:05<24:16,  8.62s/it, -ELBO=1.5852, Potential Metric=0.1072, Entropy Metric=0.0206]

Epoch 31:  75%|███████▌  | 12/16 [00:06<00:02,  1.84it/s][A
Training Epochs:  16%|█▌        | 31/200 [03:06<24:16,  8.62s/it, -ELBO=1.5508, Potential Metric=0.0962, Entropy Metric=0.0195]

Epoch 31:  81%|████████▏ | 13/16 [00:07<00:01,  1.87it/s][A
Training Epochs:  16%|█▌        | 31/200 [03:06<24:16,  8.62s/it, -ELBO=1.5097, Potential Metric=0.0985, Entropy Metric=0.0218]

Epoch 31:  88%|████████▊ | 14/16 [00:07<00:01,  1.83it/s][A
Training Epochs:  16%|█▌        | 31/200 [03:07<24:16,  8.62s/it, -ELBO=1.5362, Potential Metric=0.0928, Entropy Metric=0.0202]

Epoch 31:  94%|█████████▍| 15/16 [00:08<00:00,  1.75it/s][A
Training Epochs:  16%|█▌        | 31/200 [03:07<24:16,  8.62s/it, -ELBO=1.5582, Potential Metric=0.0867, Entropy Metric=0.0192]

Epoch 31: 100%|██████████| 16/16 [00:08<00:00,  1.77it/s][A

                                                         [A
Training Epochs:  16%|█▌        | 32/200 [03:07<24:18,  8.68s/it, -ELBO=1.5582, Potential Metric=0.0867, Entropy Metric=0.0192]

Epoch 32:   0%|          | 0/16 [00:00<?, ?it/s][A
Training Epochs:  16%|█▌        | 32/200 [03:08<24:18,  8.68s/it, -ELBO=1.4939, Potential Metric=0.0928, Entropy Metric=0.0200]

Epoch 32:   6%|▋         | 1/16 [00:00<00:07,  1.96it/s][A
Training Epochs:  16%|█▌        | 32/200 [03:09<24:18,  8.68s/it, -ELBO=1.5318, Potential Metric=0.0922, Entropy Metric=0.0192]

Epoch 32:  12%|█▎        | 2/16 [00:01<00:07,  1.76it/s][A
Training Epochs:  16%|█▌        | 32/200 [03:09<24:18,  8.68s/it, -ELBO=1.5556, Potential Metric=0.1027, Entropy Metric=0.0214]

Epoch 32:  19%|█▉        | 3/16 [00:01<00:07,  1.75it/s][A
Training Epochs:  16%|█▌        | 32/200 [03:10<24:18,  8.68s/it, -ELBO=1.5284, Potential Metric=0.1035, Entropy Metric=0.0205]

Epoch 32:  25%|██▌       | 4/16 [00:02<00:06,  1.77it/s][A
Training Epochs:  16%|█▌        | 32/200 [03:10<24:18,  8.68s/it, -ELBO=1.5915, Potential Metric=0.0876, Entropy Metric=0.0215]

Epoch 32:  31%|███▏      | 5/16 [00:02<00:06,  1.83it/s][A
Training Epochs:  16%|█▌        | 32/200 [03:11<24:18,  8.68s/it, -ELBO=1.5480, Potential Metric=0.0923, Entropy Metric=0.0209]

Epoch 32:  38%|███▊      | 6/16 [00:03<00:05,  1.82it/s][A
Training Epochs:  16%|█▌        | 32/200 [03:11<24:18,  8.68s/it, -ELBO=1.5348, Potential Metric=0.0925, Entropy Metric=0.0206]

Epoch 32:  44%|████▍     | 7/16 [00:03<00:04,  1.90it/s][A
Training Epochs:  16%|█▌        | 32/200 [03:12<24:18,  8.68s/it, -ELBO=1.5471, Potential Metric=0.0855, Entropy Metric=0.0199]

Epoch 32:  50%|█████     | 8/16 [00:04<00:04,  1.97it/s][A
Training Epochs:  16%|█▌        | 32/200 [03:12<24:18,  8.68s/it, -ELBO=1.5157, Potential Metric=0.0942, Entropy Metric=0.0197]

Epoch 32:  56%|█████▋    | 9/16 [00:04<00:03,  1.95it/s][A
Training Epochs:  16%|█▌        | 32/200 [03:13<24:18,  8.68s/it, -ELBO=1.5845, Potential Metric=0.0905, Entropy Metric=0.0177]

Epoch 32:  62%|██████▎   | 10/16 [00:05<00:03,  1.89it/s][A
Training Epochs:  16%|█▌        | 32/200 [03:13<24:18,  8.68s/it, -ELBO=1.5251, Potential Metric=0.0963, Entropy Metric=0.0171]

Epoch 32:  69%|██████▉   | 11/16 [00:05<00:02,  1.89it/s][A
Training Epochs:  16%|█▌        | 32/200 [03:14<24:18,  8.68s/it, -ELBO=1.5508, Potential Metric=0.1019, Entropy Metric=0.0181]

Epoch 32:  75%|███████▌  | 12/16 [00:06<00:02,  1.80it/s][A
Training Epochs:  16%|█▌        | 32/200 [03:15<24:18,  8.68s/it, -ELBO=1.5361, Potential Metric=0.0940, Entropy Metric=0.0181]

Epoch 32:  81%|████████▏ | 13/16 [00:07<00:01,  1.76it/s][A
Training Epochs:  16%|█▌        | 32/200 [03:15<24:18,  8.68s/it, -ELBO=1.5307, Potential Metric=0.0996, Entropy Metric=0.0189]

Epoch 32:  88%|████████▊ | 14/16 [00:07<00:01,  1.75it/s][A
Training Epochs:  16%|█▌        | 32/200 [03:16<24:18,  8.68s/it, -ELBO=1.5686, Potential Metric=0.0985, Entropy Metric=0.0184]

Epoch 32:  94%|█████████▍| 15/16 [00:08<00:00,  1.74it/s][A
Training Epochs:  16%|█▌        | 32/200 [03:16<24:18,  8.68s/it, -ELBO=1.5514, Potential Metric=0.0998, Entropy Metric=0.0194]

Epoch 32: 100%|██████████| 16/16 [00:08<00:00,  1.75it/s][A

                                                         [A
Training Epochs:  16%|█▋        | 33/200 [03:16<24:19,  8.74s/it, -ELBO=1.5514, Potential Metric=0.0998, Entropy Metric=0.0194]

Epoch 33:   0%|          | 0/16 [00:00<?, ?it/s][A
Training Epochs:  16%|█▋        | 33/200 [03:17<24:19,  8.74s/it, -ELBO=1.5607, Potential Metric=0.0990, Entropy Metric=0.0196]

Epoch 33:   6%|▋         | 1/16 [00:00<00:09,  1.65it/s][A
Training Epochs:  16%|█▋        | 33/200 [03:18<24:19,  8.74s/it, -ELBO=1.5401, Potential Metric=0.0921, Entropy Metric=0.0198]

Epoch 33:  12%|█▎        | 2/16 [00:01<00:08,  1.67it/s][A
Training Epochs:  16%|█▋        | 33/200 [03:18<24:19,  8.74s/it, -ELBO=1.5687, Potential Metric=0.0979, Entropy Metric=0.0194]

Epoch 33:  19%|█▉        | 3/16 [00:01<00:07,  1.69it/s][A
Training Epochs:  16%|█▋        | 33/200 [03:19<24:19,  8.74s/it, -ELBO=1.5582, Potential Metric=0.0993, Entropy Metric=0.0201]

Epoch 33:  25%|██▌       | 4/16 [00:02<00:06,  1.78it/s][A
Training Epochs:  16%|█▋        | 33/200 [03:19<24:19,  8.74s/it, -ELBO=1.5379, Potential Metric=0.0964, Entropy Metric=0.0202]

Epoch 33:  31%|███▏      | 5/16 [00:02<00:06,  1.77it/s][A
Training Epochs:  16%|█▋        | 33/200 [03:20<24:19,  8.74s/it, -ELBO=1.5609, Potential Metric=0.0958, Entropy Metric=0.0174]

Epoch 33:  38%|███▊      | 6/16 [00:03<00:05,  1.77it/s][A
Training Epochs:  16%|█▋        | 33/200 [03:20<24:19,  8.74s/it, -ELBO=1.5200, Potential Metric=0.0986, Entropy Metric=0.0187]

Epoch 33:  44%|████▍     | 7/16 [00:03<00:05,  1.79it/s][A
Training Epochs:  16%|█▋        | 33/200 [03:21<24:19,  8.74s/it, -ELBO=1.5216, Potential Metric=0.0956, Entropy Metric=0.0191]

Epoch 33:  50%|█████     | 8/16 [00:04<00:04,  1.86it/s][A
Training Epochs:  16%|█▋        | 33/200 [03:21<24:19,  8.74s/it, -ELBO=1.4965, Potential Metric=0.1017, Entropy Metric=0.0182]

Epoch 33:  56%|█████▋    | 9/16 [00:04<00:03,  1.88it/s][A
Training Epochs:  16%|█▋        | 33/200 [03:22<24:19,  8.74s/it, -ELBO=1.5150, Potential Metric=0.1060, Entropy Metric=0.0168]

Epoch 33:  62%|██████▎   | 10/16 [00:05<00:03,  1.87it/s][A
Training Epochs:  16%|█▋        | 33/200 [03:22<24:19,  8.74s/it, -ELBO=1.5466, Potential Metric=0.0957, Entropy Metric=0.0169]

Epoch 33:  69%|██████▉   | 11/16 [00:06<00:02,  1.83it/s][A
Training Epochs:  16%|█▋        | 33/200 [03:23<24:19,  8.74s/it, -ELBO=1.5146, Potential Metric=0.0874, Entropy Metric=0.0172]

Epoch 33:  75%|███████▌  | 12/16 [00:06<00:02,  1.76it/s][A
Training Epochs:  16%|█▋        | 33/200 [03:24<24:19,  8.74s/it, -ELBO=1.5065, Potential Metric=0.0854, Entropy Metric=0.0168]

Epoch 33:  81%|████████▏ | 13/16 [00:07<00:01,  1.77it/s][A
Training Epochs:  16%|█▋        | 33/200 [03:24<24:19,  8.74s/it, -ELBO=1.5269, Potential Metric=0.0905, Entropy Metric=0.0167]

Epoch 33:  88%|████████▊ | 14/16 [00:07<00:01,  1.76it/s][A
Training Epochs:  16%|█▋        | 33/200 [03:25<24:19,  8.74s/it, -ELBO=1.5545, Potential Metric=0.1073, Entropy Metric=0.0204]

Epoch 33:  94%|█████████▍| 15/16 [00:08<00:00,  1.74it/s][A
Training Epochs:  16%|█▋        | 33/200 [03:25<24:19,  8.74s/it, -ELBO=1.5286, Potential Metric=0.0869, Entropy Metric=0.0183]

Epoch 33: 100%|██████████| 16/16 [00:09<00:00,  1.75it/s][A

                                                         [A
Training Epochs:  17%|█▋        | 34/200 [03:25<24:26,  8.83s/it, -ELBO=1.5286, Potential Metric=0.0869, Entropy Metric=0.0183]

Epoch 34:   0%|          | 0/16 [00:00<?, ?it/s][A
Training Epochs:  17%|█▋        | 34/200 [03:26<24:26,  8.83s/it, -ELBO=1.5721, Potential Metric=0.0873, Entropy Metric=0.0200]

Epoch 34:   6%|▋         | 1/16 [00:00<00:08,  1.70it/s][A
Training Epochs:  17%|█▋        | 34/200 [03:26<24:26,  8.83s/it, -ELBO=1.5430, Potential Metric=0.0980, Entropy Metric=0.0208]

Epoch 34:  12%|█▎        | 2/16 [00:01<00:07,  1.92it/s][A
Training Epochs:  17%|█▋        | 34/200 [03:27<24:26,  8.83s/it, -ELBO=1.5668, Potential Metric=0.0991, Entropy Metric=0.0201]

Epoch 34:  19%|█▉        | 3/16 [00:01<00:06,  1.95it/s][A
Training Epochs:  17%|█▋        | 34/200 [03:27<24:26,  8.83s/it, -ELBO=1.5380, Potential Metric=0.1040, Entropy Metric=0.0190]

Epoch 34:  25%|██▌       | 4/16 [00:02<00:06,  1.93it/s][A
Training Epochs:  17%|█▋        | 34/200 [03:28<24:26,  8.83s/it, -ELBO=1.5218, Potential Metric=0.1047, Entropy Metric=0.0174]

Epoch 34:  31%|███▏      | 5/16 [00:02<00:06,  1.82it/s][A
Training Epochs:  17%|█▋        | 34/200 [03:29<24:26,  8.83s/it, -ELBO=1.5714, Potential Metric=0.1062, Entropy Metric=0.0193]

Epoch 34:  38%|███▊      | 6/16 [00:03<00:05,  1.75it/s][A
Training Epochs:  17%|█▋        | 34/200 [03:29<24:26,  8.83s/it, -ELBO=1.5148, Potential Metric=0.0953, Entropy Metric=0.0168]

Epoch 34:  44%|████▍     | 7/16 [00:03<00:05,  1.73it/s][A
Training Epochs:  17%|█▋        | 34/200 [03:30<24:26,  8.83s/it, -ELBO=1.5455, Potential Metric=0.1056, Entropy Metric=0.0177]

Epoch 34:  50%|█████     | 8/16 [00:04<00:04,  1.71it/s][A
Training Epochs:  17%|█▋        | 34/200 [03:30<24:26,  8.83s/it, -ELBO=1.5047, Potential Metric=0.1034, Entropy Metric=0.0189]

Epoch 34:  56%|█████▋    | 9/16 [00:05<00:04,  1.70it/s][A
Training Epochs:  17%|█▋        | 34/200 [03:31<24:26,  8.83s/it, -ELBO=1.5207, Potential Metric=0.1012, Entropy Metric=0.0181]

Epoch 34:  62%|██████▎   | 10/16 [00:05<00:03,  1.71it/s][A
Training Epochs:  17%|█▋        | 34/200 [03:32<24:26,  8.83s/it, -ELBO=1.5003, Potential Metric=0.1057, Entropy Metric=0.0200]

Epoch 34:  69%|██████▉   | 11/16 [00:06<00:02,  1.72it/s][A
Training Epochs:  17%|█▋        | 34/200 [03:32<24:26,  8.83s/it, -ELBO=1.5052, Potential Metric=0.1014, Entropy Metric=0.0212]

Epoch 34:  75%|███████▌  | 12/16 [00:06<00:02,  1.72it/s][A
Training Epochs:  17%|█▋        | 34/200 [03:33<24:26,  8.83s/it, -ELBO=1.5390, Potential Metric=0.1072, Entropy Metric=0.0204]

Epoch 34:  81%|████████▏ | 13/16 [00:07<00:01,  1.73it/s][A
Training Epochs:  17%|█▋        | 34/200 [03:33<24:26,  8.83s/it, -ELBO=1.5213, Potential Metric=0.1068, Entropy Metric=0.0184]

Epoch 34:  88%|████████▊ | 14/16 [00:07<00:01,  1.77it/s][A
Training Epochs:  17%|█▋        | 34/200 [03:34<24:26,  8.83s/it, -ELBO=1.5276, Potential Metric=0.0955, Entropy Metric=0.0191]

Epoch 34:  94%|█████████▍| 15/16 [00:08<00:00,  1.79it/s][A
Training Epochs:  17%|█▋        | 34/200 [03:34<24:26,  8.83s/it, -ELBO=1.4623, Potential Metric=0.1047, Entropy Metric=0.0176]

Epoch 34: 100%|██████████| 16/16 [00:08<00:00,  1.84it/s][A

                                                         [A
Training Epochs:  18%|█▊        | 35/200 [03:34<24:27,  8.89s/it, -ELBO=1.4623, Potential Metric=0.1047, Entropy Metric=0.0176]

Epoch 35:   0%|          | 0/16 [00:00<?, ?it/s][A
Training Epochs:  18%|█▊        | 35/200 [03:35<24:27,  8.89s/it, -ELBO=1.5227, Potential Metric=0.0995, Entropy Metric=0.0176]

Epoch 35:   6%|▋         | 1/16 [00:00<00:08,  1.76it/s][A
Training Epochs:  18%|█▊        | 35/200 [03:36<24:27,  8.89s/it, -ELBO=1.5115, Potential Metric=0.0951, Entropy Metric=0.0163]

Epoch 35:  12%|█▎        | 2/16 [00:01<00:08,  1.61it/s][A
Training Epochs:  18%|█▊        | 35/200 [03:36<24:27,  8.89s/it, -ELBO=1.4928, Potential Metric=0.1034, Entropy Metric=0.0178]

Epoch 35:  19%|█▉        | 3/16 [00:01<00:07,  1.81it/s][A
Training Epochs:  18%|█▊        | 35/200 [03:37<24:27,  8.89s/it, -ELBO=1.5795, Potential Metric=0.1018, Entropy Metric=0.0167]

Epoch 35:  25%|██▌       | 4/16 [00:02<00:06,  1.86it/s][A
Training Epochs:  18%|█▊        | 35/200 [03:37<24:27,  8.89s/it, -ELBO=1.5475, Potential Metric=0.1055, Entropy Metric=0.0168]

Epoch 35:  31%|███▏      | 5/16 [00:02<00:05,  1.91it/s][A
Training Epochs:  18%|█▊        | 35/200 [03:38<24:27,  8.89s/it, -ELBO=1.5247, Potential Metric=0.0936, Entropy Metric=0.0185]

Epoch 35:  38%|███▊      | 6/16 [00:03<00:05,  1.89it/s][A
Training Epochs:  18%|█▊        | 35/200 [03:38<24:27,  8.89s/it, -ELBO=1.5091, Potential Metric=0.0994, Entropy Metric=0.0175]

Epoch 35:  44%|████▍     | 7/16 [00:03<00:05,  1.80it/s][A
Training Epochs:  18%|█▊        | 35/200 [03:39<24:27,  8.89s/it, -ELBO=1.5116, Potential Metric=0.0996, Entropy Metric=0.0187]

Epoch 35:  50%|█████     | 8/16 [00:04<00:04,  1.77it/s][A
Training Epochs:  18%|█▊        | 35/200 [03:39<24:27,  8.89s/it, -ELBO=1.5513, Potential Metric=0.1074, Entropy Metric=0.0195]

Epoch 35:  56%|█████▋    | 9/16 [00:05<00:04,  1.74it/s][A
Training Epochs:  18%|█▊        | 35/200 [03:40<24:27,  8.89s/it, -ELBO=1.5199, Potential Metric=0.0854, Entropy Metric=0.0203]

Epoch 35:  62%|██████▎   | 10/16 [00:05<00:03,  1.76it/s][A
Training Epochs:  18%|█▊        | 35/200 [03:41<24:27,  8.89s/it, -ELBO=1.5212, Potential Metric=0.1007, Entropy Metric=0.0193]

Epoch 35:  69%|██████▉   | 11/16 [00:06<00:02,  1.74it/s][A
Training Epochs:  18%|█▊        | 35/200 [03:41<24:27,  8.89s/it, -ELBO=1.5059, Potential Metric=0.1090, Entropy Metric=0.0203]

Epoch 35:  75%|███████▌  | 12/16 [00:06<00:02,  1.73it/s][A
Training Epochs:  18%|█▊        | 35/200 [03:42<24:27,  8.89s/it, -ELBO=1.4903, Potential Metric=0.1123, Entropy Metric=0.0193]

Epoch 35:  81%|████████▏ | 13/16 [00:07<00:01,  1.72it/s][A
Training Epochs:  18%|█▊        | 35/200 [03:42<24:27,  8.89s/it, -ELBO=1.5022, Potential Metric=0.1073, Entropy Metric=0.0193]

Epoch 35:  88%|████████▊ | 14/16 [00:07<00:01,  1.68it/s][A
Training Epochs:  18%|█▊        | 35/200 [03:43<24:27,  8.89s/it, -ELBO=1.5217, Potential Metric=0.1069, Entropy Metric=0.0189]

Epoch 35:  94%|█████████▍| 15/16 [00:08<00:00,  1.69it/s][A
Training Epochs:  18%|█▊        | 35/200 [03:43<24:27,  8.89s/it, -ELBO=1.4975, Potential Metric=0.1053, Entropy Metric=0.0189]

Epoch 35: 100%|██████████| 16/16 [00:09<00:00,  1.81it/s][A

                                                         [A
Training Epochs:  18%|█▊        | 36/200 [03:43<24:29,  8.96s/it, -ELBO=1.4975, Potential Metric=0.1053, Entropy Metric=0.0189]

Epoch 36:   0%|          | 0/16 [00:00<?, ?it/s][A
Training Epochs:  18%|█▊        | 36/200 [03:44<24:29,  8.96s/it, -ELBO=1.4709, Potential Metric=0.0974, Entropy Metric=0.0196]

Epoch 36:   6%|▋         | 1/16 [00:00<00:08,  1.75it/s][A
Training Epochs:  18%|█▊        | 36/200 [03:45<24:29,  8.96s/it, -ELBO=1.5222, Potential Metric=0.0937, Entropy Metric=0.0195]

Epoch 36:  12%|█▎        | 2/16 [00:01<00:07,  1.93it/s][A
Training Epochs:  18%|█▊        | 36/200 [03:45<24:29,  8.96s/it, -ELBO=1.5106, Potential Metric=0.0987, Entropy Metric=0.0185]

Epoch 36:  19%|█▉        | 3/16 [00:01<00:07,  1.82it/s][A
Training Epochs:  18%|█▊        | 36/200 [03:46<24:29,  8.96s/it, -ELBO=1.5088, Potential Metric=0.0984, Entropy Metric=0.0192]

Epoch 36:  25%|██▌       | 4/16 [00:02<00:06,  1.79it/s][A
Training Epochs:  18%|█▊        | 36/200 [03:46<24:29,  8.96s/it, -ELBO=1.5448, Potential Metric=0.0968, Entropy Metric=0.0205]

Epoch 36:  31%|███▏      | 5/16 [00:02<00:06,  1.82it/s][A
Training Epochs:  18%|█▊        | 36/200 [03:47<24:29,  8.96s/it, -ELBO=1.4838, Potential Metric=0.0923, Entropy Metric=0.0182]

Epoch 36:  38%|███▊      | 6/16 [00:03<00:05,  1.81it/s][A
Training Epochs:  18%|█▊        | 36/200 [03:47<24:29,  8.96s/it, -ELBO=1.4961, Potential Metric=0.0973, Entropy Metric=0.0197]

Epoch 36:  44%|████▍     | 7/16 [00:03<00:04,  1.83it/s][A
Training Epochs:  18%|█▊        | 36/200 [03:48<24:29,  8.96s/it, -ELBO=1.4943, Potential Metric=0.1050, Entropy Metric=0.0200]

Epoch 36:  50%|█████     | 8/16 [00:04<00:04,  1.81it/s][A
Training Epochs:  18%|█▊        | 36/200 [03:48<24:29,  8.96s/it, -ELBO=1.5123, Potential Metric=0.1065, Entropy Metric=0.0197]

Epoch 36:  56%|█████▋    | 9/16 [00:04<00:03,  1.79it/s][A
Training Epochs:  18%|█▊        | 36/200 [03:49<24:29,  8.96s/it, -ELBO=1.4875, Potential Metric=0.1109, Entropy Metric=0.0204]

Epoch 36:  62%|██████▎   | 10/16 [00:05<00:03,  1.79it/s][A
Training Epochs:  18%|█▊        | 36/200 [03:50<24:29,  8.96s/it, -ELBO=1.4737, Potential Metric=0.1025, Entropy Metric=0.0192]

Epoch 36:  69%|██████▉   | 11/16 [00:06<00:02,  1.75it/s][A
Training Epochs:  18%|█▊        | 36/200 [03:50<24:29,  8.96s/it, -ELBO=1.5246, Potential Metric=0.1063, Entropy Metric=0.0184]

Epoch 36:  75%|███████▌  | 12/16 [00:06<00:02,  1.71it/s][A
Training Epochs:  18%|█▊        | 36/200 [03:51<24:29,  8.96s/it, -ELBO=1.5566, Potential Metric=0.1078, Entropy Metric=0.0191]

Epoch 36:  81%|████████▏ | 13/16 [00:07<00:01,  1.68it/s][A
Training Epochs:  18%|█▊        | 36/200 [03:51<24:29,  8.96s/it, -ELBO=1.4869, Potential Metric=0.1068, Entropy Metric=0.0191]

Epoch 36:  88%|████████▊ | 14/16 [00:07<00:01,  1.68it/s][A
Training Epochs:  18%|█▊        | 36/200 [03:52<24:29,  8.96s/it, -ELBO=1.5467, Potential Metric=0.0990, Entropy Metric=0.0197]

Epoch 36:  94%|█████████▍| 15/16 [00:08<00:00,  1.69it/s][A
Training Epochs:  18%|█▊        | 36/200 [03:53<24:29,  8.96s/it, -ELBO=1.5145, Potential Metric=0.1071, Entropy Metric=0.0211]

Epoch 36: 100%|██████████| 16/16 [00:09<00:00,  1.69it/s][A

                                                         [A
Training Epochs:  18%|█▊        | 37/200 [03:53<24:30,  9.02s/it, -ELBO=1.5145, Potential Metric=0.1071, Entropy Metric=0.0211]

Epoch 37:   0%|          | 0/16 [00:00<?, ?it/s][A
Training Epochs:  18%|█▊        | 37/200 [03:53<24:30,  9.02s/it, -ELBO=1.5112, Potential Metric=0.1013, Entropy Metric=0.0197]

Epoch 37:   6%|▋         | 1/16 [00:00<00:08,  1.71it/s][A
Training Epochs:  18%|█▊        | 37/200 [03:54<24:30,  9.02s/it, -ELBO=1.5384, Potential Metric=0.1078, Entropy Metric=0.0188]

Epoch 37:  12%|█▎        | 2/16 [00:01<00:08,  1.63it/s][A
Training Epochs:  18%|█▊        | 37/200 [03:55<24:30,  9.02s/it, -ELBO=1.5090, Potential Metric=0.1036, Entropy Metric=0.0197]

Epoch 37:  19%|█▉        | 3/16 [00:01<00:07,  1.63it/s][A
Training Epochs:  18%|█▊        | 37/200 [03:55<24:30,  9.02s/it, -ELBO=1.5189, Potential Metric=0.0948, Entropy Metric=0.0205]

Epoch 37:  25%|██▌       | 4/16 [00:02<00:07,  1.60it/s][A
Training Epochs:  18%|█▊        | 37/200 [03:56<24:30,  9.02s/it, -ELBO=1.4604, Potential Metric=0.0977, Entropy Metric=0.0217]

Epoch 37:  31%|███▏      | 5/16 [00:03<00:06,  1.66it/s][A
Training Epochs:  18%|█▊        | 37/200 [03:56<24:30,  9.02s/it, -ELBO=1.4959, Potential Metric=0.0983, Entropy Metric=0.0205]

Epoch 37:  38%|███▊      | 6/16 [00:03<00:05,  1.67it/s][A
Training Epochs:  18%|█▊        | 37/200 [03:57<24:30,  9.02s/it, -ELBO=1.4832, Potential Metric=0.1017, Entropy Metric=0.0202]

Epoch 37:  44%|████▍     | 7/16 [00:04<00:04,  1.81it/s][A
Training Epochs:  18%|█▊        | 37/200 [03:57<24:30,  9.02s/it, -ELBO=1.5026, Potential Metric=0.1101, Entropy Metric=0.0195]

Epoch 37:  50%|█████     | 8/16 [00:04<00:04,  1.88it/s][A
Training Epochs:  18%|█▊        | 37/200 [03:58<24:30,  9.02s/it, -ELBO=1.5176, Potential Metric=0.1090, Entropy Metric=0.0195]

Epoch 37:  56%|█████▋    | 9/16 [00:05<00:03,  1.90it/s][A
Training Epochs:  18%|█▊        | 37/200 [03:58<24:30,  9.02s/it, -ELBO=1.4985, Potential Metric=0.0888, Entropy Metric=0.0169]

Epoch 37:  62%|██████▎   | 10/16 [00:05<00:03,  1.85it/s][A
Training Epochs:  18%|█▊        | 37/200 [03:59<24:30,  9.02s/it, -ELBO=1.5098, Potential Metric=0.0970, Entropy Metric=0.0172]

Epoch 37:  69%|██████▉   | 11/16 [00:06<00:02,  1.82it/s][A
Training Epochs:  18%|█▊        | 37/200 [04:00<24:30,  9.02s/it, -ELBO=1.4926, Potential Metric=0.0967, Entropy Metric=0.0179]

Epoch 37:  75%|███████▌  | 12/16 [00:06<00:02,  1.69it/s][A
Training Epochs:  18%|█▊        | 37/200 [04:00<24:30,  9.02s/it, -ELBO=1.5175, Potential Metric=0.1020, Entropy Metric=0.0180]

Epoch 37:  81%|████████▏ | 13/16 [00:07<00:01,  1.80it/s][A
Training Epochs:  18%|█▊        | 37/200 [04:01<24:30,  9.02s/it, -ELBO=1.4750, Potential Metric=0.1104, Entropy Metric=0.0169]

Epoch 37:  88%|████████▊ | 14/16 [00:07<00:01,  1.89it/s][A
Training Epochs:  18%|█▊        | 37/200 [04:01<24:30,  9.02s/it, -ELBO=1.5022, Potential Metric=0.0903, Entropy Metric=0.0168]

Epoch 37:  94%|█████████▍| 15/16 [00:08<00:00,  1.87it/s][A
Training Epochs:  18%|█▊        | 37/200 [04:02<24:30,  9.02s/it, -ELBO=1.5062, Potential Metric=0.1036, Entropy Metric=0.0169]

Epoch 37: 100%|██████████| 16/16 [00:08<00:00,  1.84it/s][A

                                                         [A
Training Epochs:  19%|█▉        | 38/200 [04:02<24:20,  9.02s/it, -ELBO=1.5062, Potential Metric=0.1036, Entropy Metric=0.0169]

Epoch 38:   0%|          | 0/16 [00:00<?, ?it/s][A
Training Epochs:  19%|█▉        | 38/200 [04:02<24:20,  9.02s/it, -ELBO=1.4786, Potential Metric=0.1022, Entropy Metric=0.0161]

Epoch 38:   6%|▋         | 1/16 [00:00<00:08,  1.67it/s][A
Training Epochs:  19%|█▉        | 38/200 [04:03<24:20,  9.02s/it, -ELBO=1.5348, Potential Metric=0.1057, Entropy Metric=0.0174]

Epoch 38:  12%|█▎        | 2/16 [00:01<00:08,  1.68it/s][A
Training Epochs:  19%|█▉        | 38/200 [04:03<24:20,  9.02s/it, -ELBO=1.5033, Potential Metric=0.1113, Entropy Metric=0.0188]

Epoch 38:  19%|█▉        | 3/16 [00:01<00:07,  1.76it/s][A
Training Epochs:  19%|█▉        | 38/200 [04:04<24:20,  9.02s/it, -ELBO=1.4945, Potential Metric=0.1028, Entropy Metric=0.0186]

Epoch 38:  25%|██▌       | 4/16 [00:02<00:06,  1.75it/s][A
Training Epochs:  19%|█▉        | 38/200 [04:05<24:20,  9.02s/it, -ELBO=1.5071, Potential Metric=0.1031, Entropy Metric=0.0197]

Epoch 38:  31%|███▏      | 5/16 [00:02<00:06,  1.76it/s][A
Training Epochs:  19%|█▉        | 38/200 [04:05<24:20,  9.02s/it, -ELBO=1.4775, Potential Metric=0.1073, Entropy Metric=0.0195]

Epoch 38:  38%|███▊      | 6/16 [00:03<00:05,  1.79it/s][A
Training Epochs:  19%|█▉        | 38/200 [04:06<24:20,  9.02s/it, -ELBO=1.5344, Potential Metric=0.1119, Entropy Metric=0.0199]

Epoch 38:  44%|████▍     | 7/16 [00:03<00:05,  1.76it/s][A
Training Epochs:  19%|█▉        | 38/200 [04:06<24:20,  9.02s/it, -ELBO=1.5046, Potential Metric=0.1038, Entropy Metric=0.0186]

Epoch 38:  50%|█████     | 8/16 [00:04<00:04,  1.76it/s][A
Training Epochs:  19%|█▉        | 38/200 [04:07<24:20,  9.02s/it, -ELBO=1.5279, Potential Metric=0.1036, Entropy Metric=0.0182]

Epoch 38:  56%|█████▋    | 9/16 [00:05<00:03,  1.78it/s][A
Training Epochs:  19%|█▉        | 38/200 [04:07<24:20,  9.02s/it, -ELBO=1.4916, Potential Metric=0.1024, Entropy Metric=0.0179]

Epoch 38:  62%|██████▎   | 10/16 [00:05<00:03,  1.77it/s][A
Training Epochs:  19%|█▉        | 38/200 [04:08<24:20,  9.02s/it, -ELBO=1.4934, Potential Metric=0.0960, Entropy Metric=0.0173]

Epoch 38:  69%|██████▉   | 11/16 [00:06<00:02,  1.73it/s][A
Training Epochs:  19%|█▉        | 38/200 [04:09<24:20,  9.02s/it, -ELBO=1.4651, Potential Metric=0.1047, Entropy Metric=0.0172]

Epoch 38:  75%|███████▌  | 12/16 [00:06<00:02,  1.72it/s][A
Training Epochs:  19%|█▉        | 38/200 [04:09<24:20,  9.02s/it, -ELBO=1.4634, Potential Metric=0.1069, Entropy Metric=0.0171]

Epoch 38:  81%|████████▏ | 13/16 [00:07<00:01,  1.72it/s][A
Training Epochs:  19%|█▉        | 38/200 [04:10<24:20,  9.02s/it, -ELBO=1.4753, Potential Metric=0.1012, Entropy Metric=0.0170]

Epoch 38:  88%|████████▊ | 14/16 [00:08<00:01,  1.72it/s][A
Training Epochs:  19%|█▉        | 38/200 [04:10<24:20,  9.02s/it, -ELBO=1.4924, Potential Metric=0.1019, Entropy Metric=0.0166]

Epoch 38:  94%|█████████▍| 15/16 [00:08<00:00,  1.70it/s][A
Training Epochs:  19%|█▉        | 38/200 [04:11<24:20,  9.02s/it, -ELBO=1.4756, Potential Metric=0.0973, Entropy Metric=0.0173]

Epoch 38: 100%|██████████| 16/16 [00:09<00:00,  1.76it/s][A

                                                         [A
Training Epochs:  20%|█▉        | 39/200 [04:11<24:22,  9.08s/it, -ELBO=1.4756, Potential Metric=0.0973, Entropy Metric=0.0173]

Epoch 39:   0%|          | 0/16 [00:00<?, ?it/s][A
Training Epochs:  20%|█▉        | 39/200 [04:11<24:22,  9.08s/it, -ELBO=1.4703, Potential Metric=0.0938, Entropy Metric=0.0159]

Epoch 39:   6%|▋         | 1/16 [00:00<00:08,  1.80it/s][A
Training Epochs:  20%|█▉        | 39/200 [04:12<24:22,  9.08s/it, -ELBO=1.4571, Potential Metric=0.0985, Entropy Metric=0.0163]

Epoch 39:  12%|█▎        | 2/16 [00:01<00:07,  1.90it/s][A
Training Epochs:  20%|█▉        | 39/200 [04:12<24:22,  9.08s/it, -ELBO=1.4901, Potential Metric=0.1040, Entropy Metric=0.0177]

Epoch 39:  19%|█▉        | 3/16 [00:01<00:06,  1.93it/s][A
Training Epochs:  20%|█▉        | 39/200 [04:13<24:22,  9.08s/it, -ELBO=1.5228, Potential Metric=0.0899, Entropy Metric=0.0175]

Epoch 39:  25%|██▌       | 4/16 [00:02<00:06,  1.89it/s][A
Training Epochs:  20%|█▉        | 39/200 [04:14<24:22,  9.08s/it, -ELBO=1.5120, Potential Metric=0.1030, Entropy Metric=0.0184]

Epoch 39:  31%|███▏      | 5/16 [00:02<00:05,  1.85it/s][A
Training Epochs:  20%|█▉        | 39/200 [04:14<24:22,  9.08s/it, -ELBO=1.4752, Potential Metric=0.1041, Entropy Metric=0.0189]

Epoch 39:  38%|███▊      | 6/16 [00:03<00:05,  1.81it/s][A
Training Epochs:  20%|█▉        | 39/200 [04:15<24:22,  9.08s/it, -ELBO=1.4974, Potential Metric=0.1041, Entropy Metric=0.0191]

Epoch 39:  44%|████▍     | 7/16 [00:03<00:05,  1.75it/s][A
Training Epochs:  20%|█▉        | 39/200 [04:15<24:22,  9.08s/it, -ELBO=1.5067, Potential Metric=0.0996, Entropy Metric=0.0193]

Epoch 39:  50%|█████     | 8/16 [00:04<00:04,  1.69it/s][A
Training Epochs:  20%|█▉        | 39/200 [04:16<24:22,  9.08s/it, -ELBO=1.4729, Potential Metric=0.1013, Entropy Metric=0.0198]

Epoch 39:  56%|█████▋    | 9/16 [00:05<00:03,  1.76it/s][A
Training Epochs:  20%|█▉        | 39/200 [04:17<24:22,  9.08s/it, -ELBO=1.5177, Potential Metric=0.1073, Entropy Metric=0.0207]

Epoch 39:  62%|██████▎   | 10/16 [00:05<00:03,  1.68it/s][A
Training Epochs:  20%|█▉        | 39/200 [04:17<24:22,  9.08s/it, -ELBO=1.4792, Potential Metric=0.1037, Entropy Metric=0.0205]

Epoch 39:  69%|██████▉   | 11/16 [00:06<00:02,  1.68it/s][A
Training Epochs:  20%|█▉        | 39/200 [04:18<24:22,  9.08s/it, -ELBO=1.4917, Potential Metric=0.1052, Entropy Metric=0.0216]

Epoch 39:  75%|███████▌  | 12/16 [00:06<00:02,  1.68it/s][A
Training Epochs:  20%|█▉        | 39/200 [04:18<24:22,  9.08s/it, -ELBO=1.4969, Potential Metric=0.1140, Entropy Metric=0.0229]

Epoch 39:  81%|████████▏ | 13/16 [00:07<00:01,  1.65it/s][A
Training Epochs:  20%|█▉        | 39/200 [04:19<24:22,  9.08s/it, -ELBO=1.4906, Potential Metric=0.1020, Entropy Metric=0.0213]

Epoch 39:  88%|████████▊ | 14/16 [00:08<00:01,  1.70it/s][A
Training Epochs:  20%|█▉        | 39/200 [04:20<24:22,  9.08s/it, -ELBO=1.4754, Potential Metric=0.1020, Entropy Metric=0.0190]

Epoch 39:  94%|█████████▍| 15/16 [00:08<00:00,  1.72it/s][A
Training Epochs:  20%|█▉        | 39/200 [04:20<24:22,  9.08s/it, -ELBO=1.4920, Potential Metric=0.1030, Entropy Metric=0.0204]

Epoch 39: 100%|██████████| 16/16 [00:09<00:00,  1.69it/s][A

                                                         [A
Training Epochs:  20%|██        | 40/200 [04:20<24:21,  9.14s/it, -ELBO=1.4920, Potential Metric=0.1030, Entropy Metric=0.0204]

Epoch 40:   0%|          | 0/16 [00:00<?, ?it/s][A
Training Epochs:  20%|██        | 40/200 [04:21<24:21,  9.14s/it, -ELBO=1.4519, Potential Metric=0.1037, Entropy Metric=0.0197]

Epoch 40:   6%|▋         | 1/16 [00:00<00:09,  1.62it/s][A
Training Epochs:  20%|██        | 40/200 [04:21<24:21,  9.14s/it, -ELBO=1.4724, Potential Metric=0.0965, Entropy Metric=0.0192]

Epoch 40:  12%|█▎        | 2/16 [00:01<00:07,  1.75it/s][A
Training Epochs:  20%|██        | 40/200 [04:22<24:21,  9.14s/it, -ELBO=1.4765, Potential Metric=0.1065, Entropy Metric=0.0196]

Epoch 40:  19%|█▉        | 3/16 [00:01<00:07,  1.84it/s][A
Training Epochs:  20%|██        | 40/200 [04:22<24:21,  9.14s/it, -ELBO=1.5148, Potential Metric=0.1099, Entropy Metric=0.0206]

Epoch 40:  25%|██▌       | 4/16 [00:02<00:06,  1.85it/s][A
Training Epochs:  20%|██        | 40/200 [04:23<24:21,  9.14s/it, -ELBO=1.4723, Potential Metric=0.1061, Entropy Metric=0.0195]

Epoch 40:  31%|███▏      | 5/16 [00:02<00:06,  1.65it/s][A
Training Epochs:  20%|██        | 40/200 [04:24<24:21,  9.14s/it, -ELBO=1.5058, Potential Metric=0.1060, Entropy Metric=0.0197]

Epoch 40:  38%|███▊      | 6/16 [00:03<00:06,  1.66it/s][A
Training Epochs:  20%|██        | 40/200 [04:24<24:21,  9.14s/it, -ELBO=1.4858, Potential Metric=0.1277, Entropy Metric=0.0205]

Epoch 40:  44%|████▍     | 7/16 [00:04<00:05,  1.69it/s][A
Training Epochs:  20%|██        | 40/200 [04:25<24:21,  9.14s/it, -ELBO=1.4611, Potential Metric=0.1103, Entropy Metric=0.0202]

Epoch 40:  50%|█████     | 8/16 [00:04<00:04,  1.74it/s][A
Training Epochs:  20%|██        | 40/200 [04:25<24:21,  9.14s/it, -ELBO=1.4758, Potential Metric=0.1028, Entropy Metric=0.0190]

Epoch 40:  56%|█████▋    | 9/16 [00:05<00:04,  1.73it/s][A
Training Epochs:  20%|██        | 40/200 [04:26<24:21,  9.14s/it, -ELBO=1.4947, Potential Metric=0.1067, Entropy Metric=0.0206]

Epoch 40:  62%|██████▎   | 10/16 [00:05<00:03,  1.71it/s][A
Training Epochs:  20%|██        | 40/200 [04:27<24:21,  9.14s/it, -ELBO=1.4764, Potential Metric=0.1191, Entropy Metric=0.0204]

Epoch 40:  69%|██████▉   | 11/16 [00:06<00:02,  1.72it/s][A
Training Epochs:  20%|██        | 40/200 [04:27<24:21,  9.14s/it, -ELBO=1.4542, Potential Metric=0.1185, Entropy Metric=0.0210]

Epoch 40:  75%|███████▌  | 12/16 [00:06<00:02,  1.78it/s][A
Training Epochs:  20%|██        | 40/200 [04:28<24:21,  9.14s/it, -ELBO=1.4911, Potential Metric=0.1066, Entropy Metric=0.0214]

Epoch 40:  81%|████████▏ | 13/16 [00:07<00:01,  1.76it/s][A
Training Epochs:  20%|██        | 40/200 [04:28<24:21,  9.14s/it, -ELBO=1.5062, Potential Metric=0.1198, Entropy Metric=0.0233]

Epoch 40:  88%|████████▊ | 14/16 [00:08<00:01,  1.74it/s][A
Training Epochs:  20%|██        | 40/200 [04:29<24:21,  9.14s/it, -ELBO=1.4800, Potential Metric=0.1151, Entropy Metric=0.0224]

Epoch 40:  94%|█████████▍| 15/16 [00:08<00:00,  1.68it/s][A
Training Epochs:  20%|██        | 40/200 [04:30<24:21,  9.14s/it, -ELBO=1.4966, Potential Metric=0.0989, Entropy Metric=0.0226]

Epoch 40: 100%|██████████| 16/16 [00:09<00:00,  1.66it/s][A

                                                         [A
Training Epochs:  20%|██        | 41/200 [04:30<24:23,  9.21s/it, -ELBO=1.4966, Potential Metric=0.0989, Entropy Metric=0.0226]

Epoch 41:   0%|          | 0/16 [00:00<?, ?it/s][A
Training Epochs:  20%|██        | 41/200 [04:30<24:23,  9.21s/it, -ELBO=1.4915, Potential Metric=0.1011, Entropy Metric=0.0208]

Epoch 41:   6%|▋         | 1/16 [00:00<00:09,  1.54it/s][A
Training Epochs:  20%|██        | 41/200 [04:31<24:23,  9.21s/it, -ELBO=1.4777, Potential Metric=0.1079, Entropy Metric=0.0203]

Epoch 41:  12%|█▎        | 2/16 [00:01<00:08,  1.64it/s][A
Training Epochs:  20%|██        | 41/200 [04:31<24:23,  9.21s/it, -ELBO=1.4731, Potential Metric=0.1124, Entropy Metric=0.0202]

Epoch 41:  19%|█▉        | 3/16 [00:01<00:07,  1.66it/s][A
Training Epochs:  20%|██        | 41/200 [04:32<24:23,  9.21s/it, -ELBO=1.4694, Potential Metric=0.1139, Entropy Metric=0.0196]

Epoch 41:  25%|██▌       | 4/16 [00:02<00:06,  1.73it/s][A
Training Epochs:  20%|██        | 41/200 [04:32<24:23,  9.21s/it, -ELBO=1.5024, Potential Metric=0.1174, Entropy Metric=0.0187]

Epoch 41:  31%|███▏      | 5/16 [00:02<00:06,  1.73it/s][A
Training Epochs:  20%|██        | 41/200 [04:33<24:23,  9.21s/it, -ELBO=1.4623, Potential Metric=0.1085, Entropy Metric=0.0196]

Epoch 41:  38%|███▊      | 6/16 [00:03<00:05,  1.69it/s][A
Training Epochs:  20%|██        | 41/200 [04:34<24:23,  9.21s/it, -ELBO=1.4950, Potential Metric=0.1137, Entropy Metric=0.0208]

Epoch 41:  44%|████▍     | 7/16 [00:04<00:05,  1.67it/s][A
Training Epochs:  20%|██        | 41/200 [04:34<24:23,  9.21s/it, -ELBO=1.5119, Potential Metric=0.1146, Entropy Metric=0.0211]

Epoch 41:  50%|█████     | 8/16 [00:04<00:04,  1.67it/s][A
Training Epochs:  20%|██        | 41/200 [04:35<24:23,  9.21s/it, -ELBO=1.4667, Potential Metric=0.1233, Entropy Metric=0.0226]

Epoch 41:  56%|█████▋    | 9/16 [00:05<00:04,  1.68it/s][A
Training Epochs:  20%|██        | 41/200 [04:36<24:23,  9.21s/it, -ELBO=1.4648, Potential Metric=0.1082, Entropy Metric=0.0245]

Epoch 41:  62%|██████▎   | 10/16 [00:05<00:03,  1.65it/s][A
Training Epochs:  20%|██        | 41/200 [04:36<24:23,  9.21s/it, -ELBO=1.4805, Potential Metric=0.1067, Entropy Metric=0.0232]

Epoch 41:  69%|██████▉   | 11/16 [00:06<00:02,  1.67it/s][A
Training Epochs:  20%|██        | 41/200 [04:37<24:23,  9.21s/it, -ELBO=1.4304, Potential Metric=0.1157, Entropy Metric=0.0216]

Epoch 41:  75%|███████▌  | 12/16 [00:07<00:02,  1.72it/s][A
Training Epochs:  20%|██        | 41/200 [04:37<24:23,  9.21s/it, -ELBO=1.4708, Potential Metric=0.1164, Entropy Metric=0.0222]

Epoch 41:  81%|████████▏ | 13/16 [00:07<00:01,  1.74it/s][A
Training Epochs:  20%|██        | 41/200 [04:38<24:23,  9.21s/it, -ELBO=1.4032, Potential Metric=0.1211, Entropy Metric=0.0204]

Epoch 41:  88%|████████▊ | 14/16 [00:08<00:01,  1.68it/s][A
Training Epochs:  20%|██        | 41/200 [04:38<24:23,  9.21s/it, -ELBO=1.4912, Potential Metric=0.1116, Entropy Metric=0.0213]

Epoch 41:  94%|█████████▍| 15/16 [00:08<00:00,  1.70it/s][A
Training Epochs:  20%|██        | 41/200 [04:39<24:23,  9.21s/it, -ELBO=1.4773, Potential Metric=0.1080, Entropy Metric=0.0187]

Epoch 41: 100%|██████████| 16/16 [00:09<00:00,  1.70it/s][A

                                                         [A
Training Epochs:  21%|██        | 42/200 [04:39<24:28,  9.30s/it, -ELBO=1.4773, Potential Metric=0.1080, Entropy Metric=0.0187]

Epoch 42:   0%|          | 0/16 [00:00<?, ?it/s][A
Training Epochs:  21%|██        | 42/200 [04:40<24:28,  9.30s/it, -ELBO=1.5066, Potential Metric=0.1082, Entropy Metric=0.0183]

Epoch 42:   6%|▋         | 1/16 [00:00<00:09,  1.66it/s][A
Training Epochs:  21%|██        | 42/200 [04:40<24:28,  9.30s/it, -ELBO=1.4388, Potential Metric=0.1013, Entropy Metric=0.0167]

Epoch 42:  12%|█▎        | 2/16 [00:01<00:08,  1.64it/s][A
Training Epochs:  21%|██        | 42/200 [04:41<24:28,  9.30s/it, -ELBO=1.4706, Potential Metric=0.1058, Entropy Metric=0.0189]

Epoch 42:  19%|█▉        | 3/16 [00:01<00:07,  1.65it/s][A
Training Epochs:  21%|██        | 42/200 [04:41<24:28,  9.30s/it, -ELBO=1.4805, Potential Metric=0.1088, Entropy Metric=0.0179]

Epoch 42:  25%|██▌       | 4/16 [00:02<00:07,  1.65it/s][A
Training Epochs:  21%|██        | 42/200 [04:42<24:28,  9.30s/it, -ELBO=1.4676, Potential Metric=0.1094, Entropy Metric=0.0188]

Epoch 42:  31%|███▏      | 5/16 [00:03<00:06,  1.63it/s][A
Training Epochs:  21%|██        | 42/200 [04:43<24:28,  9.30s/it, -ELBO=1.4515, Potential Metric=0.1212, Entropy Metric=0.0198]

Epoch 42:  38%|███▊      | 6/16 [00:03<00:06,  1.66it/s][A
Training Epochs:  21%|██        | 42/200 [04:43<24:28,  9.30s/it, -ELBO=1.4943, Potential Metric=0.1114, Entropy Metric=0.0203]

Epoch 42:  44%|████▍     | 7/16 [00:04<00:05,  1.68it/s][A
Training Epochs:  21%|██        | 42/200 [04:44<24:28,  9.30s/it, -ELBO=1.4287, Potential Metric=0.1146, Entropy Metric=0.0198]

Epoch 42:  50%|█████     | 8/16 [00:04<00:04,  1.69it/s][A
Training Epochs:  21%|██        | 42/200 [04:45<24:28,  9.30s/it, -ELBO=1.4928, Potential Metric=0.1114, Entropy Metric=0.0196]

Epoch 42:  56%|█████▋    | 9/16 [00:05<00:04,  1.65it/s][A
Training Epochs:  21%|██        | 42/200 [04:45<24:28,  9.30s/it, -ELBO=1.4430, Potential Metric=0.1196, Entropy Metric=0.0187]

Epoch 42:  62%|██████▎   | 10/16 [00:05<00:03,  1.72it/s][A
Training Epochs:  21%|██        | 42/200 [04:46<24:28,  9.30s/it, -ELBO=1.4607, Potential Metric=0.1143, Entropy Metric=0.0193]

Epoch 42:  69%|██████▉   | 11/16 [00:06<00:03,  1.57it/s][A
Training Epochs:  21%|██        | 42/200 [04:46<24:28,  9.30s/it, -ELBO=1.4619, Potential Metric=0.1057, Entropy Metric=0.0183]

Epoch 42:  75%|███████▌  | 12/16 [00:07<00:02,  1.60it/s][A
Training Epochs:  21%|██        | 42/200 [04:47<24:28,  9.30s/it, -ELBO=1.4895, Potential Metric=0.1102, Entropy Metric=0.0194]

Epoch 42:  81%|████████▏ | 13/16 [00:07<00:01,  1.63it/s][A
Training Epochs:  21%|██        | 42/200 [04:48<24:28,  9.30s/it, -ELBO=1.4357, Potential Metric=0.1110, Entropy Metric=0.0203]

Epoch 42:  88%|████████▊ | 14/16 [00:08<00:01,  1.68it/s][A
Training Epochs:  21%|██        | 42/200 [04:48<24:28,  9.30s/it, -ELBO=1.4903, Potential Metric=0.1086, Entropy Metric=0.0201]

Epoch 42:  94%|█████████▍| 15/16 [00:09<00:00,  1.65it/s][A
Training Epochs:  21%|██        | 42/200 [04:49<24:28,  9.30s/it, -ELBO=1.4459, Potential Metric=0.1076, Entropy Metric=0.0206]

Epoch 42: 100%|██████████| 16/16 [00:09<00:00,  1.64it/s][A

                                                         [A
Training Epochs:  22%|██▏       | 43/200 [04:49<24:41,  9.43s/it, -ELBO=1.4459, Potential Metric=0.1076, Entropy Metric=0.0206]

Epoch 43:   0%|          | 0/16 [00:00<?, ?it/s][A
Training Epochs:  22%|██▏       | 43/200 [04:50<24:41,  9.43s/it, -ELBO=1.4705, Potential Metric=0.1091, Entropy Metric=0.0203]

Epoch 43:   6%|▋         | 1/16 [00:00<00:09,  1.57it/s][A
Training Epochs:  22%|██▏       | 43/200 [04:50<24:41,  9.43s/it, -ELBO=1.4759, Potential Metric=0.1017, Entropy Metric=0.0195]

Epoch 43:  12%|█▎        | 2/16 [00:01<00:08,  1.64it/s][A
Training Epochs:  22%|██▏       | 43/200 [04:51<24:41,  9.43s/it, -ELBO=1.4820, Potential Metric=0.1034, Entropy Metric=0.0196]

Epoch 43:  19%|█▉        | 3/16 [00:01<00:07,  1.66it/s][A
Training Epochs:  22%|██▏       | 43/200 [04:51<24:41,  9.43s/it, -ELBO=1.4286, Potential Metric=0.1102, Entropy Metric=0.0185]

Epoch 43:  25%|██▌       | 4/16 [00:02<00:07,  1.62it/s][A
Training Epochs:  22%|██▏       | 43/200 [04:52<24:41,  9.43s/it, -ELBO=1.4302, Potential Metric=0.1067, Entropy Metric=0.0176]

Epoch 43:  31%|███▏      | 5/16 [00:03<00:06,  1.66it/s][A
Training Epochs:  22%|██▏       | 43/200 [04:53<24:41,  9.43s/it, -ELBO=1.4697, Potential Metric=0.1089, Entropy Metric=0.0177]

Epoch 43:  38%|███▊      | 6/16 [00:03<00:06,  1.60it/s][A
Training Epochs:  22%|██▏       | 43/200 [04:53<24:41,  9.43s/it, -ELBO=1.4647, Potential Metric=0.1019, Entropy Metric=0.0187]

Epoch 43:  44%|████▍     | 7/16 [00:04<00:05,  1.60it/s][A
Training Epochs:  22%|██▏       | 43/200 [04:54<24:41,  9.43s/it, -ELBO=1.5012, Potential Metric=0.1084, Entropy Metric=0.0191]

Epoch 43:  50%|█████     | 8/16 [00:04<00:04,  1.64it/s][A
Training Epochs:  22%|██▏       | 43/200 [04:54<24:41,  9.43s/it, -ELBO=1.4649, Potential Metric=0.1152, Entropy Metric=0.0193]

Epoch 43:  56%|█████▋    | 9/16 [00:05<00:04,  1.63it/s][A
Training Epochs:  22%|██▏       | 43/200 [04:55<24:41,  9.43s/it, -ELBO=1.4120, Potential Metric=0.1192, Entropy Metric=0.0187]

Epoch 43:  62%|██████▎   | 10/16 [00:06<00:03,  1.63it/s][A
Training Epochs:  22%|██▏       | 43/200 [04:56<24:41,  9.43s/it, -ELBO=1.4379, Potential Metric=0.1130, Entropy Metric=0.0191]

Epoch 43:  69%|██████▉   | 11/16 [00:06<00:03,  1.66it/s][A
Training Epochs:  22%|██▏       | 43/200 [04:56<24:41,  9.43s/it, -ELBO=1.4493, Potential Metric=0.1003, Entropy Metric=0.0198]

Epoch 43:  75%|███████▌  | 12/16 [00:07<00:02,  1.70it/s][A
Training Epochs:  22%|██▏       | 43/200 [04:57<24:41,  9.43s/it, -ELBO=1.4797, Potential Metric=0.1195, Entropy Metric=0.0210]

Epoch 43:  81%|████████▏ | 13/16 [00:07<00:01,  1.73it/s][A
Training Epochs:  22%|██▏       | 43/200 [04:57<24:41,  9.43s/it, -ELBO=1.4489, Potential Metric=0.1133, Entropy Metric=0.0196]

Epoch 43:  88%|████████▊ | 14/16 [00:08<00:01,  1.70it/s][A
Training Epochs:  22%|██▏       | 43/200 [04:58<24:41,  9.43s/it, -ELBO=1.4591, Potential Metric=0.1131, Entropy Metric=0.0194]

Epoch 43:  94%|█████████▍| 15/16 [00:09<00:00,  1.68it/s][A
Training Epochs:  22%|██▏       | 43/200 [04:59<24:41,  9.43s/it, -ELBO=1.4655, Potential Metric=0.1124, Entropy Metric=0.0191]

Epoch 43: 100%|██████████| 16/16 [00:09<00:00,  1.64it/s][A

                                                         [A
Training Epochs:  22%|██▏       | 44/200 [04:59<24:47,  9.54s/it, -ELBO=1.4655, Potential Metric=0.1124, Entropy Metric=0.0191]

Epoch 44:   0%|          | 0/16 [00:00<?, ?it/s][A
Training Epochs:  22%|██▏       | 44/200 [04:59<24:47,  9.54s/it, -ELBO=1.4177, Potential Metric=0.1060, Entropy Metric=0.0195]

Epoch 44:   6%|▋         | 1/16 [00:00<00:11,  1.34it/s][A
Training Epochs:  22%|██▏       | 44/200 [05:00<24:47,  9.54s/it, -ELBO=1.4105, Potential Metric=0.1150, Entropy Metric=0.0194]

Epoch 44:  12%|█▎        | 2/16 [00:01<00:09,  1.46it/s][A
Training Epochs:  22%|██▏       | 44/200 [05:01<24:47,  9.54s/it, -ELBO=1.4952, Potential Metric=0.1091, Entropy Metric=0.0209]

Epoch 44:  19%|█▉        | 3/16 [00:02<00:08,  1.45it/s][A
Training Epochs:  22%|██▏       | 44/200 [05:01<24:47,  9.54s/it, -ELBO=1.4386, Potential Metric=0.1299, Entropy Metric=0.0231]

Epoch 44:  25%|██▌       | 4/16 [00:02<00:07,  1.51it/s][A
Training Epochs:  22%|██▏       | 44/200 [05:02<24:47,  9.54s/it, -ELBO=1.4449, Potential Metric=0.1226, Entropy Metric=0.0200]

Epoch 44:  31%|███▏      | 5/16 [00:03<00:07,  1.53it/s][A
Training Epochs:  22%|██▏       | 44/200 [05:03<24:47,  9.54s/it, -ELBO=1.4880, Potential Metric=0.1056, Entropy Metric=0.0221]

Epoch 44:  38%|███▊      | 6/16 [00:03<00:06,  1.57it/s][A
Training Epochs:  22%|██▏       | 44/200 [05:03<24:47,  9.54s/it, -ELBO=1.4721, Potential Metric=0.1079, Entropy Metric=0.0214]

Epoch 44:  44%|████▍     | 7/16 [00:04<00:05,  1.57it/s][A
Training Epochs:  22%|██▏       | 44/200 [05:04<24:47,  9.54s/it, -ELBO=1.4608, Potential Metric=0.1081, Entropy Metric=0.0206]

Epoch 44:  50%|█████     | 8/16 [00:05<00:05,  1.59it/s][A
Training Epochs:  22%|██▏       | 44/200 [05:04<24:47,  9.54s/it, -ELBO=1.4385, Potential Metric=0.1079, Entropy Metric=0.0205]

Epoch 44:  56%|█████▋    | 9/16 [00:05<00:04,  1.63it/s][A
Training Epochs:  22%|██▏       | 44/200 [05:05<24:47,  9.54s/it, -ELBO=1.4347, Potential Metric=0.0988, Entropy Metric=0.0204]

Epoch 44:  62%|██████▎   | 10/16 [00:06<00:03,  1.65it/s][A
Training Epochs:  22%|██▏       | 44/200 [05:06<24:47,  9.54s/it, -ELBO=1.4446, Potential Metric=0.1092, Entropy Metric=0.0209]

Epoch 44:  69%|██████▉   | 11/16 [00:06<00:02,  1.69it/s][A
Training Epochs:  22%|██▏       | 44/200 [05:06<24:47,  9.54s/it, -ELBO=1.4458, Potential Metric=0.1072, Entropy Metric=0.0207]

Epoch 44:  75%|███████▌  | 12/16 [00:07<00:02,  1.73it/s][A
Training Epochs:  22%|██▏       | 44/200 [05:07<24:47,  9.54s/it, -ELBO=1.4547, Potential Metric=0.1093, Entropy Metric=0.0193]

Epoch 44:  81%|████████▏ | 13/16 [00:08<00:01,  1.69it/s][A
Training Epochs:  22%|██▏       | 44/200 [05:07<24:47,  9.54s/it, -ELBO=1.4564, Potential Metric=0.1067, Entropy Metric=0.0183]

Epoch 44:  88%|████████▊ | 14/16 [00:08<00:01,  1.65it/s][A
Training Epochs:  22%|██▏       | 44/200 [05:08<24:47,  9.54s/it, -ELBO=1.4467, Potential Metric=0.1113, Entropy Metric=0.0185]

Epoch 44:  94%|█████████▍| 15/16 [00:09<00:00,  1.66it/s][A
Training Epochs:  22%|██▏       | 44/200 [05:09<24:47,  9.54s/it, -ELBO=1.4536, Potential Metric=0.1036, Entropy Metric=0.0177]

Epoch 44: 100%|██████████| 16/16 [00:10<00:00,  1.58it/s][A

                                                         [A
Training Epochs:  22%|██▎       | 45/200 [05:09<25:03,  9.70s/it, -ELBO=1.4536, Potential Metric=0.1036, Entropy Metric=0.0177]

Epoch 45:   0%|          | 0/16 [00:00<?, ?it/s][A
Training Epochs:  22%|██▎       | 45/200 [05:09<25:03,  9.70s/it, -ELBO=1.4647, Potential Metric=0.1034, Entropy Metric=0.0174]

Epoch 45:   6%|▋         | 1/16 [00:00<00:09,  1.50it/s][A
Training Epochs:  22%|██▎       | 45/200 [05:10<25:03,  9.70s/it, -ELBO=1.4382, Potential Metric=0.1118, Entropy Metric=0.0182]

Epoch 45:  12%|█▎        | 2/16 [00:01<00:08,  1.69it/s][A
Training Epochs:  22%|██▎       | 45/200 [05:10<25:03,  9.70s/it, -ELBO=1.4552, Potential Metric=0.1097, Entropy Metric=0.0185]

Epoch 45:  19%|█▉        | 3/16 [00:01<00:07,  1.74it/s][A
Training Epochs:  22%|██▎       | 45/200 [05:11<25:03,  9.70s/it, -ELBO=1.4725, Potential Metric=0.1020, Entropy Metric=0.0192]

Epoch 45:  25%|██▌       | 4/16 [00:02<00:07,  1.69it/s][A
Training Epochs:  22%|██▎       | 45/200 [05:12<25:03,  9.70s/it, -ELBO=1.4536, Potential Metric=0.1006, Entropy Metric=0.0190]

Epoch 45:  31%|███▏      | 5/16 [00:02<00:06,  1.73it/s][A
Training Epochs:  22%|██▎       | 45/200 [05:12<25:03,  9.70s/it, -ELBO=1.4540, Potential Metric=0.1071, Entropy Metric=0.0194]

Epoch 45:  38%|███▊      | 6/16 [00:03<00:05,  1.78it/s][A
Training Epochs:  22%|██▎       | 45/200 [05:13<25:03,  9.70s/it, -ELBO=1.3944, Potential Metric=0.1115, Entropy Metric=0.0177]

Epoch 45:  44%|████▍     | 7/16 [00:04<00:05,  1.71it/s][A
Training Epochs:  22%|██▎       | 45/200 [05:13<25:03,  9.70s/it, -ELBO=1.4303, Potential Metric=0.1127, Entropy Metric=0.0192]

Epoch 45:  50%|█████     | 8/16 [00:04<00:04,  1.69it/s][A
Training Epochs:  22%|██▎       | 45/200 [05:14<25:03,  9.70s/it, -ELBO=1.4572, Potential Metric=0.0975, Entropy Metric=0.0196]

Epoch 45:  56%|█████▋    | 9/16 [00:05<00:04,  1.65it/s][A
Training Epochs:  22%|██▎       | 45/200 [05:15<25:03,  9.70s/it, -ELBO=1.4249, Potential Metric=0.1082, Entropy Metric=0.0187]

Epoch 45:  62%|██████▎   | 10/16 [00:05<00:03,  1.67it/s][A
Training Epochs:  22%|██▎       | 45/200 [05:15<25:03,  9.70s/it, -ELBO=1.4681, Potential Metric=0.1126, Entropy Metric=0.0210]

Epoch 45:  69%|██████▉   | 11/16 [00:06<00:03,  1.62it/s][A
Training Epochs:  22%|██▎       | 45/200 [05:16<25:03,  9.70s/it, -ELBO=1.4692, Potential Metric=0.1163, Entropy Metric=0.0203]

Epoch 45:  75%|███████▌  | 12/16 [00:07<00:02,  1.65it/s][A
Training Epochs:  22%|██▎       | 45/200 [05:16<25:03,  9.70s/it, -ELBO=1.4162, Potential Metric=0.1139, Entropy Metric=0.0193]

Epoch 45:  81%|████████▏ | 13/16 [00:07<00:01,  1.63it/s][A
Training Epochs:  22%|██▎       | 45/200 [05:17<25:03,  9.70s/it, -ELBO=1.4428, Potential Metric=0.1145, Entropy Metric=0.0195]

Epoch 45:  88%|████████▊ | 14/16 [00:08<00:01,  1.61it/s][A
Training Epochs:  22%|██▎       | 45/200 [05:18<25:03,  9.70s/it, -ELBO=1.4829, Potential Metric=0.1152, Entropy Metric=0.0199]

Epoch 45:  94%|█████████▍| 15/16 [00:09<00:00,  1.63it/s][A
Training Epochs:  22%|██▎       | 45/200 [05:18<25:03,  9.70s/it, -ELBO=1.4377, Potential Metric=0.1122, Entropy Metric=0.0193]

Epoch 45: 100%|██████████| 16/16 [00:09<00:00,  1.60it/s][A

                                                         [A
Training Epochs:  23%|██▎       | 46/200 [05:18<24:55,  9.71s/it, -ELBO=1.4377, Potential Metric=0.1122, Entropy Metric=0.0193]

Epoch 46:   0%|          | 0/16 [00:00<?, ?it/s][A
Training Epochs:  23%|██▎       | 46/200 [05:19<24:55,  9.71s/it, -ELBO=1.4236, Potential Metric=0.1122, Entropy Metric=0.0196]

Epoch 46:   6%|▋         | 1/16 [00:00<00:10,  1.42it/s][A
Training Epochs:  23%|██▎       | 46/200 [05:20<24:55,  9.71s/it, -ELBO=1.4350, Potential Metric=0.1144, Entropy Metric=0.0182]

Epoch 46:  12%|█▎        | 2/16 [00:01<00:08,  1.58it/s][A
Training Epochs:  23%|██▎       | 46/200 [05:20<24:55,  9.71s/it, -ELBO=1.4300, Potential Metric=0.1055, Entropy Metric=0.0175]

Epoch 46:  19%|█▉        | 3/16 [00:01<00:07,  1.68it/s][A
Training Epochs:  23%|██▎       | 46/200 [05:21<24:55,  9.71s/it, -ELBO=1.4548, Potential Metric=0.1093, Entropy Metric=0.0192]

Epoch 46:  25%|██▌       | 4/16 [00:02<00:06,  1.75it/s][A
Training Epochs:  23%|██▎       | 46/200 [05:21<24:55,  9.71s/it, -ELBO=1.4334, Potential Metric=0.1180, Entropy Metric=0.0186]

Epoch 46:  31%|███▏      | 5/16 [00:03<00:06,  1.66it/s][A
Training Epochs:  23%|██▎       | 46/200 [05:22<24:55,  9.71s/it, -ELBO=1.4233, Potential Metric=0.1048, Entropy Metric=0.0194]

Epoch 46:  38%|███▊      | 6/16 [00:03<00:05,  1.71it/s][A
Training Epochs:  23%|██▎       | 46/200 [05:23<24:55,  9.71s/it, -ELBO=1.4689, Potential Metric=0.1077, Entropy Metric=0.0186]

Epoch 46:  44%|████▍     | 7/16 [00:04<00:05,  1.66it/s][A
Training Epochs:  23%|██▎       | 46/200 [05:23<24:55,  9.71s/it, -ELBO=1.4240, Potential Metric=0.1176, Entropy Metric=0.0176]

Epoch 46:  50%|█████     | 8/16 [00:04<00:04,  1.64it/s][A
Training Epochs:  23%|██▎       | 46/200 [05:24<24:55,  9.71s/it, -ELBO=1.4677, Potential Metric=0.1133, Entropy Metric=0.0202]

Epoch 46:  56%|█████▋    | 9/16 [00:05<00:04,  1.61it/s][A
Training Epochs:  23%|██▎       | 46/200 [05:24<24:55,  9.71s/it, -ELBO=1.4294, Potential Metric=0.1200, Entropy Metric=0.0191]

Epoch 46:  62%|██████▎   | 10/16 [00:06<00:03,  1.64it/s][A
Training Epochs:  23%|██▎       | 46/200 [05:25<24:55,  9.71s/it, -ELBO=1.4508, Potential Metric=0.1126, Entropy Metric=0.0196]

Epoch 46:  69%|██████▉   | 11/16 [00:06<00:02,  1.68it/s][A
Training Epochs:  23%|██▎       | 46/200 [05:26<24:55,  9.71s/it, -ELBO=1.4387, Potential Metric=0.1162, Entropy Metric=0.0189]

Epoch 46:  75%|███████▌  | 12/16 [00:07<00:02,  1.68it/s][A
Training Epochs:  23%|██▎       | 46/200 [05:26<24:55,  9.71s/it, -ELBO=1.4342, Potential Metric=0.1184, Entropy Metric=0.0181]

Epoch 46:  81%|████████▏ | 13/16 [00:07<00:01,  1.70it/s][A
Training Epochs:  23%|██▎       | 46/200 [05:27<24:55,  9.71s/it, -ELBO=1.4369, Potential Metric=0.1136, Entropy Metric=0.0170]

Epoch 46:  88%|████████▊ | 14/16 [00:08<00:01,  1.70it/s][A
Training Epochs:  23%|██▎       | 46/200 [05:27<24:55,  9.71s/it, -ELBO=1.4404, Potential Metric=0.1113, Entropy Metric=0.0167]

Epoch 46:  94%|█████████▍| 15/16 [00:08<00:00,  1.69it/s][A
Training Epochs:  23%|██▎       | 46/200 [05:28<24:55,  9.71s/it, -ELBO=1.4293, Potential Metric=0.1178, Entropy Metric=0.0168]

Epoch 46: 100%|██████████| 16/16 [00:09<00:00,  1.66it/s][A

                                                         [A
Training Epochs:  24%|██▎       | 47/200 [05:28<24:42,  9.69s/it, -ELBO=1.4293, Potential Metric=0.1178, Entropy Metric=0.0168]

Epoch 47:   0%|          | 0/16 [00:00<?, ?it/s][A
Training Epochs:  24%|██▎       | 47/200 [05:29<24:42,  9.69s/it, -ELBO=1.4513, Potential Metric=0.1105, Entropy Metric=0.0171]

Epoch 47:   6%|▋         | 1/16 [00:00<00:09,  1.59it/s][A
Training Epochs:  24%|██▎       | 47/200 [05:29<24:42,  9.69s/it, -ELBO=1.4705, Potential Metric=0.1219, Entropy Metric=0.0186]

Epoch 47:  12%|█▎        | 2/16 [00:01<00:09,  1.42it/s][A
Training Epochs:  24%|██▎       | 47/200 [05:30<24:42,  9.69s/it, -ELBO=1.4459, Potential Metric=0.1132, Entropy Metric=0.0179]

Epoch 47:  19%|█▉        | 3/16 [00:01<00:08,  1.55it/s][A
Training Epochs:  24%|██▎       | 47/200 [05:31<24:42,  9.69s/it, -ELBO=1.4017, Potential Metric=0.1171, Entropy Metric=0.0176]

Epoch 47:  25%|██▌       | 4/16 [00:02<00:07,  1.55it/s][A
Training Epochs:  24%|██▎       | 47/200 [05:31<24:42,  9.69s/it, -ELBO=1.4168, Potential Metric=0.1147, Entropy Metric=0.0178]

Epoch 47:  31%|███▏      | 5/16 [00:03<00:06,  1.57it/s][A
Training Epochs:  24%|██▎       | 47/200 [05:32<24:42,  9.69s/it, -ELBO=1.4104, Potential Metric=0.1074, Entropy Metric=0.0186]

Epoch 47:  38%|███▊      | 6/16 [00:03<00:06,  1.66it/s][A
Training Epochs:  24%|██▎       | 47/200 [05:32<24:42,  9.69s/it, -ELBO=1.4369, Potential Metric=0.1254, Entropy Metric=0.0169]

Epoch 47:  44%|████▍     | 7/16 [00:04<00:05,  1.64it/s][A
Training Epochs:  24%|██▎       | 47/200 [05:33<24:42,  9.69s/it, -ELBO=1.4162, Potential Metric=0.1218, Entropy Metric=0.0182]

Epoch 47:  50%|█████     | 8/16 [00:04<00:04,  1.64it/s][A
Training Epochs:  24%|██▎       | 47/200 [05:34<24:42,  9.69s/it, -ELBO=1.4451, Potential Metric=0.1134, Entropy Metric=0.0177]

Epoch 47:  56%|█████▋    | 9/16 [00:05<00:04,  1.62it/s][A
Training Epochs:  24%|██▎       | 47/200 [05:34<24:42,  9.69s/it, -ELBO=1.4333, Potential Metric=0.1180, Entropy Metric=0.0180]

Epoch 47:  62%|██████▎   | 10/16 [00:06<00:03,  1.63it/s][A
Training Epochs:  24%|██▎       | 47/200 [05:35<24:42,  9.69s/it, -ELBO=1.4050, Potential Metric=0.1247, Entropy Metric=0.0177]

Epoch 47:  69%|██████▉   | 11/16 [00:06<00:03,  1.66it/s][A
Training Epochs:  24%|██▎       | 47/200 [05:36<24:42,  9.69s/it, -ELBO=1.4102, Potential Metric=0.1262, Entropy Metric=0.0180]

Epoch 47:  75%|███████▌  | 12/16 [00:07<00:02,  1.62it/s][A
Training Epochs:  24%|██▎       | 47/200 [05:36<24:42,  9.69s/it, -ELBO=1.4319, Potential Metric=0.1212, Entropy Metric=0.0175]

Epoch 47:  81%|████████▏ | 13/16 [00:08<00:01,  1.60it/s][A
Training Epochs:  24%|██▎       | 47/200 [05:37<24:42,  9.69s/it, -ELBO=1.4293, Potential Metric=0.1230, Entropy Metric=0.0197]

Epoch 47:  88%|████████▊ | 14/16 [00:08<00:01,  1.61it/s][A
Training Epochs:  24%|██▎       | 47/200 [05:37<24:42,  9.69s/it, -ELBO=1.4207, Potential Metric=0.1167, Entropy Metric=0.0188]

Epoch 47:  94%|█████████▍| 15/16 [00:09<00:00,  1.66it/s][A
Training Epochs:  24%|██▎       | 47/200 [05:38<24:42,  9.69s/it, -ELBO=1.4401, Potential Metric=0.1210, Entropy Metric=0.0196]

Epoch 47: 100%|██████████| 16/16 [00:09<00:00,  1.61it/s][A

                                                         [A
Training Epochs:  24%|██▍       | 48/200 [05:38<24:46,  9.78s/it, -ELBO=1.4401, Potential Metric=0.1210, Entropy Metric=0.0196]

Epoch 48:   0%|          | 0/16 [00:00<?, ?it/s][A
Training Epochs:  24%|██▍       | 48/200 [05:39<24:46,  9.78s/it, -ELBO=1.4397, Potential Metric=0.1216, Entropy Metric=0.0184]

Epoch 48:   6%|▋         | 1/16 [00:00<00:10,  1.45it/s][A
Training Epochs:  24%|██▍       | 48/200 [05:39<24:46,  9.78s/it, -ELBO=1.4045, Potential Metric=0.1157, Entropy Metric=0.0175]

Epoch 48:  12%|█▎        | 2/16 [00:01<00:08,  1.61it/s][A
Training Epochs:  24%|██▍       | 48/200 [05:40<24:46,  9.78s/it, -ELBO=1.3913, Potential Metric=0.1246, Entropy Metric=0.0180]

Epoch 48:  19%|█▉        | 3/16 [00:01<00:07,  1.66it/s][A
Training Epochs:  24%|██▍       | 48/200 [05:41<24:46,  9.78s/it, -ELBO=1.4122, Potential Metric=0.1205, Entropy Metric=0.0170]

Epoch 48:  25%|██▌       | 4/16 [00:02<00:07,  1.66it/s][A
Training Epochs:  24%|██▍       | 48/200 [05:41<24:46,  9.78s/it, -ELBO=1.4510, Potential Metric=0.1194, Entropy Metric=0.0181]

Epoch 48:  31%|███▏      | 5/16 [00:03<00:06,  1.69it/s][A
Training Epochs:  24%|██▍       | 48/200 [05:42<24:46,  9.78s/it, -ELBO=1.4044, Potential Metric=0.1149, Entropy Metric=0.0171]

Epoch 48:  38%|███▊      | 6/16 [00:03<00:05,  1.72it/s][A
Training Epochs:  24%|██▍       | 48/200 [05:42<24:46,  9.78s/it, -ELBO=1.4351, Potential Metric=0.1153, Entropy Metric=0.0174]

Epoch 48:  44%|████▍     | 7/16 [00:04<00:05,  1.66it/s][A
Training Epochs:  24%|██▍       | 48/200 [05:43<24:46,  9.78s/it, -ELBO=1.4250, Potential Metric=0.1117, Entropy Metric=0.0176]

Epoch 48:  50%|█████     | 8/16 [00:04<00:04,  1.65it/s][A
Training Epochs:  24%|██▍       | 48/200 [05:44<24:46,  9.78s/it, -ELBO=1.4475, Potential Metric=0.1052, Entropy Metric=0.0163]

Epoch 48:  56%|█████▋    | 9/16 [00:05<00:04,  1.70it/s][A
Training Epochs:  24%|██▍       | 48/200 [05:44<24:46,  9.78s/it, -ELBO=1.4242, Potential Metric=0.1106, Entropy Metric=0.0173]

Epoch 48:  62%|██████▎   | 10/16 [00:06<00:03,  1.67it/s][A
Training Epochs:  24%|██▍       | 48/200 [05:45<24:46,  9.78s/it, -ELBO=1.4323, Potential Metric=0.1108, Entropy Metric=0.0178]

Epoch 48:  69%|██████▉   | 11/16 [00:06<00:02,  1.72it/s][A
Training Epochs:  24%|██▍       | 48/200 [05:45<24:46,  9.78s/it, -ELBO=1.4354, Potential Metric=0.1134, Entropy Metric=0.0188]

Epoch 48:  75%|███████▌  | 12/16 [00:07<00:02,  1.71it/s][A
Training Epochs:  24%|██▍       | 48/200 [05:46<24:46,  9.78s/it, -ELBO=1.4132, Potential Metric=0.1168, Entropy Metric=0.0180]

Epoch 48:  81%|████████▏ | 13/16 [00:07<00:01,  1.69it/s][A
Training Epochs:  24%|██▍       | 48/200 [05:47<24:46,  9.78s/it, -ELBO=1.4148, Potential Metric=0.1267, Entropy Metric=0.0182]

Epoch 48:  88%|████████▊ | 14/16 [00:08<00:01,  1.63it/s][A
Training Epochs:  24%|██▍       | 48/200 [05:47<24:46,  9.78s/it, -ELBO=1.4158, Potential Metric=0.1267, Entropy Metric=0.0170]

Epoch 48:  94%|█████████▍| 15/16 [00:08<00:00,  1.71it/s][A
Training Epochs:  24%|██▍       | 48/200 [05:48<24:46,  9.78s/it, -ELBO=1.4415, Potential Metric=0.1317, Entropy Metric=0.0175]

Epoch 48: 100%|██████████| 16/16 [00:09<00:00,  1.72it/s][A

                                                         [A
Training Epochs:  24%|██▍       | 49/200 [05:48<24:30,  9.74s/it, -ELBO=1.4415, Potential Metric=0.1317, Entropy Metric=0.0175]

Epoch 49:   0%|          | 0/16 [00:00<?, ?it/s][A
Training Epochs:  24%|██▍       | 49/200 [05:48<24:30,  9.74s/it, -ELBO=1.4094, Potential Metric=0.1289, Entropy Metric=0.0161]

Epoch 49:   6%|▋         | 1/16 [00:00<00:09,  1.52it/s][A
Training Epochs:  24%|██▍       | 49/200 [05:49<24:30,  9.74s/it, -ELBO=1.4122, Potential Metric=0.1276, Entropy Metric=0.0154]

Epoch 49:  12%|█▎        | 2/16 [00:01<00:08,  1.58it/s][A
Training Epochs:  24%|██▍       | 49/200 [05:49<24:30,  9.74s/it, -ELBO=1.3945, Potential Metric=0.1264, Entropy Metric=0.0153]

Epoch 49:  19%|█▉        | 3/16 [00:01<00:07,  1.83it/s][A
Training Epochs:  24%|██▍       | 49/200 [05:50<24:30,  9.74s/it, -ELBO=1.4277, Potential Metric=0.1230, Entropy Metric=0.0155]

Epoch 49:  25%|██▌       | 4/16 [00:02<00:06,  1.76it/s][A
Training Epochs:  24%|██▍       | 49/200 [05:51<24:30,  9.74s/it, -ELBO=1.3809, Potential Metric=0.1261, Entropy Metric=0.0162]

Epoch 49:  31%|███▏      | 5/16 [00:02<00:06,  1.72it/s][A
Training Epochs:  24%|██▍       | 49/200 [05:51<24:30,  9.74s/it, -ELBO=1.3915, Potential Metric=0.1237, Entropy Metric=0.0169]

Epoch 49:  38%|███▊      | 6/16 [00:03<00:06,  1.53it/s][A
Training Epochs:  24%|██▍       | 49/200 [05:52<24:30,  9.74s/it, -ELBO=1.4029, Potential Metric=0.1274, Entropy Metric=0.0152]

Epoch 49:  44%|████▍     | 7/16 [00:04<00:05,  1.55it/s][A
Training Epochs:  24%|██▍       | 49/200 [05:53<24:30,  9.74s/it, -ELBO=1.4023, Potential Metric=0.1272, Entropy Metric=0.0164]

Epoch 49:  50%|█████     | 8/16 [00:04<00:05,  1.59it/s][A
Training Epochs:  24%|██▍       | 49/200 [05:53<24:30,  9.74s/it, -ELBO=1.4275, Potential Metric=0.1157, Entropy Metric=0.0164]

Epoch 49:  56%|█████▋    | 9/16 [00:05<00:04,  1.63it/s][A
Training Epochs:  24%|██▍       | 49/200 [05:54<24:30,  9.74s/it, -ELBO=1.4292, Potential Metric=0.1154, Entropy Metric=0.0165]

Epoch 49:  62%|██████▎   | 10/16 [00:06<00:03,  1.71it/s][A
Training Epochs:  24%|██▍       | 49/200 [05:54<24:30,  9.74s/it, -ELBO=1.4353, Potential Metric=0.1211, Entropy Metric=0.0163]

Epoch 49:  69%|██████▉   | 11/16 [00:06<00:02,  1.70it/s][A
Training Epochs:  24%|██▍       | 49/200 [05:55<24:30,  9.74s/it, -ELBO=1.4017, Potential Metric=0.1231, Entropy Metric=0.0173]

Epoch 49:  75%|███████▌  | 12/16 [00:07<00:02,  1.63it/s][A
Training Epochs:  24%|██▍       | 49/200 [05:56<24:30,  9.74s/it, -ELBO=1.3901, Potential Metric=0.1284, Entropy Metric=0.0161]

Epoch 49:  81%|████████▏ | 13/16 [00:07<00:01,  1.63it/s][A
Training Epochs:  24%|██▍       | 49/200 [05:56<24:30,  9.74s/it, -ELBO=1.4260, Potential Metric=0.1218, Entropy Metric=0.0176]

Epoch 49:  88%|████████▊ | 14/16 [00:08<00:01,  1.65it/s][A
Training Epochs:  24%|██▍       | 49/200 [05:57<24:30,  9.74s/it, -ELBO=1.4536, Potential Metric=0.1235, Entropy Metric=0.0176]

Epoch 49:  94%|█████████▍| 15/16 [00:09<00:00,  1.70it/s][A
Training Epochs:  24%|██▍       | 49/200 [05:57<24:30,  9.74s/it, -ELBO=1.4510, Potential Metric=0.1211, Entropy Metric=0.0162]

Epoch 49: 100%|██████████| 16/16 [00:09<00:00,  1.69it/s][A

                                                         [A
Training Epochs:  25%|██▌       | 50/200 [05:57<24:19,  9.73s/it, -ELBO=1.4510, Potential Metric=0.1211, Entropy Metric=0.0162]

Epoch 50:   0%|          | 0/16 [00:00<?, ?it/s][A
Training Epochs:  25%|██▌       | 50/200 [05:58<24:19,  9.73s/it, -ELBO=1.4134, Potential Metric=0.1253, Entropy Metric=0.0176]

Epoch 50:   6%|▋         | 1/16 [00:00<00:10,  1.38it/s][A
Training Epochs:  25%|██▌       | 50/200 [05:59<24:19,  9.73s/it, -ELBO=1.3871, Potential Metric=0.1391, Entropy Metric=0.0171]

Epoch 50:  12%|█▎        | 2/16 [00:01<00:09,  1.47it/s][A
Training Epochs:  25%|██▌       | 50/200 [05:59<24:19,  9.73s/it, -ELBO=1.4121, Potential Metric=0.1193, Entropy Metric=0.0170]

Epoch 50:  19%|█▉        | 3/16 [00:01<00:08,  1.56it/s][A
Training Epochs:  25%|██▌       | 50/200 [06:00<24:19,  9.73s/it, -ELBO=1.4047, Potential Metric=0.1254, Entropy Metric=0.0171]

Epoch 50:  25%|██▌       | 4/16 [00:02<00:07,  1.59it/s][A
Training Epochs:  25%|██▌       | 50/200 [06:01<24:19,  9.73s/it, -ELBO=1.3996, Potential Metric=0.1242, Entropy Metric=0.0174]

Epoch 50:  31%|███▏      | 5/16 [00:03<00:06,  1.59it/s][A
Training Epochs:  25%|██▌       | 50/200 [06:01<24:19,  9.73s/it, -ELBO=1.4378, Potential Metric=0.1198, Entropy Metric=0.0186]

Epoch 50:  38%|███▊      | 6/16 [00:03<00:06,  1.59it/s][A
Training Epochs:  25%|██▌       | 50/200 [06:02<24:19,  9.73s/it, -ELBO=1.4311, Potential Metric=0.1225, Entropy Metric=0.0186]

Epoch 50:  44%|████▍     | 7/16 [00:04<00:05,  1.62it/s][A
Training Epochs:  25%|██▌       | 50/200 [06:02<24:19,  9.73s/it, -ELBO=1.3953, Potential Metric=0.1161, Entropy Metric=0.0179]

Epoch 50:  50%|█████     | 8/16 [00:05<00:04,  1.65it/s][A
Training Epochs:  25%|██▌       | 50/200 [06:03<24:19,  9.73s/it, -ELBO=1.4208, Potential Metric=0.1241, Entropy Metric=0.0182]

Epoch 50:  56%|█████▋    | 9/16 [00:05<00:04,  1.66it/s][A
Training Epochs:  25%|██▌       | 50/200 [06:04<24:19,  9.73s/it, -ELBO=1.3954, Potential Metric=0.1201, Entropy Metric=0.0184]

Epoch 50:  62%|██████▎   | 10/16 [00:06<00:03,  1.64it/s][A
Training Epochs:  25%|██▌       | 50/200 [06:04<24:19,  9.73s/it, -ELBO=1.3731, Potential Metric=0.1234, Entropy Metric=0.0182]

Epoch 50:  69%|██████▉   | 11/16 [00:06<00:03,  1.64it/s][A
Training Epochs:  25%|██▌       | 50/200 [06:05<24:19,  9.73s/it, -ELBO=1.4307, Potential Metric=0.1134, Entropy Metric=0.0182]

Epoch 50:  75%|███████▌  | 12/16 [00:07<00:02,  1.66it/s][A
Training Epochs:  25%|██▌       | 50/200 [06:05<24:19,  9.73s/it, -ELBO=1.4266, Potential Metric=0.1192, Entropy Metric=0.0185]

Epoch 50:  81%|████████▏ | 13/16 [00:08<00:01,  1.67it/s][A
Training Epochs:  25%|██▌       | 50/200 [06:06<24:19,  9.73s/it, -ELBO=1.4002, Potential Metric=0.1145, Entropy Metric=0.0187]

Epoch 50:  88%|████████▊ | 14/16 [00:08<00:01,  1.71it/s][A
Training Epochs:  25%|██▌       | 50/200 [06:07<24:19,  9.73s/it, -ELBO=1.4236, Potential Metric=0.1190, Entropy Metric=0.0185]

Epoch 50:  94%|█████████▍| 15/16 [00:09<00:00,  1.72it/s][A
Training Epochs:  25%|██▌       | 50/200 [06:07<24:19,  9.73s/it, -ELBO=1.3825, Potential Metric=0.1206, Entropy Metric=0.0165]

Epoch 50: 100%|██████████| 16/16 [00:09<00:00,  1.69it/s][A

                                                         [A
Training Epochs:  26%|██▌       | 51/200 [06:07<24:14,  9.76s/it, -ELBO=1.3825, Potential Metric=0.1206, Entropy Metric=0.0165]

Epoch 51:   0%|          | 0/16 [00:00<?, ?it/s][A
Training Epochs:  26%|██▌       | 51/200 [06:08<24:14,  9.76s/it, -ELBO=1.3922, Potential Metric=0.1261, Entropy Metric=0.0171]

Epoch 51:   6%|▋         | 1/16 [00:00<00:09,  1.66it/s][A
Training Epochs:  26%|██▌       | 51/200 [06:08<24:14,  9.76s/it, -ELBO=1.3691, Potential Metric=0.1136, Entropy Metric=0.0163]

Epoch 51:  12%|█▎        | 2/16 [00:01<00:07,  1.87it/s][A
Training Epochs:  26%|██▌       | 51/200 [06:09<24:14,  9.76s/it, -ELBO=1.3876, Potential Metric=0.1316, Entropy Metric=0.0163]

Epoch 51:  19%|█▉        | 3/16 [00:01<00:07,  1.75it/s][A
Training Epochs:  26%|██▌       | 51/200 [06:10<24:14,  9.76s/it, -ELBO=1.3725, Potential Metric=0.1240, Entropy Metric=0.0159]

Epoch 51:  25%|██▌       | 4/16 [00:02<00:06,  1.76it/s][A
Training Epochs:  26%|██▌       | 51/200 [06:10<24:14,  9.76s/it, -ELBO=1.4115, Potential Metric=0.1189, Entropy Metric=0.0181]

Epoch 51:  31%|███▏      | 5/16 [00:02<00:06,  1.73it/s][A
Training Epochs:  26%|██▌       | 51/200 [06:11<24:14,  9.76s/it, -ELBO=1.3860, Potential Metric=0.1265, Entropy Metric=0.0168]

Epoch 51:  38%|███▊      | 6/16 [00:03<00:05,  1.69it/s][A
Training Epochs:  26%|██▌       | 51/200 [06:11<24:14,  9.76s/it, -ELBO=1.4103, Potential Metric=0.1246, Entropy Metric=0.0174]

Epoch 51:  44%|████▍     | 7/16 [00:04<00:05,  1.70it/s][A
Training Epochs:  26%|██▌       | 51/200 [06:12<24:14,  9.76s/it, -ELBO=1.3694, Potential Metric=0.1305, Entropy Metric=0.0174]

Epoch 51:  50%|█████     | 8/16 [00:04<00:04,  1.68it/s][A
Training Epochs:  26%|██▌       | 51/200 [06:13<24:14,  9.76s/it, -ELBO=1.4279, Potential Metric=0.1268, Entropy Metric=0.0194]

Epoch 51:  56%|█████▋    | 9/16 [00:05<00:04,  1.65it/s][A
Training Epochs:  26%|██▌       | 51/200 [06:13<24:14,  9.76s/it, -ELBO=1.4520, Potential Metric=0.1328, Entropy Metric=0.0203]

Epoch 51:  62%|██████▎   | 10/16 [00:05<00:03,  1.68it/s][A
Training Epochs:  26%|██▌       | 51/200 [06:14<24:14,  9.76s/it, -ELBO=1.3824, Potential Metric=0.1270, Entropy Metric=0.0196]

Epoch 51:  69%|██████▉   | 11/16 [00:06<00:02,  1.75it/s][A
Training Epochs:  26%|██▌       | 51/200 [06:14<24:14,  9.76s/it, -ELBO=1.4063, Potential Metric=0.1306, Entropy Metric=0.0191]

Epoch 51:  75%|███████▌  | 12/16 [00:07<00:02,  1.67it/s][A
Training Epochs:  26%|██▌       | 51/200 [06:15<24:14,  9.76s/it, -ELBO=1.3960, Potential Metric=0.1172, Entropy Metric=0.0199]

Epoch 51:  81%|████████▏ | 13/16 [00:07<00:01,  1.64it/s][A
Training Epochs:  26%|██▌       | 51/200 [06:16<24:14,  9.76s/it, -ELBO=1.3975, Potential Metric=0.1192, Entropy Metric=0.0194]

Epoch 51:  88%|████████▊ | 14/16 [00:08<00:01,  1.51it/s][A
Training Epochs:  26%|██▌       | 51/200 [06:16<24:14,  9.76s/it, -ELBO=1.4588, Potential Metric=0.1151, Entropy Metric=0.0201]

Epoch 51:  94%|█████████▍| 15/16 [00:09<00:00,  1.53it/s][A
Training Epochs:  26%|██▌       | 51/200 [06:17<24:14,  9.76s/it, -ELBO=1.4048, Potential Metric=0.1160, Entropy Metric=0.0193]

Epoch 51: 100%|██████████| 16/16 [00:09<00:00,  1.60it/s][A

                                                         [A
Training Epochs:  26%|██▌       | 52/200 [06:17<24:04,  9.76s/it, -ELBO=1.4048, Potential Metric=0.1160, Entropy Metric=0.0193]

Epoch 52:   0%|          | 0/16 [00:00<?, ?it/s][A
Training Epochs:  26%|██▌       | 52/200 [06:18<24:04,  9.76s/it, -ELBO=1.3938, Potential Metric=0.1207, Entropy Metric=0.0181]

Epoch 52:   6%|▋         | 1/16 [00:00<00:09,  1.53it/s][A
Training Epochs:  26%|██▌       | 52/200 [06:18<24:04,  9.76s/it, -ELBO=1.3806, Potential Metric=0.1230, Entropy Metric=0.0196]

Epoch 52:  12%|█▎        | 2/16 [00:01<00:09,  1.55it/s][A
Training Epochs:  26%|██▌       | 52/200 [06:19<24:04,  9.76s/it, -ELBO=1.3854, Potential Metric=0.1250, Entropy Metric=0.0184]

Epoch 52:  19%|█▉        | 3/16 [00:01<00:08,  1.52it/s][A
Training Epochs:  26%|██▌       | 52/200 [06:20<24:04,  9.76s/it, -ELBO=1.3805, Potential Metric=0.1310, Entropy Metric=0.0171]

Epoch 52:  25%|██▌       | 4/16 [00:02<00:07,  1.53it/s][A
Training Epochs:  26%|██▌       | 52/200 [06:20<24:04,  9.76s/it, -ELBO=1.4014, Potential Metric=0.1289, Entropy Metric=0.0197]

Epoch 52:  31%|███▏      | 5/16 [00:03<00:06,  1.59it/s][A
Training Epochs:  26%|██▌       | 52/200 [06:21<24:04,  9.76s/it, -ELBO=1.3954, Potential Metric=0.1237, Entropy Metric=0.0193]

Epoch 52:  38%|███▊      | 6/16 [00:03<00:06,  1.65it/s][A
Training Epochs:  26%|██▌       | 52/200 [06:21<24:04,  9.76s/it, -ELBO=1.4101, Potential Metric=0.1173, Entropy Metric=0.0192]

Epoch 52:  44%|████▍     | 7/16 [00:04<00:05,  1.62it/s][A
Training Epochs:  26%|██▌       | 52/200 [06:22<24:04,  9.76s/it, -ELBO=1.4112, Potential Metric=0.1184, Entropy Metric=0.0173]

Epoch 52:  50%|█████     | 8/16 [00:04<00:04,  1.66it/s][A
Training Epochs:  26%|██▌       | 52/200 [06:23<24:04,  9.76s/it, -ELBO=1.4181, Potential Metric=0.1286, Entropy Metric=0.0188]

Epoch 52:  56%|█████▋    | 9/16 [00:05<00:04,  1.62it/s][A
Training Epochs:  26%|██▌       | 52/200 [06:23<24:04,  9.76s/it, -ELBO=1.4028, Potential Metric=0.1237, Entropy Metric=0.0183]

Epoch 52:  62%|██████▎   | 10/16 [00:06<00:03,  1.65it/s][A
Training Epochs:  26%|██▌       | 52/200 [06:24<24:04,  9.76s/it, -ELBO=1.4322, Potential Metric=0.1212, Entropy Metric=0.0187]

Epoch 52:  69%|██████▉   | 11/16 [00:06<00:03,  1.61it/s][A
Training Epochs:  26%|██▌       | 52/200 [06:24<24:04,  9.76s/it, -ELBO=1.3803, Potential Metric=0.1292, Entropy Metric=0.0175]

Epoch 52:  75%|███████▌  | 12/16 [00:07<00:02,  1.59it/s][A
Training Epochs:  26%|██▌       | 52/200 [06:25<24:04,  9.76s/it, -ELBO=1.3607, Potential Metric=0.1325, Entropy Metric=0.0170]

Epoch 52:  81%|████████▏ | 13/16 [00:07<00:01,  1.69it/s][A
Training Epochs:  26%|██▌       | 52/200 [06:26<24:04,  9.76s/it, -ELBO=1.3777, Potential Metric=0.1303, Entropy Metric=0.0167]

Epoch 52:  88%|████████▊ | 14/16 [00:08<00:01,  1.66it/s][A
Training Epochs:  26%|██▌       | 52/200 [06:26<24:04,  9.76s/it, -ELBO=1.4037, Potential Metric=0.1247, Entropy Metric=0.0182]

Epoch 52:  94%|█████████▍| 15/16 [00:09<00:00,  1.65it/s][A
Training Epochs:  26%|██▌       | 52/200 [06:27<24:04,  9.76s/it, -ELBO=1.4046, Potential Metric=0.1267, Entropy Metric=0.0187]

Epoch 52: 100%|██████████| 16/16 [00:09<00:00,  1.68it/s][A

                                                         [A
Training Epochs:  26%|██▋       | 53/200 [06:27<23:59,  9.79s/it, -ELBO=1.4046, Potential Metric=0.1267, Entropy Metric=0.0187]

Epoch 53:   0%|          | 0/16 [00:00<?, ?it/s][A
Training Epochs:  26%|██▋       | 53/200 [06:27<23:59,  9.79s/it, -ELBO=1.3602, Potential Metric=0.1238, Entropy Metric=0.0192]

Epoch 53:   6%|▋         | 1/16 [00:00<00:08,  1.80it/s][A
Training Epochs:  26%|██▋       | 53/200 [06:28<23:59,  9.79s/it, -ELBO=1.4138, Potential Metric=0.1171, Entropy Metric=0.0190]

Epoch 53:  12%|█▎        | 2/16 [00:01<00:07,  1.78it/s][A
Training Epochs:  26%|██▋       | 53/200 [06:29<23:59,  9.79s/it, -ELBO=1.3822, Potential Metric=0.1279, Entropy Metric=0.0184]

Epoch 53:  19%|█▉        | 3/16 [00:01<00:07,  1.67it/s][A
Training Epochs:  26%|██▋       | 53/200 [06:29<23:59,  9.79s/it, -ELBO=1.3875, Potential Metric=0.1273, Entropy Metric=0.0187]

Epoch 53:  25%|██▌       | 4/16 [00:02<00:06,  1.74it/s][A
Training Epochs:  26%|██▋       | 53/200 [06:30<23:59,  9.79s/it, -ELBO=1.3868, Potential Metric=0.1306, Entropy Metric=0.0190]

Epoch 53:  31%|███▏      | 5/16 [00:02<00:06,  1.79it/s][A
Training Epochs:  26%|██▋       | 53/200 [06:30<23:59,  9.79s/it, -ELBO=1.4047, Potential Metric=0.1320, Entropy Metric=0.0194]

Epoch 53:  38%|███▊      | 6/16 [00:03<00:05,  1.77it/s][A
Training Epochs:  26%|██▋       | 53/200 [06:31<23:59,  9.79s/it, -ELBO=1.3809, Potential Metric=0.1267, Entropy Metric=0.0176]

Epoch 53:  44%|████▍     | 7/16 [00:04<00:05,  1.68it/s][A
Training Epochs:  26%|██▋       | 53/200 [06:31<23:59,  9.79s/it, -ELBO=1.3832, Potential Metric=0.1317, Entropy Metric=0.0187]

Epoch 53:  50%|█████     | 8/16 [00:04<00:04,  1.69it/s][A
Training Epochs:  26%|██▋       | 53/200 [06:32<23:59,  9.79s/it, -ELBO=1.3783, Potential Metric=0.1258, Entropy Metric=0.0180]

Epoch 53:  56%|█████▋    | 9/16 [00:05<00:04,  1.71it/s][A
Training Epochs:  26%|██▋       | 53/200 [06:33<23:59,  9.79s/it, -ELBO=1.4015, Potential Metric=0.1373, Entropy Metric=0.0179]

Epoch 53:  62%|██████▎   | 10/16 [00:05<00:03,  1.68it/s][A
Training Epochs:  26%|██▋       | 53/200 [06:33<23:59,  9.79s/it, -ELBO=1.3989, Potential Metric=0.1299, Entropy Metric=0.0174]

Epoch 53:  69%|██████▉   | 11/16 [00:06<00:03,  1.66it/s][A
Training Epochs:  26%|██▋       | 53/200 [06:34<23:59,  9.79s/it, -ELBO=1.3620, Potential Metric=0.1355, Entropy Metric=0.0181]

Epoch 53:  75%|███████▌  | 12/16 [00:07<00:02,  1.67it/s][A
Training Epochs:  26%|██▋       | 53/200 [06:35<23:59,  9.79s/it, -ELBO=1.4145, Potential Metric=0.1279, Entropy Metric=0.0176]

Epoch 53:  81%|████████▏ | 13/16 [00:07<00:01,  1.64it/s][A
Training Epochs:  26%|██▋       | 53/200 [06:35<23:59,  9.79s/it, -ELBO=1.3972, Potential Metric=0.1334, Entropy Metric=0.0187]

Epoch 53:  88%|████████▊ | 14/16 [00:08<00:01,  1.61it/s][A
Training Epochs:  26%|██▋       | 53/200 [06:36<23:59,  9.79s/it, -ELBO=1.3916, Potential Metric=0.1279, Entropy Metric=0.0177]

Epoch 53:  94%|█████████▍| 15/16 [00:09<00:00,  1.54it/s][A
Training Epochs:  26%|██▋       | 53/200 [06:37<23:59,  9.79s/it, -ELBO=1.3766, Potential Metric=0.1281, Entropy Metric=0.0178]

Epoch 53: 100%|██████████| 16/16 [00:09<00:00,  1.54it/s][A

                                                         [A
Training Epochs:  27%|██▋       | 54/200 [06:37<23:47,  9.77s/it, -ELBO=1.3766, Potential Metric=0.1281, Entropy Metric=0.0178]

Epoch 54:   0%|          | 0/16 [00:00<?, ?it/s][A
Training Epochs:  27%|██▋       | 54/200 [06:37<23:47,  9.77s/it, -ELBO=1.3717, Potential Metric=0.1290, Entropy Metric=0.0179]

Epoch 54:   6%|▋         | 1/16 [00:00<00:08,  1.81it/s][A
Training Epochs:  27%|██▋       | 54/200 [06:38<23:47,  9.77s/it, -ELBO=1.3501, Potential Metric=0.1284, Entropy Metric=0.0183]

Epoch 54:  12%|█▎        | 2/16 [00:01<00:07,  1.84it/s][A
Training Epochs:  27%|██▋       | 54/200 [06:38<23:47,  9.77s/it, -ELBO=1.4037, Potential Metric=0.1213, Entropy Metric=0.0187]

Epoch 54:  19%|█▉        | 3/16 [00:01<00:06,  1.88it/s][A
Training Epochs:  27%|██▋       | 54/200 [06:39<23:47,  9.77s/it, -ELBO=1.4305, Potential Metric=0.1215, Entropy Metric=0.0191]

Epoch 54:  25%|██▌       | 4/16 [00:02<00:06,  1.76it/s][A
Training Epochs:  27%|██▋       | 54/200 [06:39<23:47,  9.77s/it, -ELBO=1.3649, Potential Metric=0.1396, Entropy Metric=0.0173]

Epoch 54:  31%|███▏      | 5/16 [00:02<00:06,  1.71it/s][A
Training Epochs:  27%|██▋       | 54/200 [06:40<23:47,  9.77s/it, -ELBO=1.3861, Potential Metric=0.1293, Entropy Metric=0.0192]

Epoch 54:  38%|███▊      | 6/16 [00:03<00:05,  1.71it/s][A
Training Epochs:  27%|██▋       | 54/200 [06:41<23:47,  9.77s/it, -ELBO=1.3775, Potential Metric=0.1360, Entropy Metric=0.0186]

Epoch 54:  44%|████▍     | 7/16 [00:04<00:05,  1.59it/s][A
Training Epochs:  27%|██▋       | 54/200 [06:41<23:47,  9.77s/it, -ELBO=1.3786, Potential Metric=0.1389, Entropy Metric=0.0194]

Epoch 54:  50%|█████     | 8/16 [00:04<00:05,  1.58it/s][A
Training Epochs:  27%|██▋       | 54/200 [06:42<23:47,  9.77s/it, -ELBO=1.3917, Potential Metric=0.1278, Entropy Metric=0.0199]

Epoch 54:  56%|█████▋    | 9/16 [00:05<00:04,  1.58it/s][A
Training Epochs:  27%|██▋       | 54/200 [06:43<23:47,  9.77s/it, -ELBO=1.3609, Potential Metric=0.1264, Entropy Metric=0.0194]

Epoch 54:  62%|██████▎   | 10/16 [00:06<00:03,  1.59it/s][A
Training Epochs:  27%|██▋       | 54/200 [06:43<23:47,  9.77s/it, -ELBO=1.4122, Potential Metric=0.1196, Entropy Metric=0.0195]

Epoch 54:  69%|██████▉   | 11/16 [00:06<00:03,  1.59it/s][A
Training Epochs:  27%|██▋       | 54/200 [06:44<23:47,  9.77s/it, -ELBO=1.3783, Potential Metric=0.1218, Entropy Metric=0.0207]

Epoch 54:  75%|███████▌  | 12/16 [00:07<00:02,  1.70it/s][A
Training Epochs:  27%|██▋       | 54/200 [06:44<23:47,  9.77s/it, -ELBO=1.3755, Potential Metric=0.1217, Entropy Metric=0.0203]

Epoch 54:  81%|████████▏ | 13/16 [00:07<00:01,  1.74it/s][A
Training Epochs:  27%|██▋       | 54/200 [06:45<23:47,  9.77s/it, -ELBO=1.3500, Potential Metric=0.1338, Entropy Metric=0.0198]

Epoch 54:  88%|████████▊ | 14/16 [00:08<00:01,  1.71it/s][A
Training Epochs:  27%|██▋       | 54/200 [06:46<23:47,  9.77s/it, -ELBO=1.3720, Potential Metric=0.1311, Entropy Metric=0.0205]

Epoch 54:  94%|█████████▍| 15/16 [00:08<00:00,  1.64it/s][A
Training Epochs:  27%|██▋       | 54/200 [06:46<23:47,  9.77s/it, -ELBO=1.3708, Potential Metric=0.1462, Entropy Metric=0.0182]

Epoch 54: 100%|██████████| 16/16 [00:09<00:00,  1.60it/s][A

                                                         [A
Training Epochs:  28%|██▊       | 55/200 [06:46<23:34,  9.75s/it, -ELBO=1.3708, Potential Metric=0.1462, Entropy Metric=0.0182]

Epoch 55:   0%|          | 0/16 [00:00<?, ?it/s][A
Training Epochs:  28%|██▊       | 55/200 [06:47<23:34,  9.75s/it, -ELBO=1.3426, Potential Metric=0.1443, Entropy Metric=0.0190]

Epoch 55:   6%|▋         | 1/16 [00:00<00:09,  1.51it/s][A
Training Epochs:  28%|██▊       | 55/200 [06:48<23:34,  9.75s/it, -ELBO=1.3858, Potential Metric=0.1374, Entropy Metric=0.0192]

Epoch 55:  12%|█▎        | 2/16 [00:01<00:08,  1.57it/s][A
Training Epochs:  28%|██▊       | 55/200 [06:48<23:34,  9.75s/it, -ELBO=1.3950, Potential Metric=0.1315, Entropy Metric=0.0181]

Epoch 55:  19%|█▉        | 3/16 [00:01<00:08,  1.60it/s][A
Training Epochs:  28%|██▊       | 55/200 [06:49<23:34,  9.75s/it, -ELBO=1.3577, Potential Metric=0.1373, Entropy Metric=0.0175]

Epoch 55:  25%|██▌       | 4/16 [00:02<00:07,  1.61it/s][A
Training Epochs:  28%|██▊       | 55/200 [06:49<23:34,  9.75s/it, -ELBO=1.3815, Potential Metric=0.1283, Entropy Metric=0.0170]

Epoch 55:  31%|███▏      | 5/16 [00:03<00:06,  1.66it/s][A
Training Epochs:  28%|██▊       | 55/200 [06:50<23:34,  9.75s/it, -ELBO=1.3945, Potential Metric=0.1259, Entropy Metric=0.0190]

Epoch 55:  38%|███▊      | 6/16 [00:03<00:05,  1.67it/s][A
Training Epochs:  28%|██▊       | 55/200 [06:51<23:34,  9.75s/it, -ELBO=1.3667, Potential Metric=0.1296, Entropy Metric=0.0186]

Epoch 55:  44%|████▍     | 7/16 [00:04<00:05,  1.74it/s][A
Training Epochs:  28%|██▊       | 55/200 [06:51<23:34,  9.75s/it, -ELBO=1.3630, Potential Metric=0.1259, Entropy Metric=0.0181]

Epoch 55:  50%|█████     | 8/16 [00:04<00:04,  1.68it/s][A
Training Epochs:  28%|██▊       | 55/200 [06:52<23:34,  9.75s/it, -ELBO=1.3376, Potential Metric=0.1341, Entropy Metric=0.0179]

Epoch 55:  56%|█████▋    | 9/16 [00:05<00:04,  1.64it/s][A
Training Epochs:  28%|██▊       | 55/200 [06:52<23:34,  9.75s/it, -ELBO=1.3644, Potential Metric=0.1427, Entropy Metric=0.0191]

Epoch 55:  62%|██████▎   | 10/16 [00:06<00:03,  1.66it/s][A
Training Epochs:  28%|██▊       | 55/200 [06:53<23:34,  9.75s/it, -ELBO=1.3550, Potential Metric=0.1336, Entropy Metric=0.0182]

Epoch 55:  69%|██████▉   | 11/16 [00:06<00:02,  1.73it/s][A
Training Epochs:  28%|██▊       | 55/200 [06:53<23:34,  9.75s/it, -ELBO=1.3527, Potential Metric=0.1434, Entropy Metric=0.0182]

Epoch 55:  75%|███████▌  | 12/16 [00:07<00:02,  1.75it/s][A
Training Epochs:  28%|██▊       | 55/200 [06:54<23:34,  9.75s/it, -ELBO=1.3893, Potential Metric=0.1262, Entropy Metric=0.0182]

Epoch 55:  81%|████████▏ | 13/16 [00:07<00:01,  1.70it/s][A
Training Epochs:  28%|██▊       | 55/200 [06:55<23:34,  9.75s/it, -ELBO=1.3928, Potential Metric=0.1181, Entropy Metric=0.0171]

Epoch 55:  88%|████████▊ | 14/16 [00:08<00:01,  1.76it/s][A
Training Epochs:  28%|██▊       | 55/200 [06:55<23:34,  9.75s/it, -ELBO=1.3831, Potential Metric=0.1218, Entropy Metric=0.0169]

Epoch 55:  94%|█████████▍| 15/16 [00:08<00:00,  1.72it/s][A
Training Epochs:  28%|██▊       | 55/200 [06:56<23:34,  9.75s/it, -ELBO=1.3722, Potential Metric=0.1286, Entropy Metric=0.0181]

Epoch 55: 100%|██████████| 16/16 [00:09<00:00,  1.64it/s][A

                                                         [A
Training Epochs:  28%|██▊       | 56/200 [06:56<23:19,  9.72s/it, -ELBO=1.3722, Potential Metric=0.1286, Entropy Metric=0.0181]

Epoch 56:   0%|          | 0/16 [00:00<?, ?it/s][A
Training Epochs:  28%|██▊       | 56/200 [06:57<23:19,  9.72s/it, -ELBO=1.3646, Potential Metric=0.1318, Entropy Metric=0.0198]

Epoch 56:   6%|▋         | 1/16 [00:00<00:10,  1.38it/s][A
Training Epochs:  28%|██▊       | 56/200 [06:57<23:19,  9.72s/it, -ELBO=1.3701, Potential Metric=0.1185, Entropy Metric=0.0185]

Epoch 56:  12%|█▎        | 2/16 [00:01<00:09,  1.54it/s][A
Training Epochs:  28%|██▊       | 56/200 [06:58<23:19,  9.72s/it, -ELBO=1.3758, Potential Metric=0.1185, Entropy Metric=0.0182]

Epoch 56:  19%|█▉        | 3/16 [00:01<00:08,  1.60it/s][A
Training Epochs:  28%|██▊       | 56/200 [06:58<23:19,  9.72s/it, -ELBO=1.3901, Potential Metric=0.1309, Entropy Metric=0.0179]

Epoch 56:  25%|██▌       | 4/16 [00:02<00:07,  1.59it/s][A
Training Epochs:  28%|██▊       | 56/200 [06:59<23:19,  9.72s/it, -ELBO=1.3500, Potential Metric=0.1243, Entropy Metric=0.0162]

Epoch 56:  31%|███▏      | 5/16 [00:03<00:06,  1.65it/s][A
Training Epochs:  28%|██▊       | 56/200 [07:00<23:19,  9.72s/it, -ELBO=1.3475, Potential Metric=0.1353, Entropy Metric=0.0159]

Epoch 56:  38%|███▊      | 6/16 [00:03<00:05,  1.70it/s][A
Training Epochs:  28%|██▊       | 56/200 [07:00<23:19,  9.72s/it, -ELBO=1.3548, Potential Metric=0.1344, Entropy Metric=0.0165]

Epoch 56:  44%|████▍     | 7/16 [00:04<00:05,  1.71it/s][A
Training Epochs:  28%|██▊       | 56/200 [07:01<23:19,  9.72s/it, -ELBO=1.3545, Potential Metric=0.1420, Entropy Metric=0.0166]

Epoch 56:  50%|█████     | 8/16 [00:04<00:04,  1.68it/s][A
Training Epochs:  28%|██▊       | 56/200 [07:01<23:19,  9.72s/it, -ELBO=1.3959, Potential Metric=0.1334, Entropy Metric=0.0164]

Epoch 56:  56%|█████▋    | 9/16 [00:05<00:04,  1.70it/s][A
Training Epochs:  28%|██▊       | 56/200 [07:02<23:19,  9.72s/it, -ELBO=1.4105, Potential Metric=0.1215, Entropy Metric=0.0174]

Epoch 56:  62%|██████▎   | 10/16 [00:06<00:03,  1.70it/s][A
Training Epochs:  28%|██▊       | 56/200 [07:03<23:19,  9.72s/it, -ELBO=1.3249, Potential Metric=0.1340, Entropy Metric=0.0171]

Epoch 56:  69%|██████▉   | 11/16 [00:06<00:02,  1.73it/s][A
Training Epochs:  28%|██▊       | 56/200 [07:03<23:19,  9.72s/it, -ELBO=1.3319, Potential Metric=0.1317, Entropy Metric=0.0167]

Epoch 56:  75%|███████▌  | 12/16 [00:07<00:02,  1.67it/s][A
Training Epochs:  28%|██▊       | 56/200 [07:04<23:19,  9.72s/it, -ELBO=1.3587, Potential Metric=0.1342, Entropy Metric=0.0180]

Epoch 56:  81%|████████▏ | 13/16 [00:07<00:01,  1.74it/s][A
Training Epochs:  28%|██▊       | 56/200 [07:04<23:19,  9.72s/it, -ELBO=1.3654, Potential Metric=0.1311, Entropy Metric=0.0187]

Epoch 56:  88%|████████▊ | 14/16 [00:08<00:01,  1.67it/s][A
Training Epochs:  28%|██▊       | 56/200 [07:05<23:19,  9.72s/it, -ELBO=1.3726, Potential Metric=0.1286, Entropy Metric=0.0194]

Epoch 56:  94%|█████████▍| 15/16 [00:09<00:00,  1.65it/s][A
Training Epochs:  28%|██▊       | 56/200 [07:06<23:19,  9.72s/it, -ELBO=1.3756, Potential Metric=0.1279, Entropy Metric=0.0180]

Epoch 56: 100%|██████████| 16/16 [00:09<00:00,  1.54it/s][A

                                                         [A
Training Epochs:  28%|██▊       | 57/200 [07:06<23:14,  9.75s/it, -ELBO=1.3756, Potential Metric=0.1279, Entropy Metric=0.0180]

Epoch 57:   0%|          | 0/16 [00:00<?, ?it/s][A
Training Epochs:  28%|██▊       | 57/200 [07:06<23:14,  9.75s/it, -ELBO=1.3953, Potential Metric=0.1364, Entropy Metric=0.0177]

Epoch 57:   6%|▋         | 1/16 [00:00<00:09,  1.63it/s][A
Training Epochs:  28%|██▊       | 57/200 [07:07<23:14,  9.75s/it, -ELBO=1.3538, Potential Metric=0.1390, Entropy Metric=0.0170]

Epoch 57:  12%|█▎        | 2/16 [00:01<00:08,  1.63it/s][A
Training Epochs:  28%|██▊       | 57/200 [07:08<23:14,  9.75s/it, -ELBO=1.3874, Potential Metric=0.1299, Entropy Metric=0.0184]

Epoch 57:  19%|█▉        | 3/16 [00:01<00:07,  1.65it/s][A
Training Epochs:  28%|██▊       | 57/200 [07:08<23:14,  9.75s/it, -ELBO=1.3441, Potential Metric=0.1352, Entropy Metric=0.0184]

Epoch 57:  25%|██▌       | 4/16 [00:02<00:06,  1.76it/s][A
Training Epochs:  28%|██▊       | 57/200 [07:09<23:14,  9.75s/it, -ELBO=1.3545, Potential Metric=0.1341, Entropy Metric=0.0187]

Epoch 57:  31%|███▏      | 5/16 [00:02<00:06,  1.76it/s][A
Training Epochs:  28%|██▊       | 57/200 [07:09<23:14,  9.75s/it, -ELBO=1.3645, Potential Metric=0.1322, Entropy Metric=0.0172]

Epoch 57:  38%|███▊      | 6/16 [00:03<00:05,  1.77it/s][A
Training Epochs:  28%|██▊       | 57/200 [07:10<23:14,  9.75s/it, -ELBO=1.3762, Potential Metric=0.1267, Entropy Metric=0.0181]

Epoch 57:  44%|████▍     | 7/16 [00:04<00:05,  1.75it/s][A
Training Epochs:  28%|██▊       | 57/200 [07:10<23:14,  9.75s/it, -ELBO=1.3437, Potential Metric=0.1325, Entropy Metric=0.0169]

Epoch 57:  50%|█████     | 8/16 [00:04<00:04,  1.74it/s][A
Training Epochs:  28%|██▊       | 57/200 [07:11<23:14,  9.75s/it, -ELBO=1.3317, Potential Metric=0.1402, Entropy Metric=0.0184]

Epoch 57:  56%|█████▋    | 9/16 [00:05<00:04,  1.71it/s][A
Training Epochs:  28%|██▊       | 57/200 [07:12<23:14,  9.75s/it, -ELBO=1.3810, Potential Metric=0.1311, Entropy Metric=0.0186]

Epoch 57:  62%|██████▎   | 10/16 [00:05<00:03,  1.67it/s][A
Training Epochs:  28%|██▊       | 57/200 [07:12<23:14,  9.75s/it, -ELBO=1.3361, Potential Metric=0.1306, Entropy Metric=0.0168]

Epoch 57:  69%|██████▉   | 11/16 [00:06<00:02,  1.70it/s][A
Training Epochs:  28%|██▊       | 57/200 [07:13<23:14,  9.75s/it, -ELBO=1.3645, Potential Metric=0.1260, Entropy Metric=0.0170]

Epoch 57:  75%|███████▌  | 12/16 [00:07<00:02,  1.72it/s][A
Training Epochs:  28%|██▊       | 57/200 [07:13<23:14,  9.75s/it, -ELBO=1.3886, Potential Metric=0.1223, Entropy Metric=0.0170]

Epoch 57:  81%|████████▏ | 13/16 [00:07<00:01,  1.74it/s][A
Training Epochs:  28%|██▊       | 57/200 [07:14<23:14,  9.75s/it, -ELBO=1.3659, Potential Metric=0.1265, Entropy Metric=0.0161]

Epoch 57:  88%|████████▊ | 14/16 [00:08<00:01,  1.75it/s][A
Training Epochs:  28%|██▊       | 57/200 [07:14<23:14,  9.75s/it, -ELBO=1.3442, Potential Metric=0.1322, Entropy Metric=0.0168]

Epoch 57:  94%|█████████▍| 15/16 [00:08<00:00,  1.77it/s][A
Training Epochs:  28%|██▊       | 57/200 [07:15<23:14,  9.75s/it, -ELBO=1.3447, Potential Metric=0.1363, Entropy Metric=0.0174]

Epoch 57: 100%|██████████| 16/16 [00:09<00:00,  1.74it/s][A

                                                         [A
Training Epochs:  29%|██▉       | 58/200 [07:15<22:48,  9.64s/it, -ELBO=1.3447, Potential Metric=0.1363, Entropy Metric=0.0174]

Epoch 58:   0%|          | 0/16 [00:00<?, ?it/s][A
Training Epochs:  29%|██▉       | 58/200 [07:16<22:48,  9.64s/it, -ELBO=1.3526, Potential Metric=0.1374, Entropy Metric=0.0176]

Epoch 58:   6%|▋         | 1/16 [00:00<00:09,  1.63it/s][A
Training Epochs:  29%|██▉       | 58/200 [07:16<22:48,  9.64s/it, -ELBO=1.3315, Potential Metric=0.1268, Entropy Metric=0.0165]

Epoch 58:  12%|█▎        | 2/16 [00:01<00:08,  1.67it/s][A
Training Epochs:  29%|██▉       | 58/200 [07:17<22:48,  9.64s/it, -ELBO=1.3148, Potential Metric=0.1370, Entropy Metric=0.0182]

Epoch 58:  19%|█▉        | 3/16 [00:01<00:08,  1.59it/s][A
Training Epochs:  29%|██▉       | 58/200 [07:18<22:48,  9.64s/it, -ELBO=1.3670, Potential Metric=0.1276, Entropy Metric=0.0180]

Epoch 58:  25%|██▌       | 4/16 [00:02<00:07,  1.60it/s][A
Training Epochs:  29%|██▉       | 58/200 [07:18<22:48,  9.64s/it, -ELBO=1.3585, Potential Metric=0.1160, Entropy Metric=0.0181]

Epoch 58:  31%|███▏      | 5/16 [00:03<00:06,  1.71it/s][A
Training Epochs:  29%|██▉       | 58/200 [07:19<22:48,  9.64s/it, -ELBO=1.3519, Potential Metric=0.1298, Entropy Metric=0.0176]

Epoch 58:  38%|███▊      | 6/16 [00:03<00:05,  1.70it/s][A
Training Epochs:  29%|██▉       | 58/200 [07:19<22:48,  9.64s/it, -ELBO=1.3767, Potential Metric=0.1233, Entropy Metric=0.0183]

Epoch 58:  44%|████▍     | 7/16 [00:04<00:05,  1.69it/s][A
Training Epochs:  29%|██▉       | 58/200 [07:20<22:48,  9.64s/it, -ELBO=1.3443, Potential Metric=0.1357, Entropy Metric=0.0180]

Epoch 58:  50%|█████     | 8/16 [00:04<00:04,  1.64it/s][A
Training Epochs:  29%|██▉       | 58/200 [07:21<22:48,  9.64s/it, -ELBO=1.3779, Potential Metric=0.1274, Entropy Metric=0.0177]

Epoch 58:  56%|█████▋    | 9/16 [00:05<00:04,  1.72it/s][A
Training Epochs:  29%|██▉       | 58/200 [07:21<22:48,  9.64s/it, -ELBO=1.3361, Potential Metric=0.1328, Entropy Metric=0.0183]

Epoch 58:  62%|██████▎   | 10/16 [00:05<00:03,  1.69it/s][A
Training Epochs:  29%|██▉       | 58/200 [07:22<22:48,  9.64s/it, -ELBO=1.3788, Potential Metric=0.1263, Entropy Metric=0.0176]

Epoch 58:  69%|██████▉   | 11/16 [00:06<00:02,  1.71it/s][A
Training Epochs:  29%|██▉       | 58/200 [07:22<22:48,  9.64s/it, -ELBO=1.3517, Potential Metric=0.1314, Entropy Metric=0.0181]

Epoch 58:  75%|███████▌  | 12/16 [00:07<00:02,  1.70it/s][A
Training Epochs:  29%|██▉       | 58/200 [07:23<22:48,  9.64s/it, -ELBO=1.3384, Potential Metric=0.1402, Entropy Metric=0.0182]

Epoch 58:  81%|████████▏ | 13/16 [00:07<00:01,  1.68it/s][A
Training Epochs:  29%|██▉       | 58/200 [07:24<22:48,  9.64s/it, -ELBO=1.3461, Potential Metric=0.1372, Entropy Metric=0.0168]

Epoch 58:  88%|████████▊ | 14/16 [00:08<00:01,  1.63it/s][A
Training Epochs:  29%|██▉       | 58/200 [07:24<22:48,  9.64s/it, -ELBO=1.3400, Potential Metric=0.1429, Entropy Metric=0.0173]

Epoch 58:  94%|█████████▍| 15/16 [00:09<00:00,  1.64it/s][A
Training Epochs:  29%|██▉       | 58/200 [07:25<22:48,  9.64s/it, -ELBO=1.3398, Potential Metric=0.1442, Entropy Metric=0.0177]

Epoch 58: 100%|██████████| 16/16 [00:09<00:00,  1.66it/s][A

                                                         [A
Training Epochs:  30%|██▉       | 59/200 [07:25<22:41,  9.66s/it, -ELBO=1.3398, Potential Metric=0.1442, Entropy Metric=0.0177]

Epoch 59:   0%|          | 0/16 [00:00<?, ?it/s][A
Training Epochs:  30%|██▉       | 59/200 [07:25<22:41,  9.66s/it, -ELBO=1.3605, Potential Metric=0.1416, Entropy Metric=0.0171]

Epoch 59:   6%|▋         | 1/16 [00:00<00:09,  1.51it/s][A
Training Epochs:  30%|██▉       | 59/200 [07:26<22:41,  9.66s/it, -ELBO=1.3597, Potential Metric=0.1390, Entropy Metric=0.0179]

Epoch 59:  12%|█▎        | 2/16 [00:01<00:08,  1.63it/s][A
Training Epochs:  30%|██▉       | 59/200 [07:27<22:41,  9.66s/it, -ELBO=1.3428, Potential Metric=0.1414, Entropy Metric=0.0186]

Epoch 59:  19%|█▉        | 3/16 [00:01<00:07,  1.78it/s][A
Training Epochs:  30%|██▉       | 59/200 [07:27<22:41,  9.66s/it, -ELBO=1.3439, Potential Metric=0.1382, Entropy Metric=0.0176]

Epoch 59:  25%|██▌       | 4/16 [00:02<00:06,  1.78it/s][A
Training Epochs:  30%|██▉       | 59/200 [07:28<22:41,  9.66s/it, -ELBO=1.3947, Potential Metric=0.1317, Entropy Metric=0.0188]

Epoch 59:  31%|███▏      | 5/16 [00:02<00:06,  1.73it/s][A
Training Epochs:  30%|██▉       | 59/200 [07:28<22:41,  9.66s/it, -ELBO=1.3154, Potential Metric=0.1438, Entropy Metric=0.0183]

Epoch 59:  38%|███▊      | 6/16 [00:03<00:06,  1.60it/s][A
Training Epochs:  30%|██▉       | 59/200 [07:29<22:41,  9.66s/it, -ELBO=1.3133, Potential Metric=0.1393, Entropy Metric=0.0200]

Epoch 59:  44%|████▍     | 7/16 [00:04<00:05,  1.62it/s][A
Training Epochs:  30%|██▉       | 59/200 [07:30<22:41,  9.66s/it, -ELBO=1.3392, Potential Metric=0.1427, Entropy Metric=0.0200]

Epoch 59:  50%|█████     | 8/16 [00:04<00:04,  1.62it/s][A
Training Epochs:  30%|██▉       | 59/200 [07:30<22:41,  9.66s/it, -ELBO=1.3452, Potential Metric=0.1320, Entropy Metric=0.0174]

Epoch 59:  56%|█████▋    | 9/16 [00:05<00:04,  1.55it/s][A
Training Epochs:  30%|██▉       | 59/200 [07:31<22:41,  9.66s/it, -ELBO=1.3146, Potential Metric=0.1456, Entropy Metric=0.0181]

Epoch 59:  62%|██████▎   | 10/16 [00:06<00:03,  1.55it/s][A
Training Epochs:  30%|██▉       | 59/200 [07:32<22:41,  9.66s/it, -ELBO=1.3337, Potential Metric=0.1401, Entropy Metric=0.0193]

Epoch 59:  69%|██████▉   | 11/16 [00:06<00:03,  1.54it/s][A
Training Epochs:  30%|██▉       | 59/200 [07:32<22:41,  9.66s/it, -ELBO=1.3312, Potential Metric=0.1356, Entropy Metric=0.0179]

Epoch 59:  75%|███████▌  | 12/16 [00:07<00:02,  1.53it/s][A
Training Epochs:  30%|██▉       | 59/200 [07:33<22:41,  9.66s/it, -ELBO=1.3608, Potential Metric=0.1221, Entropy Metric=0.0184]

Epoch 59:  81%|████████▏ | 13/16 [00:08<00:01,  1.61it/s][A
Training Epochs:  30%|██▉       | 59/200 [07:34<22:41,  9.66s/it, -ELBO=1.3717, Potential Metric=0.1343, Entropy Metric=0.0192]

Epoch 59:  88%|████████▊ | 14/16 [00:08<00:01,  1.60it/s][A
Training Epochs:  30%|██▉       | 59/200 [07:34<22:41,  9.66s/it, -ELBO=1.3274, Potential Metric=0.1306, Entropy Metric=0.0180]

Epoch 59:  94%|█████████▍| 15/16 [00:09<00:00,  1.64it/s][A
Training Epochs:  30%|██▉       | 59/200 [07:35<22:41,  9.66s/it, -ELBO=1.3725, Potential Metric=0.1323, Entropy Metric=0.0182]

Epoch 59: 100%|██████████| 16/16 [00:09<00:00,  1.63it/s][A

                                                         [A
Training Epochs:  30%|███       | 60/200 [07:35<22:44,  9.74s/it, -ELBO=1.3725, Potential Metric=0.1323, Entropy Metric=0.0182]

Epoch 60:   0%|          | 0/16 [00:00<?, ?it/s][A
Training Epochs:  30%|███       | 60/200 [07:35<22:44,  9.74s/it, -ELBO=1.3227, Potential Metric=0.1323, Entropy Metric=0.0173]

Epoch 60:   6%|▋         | 1/16 [00:00<00:08,  1.81it/s][A
Training Epochs:  30%|███       | 60/200 [07:36<22:44,  9.74s/it, -ELBO=1.3746, Potential Metric=0.1381, Entropy Metric=0.0175]

Epoch 60:  12%|█▎        | 2/16 [00:01<00:08,  1.73it/s][A
Training Epochs:  30%|███       | 60/200 [07:37<22:44,  9.74s/it, -ELBO=1.3685, Potential Metric=0.1413, Entropy Metric=0.0185]

Epoch 60:  19%|█▉        | 3/16 [00:01<00:07,  1.77it/s][A
Training Epochs:  30%|███       | 60/200 [07:37<22:44,  9.74s/it, -ELBO=1.3273, Potential Metric=0.1479, Entropy Metric=0.0181]

Epoch 60:  25%|██▌       | 4/16 [00:02<00:06,  1.76it/s][A
Training Epochs:  30%|███       | 60/200 [07:38<22:44,  9.74s/it, -ELBO=1.3600, Potential Metric=0.1481, Entropy Metric=0.0193]

Epoch 60:  31%|███▏      | 5/16 [00:02<00:06,  1.80it/s][A
Training Epochs:  30%|███       | 60/200 [07:38<22:44,  9.74s/it, -ELBO=1.3340, Potential Metric=0.1446, Entropy Metric=0.0178]

Epoch 60:  38%|███▊      | 6/16 [00:03<00:05,  1.75it/s][A
Training Epochs:  30%|███       | 60/200 [07:39<22:44,  9.74s/it, -ELBO=1.3200, Potential Metric=0.1361, Entropy Metric=0.0172]

Epoch 60:  44%|████▍     | 7/16 [00:04<00:05,  1.68it/s][A
Training Epochs:  30%|███       | 60/200 [07:39<22:44,  9.74s/it, -ELBO=1.3399, Potential Metric=0.1288, Entropy Metric=0.0186]

Epoch 60:  50%|█████     | 8/16 [00:04<00:04,  1.73it/s][A
Training Epochs:  30%|███       | 60/200 [07:40<22:44,  9.74s/it, -ELBO=1.3523, Potential Metric=0.1356, Entropy Metric=0.0173]

Epoch 60:  56%|█████▋    | 9/16 [00:05<00:04,  1.74it/s][A
Training Epochs:  30%|███       | 60/200 [07:41<22:44,  9.74s/it, -ELBO=1.3371, Potential Metric=0.1266, Entropy Metric=0.0173]

Epoch 60:  62%|██████▎   | 10/16 [00:05<00:03,  1.67it/s][A
Training Epochs:  30%|███       | 60/200 [07:41<22:44,  9.74s/it, -ELBO=1.3158, Potential Metric=0.1361, Entropy Metric=0.0180]

Epoch 60:  69%|██████▉   | 11/16 [00:06<00:02,  1.69it/s][A
Training Epochs:  30%|███       | 60/200 [07:42<22:44,  9.74s/it, -ELBO=1.3034, Potential Metric=0.1311, Entropy Metric=0.0179]

Epoch 60:  75%|███████▌  | 12/16 [00:06<00:02,  1.69it/s][A
Training Epochs:  30%|███       | 60/200 [07:42<22:44,  9.74s/it, -ELBO=1.3438, Potential Metric=0.1316, Entropy Metric=0.0199]

Epoch 60:  81%|████████▏ | 13/16 [00:07<00:01,  1.66it/s][A
Training Epochs:  30%|███       | 60/200 [07:43<22:44,  9.74s/it, -ELBO=1.3461, Potential Metric=0.1229, Entropy Metric=0.0184]

Epoch 60:  88%|████████▊ | 14/16 [00:08<00:01,  1.70it/s][A
Training Epochs:  30%|███       | 60/200 [07:44<22:44,  9.74s/it, -ELBO=1.3450, Potential Metric=0.1286, Entropy Metric=0.0180]

Epoch 60:  94%|█████████▍| 15/16 [00:08<00:00,  1.66it/s][A
Training Epochs:  30%|███       | 60/200 [07:44<22:44,  9.74s/it, -ELBO=1.3413, Potential Metric=0.1262, Entropy Metric=0.0177]

Epoch 60: 100%|██████████| 16/16 [00:09<00:00,  1.67it/s][A

                                                         [A
Training Epochs:  30%|███       | 61/200 [07:44<22:24,  9.67s/it, -ELBO=1.3413, Potential Metric=0.1262, Entropy Metric=0.0177]

Epoch 61:   0%|          | 0/16 [00:00<?, ?it/s][A
Training Epochs:  30%|███       | 61/200 [07:45<22:24,  9.67s/it, -ELBO=1.3234, Potential Metric=0.1332, Entropy Metric=0.0187]

Epoch 61:   6%|▋         | 1/16 [00:00<00:09,  1.52it/s][A
Training Epochs:  30%|███       | 61/200 [07:46<22:24,  9.67s/it, -ELBO=1.3300, Potential Metric=0.1342, Entropy Metric=0.0196]

Epoch 61:  12%|█▎        | 2/16 [00:01<00:08,  1.67it/s][A
Training Epochs:  30%|███       | 61/200 [07:46<22:24,  9.67s/it, -ELBO=1.3159, Potential Metric=0.1301, Entropy Metric=0.0174]

Epoch 61:  19%|█▉        | 3/16 [00:01<00:07,  1.67it/s][A
Training Epochs:  30%|███       | 61/200 [07:47<22:24,  9.67s/it, -ELBO=1.3577, Potential Metric=0.1360, Entropy Metric=0.0198]

Epoch 61:  25%|██▌       | 4/16 [00:02<00:07,  1.67it/s][A
Training Epochs:  30%|███       | 61/200 [07:47<22:24,  9.67s/it, -ELBO=1.3122, Potential Metric=0.1324, Entropy Metric=0.0182]

Epoch 61:  31%|███▏      | 5/16 [00:02<00:06,  1.81it/s][A
Training Epochs:  30%|███       | 61/200 [07:48<22:24,  9.67s/it, -ELBO=1.3560, Potential Metric=0.1308, Entropy Metric=0.0185]

Epoch 61:  38%|███▊      | 6/16 [00:03<00:05,  1.73it/s][A
Training Epochs:  30%|███       | 61/200 [07:48<22:24,  9.67s/it, -ELBO=1.3377, Potential Metric=0.1349, Entropy Metric=0.0198]

Epoch 61:  44%|████▍     | 7/16 [00:04<00:05,  1.73it/s][A
Training Epochs:  30%|███       | 61/200 [07:49<22:24,  9.67s/it, -ELBO=1.3365, Potential Metric=0.1208, Entropy Metric=0.0190]

Epoch 61:  50%|█████     | 8/16 [00:04<00:04,  1.68it/s][A
Training Epochs:  30%|███       | 61/200 [07:50<22:24,  9.67s/it, -ELBO=1.3151, Potential Metric=0.1370, Entropy Metric=0.0191]

Epoch 61:  56%|█████▋    | 9/16 [00:05<00:04,  1.63it/s][A
Training Epochs:  30%|███       | 61/200 [07:50<22:24,  9.67s/it, -ELBO=1.3215, Potential Metric=0.1260, Entropy Metric=0.0194]

Epoch 61:  62%|██████▎   | 10/16 [00:06<00:03,  1.62it/s][A
Training Epochs:  30%|███       | 61/200 [07:51<22:24,  9.67s/it, -ELBO=1.3422, Potential Metric=0.1394, Entropy Metric=0.0194]

Epoch 61:  69%|██████▉   | 11/16 [00:06<00:03,  1.62it/s][A
Training Epochs:  30%|███       | 61/200 [07:51<22:24,  9.67s/it, -ELBO=1.3051, Potential Metric=0.1455, Entropy Metric=0.0190]

Epoch 61:  75%|███████▌  | 12/16 [00:07<00:02,  1.69it/s][A
Training Epochs:  30%|███       | 61/200 [07:52<22:24,  9.67s/it, -ELBO=1.3629, Potential Metric=0.1365, Entropy Metric=0.0200]

Epoch 61:  81%|████████▏ | 13/16 [00:07<00:01,  1.66it/s][A
Training Epochs:  30%|███       | 61/200 [07:53<22:24,  9.67s/it, -ELBO=1.3700, Potential Metric=0.1287, Entropy Metric=0.0184]

Epoch 61:  88%|████████▊ | 14/16 [00:08<00:01,  1.68it/s][A
Training Epochs:  30%|███       | 61/200 [07:53<22:24,  9.67s/it, -ELBO=1.3344, Potential Metric=0.1410, Entropy Metric=0.0176]

Epoch 61:  94%|█████████▍| 15/16 [00:08<00:00,  1.68it/s][A
Training Epochs:  30%|███       | 61/200 [07:54<22:24,  9.67s/it, -ELBO=1.3163, Potential Metric=0.1334, Entropy Metric=0.0180]

Epoch 61: 100%|██████████| 16/16 [00:09<00:00,  1.72it/s][A

                                                         [A
Training Epochs:  31%|███       | 62/200 [07:54<22:11,  9.65s/it, -ELBO=1.3163, Potential Metric=0.1334, Entropy Metric=0.0180]

Epoch 62:   0%|          | 0/16 [00:00<?, ?it/s][A
Training Epochs:  31%|███       | 62/200 [07:54<22:11,  9.65s/it, -ELBO=1.3083, Potential Metric=0.1346, Entropy Metric=0.0171]

Epoch 62:   6%|▋         | 1/16 [00:00<00:08,  1.70it/s][A
Training Epochs:  31%|███       | 62/200 [07:55<22:11,  9.65s/it, -ELBO=1.2986, Potential Metric=0.1452, Entropy Metric=0.0172]

Epoch 62:  12%|█▎        | 2/16 [00:01<00:07,  1.81it/s][A
Training Epochs:  31%|███       | 62/200 [07:56<22:11,  9.65s/it, -ELBO=1.3503, Potential Metric=0.1334, Entropy Metric=0.0174]

Epoch 62:  19%|█▉        | 3/16 [00:01<00:07,  1.75it/s][A
Training Epochs:  31%|███       | 62/200 [07:56<22:11,  9.65s/it, -ELBO=1.3470, Potential Metric=0.1345, Entropy Metric=0.0179]

Epoch 62:  25%|██▌       | 4/16 [00:02<00:06,  1.73it/s][A
Training Epochs:  31%|███       | 62/200 [07:57<22:11,  9.65s/it, -ELBO=1.3161, Potential Metric=0.1258, Entropy Metric=0.0169]

Epoch 62:  31%|███▏      | 5/16 [00:02<00:06,  1.73it/s][A
Training Epochs:  31%|███       | 62/200 [07:57<22:11,  9.65s/it, -ELBO=1.3482, Potential Metric=0.1220, Entropy Metric=0.0186]

Epoch 62:  38%|███▊      | 6/16 [00:03<00:05,  1.77it/s][A
Training Epochs:  31%|███       | 62/200 [07:58<22:11,  9.65s/it, -ELBO=1.3216, Potential Metric=0.1329, Entropy Metric=0.0177]

Epoch 62:  44%|████▍     | 7/16 [00:04<00:05,  1.75it/s][A
Training Epochs:  31%|███       | 62/200 [07:58<22:11,  9.65s/it, -ELBO=1.3603, Potential Metric=0.1283, Entropy Metric=0.0176]

Epoch 62:  50%|█████     | 8/16 [00:04<00:04,  1.78it/s][A
Training Epochs:  31%|███       | 62/200 [07:59<22:11,  9.65s/it, -ELBO=1.3594, Potential Metric=0.1356, Entropy Metric=0.0187]

Epoch 62:  56%|█████▋    | 9/16 [00:05<00:03,  1.75it/s][A
Training Epochs:  31%|███       | 62/200 [08:00<22:11,  9.65s/it, -ELBO=1.3212, Potential Metric=0.1431, Entropy Metric=0.0186]

Epoch 62:  62%|██████▎   | 10/16 [00:05<00:03,  1.71it/s][A
Training Epochs:  31%|███       | 62/200 [08:00<22:11,  9.65s/it, -ELBO=1.3140, Potential Metric=0.1513, Entropy Metric=0.0184]

Epoch 62:  69%|██████▉   | 11/16 [00:06<00:02,  1.71it/s][A
Training Epochs:  31%|███       | 62/200 [08:01<22:11,  9.65s/it, -ELBO=1.3060, Potential Metric=0.1508, Entropy Metric=0.0181]

Epoch 62:  75%|███████▌  | 12/16 [00:06<00:02,  1.67it/s][A
Training Epochs:  31%|███       | 62/200 [08:01<22:11,  9.65s/it, -ELBO=1.3354, Potential Metric=0.1334, Entropy Metric=0.0191]

Epoch 62:  81%|████████▏ | 13/16 [00:07<00:01,  1.65it/s][A
Training Epochs:  31%|███       | 62/200 [08:02<22:11,  9.65s/it, -ELBO=1.2947, Potential Metric=0.1533, Entropy Metric=0.0184]

Epoch 62:  88%|████████▊ | 14/16 [00:08<00:01,  1.68it/s][A
Training Epochs:  31%|███       | 62/200 [08:03<22:11,  9.65s/it, -ELBO=1.3505, Potential Metric=0.1280, Entropy Metric=0.0180]

Epoch 62:  94%|█████████▍| 15/16 [00:08<00:00,  1.65it/s][A
Training Epochs:  31%|███       | 62/200 [08:03<22:11,  9.65s/it, -ELBO=1.3016, Potential Metric=0.1291, Entropy Metric=0.0169]

Epoch 62: 100%|██████████| 16/16 [00:09<00:00,  1.72it/s][A

                                                         [A
Training Epochs:  32%|███▏      | 63/200 [08:03<21:50,  9.57s/it, -ELBO=1.3016, Potential Metric=0.1291, Entropy Metric=0.0169]

Epoch 63:   0%|          | 0/16 [00:00<?, ?it/s][A
Training Epochs:  32%|███▏      | 63/200 [08:04<21:50,  9.57s/it, -ELBO=1.3358, Potential Metric=0.1260, Entropy Metric=0.0170]

Epoch 63:   6%|▋         | 1/16 [00:00<00:09,  1.63it/s][A
Training Epochs:  32%|███▏      | 63/200 [08:04<21:50,  9.57s/it, -ELBO=1.2898, Potential Metric=0.1322, Entropy Metric=0.0177]

Epoch 63:  12%|█▎        | 2/16 [00:01<00:08,  1.71it/s][A
Training Epochs:  32%|███▏      | 63/200 [08:05<21:50,  9.57s/it, -ELBO=1.2963, Potential Metric=0.1365, Entropy Metric=0.0178]

Epoch 63:  19%|█▉        | 3/16 [00:01<00:07,  1.71it/s][A
Training Epochs:  32%|███▏      | 63/200 [08:06<21:50,  9.57s/it, -ELBO=1.3090, Potential Metric=0.1416, Entropy Metric=0.0183]

Epoch 63:  25%|██▌       | 4/16 [00:02<00:06,  1.74it/s][A
Training Epochs:  32%|███▏      | 63/200 [08:06<21:50,  9.57s/it, -ELBO=1.3237, Potential Metric=0.1369, Entropy Metric=0.0192]

Epoch 63:  31%|███▏      | 5/16 [00:02<00:06,  1.82it/s][A
Training Epochs:  32%|███▏      | 63/200 [08:07<21:50,  9.57s/it, -ELBO=1.3342, Potential Metric=0.1331, Entropy Metric=0.0178]

Epoch 63:  38%|███▊      | 6/16 [00:03<00:05,  1.77it/s][A
Training Epochs:  32%|███▏      | 63/200 [08:07<21:50,  9.57s/it, -ELBO=1.3416, Potential Metric=0.1195, Entropy Metric=0.0191]

Epoch 63:  44%|████▍     | 7/16 [00:04<00:05,  1.73it/s][A
Training Epochs:  32%|███▏      | 63/200 [08:08<21:50,  9.57s/it, -ELBO=1.3255, Potential Metric=0.1347, Entropy Metric=0.0192]

Epoch 63:  50%|█████     | 8/16 [00:04<00:04,  1.76it/s][A
Training Epochs:  32%|███▏      | 63/200 [08:08<21:50,  9.57s/it, -ELBO=1.2674, Potential Metric=0.1385, Entropy Metric=0.0201]

Epoch 63:  56%|█████▋    | 9/16 [00:05<00:03,  1.77it/s][A
Training Epochs:  32%|███▏      | 63/200 [08:09<21:50,  9.57s/it, -ELBO=1.3249, Potential Metric=0.1233, Entropy Metric=0.0200]

Epoch 63:  62%|██████▎   | 10/16 [00:05<00:03,  1.71it/s][A
Training Epochs:  32%|███▏      | 63/200 [08:10<21:50,  9.57s/it, -ELBO=1.3350, Potential Metric=0.1211, Entropy Metric=0.0202]

Epoch 63:  69%|██████▉   | 11/16 [00:06<00:02,  1.67it/s][A
Training Epochs:  32%|███▏      | 63/200 [08:10<21:50,  9.57s/it, -ELBO=1.3167, Potential Metric=0.1268, Entropy Metric=0.0195]

Epoch 63:  75%|███████▌  | 12/16 [00:07<00:02,  1.65it/s][A
Training Epochs:  32%|███▏      | 63/200 [08:11<21:50,  9.57s/it, -ELBO=1.3658, Potential Metric=0.1092, Entropy Metric=0.0181]

Epoch 63:  81%|████████▏ | 13/16 [00:07<00:01,  1.68it/s][A
Training Epochs:  32%|███▏      | 63/200 [08:11<21:50,  9.57s/it, -ELBO=1.2965, Potential Metric=0.1316, Entropy Metric=0.0174]

Epoch 63:  88%|████████▊ | 14/16 [00:08<00:01,  1.72it/s][A
Training Epochs:  32%|███▏      | 63/200 [08:12<21:50,  9.57s/it, -ELBO=1.3328, Potential Metric=0.1239, Entropy Metric=0.0177]

Epoch 63:  94%|█████████▍| 15/16 [00:08<00:00,  1.64it/s][A
Training Epochs:  32%|███▏      | 63/200 [08:13<21:50,  9.57s/it, -ELBO=1.2854, Potential Metric=0.1482, Entropy Metric=0.0189]

Epoch 63: 100%|██████████| 16/16 [00:09<00:00,  1.54it/s][A

                                                         [A
Training Epochs:  32%|███▏      | 64/200 [08:13<21:41,  9.57s/it, -ELBO=1.2854, Potential Metric=0.1482, Entropy Metric=0.0189]

Epoch 64:   0%|          | 0/16 [00:00<?, ?it/s][A
Training Epochs:  32%|███▏      | 64/200 [08:13<21:41,  9.57s/it, -ELBO=1.3264, Potential Metric=0.1444, Entropy Metric=0.0175]

Epoch 64:   6%|▋         | 1/16 [00:00<00:09,  1.52it/s][A
Training Epochs:  32%|███▏      | 64/200 [08:14<21:41,  9.57s/it, -ELBO=1.3481, Potential Metric=0.1377, Entropy Metric=0.0177]

Epoch 64:  12%|█▎        | 2/16 [00:01<00:08,  1.72it/s][A
Training Epochs:  32%|███▏      | 64/200 [08:15<21:41,  9.57s/it, -ELBO=1.3252, Potential Metric=0.1337, Entropy Metric=0.0174]

Epoch 64:  19%|█▉        | 3/16 [00:01<00:07,  1.73it/s][A
Training Epochs:  32%|███▏      | 64/200 [08:15<21:41,  9.57s/it, -ELBO=1.3325, Potential Metric=0.1230, Entropy Metric=0.0187]

Epoch 64:  25%|██▌       | 4/16 [00:02<00:07,  1.69it/s][A
Training Epochs:  32%|███▏      | 64/200 [08:16<21:41,  9.57s/it, -ELBO=1.3401, Potential Metric=0.1318, Entropy Metric=0.0188]

Epoch 64:  31%|███▏      | 5/16 [00:02<00:06,  1.66it/s][A
Training Epochs:  32%|███▏      | 64/200 [08:16<21:41,  9.57s/it, -ELBO=1.3236, Potential Metric=0.1308, Entropy Metric=0.0182]

Epoch 64:  38%|███▊      | 6/16 [00:03<00:06,  1.65it/s][A
Training Epochs:  32%|███▏      | 64/200 [08:17<21:41,  9.57s/it, -ELBO=1.2804, Potential Metric=0.1266, Entropy Metric=0.0188]

Epoch 64:  44%|████▍     | 7/16 [00:04<00:05,  1.62it/s][A
Training Epochs:  32%|███▏      | 64/200 [08:18<21:41,  9.57s/it, -ELBO=1.2930, Potential Metric=0.1262, Entropy Metric=0.0176]

Epoch 64:  50%|█████     | 8/16 [00:04<00:04,  1.65it/s][A
Training Epochs:  32%|███▏      | 64/200 [08:18<21:41,  9.57s/it, -ELBO=1.3109, Potential Metric=0.1295, Entropy Metric=0.0181]

Epoch 64:  56%|█████▋    | 9/16 [00:05<00:04,  1.64it/s][A
Training Epochs:  32%|███▏      | 64/200 [08:19<21:41,  9.57s/it, -ELBO=1.2930, Potential Metric=0.1303, Entropy Metric=0.0175]

Epoch 64:  62%|██████▎   | 10/16 [00:06<00:03,  1.69it/s][A
Training Epochs:  32%|███▏      | 64/200 [08:19<21:41,  9.57s/it, -ELBO=1.2752, Potential Metric=0.1404, Entropy Metric=0.0176]

Epoch 64:  69%|██████▉   | 11/16 [00:06<00:02,  1.69it/s][A
Training Epochs:  32%|███▏      | 64/200 [08:20<21:41,  9.57s/it, -ELBO=1.3386, Potential Metric=0.1271, Entropy Metric=0.0167]

Epoch 64:  75%|███████▌  | 12/16 [00:07<00:02,  1.72it/s][A
Training Epochs:  32%|███▏      | 64/200 [08:21<21:41,  9.57s/it, -ELBO=1.3057, Potential Metric=0.1412, Entropy Metric=0.0177]

Epoch 64:  81%|████████▏ | 13/16 [00:07<00:01,  1.68it/s][A
Training Epochs:  32%|███▏      | 64/200 [08:21<21:41,  9.57s/it, -ELBO=1.2581, Potential Metric=0.1523, Entropy Metric=0.0169]

Epoch 64:  88%|████████▊ | 14/16 [00:08<00:01,  1.69it/s][A
Training Epochs:  32%|███▏      | 64/200 [08:22<21:41,  9.57s/it, -ELBO=1.3475, Potential Metric=0.1232, Entropy Metric=0.0183]

Epoch 64:  94%|█████████▍| 15/16 [00:08<00:00,  1.68it/s][A
Training Epochs:  32%|███▏      | 64/200 [08:22<21:41,  9.57s/it, -ELBO=1.3069, Potential Metric=0.1266, Entropy Metric=0.0182]

Epoch 64: 100%|██████████| 16/16 [00:09<00:00,  1.67it/s][A

                                                         [A
Training Epochs:  32%|███▎      | 65/200 [08:22<21:33,  9.58s/it, -ELBO=1.3069, Potential Metric=0.1266, Entropy Metric=0.0182]

Epoch 65:   0%|          | 0/16 [00:00<?, ?it/s][A
Training Epochs:  32%|███▎      | 65/200 [08:23<21:33,  9.58s/it, -ELBO=1.3162, Potential Metric=0.1220, Entropy Metric=0.0182]

Epoch 65:   6%|▋         | 1/16 [00:00<00:08,  1.80it/s][A
Training Epochs:  32%|███▎      | 65/200 [08:24<21:33,  9.58s/it, -ELBO=1.3279, Potential Metric=0.1336, Entropy Metric=0.0199]

Epoch 65:  12%|█▎        | 2/16 [00:01<00:07,  1.80it/s][A
Training Epochs:  32%|███▎      | 65/200 [08:24<21:33,  9.58s/it, -ELBO=1.2936, Potential Metric=0.1256, Entropy Metric=0.0183]

Epoch 65:  19%|█▉        | 3/16 [00:01<00:07,  1.76it/s][A
Training Epochs:  32%|███▎      | 65/200 [08:25<21:33,  9.58s/it, -ELBO=1.2961, Potential Metric=0.1232, Entropy Metric=0.0181]

Epoch 65:  25%|██▌       | 4/16 [00:02<00:07,  1.69it/s][A
Training Epochs:  32%|███▎      | 65/200 [08:25<21:33,  9.58s/it, -ELBO=1.3049, Potential Metric=0.1340, Entropy Metric=0.0178]

Epoch 65:  31%|███▏      | 5/16 [00:02<00:06,  1.64it/s][A
Training Epochs:  32%|███▎      | 65/200 [08:26<21:33,  9.58s/it, -ELBO=1.2777, Potential Metric=0.1289, Entropy Metric=0.0175]

Epoch 65:  38%|███▊      | 6/16 [00:03<00:06,  1.66it/s][A
Training Epochs:  32%|███▎      | 65/200 [08:27<21:33,  9.58s/it, -ELBO=1.3230, Potential Metric=0.1283, Entropy Metric=0.0170]

Epoch 65:  44%|████▍     | 7/16 [00:04<00:05,  1.75it/s][A
Training Epochs:  32%|███▎      | 65/200 [08:27<21:33,  9.58s/it, -ELBO=1.3080, Potential Metric=0.1300, Entropy Metric=0.0167]

Epoch 65:  50%|█████     | 8/16 [00:04<00:04,  1.76it/s][A
Training Epochs:  32%|███▎      | 65/200 [08:28<21:33,  9.58s/it, -ELBO=1.3069, Potential Metric=0.1303, Entropy Metric=0.0164]

Epoch 65:  56%|█████▋    | 9/16 [00:05<00:03,  1.75it/s][A
Training Epochs:  32%|███▎      | 65/200 [08:28<21:33,  9.58s/it, -ELBO=1.2935, Potential Metric=0.1390, Entropy Metric=0.0172]

Epoch 65:  62%|██████▎   | 10/16 [00:05<00:03,  1.72it/s][A
Training Epochs:  32%|███▎      | 65/200 [08:29<21:33,  9.58s/it, -ELBO=1.2815, Potential Metric=0.1330, Entropy Metric=0.0173]

Epoch 65:  69%|██████▉   | 11/16 [00:06<00:02,  1.67it/s][A
Training Epochs:  32%|███▎      | 65/200 [08:30<21:33,  9.58s/it, -ELBO=1.2742, Potential Metric=0.1413, Entropy Metric=0.0178]

Epoch 65:  75%|███████▌  | 12/16 [00:07<00:02,  1.66it/s][A
Training Epochs:  32%|███▎      | 65/200 [08:30<21:33,  9.58s/it, -ELBO=1.3016, Potential Metric=0.1456, Entropy Metric=0.0175]

Epoch 65:  81%|████████▏ | 13/16 [00:07<00:01,  1.71it/s][A
Training Epochs:  32%|███▎      | 65/200 [08:31<21:33,  9.58s/it, -ELBO=1.3293, Potential Metric=0.1286, Entropy Metric=0.0182]

Epoch 65:  88%|████████▊ | 14/16 [00:08<00:01,  1.69it/s][A
Training Epochs:  32%|███▎      | 65/200 [08:31<21:33,  9.58s/it, -ELBO=1.2870, Potential Metric=0.1417, Entropy Metric=0.0190]

Epoch 65:  94%|█████████▍| 15/16 [00:08<00:00,  1.78it/s][A
Training Epochs:  32%|███▎      | 65/200 [08:32<21:33,  9.58s/it, -ELBO=1.3224, Potential Metric=0.1229, Entropy Metric=0.0192]

Epoch 65: 100%|██████████| 16/16 [00:09<00:00,  1.81it/s][A

                                                         [A
Training Epochs:  33%|███▎      | 66/200 [08:32<21:13,  9.51s/it, -ELBO=1.3224, Potential Metric=0.1229, Entropy Metric=0.0192]

Epoch 66:   0%|          | 0/16 [00:00<?, ?it/s][A
Training Epochs:  33%|███▎      | 66/200 [08:32<21:13,  9.51s/it, -ELBO=1.3201, Potential Metric=0.1330, Entropy Metric=0.0184]

Epoch 66:   6%|▋         | 1/16 [00:00<00:09,  1.60it/s][A
Training Epochs:  33%|███▎      | 66/200 [08:33<21:13,  9.51s/it, -ELBO=1.3078, Potential Metric=0.1300, Entropy Metric=0.0205]

Epoch 66:  12%|█▎        | 2/16 [00:01<00:08,  1.70it/s][A
Training Epochs:  33%|███▎      | 66/200 [08:34<21:13,  9.51s/it, -ELBO=1.2843, Potential Metric=0.1287, Entropy Metric=0.0183]

Epoch 66:  19%|█▉        | 3/16 [00:01<00:07,  1.68it/s][A
Training Epochs:  33%|███▎      | 66/200 [08:34<21:13,  9.51s/it, -ELBO=1.2971, Potential Metric=0.1396, Entropy Metric=0.0180]

Epoch 66:  25%|██▌       | 4/16 [00:02<00:07,  1.65it/s][A
Training Epochs:  33%|███▎      | 66/200 [08:35<21:13,  9.51s/it, -ELBO=1.3058, Potential Metric=0.1355, Entropy Metric=0.0192]

Epoch 66:  31%|███▏      | 5/16 [00:03<00:06,  1.63it/s][A
Training Epochs:  33%|███▎      | 66/200 [08:35<21:13,  9.51s/it, -ELBO=1.2927, Potential Metric=0.1288, Entropy Metric=0.0183]

Epoch 66:  38%|███▊      | 6/16 [00:03<00:06,  1.65it/s][A
Training Epochs:  33%|███▎      | 66/200 [08:36<21:13,  9.51s/it, -ELBO=1.2916, Potential Metric=0.1269, Entropy Metric=0.0178]

Epoch 66:  44%|████▍     | 7/16 [00:04<00:05,  1.65it/s][A
Training Epochs:  33%|███▎      | 66/200 [08:37<21:13,  9.51s/it, -ELBO=1.2856, Potential Metric=0.1354, Entropy Metric=0.0178]

Epoch 66:  50%|█████     | 8/16 [00:04<00:04,  1.68it/s][A
Training Epochs:  33%|███▎      | 66/200 [08:37<21:13,  9.51s/it, -ELBO=1.2958, Potential Metric=0.1308, Entropy Metric=0.0181]

Epoch 66:  56%|█████▋    | 9/16 [00:05<00:04,  1.71it/s][A
Training Epochs:  33%|███▎      | 66/200 [08:38<21:13,  9.51s/it, -ELBO=1.2835, Potential Metric=0.1365, Entropy Metric=0.0181]

Epoch 66:  62%|██████▎   | 10/16 [00:06<00:03,  1.63it/s][A
Training Epochs:  33%|███▎      | 66/200 [08:38<21:13,  9.51s/it, -ELBO=1.3102, Potential Metric=0.1343, Entropy Metric=0.0184]

Epoch 66:  69%|██████▉   | 11/16 [00:06<00:02,  1.70it/s][A
Training Epochs:  33%|███▎      | 66/200 [08:39<21:13,  9.51s/it, -ELBO=1.3097, Potential Metric=0.1317, Entropy Metric=0.0187]

Epoch 66:  75%|███████▌  | 12/16 [00:07<00:02,  1.70it/s][A
Training Epochs:  33%|███▎      | 66/200 [08:40<21:13,  9.51s/it, -ELBO=1.2933, Potential Metric=0.1329, Entropy Metric=0.0195]

Epoch 66:  81%|████████▏ | 13/16 [00:07<00:01,  1.69it/s][A
Training Epochs:  33%|███▎      | 66/200 [08:40<21:13,  9.51s/it, -ELBO=1.3432, Potential Metric=0.1277, Entropy Metric=0.0201]

Epoch 66:  88%|████████▊ | 14/16 [00:08<00:01,  1.66it/s][A
Training Epochs:  33%|███▎      | 66/200 [08:41<21:13,  9.51s/it, -ELBO=1.2574, Potential Metric=0.1344, Entropy Metric=0.0188]

Epoch 66:  94%|█████████▍| 15/16 [00:08<00:00,  1.72it/s][A
Training Epochs:  33%|███▎      | 66/200 [08:41<21:13,  9.51s/it, -ELBO=1.3093, Potential Metric=0.1232, Entropy Metric=0.0185]

Epoch 66: 100%|██████████| 16/16 [00:09<00:00,  1.74it/s][A

                                                         [A
Training Epochs:  34%|███▎      | 67/200 [08:41<21:07,  9.53s/it, -ELBO=1.3093, Potential Metric=0.1232, Entropy Metric=0.0185]

Epoch 67:   0%|          | 0/16 [00:00<?, ?it/s][A
Training Epochs:  34%|███▎      | 67/200 [08:42<21:07,  9.53s/it, -ELBO=1.2860, Potential Metric=0.1305, Entropy Metric=0.0187]

Epoch 67:   6%|▋         | 1/16 [00:00<00:08,  1.68it/s][A
Training Epochs:  34%|███▎      | 67/200 [08:43<21:07,  9.53s/it, -ELBO=1.3095, Potential Metric=0.1216, Entropy Metric=0.0179]

Epoch 67:  12%|█▎        | 2/16 [00:01<00:08,  1.68it/s][A
Training Epochs:  34%|███▎      | 67/200 [08:43<21:07,  9.53s/it, -ELBO=1.2620, Potential Metric=0.1340, Entropy Metric=0.0181]

Epoch 67:  19%|█▉        | 3/16 [00:01<00:07,  1.73it/s][A
Training Epochs:  34%|███▎      | 67/200 [08:44<21:07,  9.53s/it, -ELBO=1.2893, Potential Metric=0.1297, Entropy Metric=0.0178]

Epoch 67:  25%|██▌       | 4/16 [00:02<00:06,  1.74it/s][A
Training Epochs:  34%|███▎      | 67/200 [08:44<21:07,  9.53s/it, -ELBO=1.2979, Potential Metric=0.1346, Entropy Metric=0.0178]

Epoch 67:  31%|███▏      | 5/16 [00:02<00:06,  1.69it/s][A
Training Epochs:  34%|███▎      | 67/200 [08:45<21:07,  9.53s/it, -ELBO=1.2814, Potential Metric=0.1348, Entropy Metric=0.0183]

Epoch 67:  38%|███▊      | 6/16 [00:03<00:05,  1.69it/s][A
Training Epochs:  34%|███▎      | 67/200 [08:45<21:07,  9.53s/it, -ELBO=1.3091, Potential Metric=0.1313, Entropy Metric=0.0194]

Epoch 67:  44%|████▍     | 7/16 [00:04<00:05,  1.72it/s][A
Training Epochs:  34%|███▎      | 67/200 [08:46<21:07,  9.53s/it, -ELBO=1.2776, Potential Metric=0.1277, Entropy Metric=0.0179]

Epoch 67:  50%|█████     | 8/16 [00:04<00:04,  1.71it/s][A
Training Epochs:  34%|███▎      | 67/200 [08:47<21:07,  9.53s/it, -ELBO=1.2775, Potential Metric=0.1333, Entropy Metric=0.0181]

Epoch 67:  56%|█████▋    | 9/16 [00:05<00:04,  1.66it/s][A
Training Epochs:  34%|███▎      | 67/200 [08:47<21:07,  9.53s/it, -ELBO=1.2966, Potential Metric=0.1238, Entropy Metric=0.0187]

Epoch 67:  62%|██████▎   | 10/16 [00:05<00:03,  1.68it/s][A
Training Epochs:  34%|███▎      | 67/200 [08:48<21:07,  9.53s/it, -ELBO=1.3051, Potential Metric=0.1287, Entropy Metric=0.0192]

Epoch 67:  69%|██████▉   | 11/16 [00:06<00:03,  1.63it/s][A
Training Epochs:  34%|███▎      | 67/200 [08:48<21:07,  9.53s/it, -ELBO=1.3178, Potential Metric=0.1357, Entropy Metric=0.0186]

Epoch 67:  75%|███████▌  | 12/16 [00:07<00:02,  1.70it/s][A
Training Epochs:  34%|███▎      | 67/200 [08:49<21:07,  9.53s/it, -ELBO=1.2825, Potential Metric=0.1406, Entropy Metric=0.0200]

Epoch 67:  81%|████████▏ | 13/16 [00:07<00:01,  1.67it/s][A
Training Epochs:  34%|███▎      | 67/200 [08:50<21:07,  9.53s/it, -ELBO=1.3208, Potential Metric=0.1263, Entropy Metric=0.0184]

Epoch 67:  88%|████████▊ | 14/16 [00:08<00:01,  1.67it/s][A
Training Epochs:  34%|███▎      | 67/200 [08:50<21:07,  9.53s/it, -ELBO=1.2568, Potential Metric=0.1501, Entropy Metric=0.0194]

Epoch 67:  94%|█████████▍| 15/16 [00:08<00:00,  1.64it/s][A
Training Epochs:  34%|███▎      | 67/200 [08:51<21:07,  9.53s/it, -ELBO=1.2809, Potential Metric=0.1326, Entropy Metric=0.0183]

Epoch 67: 100%|██████████| 16/16 [00:09<00:00,  1.66it/s][A

                                                         [A
Training Epochs:  34%|███▍      | 68/200 [08:51<21:00,  9.55s/it, -ELBO=1.2809, Potential Metric=0.1326, Entropy Metric=0.0183]

Epoch 68:   0%|          | 0/16 [00:00<?, ?it/s][A
Training Epochs:  34%|███▍      | 68/200 [08:52<21:00,  9.55s/it, -ELBO=1.2747, Potential Metric=0.1458, Entropy Metric=0.0189]

Epoch 68:   6%|▋         | 1/16 [00:00<00:09,  1.53it/s][A
Training Epochs:  34%|███▍      | 68/200 [08:52<21:00,  9.55s/it, -ELBO=1.3132, Potential Metric=0.1415, Entropy Metric=0.0204]

Epoch 68:  12%|█▎        | 2/16 [00:01<00:08,  1.56it/s][A
Training Epochs:  34%|███▍      | 68/200 [08:53<21:00,  9.55s/it, -ELBO=1.2971, Potential Metric=0.1420, Entropy Metric=0.0192]

Epoch 68:  19%|█▉        | 3/16 [00:01<00:07,  1.67it/s][A
Training Epochs:  34%|███▍      | 68/200 [08:53<21:00,  9.55s/it, -ELBO=1.2616, Potential Metric=0.1396, Entropy Metric=0.0185]

Epoch 68:  25%|██▌       | 4/16 [00:02<00:07,  1.62it/s][A
Training Epochs:  34%|███▍      | 68/200 [08:54<21:00,  9.55s/it, -ELBO=1.2675, Potential Metric=0.1353, Entropy Metric=0.0203]

Epoch 68:  31%|███▏      | 5/16 [00:03<00:06,  1.69it/s][A
Training Epochs:  34%|███▍      | 68/200 [08:55<21:00,  9.55s/it, -ELBO=1.2816, Potential Metric=0.1261, Entropy Metric=0.0186]

Epoch 68:  38%|███▊      | 6/16 [00:03<00:06,  1.66it/s][A
Training Epochs:  34%|███▍      | 68/200 [08:55<21:00,  9.55s/it, -ELBO=1.2865, Potential Metric=0.1390, Entropy Metric=0.0196]

Epoch 68:  44%|████▍     | 7/16 [00:04<00:05,  1.67it/s][A
Training Epochs:  34%|███▍      | 68/200 [08:56<21:00,  9.55s/it, -ELBO=1.2922, Potential Metric=0.1296, Entropy Metric=0.0203]

Epoch 68:  50%|█████     | 8/16 [00:04<00:04,  1.71it/s][A
Training Epochs:  34%|███▍      | 68/200 [08:56<21:00,  9.55s/it, -ELBO=1.2918, Potential Metric=0.1359, Entropy Metric=0.0197]

Epoch 68:  56%|█████▋    | 9/16 [00:05<00:04,  1.69it/s][A
Training Epochs:  34%|███▍      | 68/200 [08:57<21:00,  9.55s/it, -ELBO=1.2861, Potential Metric=0.1407, Entropy Metric=0.0196]

Epoch 68:  62%|██████▎   | 10/16 [00:06<00:03,  1.64it/s][A
Training Epochs:  34%|███▍      | 68/200 [08:58<21:00,  9.55s/it, -ELBO=1.2997, Potential Metric=0.1373, Entropy Metric=0.0181]

Epoch 68:  69%|██████▉   | 11/16 [00:06<00:03,  1.60it/s][A
Training Epochs:  34%|███▍      | 68/200 [08:58<21:00,  9.55s/it, -ELBO=1.2884, Potential Metric=0.1388, Entropy Metric=0.0190]

Epoch 68:  75%|███████▌  | 12/16 [00:07<00:02,  1.67it/s][A
Training Epochs:  34%|███▍      | 68/200 [08:59<21:00,  9.55s/it, -ELBO=1.3172, Potential Metric=0.1310, Entropy Metric=0.0190]

Epoch 68:  81%|████████▏ | 13/16 [00:07<00:01,  1.67it/s][A
Training Epochs:  34%|███▍      | 68/200 [08:59<21:00,  9.55s/it, -ELBO=1.3002, Potential Metric=0.1308, Entropy Metric=0.0190]

Epoch 68:  88%|████████▊ | 14/16 [00:08<00:01,  1.69it/s][A
Training Epochs:  34%|███▍      | 68/200 [09:00<21:00,  9.55s/it, -ELBO=1.2809, Potential Metric=0.1279, Entropy Metric=0.0179]

Epoch 68:  94%|█████████▍| 15/16 [00:09<00:00,  1.68it/s][A
Training Epochs:  34%|███▍      | 68/200 [09:01<21:00,  9.55s/it, -ELBO=1.2307, Potential Metric=0.1315, Entropy Metric=0.0179]

Epoch 68: 100%|██████████| 16/16 [00:09<00:00,  1.70it/s][A

                                                         [A
Training Epochs:  34%|███▍      | 69/200 [09:01<20:55,  9.58s/it, -ELBO=1.2307, Potential Metric=0.1315, Entropy Metric=0.0179]

Epoch 69:   0%|          | 0/16 [00:00<?, ?it/s][A
Training Epochs:  34%|███▍      | 69/200 [09:01<20:55,  9.58s/it, -ELBO=1.2608, Potential Metric=0.1284, Entropy Metric=0.0179]

Epoch 69:   6%|▋         | 1/16 [00:00<00:09,  1.60it/s][A
Training Epochs:  34%|███▍      | 69/200 [09:02<20:55,  9.58s/it, -ELBO=1.2701, Potential Metric=0.1390, Entropy Metric=0.0181]

Epoch 69:  12%|█▎        | 2/16 [00:01<00:08,  1.66it/s][A
Training Epochs:  34%|███▍      | 69/200 [09:03<20:55,  9.58s/it, -ELBO=1.2651, Potential Metric=0.1502, Entropy Metric=0.0178]

Epoch 69:  19%|█▉        | 3/16 [00:01<00:08,  1.52it/s][A
Training Epochs:  34%|███▍      | 69/200 [09:03<20:55,  9.58s/it, -ELBO=1.2838, Potential Metric=0.1339, Entropy Metric=0.0193]

Epoch 69:  25%|██▌       | 4/16 [00:02<00:07,  1.58it/s][A
Training Epochs:  34%|███▍      | 69/200 [09:04<20:55,  9.58s/it, -ELBO=1.2504, Potential Metric=0.1345, Entropy Metric=0.0187]

Epoch 69:  31%|███▏      | 5/16 [00:02<00:06,  1.75it/s][A
Training Epochs:  34%|███▍      | 69/200 [09:04<20:55,  9.58s/it, -ELBO=1.3099, Potential Metric=0.1183, Entropy Metric=0.0189]

Epoch 69:  38%|███▊      | 6/16 [00:03<00:05,  1.84it/s][A
Training Epochs:  34%|███▍      | 69/200 [09:05<20:55,  9.58s/it, -ELBO=1.3100, Potential Metric=0.1209, Entropy Metric=0.0200]

Epoch 69:  44%|████▍     | 7/16 [00:04<00:04,  1.80it/s][A
Training Epochs:  34%|███▍      | 69/200 [09:05<20:55,  9.58s/it, -ELBO=1.3171, Potential Metric=0.1285, Entropy Metric=0.0194]

Epoch 69:  50%|█████     | 8/16 [00:04<00:04,  1.74it/s][A
Training Epochs:  34%|███▍      | 69/200 [09:06<20:55,  9.58s/it, -ELBO=1.3185, Potential Metric=0.1316, Entropy Metric=0.0194]

Epoch 69:  56%|█████▋    | 9/16 [00:05<00:04,  1.73it/s][A
Training Epochs:  34%|███▍      | 69/200 [09:07<20:55,  9.58s/it, -ELBO=1.2633, Potential Metric=0.1248, Entropy Metric=0.0190]

Epoch 69:  62%|██████▎   | 10/16 [00:05<00:03,  1.68it/s][A
Training Epochs:  34%|███▍      | 69/200 [09:07<20:55,  9.58s/it, -ELBO=1.2376, Potential Metric=0.1405, Entropy Metric=0.0193]

Epoch 69:  69%|██████▉   | 11/16 [00:06<00:02,  1.71it/s][A
Training Epochs:  34%|███▍      | 69/200 [09:08<20:55,  9.58s/it, -ELBO=1.2441, Potential Metric=0.1415, Entropy Metric=0.0187]

Epoch 69:  75%|███████▌  | 12/16 [00:07<00:02,  1.70it/s][A
Training Epochs:  34%|███▍      | 69/200 [09:08<20:55,  9.58s/it, -ELBO=1.3084, Potential Metric=0.1438, Entropy Metric=0.0188]

Epoch 69:  81%|████████▏ | 13/16 [00:07<00:01,  1.66it/s][A
Training Epochs:  34%|███▍      | 69/200 [09:09<20:55,  9.58s/it, -ELBO=1.3016, Potential Metric=0.1226, Entropy Metric=0.0173]

Epoch 69:  88%|████████▊ | 14/16 [00:08<00:01,  1.67it/s][A
Training Epochs:  34%|███▍      | 69/200 [09:10<20:55,  9.58s/it, -ELBO=1.2640, Potential Metric=0.1302, Entropy Metric=0.0166]

Epoch 69:  94%|█████████▍| 15/16 [00:08<00:00,  1.68it/s][A
Training Epochs:  34%|███▍      | 69/200 [09:10<20:55,  9.58s/it, -ELBO=1.2645, Potential Metric=0.1463, Entropy Metric=0.0187]

Epoch 69: 100%|██████████| 16/16 [00:09<00:00,  1.68it/s][A

                                                         [A
Training Epochs:  35%|███▌      | 70/200 [09:10<20:44,  9.57s/it, -ELBO=1.2645, Potential Metric=0.1463, Entropy Metric=0.0187]

Epoch 70:   0%|          | 0/16 [00:00<?, ?it/s][A
Training Epochs:  35%|███▌      | 70/200 [09:11<20:44,  9.57s/it, -ELBO=1.2874, Potential Metric=0.1222, Entropy Metric=0.0175]

Epoch 70:   6%|▋         | 1/16 [00:00<00:09,  1.60it/s][A
Training Epochs:  35%|███▌      | 70/200 [09:11<20:44,  9.57s/it, -ELBO=1.2876, Potential Metric=0.1231, Entropy Metric=0.0184]

Epoch 70:  12%|█▎        | 2/16 [00:01<00:08,  1.58it/s][A
Training Epochs:  35%|███▌      | 70/200 [09:12<20:44,  9.57s/it, -ELBO=1.3032, Potential Metric=0.1214, Entropy Metric=0.0175]

Epoch 70:  19%|█▉        | 3/16 [00:01<00:08,  1.62it/s][A
Training Epochs:  35%|███▌      | 70/200 [09:13<20:44,  9.57s/it, -ELBO=1.2691, Potential Metric=0.1293, Entropy Metric=0.0182]

Epoch 70:  25%|██▌       | 4/16 [00:02<00:07,  1.63it/s][A
Training Epochs:  35%|███▌      | 70/200 [09:13<20:44,  9.57s/it, -ELBO=1.2763, Potential Metric=0.1307, Entropy Metric=0.0192]

Epoch 70:  31%|███▏      | 5/16 [00:03<00:06,  1.65it/s][A
Training Epochs:  35%|███▌      | 70/200 [09:14<20:44,  9.57s/it, -ELBO=1.3027, Potential Metric=0.1337, Entropy Metric=0.0191]

Epoch 70:  38%|███▊      | 6/16 [00:03<00:06,  1.63it/s][A
Training Epochs:  35%|███▌      | 70/200 [09:14<20:44,  9.57s/it, -ELBO=1.2710, Potential Metric=0.1329, Entropy Metric=0.0210]

Epoch 70:  44%|████▍     | 7/16 [00:04<00:05,  1.65it/s][A
Training Epochs:  35%|███▌      | 70/200 [09:15<20:44,  9.57s/it, -ELBO=1.2629, Potential Metric=0.1261, Entropy Metric=0.0190]

Epoch 70:  50%|█████     | 8/16 [00:04<00:04,  1.68it/s][A
Training Epochs:  35%|███▌      | 70/200 [09:16<20:44,  9.57s/it, -ELBO=1.2752, Potential Metric=0.1318, Entropy Metric=0.0194]

Epoch 70:  56%|█████▋    | 9/16 [00:05<00:04,  1.68it/s][A
Training Epochs:  35%|███▌      | 70/200 [09:16<20:44,  9.57s/it, -ELBO=1.2867, Potential Metric=0.1238, Entropy Metric=0.0193]

Epoch 70:  62%|██████▎   | 10/16 [00:05<00:03,  1.76it/s][A
Training Epochs:  35%|███▌      | 70/200 [09:17<20:44,  9.57s/it, -ELBO=1.2666, Potential Metric=0.1336, Entropy Metric=0.0199]

Epoch 70:  69%|██████▉   | 11/16 [00:06<00:02,  1.70it/s][A
Training Epochs:  35%|███▌      | 70/200 [09:17<20:44,  9.57s/it, -ELBO=1.2619, Potential Metric=0.1274, Entropy Metric=0.0195]

Epoch 70:  75%|███████▌  | 12/16 [00:07<00:02,  1.68it/s][A
Training Epochs:  35%|███▌      | 70/200 [09:18<20:44,  9.57s/it, -ELBO=1.2630, Potential Metric=0.1333, Entropy Metric=0.0187]

Epoch 70:  81%|████████▏ | 13/16 [00:07<00:01,  1.65it/s][A
Training Epochs:  35%|███▌      | 70/200 [09:19<20:44,  9.57s/it, -ELBO=1.2585, Potential Metric=0.1362, Entropy Metric=0.0183]

Epoch 70:  88%|████████▊ | 14/16 [00:08<00:01,  1.59it/s][A
Training Epochs:  35%|███▌      | 70/200 [09:19<20:44,  9.57s/it, -ELBO=1.2682, Potential Metric=0.1304, Entropy Metric=0.0170]

Epoch 70:  94%|█████████▍| 15/16 [00:09<00:00,  1.61it/s][A
Training Epochs:  35%|███▌      | 70/200 [09:20<20:44,  9.57s/it, -ELBO=1.2368, Potential Metric=0.1321, Entropy Metric=0.0175]

Epoch 70: 100%|██████████| 16/16 [00:09<00:00,  1.56it/s][A

                                                         [A
Training Epochs:  36%|███▌      | 71/200 [09:20<20:48,  9.68s/it, -ELBO=1.2368, Potential Metric=0.1321, Entropy Metric=0.0175]

Epoch 71:   0%|          | 0/16 [00:00<?, ?it/s][A
Training Epochs:  36%|███▌      | 71/200 [09:21<20:48,  9.68s/it, -ELBO=1.2750, Potential Metric=0.1253, Entropy Metric=0.0165]

Epoch 71:   6%|▋         | 1/16 [00:00<00:10,  1.44it/s][A
Training Epochs:  36%|███▌      | 71/200 [09:21<20:48,  9.68s/it, -ELBO=1.3173, Potential Metric=0.1187, Entropy Metric=0.0173]

Epoch 71:  12%|█▎        | 2/16 [00:01<00:08,  1.63it/s][A
Training Epochs:  36%|███▌      | 71/200 [09:22<20:48,  9.68s/it, -ELBO=1.2983, Potential Metric=0.1274, Entropy Metric=0.0182]

Epoch 71:  19%|█▉        | 3/16 [00:01<00:07,  1.65it/s][A
Training Epochs:  36%|███▌      | 71/200 [09:22<20:48,  9.68s/it, -ELBO=1.2592, Potential Metric=0.1323, Entropy Metric=0.0177]

Epoch 71:  25%|██▌       | 4/16 [00:02<00:07,  1.68it/s][A
Training Epochs:  36%|███▌      | 71/200 [09:23<20:48,  9.68s/it, -ELBO=1.2570, Potential Metric=0.1197, Entropy Metric=0.0166]

Epoch 71:  31%|███▏      | 5/16 [00:03<00:06,  1.67it/s][A
Training Epochs:  36%|███▌      | 71/200 [09:24<20:48,  9.68s/it, -ELBO=1.2416, Potential Metric=0.1331, Entropy Metric=0.0182]

Epoch 71:  38%|███▊      | 6/16 [00:03<00:05,  1.69it/s][A
Training Epochs:  36%|███▌      | 71/200 [09:24<20:48,  9.68s/it, -ELBO=1.2466, Potential Metric=0.1303, Entropy Metric=0.0181]

Epoch 71:  44%|████▍     | 7/16 [00:04<00:05,  1.68it/s][A
Training Epochs:  36%|███▌      | 71/200 [09:25<20:48,  9.68s/it, -ELBO=1.2739, Potential Metric=0.1323, Entropy Metric=0.0201]

Epoch 71:  50%|█████     | 8/16 [00:04<00:04,  1.70it/s][A
Training Epochs:  36%|███▌      | 71/200 [09:25<20:48,  9.68s/it, -ELBO=1.2912, Potential Metric=0.1329, Entropy Metric=0.0193]

Epoch 71:  56%|█████▋    | 9/16 [00:05<00:04,  1.70it/s][A
Training Epochs:  36%|███▌      | 71/200 [09:26<20:48,  9.68s/it, -ELBO=1.2538, Potential Metric=0.1397, Entropy Metric=0.0193]

Epoch 71:  62%|██████▎   | 10/16 [00:06<00:03,  1.55it/s][A
Training Epochs:  36%|███▌      | 71/200 [09:27<20:48,  9.68s/it, -ELBO=1.2466, Potential Metric=0.1391, Entropy Metric=0.0181]

Epoch 71:  69%|██████▉   | 11/16 [00:06<00:03,  1.58it/s][A
Training Epochs:  36%|███▌      | 71/200 [09:27<20:48,  9.68s/it, -ELBO=1.2683, Potential Metric=0.1271, Entropy Metric=0.0165]

Epoch 71:  75%|███████▌  | 12/16 [00:07<00:02,  1.63it/s][A
Training Epochs:  36%|███▌      | 71/200 [09:28<20:48,  9.68s/it, -ELBO=1.2618, Potential Metric=0.1427, Entropy Metric=0.0173]

Epoch 71:  81%|████████▏ | 13/16 [00:07<00:01,  1.63it/s][A
Training Epochs:  36%|███▌      | 71/200 [09:29<20:48,  9.68s/it, -ELBO=1.2496, Potential Metric=0.1377, Entropy Metric=0.0182]

Epoch 71:  88%|████████▊ | 14/16 [00:08<00:01,  1.63it/s][A
Training Epochs:  36%|███▌      | 71/200 [09:29<20:48,  9.68s/it, -ELBO=1.2533, Potential Metric=0.1368, Entropy Metric=0.0176]

Epoch 71:  94%|█████████▍| 15/16 [00:09<00:00,  1.69it/s][A
Training Epochs:  36%|███▌      | 71/200 [09:30<20:48,  9.68s/it, -ELBO=1.2397, Potential Metric=0.1457, Entropy Metric=0.0170]

Epoch 71: 100%|██████████| 16/16 [00:09<00:00,  1.75it/s][A

                                                         [A
Training Epochs:  36%|███▌      | 72/200 [09:30<20:38,  9.67s/it, -ELBO=1.2397, Potential Metric=0.1457, Entropy Metric=0.0170]

Epoch 72:   0%|          | 0/16 [00:00<?, ?it/s][A
Training Epochs:  36%|███▌      | 72/200 [09:30<20:38,  9.67s/it, -ELBO=1.2589, Potential Metric=0.1278, Entropy Metric=0.0187]

Epoch 72:   6%|▋         | 1/16 [00:00<00:08,  1.76it/s][A
Training Epochs:  36%|███▌      | 72/200 [09:31<20:38,  9.67s/it, -ELBO=1.2614, Potential Metric=0.1272, Entropy Metric=0.0175]

Epoch 72:  12%|█▎        | 2/16 [00:01<00:08,  1.74it/s][A
Training Epochs:  36%|███▌      | 72/200 [09:31<20:38,  9.67s/it, -ELBO=1.2520, Potential Metric=0.1260, Entropy Metric=0.0186]

Epoch 72:  19%|█▉        | 3/16 [00:01<00:07,  1.72it/s][A
Training Epochs:  36%|███▌      | 72/200 [09:32<20:38,  9.67s/it, -ELBO=1.2623, Potential Metric=0.1307, Entropy Metric=0.0195]

Epoch 72:  25%|██▌       | 4/16 [00:02<00:06,  1.77it/s][A
Training Epochs:  36%|███▌      | 72/200 [09:33<20:38,  9.67s/it, -ELBO=1.2438, Potential Metric=0.1268, Entropy Metric=0.0190]

Epoch 72:  31%|███▏      | 5/16 [00:02<00:06,  1.73it/s][A
Training Epochs:  36%|███▌      | 72/200 [09:33<20:38,  9.67s/it, -ELBO=1.2349, Potential Metric=0.1301, Entropy Metric=0.0182]

Epoch 72:  38%|███▊      | 6/16 [00:03<00:05,  1.85it/s][A
Training Epochs:  36%|███▌      | 72/200 [09:34<20:38,  9.67s/it, -ELBO=1.2630, Potential Metric=0.1315, Entropy Metric=0.0188]

Epoch 72:  44%|████▍     | 7/16 [00:03<00:04,  1.81it/s][A
Training Epochs:  36%|███▌      | 72/200 [09:34<20:38,  9.67s/it, -ELBO=1.3013, Potential Metric=0.1260, Entropy Metric=0.0194]

Epoch 72:  50%|█████     | 8/16 [00:04<00:04,  1.73it/s][A
Training Epochs:  36%|███▌      | 72/200 [09:35<20:38,  9.67s/it, -ELBO=1.2641, Potential Metric=0.1382, Entropy Metric=0.0195]

Epoch 72:  56%|█████▋    | 9/16 [00:05<00:03,  1.76it/s][A
Training Epochs:  36%|███▌      | 72/200 [09:35<20:38,  9.67s/it, -ELBO=1.2713, Potential Metric=0.1382, Entropy Metric=0.0188]

Epoch 72:  62%|██████▎   | 10/16 [00:05<00:03,  1.73it/s][A
Training Epochs:  36%|███▌      | 72/200 [09:36<20:38,  9.67s/it, -ELBO=1.2432, Potential Metric=0.1318, Entropy Metric=0.0197]

Epoch 72:  69%|██████▉   | 11/16 [00:06<00:02,  1.69it/s][A
Training Epochs:  36%|███▌      | 72/200 [09:37<20:38,  9.67s/it, -ELBO=1.2269, Potential Metric=0.1332, Entropy Metric=0.0187]

Epoch 72:  75%|███████▌  | 12/16 [00:06<00:02,  1.70it/s][A
Training Epochs:  36%|███▌      | 72/200 [09:37<20:38,  9.67s/it, -ELBO=1.2543, Potential Metric=0.1276, Entropy Metric=0.0199]

Epoch 72:  81%|████████▏ | 13/16 [00:07<00:01,  1.70it/s][A
Training Epochs:  36%|███▌      | 72/200 [09:38<20:38,  9.67s/it, -ELBO=1.2446, Potential Metric=0.1393, Entropy Metric=0.0191]

Epoch 72:  88%|████████▊ | 14/16 [00:08<00:01,  1.73it/s][A
Training Epochs:  36%|███▌      | 72/200 [09:38<20:38,  9.67s/it, -ELBO=1.2799, Potential Metric=0.1317, Entropy Metric=0.0197]

Epoch 72:  94%|█████████▍| 15/16 [00:08<00:00,  1.68it/s][A
Training Epochs:  36%|███▌      | 72/200 [09:39<20:38,  9.67s/it, -ELBO=1.2651, Potential Metric=0.1226, Entropy Metric=0.0199]

Epoch 72: 100%|██████████| 16/16 [00:09<00:00,  1.64it/s][A

                                                         [A
Training Epochs:  36%|███▋      | 73/200 [09:39<20:16,  9.58s/it, -ELBO=1.2651, Potential Metric=0.1226, Entropy Metric=0.0199]

Epoch 73:   0%|          | 0/16 [00:00<?, ?it/s][A
Training Epochs:  36%|███▋      | 73/200 [09:40<20:16,  9.58s/it, -ELBO=1.2633, Potential Metric=0.1175, Entropy Metric=0.0187]

Epoch 73:   6%|▋         | 1/16 [00:00<00:09,  1.54it/s][A
Training Epochs:  36%|███▋      | 73/200 [09:40<20:16,  9.58s/it, -ELBO=1.2489, Potential Metric=0.1230, Entropy Metric=0.0187]

Epoch 73:  12%|█▎        | 2/16 [00:01<00:08,  1.65it/s][A
Training Epochs:  36%|███▋      | 73/200 [09:41<20:16,  9.58s/it, -ELBO=1.2560, Potential Metric=0.1413, Entropy Metric=0.0206]

Epoch 73:  19%|█▉        | 3/16 [00:01<00:07,  1.63it/s][A
Training Epochs:  36%|███▋      | 73/200 [09:41<20:16,  9.58s/it, -ELBO=1.2404, Potential Metric=0.1340, Entropy Metric=0.0182]

Epoch 73:  25%|██▌       | 4/16 [00:02<00:07,  1.70it/s][A
Training Epochs:  36%|███▋      | 73/200 [09:42<20:16,  9.58s/it, -ELBO=1.2059, Potential Metric=0.1486, Entropy Metric=0.0183]

Epoch 73:  31%|███▏      | 5/16 [00:02<00:06,  1.70it/s][A
Training Epochs:  36%|███▋      | 73/200 [09:43<20:16,  9.58s/it, -ELBO=1.2634, Potential Metric=0.1232, Entropy Metric=0.0171]

Epoch 73:  38%|███▊      | 6/16 [00:03<00:05,  1.74it/s][A
Training Epochs:  36%|███▋      | 73/200 [09:43<20:16,  9.58s/it, -ELBO=1.2336, Potential Metric=0.1389, Entropy Metric=0.0172]

Epoch 73:  44%|████▍     | 7/16 [00:04<00:05,  1.68it/s][A
Training Epochs:  36%|███▋      | 73/200 [09:44<20:16,  9.58s/it, -ELBO=1.2696, Potential Metric=0.1336, Entropy Metric=0.0174]

Epoch 73:  50%|█████     | 8/16 [00:04<00:04,  1.67it/s][A
Training Epochs:  36%|███▋      | 73/200 [09:44<20:16,  9.58s/it, -ELBO=1.2273, Potential Metric=0.1355, Entropy Metric=0.0167]

Epoch 73:  56%|█████▋    | 9/16 [00:05<00:04,  1.72it/s][A
Training Epochs:  36%|███▋      | 73/200 [09:45<20:16,  9.58s/it, -ELBO=1.2316, Potential Metric=0.1358, Entropy Metric=0.0169]

Epoch 73:  62%|██████▎   | 10/16 [00:05<00:03,  1.71it/s][A
Training Epochs:  36%|███▋      | 73/200 [09:46<20:16,  9.58s/it, -ELBO=1.2459, Potential Metric=0.1289, Entropy Metric=0.0177]

Epoch 73:  69%|██████▉   | 11/16 [00:06<00:02,  1.74it/s][A
Training Epochs:  36%|███▋      | 73/200 [09:46<20:16,  9.58s/it, -ELBO=1.2601, Potential Metric=0.1308, Entropy Metric=0.0179]

Epoch 73:  75%|███████▌  | 12/16 [00:07<00:02,  1.74it/s][A
Training Epochs:  36%|███▋      | 73/200 [09:47<20:16,  9.58s/it, -ELBO=1.2845, Potential Metric=0.1238, Entropy Metric=0.0186]

Epoch 73:  81%|████████▏ | 13/16 [00:07<00:01,  1.68it/s][A
Training Epochs:  36%|███▋      | 73/200 [09:47<20:16,  9.58s/it, -ELBO=1.2627, Potential Metric=0.1252, Entropy Metric=0.0191]

Epoch 73:  88%|████████▊ | 14/16 [00:08<00:01,  1.68it/s][A
Training Epochs:  36%|███▋      | 73/200 [09:48<20:16,  9.58s/it, -ELBO=1.2700, Potential Metric=0.1187, Entropy Metric=0.0189]

Epoch 73:  94%|█████████▍| 15/16 [00:08<00:00,  1.68it/s][A
Training Epochs:  36%|███▋      | 73/200 [09:49<20:16,  9.58s/it, -ELBO=1.2136, Potential Metric=0.1404, Entropy Metric=0.0178]

Epoch 73: 100%|██████████| 16/16 [00:09<00:00,  1.72it/s][A

                                                         [A
Training Epochs:  37%|███▋      | 74/200 [09:49<20:02,  9.54s/it, -ELBO=1.2136, Potential Metric=0.1404, Entropy Metric=0.0178]

Epoch 74:   0%|          | 0/16 [00:00<?, ?it/s][A
Training Epochs:  37%|███▋      | 74/200 [09:49<20:02,  9.54s/it, -ELBO=1.2295, Potential Metric=0.1241, Entropy Metric=0.0172]

Epoch 74:   6%|▋         | 1/16 [00:00<00:12,  1.22it/s][A
Training Epochs:  37%|███▋      | 74/200 [09:50<20:02,  9.54s/it, -ELBO=1.2422, Potential Metric=0.1317, Entropy Metric=0.0181]

Epoch 74:  12%|█▎        | 2/16 [00:01<00:09,  1.42it/s][A
Training Epochs:  37%|███▋      | 74/200 [09:51<20:02,  9.54s/it, -ELBO=1.2769, Potential Metric=0.1312, Entropy Metric=0.0173]

Epoch 74:  19%|█▉        | 3/16 [00:02<00:08,  1.50it/s][A
Training Epochs:  37%|███▋      | 74/200 [09:51<20:02,  9.54s/it, -ELBO=1.2146, Potential Metric=0.1430, Entropy Metric=0.0173]

Epoch 74:  25%|██▌       | 4/16 [00:02<00:07,  1.66it/s][A
Training Epochs:  37%|███▋      | 74/200 [09:52<20:02,  9.54s/it, -ELBO=1.2741, Potential Metric=0.1313, Entropy Metric=0.0181]

Epoch 74:  31%|███▏      | 5/16 [00:03<00:06,  1.66it/s][A
Training Epochs:  37%|███▋      | 74/200 [09:52<20:02,  9.54s/it, -ELBO=1.2431, Potential Metric=0.1432, Entropy Metric=0.0184]

Epoch 74:  38%|███▊      | 6/16 [00:03<00:06,  1.62it/s][A
Training Epochs:  37%|███▋      | 74/200 [09:53<20:02,  9.54s/it, -ELBO=1.2499, Potential Metric=0.1474, Entropy Metric=0.0178]

Epoch 74:  44%|████▍     | 7/16 [00:04<00:05,  1.66it/s][A
Training Epochs:  37%|███▋      | 74/200 [09:53<20:02,  9.54s/it, -ELBO=1.2406, Potential Metric=0.1316, Entropy Metric=0.0172]

Epoch 74:  50%|█████     | 8/16 [00:04<00:04,  1.78it/s][A
Training Epochs:  37%|███▋      | 74/200 [09:54<20:02,  9.54s/it, -ELBO=1.2341, Potential Metric=0.1297, Entropy Metric=0.0181]

Epoch 74:  56%|█████▋    | 9/16 [00:05<00:03,  1.78it/s][A
Training Epochs:  37%|███▋      | 74/200 [09:55<20:02,  9.54s/it, -ELBO=1.2184, Potential Metric=0.1420, Entropy Metric=0.0189]

Epoch 74:  62%|██████▎   | 10/16 [00:06<00:03,  1.73it/s][A
Training Epochs:  37%|███▋      | 74/200 [09:55<20:02,  9.54s/it, -ELBO=1.2695, Potential Metric=0.1273, Entropy Metric=0.0182]

Epoch 74:  69%|██████▉   | 11/16 [00:06<00:02,  1.67it/s][A
Training Epochs:  37%|███▋      | 74/200 [09:56<20:02,  9.54s/it, -ELBO=1.2364, Potential Metric=0.1302, Entropy Metric=0.0185]

Epoch 74:  75%|███████▌  | 12/16 [00:07<00:02,  1.74it/s][A
Training Epochs:  37%|███▋      | 74/200 [09:56<20:02,  9.54s/it, -ELBO=1.2590, Potential Metric=0.1339, Entropy Metric=0.0192]

Epoch 74:  81%|████████▏ | 13/16 [00:07<00:01,  1.68it/s][A
Training Epochs:  37%|███▋      | 74/200 [09:57<20:02,  9.54s/it, -ELBO=1.2417, Potential Metric=0.1276, Entropy Metric=0.0185]

Epoch 74:  88%|████████▊ | 14/16 [00:08<00:01,  1.62it/s][A
Training Epochs:  37%|███▋      | 74/200 [09:58<20:02,  9.54s/it, -ELBO=1.2535, Potential Metric=0.1342, Entropy Metric=0.0178]

Epoch 74:  94%|█████████▍| 15/16 [00:09<00:00,  1.66it/s][A
Training Epochs:  37%|███▋      | 74/200 [09:58<20:02,  9.54s/it, -ELBO=1.2407, Potential Metric=0.1304, Entropy Metric=0.0177]

Epoch 74: 100%|██████████| 16/16 [00:09<00:00,  1.75it/s][A

                                                         [A
Training Epochs:  38%|███▊      | 75/200 [09:58<19:56,  9.57s/it, -ELBO=1.2407, Potential Metric=0.1304, Entropy Metric=0.0177]

Epoch 75:   0%|          | 0/16 [00:00<?, ?it/s][A
Training Epochs:  38%|███▊      | 75/200 [09:59<19:56,  9.57s/it, -ELBO=1.2278, Potential Metric=0.1428, Entropy Metric=0.0177]

Epoch 75:   6%|▋         | 1/16 [00:00<00:08,  1.71it/s][A
Training Epochs:  38%|███▊      | 75/200 [09:59<19:56,  9.57s/it, -ELBO=1.2209, Potential Metric=0.1285, Entropy Metric=0.0180]

Epoch 75:  12%|█▎        | 2/16 [00:01<00:08,  1.65it/s][A
Training Epochs:  38%|███▊      | 75/200 [10:00<19:56,  9.57s/it, -ELBO=1.2241, Potential Metric=0.1457, Entropy Metric=0.0181]

Epoch 75:  19%|█▉        | 3/16 [00:01<00:08,  1.61it/s][A
Training Epochs:  38%|███▊      | 75/200 [10:01<19:56,  9.57s/it, -ELBO=1.2410, Potential Metric=0.1330, Entropy Metric=0.0193]

Epoch 75:  25%|██▌       | 4/16 [00:02<00:07,  1.63it/s][A
Training Epochs:  38%|███▊      | 75/200 [10:01<19:56,  9.57s/it, -ELBO=1.2858, Potential Metric=0.1287, Entropy Metric=0.0194]

Epoch 75:  31%|███▏      | 5/16 [00:03<00:06,  1.65it/s][A
Training Epochs:  38%|███▊      | 75/200 [10:02<19:56,  9.57s/it, -ELBO=1.2785, Potential Metric=0.1292, Entropy Metric=0.0202]

Epoch 75:  38%|███▊      | 6/16 [00:03<00:06,  1.64it/s][A
Training Epochs:  38%|███▊      | 75/200 [10:02<19:56,  9.57s/it, -ELBO=1.2282, Potential Metric=0.1338, Entropy Metric=0.0189]

Epoch 75:  44%|████▍     | 7/16 [00:04<00:05,  1.64it/s][A
Training Epochs:  38%|███▊      | 75/200 [10:03<19:56,  9.57s/it, -ELBO=1.2480, Potential Metric=0.1235, Entropy Metric=0.0199]

Epoch 75:  50%|█████     | 8/16 [00:04<00:04,  1.65it/s][A
Training Epochs:  38%|███▊      | 75/200 [10:04<19:56,  9.57s/it, -ELBO=1.2365, Potential Metric=0.1244, Entropy Metric=0.0184]

Epoch 75:  56%|█████▋    | 9/16 [00:05<00:04,  1.63it/s][A
Training Epochs:  38%|███▊      | 75/200 [10:04<19:56,  9.57s/it, -ELBO=1.2398, Potential Metric=0.1367, Entropy Metric=0.0180]

Epoch 75:  62%|██████▎   | 10/16 [00:06<00:03,  1.60it/s][A
Training Epochs:  38%|███▊      | 75/200 [10:05<19:56,  9.57s/it, -ELBO=1.2398, Potential Metric=0.1438, Entropy Metric=0.0174]

Epoch 75:  69%|██████▉   | 11/16 [00:06<00:03,  1.63it/s][A
Training Epochs:  38%|███▊      | 75/200 [10:06<19:56,  9.57s/it, -ELBO=1.2065, Potential Metric=0.1471, Entropy Metric=0.0178]

Epoch 75:  75%|███████▌  | 12/16 [00:07<00:02,  1.62it/s][A
Training Epochs:  38%|███▊      | 75/200 [10:06<19:56,  9.57s/it, -ELBO=1.1976, Potential Metric=0.1427, Entropy Metric=0.0171]

Epoch 75:  81%|████████▏ | 13/16 [00:08<00:01,  1.60it/s][A
Training Epochs:  38%|███▊      | 75/200 [10:07<19:56,  9.57s/it, -ELBO=1.2142, Potential Metric=0.1399, Entropy Metric=0.0173]

Epoch 75:  88%|████████▊ | 14/16 [00:08<00:01,  1.60it/s][A
Training Epochs:  38%|███▊      | 75/200 [10:07<19:56,  9.57s/it, -ELBO=1.2507, Potential Metric=0.1288, Entropy Metric=0.0168]

Epoch 75:  94%|█████████▍| 15/16 [00:09<00:00,  1.60it/s][A
Training Epochs:  38%|███▊      | 75/200 [10:08<19:56,  9.57s/it, -ELBO=1.2266, Potential Metric=0.1435, Entropy Metric=0.0184]

Epoch 75: 100%|██████████| 16/16 [00:09<00:00,  1.61it/s][A

                                                         [A
Training Epochs:  38%|███▊      | 76/200 [10:08<19:59,  9.67s/it, -ELBO=1.2266, Potential Metric=0.1435, Entropy Metric=0.0184]

Epoch 76:   0%|          | 0/16 [00:00<?, ?it/s][A
Training Epochs:  38%|███▊      | 76/200 [10:09<19:59,  9.67s/it, -ELBO=1.2198, Potential Metric=0.1428, Entropy Metric=0.0189]

Epoch 76:   6%|▋         | 1/16 [00:00<00:09,  1.57it/s][A
Training Epochs:  38%|███▊      | 76/200 [10:09<19:59,  9.67s/it, -ELBO=1.2405, Potential Metric=0.1398, Entropy Metric=0.0173]

Epoch 76:  12%|█▎        | 2/16 [00:01<00:08,  1.59it/s][A
Training Epochs:  38%|███▊      | 76/200 [10:10<19:59,  9.67s/it, -ELBO=1.2468, Potential Metric=0.1273, Entropy Metric=0.0183]

Epoch 76:  19%|█▉        | 3/16 [00:01<00:07,  1.64it/s][A
Training Epochs:  38%|███▊      | 76/200 [10:11<19:59,  9.67s/it, -ELBO=1.2181, Potential Metric=0.1357, Entropy Metric=0.0172]

Epoch 76:  25%|██▌       | 4/16 [00:02<00:07,  1.64it/s][A
Training Epochs:  38%|███▊      | 76/200 [10:11<19:59,  9.67s/it, -ELBO=1.2267, Potential Metric=0.1370, Entropy Metric=0.0184]

Epoch 76:  31%|███▏      | 5/16 [00:03<00:06,  1.69it/s][A
Training Epochs:  38%|███▊      | 76/200 [10:12<19:59,  9.67s/it, -ELBO=1.2425, Potential Metric=0.1332, Entropy Metric=0.0179]

Epoch 76:  38%|███▊      | 6/16 [00:03<00:05,  1.68it/s][A
Training Epochs:  38%|███▊      | 76/200 [10:12<19:59,  9.67s/it, -ELBO=1.2352, Potential Metric=0.1280, Entropy Metric=0.0178]

Epoch 76:  44%|████▍     | 7/16 [00:04<00:05,  1.74it/s][A
Training Epochs:  38%|███▊      | 76/200 [10:13<19:59,  9.67s/it, -ELBO=1.2619, Potential Metric=0.1239, Entropy Metric=0.0172]

Epoch 76:  50%|█████     | 8/16 [00:04<00:05,  1.59it/s][A
Training Epochs:  38%|███▊      | 76/200 [10:14<19:59,  9.67s/it, -ELBO=1.2161, Potential Metric=0.1376, Entropy Metric=0.0180]

Epoch 76:  56%|█████▋    | 9/16 [00:05<00:04,  1.59it/s][A
Training Epochs:  38%|███▊      | 76/200 [10:14<19:59,  9.67s/it, -ELBO=1.2383, Potential Metric=0.1367, Entropy Metric=0.0189]

Epoch 76:  62%|██████▎   | 10/16 [00:06<00:03,  1.59it/s][A
Training Epochs:  38%|███▊      | 76/200 [10:15<19:59,  9.67s/it, -ELBO=1.2204, Potential Metric=0.1390, Entropy Metric=0.0171]

Epoch 76:  69%|██████▉   | 11/16 [00:06<00:03,  1.62it/s][A
Training Epochs:  38%|███▊      | 76/200 [10:15<19:59,  9.67s/it, -ELBO=1.2439, Potential Metric=0.1273, Entropy Metric=0.0177]

Epoch 76:  75%|███████▌  | 12/16 [00:07<00:02,  1.62it/s][A
Training Epochs:  38%|███▊      | 76/200 [10:16<19:59,  9.67s/it, -ELBO=1.1926, Potential Metric=0.1332, Entropy Metric=0.0171]

Epoch 76:  81%|████████▏ | 13/16 [00:07<00:01,  1.62it/s][A
Training Epochs:  38%|███▊      | 76/200 [10:17<19:59,  9.67s/it, -ELBO=1.2251, Potential Metric=0.1291, Entropy Metric=0.0171]

Epoch 76:  88%|████████▊ | 14/16 [00:08<00:01,  1.59it/s][A
Training Epochs:  38%|███▊      | 76/200 [10:17<19:59,  9.67s/it, -ELBO=1.2192, Potential Metric=0.1334, Entropy Metric=0.0169]

Epoch 76:  94%|█████████▍| 15/16 [00:09<00:00,  1.59it/s][A
Training Epochs:  38%|███▊      | 76/200 [10:18<19:59,  9.67s/it, -ELBO=1.2299, Potential Metric=0.1336, Entropy Metric=0.0175]

Epoch 76: 100%|██████████| 16/16 [00:09<00:00,  1.56it/s][A

                                                         [A
Training Epochs:  38%|███▊      | 77/200 [10:18<20:00,  9.76s/it, -ELBO=1.2299, Potential Metric=0.1336, Entropy Metric=0.0175]

Epoch 77:   0%|          | 0/16 [00:00<?, ?it/s][A
Training Epochs:  38%|███▊      | 77/200 [10:19<20:00,  9.76s/it, -ELBO=1.2206, Potential Metric=0.1489, Entropy Metric=0.0170]

Epoch 77:   6%|▋         | 1/16 [00:00<00:10,  1.44it/s][A
Training Epochs:  38%|███▊      | 77/200 [10:19<20:00,  9.76s/it, -ELBO=1.2382, Potential Metric=0.1381, Entropy Metric=0.0177]

Epoch 77:  12%|█▎        | 2/16 [00:01<00:09,  1.53it/s][A
Training Epochs:  38%|███▊      | 77/200 [10:20<20:00,  9.76s/it, -ELBO=1.2190, Potential Metric=0.1301, Entropy Metric=0.0160]

Epoch 77:  19%|█▉        | 3/16 [00:01<00:08,  1.58it/s][A
Training Epochs:  38%|███▊      | 77/200 [10:21<20:00,  9.76s/it, -ELBO=1.2300, Potential Metric=0.1295, Entropy Metric=0.0187]

Epoch 77:  25%|██▌       | 4/16 [00:02<00:07,  1.69it/s][A
Training Epochs:  38%|███▊      | 77/200 [10:21<20:00,  9.76s/it, -ELBO=1.2168, Potential Metric=0.1280, Entropy Metric=0.0184]

Epoch 77:  31%|███▏      | 5/16 [00:03<00:06,  1.68it/s][A
Training Epochs:  38%|███▊      | 77/200 [10:22<20:00,  9.76s/it, -ELBO=1.1911, Potential Metric=0.1419, Entropy Metric=0.0187]

Epoch 77:  38%|███▊      | 6/16 [00:03<00:05,  1.74it/s][A
Training Epochs:  38%|███▊      | 77/200 [10:22<20:00,  9.76s/it, -ELBO=1.2529, Potential Metric=0.1327, Entropy Metric=0.0205]

Epoch 77:  44%|████▍     | 7/16 [00:04<00:05,  1.77it/s][A
Training Epochs:  38%|███▊      | 77/200 [10:23<20:00,  9.76s/it, -ELBO=1.1968, Potential Metric=0.1352, Entropy Metric=0.0195]

Epoch 77:  50%|█████     | 8/16 [00:04<00:04,  1.80it/s][A
Training Epochs:  38%|███▊      | 77/200 [10:23<20:00,  9.76s/it, -ELBO=1.2574, Potential Metric=0.1390, Entropy Metric=0.0203]

Epoch 77:  56%|█████▋    | 9/16 [00:05<00:04,  1.75it/s][A
Training Epochs:  38%|███▊      | 77/200 [10:24<20:00,  9.76s/it, -ELBO=1.2348, Potential Metric=0.1324, Entropy Metric=0.0214]

Epoch 77:  62%|██████▎   | 10/16 [00:05<00:03,  1.74it/s][A
Training Epochs:  38%|███▊      | 77/200 [10:25<20:00,  9.76s/it, -ELBO=1.2171, Potential Metric=0.1316, Entropy Metric=0.0191]

Epoch 77:  69%|██████▉   | 11/16 [00:06<00:02,  1.74it/s][A
Training Epochs:  38%|███▊      | 77/200 [10:25<20:00,  9.76s/it, -ELBO=1.2057, Potential Metric=0.1431, Entropy Metric=0.0181]

Epoch 77:  75%|███████▌  | 12/16 [00:07<00:02,  1.70it/s][A
Training Epochs:  38%|███▊      | 77/200 [10:26<20:00,  9.76s/it, -ELBO=1.2363, Potential Metric=0.1402, Entropy Metric=0.0189]

Epoch 77:  81%|████████▏ | 13/16 [00:07<00:01,  1.64it/s][A
Training Epochs:  38%|███▊      | 77/200 [10:26<20:00,  9.76s/it, -ELBO=1.2208, Potential Metric=0.1335, Entropy Metric=0.0185]

Epoch 77:  88%|████████▊ | 14/16 [00:08<00:01,  1.64it/s][A
Training Epochs:  38%|███▊      | 77/200 [10:27<20:00,  9.76s/it, -ELBO=1.2436, Potential Metric=0.1195, Entropy Metric=0.0177]

Epoch 77:  94%|█████████▍| 15/16 [00:08<00:00,  1.69it/s][A
Training Epochs:  38%|███▊      | 77/200 [10:28<20:00,  9.76s/it, -ELBO=1.2112, Potential Metric=0.1429, Entropy Metric=0.0184]

Epoch 77: 100%|██████████| 16/16 [00:09<00:00,  1.66it/s][A

                                                         [A
Training Epochs:  39%|███▉      | 78/200 [10:28<19:43,  9.70s/it, -ELBO=1.2112, Potential Metric=0.1429, Entropy Metric=0.0184]

Epoch 78:   0%|          | 0/16 [00:00<?, ?it/s][A
Training Epochs:  39%|███▉      | 78/200 [10:28<19:43,  9.70s/it, -ELBO=1.2415, Potential Metric=0.1167, Entropy Metric=0.0183]

Epoch 78:   6%|▋         | 1/16 [00:00<00:10,  1.44it/s][A
Training Epochs:  39%|███▉      | 78/200 [10:29<19:43,  9.70s/it, -ELBO=1.2314, Potential Metric=0.1253, Entropy Metric=0.0183]

Epoch 78:  12%|█▎        | 2/16 [00:01<00:09,  1.50it/s][A
Training Epochs:  39%|███▉      | 78/200 [10:30<19:43,  9.70s/it, -ELBO=1.2138, Potential Metric=0.1298, Entropy Metric=0.0170]

Epoch 78:  19%|█▉        | 3/16 [00:01<00:08,  1.56it/s][A
Training Epochs:  39%|███▉      | 78/200 [10:30<19:43,  9.70s/it, -ELBO=1.1800, Potential Metric=0.1376, Entropy Metric=0.0160]

Epoch 78:  25%|██▌       | 4/16 [00:02<00:07,  1.65it/s][A
Training Epochs:  39%|███▉      | 78/200 [10:31<19:43,  9.70s/it, -ELBO=1.2100, Potential Metric=0.1415, Entropy Metric=0.0172]

Epoch 78:  31%|███▏      | 5/16 [00:03<00:06,  1.62it/s][A
Training Epochs:  39%|███▉      | 78/200 [10:32<19:43,  9.70s/it, -ELBO=1.2068, Potential Metric=0.1429, Entropy Metric=0.0173]

Epoch 78:  38%|███▊      | 6/16 [00:03<00:06,  1.60it/s][A
Training Epochs:  39%|███▉      | 78/200 [10:32<19:43,  9.70s/it, -ELBO=1.1893, Potential Metric=0.1343, Entropy Metric=0.0161]

Epoch 78:  44%|████▍     | 7/16 [00:04<00:05,  1.61it/s][A
Training Epochs:  39%|███▉      | 78/200 [10:33<19:43,  9.70s/it, -ELBO=1.2411, Potential Metric=0.1350, Entropy Metric=0.0176]

Epoch 78:  50%|█████     | 8/16 [00:05<00:04,  1.61it/s][A
Training Epochs:  39%|███▉      | 78/200 [10:33<19:43,  9.70s/it, -ELBO=1.2299, Potential Metric=0.1261, Entropy Metric=0.0170]

Epoch 78:  56%|█████▋    | 9/16 [00:05<00:04,  1.53it/s][A
Training Epochs:  39%|███▉      | 78/200 [10:34<19:43,  9.70s/it, -ELBO=1.2382, Potential Metric=0.1326, Entropy Metric=0.0172]

Epoch 78:  62%|██████▎   | 10/16 [00:06<00:03,  1.59it/s][A
Training Epochs:  39%|███▉      | 78/200 [10:35<19:43,  9.70s/it, -ELBO=1.2075, Potential Metric=0.1348, Entropy Metric=0.0181]

Epoch 78:  69%|██████▉   | 11/16 [00:06<00:03,  1.61it/s][A
Training Epochs:  39%|███▉      | 78/200 [10:35<19:43,  9.70s/it, -ELBO=1.1959, Potential Metric=0.1318, Entropy Metric=0.0173]

Epoch 78:  75%|███████▌  | 12/16 [00:07<00:02,  1.63it/s][A
Training Epochs:  39%|███▉      | 78/200 [10:36<19:43,  9.70s/it, -ELBO=1.2750, Potential Metric=0.1294, Entropy Metric=0.0197]

Epoch 78:  81%|████████▏ | 13/16 [00:08<00:01,  1.63it/s][A
Training Epochs:  39%|███▉      | 78/200 [10:36<19:43,  9.70s/it, -ELBO=1.2090, Potential Metric=0.1371, Entropy Metric=0.0177]

Epoch 78:  88%|████████▊ | 14/16 [00:08<00:01,  1.60it/s][A
Training Epochs:  39%|███▉      | 78/200 [10:37<19:43,  9.70s/it, -ELBO=1.1963, Potential Metric=0.1392, Entropy Metric=0.0182]

Epoch 78:  94%|█████████▍| 15/16 [00:09<00:00,  1.67it/s][A
Training Epochs:  39%|███▉      | 78/200 [10:38<19:43,  9.70s/it, -ELBO=1.2037, Potential Metric=0.1329, Entropy Metric=0.0181]

Epoch 78: 100%|██████████| 16/16 [00:09<00:00,  1.64it/s][A

                                                         [A
Training Epochs:  40%|███▉      | 79/200 [10:38<19:47,  9.81s/it, -ELBO=1.2037, Potential Metric=0.1329, Entropy Metric=0.0181]

Epoch 79:   0%|          | 0/16 [00:00<?, ?it/s][A
Training Epochs:  40%|███▉      | 79/200 [10:38<19:47,  9.81s/it, -ELBO=1.2162, Potential Metric=0.1315, Entropy Metric=0.0166]

Epoch 79:   6%|▋         | 1/16 [00:00<00:10,  1.47it/s][A
Training Epochs:  40%|███▉      | 79/200 [10:39<19:47,  9.81s/it, -ELBO=1.2101, Potential Metric=0.1320, Entropy Metric=0.0182]

Epoch 79:  12%|█▎        | 2/16 [00:01<00:08,  1.56it/s][A
Training Epochs:  40%|███▉      | 79/200 [10:40<19:47,  9.81s/it, -ELBO=1.1934, Potential Metric=0.1372, Entropy Metric=0.0179]

Epoch 79:  19%|█▉        | 3/16 [00:01<00:07,  1.63it/s][A
Training Epochs:  40%|███▉      | 79/200 [10:40<19:47,  9.81s/it, -ELBO=1.1869, Potential Metric=0.1289, Entropy Metric=0.0168]

Epoch 79:  25%|██▌       | 4/16 [00:02<00:07,  1.62it/s][A
Training Epochs:  40%|███▉      | 79/200 [10:41<19:47,  9.81s/it, -ELBO=1.1650, Potential Metric=0.1340, Entropy Metric=0.0162]

Epoch 79:  31%|███▏      | 5/16 [00:03<00:06,  1.68it/s][A
Training Epochs:  40%|███▉      | 79/200 [10:41<19:47,  9.81s/it, -ELBO=1.1993, Potential Metric=0.1319, Entropy Metric=0.0170]

Epoch 79:  38%|███▊      | 6/16 [00:03<00:05,  1.75it/s][A
Training Epochs:  40%|███▉      | 79/200 [10:42<19:47,  9.81s/it, -ELBO=1.2295, Potential Metric=0.1388, Entropy Metric=0.0174]

Epoch 79:  44%|████▍     | 7/16 [00:04<00:05,  1.75it/s][A
Training Epochs:  40%|███▉      | 79/200 [10:42<19:47,  9.81s/it, -ELBO=1.2379, Potential Metric=0.1347, Entropy Metric=0.0177]

Epoch 79:  50%|█████     | 8/16 [00:04<00:04,  1.73it/s][A
Training Epochs:  40%|███▉      | 79/200 [10:43<19:47,  9.81s/it, -ELBO=1.2168, Potential Metric=0.1308, Entropy Metric=0.0174]

Epoch 79:  56%|█████▋    | 9/16 [00:05<00:04,  1.71it/s][A
Training Epochs:  40%|███▉      | 79/200 [10:44<19:47,  9.81s/it, -ELBO=1.2147, Potential Metric=0.1261, Entropy Metric=0.0170]

Epoch 79:  62%|██████▎   | 10/16 [00:05<00:03,  1.73it/s][A
Training Epochs:  40%|███▉      | 79/200 [10:44<19:47,  9.81s/it, -ELBO=1.2273, Potential Metric=0.1240, Entropy Metric=0.0177]

Epoch 79:  69%|██████▉   | 11/16 [00:06<00:02,  1.78it/s][A
Training Epochs:  40%|███▉      | 79/200 [10:45<19:47,  9.81s/it, -ELBO=1.2138, Potential Metric=0.1185, Entropy Metric=0.0172]

Epoch 79:  75%|███████▌  | 12/16 [00:07<00:02,  1.74it/s][A
Training Epochs:  40%|███▉      | 79/200 [10:45<19:47,  9.81s/it, -ELBO=1.2211, Potential Metric=0.1349, Entropy Metric=0.0173]

Epoch 79:  81%|████████▏ | 13/16 [00:07<00:01,  1.72it/s][A
Training Epochs:  40%|███▉      | 79/200 [10:46<19:47,  9.81s/it, -ELBO=1.2188, Potential Metric=0.1422, Entropy Metric=0.0179]

Epoch 79:  88%|████████▊ | 14/16 [00:08<00:01,  1.79it/s][A
Training Epochs:  40%|███▉      | 79/200 [10:46<19:47,  9.81s/it, -ELBO=1.1827, Potential Metric=0.1347, Entropy Metric=0.0164]

Epoch 79:  94%|█████████▍| 15/16 [00:08<00:00,  1.76it/s][A
Training Epochs:  40%|███▉      | 79/200 [10:47<19:47,  9.81s/it, -ELBO=1.2380, Potential Metric=0.1393, Entropy Metric=0.0164]

Epoch 79: 100%|██████████| 16/16 [00:09<00:00,  1.70it/s][A

                                                         [A
Training Epochs:  40%|████      | 80/200 [10:47<19:22,  9.69s/it, -ELBO=1.2380, Potential Metric=0.1393, Entropy Metric=0.0164]

Epoch 80:   0%|          | 0/16 [00:00<?, ?it/s][A
Training Epochs:  40%|████      | 80/200 [10:48<19:22,  9.69s/it, -ELBO=1.1956, Potential Metric=0.1409, Entropy Metric=0.0170]

Epoch 80:   6%|▋         | 1/16 [00:00<00:09,  1.61it/s][A
Training Epochs:  40%|████      | 80/200 [10:48<19:22,  9.69s/it, -ELBO=1.2081, Potential Metric=0.1368, Entropy Metric=0.0174]

Epoch 80:  12%|█▎        | 2/16 [00:01<00:08,  1.64it/s][A
Training Epochs:  40%|████      | 80/200 [10:49<19:22,  9.69s/it, -ELBO=1.2029, Potential Metric=0.1408, Entropy Metric=0.0168]

Epoch 80:  19%|█▉        | 3/16 [00:01<00:07,  1.68it/s][A
Training Epochs:  40%|████      | 80/200 [10:49<19:22,  9.69s/it, -ELBO=1.2006, Potential Metric=0.1298, Entropy Metric=0.0168]

Epoch 80:  25%|██▌       | 4/16 [00:02<00:06,  1.75it/s][A
Training Epochs:  40%|████      | 80/200 [10:50<19:22,  9.69s/it, -ELBO=1.2007, Potential Metric=0.1430, Entropy Metric=0.0178]

Epoch 80:  31%|███▏      | 5/16 [00:02<00:06,  1.81it/s][A
Training Epochs:  40%|████      | 80/200 [10:50<19:22,  9.69s/it, -ELBO=1.2206, Potential Metric=0.1283, Entropy Metric=0.0184]

Epoch 80:  38%|███▊      | 6/16 [00:03<00:05,  1.88it/s][A
Training Epochs:  40%|████      | 80/200 [10:51<19:22,  9.69s/it, -ELBO=1.2246, Potential Metric=0.1439, Entropy Metric=0.0187]

Epoch 80:  44%|████▍     | 7/16 [00:04<00:05,  1.75it/s][A
Training Epochs:  40%|████      | 80/200 [10:52<19:22,  9.69s/it, -ELBO=1.2072, Potential Metric=0.1343, Entropy Metric=0.0173]

Epoch 80:  50%|█████     | 8/16 [00:04<00:04,  1.71it/s][A
Training Epochs:  40%|████      | 80/200 [10:52<19:22,  9.69s/it, -ELBO=1.1922, Potential Metric=0.1318, Entropy Metric=0.0161]

Epoch 80:  56%|█████▋    | 9/16 [00:05<00:04,  1.70it/s][A
Training Epochs:  40%|████      | 80/200 [10:53<19:22,  9.69s/it, -ELBO=1.1952, Potential Metric=0.1399, Entropy Metric=0.0165]

Epoch 80:  62%|██████▎   | 10/16 [00:05<00:03,  1.76it/s][A
Training Epochs:  40%|████      | 80/200 [10:53<19:22,  9.69s/it, -ELBO=1.1946, Potential Metric=0.1339, Entropy Metric=0.0163]

Epoch 80:  69%|██████▉   | 11/16 [00:06<00:02,  1.73it/s][A
Training Epochs:  40%|████      | 80/200 [10:54<19:22,  9.69s/it, -ELBO=1.1749, Potential Metric=0.1466, Entropy Metric=0.0167]

Epoch 80:  75%|███████▌  | 12/16 [00:06<00:02,  1.73it/s][A
Training Epochs:  40%|████      | 80/200 [10:55<19:22,  9.69s/it, -ELBO=1.2025, Potential Metric=0.1213, Entropy Metric=0.0161]

Epoch 80:  81%|████████▏ | 13/16 [00:07<00:01,  1.82it/s][A
Training Epochs:  40%|████      | 80/200 [10:55<19:22,  9.69s/it, -ELBO=1.2220, Potential Metric=0.1393, Entropy Metric=0.0186]

Epoch 80:  88%|████████▊ | 14/16 [00:08<00:01,  1.72it/s][A
Training Epochs:  40%|████      | 80/200 [10:56<19:22,  9.69s/it, -ELBO=1.2409, Potential Metric=0.1187, Entropy Metric=0.0182]

Epoch 80:  94%|█████████▍| 15/16 [00:08<00:00,  1.76it/s][A
Training Epochs:  40%|████      | 80/200 [10:56<19:22,  9.69s/it, -ELBO=1.2146, Potential Metric=0.1329, Entropy Metric=0.0176]

Epoch 80: 100%|██████████| 16/16 [00:09<00:00,  1.72it/s][A

                                                         [A
Training Epochs:  40%|████      | 81/200 [10:56<18:57,  9.56s/it, -ELBO=1.2146, Potential Metric=0.1329, Entropy Metric=0.0176]

Epoch 81:   0%|          | 0/16 [00:00<?, ?it/s][A
Training Epochs:  40%|████      | 81/200 [10:57<18:57,  9.56s/it, -ELBO=1.2069, Potential Metric=0.1260, Entropy Metric=0.0164]

Epoch 81:   6%|▋         | 1/16 [00:00<00:07,  1.90it/s][A
Training Epochs:  40%|████      | 81/200 [10:58<18:57,  9.56s/it, -ELBO=1.1810, Potential Metric=0.1252, Entropy Metric=0.0165]

Epoch 81:  12%|█▎        | 2/16 [00:01<00:08,  1.63it/s][A
Training Epochs:  40%|████      | 81/200 [10:58<18:57,  9.56s/it, -ELBO=1.1911, Potential Metric=0.1288, Entropy Metric=0.0162]

Epoch 81:  19%|█▉        | 3/16 [00:01<00:07,  1.66it/s][A
Training Epochs:  40%|████      | 81/200 [10:59<18:57,  9.56s/it, -ELBO=1.1746, Potential Metric=0.1326, Entropy Metric=0.0163]

Epoch 81:  25%|██▌       | 4/16 [00:02<00:07,  1.68it/s][A
Training Epochs:  40%|████      | 81/200 [10:59<18:57,  9.56s/it, -ELBO=1.2216, Potential Metric=0.1379, Entropy Metric=0.0181]

Epoch 81:  31%|███▏      | 5/16 [00:02<00:06,  1.68it/s][A
Training Epochs:  40%|████      | 81/200 [11:00<18:57,  9.56s/it, -ELBO=1.1834, Potential Metric=0.1362, Entropy Metric=0.0169]

Epoch 81:  38%|███▊      | 6/16 [00:03<00:05,  1.67it/s][A
Training Epochs:  40%|████      | 81/200 [11:01<18:57,  9.56s/it, -ELBO=1.2088, Potential Metric=0.1352, Entropy Metric=0.0170]

Epoch 81:  44%|████▍     | 7/16 [00:04<00:05,  1.67it/s][A
Training Epochs:  40%|████      | 81/200 [11:01<18:57,  9.56s/it, -ELBO=1.2007, Potential Metric=0.1355, Entropy Metric=0.0168]

Epoch 81:  50%|█████     | 8/16 [00:04<00:04,  1.70it/s][A
Training Epochs:  40%|████      | 81/200 [11:02<18:57,  9.56s/it, -ELBO=1.2110, Potential Metric=0.1337, Entropy Metric=0.0165]

Epoch 81:  56%|█████▋    | 9/16 [00:05<00:04,  1.66it/s][A
Training Epochs:  40%|████      | 81/200 [11:02<18:57,  9.56s/it, -ELBO=1.1909, Potential Metric=0.1394, Entropy Metric=0.0162]

Epoch 81:  62%|██████▎   | 10/16 [00:05<00:03,  1.64it/s][A
Training Epochs:  40%|████      | 81/200 [11:03<18:57,  9.56s/it, -ELBO=1.2199, Potential Metric=0.1313, Entropy Metric=0.0165]

Epoch 81:  69%|██████▉   | 11/16 [00:06<00:03,  1.61it/s][A
Training Epochs:  40%|████      | 81/200 [11:04<18:57,  9.56s/it, -ELBO=1.2180, Potential Metric=0.1289, Entropy Metric=0.0169]

Epoch 81:  75%|███████▌  | 12/16 [00:07<00:02,  1.69it/s][A
Training Epochs:  40%|████      | 81/200 [11:04<18:57,  9.56s/it, -ELBO=1.1979, Potential Metric=0.1300, Entropy Metric=0.0156]

Epoch 81:  81%|████████▏ | 13/16 [00:07<00:01,  1.63it/s][A
Training Epochs:  40%|████      | 81/200 [11:05<18:57,  9.56s/it, -ELBO=1.1629, Potential Metric=0.1263, Entropy Metric=0.0158]

Epoch 81:  88%|████████▊ | 14/16 [00:08<00:01,  1.68it/s][A
Training Epochs:  40%|████      | 81/200 [11:05<18:57,  9.56s/it, -ELBO=1.2114, Potential Metric=0.1255, Entropy Metric=0.0154]

Epoch 81:  94%|█████████▍| 15/16 [00:09<00:00,  1.65it/s][A
Training Epochs:  40%|████      | 81/200 [11:06<18:57,  9.56s/it, -ELBO=1.1994, Potential Metric=0.1239, Entropy Metric=0.0156]

Epoch 81: 100%|██████████| 16/16 [00:09<00:00,  1.71it/s][A

                                                         [A
Training Epochs:  41%|████      | 82/200 [11:06<18:48,  9.57s/it, -ELBO=1.1994, Potential Metric=0.1239, Entropy Metric=0.0156]

Epoch 82:   0%|          | 0/16 [00:00<?, ?it/s][A
Training Epochs:  41%|████      | 82/200 [11:07<18:48,  9.57s/it, -ELBO=1.1894, Potential Metric=0.1472, Entropy Metric=0.0168]

Epoch 82:   6%|▋         | 1/16 [00:00<00:09,  1.60it/s][A
Training Epochs:  41%|████      | 82/200 [11:07<18:48,  9.57s/it, -ELBO=1.1940, Potential Metric=0.1224, Entropy Metric=0.0166]

Epoch 82:  12%|█▎        | 2/16 [00:01<00:08,  1.70it/s][A
Training Epochs:  41%|████      | 82/200 [11:08<18:48,  9.57s/it, -ELBO=1.2158, Potential Metric=0.1319, Entropy Metric=0.0171]

Epoch 82:  19%|█▉        | 3/16 [00:01<00:07,  1.67it/s][A
Training Epochs:  41%|████      | 82/200 [11:08<18:48,  9.57s/it, -ELBO=1.1628, Potential Metric=0.1353, Entropy Metric=0.0149]

Epoch 82:  25%|██▌       | 4/16 [00:02<00:07,  1.70it/s][A
Training Epochs:  41%|████      | 82/200 [11:09<18:48,  9.57s/it, -ELBO=1.1885, Potential Metric=0.1244, Entropy Metric=0.0162]

Epoch 82:  31%|███▏      | 5/16 [00:02<00:06,  1.78it/s][A
Training Epochs:  41%|████      | 82/200 [11:09<18:48,  9.57s/it, -ELBO=1.2088, Potential Metric=0.1307, Entropy Metric=0.0172]

Epoch 82:  38%|███▊      | 6/16 [00:03<00:05,  1.81it/s][A
Training Epochs:  41%|████      | 82/200 [11:10<18:48,  9.57s/it, -ELBO=1.1948, Potential Metric=0.1427, Entropy Metric=0.0180]

Epoch 82:  44%|████▍     | 7/16 [00:03<00:05,  1.79it/s][A
Training Epochs:  41%|████      | 82/200 [11:11<18:48,  9.57s/it, -ELBO=1.2064, Potential Metric=0.1318, Entropy Metric=0.0163]

Epoch 82:  50%|█████     | 8/16 [00:04<00:04,  1.74it/s][A
Training Epochs:  41%|████      | 82/200 [11:11<18:48,  9.57s/it, -ELBO=1.2246, Potential Metric=0.1413, Entropy Metric=0.0184]

Epoch 82:  56%|█████▋    | 9/16 [00:05<00:04,  1.70it/s][A
Training Epochs:  41%|████      | 82/200 [11:12<18:48,  9.57s/it, -ELBO=1.1727, Potential Metric=0.1268, Entropy Metric=0.0170]

Epoch 82:  62%|██████▎   | 10/16 [00:05<00:03,  1.67it/s][A
Training Epochs:  41%|████      | 82/200 [11:12<18:48,  9.57s/it, -ELBO=1.1616, Potential Metric=0.1301, Entropy Metric=0.0163]

Epoch 82:  69%|██████▉   | 11/16 [00:06<00:03,  1.66it/s][A
Training Epochs:  41%|████      | 82/200 [11:13<18:48,  9.57s/it, -ELBO=1.1991, Potential Metric=0.1341, Entropy Metric=0.0168]

Epoch 82:  75%|███████▌  | 12/16 [00:07<00:02,  1.67it/s][A
Training Epochs:  41%|████      | 82/200 [11:14<18:48,  9.57s/it, -ELBO=1.1680, Potential Metric=0.1372, Entropy Metric=0.0169]

Epoch 82:  81%|████████▏ | 13/16 [00:07<00:01,  1.69it/s][A
Training Epochs:  41%|████      | 82/200 [11:14<18:48,  9.57s/it, -ELBO=1.2018, Potential Metric=0.1393, Entropy Metric=0.0173]

Epoch 82:  88%|████████▊ | 14/16 [00:08<00:01,  1.67it/s][A
Training Epochs:  41%|████      | 82/200 [11:15<18:48,  9.57s/it, -ELBO=1.1517, Potential Metric=0.1409, Entropy Metric=0.0153]

Epoch 82:  94%|█████████▍| 15/16 [00:08<00:00,  1.63it/s][A
Training Epochs:  41%|████      | 82/200 [11:15<18:48,  9.57s/it, -ELBO=1.2220, Potential Metric=0.1335, Entropy Metric=0.0165]

Epoch 82: 100%|██████████| 16/16 [00:09<00:00,  1.62it/s][A

                                                         [A
Training Epochs:  42%|████▏     | 83/200 [11:15<18:38,  9.56s/it, -ELBO=1.2220, Potential Metric=0.1335, Entropy Metric=0.0165]

Epoch 83:   0%|          | 0/16 [00:00<?, ?it/s][A
Training Epochs:  42%|████▏     | 83/200 [11:16<18:38,  9.56s/it, -ELBO=1.1526, Potential Metric=0.1424, Entropy Metric=0.0167]

Epoch 83:   6%|▋         | 1/16 [00:00<00:08,  1.75it/s][A
Training Epochs:  42%|████▏     | 83/200 [11:17<18:38,  9.56s/it, -ELBO=1.2214, Potential Metric=0.1408, Entropy Metric=0.0181]

Epoch 83:  12%|█▎        | 2/16 [00:01<00:08,  1.66it/s][A
Training Epochs:  42%|████▏     | 83/200 [11:17<18:38,  9.56s/it, -ELBO=1.1718, Potential Metric=0.1355, Entropy Metric=0.0164]

Epoch 83:  19%|█▉        | 3/16 [00:01<00:07,  1.66it/s][A
Training Epochs:  42%|████▏     | 83/200 [11:18<18:38,  9.56s/it, -ELBO=1.1790, Potential Metric=0.1447, Entropy Metric=0.0170]

Epoch 83:  25%|██▌       | 4/16 [00:02<00:07,  1.67it/s][A
Training Epochs:  42%|████▏     | 83/200 [11:18<18:38,  9.56s/it, -ELBO=1.1831, Potential Metric=0.1499, Entropy Metric=0.0179]

Epoch 83:  31%|███▏      | 5/16 [00:02<00:06,  1.69it/s][A
Training Epochs:  42%|████▏     | 83/200 [11:19<18:38,  9.56s/it, -ELBO=1.1962, Potential Metric=0.1376, Entropy Metric=0.0184]

Epoch 83:  38%|███▊      | 6/16 [00:03<00:06,  1.64it/s][A
Training Epochs:  42%|████▏     | 83/200 [11:20<18:38,  9.56s/it, -ELBO=1.1881, Potential Metric=0.1391, Entropy Metric=0.0162]

Epoch 83:  44%|████▍     | 7/16 [00:04<00:05,  1.67it/s][A
Training Epochs:  42%|████▏     | 83/200 [11:20<18:38,  9.56s/it, -ELBO=1.1395, Potential Metric=0.1420, Entropy Metric=0.0169]

Epoch 83:  50%|█████     | 8/16 [00:04<00:04,  1.66it/s][A
Training Epochs:  42%|████▏     | 83/200 [11:21<18:38,  9.56s/it, -ELBO=1.2023, Potential Metric=0.1451, Entropy Metric=0.0167]

Epoch 83:  56%|█████▋    | 9/16 [00:05<00:04,  1.65it/s][A
Training Epochs:  42%|████▏     | 83/200 [11:22<18:38,  9.56s/it, -ELBO=1.1669, Potential Metric=0.1504, Entropy Metric=0.0168]

Epoch 83:  62%|██████▎   | 10/16 [00:06<00:03,  1.66it/s][A
Training Epochs:  42%|████▏     | 83/200 [11:22<18:38,  9.56s/it, -ELBO=1.2020, Potential Metric=0.1438, Entropy Metric=0.0171]

Epoch 83:  69%|██████▉   | 11/16 [00:06<00:02,  1.71it/s][A
Training Epochs:  42%|████▏     | 83/200 [11:23<18:38,  9.56s/it, -ELBO=1.1704, Potential Metric=0.1562, Entropy Metric=0.0164]

Epoch 83:  75%|███████▌  | 12/16 [00:07<00:02,  1.61it/s][A
Training Epochs:  42%|████▏     | 83/200 [11:23<18:38,  9.56s/it, -ELBO=1.2117, Potential Metric=0.1380, Entropy Metric=0.0172]

Epoch 83:  81%|████████▏ | 13/16 [00:07<00:01,  1.64it/s][A
Training Epochs:  42%|████▏     | 83/200 [11:24<18:38,  9.56s/it, -ELBO=1.2154, Potential Metric=0.1280, Entropy Metric=0.0175]

Epoch 83:  88%|████████▊ | 14/16 [00:08<00:01,  1.68it/s][A
Training Epochs:  42%|████▏     | 83/200 [11:25<18:38,  9.56s/it, -ELBO=1.2163, Potential Metric=0.1226, Entropy Metric=0.0165]

Epoch 83:  94%|█████████▍| 15/16 [00:09<00:00,  1.67it/s][A
Training Epochs:  42%|████▏     | 83/200 [11:25<18:38,  9.56s/it, -ELBO=1.1841, Potential Metric=0.1323, Entropy Metric=0.0166]

Epoch 83: 100%|██████████| 16/16 [00:09<00:00,  1.69it/s][A

                                                         [A
Training Epochs:  42%|████▏     | 84/200 [11:25<18:31,  9.58s/it, -ELBO=1.1841, Potential Metric=0.1323, Entropy Metric=0.0166]

Epoch 84:   0%|          | 0/16 [00:00<?, ?it/s][A
Training Epochs:  42%|████▏     | 84/200 [11:26<18:31,  9.58s/it, -ELBO=1.2359, Potential Metric=0.1156, Entropy Metric=0.0176]

Epoch 84:   6%|▋         | 1/16 [00:00<00:09,  1.63it/s][A
Training Epochs:  42%|████▏     | 84/200 [11:26<18:31,  9.58s/it, -ELBO=1.1947, Potential Metric=0.1275, Entropy Metric=0.0165]

Epoch 84:  12%|█▎        | 2/16 [00:01<00:08,  1.68it/s][A
Training Epochs:  42%|████▏     | 84/200 [11:27<18:31,  9.58s/it, -ELBO=1.1757, Potential Metric=0.1289, Entropy Metric=0.0166]

Epoch 84:  19%|█▉        | 3/16 [00:01<00:07,  1.69it/s][A
Training Epochs:  42%|████▏     | 84/200 [11:28<18:31,  9.58s/it, -ELBO=1.1869, Potential Metric=0.1425, Entropy Metric=0.0164]

Epoch 84:  25%|██▌       | 4/16 [00:02<00:07,  1.67it/s][A
Training Epochs:  42%|████▏     | 84/200 [11:28<18:31,  9.58s/it, -ELBO=1.1755, Potential Metric=0.1352, Entropy Metric=0.0168]

Epoch 84:  31%|███▏      | 5/16 [00:03<00:06,  1.64it/s][A
Training Epochs:  42%|████▏     | 84/200 [11:29<18:31,  9.58s/it, -ELBO=1.1658, Potential Metric=0.1386, Entropy Metric=0.0159]

Epoch 84:  38%|███▊      | 6/16 [00:03<00:05,  1.67it/s][A
Training Epochs:  42%|████▏     | 84/200 [11:29<18:31,  9.58s/it, -ELBO=1.1754, Potential Metric=0.1374, Entropy Metric=0.0161]

Epoch 84:  44%|████▍     | 7/16 [00:04<00:05,  1.59it/s][A
Training Epochs:  42%|████▏     | 84/200 [11:30<18:31,  9.58s/it, -ELBO=1.2093, Potential Metric=0.1323, Entropy Metric=0.0167]

Epoch 84:  50%|█████     | 8/16 [00:04<00:04,  1.61it/s][A
Training Epochs:  42%|████▏     | 84/200 [11:31<18:31,  9.58s/it, -ELBO=1.1814, Potential Metric=0.1335, Entropy Metric=0.0161]

Epoch 84:  56%|█████▋    | 9/16 [00:05<00:04,  1.62it/s][A
Training Epochs:  42%|████▏     | 84/200 [11:31<18:31,  9.58s/it, -ELBO=1.1441, Potential Metric=0.1402, Entropy Metric=0.0153]

Epoch 84:  62%|██████▎   | 10/16 [00:06<00:03,  1.72it/s][A
Training Epochs:  42%|████▏     | 84/200 [11:32<18:31,  9.58s/it, -ELBO=1.1919, Potential Metric=0.1368, Entropy Metric=0.0164]

Epoch 84:  69%|██████▉   | 11/16 [00:06<00:03,  1.65it/s][A
Training Epochs:  42%|████▏     | 84/200 [11:32<18:31,  9.58s/it, -ELBO=1.1722, Potential Metric=0.1388, Entropy Metric=0.0161]

Epoch 84:  75%|███████▌  | 12/16 [00:07<00:02,  1.68it/s][A
Training Epochs:  42%|████▏     | 84/200 [11:33<18:31,  9.58s/it, -ELBO=1.1597, Potential Metric=0.1319, Entropy Metric=0.0166]

Epoch 84:  81%|████████▏ | 13/16 [00:07<00:01,  1.75it/s][A
Training Epochs:  42%|████▏     | 84/200 [11:34<18:31,  9.58s/it, -ELBO=1.1603, Potential Metric=0.1288, Entropy Metric=0.0153]

Epoch 84:  88%|████████▊ | 14/16 [00:08<00:01,  1.72it/s][A
Training Epochs:  42%|████▏     | 84/200 [11:34<18:31,  9.58s/it, -ELBO=1.1619, Potential Metric=0.1379, Entropy Metric=0.0160]

Epoch 84:  94%|█████████▍| 15/16 [00:08<00:00,  1.71it/s][A
Training Epochs:  42%|████▏     | 84/200 [11:35<18:31,  9.58s/it, -ELBO=1.1835, Potential Metric=0.1358, Entropy Metric=0.0166]

Epoch 84: 100%|██████████| 16/16 [00:09<00:00,  1.77it/s][A

                                                         [A
Training Epochs:  42%|████▎     | 85/200 [11:35<18:21,  9.57s/it, -ELBO=1.1835, Potential Metric=0.1358, Entropy Metric=0.0166]

Epoch 85:   0%|          | 0/16 [00:00<?, ?it/s][A
Training Epochs:  42%|████▎     | 85/200 [11:35<18:21,  9.57s/it, -ELBO=1.1973, Potential Metric=0.1358, Entropy Metric=0.0148]

Epoch 85:   6%|▋         | 1/16 [00:00<00:09,  1.63it/s][A
Training Epochs:  42%|████▎     | 85/200 [11:36<18:21,  9.57s/it, -ELBO=1.1758, Potential Metric=0.1273, Entropy Metric=0.0162]

Epoch 85:  12%|█▎        | 2/16 [00:01<00:07,  1.80it/s][A
Training Epochs:  42%|████▎     | 85/200 [11:36<18:21,  9.57s/it, -ELBO=1.1760, Potential Metric=0.1383, Entropy Metric=0.0149]

Epoch 85:  19%|█▉        | 3/16 [00:01<00:07,  1.85it/s][A
Training Epochs:  42%|████▎     | 85/200 [11:37<18:21,  9.57s/it, -ELBO=1.1750, Potential Metric=0.1329, Entropy Metric=0.0152]

Epoch 85:  25%|██▌       | 4/16 [00:02<00:06,  1.85it/s][A
Training Epochs:  42%|████▎     | 85/200 [11:37<18:21,  9.57s/it, -ELBO=1.1542, Potential Metric=0.1418, Entropy Metric=0.0157]

Epoch 85:  31%|███▏      | 5/16 [00:02<00:06,  1.80it/s][A
Training Epochs:  42%|████▎     | 85/200 [11:38<18:21,  9.57s/it, -ELBO=1.1259, Potential Metric=0.1619, Entropy Metric=0.0165]

Epoch 85:  38%|███▊      | 6/16 [00:03<00:05,  1.71it/s][A
Training Epochs:  42%|████▎     | 85/200 [11:39<18:21,  9.57s/it, -ELBO=1.1618, Potential Metric=0.1438, Entropy Metric=0.0157]

Epoch 85:  44%|████▍     | 7/16 [00:04<00:05,  1.68it/s][A
Training Epochs:  42%|████▎     | 85/200 [11:39<18:21,  9.57s/it, -ELBO=1.1724, Potential Metric=0.1352, Entropy Metric=0.0155]

Epoch 85:  50%|█████     | 8/16 [00:04<00:04,  1.68it/s][A
Training Epochs:  42%|████▎     | 85/200 [11:40<18:21,  9.57s/it, -ELBO=1.1837, Potential Metric=0.1378, Entropy Metric=0.0159]

Epoch 85:  56%|█████▋    | 9/16 [00:05<00:04,  1.67it/s][A
Training Epochs:  42%|████▎     | 85/200 [11:41<18:21,  9.57s/it, -ELBO=1.1918, Potential Metric=0.1271, Entropy Metric=0.0164]

Epoch 85:  62%|██████▎   | 10/16 [00:05<00:03,  1.63it/s][A
Training Epochs:  42%|████▎     | 85/200 [11:41<18:21,  9.57s/it, -ELBO=1.1696, Potential Metric=0.1131, Entropy Metric=0.0153]

Epoch 85:  69%|██████▉   | 11/16 [00:06<00:03,  1.63it/s][A
Training Epochs:  42%|████▎     | 85/200 [11:42<18:21,  9.57s/it, -ELBO=1.1745, Potential Metric=0.1236, Entropy Metric=0.0149]

Epoch 85:  75%|███████▌  | 12/16 [00:07<00:02,  1.67it/s][A
Training Epochs:  42%|████▎     | 85/200 [11:42<18:21,  9.57s/it, -ELBO=1.1516, Potential Metric=0.1413, Entropy Metric=0.0162]

Epoch 85:  81%|████████▏ | 13/16 [00:07<00:01,  1.70it/s][A
Training Epochs:  42%|████▎     | 85/200 [11:43<18:21,  9.57s/it, -ELBO=1.2029, Potential Metric=0.1284, Entropy Metric=0.0167]

Epoch 85:  88%|████████▊ | 14/16 [00:08<00:01,  1.74it/s][A
Training Epochs:  42%|████▎     | 85/200 [11:43<18:21,  9.57s/it, -ELBO=1.1906, Potential Metric=0.1213, Entropy Metric=0.0163]

Epoch 85:  94%|█████████▍| 15/16 [00:08<00:00,  1.70it/s][A
Training Epochs:  42%|████▎     | 85/200 [11:44<18:21,  9.57s/it, -ELBO=1.1672, Potential Metric=0.1455, Entropy Metric=0.0167]

Epoch 85: 100%|██████████| 16/16 [00:09<00:00,  1.50it/s][A

                                                         [A
Training Epochs:  43%|████▎     | 86/200 [11:44<18:15,  9.61s/it, -ELBO=1.1672, Potential Metric=0.1455, Entropy Metric=0.0167]

Epoch 86:   0%|          | 0/16 [00:00<?, ?it/s][A
Training Epochs:  43%|████▎     | 86/200 [11:45<18:15,  9.61s/it, -ELBO=1.1787, Potential Metric=0.1347, Entropy Metric=0.0158]

Epoch 86:   6%|▋         | 1/16 [00:00<00:09,  1.61it/s][A
Training Epochs:  43%|████▎     | 86/200 [11:46<18:15,  9.61s/it, -ELBO=1.1813, Potential Metric=0.1413, Entropy Metric=0.0160]

Epoch 86:  12%|█▎        | 2/16 [00:01<00:08,  1.63it/s][A
Training Epochs:  43%|████▎     | 86/200 [11:46<18:15,  9.61s/it, -ELBO=1.1883, Potential Metric=0.1355, Entropy Metric=0.0158]

Epoch 86:  19%|█▉        | 3/16 [00:01<00:07,  1.66it/s][A
Training Epochs:  43%|████▎     | 86/200 [11:47<18:15,  9.61s/it, -ELBO=1.1863, Potential Metric=0.1313, Entropy Metric=0.0167]

Epoch 86:  25%|██▌       | 4/16 [00:02<00:07,  1.68it/s][A
Training Epochs:  43%|████▎     | 86/200 [11:47<18:15,  9.61s/it, -ELBO=1.1610, Potential Metric=0.1352, Entropy Metric=0.0159]

Epoch 86:  31%|███▏      | 5/16 [00:02<00:06,  1.72it/s][A
Training Epochs:  43%|████▎     | 86/200 [11:48<18:15,  9.61s/it, -ELBO=1.1438, Potential Metric=0.1447, Entropy Metric=0.0160]

Epoch 86:  38%|███▊      | 6/16 [00:03<00:05,  1.70it/s][A
Training Epochs:  43%|████▎     | 86/200 [11:49<18:15,  9.61s/it, -ELBO=1.1606, Potential Metric=0.1389, Entropy Metric=0.0160]

Epoch 86:  44%|████▍     | 7/16 [00:04<00:05,  1.71it/s][A
Training Epochs:  43%|████▎     | 86/200 [11:49<18:15,  9.61s/it, -ELBO=1.1631, Potential Metric=0.1276, Entropy Metric=0.0163]

Epoch 86:  50%|█████     | 8/16 [00:04<00:04,  1.76it/s][A
Training Epochs:  43%|████▎     | 86/200 [11:50<18:15,  9.61s/it, -ELBO=1.1714, Potential Metric=0.1427, Entropy Metric=0.0174]

Epoch 86:  56%|█████▋    | 9/16 [00:05<00:03,  1.76it/s][A
Training Epochs:  43%|████▎     | 86/200 [11:50<18:15,  9.61s/it, -ELBO=1.1667, Potential Metric=0.1289, Entropy Metric=0.0174]

Epoch 86:  62%|██████▎   | 10/16 [00:05<00:03,  1.80it/s][A
Training Epochs:  43%|████▎     | 86/200 [11:51<18:15,  9.61s/it, -ELBO=1.1536, Potential Metric=0.1493, Entropy Metric=0.0181]

Epoch 86:  69%|██████▉   | 11/16 [00:06<00:02,  1.77it/s][A
Training Epochs:  43%|████▎     | 86/200 [11:51<18:15,  9.61s/it, -ELBO=1.1613, Potential Metric=0.1377, Entropy Metric=0.0185]

Epoch 86:  75%|███████▌  | 12/16 [00:06<00:02,  1.72it/s][A
Training Epochs:  43%|████▎     | 86/200 [11:52<18:15,  9.61s/it, -ELBO=1.1683, Potential Metric=0.1383, Entropy Metric=0.0175]

Epoch 86:  81%|████████▏ | 13/16 [00:07<00:01,  1.70it/s][A
Training Epochs:  43%|████▎     | 86/200 [11:53<18:15,  9.61s/it, -ELBO=1.1652, Potential Metric=0.1359, Entropy Metric=0.0165]

Epoch 86:  88%|████████▊ | 14/16 [00:08<00:01,  1.74it/s][A
Training Epochs:  43%|████▎     | 86/200 [11:53<18:15,  9.61s/it, -ELBO=1.1524, Potential Metric=0.1512, Entropy Metric=0.0179]

Epoch 86:  94%|█████████▍| 15/16 [00:08<00:00,  1.67it/s][A
Training Epochs:  43%|████▎     | 86/200 [11:54<18:15,  9.61s/it, -ELBO=1.1606, Potential Metric=0.1344, Entropy Metric=0.0162]

Epoch 86: 100%|██████████| 16/16 [00:09<00:00,  1.71it/s][A

                                                         [A
Training Epochs:  44%|████▎     | 87/200 [11:54<18:00,  9.56s/it, -ELBO=1.1606, Potential Metric=0.1344, Entropy Metric=0.0162]

Epoch 87:   0%|          | 0/16 [00:00<?, ?it/s][A
Training Epochs:  44%|████▎     | 87/200 [11:55<18:00,  9.56s/it, -ELBO=1.1670, Potential Metric=0.1425, Entropy Metric=0.0167]

Epoch 87:   6%|▋         | 1/16 [00:00<00:10,  1.49it/s][A
Training Epochs:  44%|████▎     | 87/200 [11:55<18:00,  9.56s/it, -ELBO=1.1846, Potential Metric=0.1383, Entropy Metric=0.0185]

Epoch 87:  12%|█▎        | 2/16 [00:01<00:09,  1.53it/s][A
Training Epochs:  44%|████▎     | 87/200 [11:56<18:00,  9.56s/it, -ELBO=1.1659, Potential Metric=0.1407, Entropy Metric=0.0173]

Epoch 87:  19%|█▉        | 3/16 [00:01<00:08,  1.56it/s][A
Training Epochs:  44%|████▎     | 87/200 [11:56<18:00,  9.56s/it, -ELBO=1.1402, Potential Metric=0.1367, Entropy Metric=0.0175]

Epoch 87:  25%|██▌       | 4/16 [00:02<00:07,  1.67it/s][A
Training Epochs:  44%|████▎     | 87/200 [11:57<18:00,  9.56s/it, -ELBO=1.1850, Potential Metric=0.1284, Entropy Metric=0.0174]

Epoch 87:  31%|███▏      | 5/16 [00:02<00:06,  1.83it/s][A
Training Epochs:  44%|████▎     | 87/200 [11:57<18:00,  9.56s/it, -ELBO=1.1759, Potential Metric=0.1248, Entropy Metric=0.0177]

Epoch 87:  38%|███▊      | 6/16 [00:03<00:05,  1.78it/s][A
Training Epochs:  44%|████▎     | 87/200 [11:58<18:00,  9.56s/it, -ELBO=1.1630, Potential Metric=0.1344, Entropy Metric=0.0161]

Epoch 87:  44%|████▍     | 7/16 [00:04<00:05,  1.72it/s][A
Training Epochs:  44%|████▎     | 87/200 [11:59<18:00,  9.56s/it, -ELBO=1.1550, Potential Metric=0.1368, Entropy Metric=0.0188]

Epoch 87:  50%|█████     | 8/16 [00:04<00:04,  1.72it/s][A
Training Epochs:  44%|████▎     | 87/200 [11:59<18:00,  9.56s/it, -ELBO=1.1294, Potential Metric=0.1323, Entropy Metric=0.0170]

Epoch 87:  56%|█████▋    | 9/16 [00:05<00:03,  1.81it/s][A
Training Epochs:  44%|████▎     | 87/200 [12:00<18:00,  9.56s/it, -ELBO=1.1710, Potential Metric=0.1326, Entropy Metric=0.0167]

Epoch 87:  62%|██████▎   | 10/16 [00:05<00:03,  1.87it/s][A
Training Epochs:  44%|████▎     | 87/200 [12:00<18:00,  9.56s/it, -ELBO=1.1392, Potential Metric=0.1421, Entropy Metric=0.0169]

Epoch 87:  69%|██████▉   | 11/16 [00:06<00:02,  1.83it/s][A
Training Epochs:  44%|████▎     | 87/200 [12:01<18:00,  9.56s/it, -ELBO=1.1715, Potential Metric=0.1437, Entropy Metric=0.0153]

Epoch 87:  75%|███████▌  | 12/16 [00:06<00:02,  1.82it/s][A
Training Epochs:  44%|████▎     | 87/200 [12:01<18:00,  9.56s/it, -ELBO=1.1811, Potential Metric=0.1392, Entropy Metric=0.0163]

Epoch 87:  81%|████████▏ | 13/16 [00:07<00:01,  1.84it/s][A
Training Epochs:  44%|████▎     | 87/200 [12:02<18:00,  9.56s/it, -ELBO=1.1870, Potential Metric=0.1352, Entropy Metric=0.0164]

Epoch 87:  88%|████████▊ | 14/16 [00:07<00:01,  1.81it/s][A
Training Epochs:  44%|████▎     | 87/200 [12:02<18:00,  9.56s/it, -ELBO=1.1176, Potential Metric=0.1337, Entropy Metric=0.0158]

Epoch 87:  94%|█████████▍| 15/16 [00:08<00:00,  1.82it/s][A
Training Epochs:  44%|████▎     | 87/200 [12:03<18:00,  9.56s/it, -ELBO=1.1363, Potential Metric=0.1365, Entropy Metric=0.0154]

Epoch 87: 100%|██████████| 16/16 [00:08<00:00,  1.87it/s][A

                                                         [A
Training Epochs:  44%|████▍     | 88/200 [12:03<17:34,  9.42s/it, -ELBO=1.1363, Potential Metric=0.1365, Entropy Metric=0.0154]

Epoch 88:   0%|          | 0/16 [00:00<?, ?it/s][A
Training Epochs:  44%|████▍     | 88/200 [12:04<17:34,  9.42s/it, -ELBO=1.1393, Potential Metric=0.1323, Entropy Metric=0.0161]

Epoch 88:   6%|▋         | 1/16 [00:00<00:09,  1.50it/s][A
Training Epochs:  44%|████▍     | 88/200 [12:04<17:34,  9.42s/it, -ELBO=1.1641, Potential Metric=0.1259, Entropy Metric=0.0161]

Epoch 88:  12%|█▎        | 2/16 [00:01<00:08,  1.67it/s][A
Training Epochs:  44%|████▍     | 88/200 [12:05<17:34,  9.42s/it, -ELBO=1.1659, Potential Metric=0.1364, Entropy Metric=0.0160]

Epoch 88:  19%|█▉        | 3/16 [00:01<00:08,  1.58it/s][A
Training Epochs:  44%|████▍     | 88/200 [12:05<17:34,  9.42s/it, -ELBO=1.1712, Potential Metric=0.1226, Entropy Metric=0.0163]

Epoch 88:  25%|██▌       | 4/16 [00:02<00:07,  1.58it/s][A
Training Epochs:  44%|████▍     | 88/200 [12:06<17:34,  9.42s/it, -ELBO=1.1428, Potential Metric=0.1346, Entropy Metric=0.0159]

Epoch 88:  31%|███▏      | 5/16 [00:03<00:06,  1.64it/s][A
Training Epochs:  44%|████▍     | 88/200 [12:07<17:34,  9.42s/it, -ELBO=1.1697, Potential Metric=0.1416, Entropy Metric=0.0158]

Epoch 88:  38%|███▊      | 6/16 [00:03<00:06,  1.63it/s][A
Training Epochs:  44%|████▍     | 88/200 [12:07<17:34,  9.42s/it, -ELBO=1.1464, Potential Metric=0.1378, Entropy Metric=0.0159]

Epoch 88:  44%|████▍     | 7/16 [00:04<00:05,  1.65it/s][A
Training Epochs:  44%|████▍     | 88/200 [12:08<17:34,  9.42s/it, -ELBO=1.1480, Potential Metric=0.1273, Entropy Metric=0.0159]

Epoch 88:  50%|█████     | 8/16 [00:04<00:04,  1.68it/s][A
Training Epochs:  44%|████▍     | 88/200 [12:08<17:34,  9.42s/it, -ELBO=1.1407, Potential Metric=0.1360, Entropy Metric=0.0155]

Epoch 88:  56%|█████▋    | 9/16 [00:05<00:03,  1.75it/s][A
Training Epochs:  44%|████▍     | 88/200 [12:09<17:34,  9.42s/it, -ELBO=1.1555, Potential Metric=0.1366, Entropy Metric=0.0162]

Epoch 88:  62%|██████▎   | 10/16 [00:05<00:03,  1.76it/s][A
Training Epochs:  44%|████▍     | 88/200 [12:09<17:34,  9.42s/it, -ELBO=1.1442, Potential Metric=0.1322, Entropy Metric=0.0167]

Epoch 88:  69%|██████▉   | 11/16 [00:06<00:02,  1.69it/s][A
Training Epochs:  44%|████▍     | 88/200 [12:10<17:34,  9.42s/it, -ELBO=1.1673, Potential Metric=0.1464, Entropy Metric=0.0173]

Epoch 88:  75%|███████▌  | 12/16 [00:07<00:02,  1.64it/s][A
Training Epochs:  44%|████▍     | 88/200 [12:11<17:34,  9.42s/it, -ELBO=1.1455, Potential Metric=0.1346, Entropy Metric=0.0169]

Epoch 88:  81%|████████▏ | 13/16 [00:07<00:01,  1.69it/s][A
Training Epochs:  44%|████▍     | 88/200 [12:11<17:34,  9.42s/it, -ELBO=1.1330, Potential Metric=0.1376, Entropy Metric=0.0170]

Epoch 88:  88%|████████▊ | 14/16 [00:08<00:01,  1.67it/s][A
Training Epochs:  44%|████▍     | 88/200 [12:12<17:34,  9.42s/it, -ELBO=1.1387, Potential Metric=0.1390, Entropy Metric=0.0175]

Epoch 88:  94%|█████████▍| 15/16 [00:09<00:00,  1.67it/s][A
Training Epochs:  44%|████▍     | 88/200 [12:13<17:34,  9.42s/it, -ELBO=1.1625, Potential Metric=0.1288, Entropy Metric=0.0174]

Epoch 88: 100%|██████████| 16/16 [00:09<00:00,  1.66it/s][A

                                                         [A
Training Epochs:  44%|████▍     | 89/200 [12:13<17:33,  9.49s/it, -ELBO=1.1625, Potential Metric=0.1288, Entropy Metric=0.0174]

Epoch 89:   0%|          | 0/16 [00:00<?, ?it/s][A
Training Epochs:  44%|████▍     | 89/200 [12:13<17:33,  9.49s/it, -ELBO=1.1198, Potential Metric=0.1382, Entropy Metric=0.0173]

Epoch 89:   6%|▋         | 1/16 [00:00<00:09,  1.53it/s][A
Training Epochs:  44%|████▍     | 89/200 [12:14<17:33,  9.49s/it, -ELBO=1.1408, Potential Metric=0.1313, Entropy Metric=0.0158]

Epoch 89:  12%|█▎        | 2/16 [00:01<00:08,  1.66it/s][A
Training Epochs:  44%|████▍     | 89/200 [12:14<17:33,  9.49s/it, -ELBO=1.1687, Potential Metric=0.1259, Entropy Metric=0.0170]

Epoch 89:  19%|█▉        | 3/16 [00:01<00:07,  1.69it/s][A
Training Epochs:  44%|████▍     | 89/200 [12:15<17:33,  9.49s/it, -ELBO=1.1611, Potential Metric=0.1422, Entropy Metric=0.0177]

Epoch 89:  25%|██▌       | 4/16 [00:02<00:07,  1.62it/s][A
Training Epochs:  44%|████▍     | 89/200 [12:16<17:33,  9.49s/it, -ELBO=1.1361, Potential Metric=0.1408, Entropy Metric=0.0166]

Epoch 89:  31%|███▏      | 5/16 [00:03<00:06,  1.63it/s][A
Training Epochs:  44%|████▍     | 89/200 [12:16<17:33,  9.49s/it, -ELBO=1.1358, Potential Metric=0.1286, Entropy Metric=0.0169]

Epoch 89:  38%|███▊      | 6/16 [00:03<00:05,  1.73it/s][A
Training Epochs:  44%|████▍     | 89/200 [12:17<17:33,  9.49s/it, -ELBO=1.1508, Potential Metric=0.1321, Entropy Metric=0.0166]

Epoch 89:  44%|████▍     | 7/16 [00:04<00:05,  1.71it/s][A
Training Epochs:  44%|████▍     | 89/200 [12:17<17:33,  9.49s/it, -ELBO=1.1282, Potential Metric=0.1436, Entropy Metric=0.0170]

Epoch 89:  50%|█████     | 8/16 [00:04<00:04,  1.71it/s][A
Training Epochs:  44%|████▍     | 89/200 [12:18<17:33,  9.49s/it, -ELBO=1.1654, Potential Metric=0.1305, Entropy Metric=0.0165]

Epoch 89:  56%|█████▋    | 9/16 [00:05<00:04,  1.73it/s][A
Training Epochs:  44%|████▍     | 89/200 [12:18<17:33,  9.49s/it, -ELBO=1.1486, Potential Metric=0.1178, Entropy Metric=0.0158]

Epoch 89:  62%|██████▎   | 10/16 [00:05<00:03,  1.71it/s][A
Training Epochs:  44%|████▍     | 89/200 [12:19<17:33,  9.49s/it, -ELBO=1.1417, Potential Metric=0.1327, Entropy Metric=0.0155]

Epoch 89:  69%|██████▉   | 11/16 [00:06<00:02,  1.70it/s][A
Training Epochs:  44%|████▍     | 89/200 [12:20<17:33,  9.49s/it, -ELBO=1.1618, Potential Metric=0.1267, Entropy Metric=0.0156]

Epoch 89:  75%|███████▌  | 12/16 [00:07<00:02,  1.72it/s][A
Training Epochs:  44%|████▍     | 89/200 [12:20<17:33,  9.49s/it, -ELBO=1.1482, Potential Metric=0.1224, Entropy Metric=0.0155]

Epoch 89:  81%|████████▏ | 13/16 [00:07<00:01,  1.76it/s][A
Training Epochs:  44%|████▍     | 89/200 [12:21<17:33,  9.49s/it, -ELBO=1.1499, Potential Metric=0.1356, Entropy Metric=0.0164]

Epoch 89:  88%|████████▊ | 14/16 [00:08<00:01,  1.78it/s][A
Training Epochs:  44%|████▍     | 89/200 [12:21<17:33,  9.49s/it, -ELBO=1.1630, Potential Metric=0.1262, Entropy Metric=0.0163]

Epoch 89:  94%|█████████▍| 15/16 [00:08<00:00,  1.76it/s][A
Training Epochs:  44%|████▍     | 89/200 [12:22<17:33,  9.49s/it, -ELBO=1.1228, Potential Metric=0.1295, Entropy Metric=0.0155]

Epoch 89: 100%|██████████| 16/16 [00:09<00:00,  1.72it/s][A

                                                         [A
Training Epochs:  45%|████▌     | 90/200 [12:22<17:21,  9.47s/it, -ELBO=1.1228, Potential Metric=0.1295, Entropy Metric=0.0155]

Epoch 90:   0%|          | 0/16 [00:00<?, ?it/s][A
Training Epochs:  45%|████▌     | 90/200 [12:23<17:21,  9.47s/it, -ELBO=1.1732, Potential Metric=0.1260, Entropy Metric=0.0166]

Epoch 90:   6%|▋         | 1/16 [00:00<00:08,  1.70it/s][A
Training Epochs:  45%|████▌     | 90/200 [12:23<17:21,  9.47s/it, -ELBO=1.1280, Potential Metric=0.1372, Entropy Metric=0.0160]

Epoch 90:  12%|█▎        | 2/16 [00:01<00:07,  1.75it/s][A
Training Epochs:  45%|████▌     | 90/200 [12:24<17:21,  9.47s/it, -ELBO=1.1603, Potential Metric=0.1352, Entropy Metric=0.0160]

Epoch 90:  19%|█▉        | 3/16 [00:01<00:07,  1.73it/s][A
Training Epochs:  45%|████▌     | 90/200 [12:24<17:21,  9.47s/it, -ELBO=1.1474, Potential Metric=0.1326, Entropy Metric=0.0161]

Epoch 90:  25%|██▌       | 4/16 [00:02<00:07,  1.70it/s][A
Training Epochs:  45%|████▌     | 90/200 [12:25<17:21,  9.47s/it, -ELBO=1.1316, Potential Metric=0.1335, Entropy Metric=0.0152]

Epoch 90:  31%|███▏      | 5/16 [00:02<00:06,  1.67it/s][A
Training Epochs:  45%|████▌     | 90/200 [12:25<17:21,  9.47s/it, -ELBO=1.1461, Potential Metric=0.1361, Entropy Metric=0.0159]

Epoch 90:  38%|███▊      | 6/16 [00:03<00:05,  1.73it/s][A
Training Epochs:  45%|████▌     | 90/200 [12:26<17:21,  9.47s/it, -ELBO=1.1324, Potential Metric=0.1283, Entropy Metric=0.0170]

Epoch 90:  44%|████▍     | 7/16 [00:04<00:05,  1.72it/s][A
Training Epochs:  45%|████▌     | 90/200 [12:27<17:21,  9.47s/it, -ELBO=1.1170, Potential Metric=0.1321, Entropy Metric=0.0160]

Epoch 90:  50%|█████     | 8/16 [00:04<00:04,  1.73it/s][A
Training Epochs:  45%|████▌     | 90/200 [12:27<17:21,  9.47s/it, -ELBO=1.1596, Potential Metric=0.1285, Entropy Metric=0.0172]

Epoch 90:  56%|█████▋    | 9/16 [00:05<00:04,  1.59it/s][A
Training Epochs:  45%|████▌     | 90/200 [12:28<17:21,  9.47s/it, -ELBO=1.1850, Potential Metric=0.1181, Entropy Metric=0.0172]

Epoch 90:  62%|██████▎   | 10/16 [00:05<00:03,  1.68it/s][A
Training Epochs:  45%|████▌     | 90/200 [12:28<17:21,  9.47s/it, -ELBO=1.1315, Potential Metric=0.1290, Entropy Metric=0.0165]

Epoch 90:  69%|██████▉   | 11/16 [00:06<00:02,  1.70it/s][A
Training Epochs:  45%|████▌     | 90/200 [12:29<17:21,  9.47s/it, -ELBO=1.1318, Potential Metric=0.1221, Entropy Metric=0.0158]

Epoch 90:  75%|███████▌  | 12/16 [00:07<00:02,  1.71it/s][A
Training Epochs:  45%|████▌     | 90/200 [12:30<17:21,  9.47s/it, -ELBO=1.1324, Potential Metric=0.1198, Entropy Metric=0.0149]

Epoch 90:  81%|████████▏ | 13/16 [00:07<00:01,  1.73it/s][A
Training Epochs:  45%|████▌     | 90/200 [12:30<17:21,  9.47s/it, -ELBO=1.1585, Potential Metric=0.1228, Entropy Metric=0.0155]

Epoch 90:  88%|████████▊ | 14/16 [00:08<00:01,  1.67it/s][A
Training Epochs:  45%|████▌     | 90/200 [12:31<17:21,  9.47s/it, -ELBO=1.1005, Potential Metric=0.1457, Entropy Metric=0.0163]

Epoch 90:  94%|█████████▍| 15/16 [00:08<00:00,  1.67it/s][A
Training Epochs:  45%|████▌     | 90/200 [12:31<17:21,  9.47s/it, -ELBO=1.0981, Potential Metric=0.1422, Entropy Metric=0.0151]

Epoch 90: 100%|██████████| 16/16 [00:09<00:00,  1.65it/s][A

                                                         [A
Training Epochs:  46%|████▌     | 91/200 [12:31<17:14,  9.49s/it, -ELBO=1.0981, Potential Metric=0.1422, Entropy Metric=0.0151]

Epoch 91:   0%|          | 0/16 [00:00<?, ?it/s][A
Training Epochs:  46%|████▌     | 91/200 [12:32<17:14,  9.49s/it, -ELBO=1.1751, Potential Metric=0.1273, Entropy Metric=0.0149]

Epoch 91:   6%|▋         | 1/16 [00:00<00:08,  1.72it/s][A
Training Epochs:  46%|████▌     | 91/200 [12:33<17:14,  9.49s/it, -ELBO=1.1297, Potential Metric=0.1363, Entropy Metric=0.0150]

Epoch 91:  12%|█▎        | 2/16 [00:01<00:07,  1.77it/s][A
Training Epochs:  46%|████▌     | 91/200 [12:33<17:14,  9.49s/it, -ELBO=1.1325, Potential Metric=0.1360, Entropy Metric=0.0156]

Epoch 91:  19%|█▉        | 3/16 [00:01<00:07,  1.66it/s][A
Training Epochs:  46%|████▌     | 91/200 [12:34<17:14,  9.49s/it, -ELBO=1.1633, Potential Metric=0.1267, Entropy Metric=0.0161]

Epoch 91:  25%|██▌       | 4/16 [00:02<00:07,  1.69it/s][A
Training Epochs:  46%|████▌     | 91/200 [12:35<17:14,  9.49s/it, -ELBO=1.1006, Potential Metric=0.1341, Entropy Metric=0.0168]

Epoch 91:  31%|███▏      | 5/16 [00:02<00:06,  1.69it/s][A
Training Epochs:  46%|████▌     | 91/200 [12:35<17:14,  9.49s/it, -ELBO=1.1295, Potential Metric=0.1291, Entropy Metric=0.0170]

Epoch 91:  38%|███▊      | 6/16 [00:03<00:05,  1.67it/s][A
Training Epochs:  46%|████▌     | 91/200 [12:36<17:14,  9.49s/it, -ELBO=1.1411, Potential Metric=0.1272, Entropy Metric=0.0176]

Epoch 91:  44%|████▍     | 7/16 [00:04<00:05,  1.68it/s][A
Training Epochs:  46%|████▌     | 91/200 [12:36<17:14,  9.49s/it, -ELBO=1.1550, Potential Metric=0.1291, Entropy Metric=0.0173]

Epoch 91:  50%|█████     | 8/16 [00:04<00:04,  1.70it/s][A
Training Epochs:  46%|████▌     | 91/200 [12:37<17:14,  9.49s/it, -ELBO=1.1317, Potential Metric=0.1265, Entropy Metric=0.0175]

Epoch 91:  56%|█████▋    | 9/16 [00:05<00:03,  1.75it/s][A
Training Epochs:  46%|████▌     | 91/200 [12:37<17:14,  9.49s/it, -ELBO=1.1354, Potential Metric=0.1350, Entropy Metric=0.0170]

Epoch 91:  62%|██████▎   | 10/16 [00:05<00:03,  1.76it/s][A
Training Epochs:  46%|████▌     | 91/200 [12:38<17:14,  9.49s/it, -ELBO=1.1282, Potential Metric=0.1456, Entropy Metric=0.0157]

Epoch 91:  69%|██████▉   | 11/16 [00:06<00:02,  1.71it/s][A
Training Epochs:  46%|████▌     | 91/200 [12:39<17:14,  9.49s/it, -ELBO=1.1190, Potential Metric=0.1478, Entropy Metric=0.0158]

Epoch 91:  75%|███████▌  | 12/16 [00:07<00:02,  1.71it/s][A
Training Epochs:  46%|████▌     | 91/200 [12:39<17:14,  9.49s/it, -ELBO=1.1251, Potential Metric=0.1359, Entropy Metric=0.0154]

Epoch 91:  81%|████████▏ | 13/16 [00:07<00:01,  1.68it/s][A
Training Epochs:  46%|████▌     | 91/200 [12:40<17:14,  9.49s/it, -ELBO=1.1531, Potential Metric=0.1457, Entropy Metric=0.0155]

Epoch 91:  88%|████████▊ | 14/16 [00:08<00:01,  1.69it/s][A
Training Epochs:  46%|████▌     | 91/200 [12:40<17:14,  9.49s/it, -ELBO=1.1126, Potential Metric=0.1377, Entropy Metric=0.0143]

Epoch 91:  94%|█████████▍| 15/16 [00:08<00:00,  1.76it/s][A
Training Epochs:  46%|████▌     | 91/200 [12:41<17:14,  9.49s/it, -ELBO=1.0977, Potential Metric=0.1342, Entropy Metric=0.0140]

Epoch 91: 100%|██████████| 16/16 [00:09<00:00,  1.83it/s][A

                                                         [A
Training Epochs:  46%|████▌     | 92/200 [12:41<17:00,  9.45s/it, -ELBO=1.0977, Potential Metric=0.1342, Entropy Metric=0.0140]

Epoch 92:   0%|          | 0/16 [00:00<?, ?it/s][A
Training Epochs:  46%|████▌     | 92/200 [12:41<17:00,  9.45s/it, -ELBO=1.1547, Potential Metric=0.1319, Entropy Metric=0.0154]

Epoch 92:   6%|▋         | 1/16 [00:00<00:08,  1.82it/s][A
Training Epochs:  46%|████▌     | 92/200 [12:42<17:00,  9.45s/it, -ELBO=1.1301, Potential Metric=0.1434, Entropy Metric=0.0155]

Epoch 92:  12%|█▎        | 2/16 [00:01<00:07,  1.88it/s][A
Training Epochs:  46%|████▌     | 92/200 [12:43<17:00,  9.45s/it, -ELBO=1.1299, Potential Metric=0.1368, Entropy Metric=0.0159]

Epoch 92:  19%|█▉        | 3/16 [00:01<00:07,  1.73it/s][A
Training Epochs:  46%|████▌     | 92/200 [12:43<17:00,  9.45s/it, -ELBO=1.1369, Potential Metric=0.1235, Entropy Metric=0.0154]

Epoch 92:  25%|██▌       | 4/16 [00:02<00:07,  1.67it/s][A
Training Epochs:  46%|████▌     | 92/200 [12:44<17:00,  9.45s/it, -ELBO=1.1558, Potential Metric=0.1170, Entropy Metric=0.0152]

Epoch 92:  31%|███▏      | 5/16 [00:02<00:06,  1.69it/s][A
Training Epochs:  46%|████▌     | 92/200 [12:44<17:00,  9.45s/it, -ELBO=1.1062, Potential Metric=0.1351, Entropy Metric=0.0157]

Epoch 92:  38%|███▊      | 6/16 [00:03<00:05,  1.67it/s][A
Training Epochs:  46%|████▌     | 92/200 [12:45<17:00,  9.45s/it, -ELBO=1.1343, Potential Metric=0.1346, Entropy Metric=0.0161]

Epoch 92:  44%|████▍     | 7/16 [00:04<00:05,  1.74it/s][A
Training Epochs:  46%|████▌     | 92/200 [12:45<17:00,  9.45s/it, -ELBO=1.1104, Potential Metric=0.1351, Entropy Metric=0.0158]

Epoch 92:  50%|█████     | 8/16 [00:04<00:04,  1.75it/s][A
Training Epochs:  46%|████▌     | 92/200 [12:46<17:00,  9.45s/it, -ELBO=1.1381, Potential Metric=0.1382, Entropy Metric=0.0157]

Epoch 92:  56%|█████▋    | 9/16 [00:05<00:04,  1.74it/s][A
Training Epochs:  46%|████▌     | 92/200 [12:47<17:00,  9.45s/it, -ELBO=1.1393, Potential Metric=0.1246, Entropy Metric=0.0158]

Epoch 92:  62%|██████▎   | 10/16 [00:05<00:03,  1.73it/s][A
Training Epochs:  46%|████▌     | 92/200 [12:47<17:00,  9.45s/it, -ELBO=1.1236, Potential Metric=0.1347, Entropy Metric=0.0169]

Epoch 92:  69%|██████▉   | 11/16 [00:06<00:02,  1.75it/s][A
Training Epochs:  46%|████▌     | 92/200 [12:48<17:00,  9.45s/it, -ELBO=1.1186, Potential Metric=0.1401, Entropy Metric=0.0166]

Epoch 92:  75%|███████▌  | 12/16 [00:06<00:02,  1.71it/s][A
Training Epochs:  46%|████▌     | 92/200 [12:48<17:00,  9.45s/it, -ELBO=1.1418, Potential Metric=0.1384, Entropy Metric=0.0162]

Epoch 92:  81%|████████▏ | 13/16 [00:07<00:01,  1.68it/s][A
Training Epochs:  46%|████▌     | 92/200 [12:49<17:00,  9.45s/it, -ELBO=1.1261, Potential Metric=0.1367, Entropy Metric=0.0172]

Epoch 92:  88%|████████▊ | 14/16 [00:08<00:01,  1.53it/s][A
Training Epochs:  46%|████▌     | 92/200 [12:50<17:00,  9.45s/it, -ELBO=1.1024, Potential Metric=0.1474, Entropy Metric=0.0156]

Epoch 92:  94%|█████████▍| 15/16 [00:08<00:00,  1.60it/s][A
Training Epochs:  46%|████▌     | 92/200 [12:50<17:00,  9.45s/it, -ELBO=1.1025, Potential Metric=0.1412, Entropy Metric=0.0162]

Epoch 92: 100%|██████████| 16/16 [00:09<00:00,  1.60it/s][A

                                                         [A
Training Epochs:  46%|████▋     | 93/200 [12:50<16:55,  9.49s/it, -ELBO=1.1025, Potential Metric=0.1412, Entropy Metric=0.0162]

Epoch 93:   0%|          | 0/16 [00:00<?, ?it/s][A
Training Epochs:  46%|████▋     | 93/200 [12:51<16:55,  9.49s/it, -ELBO=1.1104, Potential Metric=0.1350, Entropy Metric=0.0155]

Epoch 93:   6%|▋         | 1/16 [00:00<00:09,  1.56it/s][A
Training Epochs:  46%|████▋     | 93/200 [12:52<16:55,  9.49s/it, -ELBO=1.1220, Potential Metric=0.1398, Entropy Metric=0.0153]

Epoch 93:  12%|█▎        | 2/16 [00:01<00:08,  1.65it/s][A
Training Epochs:  46%|████▋     | 93/200 [12:52<16:55,  9.49s/it, -ELBO=1.1331, Potential Metric=0.1445, Entropy Metric=0.0155]

Epoch 93:  19%|█▉        | 3/16 [00:01<00:07,  1.77it/s][A
Training Epochs:  46%|████▋     | 93/200 [12:53<16:55,  9.49s/it, -ELBO=1.1262, Potential Metric=0.1348, Entropy Metric=0.0157]

Epoch 93:  25%|██▌       | 4/16 [00:02<00:06,  1.72it/s][A
Training Epochs:  46%|████▋     | 93/200 [12:53<16:55,  9.49s/it, -ELBO=1.1433, Potential Metric=0.1366, Entropy Metric=0.0163]

Epoch 93:  31%|███▏      | 5/16 [00:02<00:06,  1.70it/s][A
Training Epochs:  46%|████▋     | 93/200 [12:54<16:55,  9.49s/it, -ELBO=1.1107, Potential Metric=0.1257, Entropy Metric=0.0161]

Epoch 93:  38%|███▊      | 6/16 [00:03<00:05,  1.82it/s][A
Training Epochs:  46%|████▋     | 93/200 [12:54<16:55,  9.49s/it, -ELBO=1.1124, Potential Metric=0.1388, Entropy Metric=0.0171]

Epoch 93:  44%|████▍     | 7/16 [00:04<00:05,  1.77it/s][A
Training Epochs:  46%|████▋     | 93/200 [12:55<16:55,  9.49s/it, -ELBO=1.1256, Potential Metric=0.1245, Entropy Metric=0.0180]

Epoch 93:  50%|█████     | 8/16 [00:04<00:04,  1.71it/s][A
Training Epochs:  46%|████▋     | 93/200 [12:56<16:55,  9.49s/it, -ELBO=1.1330, Potential Metric=0.1250, Entropy Metric=0.0168]

Epoch 93:  56%|█████▋    | 9/16 [00:05<00:03,  1.75it/s][A
Training Epochs:  46%|████▋     | 93/200 [12:56<16:55,  9.49s/it, -ELBO=1.1206, Potential Metric=0.1190, Entropy Metric=0.0166]

Epoch 93:  62%|██████▎   | 10/16 [00:05<00:03,  1.75it/s][A
Training Epochs:  46%|████▋     | 93/200 [12:57<16:55,  9.49s/it, -ELBO=1.1100, Potential Metric=0.1245, Entropy Metric=0.0175]

Epoch 93:  69%|██████▉   | 11/16 [00:06<00:02,  1.82it/s][A
Training Epochs:  46%|████▋     | 93/200 [12:57<16:55,  9.49s/it, -ELBO=1.0906, Potential Metric=0.1480, Entropy Metric=0.0172]

Epoch 93:  75%|███████▌  | 12/16 [00:06<00:02,  1.89it/s][A
Training Epochs:  46%|████▋     | 93/200 [12:58<16:55,  9.49s/it, -ELBO=1.1555, Potential Metric=0.1199, Entropy Metric=0.0177]

Epoch 93:  81%|████████▏ | 13/16 [00:07<00:01,  1.83it/s][A
Training Epochs:  46%|████▋     | 93/200 [12:58<16:55,  9.49s/it, -ELBO=1.1383, Potential Metric=0.1385, Entropy Metric=0.0176]

Epoch 93:  88%|████████▊ | 14/16 [00:07<00:01,  1.86it/s][A
Training Epochs:  46%|████▋     | 93/200 [12:59<16:55,  9.49s/it, -ELBO=1.0885, Potential Metric=0.1287, Entropy Metric=0.0162]

Epoch 93:  94%|█████████▍| 15/16 [00:08<00:00,  1.86it/s][A
Training Epochs:  46%|████▋     | 93/200 [12:59<16:55,  9.49s/it, -ELBO=1.1274, Potential Metric=0.1253, Entropy Metric=0.0177]

Epoch 93: 100%|██████████| 16/16 [00:08<00:00,  1.81it/s][A

                                                         [A
Training Epochs:  47%|████▋     | 94/200 [12:59<16:30,  9.34s/it, -ELBO=1.1274, Potential Metric=0.1253, Entropy Metric=0.0177]

Epoch 94:   0%|          | 0/16 [00:00<?, ?it/s][A
Training Epochs:  47%|████▋     | 94/200 [13:00<16:30,  9.34s/it, -ELBO=1.1082, Potential Metric=0.1231, Entropy Metric=0.0156]

Epoch 94:   6%|▋         | 1/16 [00:00<00:08,  1.78it/s][A
Training Epochs:  47%|████▋     | 94/200 [13:01<16:30,  9.34s/it, -ELBO=1.1033, Potential Metric=0.1265, Entropy Metric=0.0171]

Epoch 94:  12%|█▎        | 2/16 [00:01<00:08,  1.75it/s][A
Training Epochs:  47%|████▋     | 94/200 [13:01<16:30,  9.34s/it, -ELBO=1.1442, Potential Metric=0.1260, Entropy Metric=0.0173]

Epoch 94:  19%|█▉        | 3/16 [00:01<00:07,  1.74it/s][A
Training Epochs:  47%|████▋     | 94/200 [13:02<16:30,  9.34s/it, -ELBO=1.1111, Potential Metric=0.1333, Entropy Metric=0.0181]

Epoch 94:  25%|██▌       | 4/16 [00:02<00:06,  1.83it/s][A
Training Epochs:  47%|████▋     | 94/200 [13:02<16:30,  9.34s/it, -ELBO=1.0904, Potential Metric=0.1309, Entropy Metric=0.0181]

Epoch 94:  31%|███▏      | 5/16 [00:02<00:05,  1.87it/s][A
Training Epochs:  47%|████▋     | 94/200 [13:03<16:30,  9.34s/it, -ELBO=1.1277, Potential Metric=0.1343, Entropy Metric=0.0189]

Epoch 94:  38%|███▊      | 6/16 [00:03<00:05,  1.82it/s][A
Training Epochs:  47%|████▋     | 94/200 [13:03<16:30,  9.34s/it, -ELBO=1.0920, Potential Metric=0.1314, Entropy Metric=0.0178]

Epoch 94:  44%|████▍     | 7/16 [00:03<00:05,  1.78it/s][A
Training Epochs:  47%|████▋     | 94/200 [13:04<16:30,  9.34s/it, -ELBO=1.1388, Potential Metric=0.1181, Entropy Metric=0.0174]

Epoch 94:  50%|█████     | 8/16 [00:04<00:04,  1.79it/s][A
Training Epochs:  47%|████▋     | 94/200 [13:04<16:30,  9.34s/it, -ELBO=1.1332, Potential Metric=0.1213, Entropy Metric=0.0170]

Epoch 94:  56%|█████▋    | 9/16 [00:04<00:03,  1.84it/s][A
Training Epochs:  47%|████▋     | 94/200 [13:05<16:30,  9.34s/it, -ELBO=1.1369, Potential Metric=0.1238, Entropy Metric=0.0179]

Epoch 94:  62%|██████▎   | 10/16 [00:05<00:03,  1.77it/s][A
Training Epochs:  47%|████▋     | 94/200 [13:06<16:30,  9.34s/it, -ELBO=1.0974, Potential Metric=0.1288, Entropy Metric=0.0167]

Epoch 94:  69%|██████▉   | 11/16 [00:06<00:02,  1.74it/s][A
Training Epochs:  47%|████▋     | 94/200 [13:06<16:30,  9.34s/it, -ELBO=1.0907, Potential Metric=0.1272, Entropy Metric=0.0162]

Epoch 94:  75%|███████▌  | 12/16 [00:06<00:02,  1.81it/s][A
Training Epochs:  47%|████▋     | 94/200 [13:07<16:30,  9.34s/it, -ELBO=1.1076, Potential Metric=0.1320, Entropy Metric=0.0168]

Epoch 94:  81%|████████▏ | 13/16 [00:07<00:01,  1.76it/s][A
Training Epochs:  47%|████▋     | 94/200 [13:07<16:30,  9.34s/it, -ELBO=1.1219, Potential Metric=0.1297, Entropy Metric=0.0170]

Epoch 94:  88%|████████▊ | 14/16 [00:07<00:01,  1.73it/s][A
Training Epochs:  47%|████▋     | 94/200 [13:08<16:30,  9.34s/it, -ELBO=1.1172, Potential Metric=0.1274, Entropy Metric=0.0175]

Epoch 94:  94%|█████████▍| 15/16 [00:08<00:00,  1.79it/s][A
Training Epochs:  47%|████▋     | 94/200 [13:08<16:30,  9.34s/it, -ELBO=1.1222, Potential Metric=0.1254, Entropy Metric=0.0166]

Epoch 94: 100%|██████████| 16/16 [00:08<00:00,  1.77it/s][A

                                                         [A
Training Epochs:  48%|████▊     | 95/200 [13:08<16:12,  9.26s/it, -ELBO=1.1222, Potential Metric=0.1254, Entropy Metric=0.0166]

Epoch 95:   0%|          | 0/16 [00:00<?, ?it/s][A
Training Epochs:  48%|████▊     | 95/200 [13:09<16:12,  9.26s/it, -ELBO=1.1019, Potential Metric=0.1207, Entropy Metric=0.0154]

Epoch 95:   6%|▋         | 1/16 [00:00<00:09,  1.67it/s][A
Training Epochs:  48%|████▊     | 95/200 [13:10<16:12,  9.26s/it, -ELBO=1.1214, Potential Metric=0.1115, Entropy Metric=0.0158]

Epoch 95:  12%|█▎        | 2/16 [00:01<00:07,  1.88it/s][A
Training Epochs:  48%|████▊     | 95/200 [13:10<16:12,  9.26s/it, -ELBO=1.1273, Potential Metric=0.1171, Entropy Metric=0.0157]

Epoch 95:  19%|█▉        | 3/16 [00:01<00:07,  1.78it/s][A
Training Epochs:  48%|████▊     | 95/200 [13:11<16:12,  9.26s/it, -ELBO=1.1082, Potential Metric=0.1397, Entropy Metric=0.0165]

Epoch 95:  25%|██▌       | 4/16 [00:02<00:06,  1.79it/s][A
Training Epochs:  48%|████▊     | 95/200 [13:11<16:12,  9.26s/it, -ELBO=1.0988, Potential Metric=0.1321, Entropy Metric=0.0168]

Epoch 95:  31%|███▏      | 5/16 [00:02<00:06,  1.80it/s][A
Training Epochs:  48%|████▊     | 95/200 [13:12<16:12,  9.26s/it, -ELBO=1.1233, Potential Metric=0.1400, Entropy Metric=0.0166]

Epoch 95:  38%|███▊      | 6/16 [00:03<00:05,  1.73it/s][A
Training Epochs:  48%|████▊     | 95/200 [13:13<16:12,  9.26s/it, -ELBO=1.1147, Potential Metric=0.1429, Entropy Metric=0.0178]

Epoch 95:  44%|████▍     | 7/16 [00:04<00:05,  1.60it/s][A
Training Epochs:  48%|████▊     | 95/200 [13:13<16:12,  9.26s/it, -ELBO=1.1012, Potential Metric=0.1401, Entropy Metric=0.0174]

Epoch 95:  50%|█████     | 8/16 [00:04<00:04,  1.66it/s][A
Training Epochs:  48%|████▊     | 95/200 [13:14<16:12,  9.26s/it, -ELBO=1.1399, Potential Metric=0.1184, Entropy Metric=0.0175]

Epoch 95:  56%|█████▋    | 9/16 [00:05<00:03,  1.77it/s][A
Training Epochs:  48%|████▊     | 95/200 [13:14<16:12,  9.26s/it, -ELBO=1.1003, Potential Metric=0.1179, Entropy Metric=0.0160]

Epoch 95:  62%|██████▎   | 10/16 [00:05<00:03,  1.75it/s][A
Training Epochs:  48%|████▊     | 95/200 [13:15<16:12,  9.26s/it, -ELBO=1.0979, Potential Metric=0.1325, Entropy Metric=0.0168]

Epoch 95:  69%|██████▉   | 11/16 [00:06<00:02,  1.74it/s][A
Training Epochs:  48%|████▊     | 95/200 [13:16<16:12,  9.26s/it, -ELBO=1.1126, Potential Metric=0.1189, Entropy Metric=0.0163]

Epoch 95:  75%|███████▌  | 12/16 [00:06<00:02,  1.69it/s][A
Training Epochs:  48%|████▊     | 95/200 [13:16<16:12,  9.26s/it, -ELBO=1.0932, Potential Metric=0.1177, Entropy Metric=0.0154]

Epoch 95:  81%|████████▏ | 13/16 [00:07<00:01,  1.71it/s][A
Training Epochs:  48%|████▊     | 95/200 [13:17<16:12,  9.26s/it, -ELBO=1.0752, Potential Metric=0.1267, Entropy Metric=0.0169]

Epoch 95:  88%|████████▊ | 14/16 [00:08<00:01,  1.81it/s][A
Training Epochs:  48%|████▊     | 95/200 [13:17<16:12,  9.26s/it, -ELBO=1.1052, Potential Metric=0.1148, Entropy Metric=0.0159]

Epoch 95:  94%|█████████▍| 15/16 [00:08<00:00,  1.88it/s][A
Training Epochs:  48%|████▊     | 95/200 [13:18<16:12,  9.26s/it, -ELBO=1.0981, Potential Metric=0.1269, Entropy Metric=0.0150]

Epoch 95: 100%|██████████| 16/16 [00:09<00:00,  1.81it/s][A

                                                         [A
Training Epochs:  48%|████▊     | 96/200 [13:18<16:01,  9.25s/it, -ELBO=1.0981, Potential Metric=0.1269, Entropy Metric=0.0150]

Epoch 96:   0%|          | 0/16 [00:00<?, ?it/s][A
Training Epochs:  48%|████▊     | 96/200 [13:18<16:01,  9.25s/it, -ELBO=1.1061, Potential Metric=0.1198, Entropy Metric=0.0160]

Epoch 96:   6%|▋         | 1/16 [00:00<00:08,  1.71it/s][A
Training Epochs:  48%|████▊     | 96/200 [13:19<16:01,  9.25s/it, -ELBO=1.0896, Potential Metric=0.1202, Entropy Metric=0.0157]

Epoch 96:  12%|█▎        | 2/16 [00:01<00:07,  1.88it/s][A
Training Epochs:  48%|████▊     | 96/200 [13:19<16:01,  9.25s/it, -ELBO=1.1023, Potential Metric=0.1236, Entropy Metric=0.0161]

Epoch 96:  19%|█▉        | 3/16 [00:01<00:07,  1.75it/s][A
Training Epochs:  48%|████▊     | 96/200 [13:20<16:01,  9.25s/it, -ELBO=1.1018, Potential Metric=0.1257, Entropy Metric=0.0161]

Epoch 96:  25%|██▌       | 4/16 [00:02<00:06,  1.78it/s][A
Training Epochs:  48%|████▊     | 96/200 [13:21<16:01,  9.25s/it, -ELBO=1.1062, Potential Metric=0.1158, Entropy Metric=0.0161]

Epoch 96:  31%|███▏      | 5/16 [00:02<00:05,  1.87it/s][A
Training Epochs:  48%|████▊     | 96/200 [13:21<16:01,  9.25s/it, -ELBO=1.1234, Potential Metric=0.1221, Entropy Metric=0.0169]

Epoch 96:  38%|███▊      | 6/16 [00:03<00:05,  1.78it/s][A
Training Epochs:  48%|████▊     | 96/200 [13:22<16:01,  9.25s/it, -ELBO=1.0704, Potential Metric=0.1244, Entropy Metric=0.0167]

Epoch 96:  44%|████▍     | 7/16 [00:03<00:04,  1.88it/s][A
Training Epochs:  48%|████▊     | 96/200 [13:22<16:01,  9.25s/it, -ELBO=1.0870, Potential Metric=0.1401, Entropy Metric=0.0165]

Epoch 96:  50%|█████     | 8/16 [00:04<00:04,  1.88it/s][A
Training Epochs:  48%|████▊     | 96/200 [13:23<16:01,  9.25s/it, -ELBO=1.1218, Potential Metric=0.1265, Entropy Metric=0.0154]

Epoch 96:  56%|█████▋    | 9/16 [00:04<00:03,  1.79it/s][A
Training Epochs:  48%|████▊     | 96/200 [13:23<16:01,  9.25s/it, -ELBO=1.1183, Potential Metric=0.1410, Entropy Metric=0.0156]

Epoch 96:  62%|██████▎   | 10/16 [00:05<00:03,  1.80it/s][A
Training Epochs:  48%|████▊     | 96/200 [13:24<16:01,  9.25s/it, -ELBO=1.1006, Potential Metric=0.1313, Entropy Metric=0.0152]

Epoch 96:  69%|██████▉   | 11/16 [00:05<00:02,  1.91it/s][A
Training Epochs:  48%|████▊     | 96/200 [13:24<16:01,  9.25s/it, -ELBO=1.0926, Potential Metric=0.1193, Entropy Metric=0.0153]

Epoch 96:  75%|███████▌  | 12/16 [00:06<00:02,  1.79it/s][A
Training Epochs:  48%|████▊     | 96/200 [13:25<16:01,  9.25s/it, -ELBO=1.1145, Potential Metric=0.1324, Entropy Metric=0.0155]

Epoch 96:  81%|████████▏ | 13/16 [00:07<00:01,  1.74it/s][A
Training Epochs:  48%|████▊     | 96/200 [13:26<16:01,  9.25s/it, -ELBO=1.1112, Potential Metric=0.1166, Entropy Metric=0.0150]

Epoch 96:  88%|████████▊ | 14/16 [00:07<00:01,  1.77it/s][A
Training Epochs:  48%|████▊     | 96/200 [13:26<16:01,  9.25s/it, -ELBO=1.1077, Potential Metric=0.1226, Entropy Metric=0.0151]

Epoch 96:  94%|█████████▍| 15/16 [00:08<00:00,  1.79it/s][A
Training Epochs:  48%|████▊     | 96/200 [13:27<16:01,  9.25s/it, -ELBO=1.1159, Potential Metric=0.1255, Entropy Metric=0.0153]

Epoch 96: 100%|██████████| 16/16 [00:08<00:00,  1.77it/s][A

                                                         [A
Training Epochs:  48%|████▊     | 97/200 [13:27<15:43,  9.16s/it, -ELBO=1.1159, Potential Metric=0.1255, Entropy Metric=0.0153]

Epoch 97:   0%|          | 0/16 [00:00<?, ?it/s][A
Training Epochs:  48%|████▊     | 97/200 [13:27<15:43,  9.16s/it, -ELBO=1.0840, Potential Metric=0.1275, Entropy Metric=0.0144]

Epoch 97:   6%|▋         | 1/16 [00:00<00:08,  1.82it/s][A
Training Epochs:  48%|████▊     | 97/200 [13:28<15:43,  9.16s/it, -ELBO=1.1069, Potential Metric=0.1316, Entropy Metric=0.0152]

Epoch 97:  12%|█▎        | 2/16 [00:01<00:08,  1.73it/s][A
Training Epochs:  48%|████▊     | 97/200 [13:28<15:43,  9.16s/it, -ELBO=1.0981, Potential Metric=0.1365, Entropy Metric=0.0153]

Epoch 97:  19%|█▉        | 3/16 [00:01<00:07,  1.71it/s][A
Training Epochs:  48%|████▊     | 97/200 [13:29<15:43,  9.16s/it, -ELBO=1.1214, Potential Metric=0.1203, Entropy Metric=0.0148]

Epoch 97:  25%|██▌       | 4/16 [00:02<00:07,  1.66it/s][A
Training Epochs:  48%|████▊     | 97/200 [13:30<15:43,  9.16s/it, -ELBO=1.1069, Potential Metric=0.1291, Entropy Metric=0.0146]

Epoch 97:  31%|███▏      | 5/16 [00:02<00:06,  1.72it/s][A
Training Epochs:  48%|████▊     | 97/200 [13:30<15:43,  9.16s/it, -ELBO=1.0764, Potential Metric=0.1358, Entropy Metric=0.0156]

Epoch 97:  38%|███▊      | 6/16 [00:03<00:05,  1.73it/s][A
Training Epochs:  48%|████▊     | 97/200 [13:31<15:43,  9.16s/it, -ELBO=1.1070, Potential Metric=0.1219, Entropy Metric=0.0164]

Epoch 97:  44%|████▍     | 7/16 [00:03<00:04,  1.83it/s][A
Training Epochs:  48%|████▊     | 97/200 [13:31<15:43,  9.16s/it, -ELBO=1.0817, Potential Metric=0.1241, Entropy Metric=0.0170]

Epoch 97:  50%|█████     | 8/16 [00:04<00:04,  1.83it/s][A
Training Epochs:  48%|████▊     | 97/200 [13:32<15:43,  9.16s/it, -ELBO=1.1113, Potential Metric=0.1324, Entropy Metric=0.0175]

Epoch 97:  56%|█████▋    | 9/16 [00:05<00:03,  1.83it/s][A
Training Epochs:  48%|████▊     | 97/200 [13:32<15:43,  9.16s/it, -ELBO=1.0879, Potential Metric=0.1298, Entropy Metric=0.0172]

Epoch 97:  62%|██████▎   | 10/16 [00:05<00:03,  1.73it/s][A
Training Epochs:  48%|████▊     | 97/200 [13:33<15:43,  9.16s/it, -ELBO=1.1219, Potential Metric=0.1240, Entropy Metric=0.0170]

Epoch 97:  69%|██████▉   | 11/16 [00:06<00:02,  1.75it/s][A
Training Epochs:  48%|████▊     | 97/200 [13:34<15:43,  9.16s/it, -ELBO=1.0918, Potential Metric=0.1295, Entropy Metric=0.0156]

Epoch 97:  75%|███████▌  | 12/16 [00:06<00:02,  1.72it/s][A
Training Epochs:  48%|████▊     | 97/200 [13:34<15:43,  9.16s/it, -ELBO=1.1049, Potential Metric=0.1231, Entropy Metric=0.0159]

Epoch 97:  81%|████████▏ | 13/16 [00:07<00:01,  1.77it/s][A
Training Epochs:  48%|████▊     | 97/200 [13:35<15:43,  9.16s/it, -ELBO=1.0912, Potential Metric=0.1236, Entropy Metric=0.0153]

Epoch 97:  88%|████████▊ | 14/16 [00:08<00:01,  1.73it/s][A
Training Epochs:  48%|████▊     | 97/200 [13:36<15:43,  9.16s/it, -ELBO=1.0803, Potential Metric=0.1250, Entropy Metric=0.0156]

Epoch 97:  94%|█████████▍| 15/16 [00:08<00:00,  1.58it/s][A
Training Epochs:  48%|████▊     | 97/200 [13:36<15:43,  9.16s/it, -ELBO=1.0632, Potential Metric=0.1357, Entropy Metric=0.0144]

Epoch 97: 100%|██████████| 16/16 [00:09<00:00,  1.60it/s][A

                                                         [A
Training Epochs:  49%|████▉     | 98/200 [13:36<15:43,  9.25s/it, -ELBO=1.0632, Potential Metric=0.1357, Entropy Metric=0.0144]

Epoch 98:   0%|          | 0/16 [00:00<?, ?it/s][A
Training Epochs:  49%|████▉     | 98/200 [13:37<15:43,  9.25s/it, -ELBO=1.0875, Potential Metric=0.1390, Entropy Metric=0.0153]

Epoch 98:   6%|▋         | 1/16 [00:00<00:07,  2.02it/s][A
Training Epochs:  49%|████▉     | 98/200 [13:37<15:43,  9.25s/it, -ELBO=1.0754, Potential Metric=0.1345, Entropy Metric=0.0155]

Epoch 98:  12%|█▎        | 2/16 [00:01<00:07,  1.88it/s][A
Training Epochs:  49%|████▉     | 98/200 [13:38<15:43,  9.25s/it, -ELBO=1.0769, Potential Metric=0.1337, Entropy Metric=0.0168]

Epoch 98:  19%|█▉        | 3/16 [00:01<00:07,  1.84it/s][A
Training Epochs:  49%|████▉     | 98/200 [13:38<15:43,  9.25s/it, -ELBO=1.0628, Potential Metric=0.1254, Entropy Metric=0.0155]

Epoch 98:  25%|██▌       | 4/16 [00:02<00:06,  1.88it/s][A
Training Epochs:  49%|████▉     | 98/200 [13:39<15:43,  9.25s/it, -ELBO=1.0654, Potential Metric=0.1249, Entropy Metric=0.0162]

Epoch 98:  31%|███▏      | 5/16 [00:02<00:06,  1.75it/s][A
Training Epochs:  49%|████▉     | 98/200 [13:40<15:43,  9.25s/it, -ELBO=1.1032, Potential Metric=0.1307, Entropy Metric=0.0172]

Epoch 98:  38%|███▊      | 6/16 [00:03<00:05,  1.72it/s][A
Training Epochs:  49%|████▉     | 98/200 [13:40<15:43,  9.25s/it, -ELBO=1.0912, Potential Metric=0.1271, Entropy Metric=0.0184]

Epoch 98:  44%|████▍     | 7/16 [00:03<00:05,  1.78it/s][A
Training Epochs:  49%|████▉     | 98/200 [13:41<15:43,  9.25s/it, -ELBO=1.0897, Potential Metric=0.1257, Entropy Metric=0.0174]

Epoch 98:  50%|█████     | 8/16 [00:04<00:04,  1.83it/s][A
Training Epochs:  49%|████▉     | 98/200 [13:41<15:43,  9.25s/it, -ELBO=1.1007, Potential Metric=0.1280, Entropy Metric=0.0178]

Epoch 98:  56%|█████▋    | 9/16 [00:04<00:03,  1.84it/s][A
Training Epochs:  49%|████▉     | 98/200 [13:42<15:43,  9.25s/it, -ELBO=1.1394, Potential Metric=0.1197, Entropy Metric=0.0191]

Epoch 98:  62%|██████▎   | 10/16 [00:05<00:03,  1.80it/s][A
Training Epochs:  49%|████▉     | 98/200 [13:42<15:43,  9.25s/it, -ELBO=1.1056, Potential Metric=0.1333, Entropy Metric=0.0171]

Epoch 98:  69%|██████▉   | 11/16 [00:06<00:02,  1.81it/s][A
Training Epochs:  49%|████▉     | 98/200 [13:43<15:43,  9.25s/it, -ELBO=1.1016, Potential Metric=0.1282, Entropy Metric=0.0179]

Epoch 98:  75%|███████▌  | 12/16 [00:06<00:02,  1.79it/s][A
Training Epochs:  49%|████▉     | 98/200 [13:43<15:43,  9.25s/it, -ELBO=1.0748, Potential Metric=0.1304, Entropy Metric=0.0170]

Epoch 98:  81%|████████▏ | 13/16 [00:07<00:01,  1.83it/s][A
Training Epochs:  49%|████▉     | 98/200 [13:44<15:43,  9.25s/it, -ELBO=1.0847, Potential Metric=0.1267, Entropy Metric=0.0175]

Epoch 98:  88%|████████▊ | 14/16 [00:07<00:01,  1.77it/s][A
Training Epochs:  49%|████▉     | 98/200 [13:45<15:43,  9.25s/it, -ELBO=1.0976, Potential Metric=0.1278, Entropy Metric=0.0167]

Epoch 98:  94%|█████████▍| 15/16 [00:08<00:00,  1.73it/s][A
Training Epochs:  49%|████▉     | 98/200 [13:45<15:43,  9.25s/it, -ELBO=1.0767, Potential Metric=0.1320, Entropy Metric=0.0159]

Epoch 98: 100%|██████████| 16/16 [00:08<00:00,  1.78it/s][A

                                                         [A
Training Epochs:  50%|████▉     | 99/200 [13:45<15:24,  9.16s/it, -ELBO=1.0767, Potential Metric=0.1320, Entropy Metric=0.0159]

Epoch 99:   0%|          | 0/16 [00:00<?, ?it/s][A
Training Epochs:  50%|████▉     | 99/200 [13:46<15:24,  9.16s/it, -ELBO=1.1045, Potential Metric=0.1168, Entropy Metric=0.0153]

Epoch 99:   6%|▋         | 1/16 [00:00<00:08,  1.70it/s][A
Training Epochs:  50%|████▉     | 99/200 [13:46<15:24,  9.16s/it, -ELBO=1.0934, Potential Metric=0.1309, Entropy Metric=0.0163]

Epoch 99:  12%|█▎        | 2/16 [00:01<00:08,  1.72it/s][A
Training Epochs:  50%|████▉     | 99/200 [13:47<15:24,  9.16s/it, -ELBO=1.1033, Potential Metric=0.1189, Entropy Metric=0.0155]

Epoch 99:  19%|█▉        | 3/16 [00:01<00:07,  1.70it/s][A
Training Epochs:  50%|████▉     | 99/200 [13:47<15:24,  9.16s/it, -ELBO=1.1020, Potential Metric=0.1255, Entropy Metric=0.0155]

Epoch 99:  25%|██▌       | 4/16 [00:02<00:06,  1.79it/s][A
Training Epochs:  50%|████▉     | 99/200 [13:48<15:24,  9.16s/it, -ELBO=1.0699, Potential Metric=0.1250, Entropy Metric=0.0158]

Epoch 99:  31%|███▏      | 5/16 [00:02<00:06,  1.81it/s][A
Training Epochs:  50%|████▉     | 99/200 [13:48<15:24,  9.16s/it, -ELBO=1.0748, Potential Metric=0.1204, Entropy Metric=0.0158]

Epoch 99:  38%|███▊      | 6/16 [00:03<00:05,  1.76it/s][A
Training Epochs:  50%|████▉     | 99/200 [13:49<15:24,  9.16s/it, -ELBO=1.0706, Potential Metric=0.1265, Entropy Metric=0.0162]

Epoch 99:  44%|████▍     | 7/16 [00:03<00:05,  1.76it/s][A
Training Epochs:  50%|████▉     | 99/200 [13:50<15:24,  9.16s/it, -ELBO=1.0819, Potential Metric=0.1301, Entropy Metric=0.0175]

Epoch 99:  50%|█████     | 8/16 [00:04<00:04,  1.74it/s][A
Training Epochs:  50%|████▉     | 99/200 [13:50<15:24,  9.16s/it, -ELBO=1.0895, Potential Metric=0.1219, Entropy Metric=0.0166]

Epoch 99:  56%|█████▋    | 9/16 [00:05<00:03,  1.81it/s][A
Training Epochs:  50%|████▉     | 99/200 [13:51<15:24,  9.16s/it, -ELBO=1.0588, Potential Metric=0.1323, Entropy Metric=0.0164]

Epoch 99:  62%|██████▎   | 10/16 [00:05<00:03,  1.87it/s][A
Training Epochs:  50%|████▉     | 99/200 [13:51<15:24,  9.16s/it, -ELBO=1.0749, Potential Metric=0.1292, Entropy Metric=0.0171]

Epoch 99:  69%|██████▉   | 11/16 [00:06<00:02,  1.90it/s][A
Training Epochs:  50%|████▉     | 99/200 [13:52<15:24,  9.16s/it, -ELBO=1.0649, Potential Metric=0.1269, Entropy Metric=0.0183]

Epoch 99:  75%|███████▌  | 12/16 [00:06<00:02,  1.79it/s][A
Training Epochs:  50%|████▉     | 99/200 [13:52<15:24,  9.16s/it, -ELBO=1.0726, Potential Metric=0.1396, Entropy Metric=0.0174]

Epoch 99:  81%|████████▏ | 13/16 [00:07<00:01,  1.83it/s][A
Training Epochs:  50%|████▉     | 99/200 [13:53<15:24,  9.16s/it, -ELBO=1.1123, Potential Metric=0.1143, Entropy Metric=0.0174]

Epoch 99:  88%|████████▊ | 14/16 [00:07<00:01,  1.82it/s][A
Training Epochs:  50%|████▉     | 99/200 [13:53<15:24,  9.16s/it, -ELBO=1.0759, Potential Metric=0.1236, Entropy Metric=0.0171]

Epoch 99:  94%|█████████▍| 15/16 [00:08<00:00,  1.80it/s][A
Training Epochs:  50%|████▉     | 99/200 [13:54<15:24,  9.16s/it, -ELBO=1.0976, Potential Metric=0.1160, Entropy Metric=0.0170]

Epoch 99: 100%|██████████| 16/16 [00:08<00:00,  1.76it/s][A

                                                         [A
Training Epochs:  50%|█████     | 100/200 [13:54<15:10,  9.11s/it, -ELBO=1.0976, Potential Metric=0.1160, Entropy Metric=0.0170]

Epoch 100:   0%|          | 0/16 [00:00<?, ?it/s][A
Training Epochs:  50%|█████     | 100/200 [13:55<15:10,  9.11s/it, -ELBO=1.1017, Potential Metric=0.1140, Entropy Metric=0.0160]

Epoch 100:   6%|▋         | 1/16 [00:00<00:08,  1.67it/s][A
Training Epochs:  50%|█████     | 100/200 [13:55<15:10,  9.11s/it, -ELBO=1.0694, Potential Metric=0.1230, Entropy Metric=0.0155]

Epoch 100:  12%|█▎        | 2/16 [00:01<00:08,  1.73it/s][A
Training Epochs:  50%|█████     | 100/200 [13:56<15:10,  9.11s/it, -ELBO=1.1212, Potential Metric=0.1291, Entropy Metric=0.0167]

Epoch 100:  19%|█▉        | 3/16 [00:01<00:07,  1.69it/s][A
Training Epochs:  50%|█████     | 100/200 [13:56<15:10,  9.11s/it, -ELBO=1.0897, Potential Metric=0.1285, Entropy Metric=0.0172]

Epoch 100:  25%|██▌       | 4/16 [00:02<00:07,  1.64it/s][A
Training Epochs:  50%|█████     | 100/200 [13:57<15:10,  9.11s/it, -ELBO=1.0767, Potential Metric=0.1252, Entropy Metric=0.0163]

Epoch 100:  31%|███▏      | 5/16 [00:03<00:06,  1.63it/s][A
Training Epochs:  50%|█████     | 100/200 [13:58<15:10,  9.11s/it, -ELBO=1.0515, Potential Metric=0.1458, Entropy Metric=0.0173]

Epoch 100:  38%|███▊      | 6/16 [00:03<00:05,  1.71it/s][A
Training Epochs:  50%|█████     | 100/200 [13:58<15:10,  9.11s/it, -ELBO=1.0602, Potential Metric=0.1342, Entropy Metric=0.0166]

Epoch 100:  44%|████▍     | 7/16 [00:04<00:05,  1.80it/s][A
Training Epochs:  50%|█████     | 100/200 [13:59<15:10,  9.11s/it, -ELBO=1.0459, Potential Metric=0.1321, Entropy Metric=0.0168]

Epoch 100:  50%|█████     | 8/16 [00:04<00:04,  1.79it/s][A
Training Epochs:  50%|█████     | 100/200 [13:59<15:10,  9.11s/it, -ELBO=1.1046, Potential Metric=0.1404, Entropy Metric=0.0170]

Epoch 100:  56%|█████▋    | 9/16 [00:05<00:03,  1.80it/s][A
Training Epochs:  50%|█████     | 100/200 [14:00<15:10,  9.11s/it, -ELBO=1.1124, Potential Metric=0.1130, Entropy Metric=0.0179]

Epoch 100:  62%|██████▎   | 10/16 [00:05<00:03,  1.71it/s][A
Training Epochs:  50%|█████     | 100/200 [14:00<15:10,  9.11s/it, -ELBO=1.0747, Potential Metric=0.1261, Entropy Metric=0.0173]

Epoch 100:  69%|██████▉   | 11/16 [00:06<00:02,  1.79it/s][A
Training Epochs:  50%|█████     | 100/200 [14:01<15:10,  9.11s/it, -ELBO=1.0558, Potential Metric=0.1329, Entropy Metric=0.0177]

Epoch 100:  75%|███████▌  | 12/16 [00:06<00:02,  1.84it/s][A
Training Epochs:  50%|█████     | 100/200 [14:01<15:10,  9.11s/it, -ELBO=1.0693, Potential Metric=0.1321, Entropy Metric=0.0179]

Epoch 100:  81%|████████▏ | 13/16 [00:07<00:01,  1.83it/s][A
Training Epochs:  50%|█████     | 100/200 [14:02<15:10,  9.11s/it, -ELBO=1.0927, Potential Metric=0.1346, Entropy Metric=0.0177]

Epoch 100:  88%|████████▊ | 14/16 [00:07<00:01,  1.84it/s][A
Training Epochs:  50%|█████     | 100/200 [14:03<15:10,  9.11s/it, -ELBO=1.0584, Potential Metric=0.1312, Entropy Metric=0.0175]

Epoch 100:  94%|█████████▍| 15/16 [00:08<00:00,  1.81it/s][A
Training Epochs:  50%|█████     | 100/200 [14:03<15:10,  9.11s/it, -ELBO=1.0379, Potential Metric=0.1442, Entropy Metric=0.0180]

Epoch 100: 100%|██████████| 16/16 [00:09<00:00,  1.80it/s][A

                                                          [A
Training Epochs:  50%|█████     | 101/200 [14:03<15:01,  9.10s/it, -ELBO=1.0379, Potential Metric=0.1442, Entropy Metric=0.0180]

Epoch 101:   0%|          | 0/16 [00:00<?, ?it/s][A
Training Epochs:  50%|█████     | 101/200 [14:04<15:01,  9.10s/it, -ELBO=1.0675, Potential Metric=0.1395, Entropy Metric=0.0167]

Epoch 101:   6%|▋         | 1/16 [00:00<00:08,  1.71it/s][A
Training Epochs:  50%|█████     | 101/200 [14:04<15:01,  9.10s/it, -ELBO=1.0758, Potential Metric=0.1377, Entropy Metric=0.0174]

Epoch 101:  12%|█▎        | 2/16 [00:01<00:07,  1.80it/s][A
Training Epochs:  50%|█████     | 101/200 [14:05<15:01,  9.10s/it, -ELBO=1.0925, Potential Metric=0.1233, Entropy Metric=0.0159]

Epoch 101:  19%|█▉        | 3/16 [00:01<00:07,  1.80it/s][A
Training Epochs:  50%|█████     | 101/200 [14:05<15:01,  9.10s/it, -ELBO=1.1034, Potential Metric=0.1188, Entropy Metric=0.0163]

Epoch 101:  25%|██▌       | 4/16 [00:02<00:06,  1.76it/s][A
Training Epochs:  50%|█████     | 101/200 [14:06<15:01,  9.10s/it, -ELBO=1.0610, Potential Metric=0.1276, Entropy Metric=0.0173]

Epoch 101:  31%|███▏      | 5/16 [00:02<00:06,  1.74it/s][A
Training Epochs:  50%|█████     | 101/200 [14:07<15:01,  9.10s/it, -ELBO=1.0882, Potential Metric=0.1176, Entropy Metric=0.0178]

Epoch 101:  38%|███▊      | 6/16 [00:03<00:05,  1.83it/s][A
Training Epochs:  50%|█████     | 101/200 [14:07<15:01,  9.10s/it, -ELBO=1.0515, Potential Metric=0.1237, Entropy Metric=0.0162]

Epoch 101:  44%|████▍     | 7/16 [00:03<00:04,  1.86it/s][A
Training Epochs:  50%|█████     | 101/200 [14:08<15:01,  9.10s/it, -ELBO=1.0796, Potential Metric=0.1165, Entropy Metric=0.0167]

Epoch 101:  50%|█████     | 8/16 [00:04<00:04,  1.80it/s][A
Training Epochs:  50%|█████     | 101/200 [14:08<15:01,  9.10s/it, -ELBO=1.0407, Potential Metric=0.1244, Entropy Metric=0.0171]

Epoch 101:  56%|█████▋    | 9/16 [00:04<00:03,  1.83it/s][A
Training Epochs:  50%|█████     | 101/200 [14:09<15:01,  9.10s/it, -ELBO=1.0558, Potential Metric=0.1343, Entropy Metric=0.0183]

Epoch 101:  62%|██████▎   | 10/16 [00:05<00:03,  1.77it/s][A
Training Epochs:  50%|█████     | 101/200 [14:09<15:01,  9.10s/it, -ELBO=1.0512, Potential Metric=0.1323, Entropy Metric=0.0168]

Epoch 101:  69%|██████▉   | 11/16 [00:06<00:02,  1.82it/s][A
Training Epochs:  50%|█████     | 101/200 [14:10<15:01,  9.10s/it, -ELBO=1.0725, Potential Metric=0.1166, Entropy Metric=0.0173]

Epoch 101:  75%|███████▌  | 12/16 [00:06<00:02,  1.79it/s][A
Training Epochs:  50%|█████     | 101/200 [14:10<15:01,  9.10s/it, -ELBO=1.0498, Potential Metric=0.1230, Entropy Metric=0.0180]

Epoch 101:  81%|████████▏ | 13/16 [00:07<00:01,  1.87it/s][A
Training Epochs:  50%|█████     | 101/200 [14:11<15:01,  9.10s/it, -ELBO=1.0667, Potential Metric=0.1227, Entropy Metric=0.0184]

Epoch 101:  88%|████████▊ | 14/16 [00:07<00:01,  1.94it/s][A
Training Epochs:  50%|█████     | 101/200 [14:11<15:01,  9.10s/it, -ELBO=1.0910, Potential Metric=0.1269, Entropy Metric=0.0186]

Epoch 101:  94%|█████████▍| 15/16 [00:08<00:00,  1.89it/s][A
Training Epochs:  50%|█████     | 101/200 [14:12<15:01,  9.10s/it, -ELBO=1.0868, Potential Metric=0.1191, Entropy Metric=0.0185]

Epoch 101: 100%|██████████| 16/16 [00:08<00:00,  1.93it/s][A

                                                          [A
Training Epochs:  51%|█████     | 102/200 [14:12<14:42,  9.00s/it, -ELBO=1.0868, Potential Metric=0.1191, Entropy Metric=0.0185]

Epoch 102:   0%|          | 0/16 [00:00<?, ?it/s][A
Training Epochs:  51%|█████     | 102/200 [14:13<14:42,  9.00s/it, -ELBO=1.0874, Potential Metric=0.1300, Entropy Metric=0.0181]

Epoch 102:   6%|▋         | 1/16 [00:00<00:09,  1.57it/s][A
Training Epochs:  51%|█████     | 102/200 [14:13<14:42,  9.00s/it, -ELBO=1.0635, Potential Metric=0.1257, Entropy Metric=0.0175]

Epoch 102:  12%|█▎        | 2/16 [00:01<00:08,  1.68it/s][A
Training Epochs:  51%|█████     | 102/200 [14:14<14:42,  9.00s/it, -ELBO=1.0498, Potential Metric=0.1267, Entropy Metric=0.0166]

Epoch 102:  19%|█▉        | 3/16 [00:01<00:07,  1.77it/s][A
Training Epochs:  51%|█████     | 102/200 [14:14<14:42,  9.00s/it, -ELBO=1.0666, Potential Metric=0.1168, Entropy Metric=0.0176]

Epoch 102:  25%|██▌       | 4/16 [00:02<00:06,  1.75it/s][A
Training Epochs:  51%|█████     | 102/200 [14:15<14:42,  9.00s/it, -ELBO=1.0513, Potential Metric=0.1333, Entropy Metric=0.0172]

Epoch 102:  31%|███▏      | 5/16 [00:02<00:06,  1.78it/s][A
Training Epochs:  51%|█████     | 102/200 [14:15<14:42,  9.00s/it, -ELBO=1.0462, Potential Metric=0.1294, Entropy Metric=0.0166]

Epoch 102:  38%|███▊      | 6/16 [00:03<00:05,  1.83it/s][A
Training Epochs:  51%|█████     | 102/200 [14:16<14:42,  9.00s/it, -ELBO=1.0700, Potential Metric=0.1185, Entropy Metric=0.0159]

Epoch 102:  44%|████▍     | 7/16 [00:03<00:04,  1.89it/s][A
Training Epochs:  51%|█████     | 102/200 [14:16<14:42,  9.00s/it, -ELBO=1.0568, Potential Metric=0.1245, Entropy Metric=0.0163]

Epoch 102:  50%|█████     | 8/16 [00:04<00:04,  1.94it/s][A
Training Epochs:  51%|█████     | 102/200 [14:17<14:42,  9.00s/it, -ELBO=1.0482, Potential Metric=0.1152, Entropy Metric=0.0163]

Epoch 102:  56%|█████▋    | 9/16 [00:04<00:03,  1.95it/s][A
Training Epochs:  51%|█████     | 102/200 [14:17<14:42,  9.00s/it, -ELBO=1.0869, Potential Metric=0.1184, Entropy Metric=0.0162]

Epoch 102:  62%|██████▎   | 10/16 [00:05<00:03,  1.89it/s][A
Training Epochs:  51%|█████     | 102/200 [14:18<14:42,  9.00s/it, -ELBO=1.0819, Potential Metric=0.1167, Entropy Metric=0.0157]

Epoch 102:  69%|██████▉   | 11/16 [00:05<00:02,  1.86it/s][A
Training Epochs:  51%|█████     | 102/200 [14:19<14:42,  9.00s/it, -ELBO=1.0881, Potential Metric=0.1198, Entropy Metric=0.0161]

Epoch 102:  75%|███████▌  | 12/16 [00:06<00:02,  1.84it/s][A
Training Epochs:  51%|█████     | 102/200 [14:19<14:42,  9.00s/it, -ELBO=1.0564, Potential Metric=0.1291, Entropy Metric=0.0149]

Epoch 102:  81%|████████▏ | 13/16 [00:07<00:01,  1.82it/s][A
Training Epochs:  51%|█████     | 102/200 [14:20<14:42,  9.00s/it, -ELBO=1.0647, Potential Metric=0.1193, Entropy Metric=0.0153]

Epoch 102:  88%|████████▊ | 14/16 [00:07<00:01,  1.93it/s][A
Training Epochs:  51%|█████     | 102/200 [14:20<14:42,  9.00s/it, -ELBO=1.0264, Potential Metric=0.1307, Entropy Metric=0.0165]

Epoch 102:  94%|█████████▍| 15/16 [00:08<00:00,  1.87it/s][A
Training Epochs:  51%|█████     | 102/200 [14:21<14:42,  9.00s/it, -ELBO=1.0831, Potential Metric=0.1261, Entropy Metric=0.0168]

Epoch 102: 100%|██████████| 16/16 [00:08<00:00,  1.90it/s][A

                                                          [A
Training Epochs:  52%|█████▏    | 103/200 [14:21<14:25,  8.92s/it, -ELBO=1.0831, Potential Metric=0.1261, Entropy Metric=0.0168]

Epoch 103:   0%|          | 0/16 [00:00<?, ?it/s][A
Training Epochs:  52%|█████▏    | 103/200 [14:21<14:25,  8.92s/it, -ELBO=1.0625, Potential Metric=0.1114, Entropy Metric=0.0159]

Epoch 103:   6%|▋         | 1/16 [00:00<00:08,  1.71it/s][A
Training Epochs:  52%|█████▏    | 103/200 [14:22<14:25,  8.92s/it, -ELBO=1.1057, Potential Metric=0.1135, Entropy Metric=0.0164]

Epoch 103:  12%|█▎        | 2/16 [00:01<00:08,  1.57it/s][A
Training Epochs:  52%|█████▏    | 103/200 [14:22<14:25,  8.92s/it, -ELBO=1.0082, Potential Metric=0.1420, Entropy Metric=0.0167]

Epoch 103:  19%|█▉        | 3/16 [00:01<00:07,  1.75it/s][A
Training Epochs:  52%|█████▏    | 103/200 [14:23<14:25,  8.92s/it, -ELBO=1.0485, Potential Metric=0.1318, Entropy Metric=0.0170]

Epoch 103:  25%|██▌       | 4/16 [00:02<00:06,  1.79it/s][A
Training Epochs:  52%|█████▏    | 103/200 [14:24<14:25,  8.92s/it, -ELBO=1.0443, Potential Metric=0.1297, Entropy Metric=0.0168]

Epoch 103:  31%|███▏      | 5/16 [00:02<00:06,  1.71it/s][A
Training Epochs:  52%|█████▏    | 103/200 [14:24<14:25,  8.92s/it, -ELBO=1.0602, Potential Metric=0.1201, Entropy Metric=0.0172]

Epoch 103:  38%|███▊      | 6/16 [00:03<00:05,  1.74it/s][A
Training Epochs:  52%|█████▏    | 103/200 [14:25<14:25,  8.92s/it, -ELBO=1.0760, Potential Metric=0.1184, Entropy Metric=0.0167]

Epoch 103:  44%|████▍     | 7/16 [00:03<00:04,  1.80it/s][A
Training Epochs:  52%|█████▏    | 103/200 [14:25<14:25,  8.92s/it, -ELBO=1.0692, Potential Metric=0.1260, Entropy Metric=0.0185]

Epoch 103:  50%|█████     | 8/16 [00:04<00:04,  1.88it/s][A
Training Epochs:  52%|█████▏    | 103/200 [14:26<14:25,  8.92s/it, -ELBO=1.0666, Potential Metric=0.1277, Entropy Metric=0.0175]

Epoch 103:  56%|█████▋    | 9/16 [00:05<00:03,  1.83it/s][A
Training Epochs:  52%|█████▏    | 103/200 [14:26<14:25,  8.92s/it, -ELBO=1.0458, Potential Metric=0.1298, Entropy Metric=0.0181]

Epoch 103:  62%|██████▎   | 10/16 [00:05<00:03,  1.90it/s][A
Training Epochs:  52%|█████▏    | 103/200 [14:27<14:25,  8.92s/it, -ELBO=1.0613, Potential Metric=0.1160, Entropy Metric=0.0170]

Epoch 103:  69%|██████▉   | 11/16 [00:06<00:02,  1.88it/s][A
Training Epochs:  52%|█████▏    | 103/200 [14:27<14:25,  8.92s/it, -ELBO=1.0388, Potential Metric=0.1234, Entropy Metric=0.0171]

Epoch 103:  75%|███████▌  | 12/16 [00:06<00:02,  1.82it/s][A
Training Epochs:  52%|█████▏    | 103/200 [14:28<14:25,  8.92s/it, -ELBO=1.0545, Potential Metric=0.1224, Entropy Metric=0.0159]

Epoch 103:  81%|████████▏ | 13/16 [00:07<00:01,  1.81it/s][A
Training Epochs:  52%|█████▏    | 103/200 [14:28<14:25,  8.92s/it, -ELBO=1.0805, Potential Metric=0.1145, Entropy Metric=0.0169]

Epoch 103:  88%|████████▊ | 14/16 [00:07<00:01,  1.78it/s][A
Training Epochs:  52%|█████▏    | 103/200 [14:29<14:25,  8.92s/it, -ELBO=1.0438, Potential Metric=0.1287, Entropy Metric=0.0156]

Epoch 103:  94%|█████████▍| 15/16 [00:08<00:00,  1.78it/s][A
Training Epochs:  52%|█████▏    | 103/200 [14:30<14:25,  8.92s/it, -ELBO=1.0667, Potential Metric=0.1238, Entropy Metric=0.0162]

Epoch 103: 100%|██████████| 16/16 [00:08<00:00,  1.80it/s][A

                                                          [A
Training Epochs:  52%|█████▏    | 104/200 [14:30<14:17,  8.93s/it, -ELBO=1.0667, Potential Metric=0.1238, Entropy Metric=0.0162]

Epoch 104:   0%|          | 0/16 [00:00<?, ?it/s][A
Training Epochs:  52%|█████▏    | 104/200 [14:30<14:17,  8.93s/it, -ELBO=1.0817, Potential Metric=0.1293, Entropy Metric=0.0163]

Epoch 104:   6%|▋         | 1/16 [00:00<00:08,  1.75it/s][A
Training Epochs:  52%|█████▏    | 104/200 [14:31<14:17,  8.93s/it, -ELBO=1.0583, Potential Metric=0.1253, Entropy Metric=0.0159]

Epoch 104:  12%|█▎        | 2/16 [00:01<00:07,  1.95it/s][A
Training Epochs:  52%|█████▏    | 104/200 [14:31<14:17,  8.93s/it, -ELBO=1.0785, Potential Metric=0.1103, Entropy Metric=0.0148]

Epoch 104:  19%|█▉        | 3/16 [00:01<00:06,  1.98it/s][A
Training Epochs:  52%|█████▏    | 104/200 [14:32<14:17,  8.93s/it, -ELBO=1.0550, Potential Metric=0.1258, Entropy Metric=0.0162]

Epoch 104:  25%|██▌       | 4/16 [00:02<00:06,  1.90it/s][A
Training Epochs:  52%|█████▏    | 104/200 [14:32<14:17,  8.93s/it, -ELBO=1.0227, Potential Metric=0.1238, Entropy Metric=0.0158]

Epoch 104:  31%|███▏      | 5/16 [00:02<00:05,  1.85it/s][A
Training Epochs:  52%|█████▏    | 104/200 [14:33<14:17,  8.93s/it, -ELBO=1.0368, Potential Metric=0.1182, Entropy Metric=0.0162]

Epoch 104:  38%|███▊      | 6/16 [00:03<00:05,  1.80it/s][A
Training Epochs:  52%|█████▏    | 104/200 [14:33<14:17,  8.93s/it, -ELBO=1.0737, Potential Metric=0.1168, Entropy Metric=0.0165]

Epoch 104:  44%|████▍     | 7/16 [00:03<00:04,  1.81it/s][A
Training Epochs:  52%|█████▏    | 104/200 [14:34<14:17,  8.93s/it, -ELBO=1.0216, Potential Metric=0.1332, Entropy Metric=0.0169]

Epoch 104:  50%|█████     | 8/16 [00:04<00:04,  1.82it/s][A
Training Epochs:  52%|█████▏    | 104/200 [14:35<14:17,  8.93s/it, -ELBO=1.0572, Potential Metric=0.1184, Entropy Metric=0.0163]

Epoch 104:  56%|█████▋    | 9/16 [00:04<00:03,  1.81it/s][A
Training Epochs:  52%|█████▏    | 104/200 [14:35<14:17,  8.93s/it, -ELBO=1.0584, Potential Metric=0.1160, Entropy Metric=0.0163]

Epoch 104:  62%|██████▎   | 10/16 [00:05<00:03,  1.72it/s][A
Training Epochs:  52%|█████▏    | 104/200 [14:36<14:17,  8.93s/it, -ELBO=1.0515, Potential Metric=0.1275, Entropy Metric=0.0164]

Epoch 104:  69%|██████▉   | 11/16 [00:06<00:02,  1.71it/s][A
Training Epochs:  52%|█████▏    | 104/200 [14:36<14:17,  8.93s/it, -ELBO=1.0329, Potential Metric=0.1390, Entropy Metric=0.0168]

Epoch 104:  75%|███████▌  | 12/16 [00:06<00:02,  1.72it/s][A
Training Epochs:  52%|█████▏    | 104/200 [14:37<14:17,  8.93s/it, -ELBO=1.0742, Potential Metric=0.1049, Entropy Metric=0.0160]

Epoch 104:  81%|████████▏ | 13/16 [00:07<00:01,  1.77it/s][A
Training Epochs:  52%|█████▏    | 104/200 [14:37<14:17,  8.93s/it, -ELBO=1.0525, Potential Metric=0.1163, Entropy Metric=0.0157]

Epoch 104:  88%|████████▊ | 14/16 [00:07<00:01,  1.82it/s][A
Training Epochs:  52%|█████▏    | 104/200 [14:38<14:17,  8.93s/it, -ELBO=1.0605, Potential Metric=0.1156, Entropy Metric=0.0164]

Epoch 104:  94%|█████████▍| 15/16 [00:08<00:00,  1.79it/s][A
Training Epochs:  52%|█████▏    | 104/200 [14:39<14:17,  8.93s/it, -ELBO=1.0604, Potential Metric=0.1167, Entropy Metric=0.0171]

Epoch 104: 100%|██████████| 16/16 [00:08<00:00,  1.82it/s][A

                                                          [A
Training Epochs:  52%|█████▎    | 105/200 [14:39<14:09,  8.94s/it, -ELBO=1.0604, Potential Metric=0.1167, Entropy Metric=0.0171]

Epoch 105:   0%|          | 0/16 [00:00<?, ?it/s][A
Training Epochs:  52%|█████▎    | 105/200 [14:39<14:09,  8.94s/it, -ELBO=1.0583, Potential Metric=0.1156, Entropy Metric=0.0175]

Epoch 105:   6%|▋         | 1/16 [00:00<00:07,  2.00it/s][A
Training Epochs:  52%|█████▎    | 105/200 [14:40<14:09,  8.94s/it, -ELBO=1.0649, Potential Metric=0.1117, Entropy Metric=0.0172]

Epoch 105:  12%|█▎        | 2/16 [00:01<00:07,  1.93it/s][A
Training Epochs:  52%|█████▎    | 105/200 [14:40<14:09,  8.94s/it, -ELBO=1.0670, Potential Metric=0.1098, Entropy Metric=0.0170]

Epoch 105:  19%|█▉        | 3/16 [00:01<00:07,  1.86it/s][A
Training Epochs:  52%|█████▎    | 105/200 [14:41<14:09,  8.94s/it, -ELBO=1.0321, Potential Metric=0.1234, Entropy Metric=0.0169]

Epoch 105:  25%|██▌       | 4/16 [00:02<00:06,  1.87it/s][A
Training Epochs:  52%|█████▎    | 105/200 [14:41<14:09,  8.94s/it, -ELBO=1.0488, Potential Metric=0.1153, Entropy Metric=0.0167]

Epoch 105:  31%|███▏      | 5/16 [00:02<00:05,  1.89it/s][A
Training Epochs:  52%|█████▎    | 105/200 [14:42<14:09,  8.94s/it, -ELBO=1.0639, Potential Metric=0.1368, Entropy Metric=0.0176]

Epoch 105:  38%|███▊      | 6/16 [00:03<00:05,  1.88it/s][A
Training Epochs:  52%|█████▎    | 105/200 [14:42<14:09,  8.94s/it, -ELBO=1.0800, Potential Metric=0.1175, Entropy Metric=0.0172]

Epoch 105:  44%|████▍     | 7/16 [00:03<00:04,  1.82it/s][A
Training Epochs:  52%|█████▎    | 105/200 [14:43<14:09,  8.94s/it, -ELBO=1.0686, Potential Metric=0.1203, Entropy Metric=0.0159]

Epoch 105:  50%|█████     | 8/16 [00:04<00:04,  1.78it/s][A
Training Epochs:  52%|█████▎    | 105/200 [14:43<14:09,  8.94s/it, -ELBO=1.0578, Potential Metric=0.1231, Entropy Metric=0.0172]

Epoch 105:  56%|█████▋    | 9/16 [00:04<00:03,  1.78it/s][A
Training Epochs:  52%|█████▎    | 105/200 [14:44<14:09,  8.94s/it, -ELBO=1.0309, Potential Metric=0.1125, Entropy Metric=0.0170]

Epoch 105:  62%|██████▎   | 10/16 [00:05<00:03,  1.88it/s][A
Training Epochs:  52%|█████▎    | 105/200 [14:45<14:09,  8.94s/it, -ELBO=1.0281, Potential Metric=0.1308, Entropy Metric=0.0164]

Epoch 105:  69%|██████▉   | 11/16 [00:05<00:02,  1.83it/s][A
Training Epochs:  52%|█████▎    | 105/200 [14:45<14:09,  8.94s/it, -ELBO=1.0313, Potential Metric=0.1245, Entropy Metric=0.0176]

Epoch 105:  75%|███████▌  | 12/16 [00:06<00:02,  1.81it/s][A
Training Epochs:  52%|█████▎    | 105/200 [14:46<14:09,  8.94s/it, -ELBO=1.0236, Potential Metric=0.1276, Entropy Metric=0.0173]

Epoch 105:  81%|████████▏ | 13/16 [00:07<00:01,  1.82it/s][A
Training Epochs:  52%|█████▎    | 105/200 [14:46<14:09,  8.94s/it, -ELBO=1.0442, Potential Metric=0.1210, Entropy Metric=0.0169]

Epoch 105:  88%|████████▊ | 14/16 [00:07<00:01,  1.84it/s][A
Training Epochs:  52%|█████▎    | 105/200 [14:47<14:09,  8.94s/it, -ELBO=1.0226, Potential Metric=0.1207, Entropy Metric=0.0173]

Epoch 105:  94%|█████████▍| 15/16 [00:08<00:00,  1.84it/s][A
Training Epochs:  52%|█████▎    | 105/200 [14:47<14:09,  8.94s/it, -ELBO=1.0232, Potential Metric=0.1256, Entropy Metric=0.0178]

Epoch 105: 100%|██████████| 16/16 [00:08<00:00,  1.86it/s][A

                                                          [A
Training Epochs:  53%|█████▎    | 106/200 [14:47<13:53,  8.87s/it, -ELBO=1.0232, Potential Metric=0.1256, Entropy Metric=0.0178]

Epoch 106:   0%|          | 0/16 [00:00<?, ?it/s][A
Training Epochs:  53%|█████▎    | 106/200 [14:48<13:53,  8.87s/it, -ELBO=1.0539, Potential Metric=0.1313, Entropy Metric=0.0174]

Epoch 106:   6%|▋         | 1/16 [00:00<00:09,  1.56it/s][A
Training Epochs:  53%|█████▎    | 106/200 [14:49<13:53,  8.87s/it, -ELBO=1.0599, Potential Metric=0.1156, Entropy Metric=0.0164]

Epoch 106:  12%|█▎        | 2/16 [00:01<00:09,  1.47it/s][A
Training Epochs:  53%|█████▎    | 106/200 [14:49<13:53,  8.87s/it, -ELBO=1.0415, Potential Metric=0.1192, Entropy Metric=0.0173]

Epoch 106:  19%|█▉        | 3/16 [00:01<00:08,  1.58it/s][A
Training Epochs:  53%|█████▎    | 106/200 [14:50<13:53,  8.87s/it, -ELBO=1.0377, Potential Metric=0.1195, Entropy Metric=0.0167]

Epoch 106:  25%|██▌       | 4/16 [00:02<00:06,  1.76it/s][A
Training Epochs:  53%|█████▎    | 106/200 [14:50<13:53,  8.87s/it, -ELBO=1.0213, Potential Metric=0.1226, Entropy Metric=0.0172]

Epoch 106:  31%|███▏      | 5/16 [00:02<00:05,  1.87it/s][A
Training Epochs:  53%|█████▎    | 106/200 [14:51<13:53,  8.87s/it, -ELBO=1.0334, Potential Metric=0.1256, Entropy Metric=0.0177]

Epoch 106:  38%|███▊      | 6/16 [00:03<00:05,  1.81it/s][A
Training Epochs:  53%|█████▎    | 106/200 [14:51<13:53,  8.87s/it, -ELBO=1.0174, Potential Metric=0.1150, Entropy Metric=0.0170]

Epoch 106:  44%|████▍     | 7/16 [00:03<00:04,  1.86it/s][A
Training Epochs:  53%|█████▎    | 106/200 [14:52<13:53,  8.87s/it, -ELBO=1.1061, Potential Metric=0.1179, Entropy Metric=0.0174]

Epoch 106:  50%|█████     | 8/16 [00:04<00:04,  1.84it/s][A
Training Epochs:  53%|█████▎    | 106/200 [14:52<13:53,  8.87s/it, -ELBO=1.0583, Potential Metric=0.1181, Entropy Metric=0.0175]

Epoch 106:  56%|█████▋    | 9/16 [00:04<00:03,  1.92it/s][A
Training Epochs:  53%|█████▎    | 106/200 [14:53<13:53,  8.87s/it, -ELBO=1.0346, Potential Metric=0.1320, Entropy Metric=0.0189]

Epoch 106:  62%|██████▎   | 10/16 [00:05<00:03,  1.90it/s][A
Training Epochs:  53%|█████▎    | 106/200 [14:53<13:53,  8.87s/it, -ELBO=1.0457, Potential Metric=0.1221, Entropy Metric=0.0173]

Epoch 106:  69%|██████▉   | 11/16 [00:06<00:02,  1.93it/s][A
Training Epochs:  53%|█████▎    | 106/200 [14:54<13:53,  8.87s/it, -ELBO=1.0515, Potential Metric=0.1296, Entropy Metric=0.0179]

Epoch 106:  75%|███████▌  | 12/16 [00:06<00:02,  1.89it/s][A
Training Epochs:  53%|█████▎    | 106/200 [14:54<13:53,  8.87s/it, -ELBO=1.0350, Potential Metric=0.1339, Entropy Metric=0.0170]

Epoch 106:  81%|████████▏ | 13/16 [00:07<00:01,  1.89it/s][A
Training Epochs:  53%|█████▎    | 106/200 [14:55<13:53,  8.87s/it, -ELBO=1.0285, Potential Metric=0.1257, Entropy Metric=0.0165]

Epoch 106:  88%|████████▊ | 14/16 [00:07<00:01,  1.87it/s][A
Training Epochs:  53%|█████▎    | 106/200 [14:55<13:53,  8.87s/it, -ELBO=1.0460, Potential Metric=0.1220, Entropy Metric=0.0162]

Epoch 106:  94%|█████████▍| 15/16 [00:08<00:00,  1.89it/s][A
Training Epochs:  53%|█████▎    | 106/200 [14:56<13:53,  8.87s/it, -ELBO=1.0264, Potential Metric=0.1332, Entropy Metric=0.0163]

Epoch 106: 100%|██████████| 16/16 [00:08<00:00,  1.86it/s][A

                                                          [A
Training Epochs:  54%|█████▎    | 107/200 [14:56<13:42,  8.85s/it, -ELBO=1.0264, Potential Metric=0.1332, Entropy Metric=0.0163]

Epoch 107:   0%|          | 0/16 [00:00<?, ?it/s][A
Training Epochs:  54%|█████▎    | 107/200 [14:57<13:42,  8.85s/it, -ELBO=0.9982, Potential Metric=0.1260, Entropy Metric=0.0154]

Epoch 107:   6%|▋         | 1/16 [00:00<00:07,  1.89it/s][A
Training Epochs:  54%|█████▎    | 107/200 [14:57<13:42,  8.85s/it, -ELBO=1.0307, Potential Metric=0.1228, Entropy Metric=0.0162]

Epoch 107:  12%|█▎        | 2/16 [00:01<00:07,  1.99it/s][A
Training Epochs:  54%|█████▎    | 107/200 [14:58<13:42,  8.85s/it, -ELBO=1.0463, Potential Metric=0.1309, Entropy Metric=0.0161]

Epoch 107:  19%|█▉        | 3/16 [00:01<00:06,  1.91it/s][A
Training Epochs:  54%|█████▎    | 107/200 [14:58<13:42,  8.85s/it, -ELBO=1.0285, Potential Metric=0.1325, Entropy Metric=0.0160]

Epoch 107:  25%|██▌       | 4/16 [00:02<00:06,  1.86it/s][A
Training Epochs:  54%|█████▎    | 107/200 [14:59<13:42,  8.85s/it, -ELBO=1.0509, Potential Metric=0.1130, Entropy Metric=0.0150]

Epoch 107:  31%|███▏      | 5/16 [00:02<00:06,  1.81it/s][A
Training Epochs:  54%|█████▎    | 107/200 [14:59<13:42,  8.85s/it, -ELBO=1.0192, Potential Metric=0.1440, Entropy Metric=0.0163]

Epoch 107:  38%|███▊      | 6/16 [00:03<00:05,  1.84it/s][A
Training Epochs:  54%|█████▎    | 107/200 [15:00<13:42,  8.85s/it, -ELBO=1.0035, Potential Metric=0.1276, Entropy Metric=0.0151]

Epoch 107:  44%|████▍     | 7/16 [00:03<00:04,  1.94it/s][A
Training Epochs:  54%|█████▎    | 107/200 [15:00<13:42,  8.85s/it, -ELBO=1.0556, Potential Metric=0.1151, Entropy Metric=0.0157]

Epoch 107:  50%|█████     | 8/16 [00:04<00:04,  1.95it/s][A
Training Epochs:  54%|█████▎    | 107/200 [15:01<13:42,  8.85s/it, -ELBO=1.0248, Potential Metric=0.1216, Entropy Metric=0.0162]

Epoch 107:  56%|█████▋    | 9/16 [00:04<00:03,  1.93it/s][A
Training Epochs:  54%|█████▎    | 107/200 [15:01<13:42,  8.85s/it, -ELBO=1.0588, Potential Metric=0.1335, Entropy Metric=0.0172]

Epoch 107:  62%|██████▎   | 10/16 [00:05<00:03,  1.81it/s][A
Training Epochs:  54%|█████▎    | 107/200 [15:02<13:42,  8.85s/it, -ELBO=1.0530, Potential Metric=0.1191, Entropy Metric=0.0172]

Epoch 107:  69%|██████▉   | 11/16 [00:05<00:02,  1.92it/s][A
Training Epochs:  54%|█████▎    | 107/200 [15:02<13:42,  8.85s/it, -ELBO=1.0129, Potential Metric=0.1247, Entropy Metric=0.0168]

Epoch 107:  75%|███████▌  | 12/16 [00:06<00:02,  1.92it/s][A
Training Epochs:  54%|█████▎    | 107/200 [15:03<13:42,  8.85s/it, -ELBO=1.0503, Potential Metric=0.1179, Entropy Metric=0.0187]

Epoch 107:  81%|████████▏ | 13/16 [00:06<00:01,  1.91it/s][A
Training Epochs:  54%|█████▎    | 107/200 [15:04<13:42,  8.85s/it, -ELBO=1.0279, Potential Metric=0.1246, Entropy Metric=0.0183]

Epoch 107:  88%|████████▊ | 14/16 [00:07<00:01,  1.86it/s][A
Training Epochs:  54%|█████▎    | 107/200 [15:04<13:42,  8.85s/it, -ELBO=1.0275, Potential Metric=0.1252, Entropy Metric=0.0183]

Epoch 107:  94%|█████████▍| 15/16 [00:07<00:00,  1.85it/s][A
Training Epochs:  54%|█████▎    | 107/200 [15:05<13:42,  8.85s/it, -ELBO=1.0345, Potential Metric=0.1275, Entropy Metric=0.0182]

Epoch 107: 100%|██████████| 16/16 [00:08<00:00,  1.78it/s][A

                                                          [A
Training Epochs:  54%|█████▍    | 108/200 [15:05<13:28,  8.78s/it, -ELBO=1.0345, Potential Metric=0.1275, Entropy Metric=0.0182]

Epoch 108:   0%|          | 0/16 [00:00<?, ?it/s][A
Training Epochs:  54%|█████▍    | 108/200 [15:05<13:28,  8.78s/it, -ELBO=1.0401, Potential Metric=0.1323, Entropy Metric=0.0196]

Epoch 108:   6%|▋         | 1/16 [00:00<00:09,  1.55it/s][A
Training Epochs:  54%|█████▍    | 108/200 [15:06<13:28,  8.78s/it, -ELBO=1.0656, Potential Metric=0.1263, Entropy Metric=0.0181]

Epoch 108:  12%|█▎        | 2/16 [00:01<00:08,  1.61it/s][A
Training Epochs:  54%|█████▍    | 108/200 [15:07<13:28,  8.78s/it, -ELBO=1.0440, Potential Metric=0.1263, Entropy Metric=0.0183]

Epoch 108:  19%|█▉        | 3/16 [00:01<00:07,  1.70it/s][A
Training Epochs:  54%|█████▍    | 108/200 [15:07<13:28,  8.78s/it, -ELBO=0.9981, Potential Metric=0.1217, Entropy Metric=0.0176]

Epoch 108:  25%|██▌       | 4/16 [00:02<00:06,  1.81it/s][A
Training Epochs:  54%|█████▍    | 108/200 [15:08<13:28,  8.78s/it, -ELBO=1.0110, Potential Metric=0.1164, Entropy Metric=0.0163]

Epoch 108:  31%|███▏      | 5/16 [00:02<00:06,  1.83it/s][A
Training Epochs:  54%|█████▍    | 108/200 [15:08<13:28,  8.78s/it, -ELBO=1.0205, Potential Metric=0.1288, Entropy Metric=0.0179]

Epoch 108:  38%|███▊      | 6/16 [00:03<00:05,  1.85it/s][A
Training Epochs:  54%|█████▍    | 108/200 [15:09<13:28,  8.78s/it, -ELBO=1.0189, Potential Metric=0.1322, Entropy Metric=0.0182]

Epoch 108:  44%|████▍     | 7/16 [00:03<00:04,  1.88it/s][A
Training Epochs:  54%|█████▍    | 108/200 [15:09<13:28,  8.78s/it, -ELBO=1.0229, Potential Metric=0.1356, Entropy Metric=0.0169]

Epoch 108:  50%|█████     | 8/16 [00:04<00:04,  1.85it/s][A
Training Epochs:  54%|█████▍    | 108/200 [15:10<13:28,  8.78s/it, -ELBO=1.0514, Potential Metric=0.1233, Entropy Metric=0.0171]

Epoch 108:  56%|█████▋    | 9/16 [00:04<00:03,  1.85it/s][A
Training Epochs:  54%|█████▍    | 108/200 [15:10<13:28,  8.78s/it, -ELBO=1.0441, Potential Metric=0.1241, Entropy Metric=0.0177]

Epoch 108:  62%|██████▎   | 10/16 [00:05<00:03,  1.87it/s][A
Training Epochs:  54%|█████▍    | 108/200 [15:11<13:28,  8.78s/it, -ELBO=1.0404, Potential Metric=0.1206, Entropy Metric=0.0166]

Epoch 108:  69%|██████▉   | 11/16 [00:06<00:02,  1.88it/s][A
Training Epochs:  54%|█████▍    | 108/200 [15:11<13:28,  8.78s/it, -ELBO=1.0110, Potential Metric=0.1236, Entropy Metric=0.0168]

Epoch 108:  75%|███████▌  | 12/16 [00:06<00:02,  1.83it/s][A
Training Epochs:  54%|█████▍    | 108/200 [15:12<13:28,  8.78s/it, -ELBO=1.0232, Potential Metric=0.1132, Entropy Metric=0.0165]

Epoch 108:  81%|████████▏ | 13/16 [00:07<00:01,  1.71it/s][A
Training Epochs:  54%|█████▍    | 108/200 [15:12<13:28,  8.78s/it, -ELBO=1.0248, Potential Metric=0.1110, Entropy Metric=0.0166]

Epoch 108:  88%|████████▊ | 14/16 [00:07<00:01,  1.86it/s][A
Training Epochs:  54%|█████▍    | 108/200 [15:13<13:28,  8.78s/it, -ELBO=0.9872, Potential Metric=0.1168, Entropy Metric=0.0165]

Epoch 108:  94%|█████████▍| 15/16 [00:08<00:00,  1.93it/s][A
Training Epochs:  54%|█████▍    | 108/200 [15:13<13:28,  8.78s/it, -ELBO=1.0474, Potential Metric=0.1183, Entropy Metric=0.0167]

Epoch 108: 100%|██████████| 16/16 [00:08<00:00,  1.95it/s][A

                                                          [A
Training Epochs:  55%|█████▍    | 109/200 [15:13<13:19,  8.79s/it, -ELBO=1.0474, Potential Metric=0.1183, Entropy Metric=0.0167]

Epoch 109:   0%|          | 0/16 [00:00<?, ?it/s][A
Training Epochs:  55%|█████▍    | 109/200 [15:14<13:19,  8.79s/it, -ELBO=1.0047, Potential Metric=0.1233, Entropy Metric=0.0164]

Epoch 109:   6%|▋         | 1/16 [00:00<00:07,  1.97it/s][A
Training Epochs:  55%|█████▍    | 109/200 [15:15<13:19,  8.79s/it, -ELBO=1.0317, Potential Metric=0.1124, Entropy Metric=0.0164]

Epoch 109:  12%|█▎        | 2/16 [00:01<00:07,  1.91it/s][A
Training Epochs:  55%|█████▍    | 109/200 [15:15<13:19,  8.79s/it, -ELBO=1.0375, Potential Metric=0.1249, Entropy Metric=0.0174]

Epoch 109:  19%|█▉        | 3/16 [00:01<00:07,  1.81it/s][A
Training Epochs:  55%|█████▍    | 109/200 [15:16<13:19,  8.79s/it, -ELBO=1.0278, Potential Metric=0.1160, Entropy Metric=0.0169]

Epoch 109:  25%|██▌       | 4/16 [00:02<00:06,  1.83it/s][A
Training Epochs:  55%|█████▍    | 109/200 [15:16<13:19,  8.79s/it, -ELBO=1.0485, Potential Metric=0.1225, Entropy Metric=0.0169]

Epoch 109:  31%|███▏      | 5/16 [00:02<00:05,  1.85it/s][A
Training Epochs:  55%|█████▍    | 109/200 [15:17<13:19,  8.79s/it, -ELBO=1.0302, Potential Metric=0.1152, Entropy Metric=0.0168]

Epoch 109:  38%|███▊      | 6/16 [00:03<00:05,  1.85it/s][A
Training Epochs:  55%|█████▍    | 109/200 [15:17<13:19,  8.79s/it, -ELBO=1.0577, Potential Metric=0.1179, Entropy Metric=0.0160]

Epoch 109:  44%|████▍     | 7/16 [00:03<00:04,  1.89it/s][A
Training Epochs:  55%|█████▍    | 109/200 [15:18<13:19,  8.79s/it, -ELBO=1.0185, Potential Metric=0.1237, Entropy Metric=0.0170]

Epoch 109:  50%|█████     | 8/16 [00:04<00:04,  1.81it/s][A
Training Epochs:  55%|█████▍    | 109/200 [15:18<13:19,  8.79s/it, -ELBO=1.0020, Potential Metric=0.1208, Entropy Metric=0.0169]

Epoch 109:  56%|█████▋    | 9/16 [00:04<00:03,  1.80it/s][A
Training Epochs:  55%|█████▍    | 109/200 [15:19<13:19,  8.79s/it, -ELBO=1.0506, Potential Metric=0.1119, Entropy Metric=0.0160]

Epoch 109:  62%|██████▎   | 10/16 [00:05<00:03,  1.83it/s][A
Training Epochs:  55%|█████▍    | 109/200 [15:19<13:19,  8.79s/it, -ELBO=1.0080, Potential Metric=0.1328, Entropy Metric=0.0171]

Epoch 109:  69%|██████▉   | 11/16 [00:05<00:02,  1.88it/s][A
Training Epochs:  55%|█████▍    | 109/200 [15:20<13:19,  8.79s/it, -ELBO=1.0289, Potential Metric=0.1192, Entropy Metric=0.0165]

Epoch 109:  75%|███████▌  | 12/16 [00:06<00:02,  1.91it/s][A
Training Epochs:  55%|█████▍    | 109/200 [15:21<13:19,  8.79s/it, -ELBO=1.0110, Potential Metric=0.1070, Entropy Metric=0.0156]

Epoch 109:  81%|████████▏ | 13/16 [00:06<00:01,  1.88it/s][A
Training Epochs:  55%|█████▍    | 109/200 [15:21<13:19,  8.79s/it, -ELBO=1.0097, Potential Metric=0.1177, Entropy Metric=0.0166]

Epoch 109:  88%|████████▊ | 14/16 [00:07<00:01,  1.86it/s][A
Training Epochs:  55%|█████▍    | 109/200 [15:22<13:19,  8.79s/it, -ELBO=1.0097, Potential Metric=0.1255, Entropy Metric=0.0164]

Epoch 109:  94%|█████████▍| 15/16 [00:08<00:00,  1.87it/s][A
Training Epochs:  55%|█████▍    | 109/200 [15:22<13:19,  8.79s/it, -ELBO=1.0154, Potential Metric=0.1182, Entropy Metric=0.0167]

Epoch 109: 100%|██████████| 16/16 [00:08<00:00,  1.87it/s][A

                                                          [A
Training Epochs:  55%|█████▌    | 110/200 [15:22<13:08,  8.76s/it, -ELBO=1.0154, Potential Metric=0.1182, Entropy Metric=0.0167]

Epoch 110:   0%|          | 0/16 [00:00<?, ?it/s][A
Training Epochs:  55%|█████▌    | 110/200 [15:23<13:08,  8.76s/it, -ELBO=1.0122, Potential Metric=0.1169, Entropy Metric=0.0164]

Epoch 110:   6%|▋         | 1/16 [00:00<00:08,  1.76it/s][A
Training Epochs:  55%|█████▌    | 110/200 [15:23<13:08,  8.76s/it, -ELBO=0.9960, Potential Metric=0.1203, Entropy Metric=0.0169]

Epoch 110:  12%|█▎        | 2/16 [00:01<00:07,  1.81it/s][A
Training Epochs:  55%|█████▌    | 110/200 [15:24<13:08,  8.76s/it, -ELBO=1.0363, Potential Metric=0.1083, Entropy Metric=0.0166]

Epoch 110:  19%|█▉        | 3/16 [00:01<00:06,  1.93it/s][A
Training Epochs:  55%|█████▌    | 110/200 [15:24<13:08,  8.76s/it, -ELBO=1.0404, Potential Metric=0.1170, Entropy Metric=0.0177]

Epoch 110:  25%|██▌       | 4/16 [00:02<00:06,  1.94it/s][A
Training Epochs:  55%|█████▌    | 110/200 [15:25<13:08,  8.76s/it, -ELBO=1.0296, Potential Metric=0.1318, Entropy Metric=0.0184]

Epoch 110:  31%|███▏      | 5/16 [00:02<00:05,  1.92it/s][A
Training Epochs:  55%|█████▌    | 110/200 [15:25<13:08,  8.76s/it, -ELBO=0.9923, Potential Metric=0.1226, Entropy Metric=0.0171]

Epoch 110:  38%|███▊      | 6/16 [00:03<00:05,  1.88it/s][A
Training Epochs:  55%|█████▌    | 110/200 [15:26<13:08,  8.76s/it, -ELBO=1.0367, Potential Metric=0.1272, Entropy Metric=0.0175]

Epoch 110:  44%|████▍     | 7/16 [00:03<00:04,  1.87it/s][A
Training Epochs:  55%|█████▌    | 110/200 [15:26<13:08,  8.76s/it, -ELBO=1.0091, Potential Metric=0.1254, Entropy Metric=0.0172]

Epoch 110:  50%|█████     | 8/16 [00:04<00:04,  1.93it/s][A
Training Epochs:  55%|█████▌    | 110/200 [15:27<13:08,  8.76s/it, -ELBO=1.0173, Potential Metric=0.1257, Entropy Metric=0.0179]

Epoch 110:  56%|█████▋    | 9/16 [00:04<00:03,  1.88it/s][A
Training Epochs:  55%|█████▌    | 110/200 [15:28<13:08,  8.76s/it, -ELBO=1.0311, Potential Metric=0.1147, Entropy Metric=0.0175]

Epoch 110:  62%|██████▎   | 10/16 [00:05<00:03,  1.91it/s][A
Training Epochs:  55%|█████▌    | 110/200 [15:28<13:08,  8.76s/it, -ELBO=1.0358, Potential Metric=0.1172, Entropy Metric=0.0182]

Epoch 110:  69%|██████▉   | 11/16 [00:05<00:02,  1.90it/s][A
Training Epochs:  55%|█████▌    | 110/200 [15:29<13:08,  8.76s/it, -ELBO=1.0210, Potential Metric=0.1222, Entropy Metric=0.0176]

Epoch 110:  75%|███████▌  | 12/16 [00:06<00:02,  1.93it/s][A
Training Epochs:  55%|█████▌    | 110/200 [15:29<13:08,  8.76s/it, -ELBO=1.0151, Potential Metric=0.1177, Entropy Metric=0.0173]

Epoch 110:  81%|████████▏ | 13/16 [00:06<00:01,  1.89it/s][A
Training Epochs:  55%|█████▌    | 110/200 [15:30<13:08,  8.76s/it, -ELBO=1.0267, Potential Metric=0.1303, Entropy Metric=0.0180]

Epoch 110:  88%|████████▊ | 14/16 [00:07<00:01,  1.90it/s][A
Training Epochs:  55%|█████▌    | 110/200 [15:30<13:08,  8.76s/it, -ELBO=1.0026, Potential Metric=0.1126, Entropy Metric=0.0169]

Epoch 110:  94%|█████████▍| 15/16 [00:07<00:00,  1.93it/s][A
Training Epochs:  55%|█████▌    | 110/200 [15:31<13:08,  8.76s/it, -ELBO=1.0088, Potential Metric=0.1265, Entropy Metric=0.0173]

Epoch 110: 100%|██████████| 16/16 [00:08<00:00,  1.97it/s][A

                                                          [A
Training Epochs:  56%|█████▌    | 111/200 [15:31<12:52,  8.67s/it, -ELBO=1.0088, Potential Metric=0.1265, Entropy Metric=0.0173]

Epoch 111:   0%|          | 0/16 [00:00<?, ?it/s][A
Training Epochs:  56%|█████▌    | 111/200 [15:31<12:52,  8.67s/it, -ELBO=1.0330, Potential Metric=0.1202, Entropy Metric=0.0183]

Epoch 111:   6%|▋         | 1/16 [00:00<00:09,  1.56it/s][A
Training Epochs:  56%|█████▌    | 111/200 [15:32<12:52,  8.67s/it, -ELBO=0.9946, Potential Metric=0.1170, Entropy Metric=0.0179]

Epoch 111:  12%|█▎        | 2/16 [00:01<00:07,  1.82it/s][A
Training Epochs:  56%|█████▌    | 111/200 [15:32<12:52,  8.67s/it, -ELBO=1.0092, Potential Metric=0.1250, Entropy Metric=0.0167]

Epoch 111:  19%|█▉        | 3/16 [00:01<00:06,  1.96it/s][A
Training Epochs:  56%|█████▌    | 111/200 [15:33<12:52,  8.67s/it, -ELBO=1.0049, Potential Metric=0.1229, Entropy Metric=0.0163]

Epoch 111:  25%|██▌       | 4/16 [00:02<00:06,  1.89it/s][A
Training Epochs:  56%|█████▌    | 111/200 [15:33<12:52,  8.67s/it, -ELBO=1.0346, Potential Metric=0.1134, Entropy Metric=0.0166]

Epoch 111:  31%|███▏      | 5/16 [00:02<00:05,  1.88it/s][A
Training Epochs:  56%|█████▌    | 111/200 [15:34<12:52,  8.67s/it, -ELBO=1.0290, Potential Metric=0.1158, Entropy Metric=0.0164]

Epoch 111:  38%|███▊      | 6/16 [00:03<00:05,  1.88it/s][A
Training Epochs:  56%|█████▌    | 111/200 [15:34<12:52,  8.67s/it, -ELBO=1.0155, Potential Metric=0.1263, Entropy Metric=0.0175]

Epoch 111:  44%|████▍     | 7/16 [00:03<00:04,  1.85it/s][A
Training Epochs:  56%|█████▌    | 111/200 [15:35<12:52,  8.67s/it, -ELBO=0.9724, Potential Metric=0.1224, Entropy Metric=0.0176]

Epoch 111:  50%|█████     | 8/16 [00:04<00:03,  2.02it/s][A
Training Epochs:  56%|█████▌    | 111/200 [15:35<12:52,  8.67s/it, -ELBO=1.0075, Potential Metric=0.1178, Entropy Metric=0.0169]

Epoch 111:  56%|█████▋    | 9/16 [00:04<00:03,  2.09it/s][A
Training Epochs:  56%|█████▌    | 111/200 [15:36<12:52,  8.67s/it, -ELBO=1.0176, Potential Metric=0.1154, Entropy Metric=0.0168]

Epoch 111:  62%|██████▎   | 10/16 [00:05<00:03,  1.96it/s][A
Training Epochs:  56%|█████▌    | 111/200 [15:36<12:52,  8.67s/it, -ELBO=1.0005, Potential Metric=0.1208, Entropy Metric=0.0171]

Epoch 111:  69%|██████▉   | 11/16 [00:05<00:02,  1.92it/s][A
Training Epochs:  56%|█████▌    | 111/200 [15:37<12:52,  8.67s/it, -ELBO=1.0173, Potential Metric=0.1225, Entropy Metric=0.0186]

Epoch 111:  75%|███████▌  | 12/16 [00:06<00:02,  1.97it/s][A
Training Epochs:  56%|█████▌    | 111/200 [15:37<12:52,  8.67s/it, -ELBO=1.0325, Potential Metric=0.1174, Entropy Metric=0.0189]

Epoch 111:  81%|████████▏ | 13/16 [00:06<00:01,  2.01it/s][A
Training Epochs:  56%|█████▌    | 111/200 [15:38<12:52,  8.67s/it, -ELBO=1.0011, Potential Metric=0.1136, Entropy Metric=0.0179]

Epoch 111:  88%|████████▊ | 14/16 [00:07<00:00,  2.01it/s][A
Training Epochs:  56%|█████▌    | 111/200 [15:39<12:52,  8.67s/it, -ELBO=1.0086, Potential Metric=0.1130, Entropy Metric=0.0178]

Epoch 111:  94%|█████████▍| 15/16 [00:07<00:00,  1.82it/s][A
Training Epochs:  56%|█████▌    | 111/200 [15:39<12:52,  8.67s/it, -ELBO=1.0109, Potential Metric=0.1195, Entropy Metric=0.0178]

Epoch 111: 100%|██████████| 16/16 [00:08<00:00,  1.80it/s][A

                                                          [A
Training Epochs:  56%|█████▌    | 112/200 [15:39<12:38,  8.62s/it, -ELBO=1.0109, Potential Metric=0.1195, Entropy Metric=0.0178]

Epoch 112:   0%|          | 0/16 [00:00<?, ?it/s][A
Training Epochs:  56%|█████▌    | 112/200 [15:40<12:38,  8.62s/it, -ELBO=1.0075, Potential Metric=0.1238, Entropy Metric=0.0174]

Epoch 112:   6%|▋         | 1/16 [00:00<00:10,  1.45it/s][A
Training Epochs:  56%|█████▌    | 112/200 [15:41<12:38,  8.62s/it, -ELBO=0.9887, Potential Metric=0.1244, Entropy Metric=0.0166]

Epoch 112:  12%|█▎        | 2/16 [00:01<00:09,  1.50it/s][A
Training Epochs:  56%|█████▌    | 112/200 [15:41<12:38,  8.62s/it, -ELBO=1.0023, Potential Metric=0.1227, Entropy Metric=0.0167]

Epoch 112:  19%|█▉        | 3/16 [00:01<00:08,  1.56it/s][A
Training Epochs:  56%|█████▌    | 112/200 [15:42<12:38,  8.62s/it, -ELBO=0.9993, Potential Metric=0.1146, Entropy Metric=0.0150]

Epoch 112:  25%|██▌       | 4/16 [00:02<00:07,  1.66it/s][A
Training Epochs:  56%|█████▌    | 112/200 [15:42<12:38,  8.62s/it, -ELBO=1.0068, Potential Metric=0.1163, Entropy Metric=0.0159]

Epoch 112:  31%|███▏      | 5/16 [00:03<00:06,  1.65it/s][A
Training Epochs:  56%|█████▌    | 112/200 [15:43<12:38,  8.62s/it, -ELBO=0.9841, Potential Metric=0.1255, Entropy Metric=0.0173]

Epoch 112:  38%|███▊      | 6/16 [00:03<00:05,  1.74it/s][A
Training Epochs:  56%|█████▌    | 112/200 [15:43<12:38,  8.62s/it, -ELBO=1.0017, Potential Metric=0.1134, Entropy Metric=0.0175]

Epoch 112:  44%|████▍     | 7/16 [00:04<00:04,  1.83it/s][A
Training Epochs:  56%|█████▌    | 112/200 [15:44<12:38,  8.62s/it, -ELBO=1.0387, Potential Metric=0.1095, Entropy Metric=0.0170]

Epoch 112:  50%|█████     | 8/16 [00:04<00:04,  1.87it/s][A
Training Epochs:  56%|█████▌    | 112/200 [15:44<12:38,  8.62s/it, -ELBO=1.0427, Potential Metric=0.1137, Entropy Metric=0.0175]

Epoch 112:  56%|█████▋    | 9/16 [00:05<00:03,  1.89it/s][A
Training Epochs:  56%|█████▌    | 112/200 [15:45<12:38,  8.62s/it, -ELBO=0.9933, Potential Metric=0.1088, Entropy Metric=0.0167]

Epoch 112:  62%|██████▎   | 10/16 [00:05<00:03,  1.92it/s][A
Training Epochs:  56%|█████▌    | 112/200 [15:45<12:38,  8.62s/it, -ELBO=0.9834, Potential Metric=0.1199, Entropy Metric=0.0173]

Epoch 112:  69%|██████▉   | 11/16 [00:06<00:02,  1.86it/s][A
Training Epochs:  56%|█████▌    | 112/200 [15:46<12:38,  8.62s/it, -ELBO=0.9995, Potential Metric=0.1065, Entropy Metric=0.0158]

Epoch 112:  75%|███████▌  | 12/16 [00:06<00:02,  1.93it/s][A
Training Epochs:  56%|█████▌    | 112/200 [15:46<12:38,  8.62s/it, -ELBO=0.9954, Potential Metric=0.1225, Entropy Metric=0.0165]

Epoch 112:  81%|████████▏ | 13/16 [00:07<00:01,  1.96it/s][A
Training Epochs:  56%|█████▌    | 112/200 [15:47<12:38,  8.62s/it, -ELBO=1.0123, Potential Metric=0.1359, Entropy Metric=0.0174]

Epoch 112:  88%|████████▊ | 14/16 [00:07<00:01,  1.93it/s][A
Training Epochs:  56%|█████▌    | 112/200 [15:48<12:38,  8.62s/it, -ELBO=1.0196, Potential Metric=0.1234, Entropy Metric=0.0182]

Epoch 112:  94%|█████████▍| 15/16 [00:08<00:00,  1.82it/s][A
Training Epochs:  56%|█████▌    | 112/200 [15:48<12:38,  8.62s/it, -ELBO=1.0245, Potential Metric=0.1194, Entropy Metric=0.0164]

Epoch 112: 100%|██████████| 16/16 [00:08<00:00,  1.83it/s][A

                                                          [A
Training Epochs:  56%|█████▋    | 113/200 [15:48<12:39,  8.72s/it, -ELBO=1.0245, Potential Metric=0.1194, Entropy Metric=0.0164]

Epoch 113:   0%|          | 0/16 [00:00<?, ?it/s][A
Training Epochs:  56%|█████▋    | 113/200 [15:49<12:39,  8.72s/it, -ELBO=1.0112, Potential Metric=0.1161, Entropy Metric=0.0158]

Epoch 113:   6%|▋         | 1/16 [00:00<00:08,  1.71it/s][A
Training Epochs:  56%|█████▋    | 113/200 [15:49<12:39,  8.72s/it, -ELBO=0.9908, Potential Metric=0.1169, Entropy Metric=0.0159]

Epoch 113:  12%|█▎        | 2/16 [00:01<00:07,  1.77it/s][A
Training Epochs:  56%|█████▋    | 113/200 [15:50<12:39,  8.72s/it, -ELBO=0.9911, Potential Metric=0.1195, Entropy Metric=0.0158]

Epoch 113:  19%|█▉        | 3/16 [00:01<00:07,  1.81it/s][A
Training Epochs:  56%|█████▋    | 113/200 [15:50<12:39,  8.72s/it, -ELBO=0.9888, Potential Metric=0.1194, Entropy Metric=0.0158]

Epoch 113:  25%|██▌       | 4/16 [00:02<00:06,  1.88it/s][A
Training Epochs:  56%|█████▋    | 113/200 [15:51<12:39,  8.72s/it, -ELBO=1.0274, Potential Metric=0.1146, Entropy Metric=0.0166]

Epoch 113:  31%|███▏      | 5/16 [00:02<00:05,  1.94it/s][A
Training Epochs:  56%|█████▋    | 113/200 [15:51<12:39,  8.72s/it, -ELBO=0.9854, Potential Metric=0.1112, Entropy Metric=0.0154]

Epoch 113:  38%|███▊      | 6/16 [00:03<00:05,  1.94it/s][A
Training Epochs:  56%|█████▋    | 113/200 [15:52<12:39,  8.72s/it, -ELBO=1.0051, Potential Metric=0.1265, Entropy Metric=0.0157]

Epoch 113:  44%|████▍     | 7/16 [00:03<00:04,  1.85it/s][A
Training Epochs:  56%|█████▋    | 113/200 [15:52<12:39,  8.72s/it, -ELBO=1.0464, Potential Metric=0.1078, Entropy Metric=0.0154]

Epoch 113:  50%|█████     | 8/16 [00:04<00:04,  1.87it/s][A
Training Epochs:  56%|█████▋    | 113/200 [15:53<12:39,  8.72s/it, -ELBO=0.9875, Potential Metric=0.1278, Entropy Metric=0.0155]

Epoch 113:  56%|█████▋    | 9/16 [00:04<00:03,  1.83it/s][A
Training Epochs:  56%|█████▋    | 113/200 [15:54<12:39,  8.72s/it, -ELBO=0.9739, Potential Metric=0.1167, Entropy Metric=0.0155]

Epoch 113:  62%|██████▎   | 10/16 [00:05<00:03,  1.87it/s][A
Training Epochs:  56%|█████▋    | 113/200 [15:54<12:39,  8.72s/it, -ELBO=1.0072, Potential Metric=0.1132, Entropy Metric=0.0166]

Epoch 113:  69%|██████▉   | 11/16 [00:05<00:02,  1.93it/s][A
Training Epochs:  56%|█████▋    | 113/200 [15:55<12:39,  8.72s/it, -ELBO=1.0020, Potential Metric=0.1156, Entropy Metric=0.0166]

Epoch 113:  75%|███████▌  | 12/16 [00:06<00:02,  1.94it/s][A
Training Epochs:  56%|█████▋    | 113/200 [15:55<12:39,  8.72s/it, -ELBO=1.0101, Potential Metric=0.1198, Entropy Metric=0.0174]

Epoch 113:  81%|████████▏ | 13/16 [00:06<00:01,  1.93it/s][A
Training Epochs:  56%|█████▋    | 113/200 [15:56<12:39,  8.72s/it, -ELBO=0.9985, Potential Metric=0.1123, Entropy Metric=0.0172]

Epoch 113:  88%|████████▊ | 14/16 [00:07<00:01,  1.87it/s][A
Training Epochs:  56%|█████▋    | 113/200 [15:56<12:39,  8.72s/it, -ELBO=0.9997, Potential Metric=0.1183, Entropy Metric=0.0171]

Epoch 113:  94%|█████████▍| 15/16 [00:08<00:00,  1.85it/s][A
Training Epochs:  56%|█████▋    | 113/200 [15:57<12:39,  8.72s/it, -ELBO=0.9874, Potential Metric=0.1143, Entropy Metric=0.0173]

Epoch 113: 100%|██████████| 16/16 [00:08<00:00,  1.76it/s][A

                                                          [A
Training Epochs:  57%|█████▋    | 114/200 [15:57<12:29,  8.71s/it, -ELBO=0.9874, Potential Metric=0.1143, Entropy Metric=0.0173]

Epoch 114:   0%|          | 0/16 [00:00<?, ?it/s][A
Training Epochs:  57%|█████▋    | 114/200 [15:57<12:29,  8.71s/it, -ELBO=0.9975, Potential Metric=0.1196, Entropy Metric=0.0177]

Epoch 114:   6%|▋         | 1/16 [00:00<00:08,  1.68it/s][A
Training Epochs:  57%|█████▋    | 114/200 [15:58<12:29,  8.71s/it, -ELBO=0.9907, Potential Metric=0.1069, Entropy Metric=0.0164]

Epoch 114:  12%|█▎        | 2/16 [00:01<00:07,  1.80it/s][A
Training Epochs:  57%|█████▋    | 114/200 [15:59<12:29,  8.71s/it, -ELBO=0.9696, Potential Metric=0.1308, Entropy Metric=0.0170]

Epoch 114:  19%|█▉        | 3/16 [00:01<00:06,  1.88it/s][A
Training Epochs:  57%|█████▋    | 114/200 [15:59<12:29,  8.71s/it, -ELBO=1.0097, Potential Metric=0.1103, Entropy Metric=0.0164]

Epoch 114:  25%|██▌       | 4/16 [00:02<00:06,  1.92it/s][A
Training Epochs:  57%|█████▋    | 114/200 [16:00<12:29,  8.71s/it, -ELBO=0.9893, Potential Metric=0.1211, Entropy Metric=0.0171]

Epoch 114:  31%|███▏      | 5/16 [00:02<00:05,  1.91it/s][A
Training Epochs:  57%|█████▋    | 114/200 [16:00<12:29,  8.71s/it, -ELBO=0.9854, Potential Metric=0.1208, Entropy Metric=0.0176]

Epoch 114:  38%|███▊      | 6/16 [00:03<00:05,  1.93it/s][A
Training Epochs:  57%|█████▋    | 114/200 [16:01<12:29,  8.71s/it, -ELBO=0.9798, Potential Metric=0.1186, Entropy Metric=0.0175]

Epoch 114:  44%|████▍     | 7/16 [00:03<00:04,  1.89it/s][A
Training Epochs:  57%|█████▋    | 114/200 [16:01<12:29,  8.71s/it, -ELBO=0.9890, Potential Metric=0.1157, Entropy Metric=0.0169]

Epoch 114:  50%|█████     | 8/16 [00:04<00:04,  1.84it/s][A
Training Epochs:  57%|█████▋    | 114/200 [16:02<12:29,  8.71s/it, -ELBO=0.9804, Potential Metric=0.1242, Entropy Metric=0.0173]

Epoch 114:  56%|█████▋    | 9/16 [00:04<00:03,  1.88it/s][A
Training Epochs:  57%|█████▋    | 114/200 [16:02<12:29,  8.71s/it, -ELBO=1.0385, Potential Metric=0.1135, Entropy Metric=0.0181]

Epoch 114:  62%|██████▎   | 10/16 [00:05<00:03,  1.91it/s][A
Training Epochs:  57%|█████▋    | 114/200 [16:03<12:29,  8.71s/it, -ELBO=1.0137, Potential Metric=0.1084, Entropy Metric=0.0167]

Epoch 114:  69%|██████▉   | 11/16 [00:05<00:02,  1.93it/s][A
Training Epochs:  57%|█████▋    | 114/200 [16:03<12:29,  8.71s/it, -ELBO=0.9928, Potential Metric=0.1238, Entropy Metric=0.0185]

Epoch 114:  75%|███████▌  | 12/16 [00:06<00:02,  1.73it/s][A
Training Epochs:  57%|█████▋    | 114/200 [16:04<12:29,  8.71s/it, -ELBO=0.9932, Potential Metric=0.1165, Entropy Metric=0.0179]

Epoch 114:  81%|████████▏ | 13/16 [00:07<00:01,  1.78it/s][A
Training Epochs:  57%|█████▋    | 114/200 [16:04<12:29,  8.71s/it, -ELBO=0.9681, Potential Metric=0.1111, Entropy Metric=0.0173]

Epoch 114:  88%|████████▊ | 14/16 [00:07<00:01,  1.82it/s][A
Training Epochs:  57%|█████▋    | 114/200 [16:05<12:29,  8.71s/it, -ELBO=0.9740, Potential Metric=0.1218, Entropy Metric=0.0186]

Epoch 114:  94%|█████████▍| 15/16 [00:08<00:00,  1.83it/s][A
Training Epochs:  57%|█████▋    | 114/200 [16:06<12:29,  8.71s/it, -ELBO=0.9932, Potential Metric=0.1211, Entropy Metric=0.0180]

Epoch 114: 100%|██████████| 16/16 [00:08<00:00,  1.82it/s][A

                                                          [A
Training Epochs:  57%|█████▊    | 115/200 [16:06<12:21,  8.73s/it, -ELBO=0.9932, Potential Metric=0.1211, Entropy Metric=0.0180]

Epoch 115:   0%|          | 0/16 [00:00<?, ?it/s][A
Training Epochs:  57%|█████▊    | 115/200 [16:06<12:21,  8.73s/it, -ELBO=0.9939, Potential Metric=0.1245, Entropy Metric=0.0177]

Epoch 115:   6%|▋         | 1/16 [00:00<00:09,  1.60it/s][A
Training Epochs:  57%|█████▊    | 115/200 [16:07<12:21,  8.73s/it, -ELBO=0.9868, Potential Metric=0.1238, Entropy Metric=0.0173]

Epoch 115:  12%|█▎        | 2/16 [00:01<00:07,  1.90it/s][A
Training Epochs:  57%|█████▊    | 115/200 [16:07<12:21,  8.73s/it, -ELBO=0.9766, Potential Metric=0.1202, Entropy Metric=0.0167]

Epoch 115:  19%|█▉        | 3/16 [00:01<00:07,  1.84it/s][A
Training Epochs:  57%|█████▊    | 115/200 [16:08<12:21,  8.73s/it, -ELBO=0.9942, Potential Metric=0.1189, Entropy Metric=0.0168]

Epoch 115:  25%|██▌       | 4/16 [00:02<00:06,  1.82it/s][A
Training Epochs:  57%|█████▊    | 115/200 [16:08<12:21,  8.73s/it, -ELBO=0.9685, Potential Metric=0.1192, Entropy Metric=0.0171]

Epoch 115:  31%|███▏      | 5/16 [00:02<00:05,  1.85it/s][A
Training Epochs:  57%|█████▊    | 115/200 [16:09<12:21,  8.73s/it, -ELBO=0.9981, Potential Metric=0.1138, Entropy Metric=0.0158]

Epoch 115:  38%|███▊      | 6/16 [00:03<00:05,  1.79it/s][A
Training Epochs:  57%|█████▊    | 115/200 [16:09<12:21,  8.73s/it, -ELBO=0.9658, Potential Metric=0.1183, Entropy Metric=0.0168]

Epoch 115:  44%|████▍     | 7/16 [00:03<00:04,  1.85it/s][A
Training Epochs:  57%|█████▊    | 115/200 [16:10<12:21,  8.73s/it, -ELBO=1.0061, Potential Metric=0.1123, Entropy Metric=0.0162]

Epoch 115:  50%|█████     | 8/16 [00:04<00:04,  1.87it/s][A
Training Epochs:  57%|█████▊    | 115/200 [16:10<12:21,  8.73s/it, -ELBO=0.9668, Potential Metric=0.1204, Entropy Metric=0.0152]

Epoch 115:  56%|█████▋    | 9/16 [00:04<00:03,  1.91it/s][A
Training Epochs:  57%|█████▊    | 115/200 [16:11<12:21,  8.73s/it, -ELBO=0.9765, Potential Metric=0.1176, Entropy Metric=0.0156]

Epoch 115:  62%|██████▎   | 10/16 [00:05<00:03,  1.90it/s][A
Training Epochs:  57%|█████▊    | 115/200 [16:12<12:21,  8.73s/it, -ELBO=1.0149, Potential Metric=0.1175, Entropy Metric=0.0171]

Epoch 115:  69%|██████▉   | 11/16 [00:05<00:02,  1.88it/s][A
Training Epochs:  57%|█████▊    | 115/200 [16:12<12:21,  8.73s/it, -ELBO=0.9961, Potential Metric=0.1221, Entropy Metric=0.0169]

Epoch 115:  75%|███████▌  | 12/16 [00:06<00:02,  1.86it/s][A
Training Epochs:  57%|█████▊    | 115/200 [16:13<12:21,  8.73s/it, -ELBO=0.9756, Potential Metric=0.1202, Entropy Metric=0.0178]

Epoch 115:  81%|████████▏ | 13/16 [00:06<00:01,  1.90it/s][A
Training Epochs:  57%|█████▊    | 115/200 [16:13<12:21,  8.73s/it, -ELBO=0.9712, Potential Metric=0.1258, Entropy Metric=0.0177]

Epoch 115:  88%|████████▊ | 14/16 [00:07<00:01,  1.92it/s][A
Training Epochs:  57%|█████▊    | 115/200 [16:14<12:21,  8.73s/it, -ELBO=1.0019, Potential Metric=0.1150, Entropy Metric=0.0164]

Epoch 115:  94%|█████████▍| 15/16 [00:08<00:00,  1.90it/s][A
Training Epochs:  57%|█████▊    | 115/200 [16:14<12:21,  8.73s/it, -ELBO=0.9943, Potential Metric=0.1187, Entropy Metric=0.0178]

Epoch 115: 100%|██████████| 16/16 [00:08<00:00,  1.92it/s][A

                                                          [A
Training Epochs:  58%|█████▊    | 116/200 [16:14<12:10,  8.70s/it, -ELBO=0.9943, Potential Metric=0.1187, Entropy Metric=0.0178]

Epoch 116:   0%|          | 0/16 [00:00<?, ?it/s][A
Training Epochs:  58%|█████▊    | 116/200 [16:15<12:10,  8.70s/it, -ELBO=0.9678, Potential Metric=0.1167, Entropy Metric=0.0165]

Epoch 116:   6%|▋         | 1/16 [00:00<00:08,  1.78it/s][A
Training Epochs:  58%|█████▊    | 116/200 [16:15<12:10,  8.70s/it, -ELBO=0.9811, Potential Metric=0.1186, Entropy Metric=0.0160]

Epoch 116:  12%|█▎        | 2/16 [00:01<00:07,  1.80it/s][A
Training Epochs:  58%|█████▊    | 116/200 [16:16<12:10,  8.70s/it, -ELBO=0.9996, Potential Metric=0.1304, Entropy Metric=0.0163]

Epoch 116:  19%|█▉        | 3/16 [00:01<00:07,  1.78it/s][A
Training Epochs:  58%|█████▊    | 116/200 [16:16<12:10,  8.70s/it, -ELBO=0.9597, Potential Metric=0.1247, Entropy Metric=0.0163]

Epoch 116:  25%|██▌       | 4/16 [00:02<00:06,  1.82it/s][A
Training Epochs:  58%|█████▊    | 116/200 [16:17<12:10,  8.70s/it, -ELBO=0.9696, Potential Metric=0.1165, Entropy Metric=0.0154]

Epoch 116:  31%|███▏      | 5/16 [00:02<00:05,  1.96it/s][A
Training Epochs:  58%|█████▊    | 116/200 [16:18<12:10,  8.70s/it, -ELBO=0.9983, Potential Metric=0.1153, Entropy Metric=0.0160]

Epoch 116:  38%|███▊      | 6/16 [00:03<00:05,  1.84it/s][A
Training Epochs:  58%|█████▊    | 116/200 [16:18<12:10,  8.70s/it, -ELBO=0.9907, Potential Metric=0.1063, Entropy Metric=0.0154]

Epoch 116:  44%|████▍     | 7/16 [00:03<00:04,  1.85it/s][A
Training Epochs:  58%|█████▊    | 116/200 [16:19<12:10,  8.70s/it, -ELBO=0.9751, Potential Metric=0.1170, Entropy Metric=0.0171]

Epoch 116:  50%|█████     | 8/16 [00:04<00:04,  1.88it/s][A
Training Epochs:  58%|█████▊    | 116/200 [16:19<12:10,  8.70s/it, -ELBO=1.0047, Potential Metric=0.1090, Entropy Metric=0.0165]

Epoch 116:  56%|█████▋    | 9/16 [00:04<00:03,  1.86it/s][A
Training Epochs:  58%|█████▊    | 116/200 [16:20<12:10,  8.70s/it, -ELBO=0.9445, Potential Metric=0.1294, Entropy Metric=0.0184]

Epoch 116:  62%|██████▎   | 10/16 [00:05<00:03,  1.85it/s][A
Training Epochs:  58%|█████▊    | 116/200 [16:20<12:10,  8.70s/it, -ELBO=0.9857, Potential Metric=0.1166, Entropy Metric=0.0172]

Epoch 116:  69%|██████▉   | 11/16 [00:05<00:02,  1.85it/s][A
Training Epochs:  58%|█████▊    | 116/200 [16:21<12:10,  8.70s/it, -ELBO=0.9764, Potential Metric=0.1162, Entropy Metric=0.0171]

Epoch 116:  75%|███████▌  | 12/16 [00:06<00:02,  1.87it/s][A
Training Epochs:  58%|█████▊    | 116/200 [16:21<12:10,  8.70s/it, -ELBO=0.9810, Potential Metric=0.1177, Entropy Metric=0.0162]

Epoch 116:  81%|████████▏ | 13/16 [00:07<00:01,  1.84it/s][A
Training Epochs:  58%|█████▊    | 116/200 [16:22<12:10,  8.70s/it, -ELBO=0.9988, Potential Metric=0.1080, Entropy Metric=0.0166]

Epoch 116:  88%|████████▊ | 14/16 [00:07<00:01,  1.85it/s][A
Training Epochs:  58%|█████▊    | 116/200 [16:22<12:10,  8.70s/it, -ELBO=0.9643, Potential Metric=0.1139, Entropy Metric=0.0160]

Epoch 116:  94%|█████████▍| 15/16 [00:08<00:00,  1.90it/s][A
Training Epochs:  58%|█████▊    | 116/200 [16:23<12:10,  8.70s/it, -ELBO=0.9964, Potential Metric=0.1144, Entropy Metric=0.0168]

Epoch 116: 100%|██████████| 16/16 [00:08<00:00,  1.85it/s][A

                                                          [A
Training Epochs:  58%|█████▊    | 117/200 [16:23<12:02,  8.70s/it, -ELBO=0.9964, Potential Metric=0.1144, Entropy Metric=0.0168]

Epoch 117:   0%|          | 0/16 [00:00<?, ?it/s][A
Training Epochs:  58%|█████▊    | 117/200 [16:24<12:02,  8.70s/it, -ELBO=1.0272, Potential Metric=0.1136, Entropy Metric=0.0179]

Epoch 117:   6%|▋         | 1/16 [00:00<00:08,  1.68it/s][A
Training Epochs:  58%|█████▊    | 117/200 [16:24<12:02,  8.70s/it, -ELBO=1.0003, Potential Metric=0.1205, Entropy Metric=0.0180]

Epoch 117:  12%|█▎        | 2/16 [00:01<00:07,  1.80it/s][A
Training Epochs:  58%|█████▊    | 117/200 [16:25<12:02,  8.70s/it, -ELBO=0.9978, Potential Metric=0.1245, Entropy Metric=0.0178]

Epoch 117:  19%|█▉        | 3/16 [00:01<00:07,  1.82it/s][A
Training Epochs:  58%|█████▊    | 117/200 [16:25<12:02,  8.70s/it, -ELBO=0.9752, Potential Metric=0.1153, Entropy Metric=0.0175]

Epoch 117:  25%|██▌       | 4/16 [00:02<00:06,  1.85it/s][A
Training Epochs:  58%|█████▊    | 117/200 [16:26<12:02,  8.70s/it, -ELBO=0.9561, Potential Metric=0.1191, Entropy Metric=0.0175]

Epoch 117:  31%|███▏      | 5/16 [00:02<00:05,  1.87it/s][A
Training Epochs:  58%|█████▊    | 117/200 [16:26<12:02,  8.70s/it, -ELBO=0.9365, Potential Metric=0.1167, Entropy Metric=0.0167]

Epoch 117:  38%|███▊      | 6/16 [00:03<00:05,  1.89it/s][A
Training Epochs:  58%|█████▊    | 117/200 [16:27<12:02,  8.70s/it, -ELBO=0.9663, Potential Metric=0.1131, Entropy Metric=0.0173]

Epoch 117:  44%|████▍     | 7/16 [00:03<00:04,  1.87it/s][A
Training Epochs:  58%|█████▊    | 117/200 [16:27<12:02,  8.70s/it, -ELBO=0.9539, Potential Metric=0.1237, Entropy Metric=0.0183]

Epoch 117:  50%|█████     | 8/16 [00:04<00:04,  1.85it/s][A
Training Epochs:  58%|█████▊    | 117/200 [16:28<12:02,  8.70s/it, -ELBO=0.9548, Potential Metric=0.1107, Entropy Metric=0.0172]

Epoch 117:  56%|█████▋    | 9/16 [00:04<00:03,  1.82it/s][A
Training Epochs:  58%|█████▊    | 117/200 [16:28<12:02,  8.70s/it, -ELBO=1.0079, Potential Metric=0.1133, Entropy Metric=0.0177]

Epoch 117:  62%|██████▎   | 10/16 [00:05<00:03,  1.76it/s][A
Training Epochs:  58%|█████▊    | 117/200 [16:29<12:02,  8.70s/it, -ELBO=0.9562, Potential Metric=0.1182, Entropy Metric=0.0163]

Epoch 117:  69%|██████▉   | 11/16 [00:06<00:02,  1.77it/s][A
Training Epochs:  58%|█████▊    | 117/200 [16:30<12:02,  8.70s/it, -ELBO=0.9906, Potential Metric=0.1154, Entropy Metric=0.0177]

Epoch 117:  75%|███████▌  | 12/16 [00:06<00:02,  1.61it/s][A
Training Epochs:  58%|█████▊    | 117/200 [16:30<12:02,  8.70s/it, -ELBO=0.9826, Potential Metric=0.1166, Entropy Metric=0.0183]

Epoch 117:  81%|████████▏ | 13/16 [00:07<00:01,  1.64it/s][A
Training Epochs:  58%|█████▊    | 117/200 [16:31<12:02,  8.70s/it, -ELBO=0.9687, Potential Metric=0.1147, Entropy Metric=0.0172]

Epoch 117:  88%|████████▊ | 14/16 [00:07<00:01,  1.73it/s][A
Training Epochs:  58%|█████▊    | 117/200 [16:31<12:02,  8.70s/it, -ELBO=0.9611, Potential Metric=0.1123, Entropy Metric=0.0170]

Epoch 117:  94%|█████████▍| 15/16 [00:08<00:00,  1.71it/s][A
Training Epochs:  58%|█████▊    | 117/200 [16:32<12:02,  8.70s/it, -ELBO=0.9555, Potential Metric=0.1153, Entropy Metric=0.0181]

Epoch 117: 100%|██████████| 16/16 [00:09<00:00,  1.73it/s][A

                                                          [A
Training Epochs:  59%|█████▉    | 118/200 [16:32<12:03,  8.82s/it, -ELBO=0.9555, Potential Metric=0.1153, Entropy Metric=0.0181]

Epoch 118:   0%|          | 0/16 [00:00<?, ?it/s][A
Training Epochs:  59%|█████▉    | 118/200 [16:33<12:03,  8.82s/it, -ELBO=0.9726, Potential Metric=0.1300, Entropy Metric=0.0180]

Epoch 118:   6%|▋         | 1/16 [00:00<00:09,  1.61it/s][A
Training Epochs:  59%|█████▉    | 118/200 [16:33<12:03,  8.82s/it, -ELBO=0.9399, Potential Metric=0.1220, Entropy Metric=0.0165]

Epoch 118:  12%|█▎        | 2/16 [00:01<00:07,  1.94it/s][A
Training Epochs:  59%|█████▉    | 118/200 [16:34<12:03,  8.82s/it, -ELBO=0.9802, Potential Metric=0.1119, Entropy Metric=0.0166]

Epoch 118:  19%|█▉        | 3/16 [00:01<00:06,  1.89it/s][A
Training Epochs:  59%|█████▉    | 118/200 [16:34<12:03,  8.82s/it, -ELBO=1.0096, Potential Metric=0.1136, Entropy Metric=0.0189]

Epoch 118:  25%|██▌       | 4/16 [00:02<00:06,  1.87it/s][A
Training Epochs:  59%|█████▉    | 118/200 [16:35<12:03,  8.82s/it, -ELBO=0.9668, Potential Metric=0.1219, Entropy Metric=0.0170]

Epoch 118:  31%|███▏      | 5/16 [00:02<00:05,  1.87it/s][A
Training Epochs:  59%|█████▉    | 118/200 [16:35<12:03,  8.82s/it, -ELBO=0.9550, Potential Metric=0.1250, Entropy Metric=0.0196]

Epoch 118:  38%|███▊      | 6/16 [00:03<00:05,  1.91it/s][A
Training Epochs:  59%|█████▉    | 118/200 [16:36<12:03,  8.82s/it, -ELBO=0.9655, Potential Metric=0.1158, Entropy Metric=0.0184]

Epoch 118:  44%|████▍     | 7/16 [00:03<00:04,  1.98it/s][A
Training Epochs:  59%|█████▉    | 118/200 [16:36<12:03,  8.82s/it, -ELBO=0.9912, Potential Metric=0.1206, Entropy Metric=0.0184]

Epoch 118:  50%|█████     | 8/16 [00:04<00:04,  1.95it/s][A
Training Epochs:  59%|█████▉    | 118/200 [16:37<12:03,  8.82s/it, -ELBO=0.9616, Potential Metric=0.1337, Entropy Metric=0.0188]

Epoch 118:  56%|█████▋    | 9/16 [00:04<00:03,  1.91it/s][A
Training Epochs:  59%|█████▉    | 118/200 [16:37<12:03,  8.82s/it, -ELBO=0.9882, Potential Metric=0.1028, Entropy Metric=0.0167]

Epoch 118:  62%|██████▎   | 10/16 [00:05<00:03,  1.88it/s][A
Training Epochs:  59%|█████▉    | 118/200 [16:38<12:03,  8.82s/it, -ELBO=0.9409, Potential Metric=0.1164, Entropy Metric=0.0173]

Epoch 118:  69%|██████▉   | 11/16 [00:05<00:02,  1.84it/s][A
Training Epochs:  59%|█████▉    | 118/200 [16:38<12:03,  8.82s/it, -ELBO=0.9586, Potential Metric=0.1122, Entropy Metric=0.0168]

Epoch 118:  75%|███████▌  | 12/16 [00:06<00:02,  1.88it/s][A
Training Epochs:  59%|█████▉    | 118/200 [16:39<12:03,  8.82s/it, -ELBO=0.9803, Potential Metric=0.1164, Entropy Metric=0.0177]

Epoch 118:  81%|████████▏ | 13/16 [00:06<00:01,  1.92it/s][A
Training Epochs:  59%|█████▉    | 118/200 [16:39<12:03,  8.82s/it, -ELBO=0.9718, Potential Metric=0.1195, Entropy Metric=0.0187]

Epoch 118:  88%|████████▊ | 14/16 [00:07<00:01,  1.90it/s][A
Training Epochs:  59%|█████▉    | 118/200 [16:40<12:03,  8.82s/it, -ELBO=0.9630, Potential Metric=0.1150, Entropy Metric=0.0176]

Epoch 118:  94%|█████████▍| 15/16 [00:07<00:00,  1.94it/s][A
Training Epochs:  59%|█████▉    | 118/200 [16:40<12:03,  8.82s/it, -ELBO=0.9638, Potential Metric=0.1097, Entropy Metric=0.0172]

Epoch 118: 100%|██████████| 16/16 [00:08<00:00,  1.89it/s][A

                                                          [A
Training Epochs:  60%|█████▉    | 119/200 [16:40<11:46,  8.72s/it, -ELBO=0.9638, Potential Metric=0.1097, Entropy Metric=0.0172]

Epoch 119:   0%|          | 0/16 [00:00<?, ?it/s][A
Training Epochs:  60%|█████▉    | 119/200 [16:41<11:46,  8.72s/it, -ELBO=0.9395, Potential Metric=0.1216, Entropy Metric=0.0179]

Epoch 119:   6%|▋         | 1/16 [00:00<00:08,  1.85it/s][A
Training Epochs:  60%|█████▉    | 119/200 [16:42<11:46,  8.72s/it, -ELBO=0.9877, Potential Metric=0.1161, Entropy Metric=0.0166]

Epoch 119:  12%|█▎        | 2/16 [00:01<00:07,  1.82it/s][A
Training Epochs:  60%|█████▉    | 119/200 [16:42<11:46,  8.72s/it, -ELBO=0.9819, Potential Metric=0.1185, Entropy Metric=0.0182]

Epoch 119:  19%|█▉        | 3/16 [00:01<00:07,  1.85it/s][A
Training Epochs:  60%|█████▉    | 119/200 [16:43<11:46,  8.72s/it, -ELBO=0.9761, Potential Metric=0.1185, Entropy Metric=0.0191]

Epoch 119:  25%|██▌       | 4/16 [00:02<00:06,  1.89it/s][A
Training Epochs:  60%|█████▉    | 119/200 [16:43<11:46,  8.72s/it, -ELBO=0.9655, Potential Metric=0.1104, Entropy Metric=0.0171]

Epoch 119:  31%|███▏      | 5/16 [00:02<00:06,  1.81it/s][A
Training Epochs:  60%|█████▉    | 119/200 [16:44<11:46,  8.72s/it, -ELBO=0.9618, Potential Metric=0.1188, Entropy Metric=0.0179]

Epoch 119:  38%|███▊      | 6/16 [00:03<00:05,  1.90it/s][A
Training Epochs:  60%|█████▉    | 119/200 [16:44<11:46,  8.72s/it, -ELBO=0.9543, Potential Metric=0.1344, Entropy Metric=0.0187]

Epoch 119:  44%|████▍     | 7/16 [00:03<00:04,  1.91it/s][A
Training Epochs:  60%|█████▉    | 119/200 [16:45<11:46,  8.72s/it, -ELBO=0.9647, Potential Metric=0.1362, Entropy Metric=0.0185]

Epoch 119:  50%|█████     | 8/16 [00:04<00:04,  1.97it/s][A
Training Epochs:  60%|█████▉    | 119/200 [16:45<11:46,  8.72s/it, -ELBO=0.9395, Potential Metric=0.1200, Entropy Metric=0.0169]

Epoch 119:  56%|█████▋    | 9/16 [00:04<00:03,  1.90it/s][A
Training Epochs:  60%|█████▉    | 119/200 [16:46<11:46,  8.72s/it, -ELBO=0.9522, Potential Metric=0.1270, Entropy Metric=0.0168]

Epoch 119:  62%|██████▎   | 10/16 [00:05<00:03,  1.95it/s][A
Training Epochs:  60%|█████▉    | 119/200 [16:46<11:46,  8.72s/it, -ELBO=0.9748, Potential Metric=0.1079, Entropy Metric=0.0165]

Epoch 119:  69%|██████▉   | 11/16 [00:05<00:02,  2.02it/s][A
Training Epochs:  60%|█████▉    | 119/200 [16:47<11:46,  8.72s/it, -ELBO=0.9485, Potential Metric=0.1160, Entropy Metric=0.0164]

Epoch 119:  75%|███████▌  | 12/16 [00:06<00:02,  1.98it/s][A
Training Epochs:  60%|█████▉    | 119/200 [16:47<11:46,  8.72s/it, -ELBO=0.9890, Potential Metric=0.1114, Entropy Metric=0.0172]

Epoch 119:  81%|████████▏ | 13/16 [00:06<00:01,  1.96it/s][A
Training Epochs:  60%|█████▉    | 119/200 [16:48<11:46,  8.72s/it, -ELBO=0.9611, Potential Metric=0.1174, Entropy Metric=0.0176]

Epoch 119:  88%|████████▊ | 14/16 [00:07<00:01,  1.98it/s][A
Training Epochs:  60%|█████▉    | 119/200 [16:48<11:46,  8.72s/it, -ELBO=0.9596, Potential Metric=0.1179, Entropy Metric=0.0170]

Epoch 119:  94%|█████████▍| 15/16 [00:07<00:00,  1.96it/s][A
Training Epochs:  60%|█████▉    | 119/200 [16:49<11:46,  8.72s/it, -ELBO=0.9898, Potential Metric=0.1086, Entropy Metric=0.0178]

Epoch 119: 100%|██████████| 16/16 [00:08<00:00,  1.93it/s][A

                                                          [A
Training Epochs:  60%|██████    | 120/200 [16:49<11:28,  8.61s/it, -ELBO=0.9898, Potential Metric=0.1086, Entropy Metric=0.0178]

Epoch 120:   0%|          | 0/16 [00:00<?, ?it/s][A
Training Epochs:  60%|██████    | 120/200 [16:49<11:28,  8.61s/it, -ELBO=0.9428, Potential Metric=0.1201, Entropy Metric=0.0174]

Epoch 120:   6%|▋         | 1/16 [00:00<00:08,  1.85it/s][A
Training Epochs:  60%|██████    | 120/200 [16:50<11:28,  8.61s/it, -ELBO=0.9354, Potential Metric=0.1186, Entropy Metric=0.0165]

Epoch 120:  12%|█▎        | 2/16 [00:01<00:07,  1.88it/s][A
Training Epochs:  60%|██████    | 120/200 [16:50<11:28,  8.61s/it, -ELBO=0.9901, Potential Metric=0.1193, Entropy Metric=0.0173]

Epoch 120:  19%|█▉        | 3/16 [00:01<00:07,  1.85it/s][A
Training Epochs:  60%|██████    | 120/200 [16:51<11:28,  8.61s/it, -ELBO=0.9371, Potential Metric=0.1309, Entropy Metric=0.0166]

Epoch 120:  25%|██▌       | 4/16 [00:02<00:06,  1.81it/s][A
Training Epochs:  60%|██████    | 120/200 [16:52<11:28,  8.61s/it, -ELBO=0.9543, Potential Metric=0.1214, Entropy Metric=0.0184]

Epoch 120:  31%|███▏      | 5/16 [00:02<00:06,  1.82it/s][A
Training Epochs:  60%|██████    | 120/200 [16:52<11:28,  8.61s/it, -ELBO=0.9725, Potential Metric=0.1172, Entropy Metric=0.0164]

Epoch 120:  38%|███▊      | 6/16 [00:03<00:05,  1.86it/s][A
Training Epochs:  60%|██████    | 120/200 [16:53<11:28,  8.61s/it, -ELBO=0.9443, Potential Metric=0.1227, Entropy Metric=0.0180]

Epoch 120:  44%|████▍     | 7/16 [00:03<00:04,  1.91it/s][A
Training Epochs:  60%|██████    | 120/200 [16:53<11:28,  8.61s/it, -ELBO=0.9744, Potential Metric=0.1303, Entropy Metric=0.0191]

Epoch 120:  50%|█████     | 8/16 [00:04<00:04,  1.94it/s][A
Training Epochs:  60%|██████    | 120/200 [16:54<11:28,  8.61s/it, -ELBO=0.9653, Potential Metric=0.1139, Entropy Metric=0.0195]

Epoch 120:  56%|█████▋    | 9/16 [00:04<00:03,  1.76it/s][A
Training Epochs:  60%|██████    | 120/200 [16:54<11:28,  8.61s/it, -ELBO=0.9483, Potential Metric=0.1103, Entropy Metric=0.0187]

Epoch 120:  62%|██████▎   | 10/16 [00:05<00:03,  1.83it/s][A
Training Epochs:  60%|██████    | 120/200 [16:55<11:28,  8.61s/it, -ELBO=0.9422, Potential Metric=0.1162, Entropy Metric=0.0198]

Epoch 120:  69%|██████▉   | 11/16 [00:05<00:02,  1.86it/s][A
Training Epochs:  60%|██████    | 120/200 [16:55<11:28,  8.61s/it, -ELBO=0.9515, Potential Metric=0.1154, Entropy Metric=0.0192]

Epoch 120:  75%|███████▌  | 12/16 [00:06<00:02,  1.83it/s][A
Training Epochs:  60%|██████    | 120/200 [16:56<11:28,  8.61s/it, -ELBO=0.9570, Potential Metric=0.1208, Entropy Metric=0.0185]

Epoch 120:  81%|████████▏ | 13/16 [00:06<00:01,  1.90it/s][A
Training Epochs:  60%|██████    | 120/200 [16:56<11:28,  8.61s/it, -ELBO=0.9919, Potential Metric=0.1236, Entropy Metric=0.0188]

Epoch 120:  88%|████████▊ | 14/16 [00:07<00:01,  1.90it/s][A
Training Epochs:  60%|██████    | 120/200 [16:57<11:28,  8.61s/it, -ELBO=0.9478, Potential Metric=0.1202, Entropy Metric=0.0180]

Epoch 120:  94%|█████████▍| 15/16 [00:08<00:00,  1.93it/s][A
Training Epochs:  60%|██████    | 120/200 [16:57<11:28,  8.61s/it, -ELBO=0.9609, Potential Metric=0.1214, Entropy Metric=0.0174]

Epoch 120: 100%|██████████| 16/16 [00:08<00:00,  2.00it/s][A

                                                          [A
Training Epochs:  60%|██████    | 121/200 [16:57<11:17,  8.57s/it, -ELBO=0.9609, Potential Metric=0.1214, Entropy Metric=0.0174]

Epoch 121:   0%|          | 0/16 [00:00<?, ?it/s][A
Training Epochs:  60%|██████    | 121/200 [16:58<11:17,  8.57s/it, -ELBO=0.9418, Potential Metric=0.1302, Entropy Metric=0.0173]

Epoch 121:   6%|▋         | 1/16 [00:00<00:08,  1.84it/s][A
Training Epochs:  60%|██████    | 121/200 [16:58<11:17,  8.57s/it, -ELBO=0.9400, Potential Metric=0.1320, Entropy Metric=0.0176]

Epoch 121:  12%|█▎        | 2/16 [00:01<00:07,  1.91it/s][A
Training Epochs:  60%|██████    | 121/200 [16:59<11:17,  8.57s/it, -ELBO=0.9416, Potential Metric=0.1190, Entropy Metric=0.0169]

Epoch 121:  19%|█▉        | 3/16 [00:01<00:07,  1.82it/s][A
Training Epochs:  60%|██████    | 121/200 [17:00<11:17,  8.57s/it, -ELBO=0.9507, Potential Metric=0.1254, Entropy Metric=0.0178]

Epoch 121:  25%|██▌       | 4/16 [00:02<00:06,  1.80it/s][A
Training Epochs:  60%|██████    | 121/200 [17:00<11:17,  8.57s/it, -ELBO=0.9483, Potential Metric=0.1178, Entropy Metric=0.0183]

Epoch 121:  31%|███▏      | 5/16 [00:02<00:05,  1.86it/s][A
Training Epochs:  60%|██████    | 121/200 [17:01<11:17,  8.57s/it, -ELBO=0.9436, Potential Metric=0.1153, Entropy Metric=0.0169]

Epoch 121:  38%|███▊      | 6/16 [00:03<00:05,  1.83it/s][A
Training Epochs:  60%|██████    | 121/200 [17:01<11:17,  8.57s/it, -ELBO=0.9683, Potential Metric=0.1132, Entropy Metric=0.0173]

Epoch 121:  44%|████▍     | 7/16 [00:03<00:04,  1.90it/s][A
Training Epochs:  60%|██████    | 121/200 [17:02<11:17,  8.57s/it, -ELBO=0.9579, Potential Metric=0.1173, Entropy Metric=0.0170]

Epoch 121:  50%|█████     | 8/16 [00:04<00:04,  1.87it/s][A
Training Epochs:  60%|██████    | 121/200 [17:02<11:17,  8.57s/it, -ELBO=0.9858, Potential Metric=0.1181, Entropy Metric=0.0175]

Epoch 121:  56%|█████▋    | 9/16 [00:04<00:03,  1.90it/s][A
Training Epochs:  60%|██████    | 121/200 [17:03<11:17,  8.57s/it, -ELBO=0.9627, Potential Metric=0.1269, Entropy Metric=0.0184]

Epoch 121:  62%|██████▎   | 10/16 [00:05<00:03,  1.88it/s][A
Training Epochs:  60%|██████    | 121/200 [17:03<11:17,  8.57s/it, -ELBO=0.9390, Potential Metric=0.1176, Entropy Metric=0.0179]

Epoch 121:  69%|██████▉   | 11/16 [00:05<00:02,  1.91it/s][A
Training Epochs:  60%|██████    | 121/200 [17:04<11:17,  8.57s/it, -ELBO=0.9436, Potential Metric=0.1225, Entropy Metric=0.0178]

Epoch 121:  75%|███████▌  | 12/16 [00:06<00:02,  1.99it/s][A
Training Epochs:  60%|██████    | 121/200 [17:04<11:17,  8.57s/it, -ELBO=0.9430, Potential Metric=0.1153, Entropy Metric=0.0174]

Epoch 121:  81%|████████▏ | 13/16 [00:06<00:01,  1.98it/s][A
Training Epochs:  60%|██████    | 121/200 [17:05<11:17,  8.57s/it, -ELBO=0.9456, Potential Metric=0.1247, Entropy Metric=0.0192]

Epoch 121:  88%|████████▊ | 14/16 [00:07<00:00,  2.04it/s][A
Training Epochs:  60%|██████    | 121/200 [17:05<11:17,  8.57s/it, -ELBO=0.9768, Potential Metric=0.1165, Entropy Metric=0.0200]

Epoch 121:  94%|█████████▍| 15/16 [00:07<00:00,  2.02it/s][A
Training Epochs:  60%|██████    | 121/200 [17:06<11:17,  8.57s/it, -ELBO=0.9805, Potential Metric=0.1116, Entropy Metric=0.0189]

Epoch 121: 100%|██████████| 16/16 [00:08<00:00,  1.93it/s][A

                                                          [A
Training Epochs:  61%|██████    | 122/200 [17:06<11:04,  8.53s/it, -ELBO=0.9805, Potential Metric=0.1116, Entropy Metric=0.0189]

Epoch 122:   0%|          | 0/16 [00:00<?, ?it/s][A
Training Epochs:  61%|██████    | 122/200 [17:06<11:04,  8.53s/it, -ELBO=0.9458, Potential Metric=0.1195, Entropy Metric=0.0188]

Epoch 122:   6%|▋         | 1/16 [00:00<00:08,  1.84it/s][A
Training Epochs:  61%|██████    | 122/200 [17:07<11:04,  8.53s/it, -ELBO=0.9650, Potential Metric=0.1143, Entropy Metric=0.0188]

Epoch 122:  12%|█▎        | 2/16 [00:01<00:07,  1.79it/s][A
Training Epochs:  61%|██████    | 122/200 [17:07<11:04,  8.53s/it, -ELBO=0.9344, Potential Metric=0.1086, Entropy Metric=0.0167]

Epoch 122:  19%|█▉        | 3/16 [00:01<00:06,  1.87it/s][A
Training Epochs:  61%|██████    | 122/200 [17:08<11:04,  8.53s/it, -ELBO=0.9433, Potential Metric=0.1201, Entropy Metric=0.0168]

Epoch 122:  25%|██▌       | 4/16 [00:02<00:06,  1.90it/s][A
Training Epochs:  61%|██████    | 122/200 [17:08<11:04,  8.53s/it, -ELBO=0.9858, Potential Metric=0.1124, Entropy Metric=0.0170]

Epoch 122:  31%|███▏      | 5/16 [00:02<00:05,  1.91it/s][A
Training Epochs:  61%|██████    | 122/200 [17:09<11:04,  8.53s/it, -ELBO=0.9092, Potential Metric=0.1278, Entropy Metric=0.0172]

Epoch 122:  38%|███▊      | 6/16 [00:03<00:05,  1.89it/s][A
Training Epochs:  61%|██████    | 122/200 [17:09<11:04,  8.53s/it, -ELBO=0.9528, Potential Metric=0.1080, Entropy Metric=0.0171]

Epoch 122:  44%|████▍     | 7/16 [00:03<00:04,  1.95it/s][A
Training Epochs:  61%|██████    | 122/200 [17:10<11:04,  8.53s/it, -ELBO=0.9656, Potential Metric=0.1163, Entropy Metric=0.0170]

Epoch 122:  50%|█████     | 8/16 [00:04<00:04,  1.97it/s][A
Training Epochs:  61%|██████    | 122/200 [17:10<11:04,  8.53s/it, -ELBO=0.9521, Potential Metric=0.1149, Entropy Metric=0.0165]

Epoch 122:  56%|█████▋    | 9/16 [00:04<00:03,  1.95it/s][A
Training Epochs:  61%|██████    | 122/200 [17:11<11:04,  8.53s/it, -ELBO=0.9343, Potential Metric=0.1225, Entropy Metric=0.0185]

Epoch 122:  62%|██████▎   | 10/16 [00:05<00:03,  1.91it/s][A
Training Epochs:  61%|██████    | 122/200 [17:11<11:04,  8.53s/it, -ELBO=0.9628, Potential Metric=0.1174, Entropy Metric=0.0175]

Epoch 122:  69%|██████▉   | 11/16 [00:05<00:02,  1.97it/s][A
Training Epochs:  61%|██████    | 122/200 [17:12<11:04,  8.53s/it, -ELBO=0.9531, Potential Metric=0.1225, Entropy Metric=0.0161]

Epoch 122:  75%|███████▌  | 12/16 [00:06<00:02,  1.97it/s][A
Training Epochs:  61%|██████    | 122/200 [17:12<11:04,  8.53s/it, -ELBO=0.9181, Potential Metric=0.1341, Entropy Metric=0.0181]

Epoch 122:  81%|████████▏ | 13/16 [00:06<00:01,  2.00it/s][A
Training Epochs:  61%|██████    | 122/200 [17:13<11:04,  8.53s/it, -ELBO=0.9364, Potential Metric=0.1167, Entropy Metric=0.0174]

Epoch 122:  88%|████████▊ | 14/16 [00:07<00:01,  1.94it/s][A
Training Epochs:  61%|██████    | 122/200 [17:14<11:04,  8.53s/it, -ELBO=0.9453, Potential Metric=0.1208, Entropy Metric=0.0184]

Epoch 122:  94%|█████████▍| 15/16 [00:07<00:00,  1.92it/s][A
Training Epochs:  61%|██████    | 122/200 [17:14<11:04,  8.53s/it, -ELBO=0.9417, Potential Metric=0.1168, Entropy Metric=0.0173]

Epoch 122: 100%|██████████| 16/16 [00:08<00:00,  1.95it/s][A

                                                          [A
Training Epochs:  62%|██████▏   | 123/200 [17:14<10:51,  8.46s/it, -ELBO=0.9417, Potential Metric=0.1168, Entropy Metric=0.0173]

Epoch 123:   0%|          | 0/16 [00:00<?, ?it/s][A
Training Epochs:  62%|██████▏   | 123/200 [17:15<10:51,  8.46s/it, -ELBO=0.9715, Potential Metric=0.1034, Entropy Metric=0.0172]

Epoch 123:   6%|▋         | 1/16 [00:00<00:08,  1.77it/s][A
Training Epochs:  62%|██████▏   | 123/200 [17:15<10:51,  8.46s/it, -ELBO=0.9361, Potential Metric=0.1091, Entropy Metric=0.0174]

Epoch 123:  12%|█▎        | 2/16 [00:01<00:07,  1.87it/s][A
Training Epochs:  62%|██████▏   | 123/200 [17:16<10:51,  8.46s/it, -ELBO=0.9707, Potential Metric=0.1142, Entropy Metric=0.0184]

Epoch 123:  19%|█▉        | 3/16 [00:01<00:06,  1.91it/s][A
Training Epochs:  62%|██████▏   | 123/200 [17:16<10:51,  8.46s/it, -ELBO=0.9477, Potential Metric=0.1249, Entropy Metric=0.0175]

Epoch 123:  25%|██▌       | 4/16 [00:02<00:06,  2.00it/s][A
Training Epochs:  62%|██████▏   | 123/200 [17:17<10:51,  8.46s/it, -ELBO=0.9489, Potential Metric=0.1154, Entropy Metric=0.0172]

Epoch 123:  31%|███▏      | 5/16 [00:02<00:05,  2.03it/s][A
Training Epochs:  62%|██████▏   | 123/200 [17:17<10:51,  8.46s/it, -ELBO=0.9645, Potential Metric=0.1194, Entropy Metric=0.0175]

Epoch 123:  38%|███▊      | 6/16 [00:03<00:05,  1.89it/s][A
Training Epochs:  62%|██████▏   | 123/200 [17:18<10:51,  8.46s/it, -ELBO=0.9092, Potential Metric=0.1288, Entropy Metric=0.0175]

Epoch 123:  44%|████▍     | 7/16 [00:03<00:04,  1.96it/s][A
Training Epochs:  62%|██████▏   | 123/200 [17:18<10:51,  8.46s/it, -ELBO=0.9422, Potential Metric=0.1207, Entropy Metric=0.0167]

Epoch 123:  50%|█████     | 8/16 [00:04<00:04,  1.91it/s][A
Training Epochs:  62%|██████▏   | 123/200 [17:19<10:51,  8.46s/it, -ELBO=0.9533, Potential Metric=0.1155, Entropy Metric=0.0174]

Epoch 123:  56%|█████▋    | 9/16 [00:04<00:03,  1.82it/s][A
Training Epochs:  62%|██████▏   | 123/200 [17:19<10:51,  8.46s/it, -ELBO=0.9448, Potential Metric=0.1139, Entropy Metric=0.0183]

Epoch 123:  62%|██████▎   | 10/16 [00:05<00:03,  1.85it/s][A
Training Epochs:  62%|██████▏   | 123/200 [17:20<10:51,  8.46s/it, -ELBO=0.9245, Potential Metric=0.1137, Entropy Metric=0.0186]

Epoch 123:  69%|██████▉   | 11/16 [00:05<00:02,  1.83it/s][A
Training Epochs:  62%|██████▏   | 123/200 [17:20<10:51,  8.46s/it, -ELBO=0.9325, Potential Metric=0.1181, Entropy Metric=0.0187]

Epoch 123:  75%|███████▌  | 12/16 [00:06<00:02,  1.82it/s][A
Training Epochs:  62%|██████▏   | 123/200 [17:21<10:51,  8.46s/it, -ELBO=0.9328, Potential Metric=0.1161, Entropy Metric=0.0180]

Epoch 123:  81%|████████▏ | 13/16 [00:06<00:01,  1.80it/s][A
Training Epochs:  62%|██████▏   | 123/200 [17:22<10:51,  8.46s/it, -ELBO=0.9534, Potential Metric=0.1143, Entropy Metric=0.0189]

Epoch 123:  88%|████████▊ | 14/16 [00:07<00:01,  1.86it/s][A
Training Epochs:  62%|██████▏   | 123/200 [17:22<10:51,  8.46s/it, -ELBO=0.9244, Potential Metric=0.1231, Entropy Metric=0.0186]

Epoch 123:  94%|█████████▍| 15/16 [00:07<00:00,  1.98it/s][A
Training Epochs:  62%|██████▏   | 123/200 [17:22<10:51,  8.46s/it, -ELBO=0.9259, Potential Metric=0.1197, Entropy Metric=0.0173]

Epoch 123: 100%|██████████| 16/16 [00:08<00:00,  1.98it/s][A

                                                          [A
Training Epochs:  62%|██████▏   | 124/200 [17:22<10:42,  8.45s/it, -ELBO=0.9259, Potential Metric=0.1197, Entropy Metric=0.0173]

Epoch 124:   0%|          | 0/16 [00:00<?, ?it/s][A
Training Epochs:  62%|██████▏   | 124/200 [17:23<10:42,  8.45s/it, -ELBO=0.9538, Potential Metric=0.1176, Entropy Metric=0.0181]

Epoch 124:   6%|▋         | 1/16 [00:00<00:09,  1.66it/s][A
Training Epochs:  62%|██████▏   | 124/200 [17:24<10:42,  8.45s/it, -ELBO=0.9517, Potential Metric=0.1247, Entropy Metric=0.0178]

Epoch 124:  12%|█▎        | 2/16 [00:01<00:07,  1.77it/s][A
Training Epochs:  62%|██████▏   | 124/200 [17:24<10:42,  8.45s/it, -ELBO=0.9588, Potential Metric=0.1154, Entropy Metric=0.0176]

Epoch 124:  19%|█▉        | 3/16 [00:01<00:06,  1.91it/s][A
Training Epochs:  62%|██████▏   | 124/200 [17:25<10:42,  8.45s/it, -ELBO=0.9581, Potential Metric=0.1089, Entropy Metric=0.0171]

Epoch 124:  25%|██▌       | 4/16 [00:02<00:06,  1.94it/s][A
Training Epochs:  62%|██████▏   | 124/200 [17:25<10:42,  8.45s/it, -ELBO=0.9425, Potential Metric=0.1087, Entropy Metric=0.0178]

Epoch 124:  31%|███▏      | 5/16 [00:02<00:05,  1.99it/s][A
Training Epochs:  62%|██████▏   | 124/200 [17:26<10:42,  8.45s/it, -ELBO=0.9230, Potential Metric=0.1182, Entropy Metric=0.0178]

Epoch 124:  38%|███▊      | 6/16 [00:03<00:05,  1.94it/s][A
Training Epochs:  62%|██████▏   | 124/200 [17:26<10:42,  8.45s/it, -ELBO=0.9386, Potential Metric=0.1078, Entropy Metric=0.0169]

Epoch 124:  44%|████▍     | 7/16 [00:03<00:04,  1.94it/s][A
Training Epochs:  62%|██████▏   | 124/200 [17:27<10:42,  8.45s/it, -ELBO=0.9243, Potential Metric=0.1143, Entropy Metric=0.0171]

Epoch 124:  50%|█████     | 8/16 [00:04<00:04,  1.91it/s][A
Training Epochs:  62%|██████▏   | 124/200 [17:27<10:42,  8.45s/it, -ELBO=0.9064, Potential Metric=0.1273, Entropy Metric=0.0181]

Epoch 124:  56%|█████▋    | 9/16 [00:04<00:03,  1.88it/s][A
Training Epochs:  62%|██████▏   | 124/200 [17:28<10:42,  8.45s/it, -ELBO=0.9206, Potential Metric=0.1175, Entropy Metric=0.0170]

Epoch 124:  62%|██████▎   | 10/16 [00:05<00:03,  1.83it/s][A
Training Epochs:  62%|██████▏   | 124/200 [17:28<10:42,  8.45s/it, -ELBO=0.9280, Potential Metric=0.1323, Entropy Metric=0.0178]

Epoch 124:  69%|██████▉   | 11/16 [00:05<00:02,  1.85it/s][A
Training Epochs:  62%|██████▏   | 124/200 [17:29<10:42,  8.45s/it, -ELBO=0.9475, Potential Metric=0.1246, Entropy Metric=0.0176]

Epoch 124:  75%|███████▌  | 12/16 [00:06<00:02,  1.85it/s][A
Training Epochs:  62%|██████▏   | 124/200 [17:29<10:42,  8.45s/it, -ELBO=0.9187, Potential Metric=0.1162, Entropy Metric=0.0169]

Epoch 124:  81%|████████▏ | 13/16 [00:06<00:01,  1.85it/s][A
Training Epochs:  62%|██████▏   | 124/200 [17:30<10:42,  8.45s/it, -ELBO=0.9174, Potential Metric=0.1191, Entropy Metric=0.0171]

Epoch 124:  88%|████████▊ | 14/16 [00:07<00:01,  1.94it/s][A
Training Epochs:  62%|██████▏   | 124/200 [17:30<10:42,  8.45s/it, -ELBO=0.9418, Potential Metric=0.1107, Entropy Metric=0.0185]

Epoch 124:  94%|█████████▍| 15/16 [00:07<00:00,  1.93it/s][A
Training Epochs:  62%|██████▏   | 124/200 [17:31<10:42,  8.45s/it, -ELBO=0.9216, Potential Metric=0.1123, Entropy Metric=0.0176]

Epoch 124: 100%|██████████| 16/16 [00:08<00:00,  1.94it/s][A

                                                          [A
Training Epochs:  62%|██████▎   | 125/200 [17:31<10:34,  8.46s/it, -ELBO=0.9216, Potential Metric=0.1123, Entropy Metric=0.0176]

Epoch 125:   0%|          | 0/16 [00:00<?, ?it/s][A
Training Epochs:  62%|██████▎   | 125/200 [17:32<10:34,  8.46s/it, -ELBO=0.9124, Potential Metric=0.1128, Entropy Metric=0.0166]

Epoch 125:   6%|▋         | 1/16 [00:00<00:08,  1.82it/s][A
Training Epochs:  62%|██████▎   | 125/200 [17:32<10:34,  8.46s/it, -ELBO=0.9154, Potential Metric=0.1179, Entropy Metric=0.0178]

Epoch 125:  12%|█▎        | 2/16 [00:01<00:07,  1.83it/s][A
Training Epochs:  62%|██████▎   | 125/200 [17:33<10:34,  8.46s/it, -ELBO=0.9250, Potential Metric=0.1152, Entropy Metric=0.0177]

Epoch 125:  19%|█▉        | 3/16 [00:01<00:07,  1.78it/s][A
Training Epochs:  62%|██████▎   | 125/200 [17:33<10:34,  8.46s/it, -ELBO=0.9302, Potential Metric=0.1149, Entropy Metric=0.0175]

Epoch 125:  25%|██▌       | 4/16 [00:02<00:06,  1.84it/s][A
Training Epochs:  62%|██████▎   | 125/200 [17:34<10:34,  8.46s/it, -ELBO=0.9296, Potential Metric=0.1081, Entropy Metric=0.0165]

Epoch 125:  31%|███▏      | 5/16 [00:02<00:05,  1.88it/s][A
Training Epochs:  62%|██████▎   | 125/200 [17:34<10:34,  8.46s/it, -ELBO=0.9251, Potential Metric=0.1271, Entropy Metric=0.0176]

Epoch 125:  38%|███▊      | 6/16 [00:03<00:05,  1.95it/s][A
Training Epochs:  62%|██████▎   | 125/200 [17:35<10:34,  8.46s/it, -ELBO=0.9490, Potential Metric=0.1102, Entropy Metric=0.0189]

Epoch 125:  44%|████▍     | 7/16 [00:03<00:04,  1.95it/s][A
Training Epochs:  62%|██████▎   | 125/200 [17:35<10:34,  8.46s/it, -ELBO=0.9185, Potential Metric=0.1293, Entropy Metric=0.0197]

Epoch 125:  50%|█████     | 8/16 [00:04<00:04,  1.89it/s][A
Training Epochs:  62%|██████▎   | 125/200 [17:36<10:34,  8.46s/it, -ELBO=0.9215, Potential Metric=0.1219, Entropy Metric=0.0177]

Epoch 125:  56%|█████▋    | 9/16 [00:04<00:03,  1.88it/s][A
Training Epochs:  62%|██████▎   | 125/200 [17:36<10:34,  8.46s/it, -ELBO=0.9427, Potential Metric=0.1070, Entropy Metric=0.0184]

Epoch 125:  62%|██████▎   | 10/16 [00:05<00:03,  1.95it/s][A
Training Epochs:  62%|██████▎   | 125/200 [17:37<10:34,  8.46s/it, -ELBO=0.9472, Potential Metric=0.1111, Entropy Metric=0.0177]

Epoch 125:  69%|██████▉   | 11/16 [00:05<00:02,  1.93it/s][A
Training Epochs:  62%|██████▎   | 125/200 [17:37<10:34,  8.46s/it, -ELBO=0.9506, Potential Metric=0.1016, Entropy Metric=0.0169]

Epoch 125:  75%|███████▌  | 12/16 [00:06<00:02,  1.95it/s][A
Training Epochs:  62%|██████▎   | 125/200 [17:38<10:34,  8.46s/it, -ELBO=0.9338, Potential Metric=0.1147, Entropy Metric=0.0179]

Epoch 125:  81%|████████▏ | 13/16 [00:06<00:01,  1.91it/s][A
Training Epochs:  62%|██████▎   | 125/200 [17:38<10:34,  8.46s/it, -ELBO=0.9156, Potential Metric=0.1075, Entropy Metric=0.0170]

Epoch 125:  88%|████████▊ | 14/16 [00:07<00:01,  1.97it/s][A
Training Epochs:  62%|██████▎   | 125/200 [17:39<10:34,  8.46s/it, -ELBO=0.9199, Potential Metric=0.1149, Entropy Metric=0.0178]

Epoch 125:  94%|█████████▍| 15/16 [00:07<00:00,  2.00it/s][A
Training Epochs:  62%|██████▎   | 125/200 [17:39<10:34,  8.46s/it, -ELBO=0.9252, Potential Metric=0.1102, Entropy Metric=0.0174]

Epoch 125: 100%|██████████| 16/16 [00:08<00:00,  2.07it/s][A

                                                          [A
Training Epochs:  63%|██████▎   | 126/200 [17:39<10:21,  8.40s/it, -ELBO=0.9252, Potential Metric=0.1102, Entropy Metric=0.0174]

Epoch 126:   0%|          | 0/16 [00:00<?, ?it/s][A
Training Epochs:  63%|██████▎   | 126/200 [17:40<10:21,  8.40s/it, -ELBO=0.9205, Potential Metric=0.1163, Entropy Metric=0.0172]

Epoch 126:   6%|▋         | 1/16 [00:00<00:07,  2.13it/s][A
Training Epochs:  63%|██████▎   | 126/200 [17:40<10:21,  8.40s/it, -ELBO=0.9347, Potential Metric=0.1148, Entropy Metric=0.0181]

Epoch 126:  12%|█▎        | 2/16 [00:01<00:07,  1.89it/s][A
Training Epochs:  63%|██████▎   | 126/200 [17:41<10:21,  8.40s/it, -ELBO=0.9227, Potential Metric=0.1195, Entropy Metric=0.0174]

Epoch 126:  19%|█▉        | 3/16 [00:01<00:06,  1.89it/s][A
Training Epochs:  63%|██████▎   | 126/200 [17:41<10:21,  8.40s/it, -ELBO=0.9367, Potential Metric=0.1124, Entropy Metric=0.0180]

Epoch 126:  25%|██▌       | 4/16 [00:02<00:06,  1.85it/s][A
Training Epochs:  63%|██████▎   | 126/200 [17:42<10:21,  8.40s/it, -ELBO=0.9297, Potential Metric=0.1209, Entropy Metric=0.0178]

Epoch 126:  31%|███▏      | 5/16 [00:02<00:05,  1.87it/s][A
Training Epochs:  63%|██████▎   | 126/200 [17:43<10:21,  8.40s/it, -ELBO=0.9000, Potential Metric=0.1151, Entropy Metric=0.0162]

Epoch 126:  38%|███▊      | 6/16 [00:03<00:05,  1.73it/s][A
Training Epochs:  63%|██████▎   | 126/200 [17:43<10:21,  8.40s/it, -ELBO=0.9075, Potential Metric=0.1324, Entropy Metric=0.0161]

Epoch 126:  44%|████▍     | 7/16 [00:03<00:04,  1.82it/s][A
Training Epochs:  63%|██████▎   | 126/200 [17:44<10:21,  8.40s/it, -ELBO=0.9053, Potential Metric=0.1186, Entropy Metric=0.0162]

Epoch 126:  50%|█████     | 8/16 [00:04<00:04,  1.85it/s][A
Training Epochs:  63%|██████▎   | 126/200 [17:44<10:21,  8.40s/it, -ELBO=0.9555, Potential Metric=0.1052, Entropy Metric=0.0151]

Epoch 126:  56%|█████▋    | 9/16 [00:04<00:03,  1.90it/s][A
Training Epochs:  63%|██████▎   | 126/200 [17:45<10:21,  8.40s/it, -ELBO=0.9262, Potential Metric=0.1187, Entropy Metric=0.0166]

Epoch 126:  62%|██████▎   | 10/16 [00:05<00:03,  1.96it/s][A
Training Epochs:  63%|██████▎   | 126/200 [17:45<10:21,  8.40s/it, -ELBO=0.9226, Potential Metric=0.1193, Entropy Metric=0.0174]

Epoch 126:  69%|██████▉   | 11/16 [00:05<00:02,  1.85it/s][A
Training Epochs:  63%|██████▎   | 126/200 [17:46<10:21,  8.40s/it, -ELBO=0.9460, Potential Metric=0.1093, Entropy Metric=0.0172]

Epoch 126:  75%|███████▌  | 12/16 [00:06<00:02,  1.89it/s][A
Training Epochs:  63%|██████▎   | 126/200 [17:46<10:21,  8.40s/it, -ELBO=0.9245, Potential Metric=0.1133, Entropy Metric=0.0176]

Epoch 126:  81%|████████▏ | 13/16 [00:06<00:01,  1.89it/s][A
Training Epochs:  63%|██████▎   | 126/200 [17:47<10:21,  8.40s/it, -ELBO=0.9342, Potential Metric=0.1117, Entropy Metric=0.0181]

Epoch 126:  88%|████████▊ | 14/16 [00:07<00:01,  1.88it/s][A
Training Epochs:  63%|██████▎   | 126/200 [17:47<10:21,  8.40s/it, -ELBO=0.9299, Potential Metric=0.1269, Entropy Metric=0.0186]

Epoch 126:  94%|█████████▍| 15/16 [00:07<00:00,  1.90it/s][A
Training Epochs:  63%|██████▎   | 126/200 [17:48<10:21,  8.40s/it, -ELBO=0.9280, Potential Metric=0.1181, Entropy Metric=0.0180]

Epoch 126: 100%|██████████| 16/16 [00:08<00:00,  1.86it/s][A

                                                          [A
Training Epochs:  64%|██████▎   | 127/200 [17:48<10:19,  8.49s/it, -ELBO=0.9280, Potential Metric=0.1181, Entropy Metric=0.0180]

Epoch 127:   0%|          | 0/16 [00:00<?, ?it/s][A
Training Epochs:  64%|██████▎   | 127/200 [17:49<10:19,  8.49s/it, -ELBO=0.9065, Potential Metric=0.1163, Entropy Metric=0.0180]

Epoch 127:   6%|▋         | 1/16 [00:00<00:08,  1.83it/s][A
Training Epochs:  64%|██████▎   | 127/200 [17:49<10:19,  8.49s/it, -ELBO=0.9133, Potential Metric=0.1205, Entropy Metric=0.0179]

Epoch 127:  12%|█▎        | 2/16 [00:01<00:07,  1.90it/s][A
Training Epochs:  64%|██████▎   | 127/200 [17:50<10:19,  8.49s/it, -ELBO=0.9166, Potential Metric=0.1251, Entropy Metric=0.0179]

Epoch 127:  19%|█▉        | 3/16 [00:01<00:06,  1.96it/s][A
Training Epochs:  64%|██████▎   | 127/200 [17:50<10:19,  8.49s/it, -ELBO=0.9179, Potential Metric=0.1138, Entropy Metric=0.0169]

Epoch 127:  25%|██▌       | 4/16 [00:02<00:06,  1.85it/s][A
Training Epochs:  64%|██████▎   | 127/200 [17:51<10:19,  8.49s/it, -ELBO=0.9033, Potential Metric=0.1199, Entropy Metric=0.0173]

Epoch 127:  31%|███▏      | 5/16 [00:02<00:05,  1.94it/s][A
Training Epochs:  64%|██████▎   | 127/200 [17:51<10:19,  8.49s/it, -ELBO=0.9712, Potential Metric=0.1095, Entropy Metric=0.0182]

Epoch 127:  38%|███▊      | 6/16 [00:03<00:05,  1.93it/s][A
Training Epochs:  64%|██████▎   | 127/200 [17:52<10:19,  8.49s/it, -ELBO=0.9192, Potential Metric=0.1128, Entropy Metric=0.0178]

Epoch 127:  44%|████▍     | 7/16 [00:03<00:04,  1.88it/s][A
Training Epochs:  64%|██████▎   | 127/200 [17:52<10:19,  8.49s/it, -ELBO=0.9093, Potential Metric=0.1162, Entropy Metric=0.0169]

Epoch 127:  50%|█████     | 8/16 [00:04<00:04,  1.95it/s][A
Training Epochs:  64%|██████▎   | 127/200 [17:53<10:19,  8.49s/it, -ELBO=0.9062, Potential Metric=0.1204, Entropy Metric=0.0175]

Epoch 127:  56%|█████▋    | 9/16 [00:04<00:03,  1.95it/s][A
Training Epochs:  64%|██████▎   | 127/200 [17:53<10:19,  8.49s/it, -ELBO=0.9144, Potential Metric=0.1161, Entropy Metric=0.0180]

Epoch 127:  62%|██████▎   | 10/16 [00:05<00:03,  1.98it/s][A
Training Epochs:  64%|██████▎   | 127/200 [17:54<10:19,  8.49s/it, -ELBO=0.9451, Potential Metric=0.1036, Entropy Metric=0.0165]

Epoch 127:  69%|██████▉   | 11/16 [00:05<00:02,  1.98it/s][A
Training Epochs:  64%|██████▎   | 127/200 [17:54<10:19,  8.49s/it, -ELBO=0.9023, Potential Metric=0.1268, Entropy Metric=0.0174]

Epoch 127:  75%|███████▌  | 12/16 [00:06<00:02,  1.94it/s][A
Training Epochs:  64%|██████▎   | 127/200 [17:55<10:19,  8.49s/it, -ELBO=0.9179, Potential Metric=0.1137, Entropy Metric=0.0174]

Epoch 127:  81%|████████▏ | 13/16 [00:06<00:01,  1.88it/s][A
Training Epochs:  64%|██████▎   | 127/200 [17:55<10:19,  8.49s/it, -ELBO=0.8986, Potential Metric=0.1224, Entropy Metric=0.0166]

Epoch 127:  88%|████████▊ | 14/16 [00:07<00:01,  1.85it/s][A
Training Epochs:  64%|██████▎   | 127/200 [17:56<10:19,  8.49s/it, -ELBO=0.9454, Potential Metric=0.1181, Entropy Metric=0.0177]

Epoch 127:  94%|█████████▍| 15/16 [00:07<00:00,  1.87it/s][A
Training Epochs:  64%|██████▎   | 127/200 [17:56<10:19,  8.49s/it, -ELBO=0.9371, Potential Metric=0.1233, Entropy Metric=0.0181]

Epoch 127: 100%|██████████| 16/16 [00:08<00:00,  1.85it/s][A

                                                          [A
Training Epochs:  64%|██████▍   | 128/200 [17:56<10:11,  8.49s/it, -ELBO=0.9371, Potential Metric=0.1233, Entropy Metric=0.0181]

Epoch 128:   0%|          | 0/16 [00:00<?, ?it/s][A
Training Epochs:  64%|██████▍   | 128/200 [17:57<10:11,  8.49s/it, -ELBO=0.9380, Potential Metric=0.1113, Entropy Metric=0.0178]

Epoch 128:   6%|▋         | 1/16 [00:00<00:08,  1.76it/s][A
Training Epochs:  64%|██████▍   | 128/200 [17:58<10:11,  8.49s/it, -ELBO=0.9108, Potential Metric=0.1120, Entropy Metric=0.0179]

Epoch 128:  12%|█▎        | 2/16 [00:01<00:07,  1.92it/s][A
Training Epochs:  64%|██████▍   | 128/200 [17:58<10:11,  8.49s/it, -ELBO=0.9445, Potential Metric=0.1165, Entropy Metric=0.0192]

Epoch 128:  19%|█▉        | 3/16 [00:01<00:06,  1.95it/s][A
Training Epochs:  64%|██████▍   | 128/200 [17:59<10:11,  8.49s/it, -ELBO=0.9081, Potential Metric=0.1289, Entropy Metric=0.0189]

Epoch 128:  25%|██▌       | 4/16 [00:02<00:06,  1.93it/s][A
Training Epochs:  64%|██████▍   | 128/200 [17:59<10:11,  8.49s/it, -ELBO=0.9019, Potential Metric=0.1152, Entropy Metric=0.0181]

Epoch 128:  31%|███▏      | 5/16 [00:02<00:05,  2.00it/s][A
Training Epochs:  64%|██████▍   | 128/200 [18:00<10:11,  8.49s/it, -ELBO=0.9215, Potential Metric=0.1112, Entropy Metric=0.0180]

Epoch 128:  38%|███▊      | 6/16 [00:03<00:05,  1.95it/s][A
Training Epochs:  64%|██████▍   | 128/200 [18:00<10:11,  8.49s/it, -ELBO=0.8928, Potential Metric=0.1170, Entropy Metric=0.0180]

Epoch 128:  44%|████▍     | 7/16 [00:03<00:04,  2.03it/s][A
Training Epochs:  64%|██████▍   | 128/200 [18:01<10:11,  8.49s/it, -ELBO=0.9104, Potential Metric=0.1269, Entropy Metric=0.0186]

Epoch 128:  50%|█████     | 8/16 [00:04<00:04,  1.97it/s][A
Training Epochs:  64%|██████▍   | 128/200 [18:01<10:11,  8.49s/it, -ELBO=0.9292, Potential Metric=0.1119, Entropy Metric=0.0181]

Epoch 128:  56%|█████▋    | 9/16 [00:04<00:03,  1.86it/s][A
Training Epochs:  64%|██████▍   | 128/200 [18:02<10:11,  8.49s/it, -ELBO=0.9229, Potential Metric=0.1098, Entropy Metric=0.0173]

Epoch 128:  62%|██████▎   | 10/16 [00:05<00:03,  1.94it/s][A
Training Epochs:  64%|██████▍   | 128/200 [18:02<10:11,  8.49s/it, -ELBO=0.8987, Potential Metric=0.1115, Entropy Metric=0.0173]

Epoch 128:  69%|██████▉   | 11/16 [00:05<00:02,  1.96it/s][A
Training Epochs:  64%|██████▍   | 128/200 [18:03<10:11,  8.49s/it, -ELBO=0.9194, Potential Metric=0.1200, Entropy Metric=0.0176]

Epoch 128:  75%|███████▌  | 12/16 [00:06<00:02,  1.96it/s][A
Training Epochs:  64%|██████▍   | 128/200 [18:03<10:11,  8.49s/it, -ELBO=0.9220, Potential Metric=0.1159, Entropy Metric=0.0177]

Epoch 128:  81%|████████▏ | 13/16 [00:06<00:01,  1.95it/s][A
Training Epochs:  64%|██████▍   | 128/200 [18:04<10:11,  8.49s/it, -ELBO=0.8856, Potential Metric=0.1162, Entropy Metric=0.0176]

Epoch 128:  88%|████████▊ | 14/16 [00:07<00:01,  1.92it/s][A
Training Epochs:  64%|██████▍   | 128/200 [18:04<10:11,  8.49s/it, -ELBO=0.9080, Potential Metric=0.1139, Entropy Metric=0.0170]

Epoch 128:  94%|█████████▍| 15/16 [00:07<00:00,  1.91it/s][A
Training Epochs:  64%|██████▍   | 128/200 [18:05<10:11,  8.49s/it, -ELBO=0.9125, Potential Metric=0.1105, Entropy Metric=0.0168]

Epoch 128: 100%|██████████| 16/16 [00:08<00:00,  1.92it/s][A

                                                          [A
Training Epochs:  64%|██████▍   | 129/200 [18:05<09:59,  8.44s/it, -ELBO=0.9125, Potential Metric=0.1105, Entropy Metric=0.0168]

Epoch 129:   0%|          | 0/16 [00:00<?, ?it/s][A
Training Epochs:  64%|██████▍   | 129/200 [18:05<09:59,  8.44s/it, -ELBO=0.9372, Potential Metric=0.1085, Entropy Metric=0.0178]

Epoch 129:   6%|▋         | 1/16 [00:00<00:08,  1.72it/s][A
Training Epochs:  64%|██████▍   | 129/200 [18:06<09:59,  8.44s/it, -ELBO=0.9060, Potential Metric=0.1191, Entropy Metric=0.0174]

Epoch 129:  12%|█▎        | 2/16 [00:01<00:07,  1.97it/s][A
Training Epochs:  64%|██████▍   | 129/200 [18:06<09:59,  8.44s/it, -ELBO=0.9017, Potential Metric=0.1093, Entropy Metric=0.0167]

Epoch 129:  19%|█▉        | 3/16 [00:01<00:06,  1.90it/s][A
Training Epochs:  64%|██████▍   | 129/200 [18:07<09:59,  8.44s/it, -ELBO=0.8727, Potential Metric=0.1145, Entropy Metric=0.0174]

Epoch 129:  25%|██▌       | 4/16 [00:02<00:07,  1.69it/s][A
Training Epochs:  64%|██████▍   | 129/200 [18:08<09:59,  8.44s/it, -ELBO=0.9228, Potential Metric=0.1095, Entropy Metric=0.0172]

Epoch 129:  31%|███▏      | 5/16 [00:02<00:06,  1.70it/s][A
Training Epochs:  64%|██████▍   | 129/200 [18:08<09:59,  8.44s/it, -ELBO=0.9103, Potential Metric=0.1198, Entropy Metric=0.0185]

Epoch 129:  38%|███▊      | 6/16 [00:03<00:05,  1.79it/s][A
Training Epochs:  64%|██████▍   | 129/200 [18:09<09:59,  8.44s/it, -ELBO=0.9011, Potential Metric=0.1219, Entropy Metric=0.0199]

Epoch 129:  44%|████▍     | 7/16 [00:03<00:04,  1.91it/s][A
Training Epochs:  64%|██████▍   | 129/200 [18:09<09:59,  8.44s/it, -ELBO=0.9300, Potential Metric=0.1099, Entropy Metric=0.0182]

Epoch 129:  50%|█████     | 8/16 [00:04<00:04,  1.94it/s][A
Training Epochs:  64%|██████▍   | 129/200 [18:10<09:59,  8.44s/it, -ELBO=0.9032, Potential Metric=0.1115, Entropy Metric=0.0179]

Epoch 129:  56%|█████▋    | 9/16 [00:04<00:03,  1.93it/s][A
Training Epochs:  64%|██████▍   | 129/200 [18:10<09:59,  8.44s/it, -ELBO=0.9069, Potential Metric=0.1084, Entropy Metric=0.0169]

Epoch 129:  62%|██████▎   | 10/16 [00:05<00:03,  1.98it/s][A
Training Epochs:  64%|██████▍   | 129/200 [18:11<09:59,  8.44s/it, -ELBO=0.9202, Potential Metric=0.1127, Entropy Metric=0.0180]

Epoch 129:  69%|██████▉   | 11/16 [00:05<00:02,  1.95it/s][A
Training Epochs:  64%|██████▍   | 129/200 [18:11<09:59,  8.44s/it, -ELBO=0.9030, Potential Metric=0.1012, Entropy Metric=0.0165]

Epoch 129:  75%|███████▌  | 12/16 [00:06<00:02,  1.91it/s][A
Training Epochs:  64%|██████▍   | 129/200 [18:12<09:59,  8.44s/it, -ELBO=0.9070, Potential Metric=0.1085, Entropy Metric=0.0180]

Epoch 129:  81%|████████▏ | 13/16 [00:06<00:01,  1.88it/s][A
Training Epochs:  64%|██████▍   | 129/200 [18:12<09:59,  8.44s/it, -ELBO=0.8818, Potential Metric=0.1162, Entropy Metric=0.0176]

Epoch 129:  88%|████████▊ | 14/16 [00:07<00:01,  1.94it/s][A
Training Epochs:  64%|██████▍   | 129/200 [18:13<09:59,  8.44s/it, -ELBO=0.9097, Potential Metric=0.1151, Entropy Metric=0.0181]

Epoch 129:  94%|█████████▍| 15/16 [00:07<00:00,  1.98it/s][A
Training Epochs:  64%|██████▍   | 129/200 [18:13<09:59,  8.44s/it, -ELBO=0.9077, Potential Metric=0.1166, Entropy Metric=0.0180]

Epoch 129: 100%|██████████| 16/16 [00:08<00:00,  1.98it/s][A

                                                          [A
Training Epochs:  65%|██████▌   | 130/200 [18:13<09:51,  8.45s/it, -ELBO=0.9077, Potential Metric=0.1166, Entropy Metric=0.0180]

Epoch 130:   0%|          | 0/16 [00:00<?, ?it/s][A
Training Epochs:  65%|██████▌   | 130/200 [18:14<09:51,  8.45s/it, -ELBO=0.8887, Potential Metric=0.1152, Entropy Metric=0.0180]

Epoch 130:   6%|▋         | 1/16 [00:00<00:08,  1.81it/s][A
Training Epochs:  65%|██████▌   | 130/200 [18:14<09:51,  8.45s/it, -ELBO=0.8901, Potential Metric=0.1142, Entropy Metric=0.0172]

Epoch 130:  12%|█▎        | 2/16 [00:01<00:07,  1.89it/s][A
Training Epochs:  65%|██████▌   | 130/200 [18:15<09:51,  8.45s/it, -ELBO=0.8809, Potential Metric=0.1111, Entropy Metric=0.0180]

Epoch 130:  19%|█▉        | 3/16 [00:01<00:06,  1.98it/s][A
Training Epochs:  65%|██████▌   | 130/200 [18:15<09:51,  8.45s/it, -ELBO=0.8954, Potential Metric=0.1142, Entropy Metric=0.0171]

Epoch 130:  25%|██▌       | 4/16 [00:02<00:05,  2.01it/s][A
Training Epochs:  65%|██████▌   | 130/200 [18:16<09:51,  8.45s/it, -ELBO=0.9107, Potential Metric=0.1201, Entropy Metric=0.0182]

Epoch 130:  31%|███▏      | 5/16 [00:02<00:05,  2.01it/s][A
Training Epochs:  65%|██████▌   | 130/200 [18:16<09:51,  8.45s/it, -ELBO=0.8965, Potential Metric=0.1218, Entropy Metric=0.0182]

Epoch 130:  38%|███▊      | 6/16 [00:03<00:05,  2.00it/s][A
Training Epochs:  65%|██████▌   | 130/200 [18:17<09:51,  8.45s/it, -ELBO=0.9041, Potential Metric=0.1141, Entropy Metric=0.0171]

Epoch 130:  44%|████▍     | 7/16 [00:03<00:04,  2.07it/s][A
Training Epochs:  65%|██████▌   | 130/200 [18:17<09:51,  8.45s/it, -ELBO=0.9102, Potential Metric=0.1120, Entropy Metric=0.0173]

Epoch 130:  50%|█████     | 8/16 [00:04<00:04,  1.99it/s][A
Training Epochs:  65%|██████▌   | 130/200 [18:18<09:51,  8.45s/it, -ELBO=0.9062, Potential Metric=0.1219, Entropy Metric=0.0181]

Epoch 130:  56%|█████▋    | 9/16 [00:04<00:03,  2.04it/s][A
Training Epochs:  65%|██████▌   | 130/200 [18:18<09:51,  8.45s/it, -ELBO=0.9033, Potential Metric=0.1157, Entropy Metric=0.0180]

Epoch 130:  62%|██████▎   | 10/16 [00:04<00:02,  2.05it/s][A
Training Epochs:  65%|██████▌   | 130/200 [18:19<09:51,  8.45s/it, -ELBO=0.8924, Potential Metric=0.1159, Entropy Metric=0.0173]

Epoch 130:  69%|██████▉   | 11/16 [00:05<00:02,  1.97it/s][A
Training Epochs:  65%|██████▌   | 130/200 [18:19<09:51,  8.45s/it, -ELBO=0.9301, Potential Metric=0.1149, Entropy Metric=0.0176]

Epoch 130:  75%|███████▌  | 12/16 [00:06<00:02,  1.95it/s][A
Training Epochs:  65%|██████▌   | 130/200 [18:20<09:51,  8.45s/it, -ELBO=0.9294, Potential Metric=0.0958, Entropy Metric=0.0170]

Epoch 130:  81%|████████▏ | 13/16 [00:06<00:01,  1.94it/s][A
Training Epochs:  65%|██████▌   | 130/200 [18:20<09:51,  8.45s/it, -ELBO=0.9141, Potential Metric=0.1023, Entropy Metric=0.0170]

Epoch 130:  88%|████████▊ | 14/16 [00:07<00:01,  1.98it/s][A
Training Epochs:  65%|██████▌   | 130/200 [18:21<09:51,  8.45s/it, -ELBO=0.9344, Potential Metric=0.1111, Entropy Metric=0.0180]

Epoch 130:  94%|█████████▍| 15/16 [00:07<00:00,  1.99it/s][A
Training Epochs:  65%|██████▌   | 130/200 [18:21<09:51,  8.45s/it, -ELBO=0.8933, Potential Metric=0.1114, Entropy Metric=0.0186]

Epoch 130: 100%|██████████| 16/16 [00:08<00:00,  1.99it/s][A

                                                          [A
Training Epochs:  66%|██████▌   | 131/200 [18:21<09:36,  8.36s/it, -ELBO=0.8933, Potential Metric=0.1114, Entropy Metric=0.0186]

Epoch 131:   0%|          | 0/16 [00:00<?, ?it/s][A
Training Epochs:  66%|██████▌   | 131/200 [18:22<09:36,  8.36s/it, -ELBO=0.9027, Potential Metric=0.1157, Entropy Metric=0.0181]

Epoch 131:   6%|▋         | 1/16 [00:00<00:08,  1.75it/s][A
Training Epochs:  66%|██████▌   | 131/200 [18:22<09:36,  8.36s/it, -ELBO=0.8984, Potential Metric=0.1152, Entropy Metric=0.0177]

Epoch 131:  12%|█▎        | 2/16 [00:01<00:07,  1.98it/s][A
Training Epochs:  66%|██████▌   | 131/200 [18:23<09:36,  8.36s/it, -ELBO=0.9027, Potential Metric=0.1065, Entropy Metric=0.0180]

Epoch 131:  19%|█▉        | 3/16 [00:01<00:06,  1.91it/s][A
Training Epochs:  66%|██████▌   | 131/200 [18:23<09:36,  8.36s/it, -ELBO=0.8844, Potential Metric=0.1206, Entropy Metric=0.0171]

Epoch 131:  25%|██▌       | 4/16 [00:02<00:06,  1.96it/s][A
Training Epochs:  66%|██████▌   | 131/200 [18:24<09:36,  8.36s/it, -ELBO=0.8818, Potential Metric=0.1342, Entropy Metric=0.0185]

Epoch 131:  31%|███▏      | 5/16 [00:02<00:05,  1.99it/s][A
Training Epochs:  66%|██████▌   | 131/200 [18:24<09:36,  8.36s/it, -ELBO=0.8891, Potential Metric=0.1312, Entropy Metric=0.0174]

Epoch 131:  38%|███▊      | 6/16 [00:03<00:05,  1.94it/s][A
Training Epochs:  66%|██████▌   | 131/200 [18:25<09:36,  8.36s/it, -ELBO=0.8817, Potential Metric=0.1182, Entropy Metric=0.0171]

Epoch 131:  44%|████▍     | 7/16 [00:03<00:04,  2.00it/s][A
Training Epochs:  66%|██████▌   | 131/200 [18:25<09:36,  8.36s/it, -ELBO=0.8981, Potential Metric=0.1101, Entropy Metric=0.0174]

Epoch 131:  50%|█████     | 8/16 [00:04<00:03,  2.04it/s][A
Training Epochs:  66%|██████▌   | 131/200 [18:26<09:36,  8.36s/it, -ELBO=0.9352, Potential Metric=0.1080, Entropy Metric=0.0184]

Epoch 131:  56%|█████▋    | 9/16 [00:04<00:03,  1.94it/s][A
Training Epochs:  66%|██████▌   | 131/200 [18:27<09:36,  8.36s/it, -ELBO=0.9122, Potential Metric=0.1242, Entropy Metric=0.0195]

Epoch 131:  62%|██████▎   | 10/16 [00:05<00:03,  1.86it/s][A
Training Epochs:  66%|██████▌   | 131/200 [18:27<09:36,  8.36s/it, -ELBO=0.9312, Potential Metric=0.1085, Entropy Metric=0.0192]

Epoch 131:  69%|██████▉   | 11/16 [00:05<00:02,  1.87it/s][A
Training Epochs:  66%|██████▌   | 131/200 [18:28<09:36,  8.36s/it, -ELBO=0.8953, Potential Metric=0.1123, Entropy Metric=0.0181]

Epoch 131:  75%|███████▌  | 12/16 [00:06<00:02,  1.89it/s][A
Training Epochs:  66%|██████▌   | 131/200 [18:28<09:36,  8.36s/it, -ELBO=0.8867, Potential Metric=0.1115, Entropy Metric=0.0174]

Epoch 131:  81%|████████▏ | 13/16 [00:06<00:01,  1.89it/s][A
Training Epochs:  66%|██████▌   | 131/200 [18:29<09:36,  8.36s/it, -ELBO=0.8978, Potential Metric=0.1104, Entropy Metric=0.0177]

Epoch 131:  88%|████████▊ | 14/16 [00:07<00:01,  1.95it/s][A
Training Epochs:  66%|██████▌   | 131/200 [18:29<09:36,  8.36s/it, -ELBO=0.9052, Potential Metric=0.1133, Entropy Metric=0.0179]

Epoch 131:  94%|█████████▍| 15/16 [00:07<00:00,  1.92it/s][A
Training Epochs:  66%|██████▌   | 131/200 [18:30<09:36,  8.36s/it, -ELBO=0.9052, Potential Metric=0.1130, Entropy Metric=0.0173]

Epoch 131: 100%|██████████| 16/16 [00:08<00:00,  1.86it/s][A

                                                          [A
Training Epochs:  66%|██████▌   | 132/200 [18:30<09:29,  8.38s/it, -ELBO=0.9052, Potential Metric=0.1130, Entropy Metric=0.0173]

Epoch 132:   0%|          | 0/16 [00:00<?, ?it/s][A
Training Epochs:  66%|██████▌   | 132/200 [18:30<09:29,  8.38s/it, -ELBO=0.8804, Potential Metric=0.1267, Entropy Metric=0.0182]

Epoch 132:   6%|▋         | 1/16 [00:00<00:08,  1.79it/s][A
Training Epochs:  66%|██████▌   | 132/200 [18:31<09:29,  8.38s/it, -ELBO=0.9108, Potential Metric=0.1229, Entropy Metric=0.0191]

Epoch 132:  12%|█▎        | 2/16 [00:01<00:07,  1.80it/s][A
Training Epochs:  66%|██████▌   | 132/200 [18:31<09:29,  8.38s/it, -ELBO=0.9140, Potential Metric=0.1054, Entropy Metric=0.0174]

Epoch 132:  19%|█▉        | 3/16 [00:01<00:06,  1.91it/s][A
Training Epochs:  66%|██████▌   | 132/200 [18:32<09:29,  8.38s/it, -ELBO=0.8871, Potential Metric=0.1214, Entropy Metric=0.0188]

Epoch 132:  25%|██▌       | 4/16 [00:02<00:06,  1.92it/s][A
Training Epochs:  66%|██████▌   | 132/200 [18:32<09:29,  8.38s/it, -ELBO=0.8772, Potential Metric=0.1154, Entropy Metric=0.0182]

Epoch 132:  31%|███▏      | 5/16 [00:02<00:05,  2.04it/s][A
Training Epochs:  66%|██████▌   | 132/200 [18:33<09:29,  8.38s/it, -ELBO=0.9052, Potential Metric=0.1164, Entropy Metric=0.0192]

Epoch 132:  38%|███▊      | 6/16 [00:03<00:05,  1.80it/s][A
Training Epochs:  66%|██████▌   | 132/200 [18:34<09:29,  8.38s/it, -ELBO=0.8670, Potential Metric=0.1180, Entropy Metric=0.0183]

Epoch 132:  44%|████▍     | 7/16 [00:03<00:04,  1.87it/s][A
Training Epochs:  66%|██████▌   | 132/200 [18:34<09:29,  8.38s/it, -ELBO=0.9183, Potential Metric=0.1092, Entropy Metric=0.0183]

Epoch 132:  50%|█████     | 8/16 [00:04<00:04,  1.91it/s][A
Training Epochs:  66%|██████▌   | 132/200 [18:35<09:29,  8.38s/it, -ELBO=0.8981, Potential Metric=0.1080, Entropy Metric=0.0170]

Epoch 132:  56%|█████▋    | 9/16 [00:04<00:03,  1.94it/s][A
Training Epochs:  66%|██████▌   | 132/200 [18:35<09:29,  8.38s/it, -ELBO=0.8918, Potential Metric=0.1171, Entropy Metric=0.0193]

Epoch 132:  62%|██████▎   | 10/16 [00:05<00:03,  1.94it/s][A
Training Epochs:  66%|██████▌   | 132/200 [18:36<09:29,  8.38s/it, -ELBO=0.8860, Potential Metric=0.1126, Entropy Metric=0.0188]

Epoch 132:  69%|██████▉   | 11/16 [00:05<00:02,  1.90it/s][A
Training Epochs:  66%|██████▌   | 132/200 [18:36<09:29,  8.38s/it, -ELBO=0.8804, Potential Metric=0.1129, Entropy Metric=0.0177]

Epoch 132:  75%|███████▌  | 12/16 [00:06<00:02,  1.94it/s][A
Training Epochs:  66%|██████▌   | 132/200 [18:37<09:29,  8.38s/it, -ELBO=0.8959, Potential Metric=0.1101, Entropy Metric=0.0181]

Epoch 132:  81%|████████▏ | 13/16 [00:06<00:01,  1.94it/s][A
Training Epochs:  66%|██████▌   | 132/200 [18:37<09:29,  8.38s/it, -ELBO=0.9235, Potential Metric=0.1173, Entropy Metric=0.0188]

Epoch 132:  88%|████████▊ | 14/16 [00:07<00:01,  1.94it/s][A
Training Epochs:  66%|██████▌   | 132/200 [18:38<09:29,  8.38s/it, -ELBO=0.8806, Potential Metric=0.1342, Entropy Metric=0.0186]

Epoch 132:  94%|█████████▍| 15/16 [00:07<00:00,  1.93it/s][A
Training Epochs:  66%|██████▌   | 132/200 [18:38<09:29,  8.38s/it, -ELBO=0.8763, Potential Metric=0.1143, Entropy Metric=0.0170]

Epoch 132: 100%|██████████| 16/16 [00:08<00:00,  1.91it/s][A

                                                          [A
Training Epochs:  66%|██████▋   | 133/200 [18:38<09:22,  8.40s/it, -ELBO=0.8763, Potential Metric=0.1143, Entropy Metric=0.0170]

Epoch 133:   0%|          | 0/16 [00:00<?, ?it/s][A
Training Epochs:  66%|██████▋   | 133/200 [18:39<09:22,  8.40s/it, -ELBO=0.8942, Potential Metric=0.1161, Entropy Metric=0.0184]

Epoch 133:   6%|▋         | 1/16 [00:00<00:08,  1.70it/s][A
Training Epochs:  66%|██████▋   | 133/200 [18:39<09:22,  8.40s/it, -ELBO=0.8782, Potential Metric=0.1177, Entropy Metric=0.0173]

Epoch 133:  12%|█▎        | 2/16 [00:01<00:07,  1.89it/s][A
Training Epochs:  66%|██████▋   | 133/200 [18:40<09:22,  8.40s/it, -ELBO=0.8838, Potential Metric=0.1152, Entropy Metric=0.0172]

Epoch 133:  19%|█▉        | 3/16 [00:01<00:06,  1.93it/s][A
Training Epochs:  66%|██████▋   | 133/200 [18:40<09:22,  8.40s/it, -ELBO=0.8922, Potential Metric=0.1189, Entropy Metric=0.0183]

Epoch 133:  25%|██▌       | 4/16 [00:02<00:06,  1.89it/s][A
Training Epochs:  66%|██████▋   | 133/200 [18:41<09:22,  8.40s/it, -ELBO=0.8942, Potential Metric=0.1092, Entropy Metric=0.0183]

Epoch 133:  31%|███▏      | 5/16 [00:02<00:05,  1.89it/s][A
Training Epochs:  66%|██████▋   | 133/200 [18:41<09:22,  8.40s/it, -ELBO=0.8827, Potential Metric=0.1096, Entropy Metric=0.0180]

Epoch 133:  38%|███▊      | 6/16 [00:03<00:05,  1.94it/s][A
Training Epochs:  66%|██████▋   | 133/200 [18:42<09:22,  8.40s/it, -ELBO=0.8915, Potential Metric=0.1200, Entropy Metric=0.0198]

Epoch 133:  44%|████▍     | 7/16 [00:03<00:04,  1.93it/s][A
Training Epochs:  66%|██████▋   | 133/200 [18:42<09:22,  8.40s/it, -ELBO=0.8752, Potential Metric=0.1159, Entropy Metric=0.0178]

Epoch 133:  50%|█████     | 8/16 [00:04<00:03,  2.03it/s][A
Training Epochs:  66%|██████▋   | 133/200 [18:43<09:22,  8.40s/it, -ELBO=0.8923, Potential Metric=0.1097, Entropy Metric=0.0171]

Epoch 133:  56%|█████▋    | 9/16 [00:04<00:03,  1.97it/s][A
Training Epochs:  66%|██████▋   | 133/200 [18:44<09:22,  8.40s/it, -ELBO=0.8918, Potential Metric=0.1142, Entropy Metric=0.0175]

Epoch 133:  62%|██████▎   | 10/16 [00:05<00:03,  1.92it/s][A
Training Epochs:  66%|██████▋   | 133/200 [18:44<09:22,  8.40s/it, -ELBO=0.8891, Potential Metric=0.1158, Entropy Metric=0.0184]

Epoch 133:  69%|██████▉   | 11/16 [00:05<00:02,  1.96it/s][A
Training Epochs:  66%|██████▋   | 133/200 [18:45<09:22,  8.40s/it, -ELBO=0.8811, Potential Metric=0.1213, Entropy Metric=0.0192]

Epoch 133:  75%|███████▌  | 12/16 [00:06<00:02,  1.93it/s][A
Training Epochs:  66%|██████▋   | 133/200 [18:45<09:22,  8.40s/it, -ELBO=0.8947, Potential Metric=0.1183, Entropy Metric=0.0182]

Epoch 133:  81%|████████▏ | 13/16 [00:06<00:01,  1.96it/s][A
Training Epochs:  66%|██████▋   | 133/200 [18:46<09:22,  8.40s/it, -ELBO=0.8786, Potential Metric=0.1173, Entropy Metric=0.0179]

Epoch 133:  88%|████████▊ | 14/16 [00:07<00:01,  1.99it/s][A
Training Epochs:  66%|██████▋   | 133/200 [18:46<09:22,  8.40s/it, -ELBO=0.8944, Potential Metric=0.1181, Entropy Metric=0.0186]

Epoch 133:  94%|█████████▍| 15/16 [00:07<00:00,  1.95it/s][A
Training Epochs:  66%|██████▋   | 133/200 [18:47<09:22,  8.40s/it, -ELBO=0.8721, Potential Metric=0.1111, Entropy Metric=0.0179]

Epoch 133: 100%|██████████| 16/16 [00:08<00:00,  1.97it/s][A

                                                          [A
Training Epochs:  67%|██████▋   | 134/200 [18:47<09:13,  8.39s/it, -ELBO=0.8721, Potential Metric=0.1111, Entropy Metric=0.0179]

Epoch 134:   0%|          | 0/16 [00:00<?, ?it/s][A
Training Epochs:  67%|██████▋   | 134/200 [18:47<09:13,  8.39s/it, -ELBO=0.8783, Potential Metric=0.1129, Entropy Metric=0.0180]

Epoch 134:   6%|▋         | 1/16 [00:00<00:07,  2.04it/s][A
Training Epochs:  67%|██████▋   | 134/200 [18:48<09:13,  8.39s/it, -ELBO=0.8822, Potential Metric=0.1086, Entropy Metric=0.0174]

Epoch 134:  12%|█▎        | 2/16 [00:00<00:06,  2.08it/s][A
Training Epochs:  67%|██████▋   | 134/200 [18:48<09:13,  8.39s/it, -ELBO=0.9002, Potential Metric=0.1119, Entropy Metric=0.0172]

Epoch 134:  19%|█▉        | 3/16 [00:01<00:06,  1.96it/s][A
Training Epochs:  67%|██████▋   | 134/200 [18:49<09:13,  8.39s/it, -ELBO=0.8932, Potential Metric=0.1106, Entropy Metric=0.0182]

Epoch 134:  25%|██▌       | 4/16 [00:02<00:06,  1.96it/s][A
Training Epochs:  67%|██████▋   | 134/200 [18:49<09:13,  8.39s/it, -ELBO=0.8741, Potential Metric=0.1145, Entropy Metric=0.0171]

Epoch 134:  31%|███▏      | 5/16 [00:02<00:05,  1.92it/s][A
Training Epochs:  67%|██████▋   | 134/200 [18:50<09:13,  8.39s/it, -ELBO=0.8824, Potential Metric=0.1138, Entropy Metric=0.0171]

Epoch 134:  38%|███▊      | 6/16 [00:03<00:05,  1.94it/s][A
Training Epochs:  67%|██████▋   | 134/200 [18:50<09:13,  8.39s/it, -ELBO=0.8903, Potential Metric=0.1112, Entropy Metric=0.0183]

Epoch 134:  44%|████▍     | 7/16 [00:03<00:04,  1.96it/s][A
Training Epochs:  67%|██████▋   | 134/200 [18:51<09:13,  8.39s/it, -ELBO=0.8775, Potential Metric=0.1194, Entropy Metric=0.0172]

Epoch 134:  50%|█████     | 8/16 [00:04<00:04,  1.99it/s][A
Training Epochs:  67%|██████▋   | 134/200 [18:51<09:13,  8.39s/it, -ELBO=0.8666, Potential Metric=0.1228, Entropy Metric=0.0175]

Epoch 134:  56%|█████▋    | 9/16 [00:04<00:03,  2.01it/s][A
Training Epochs:  67%|██████▋   | 134/200 [18:52<09:13,  8.39s/it, -ELBO=0.8845, Potential Metric=0.1187, Entropy Metric=0.0170]

Epoch 134:  62%|██████▎   | 10/16 [00:05<00:03,  1.96it/s][A
Training Epochs:  67%|██████▋   | 134/200 [18:52<09:13,  8.39s/it, -ELBO=0.8656, Potential Metric=0.1156, Entropy Metric=0.0180]

Epoch 134:  69%|██████▉   | 11/16 [00:05<00:02,  1.94it/s][A
Training Epochs:  67%|██████▋   | 134/200 [18:53<09:13,  8.39s/it, -ELBO=0.8944, Potential Metric=0.1192, Entropy Metric=0.0173]

Epoch 134:  75%|███████▌  | 12/16 [00:06<00:02,  1.89it/s][A
Training Epochs:  67%|██████▋   | 134/200 [18:53<09:13,  8.39s/it, -ELBO=0.8694, Potential Metric=0.1169, Entropy Metric=0.0169]

Epoch 134:  81%|████████▏ | 13/16 [00:06<00:01,  1.90it/s][A
Training Epochs:  67%|██████▋   | 134/200 [18:54<09:13,  8.39s/it, -ELBO=0.8636, Potential Metric=0.1106, Entropy Metric=0.0169]

Epoch 134:  88%|████████▊ | 14/16 [00:07<00:01,  1.90it/s][A
Training Epochs:  67%|██████▋   | 134/200 [18:54<09:13,  8.39s/it, -ELBO=0.8592, Potential Metric=0.1223, Entropy Metric=0.0177]

Epoch 134:  94%|█████████▍| 15/16 [00:07<00:00,  1.90it/s][A
Training Epochs:  67%|██████▋   | 134/200 [18:55<09:13,  8.39s/it, -ELBO=0.8818, Potential Metric=0.1158, Entropy Metric=0.0189]

Epoch 134: 100%|██████████| 16/16 [00:08<00:00,  1.93it/s][A

                                                          [A
Training Epochs:  68%|██████▊   | 135/200 [18:55<09:03,  8.36s/it, -ELBO=0.8818, Potential Metric=0.1158, Entropy Metric=0.0189]

Epoch 135:   0%|          | 0/16 [00:00<?, ?it/s][A
Training Epochs:  68%|██████▊   | 135/200 [18:55<09:03,  8.36s/it, -ELBO=0.8924, Potential Metric=0.1170, Entropy Metric=0.0182]

Epoch 135:   6%|▋         | 1/16 [00:00<00:08,  1.85it/s][A
Training Epochs:  68%|██████▊   | 135/200 [18:56<09:03,  8.36s/it, -ELBO=0.8845, Potential Metric=0.1200, Entropy Metric=0.0183]

Epoch 135:  12%|█▎        | 2/16 [00:01<00:07,  1.95it/s][A
Training Epochs:  68%|██████▊   | 135/200 [18:56<09:03,  8.36s/it, -ELBO=0.8678, Potential Metric=0.1204, Entropy Metric=0.0184]

Epoch 135:  19%|█▉        | 3/16 [00:01<00:06,  1.97it/s][A
Training Epochs:  68%|██████▊   | 135/200 [18:57<09:03,  8.36s/it, -ELBO=0.8804, Potential Metric=0.1138, Entropy Metric=0.0180]

Epoch 135:  25%|██▌       | 4/16 [00:02<00:06,  1.87it/s][A
Training Epochs:  68%|██████▊   | 135/200 [18:58<09:03,  8.36s/it, -ELBO=0.8643, Potential Metric=0.1094, Entropy Metric=0.0178]

Epoch 135:  31%|███▏      | 5/16 [00:02<00:05,  1.85it/s][A
Training Epochs:  68%|██████▊   | 135/200 [18:58<09:03,  8.36s/it, -ELBO=0.8642, Potential Metric=0.1250, Entropy Metric=0.0195]

Epoch 135:  38%|███▊      | 6/16 [00:03<00:05,  1.69it/s][A
Training Epochs:  68%|██████▊   | 135/200 [18:59<09:03,  8.36s/it, -ELBO=0.8691, Potential Metric=0.1083, Entropy Metric=0.0183]

Epoch 135:  44%|████▍     | 7/16 [00:03<00:05,  1.74it/s][A
Training Epochs:  68%|██████▊   | 135/200 [18:59<09:03,  8.36s/it, -ELBO=0.8807, Potential Metric=0.1132, Entropy Metric=0.0168]

Epoch 135:  50%|█████     | 8/16 [00:04<00:04,  1.76it/s][A
Training Epochs:  68%|██████▊   | 135/200 [19:00<09:03,  8.36s/it, -ELBO=0.8653, Potential Metric=0.1065, Entropy Metric=0.0167]

Epoch 135:  56%|█████▋    | 9/16 [00:04<00:03,  1.84it/s][A
Training Epochs:  68%|██████▊   | 135/200 [19:00<09:03,  8.36s/it, -ELBO=0.8730, Potential Metric=0.1171, Entropy Metric=0.0198]

Epoch 135:  62%|██████▎   | 10/16 [00:05<00:03,  1.91it/s][A
Training Epochs:  68%|██████▊   | 135/200 [19:01<09:03,  8.36s/it, -ELBO=0.9030, Potential Metric=0.0994, Entropy Metric=0.0174]

Epoch 135:  69%|██████▉   | 11/16 [00:05<00:02,  1.93it/s][A
Training Epochs:  68%|██████▊   | 135/200 [19:01<09:03,  8.36s/it, -ELBO=0.8794, Potential Metric=0.1118, Entropy Metric=0.0171]

Epoch 135:  75%|███████▌  | 12/16 [00:06<00:02,  1.86it/s][A
Training Epochs:  68%|██████▊   | 135/200 [19:02<09:03,  8.36s/it, -ELBO=0.8663, Potential Metric=0.1105, Entropy Metric=0.0170]

Epoch 135:  81%|████████▏ | 13/16 [00:07<00:01,  1.82it/s][A
Training Epochs:  68%|██████▊   | 135/200 [19:02<09:03,  8.36s/it, -ELBO=0.8993, Potential Metric=0.1005, Entropy Metric=0.0172]

Epoch 135:  88%|████████▊ | 14/16 [00:07<00:01,  1.88it/s][A
Training Epochs:  68%|██████▊   | 135/200 [19:03<09:03,  8.36s/it, -ELBO=0.8855, Potential Metric=0.1014, Entropy Metric=0.0171]

Epoch 135:  94%|█████████▍| 15/16 [00:08<00:00,  1.95it/s][A
Training Epochs:  68%|██████▊   | 135/200 [19:03<09:03,  8.36s/it, -ELBO=0.8725, Potential Metric=0.1124, Entropy Metric=0.0174]

Epoch 135: 100%|██████████| 16/16 [00:08<00:00,  2.00it/s][A

                                                          [A
Training Epochs:  68%|██████▊   | 136/200 [19:03<08:58,  8.41s/it, -ELBO=0.8725, Potential Metric=0.1124, Entropy Metric=0.0174]

Epoch 136:   0%|          | 0/16 [00:00<?, ?it/s][A
Training Epochs:  68%|██████▊   | 136/200 [19:04<08:58,  8.41s/it, -ELBO=0.8878, Potential Metric=0.1013, Entropy Metric=0.0167]

Epoch 136:   6%|▋         | 1/16 [00:00<00:08,  1.84it/s][A
Training Epochs:  68%|██████▊   | 136/200 [19:05<08:58,  8.41s/it, -ELBO=0.8885, Potential Metric=0.1061, Entropy Metric=0.0175]

Epoch 136:  12%|█▎        | 2/16 [00:01<00:07,  1.79it/s][A
Training Epochs:  68%|██████▊   | 136/200 [19:05<08:58,  8.41s/it, -ELBO=0.8881, Potential Metric=0.1104, Entropy Metric=0.0182]

Epoch 136:  19%|█▉        | 3/16 [00:01<00:06,  1.93it/s][A
Training Epochs:  68%|██████▊   | 136/200 [19:06<08:58,  8.41s/it, -ELBO=0.8630, Potential Metric=0.1114, Entropy Metric=0.0167]

Epoch 136:  25%|██▌       | 4/16 [00:02<00:05,  2.01it/s][A
Training Epochs:  68%|██████▊   | 136/200 [19:06<08:58,  8.41s/it, -ELBO=0.8744, Potential Metric=0.1174, Entropy Metric=0.0185]

Epoch 136:  31%|███▏      | 5/16 [00:02<00:05,  1.93it/s][A
Training Epochs:  68%|██████▊   | 136/200 [19:07<08:58,  8.41s/it, -ELBO=0.8676, Potential Metric=0.1211, Entropy Metric=0.0181]

Epoch 136:  38%|███▊      | 6/16 [00:03<00:05,  1.86it/s][A
Training Epochs:  68%|██████▊   | 136/200 [19:07<08:58,  8.41s/it, -ELBO=0.8659, Potential Metric=0.1165, Entropy Metric=0.0177]

Epoch 136:  44%|████▍     | 7/16 [00:03<00:04,  1.85it/s][A
Training Epochs:  68%|██████▊   | 136/200 [19:08<08:58,  8.41s/it, -ELBO=0.8672, Potential Metric=0.1131, Entropy Metric=0.0175]

Epoch 136:  50%|█████     | 8/16 [00:04<00:04,  1.88it/s][A
Training Epochs:  68%|██████▊   | 136/200 [19:08<08:58,  8.41s/it, -ELBO=0.8660, Potential Metric=0.1163, Entropy Metric=0.0175]

Epoch 136:  56%|█████▋    | 9/16 [00:04<00:03,  1.96it/s][A
Training Epochs:  68%|██████▊   | 136/200 [19:09<08:58,  8.41s/it, -ELBO=0.8594, Potential Metric=0.1082, Entropy Metric=0.0173]

Epoch 136:  62%|██████▎   | 10/16 [00:05<00:03,  1.88it/s][A
Training Epochs:  68%|██████▊   | 136/200 [19:09<08:58,  8.41s/it, -ELBO=0.8755, Potential Metric=0.1067, Entropy Metric=0.0187]

Epoch 136:  69%|██████▉   | 11/16 [00:05<00:02,  1.92it/s][A
Training Epochs:  68%|██████▊   | 136/200 [19:10<08:58,  8.41s/it, -ELBO=0.8434, Potential Metric=0.1221, Entropy Metric=0.0188]

Epoch 136:  75%|███████▌  | 12/16 [00:06<00:02,  1.90it/s][A
Training Epochs:  68%|██████▊   | 136/200 [19:10<08:58,  8.41s/it, -ELBO=0.8767, Potential Metric=0.1158, Entropy Metric=0.0190]

Epoch 136:  81%|████████▏ | 13/16 [00:06<00:01,  1.86it/s][A
Training Epochs:  68%|██████▊   | 136/200 [19:11<08:58,  8.41s/it, -ELBO=0.8820, Potential Metric=0.1104, Entropy Metric=0.0186]

Epoch 136:  88%|████████▊ | 14/16 [00:07<00:01,  1.83it/s][A
Training Epochs:  68%|██████▊   | 136/200 [19:11<08:58,  8.41s/it, -ELBO=0.8605, Potential Metric=0.1189, Entropy Metric=0.0191]

Epoch 136:  94%|█████████▍| 15/16 [00:07<00:00,  1.83it/s][A
Training Epochs:  68%|██████▊   | 136/200 [19:12<08:58,  8.41s/it, -ELBO=0.8638, Potential Metric=0.1110, Entropy Metric=0.0196]

Epoch 136: 100%|██████████| 16/16 [00:08<00:00,  1.79it/s][A

                                                          [A
Training Epochs:  68%|██████▊   | 137/200 [19:12<08:54,  8.49s/it, -ELBO=0.8638, Potential Metric=0.1110, Entropy Metric=0.0196]

Epoch 137:   0%|          | 0/16 [00:00<?, ?it/s][A
Training Epochs:  68%|██████▊   | 137/200 [19:13<08:54,  8.49s/it, -ELBO=0.9025, Potential Metric=0.1055, Entropy Metric=0.0180]

Epoch 137:   6%|▋         | 1/16 [00:00<00:08,  1.74it/s][A
Training Epochs:  68%|██████▊   | 137/200 [19:13<08:54,  8.49s/it, -ELBO=0.8676, Potential Metric=0.1073, Entropy Metric=0.0180]

Epoch 137:  12%|█▎        | 2/16 [00:01<00:07,  1.91it/s][A
Training Epochs:  68%|██████▊   | 137/200 [19:14<08:54,  8.49s/it, -ELBO=0.8678, Potential Metric=0.1095, Entropy Metric=0.0179]

Epoch 137:  19%|█▉        | 3/16 [00:01<00:06,  1.90it/s][A
Training Epochs:  68%|██████▊   | 137/200 [19:14<08:54,  8.49s/it, -ELBO=0.8670, Potential Metric=0.1055, Entropy Metric=0.0179]

Epoch 137:  25%|██▌       | 4/16 [00:02<00:06,  1.90it/s][A
Training Epochs:  68%|██████▊   | 137/200 [19:15<08:54,  8.49s/it, -ELBO=0.8585, Potential Metric=0.1217, Entropy Metric=0.0188]

Epoch 137:  31%|███▏      | 5/16 [00:02<00:05,  2.00it/s][A
Training Epochs:  68%|██████▊   | 137/200 [19:15<08:54,  8.49s/it, -ELBO=0.8541, Potential Metric=0.1182, Entropy Metric=0.0186]

Epoch 137:  38%|███▊      | 6/16 [00:03<00:05,  1.97it/s][A
Training Epochs:  68%|██████▊   | 137/200 [19:16<08:54,  8.49s/it, -ELBO=0.8566, Potential Metric=0.1235, Entropy Metric=0.0187]

Epoch 137:  44%|████▍     | 7/16 [00:03<00:04,  2.01it/s][A
Training Epochs:  68%|██████▊   | 137/200 [19:16<08:54,  8.49s/it, -ELBO=0.8543, Potential Metric=0.1201, Entropy Metric=0.0185]

Epoch 137:  50%|█████     | 8/16 [00:04<00:04,  1.95it/s][A
Training Epochs:  68%|██████▊   | 137/200 [19:17<08:54,  8.49s/it, -ELBO=0.8676, Potential Metric=0.1149, Entropy Metric=0.0188]

Epoch 137:  56%|█████▋    | 9/16 [00:04<00:03,  1.90it/s][A
Training Epochs:  68%|██████▊   | 137/200 [19:17<08:54,  8.49s/it, -ELBO=0.8574, Potential Metric=0.1118, Entropy Metric=0.0186]

Epoch 137:  62%|██████▎   | 10/16 [00:05<00:03,  1.94it/s][A
Training Epochs:  68%|██████▊   | 137/200 [19:18<08:54,  8.49s/it, -ELBO=0.8739, Potential Metric=0.1034, Entropy Metric=0.0180]

Epoch 137:  69%|██████▉   | 11/16 [00:05<00:02,  1.90it/s][A
Training Epochs:  68%|██████▊   | 137/200 [19:18<08:54,  8.49s/it, -ELBO=0.8710, Potential Metric=0.1057, Entropy Metric=0.0185]

Epoch 137:  75%|███████▌  | 12/16 [00:06<00:02,  1.93it/s][A
Training Epochs:  68%|██████▊   | 137/200 [19:19<08:54,  8.49s/it, -ELBO=0.8533, Potential Metric=0.1101, Entropy Metric=0.0185]

Epoch 137:  81%|████████▏ | 13/16 [00:06<00:01,  1.92it/s][A
Training Epochs:  68%|██████▊   | 137/200 [19:19<08:54,  8.49s/it, -ELBO=0.8885, Potential Metric=0.1195, Entropy Metric=0.0185]

Epoch 137:  88%|████████▊ | 14/16 [00:07<00:01,  1.87it/s][A
Training Epochs:  68%|██████▊   | 137/200 [19:20<08:54,  8.49s/it, -ELBO=0.8412, Potential Metric=0.1233, Entropy Metric=0.0196]

Epoch 137:  94%|█████████▍| 15/16 [00:07<00:00,  1.93it/s][A
Training Epochs:  68%|██████▊   | 137/200 [19:20<08:54,  8.49s/it, -ELBO=0.8559, Potential Metric=0.1211, Entropy Metric=0.0182]

Epoch 137: 100%|██████████| 16/16 [00:08<00:00,  1.96it/s][A

                                                          [A
Training Epochs:  69%|██████▉   | 138/200 [19:20<08:44,  8.46s/it, -ELBO=0.8559, Potential Metric=0.1211, Entropy Metric=0.0182]

Epoch 138:   0%|          | 0/16 [00:00<?, ?it/s][A
Training Epochs:  69%|██████▉   | 138/200 [19:21<08:44,  8.46s/it, -ELBO=0.8721, Potential Metric=0.1045, Entropy Metric=0.0173]

Epoch 138:   6%|▋         | 1/16 [00:00<00:08,  1.79it/s][A
Training Epochs:  69%|██████▉   | 138/200 [19:22<08:44,  8.46s/it, -ELBO=0.8553, Potential Metric=0.1156, Entropy Metric=0.0167]

Epoch 138:  12%|█▎        | 2/16 [00:01<00:07,  1.82it/s][A
Training Epochs:  69%|██████▉   | 138/200 [19:22<08:44,  8.46s/it, -ELBO=0.8495, Potential Metric=0.1111, Entropy Metric=0.0184]

Epoch 138:  19%|█▉        | 3/16 [00:01<00:06,  1.86it/s][A
Training Epochs:  69%|██████▉   | 138/200 [19:23<08:44,  8.46s/it, -ELBO=0.8641, Potential Metric=0.1074, Entropy Metric=0.0179]

Epoch 138:  25%|██▌       | 4/16 [00:02<00:07,  1.68it/s][A
Training Epochs:  69%|██████▉   | 138/200 [19:23<08:44,  8.46s/it, -ELBO=0.8574, Potential Metric=0.1077, Entropy Metric=0.0190]

Epoch 138:  31%|███▏      | 5/16 [00:02<00:06,  1.79it/s][A
Training Epochs:  69%|██████▉   | 138/200 [19:24<08:44,  8.46s/it, -ELBO=0.8716, Potential Metric=0.1132, Entropy Metric=0.0174]

Epoch 138:  38%|███▊      | 6/16 [00:03<00:05,  1.86it/s][A
Training Epochs:  69%|██████▉   | 138/200 [19:24<08:44,  8.46s/it, -ELBO=0.8656, Potential Metric=0.1142, Entropy Metric=0.0199]

Epoch 138:  44%|████▍     | 7/16 [00:03<00:04,  1.88it/s][A
Training Epochs:  69%|██████▉   | 138/200 [19:25<08:44,  8.46s/it, -ELBO=0.8491, Potential Metric=0.1107, Entropy Metric=0.0175]

Epoch 138:  50%|█████     | 8/16 [00:04<00:04,  1.91it/s][A
Training Epochs:  69%|██████▉   | 138/200 [19:25<08:44,  8.46s/it, -ELBO=0.8340, Potential Metric=0.1215, Entropy Metric=0.0177]

Epoch 138:  56%|█████▋    | 9/16 [00:04<00:03,  1.93it/s][A
Training Epochs:  69%|██████▉   | 138/200 [19:26<08:44,  8.46s/it, -ELBO=0.8737, Potential Metric=0.1091, Entropy Metric=0.0183]

Epoch 138:  62%|██████▎   | 10/16 [00:05<00:03,  2.00it/s][A
Training Epochs:  69%|██████▉   | 138/200 [19:26<08:44,  8.46s/it, -ELBO=0.8692, Potential Metric=0.1036, Entropy Metric=0.0182]

Epoch 138:  69%|██████▉   | 11/16 [00:05<00:02,  1.96it/s][A
Training Epochs:  69%|██████▉   | 138/200 [19:27<08:44,  8.46s/it, -ELBO=0.8575, Potential Metric=0.1183, Entropy Metric=0.0181]

Epoch 138:  75%|███████▌  | 12/16 [00:06<00:01,  2.03it/s][A
Training Epochs:  69%|██████▉   | 138/200 [19:27<08:44,  8.46s/it, -ELBO=0.8703, Potential Metric=0.1137, Entropy Metric=0.0190]

Epoch 138:  81%|████████▏ | 13/16 [00:06<00:01,  1.98it/s][A
Training Epochs:  69%|██████▉   | 138/200 [19:28<08:44,  8.46s/it, -ELBO=0.8561, Potential Metric=0.1141, Entropy Metric=0.0193]

Epoch 138:  88%|████████▊ | 14/16 [00:07<00:01,  1.91it/s][A
Training Epochs:  69%|██████▉   | 138/200 [19:28<08:44,  8.46s/it, -ELBO=0.8571, Potential Metric=0.1121, Entropy Metric=0.0194]

Epoch 138:  94%|█████████▍| 15/16 [00:07<00:00,  1.87it/s][A
Training Epochs:  69%|██████▉   | 138/200 [19:29<08:44,  8.46s/it, -ELBO=0.8600, Potential Metric=0.1014, Entropy Metric=0.0190]

Epoch 138: 100%|██████████| 16/16 [00:08<00:00,  1.91it/s][A

                                                          [A
Training Epochs:  70%|██████▉   | 139/200 [19:29<08:37,  8.48s/it, -ELBO=0.8600, Potential Metric=0.1014, Entropy Metric=0.0190]

Epoch 139:   0%|          | 0/16 [00:00<?, ?it/s][A
Training Epochs:  70%|██████▉   | 139/200 [19:30<08:37,  8.48s/it, -ELBO=0.8704, Potential Metric=0.1049, Entropy Metric=0.0188]

Epoch 139:   6%|▋         | 1/16 [00:00<00:08,  1.80it/s][A
Training Epochs:  70%|██████▉   | 139/200 [19:30<08:37,  8.48s/it, -ELBO=0.8536, Potential Metric=0.1178, Entropy Metric=0.0203]

Epoch 139:  12%|█▎        | 2/16 [00:01<00:07,  1.90it/s][A
Training Epochs:  70%|██████▉   | 139/200 [19:31<08:37,  8.48s/it, -ELBO=0.8445, Potential Metric=0.1072, Entropy Metric=0.0184]

Epoch 139:  19%|█▉        | 3/16 [00:01<00:06,  2.01it/s][A
Training Epochs:  70%|██████▉   | 139/200 [19:31<08:37,  8.48s/it, -ELBO=0.8667, Potential Metric=0.0978, Entropy Metric=0.0189]

Epoch 139:  25%|██▌       | 4/16 [00:02<00:05,  2.03it/s][A
Training Epochs:  70%|██████▉   | 139/200 [19:32<08:37,  8.48s/it, -ELBO=0.8650, Potential Metric=0.1075, Entropy Metric=0.0182]

Epoch 139:  31%|███▏      | 5/16 [00:02<00:05,  2.01it/s][A
Training Epochs:  70%|██████▉   | 139/200 [19:32<08:37,  8.48s/it, -ELBO=0.8591, Potential Metric=0.1110, Entropy Metric=0.0189]

Epoch 139:  38%|███▊      | 6/16 [00:03<00:05,  1.97it/s][A
Training Epochs:  70%|██████▉   | 139/200 [19:33<08:37,  8.48s/it, -ELBO=0.8576, Potential Metric=0.1106, Entropy Metric=0.0179]

Epoch 139:  44%|████▍     | 7/16 [00:03<00:04,  1.97it/s][A
Training Epochs:  70%|██████▉   | 139/200 [19:33<08:37,  8.48s/it, -ELBO=0.8692, Potential Metric=0.1074, Entropy Metric=0.0196]

Epoch 139:  50%|█████     | 8/16 [00:04<00:04,  1.99it/s][A
Training Epochs:  70%|██████▉   | 139/200 [19:34<08:37,  8.48s/it, -ELBO=0.8551, Potential Metric=0.1105, Entropy Metric=0.0196]

Epoch 139:  56%|█████▋    | 9/16 [00:04<00:03,  1.99it/s][A
Training Epochs:  70%|██████▉   | 139/200 [19:34<08:37,  8.48s/it, -ELBO=0.8445, Potential Metric=0.1122, Entropy Metric=0.0191]

Epoch 139:  62%|██████▎   | 10/16 [00:05<00:02,  2.00it/s][A
Training Epochs:  70%|██████▉   | 139/200 [19:35<08:37,  8.48s/it, -ELBO=0.8787, Potential Metric=0.1059, Entropy Metric=0.0189]

Epoch 139:  69%|██████▉   | 11/16 [00:05<00:02,  1.99it/s][A
Training Epochs:  70%|██████▉   | 139/200 [19:35<08:37,  8.48s/it, -ELBO=0.8421, Potential Metric=0.1161, Entropy Metric=0.0180]

Epoch 139:  75%|███████▌  | 12/16 [00:06<00:01,  2.01it/s][A
Training Epochs:  70%|██████▉   | 139/200 [19:36<08:37,  8.48s/it, -ELBO=0.8546, Potential Metric=0.1142, Entropy Metric=0.0178]

Epoch 139:  81%|████████▏ | 13/16 [00:06<00:01,  1.92it/s][A
Training Epochs:  70%|██████▉   | 139/200 [19:36<08:37,  8.48s/it, -ELBO=0.8644, Potential Metric=0.1086, Entropy Metric=0.0166]

Epoch 139:  88%|████████▊ | 14/16 [00:07<00:01,  1.99it/s][A
Training Epochs:  70%|██████▉   | 139/200 [19:37<08:37,  8.48s/it, -ELBO=0.8405, Potential Metric=0.1198, Entropy Metric=0.0171]

Epoch 139:  94%|█████████▍| 15/16 [00:07<00:00,  1.93it/s][A
Training Epochs:  70%|██████▉   | 139/200 [19:37<08:37,  8.48s/it, -ELBO=0.8646, Potential Metric=0.1154, Entropy Metric=0.0169]

Epoch 139: 100%|██████████| 16/16 [00:08<00:00,  1.88it/s][A

                                                          [A
Training Epochs:  70%|███████   | 140/200 [19:37<08:25,  8.43s/it, -ELBO=0.8646, Potential Metric=0.1154, Entropy Metric=0.0169]

Epoch 140:   0%|          | 0/16 [00:00<?, ?it/s][A
Training Epochs:  70%|███████   | 140/200 [19:38<08:25,  8.43s/it, -ELBO=0.8441, Potential Metric=0.1207, Entropy Metric=0.0170]

Epoch 140:   6%|▋         | 1/16 [00:00<00:08,  1.79it/s][A
Training Epochs:  70%|███████   | 140/200 [19:38<08:25,  8.43s/it, -ELBO=0.8376, Potential Metric=0.1243, Entropy Metric=0.0169]

Epoch 140:  12%|█▎        | 2/16 [00:01<00:07,  1.96it/s][A
Training Epochs:  70%|███████   | 140/200 [19:39<08:25,  8.43s/it, -ELBO=0.8683, Potential Metric=0.1050, Entropy Metric=0.0177]

Epoch 140:  19%|█▉        | 3/16 [00:01<00:06,  1.95it/s][A
Training Epochs:  70%|███████   | 140/200 [19:39<08:25,  8.43s/it, -ELBO=0.8485, Potential Metric=0.1228, Entropy Metric=0.0178]

Epoch 140:  25%|██▌       | 4/16 [00:02<00:06,  1.90it/s][A
Training Epochs:  70%|███████   | 140/200 [19:40<08:25,  8.43s/it, -ELBO=0.8492, Potential Metric=0.1162, Entropy Metric=0.0172]

Epoch 140:  31%|███▏      | 5/16 [00:02<00:05,  1.91it/s][A
Training Epochs:  70%|███████   | 140/200 [19:41<08:25,  8.43s/it, -ELBO=0.8692, Potential Metric=0.1072, Entropy Metric=0.0187]

Epoch 140:  38%|███▊      | 6/16 [00:03<00:05,  1.94it/s][A
Training Epochs:  70%|███████   | 140/200 [19:41<08:25,  8.43s/it, -ELBO=0.8522, Potential Metric=0.1069, Entropy Metric=0.0181]

Epoch 140:  44%|████▍     | 7/16 [00:03<00:04,  1.95it/s][A
Training Epochs:  70%|███████   | 140/200 [19:42<08:25,  8.43s/it, -ELBO=0.8521, Potential Metric=0.1122, Entropy Metric=0.0181]

Epoch 140:  50%|█████     | 8/16 [00:04<00:04,  1.97it/s][A
Training Epochs:  70%|███████   | 140/200 [19:42<08:25,  8.43s/it, -ELBO=0.8589, Potential Metric=0.1058, Entropy Metric=0.0176]

Epoch 140:  56%|█████▋    | 9/16 [00:04<00:03,  1.98it/s][A
Training Epochs:  70%|███████   | 140/200 [19:43<08:25,  8.43s/it, -ELBO=0.8460, Potential Metric=0.1051, Entropy Metric=0.0180]

Epoch 140:  62%|██████▎   | 10/16 [00:05<00:03,  1.95it/s][A
Training Epochs:  70%|███████   | 140/200 [19:43<08:25,  8.43s/it, -ELBO=0.8781, Potential Metric=0.0984, Entropy Metric=0.0167]

Epoch 140:  69%|██████▉   | 11/16 [00:05<00:02,  2.03it/s][A
Training Epochs:  70%|███████   | 140/200 [19:44<08:25,  8.43s/it, -ELBO=0.8416, Potential Metric=0.0980, Entropy Metric=0.0165]

Epoch 140:  75%|███████▌  | 12/16 [00:06<00:02,  1.98it/s][A
Training Epochs:  70%|███████   | 140/200 [19:44<08:25,  8.43s/it, -ELBO=0.8253, Potential Metric=0.1120, Entropy Metric=0.0182]

Epoch 140:  81%|████████▏ | 13/16 [00:06<00:01,  1.99it/s][A
Training Epochs:  70%|███████   | 140/200 [19:45<08:25,  8.43s/it, -ELBO=0.8368, Potential Metric=0.1155, Entropy Metric=0.0182]

Epoch 140:  88%|████████▊ | 14/16 [00:07<00:01,  1.97it/s][A
Training Epochs:  70%|███████   | 140/200 [19:45<08:25,  8.43s/it, -ELBO=0.8488, Potential Metric=0.1114, Entropy Metric=0.0186]

Epoch 140:  94%|█████████▍| 15/16 [00:07<00:00,  2.01it/s][A
Training Epochs:  70%|███████   | 140/200 [19:46<08:25,  8.43s/it, -ELBO=0.8423, Potential Metric=0.1147, Entropy Metric=0.0170]

Epoch 140: 100%|██████████| 16/16 [00:08<00:00,  1.88it/s][A

                                                          [A
Training Epochs:  70%|███████   | 141/200 [19:46<08:15,  8.40s/it, -ELBO=0.8423, Potential Metric=0.1147, Entropy Metric=0.0170]

Epoch 141:   0%|          | 0/16 [00:00<?, ?it/s][A
Training Epochs:  70%|███████   | 141/200 [19:46<08:15,  8.40s/it, -ELBO=0.8748, Potential Metric=0.1128, Entropy Metric=0.0180]

Epoch 141:   6%|▋         | 1/16 [00:00<00:08,  1.77it/s][A
Training Epochs:  70%|███████   | 141/200 [19:47<08:15,  8.40s/it, -ELBO=0.8556, Potential Metric=0.1045, Entropy Metric=0.0169]

Epoch 141:  12%|█▎        | 2/16 [00:01<00:08,  1.74it/s][A
Training Epochs:  70%|███████   | 141/200 [19:47<08:15,  8.40s/it, -ELBO=0.8637, Potential Metric=0.1064, Entropy Metric=0.0171]

Epoch 141:  19%|█▉        | 3/16 [00:01<00:07,  1.79it/s][A
Training Epochs:  70%|███████   | 141/200 [19:48<08:15,  8.40s/it, -ELBO=0.8459, Potential Metric=0.1078, Entropy Metric=0.0181]

Epoch 141:  25%|██▌       | 4/16 [00:02<00:06,  1.82it/s][A
Training Epochs:  70%|███████   | 141/200 [19:48<08:15,  8.40s/it, -ELBO=0.8319, Potential Metric=0.1037, Entropy Metric=0.0167]

Epoch 141:  31%|███▏      | 5/16 [00:02<00:05,  1.87it/s][A
Training Epochs:  70%|███████   | 141/200 [19:49<08:15,  8.40s/it, -ELBO=0.8478, Potential Metric=0.1048, Entropy Metric=0.0172]

Epoch 141:  38%|███▊      | 6/16 [00:03<00:05,  1.83it/s][A
Training Epochs:  70%|███████   | 141/200 [19:50<08:15,  8.40s/it, -ELBO=0.8499, Potential Metric=0.1134, Entropy Metric=0.0180]

Epoch 141:  44%|████▍     | 7/16 [00:03<00:05,  1.73it/s][A
Training Epochs:  70%|███████   | 141/200 [19:50<08:15,  8.40s/it, -ELBO=0.8392, Potential Metric=0.1074, Entropy Metric=0.0174]

Epoch 141:  50%|█████     | 8/16 [00:04<00:04,  1.74it/s][A
Training Epochs:  70%|███████   | 141/200 [19:51<08:15,  8.40s/it, -ELBO=0.8331, Potential Metric=0.1179, Entropy Metric=0.0173]

Epoch 141:  56%|█████▋    | 9/16 [00:05<00:03,  1.81it/s][A
Training Epochs:  70%|███████   | 141/200 [19:51<08:15,  8.40s/it, -ELBO=0.8329, Potential Metric=0.1105, Entropy Metric=0.0163]

Epoch 141:  62%|██████▎   | 10/16 [00:05<00:03,  1.87it/s][A
Training Epochs:  70%|███████   | 141/200 [19:52<08:15,  8.40s/it, -ELBO=0.8453, Potential Metric=0.1131, Entropy Metric=0.0166]

Epoch 141:  69%|██████▉   | 11/16 [00:06<00:02,  1.89it/s][A
Training Epochs:  70%|███████   | 141/200 [19:52<08:15,  8.40s/it, -ELBO=0.8319, Potential Metric=0.1220, Entropy Metric=0.0179]

Epoch 141:  75%|███████▌  | 12/16 [00:06<00:02,  1.94it/s][A
Training Epochs:  70%|███████   | 141/200 [19:53<08:15,  8.40s/it, -ELBO=0.8326, Potential Metric=0.1281, Entropy Metric=0.0179]

Epoch 141:  81%|████████▏ | 13/16 [00:06<00:01,  1.98it/s][A
Training Epochs:  70%|███████   | 141/200 [19:53<08:15,  8.40s/it, -ELBO=0.8689, Potential Metric=0.1218, Entropy Metric=0.0186]

Epoch 141:  88%|████████▊ | 14/16 [00:07<00:01,  1.94it/s][A
Training Epochs:  70%|███████   | 141/200 [19:54<08:15,  8.40s/it, -ELBO=0.8369, Potential Metric=0.1218, Entropy Metric=0.0185]

Epoch 141:  94%|█████████▍| 15/16 [00:08<00:00,  1.92it/s][A
Training Epochs:  70%|███████   | 141/200 [19:54<08:15,  8.40s/it, -ELBO=0.8580, Potential Metric=0.1033, Entropy Metric=0.0174]

Epoch 141: 100%|██████████| 16/16 [00:08<00:00,  1.93it/s][A

                                                          [A
Training Epochs:  71%|███████   | 142/200 [19:54<08:11,  8.48s/it, -ELBO=0.8580, Potential Metric=0.1033, Entropy Metric=0.0174]

Epoch 142:   0%|          | 0/16 [00:00<?, ?it/s][A
Training Epochs:  71%|███████   | 142/200 [19:55<08:11,  8.48s/it, -ELBO=0.8556, Potential Metric=0.1098, Entropy Metric=0.0183]

Epoch 142:   6%|▋         | 1/16 [00:00<00:08,  1.83it/s][A
Training Epochs:  71%|███████   | 142/200 [19:55<08:11,  8.48s/it, -ELBO=0.8067, Potential Metric=0.1041, Entropy Metric=0.0173]

Epoch 142:  12%|█▎        | 2/16 [00:01<00:07,  1.89it/s][A
Training Epochs:  71%|███████   | 142/200 [19:56<08:11,  8.48s/it, -ELBO=0.8498, Potential Metric=0.1136, Entropy Metric=0.0179]

Epoch 142:  19%|█▉        | 3/16 [00:01<00:06,  1.88it/s][A
Training Epochs:  71%|███████   | 142/200 [19:56<08:11,  8.48s/it, -ELBO=0.8617, Potential Metric=0.1192, Entropy Metric=0.0185]

Epoch 142:  25%|██▌       | 4/16 [00:02<00:06,  1.88it/s][A
Training Epochs:  71%|███████   | 142/200 [19:57<08:11,  8.48s/it, -ELBO=0.8428, Potential Metric=0.1099, Entropy Metric=0.0185]

Epoch 142:  31%|███▏      | 5/16 [00:02<00:05,  1.88it/s][A
Training Epochs:  71%|███████   | 142/200 [19:57<08:11,  8.48s/it, -ELBO=0.8135, Potential Metric=0.1177, Entropy Metric=0.0183]

Epoch 142:  38%|███▊      | 6/16 [00:03<00:05,  1.90it/s][A
Training Epochs:  71%|███████   | 142/200 [19:58<08:11,  8.48s/it, -ELBO=0.8341, Potential Metric=0.1077, Entropy Metric=0.0167]

Epoch 142:  44%|████▍     | 7/16 [00:03<00:04,  1.92it/s][A
Training Epochs:  71%|███████   | 142/200 [19:58<08:11,  8.48s/it, -ELBO=0.8429, Potential Metric=0.1171, Entropy Metric=0.0179]

Epoch 142:  50%|█████     | 8/16 [00:04<00:04,  1.97it/s][A
Training Epochs:  71%|███████   | 142/200 [19:59<08:11,  8.48s/it, -ELBO=0.8362, Potential Metric=0.1147, Entropy Metric=0.0173]

Epoch 142:  56%|█████▋    | 9/16 [00:04<00:03,  1.96it/s][A
Training Epochs:  71%|███████   | 142/200 [19:59<08:11,  8.48s/it, -ELBO=0.8513, Potential Metric=0.1202, Entropy Metric=0.0188]

Epoch 142:  62%|██████▎   | 10/16 [00:05<00:03,  1.97it/s][A
Training Epochs:  71%|███████   | 142/200 [20:00<08:11,  8.48s/it, -ELBO=0.8494, Potential Metric=0.1114, Entropy Metric=0.0189]

Epoch 142:  69%|██████▉   | 11/16 [00:05<00:02,  1.93it/s][A
Training Epochs:  71%|███████   | 142/200 [20:01<08:11,  8.48s/it, -ELBO=0.8284, Potential Metric=0.1116, Entropy Metric=0.0187]

Epoch 142:  75%|███████▌  | 12/16 [00:06<00:02,  1.94it/s][A
Training Epochs:  71%|███████   | 142/200 [20:01<08:11,  8.48s/it, -ELBO=0.8277, Potential Metric=0.1079, Entropy Metric=0.0184]

Epoch 142:  81%|████████▏ | 13/16 [00:06<00:01,  1.94it/s][A
Training Epochs:  71%|███████   | 142/200 [20:02<08:11,  8.48s/it, -ELBO=0.8589, Potential Metric=0.1190, Entropy Metric=0.0194]

Epoch 142:  88%|████████▊ | 14/16 [00:07<00:01,  1.89it/s][A
Training Epochs:  71%|███████   | 142/200 [20:02<08:11,  8.48s/it, -ELBO=0.8625, Potential Metric=0.1095, Entropy Metric=0.0199]

Epoch 142:  94%|█████████▍| 15/16 [00:07<00:00,  1.93it/s][A
Training Epochs:  71%|███████   | 142/200 [20:03<08:11,  8.48s/it, -ELBO=0.8533, Potential Metric=0.1089, Entropy Metric=0.0190]

Epoch 142: 100%|██████████| 16/16 [00:08<00:00,  1.92it/s][A

                                                          [A
Training Epochs:  72%|███████▏  | 143/200 [20:03<08:01,  8.44s/it, -ELBO=0.8533, Potential Metric=0.1089, Entropy Metric=0.0190]

Epoch 143:   0%|          | 0/16 [00:00<?, ?it/s][A
Training Epochs:  72%|███████▏  | 143/200 [20:03<08:01,  8.44s/it, -ELBO=0.8460, Potential Metric=0.1146, Entropy Metric=0.0195]

Epoch 143:   6%|▋         | 1/16 [00:00<00:09,  1.66it/s][A
Training Epochs:  72%|███████▏  | 143/200 [20:04<08:01,  8.44s/it, -ELBO=0.8523, Potential Metric=0.1109, Entropy Metric=0.0186]

Epoch 143:  12%|█▎        | 2/16 [00:01<00:07,  1.84it/s][A
Training Epochs:  72%|███████▏  | 143/200 [20:04<08:01,  8.44s/it, -ELBO=0.8457, Potential Metric=0.1102, Entropy Metric=0.0192]

Epoch 143:  19%|█▉        | 3/16 [00:01<00:06,  1.86it/s][A
Training Epochs:  72%|███████▏  | 143/200 [20:05<08:01,  8.44s/it, -ELBO=0.8233, Potential Metric=0.1176, Entropy Metric=0.0190]

Epoch 143:  25%|██▌       | 4/16 [00:02<00:06,  1.87it/s][A
Training Epochs:  72%|███████▏  | 143/200 [20:05<08:01,  8.44s/it, -ELBO=0.8292, Potential Metric=0.1161, Entropy Metric=0.0179]

Epoch 143:  31%|███▏      | 5/16 [00:02<00:05,  1.92it/s][A
Training Epochs:  72%|███████▏  | 143/200 [20:06<08:01,  8.44s/it, -ELBO=0.8458, Potential Metric=0.1165, Entropy Metric=0.0192]

Epoch 143:  38%|███▊      | 6/16 [00:03<00:05,  1.91it/s][A
Training Epochs:  72%|███████▏  | 143/200 [20:06<08:01,  8.44s/it, -ELBO=0.8345, Potential Metric=0.1134, Entropy Metric=0.0179]

Epoch 143:  44%|████▍     | 7/16 [00:03<00:04,  1.96it/s][A
Training Epochs:  72%|███████▏  | 143/200 [20:07<08:01,  8.44s/it, -ELBO=0.8406, Potential Metric=0.1039, Entropy Metric=0.0182]

Epoch 143:  50%|█████     | 8/16 [00:04<00:04,  1.91it/s][A
Training Epochs:  72%|███████▏  | 143/200 [20:07<08:01,  8.44s/it, -ELBO=0.8169, Potential Metric=0.1016, Entropy Metric=0.0180]

Epoch 143:  56%|█████▋    | 9/16 [00:04<00:03,  1.95it/s][A
Training Epochs:  72%|███████▏  | 143/200 [20:08<08:01,  8.44s/it, -ELBO=0.8147, Potential Metric=0.1107, Entropy Metric=0.0180]

Epoch 143:  62%|██████▎   | 10/16 [00:05<00:03,  1.91it/s][A
Training Epochs:  72%|███████▏  | 143/200 [20:08<08:01,  8.44s/it, -ELBO=0.8343, Potential Metric=0.1076, Entropy Metric=0.0185]

Epoch 143:  69%|██████▉   | 11/16 [00:05<00:02,  1.95it/s][A
Training Epochs:  72%|███████▏  | 143/200 [20:09<08:01,  8.44s/it, -ELBO=0.8390, Potential Metric=0.1143, Entropy Metric=0.0175]

Epoch 143:  75%|███████▌  | 12/16 [00:06<00:02,  1.96it/s][A
Training Epochs:  72%|███████▏  | 143/200 [20:09<08:01,  8.44s/it, -ELBO=0.8414, Potential Metric=0.1089, Entropy Metric=0.0192]

Epoch 143:  81%|████████▏ | 13/16 [00:06<00:01,  1.94it/s][A
Training Epochs:  72%|███████▏  | 143/200 [20:10<08:01,  8.44s/it, -ELBO=0.8537, Potential Metric=0.1004, Entropy Metric=0.0182]

Epoch 143:  88%|████████▊ | 14/16 [00:07<00:01,  1.88it/s][A
Training Epochs:  72%|███████▏  | 143/200 [20:11<08:01,  8.44s/it, -ELBO=0.8081, Potential Metric=0.1288, Entropy Metric=0.0192]

Epoch 143:  94%|█████████▍| 15/16 [00:07<00:00,  1.90it/s][A
Training Epochs:  72%|███████▏  | 143/200 [20:11<08:01,  8.44s/it, -ELBO=0.8177, Potential Metric=0.1141, Entropy Metric=0.0179]

Epoch 143: 100%|██████████| 16/16 [00:08<00:00,  1.93it/s][A

                                                          [A
Training Epochs:  72%|███████▏  | 144/200 [20:11<07:52,  8.43s/it, -ELBO=0.8177, Potential Metric=0.1141, Entropy Metric=0.0179]

Epoch 144:   0%|          | 0/16 [00:00<?, ?it/s][A
Training Epochs:  72%|███████▏  | 144/200 [20:12<07:52,  8.43s/it, -ELBO=0.8354, Potential Metric=0.1094, Entropy Metric=0.0178]

Epoch 144:   6%|▋         | 1/16 [00:00<00:07,  2.12it/s][A
Training Epochs:  72%|███████▏  | 144/200 [20:12<07:52,  8.43s/it, -ELBO=0.8348, Potential Metric=0.1152, Entropy Metric=0.0182]

Epoch 144:  12%|█▎        | 2/16 [00:00<00:06,  2.04it/s][A
Training Epochs:  72%|███████▏  | 144/200 [20:13<07:52,  8.43s/it, -ELBO=0.8185, Potential Metric=0.1122, Entropy Metric=0.0175]

Epoch 144:  19%|█▉        | 3/16 [00:01<00:06,  2.02it/s][A
Training Epochs:  72%|███████▏  | 144/200 [20:13<07:52,  8.43s/it, -ELBO=0.8365, Potential Metric=0.1131, Entropy Metric=0.0183]

Epoch 144:  25%|██▌       | 4/16 [00:02<00:06,  1.94it/s][A
Training Epochs:  72%|███████▏  | 144/200 [20:14<07:52,  8.43s/it, -ELBO=0.8178, Potential Metric=0.1249, Entropy Metric=0.0182]

Epoch 144:  31%|███▏      | 5/16 [00:02<00:05,  1.89it/s][A
Training Epochs:  72%|███████▏  | 144/200 [20:14<07:52,  8.43s/it, -ELBO=0.8251, Potential Metric=0.1101, Entropy Metric=0.0173]

Epoch 144:  38%|███▊      | 6/16 [00:03<00:05,  1.88it/s][A
Training Epochs:  72%|███████▏  | 144/200 [20:15<07:52,  8.43s/it, -ELBO=0.8245, Potential Metric=0.1046, Entropy Metric=0.0172]

Epoch 144:  44%|████▍     | 7/16 [00:03<00:04,  1.89it/s][A
Training Epochs:  72%|███████▏  | 144/200 [20:15<07:52,  8.43s/it, -ELBO=0.8339, Potential Metric=0.1194, Entropy Metric=0.0177]

Epoch 144:  50%|█████     | 8/16 [00:04<00:04,  1.71it/s][A
Training Epochs:  72%|███████▏  | 144/200 [20:16<07:52,  8.43s/it, -ELBO=0.8375, Potential Metric=0.1029, Entropy Metric=0.0171]

Epoch 144:  56%|█████▋    | 9/16 [00:04<00:03,  1.82it/s][A
Training Epochs:  72%|███████▏  | 144/200 [20:16<07:52,  8.43s/it, -ELBO=0.8275, Potential Metric=0.1161, Entropy Metric=0.0176]

Epoch 144:  62%|██████▎   | 10/16 [00:05<00:03,  1.85it/s][A
Training Epochs:  72%|███████▏  | 144/200 [20:17<07:52,  8.43s/it, -ELBO=0.8194, Potential Metric=0.1164, Entropy Metric=0.0189]

Epoch 144:  69%|██████▉   | 11/16 [00:05<00:02,  1.92it/s][A
Training Epochs:  72%|███████▏  | 144/200 [20:17<07:52,  8.43s/it, -ELBO=0.8318, Potential Metric=0.0967, Entropy Metric=0.0167]

Epoch 144:  75%|███████▌  | 12/16 [00:06<00:02,  1.98it/s][A
Training Epochs:  72%|███████▏  | 144/200 [20:18<07:52,  8.43s/it, -ELBO=0.8130, Potential Metric=0.1077, Entropy Metric=0.0177]

Epoch 144:  81%|████████▏ | 13/16 [00:06<00:01,  1.96it/s][A
Training Epochs:  72%|███████▏  | 144/200 [20:18<07:52,  8.43s/it, -ELBO=0.8251, Potential Metric=0.1143, Entropy Metric=0.0193]

Epoch 144:  88%|████████▊ | 14/16 [00:07<00:01,  1.96it/s][A
Training Epochs:  72%|███████▏  | 144/200 [20:19<07:52,  8.43s/it, -ELBO=0.8254, Potential Metric=0.1067, Entropy Metric=0.0176]

Epoch 144:  94%|█████████▍| 15/16 [00:07<00:00,  1.98it/s][A
Training Epochs:  72%|███████▏  | 144/200 [20:19<07:52,  8.43s/it, -ELBO=0.8230, Potential Metric=0.1179, Entropy Metric=0.0183]

Epoch 144: 100%|██████████| 16/16 [00:08<00:00,  1.94it/s][A

                                                          [A
Training Epochs:  72%|███████▎  | 145/200 [20:19<07:42,  8.42s/it, -ELBO=0.8230, Potential Metric=0.1179, Entropy Metric=0.0183]

Epoch 145:   0%|          | 0/16 [00:00<?, ?it/s][A
Training Epochs:  72%|███████▎  | 145/200 [20:20<07:42,  8.42s/it, -ELBO=0.8056, Potential Metric=0.1133, Entropy Metric=0.0181]

Epoch 145:   6%|▋         | 1/16 [00:00<00:07,  2.03it/s][A
Training Epochs:  72%|███████▎  | 145/200 [20:20<07:42,  8.42s/it, -ELBO=0.8253, Potential Metric=0.1138, Entropy Metric=0.0178]

Epoch 145:  12%|█▎        | 2/16 [00:01<00:07,  1.96it/s][A
Training Epochs:  72%|███████▎  | 145/200 [20:21<07:42,  8.42s/it, -ELBO=0.8033, Potential Metric=0.1108, Entropy Metric=0.0175]

Epoch 145:  19%|█▉        | 3/16 [00:01<00:06,  2.06it/s][A
Training Epochs:  72%|███████▎  | 145/200 [20:21<07:42,  8.42s/it, -ELBO=0.8307, Potential Metric=0.1109, Entropy Metric=0.0163]

Epoch 145:  25%|██▌       | 4/16 [00:01<00:05,  2.04it/s][A
Training Epochs:  72%|███████▎  | 145/200 [20:22<07:42,  8.42s/it, -ELBO=0.8438, Potential Metric=0.1071, Entropy Metric=0.0177]

Epoch 145:  31%|███▏      | 5/16 [00:02<00:05,  2.00it/s][A
Training Epochs:  72%|███████▎  | 145/200 [20:22<07:42,  8.42s/it, -ELBO=0.8216, Potential Metric=0.1147, Entropy Metric=0.0177]

Epoch 145:  38%|███▊      | 6/16 [00:02<00:04,  2.01it/s][A
Training Epochs:  72%|███████▎  | 145/200 [20:23<07:42,  8.42s/it, -ELBO=0.8463, Potential Metric=0.1170, Entropy Metric=0.0184]

Epoch 145:  44%|████▍     | 7/16 [00:03<00:04,  1.88it/s][A
Training Epochs:  72%|███████▎  | 145/200 [20:24<07:42,  8.42s/it, -ELBO=0.8121, Potential Metric=0.1173, Entropy Metric=0.0180]

Epoch 145:  50%|█████     | 8/16 [00:04<00:04,  1.91it/s][A
Training Epochs:  72%|███████▎  | 145/200 [20:24<07:42,  8.42s/it, -ELBO=0.8424, Potential Metric=0.1144, Entropy Metric=0.0189]

Epoch 145:  56%|█████▋    | 9/16 [00:04<00:03,  1.90it/s][A
Training Epochs:  72%|███████▎  | 145/200 [20:25<07:42,  8.42s/it, -ELBO=0.8063, Potential Metric=0.1169, Entropy Metric=0.0194]

Epoch 145:  62%|██████▎   | 10/16 [00:05<00:03,  1.92it/s][A
Training Epochs:  72%|███████▎  | 145/200 [20:25<07:42,  8.42s/it, -ELBO=0.8412, Potential Metric=0.1138, Entropy Metric=0.0202]

Epoch 145:  69%|██████▉   | 11/16 [00:05<00:02,  1.95it/s][A
Training Epochs:  72%|███████▎  | 145/200 [20:26<07:42,  8.42s/it, -ELBO=0.8338, Potential Metric=0.1214, Entropy Metric=0.0213]

Epoch 145:  75%|███████▌  | 12/16 [00:06<00:02,  2.00it/s][A
Training Epochs:  72%|███████▎  | 145/200 [20:26<07:42,  8.42s/it, -ELBO=0.8227, Potential Metric=0.1180, Entropy Metric=0.0211]

Epoch 145:  81%|████████▏ | 13/16 [00:06<00:01,  2.01it/s][A
Training Epochs:  72%|███████▎  | 145/200 [20:27<07:42,  8.42s/it, -ELBO=0.8223, Potential Metric=0.1111, Entropy Metric=0.0205]

Epoch 145:  88%|████████▊ | 14/16 [00:07<00:01,  1.99it/s][A
Training Epochs:  72%|███████▎  | 145/200 [20:27<07:42,  8.42s/it, -ELBO=0.8208, Potential Metric=0.1179, Entropy Metric=0.0208]

Epoch 145:  94%|█████████▍| 15/16 [00:07<00:00,  2.02it/s][A
Training Epochs:  72%|███████▎  | 145/200 [20:28<07:42,  8.42s/it, -ELBO=0.8224, Potential Metric=0.1067, Entropy Metric=0.0178]

Epoch 145: 100%|██████████| 16/16 [00:08<00:00,  1.98it/s][A

                                                          [A
Training Epochs:  73%|███████▎  | 146/200 [20:28<07:30,  8.34s/it, -ELBO=0.8224, Potential Metric=0.1067, Entropy Metric=0.0178]

Epoch 146:   0%|          | 0/16 [00:00<?, ?it/s][A
Training Epochs:  73%|███████▎  | 146/200 [20:28<07:30,  8.34s/it, -ELBO=0.8433, Potential Metric=0.1038, Entropy Metric=0.0181]

Epoch 146:   6%|▋         | 1/16 [00:00<00:08,  1.72it/s][A
Training Epochs:  73%|███████▎  | 146/200 [20:29<07:30,  8.34s/it, -ELBO=0.8291, Potential Metric=0.1126, Entropy Metric=0.0196]

Epoch 146:  12%|█▎        | 2/16 [00:01<00:07,  1.86it/s][A
Training Epochs:  73%|███████▎  | 146/200 [20:29<07:30,  8.34s/it, -ELBO=0.8151, Potential Metric=0.1124, Entropy Metric=0.0192]

Epoch 146:  19%|█▉        | 3/16 [00:01<00:06,  1.95it/s][A
Training Epochs:  73%|███████▎  | 146/200 [20:30<07:30,  8.34s/it, -ELBO=0.8107, Potential Metric=0.1184, Entropy Metric=0.0193]

Epoch 146:  25%|██▌       | 4/16 [00:02<00:06,  1.98it/s][A
Training Epochs:  73%|███████▎  | 146/200 [20:30<07:30,  8.34s/it, -ELBO=0.8167, Potential Metric=0.1172, Entropy Metric=0.0185]

Epoch 146:  31%|███▏      | 5/16 [00:02<00:05,  1.99it/s][A
Training Epochs:  73%|███████▎  | 146/200 [20:31<07:30,  8.34s/it, -ELBO=0.8037, Potential Metric=0.1194, Entropy Metric=0.0199]

Epoch 146:  38%|███▊      | 6/16 [00:03<00:04,  2.04it/s][A
Training Epochs:  73%|███████▎  | 146/200 [20:31<07:30,  8.34s/it, -ELBO=0.8094, Potential Metric=0.1160, Entropy Metric=0.0197]

Epoch 146:  44%|████▍     | 7/16 [00:03<00:04,  1.97it/s][A
Training Epochs:  73%|███████▎  | 146/200 [20:32<07:30,  8.34s/it, -ELBO=0.7937, Potential Metric=0.1240, Entropy Metric=0.0188]

Epoch 146:  50%|█████     | 8/16 [00:04<00:03,  2.04it/s][A
Training Epochs:  73%|███████▎  | 146/200 [20:32<07:30,  8.34s/it, -ELBO=0.8398, Potential Metric=0.1033, Entropy Metric=0.0172]

Epoch 146:  56%|█████▋    | 9/16 [00:04<00:03,  2.06it/s][A
Training Epochs:  73%|███████▎  | 146/200 [20:33<07:30,  8.34s/it, -ELBO=0.8404, Potential Metric=0.1140, Entropy Metric=0.0190]

Epoch 146:  62%|██████▎   | 10/16 [00:05<00:03,  2.00it/s][A
Training Epochs:  73%|███████▎  | 146/200 [20:33<07:30,  8.34s/it, -ELBO=0.8317, Potential Metric=0.1092, Entropy Metric=0.0187]

Epoch 146:  69%|██████▉   | 11/16 [00:05<00:02,  1.95it/s][A
Training Epochs:  73%|███████▎  | 146/200 [20:34<07:30,  8.34s/it, -ELBO=0.8091, Potential Metric=0.1069, Entropy Metric=0.0175]

Epoch 146:  75%|███████▌  | 12/16 [00:06<00:02,  1.97it/s][A
Training Epochs:  73%|███████▎  | 146/200 [20:34<07:30,  8.34s/it, -ELBO=0.8384, Potential Metric=0.0972, Entropy Metric=0.0183]

Epoch 146:  81%|████████▏ | 13/16 [00:06<00:01,  1.98it/s][A
Training Epochs:  73%|███████▎  | 146/200 [20:35<07:30,  8.34s/it, -ELBO=0.8189, Potential Metric=0.1031, Entropy Metric=0.0187]

Epoch 146:  88%|████████▊ | 14/16 [00:07<00:00,  2.01it/s][A
Training Epochs:  73%|███████▎  | 146/200 [20:35<07:30,  8.34s/it, -ELBO=0.7913, Potential Metric=0.1107, Entropy Metric=0.0185]

Epoch 146:  94%|█████████▍| 15/16 [00:07<00:00,  2.04it/s][A
Training Epochs:  73%|███████▎  | 146/200 [20:36<07:30,  8.34s/it, -ELBO=0.8296, Potential Metric=0.1097, Entropy Metric=0.0183]

Epoch 146: 100%|██████████| 16/16 [00:08<00:00,  2.03it/s][A

                                                          [A
Training Epochs:  74%|███████▎  | 147/200 [20:36<07:18,  8.27s/it, -ELBO=0.8296, Potential Metric=0.1097, Entropy Metric=0.0183]

Epoch 147:   0%|          | 0/16 [00:00<?, ?it/s][A
Training Epochs:  74%|███████▎  | 147/200 [20:36<07:18,  8.27s/it, -ELBO=0.8067, Potential Metric=0.1138, Entropy Metric=0.0190]

Epoch 147:   6%|▋         | 1/16 [00:00<00:08,  1.77it/s][A
Training Epochs:  74%|███████▎  | 147/200 [20:37<07:18,  8.27s/it, -ELBO=0.8188, Potential Metric=0.1134, Entropy Metric=0.0202]

Epoch 147:  12%|█▎        | 2/16 [00:01<00:07,  1.82it/s][A
Training Epochs:  74%|███████▎  | 147/200 [20:37<07:18,  8.27s/it, -ELBO=0.8027, Potential Metric=0.1132, Entropy Metric=0.0177]

Epoch 147:  19%|█▉        | 3/16 [00:01<00:06,  1.88it/s][A
Training Epochs:  74%|███████▎  | 147/200 [20:38<07:18,  8.27s/it, -ELBO=0.8136, Potential Metric=0.1112, Entropy Metric=0.0185]

Epoch 147:  25%|██▌       | 4/16 [00:02<00:06,  1.90it/s][A
Training Epochs:  74%|███████▎  | 147/200 [20:38<07:18,  8.27s/it, -ELBO=0.8059, Potential Metric=0.1149, Entropy Metric=0.0195]

Epoch 147:  31%|███▏      | 5/16 [00:02<00:05,  1.94it/s][A
Training Epochs:  74%|███████▎  | 147/200 [20:39<07:18,  8.27s/it, -ELBO=0.8210, Potential Metric=0.1140, Entropy Metric=0.0186]

Epoch 147:  38%|███▊      | 6/16 [00:03<00:05,  1.90it/s][A
Training Epochs:  74%|███████▎  | 147/200 [20:39<07:18,  8.27s/it, -ELBO=0.8313, Potential Metric=0.1104, Entropy Metric=0.0190]

Epoch 147:  44%|████▍     | 7/16 [00:03<00:04,  1.93it/s][A
Training Epochs:  74%|███████▎  | 147/200 [20:40<07:18,  8.27s/it, -ELBO=0.8394, Potential Metric=0.1103, Entropy Metric=0.0197]

Epoch 147:  50%|█████     | 8/16 [00:04<00:04,  1.97it/s][A
Training Epochs:  74%|███████▎  | 147/200 [20:40<07:18,  8.27s/it, -ELBO=0.8088, Potential Metric=0.1101, Entropy Metric=0.0190]

Epoch 147:  56%|█████▋    | 9/16 [00:04<00:03,  1.91it/s][A
Training Epochs:  74%|███████▎  | 147/200 [20:41<07:18,  8.27s/it, -ELBO=0.8159, Potential Metric=0.1032, Entropy Metric=0.0201]

Epoch 147:  62%|██████▎   | 10/16 [00:05<00:03,  1.82it/s][A
Training Epochs:  74%|███████▎  | 147/200 [20:42<07:18,  8.27s/it, -ELBO=0.8275, Potential Metric=0.0997, Entropy Metric=0.0196]

Epoch 147:  69%|██████▉   | 11/16 [00:05<00:02,  1.87it/s][A
Training Epochs:  74%|███████▎  | 147/200 [20:42<07:18,  8.27s/it, -ELBO=0.7902, Potential Metric=0.1185, Entropy Metric=0.0211]

Epoch 147:  75%|███████▌  | 12/16 [00:06<00:02,  1.86it/s][A
Training Epochs:  74%|███████▎  | 147/200 [20:43<07:18,  8.27s/it, -ELBO=0.8249, Potential Metric=0.0961, Entropy Metric=0.0194]

Epoch 147:  81%|████████▏ | 13/16 [00:06<00:01,  1.91it/s][A
Training Epochs:  74%|███████▎  | 147/200 [20:43<07:18,  8.27s/it, -ELBO=0.8146, Potential Metric=0.1059, Entropy Metric=0.0185]

Epoch 147:  88%|████████▊ | 14/16 [00:07<00:01,  1.90it/s][A
Training Epochs:  74%|███████▎  | 147/200 [20:44<07:18,  8.27s/it, -ELBO=0.7938, Potential Metric=0.1121, Entropy Metric=0.0196]

Epoch 147:  94%|█████████▍| 15/16 [00:07<00:00,  1.86it/s][A
Training Epochs:  74%|███████▎  | 147/200 [20:44<07:18,  8.27s/it, -ELBO=0.8045, Potential Metric=0.1078, Entropy Metric=0.0190]

Epoch 147: 100%|██████████| 16/16 [00:08<00:00,  1.84it/s][A

                                                          [A
Training Epochs:  74%|███████▍  | 148/200 [20:44<07:14,  8.37s/it, -ELBO=0.8045, Potential Metric=0.1078, Entropy Metric=0.0190]

Epoch 148:   0%|          | 0/16 [00:00<?, ?it/s][A
Training Epochs:  74%|███████▍  | 148/200 [20:45<07:14,  8.37s/it, -ELBO=0.8286, Potential Metric=0.1075, Entropy Metric=0.0193]

Epoch 148:   6%|▋         | 1/16 [00:00<00:08,  1.80it/s][A
Training Epochs:  74%|███████▍  | 148/200 [20:45<07:14,  8.37s/it, -ELBO=0.8002, Potential Metric=0.1123, Entropy Metric=0.0176]

Epoch 148:  12%|█▎        | 2/16 [00:01<00:07,  1.83it/s][A
Training Epochs:  74%|███████▍  | 148/200 [20:46<07:14,  8.37s/it, -ELBO=0.8174, Potential Metric=0.1092, Entropy Metric=0.0191]

Epoch 148:  19%|█▉        | 3/16 [00:01<00:06,  1.95it/s][A
Training Epochs:  74%|███████▍  | 148/200 [20:46<07:14,  8.37s/it, -ELBO=0.8157, Potential Metric=0.1139, Entropy Metric=0.0183]

Epoch 148:  25%|██▌       | 4/16 [00:02<00:06,  1.91it/s][A
Training Epochs:  74%|███████▍  | 148/200 [20:47<07:14,  8.37s/it, -ELBO=0.8240, Potential Metric=0.1133, Entropy Metric=0.0188]

Epoch 148:  31%|███▏      | 5/16 [00:02<00:05,  1.91it/s][A
Training Epochs:  74%|███████▍  | 148/200 [20:47<07:14,  8.37s/it, -ELBO=0.8076, Potential Metric=0.1168, Entropy Metric=0.0190]

Epoch 148:  38%|███▊      | 6/16 [00:03<00:05,  1.97it/s][A
Training Epochs:  74%|███████▍  | 148/200 [20:48<07:14,  8.37s/it, -ELBO=0.8092, Potential Metric=0.1116, Entropy Metric=0.0191]

Epoch 148:  44%|████▍     | 7/16 [00:03<00:04,  1.96it/s][A
Training Epochs:  74%|███████▍  | 148/200 [20:48<07:14,  8.37s/it, -ELBO=0.8235, Potential Metric=0.1147, Entropy Metric=0.0202]

Epoch 148:  50%|█████     | 8/16 [00:04<00:04,  1.98it/s][A
Training Epochs:  74%|███████▍  | 148/200 [20:49<07:14,  8.37s/it, -ELBO=0.8156, Potential Metric=0.1243, Entropy Metric=0.0218]

Epoch 148:  56%|█████▋    | 9/16 [00:04<00:03,  1.97it/s][A
Training Epochs:  74%|███████▍  | 148/200 [20:50<07:14,  8.37s/it, -ELBO=0.7878, Potential Metric=0.1214, Entropy Metric=0.0195]

Epoch 148:  62%|██████▎   | 10/16 [00:05<00:03,  1.95it/s][A
Training Epochs:  74%|███████▍  | 148/200 [20:50<07:14,  8.37s/it, -ELBO=0.8061, Potential Metric=0.1102, Entropy Metric=0.0187]

Epoch 148:  69%|██████▉   | 11/16 [00:05<00:02,  1.94it/s][A
Training Epochs:  74%|███████▍  | 148/200 [20:51<07:14,  8.37s/it, -ELBO=0.8068, Potential Metric=0.1111, Entropy Metric=0.0182]

Epoch 148:  75%|███████▌  | 12/16 [00:06<00:02,  2.00it/s][A
Training Epochs:  74%|███████▍  | 148/200 [20:51<07:14,  8.37s/it, -ELBO=0.7835, Potential Metric=0.1197, Entropy Metric=0.0193]

Epoch 148:  81%|████████▏ | 13/16 [00:06<00:01,  1.96it/s][A
Training Epochs:  74%|███████▍  | 148/200 [20:51<07:14,  8.37s/it, -ELBO=0.7926, Potential Metric=0.1144, Entropy Metric=0.0185]

Epoch 148:  88%|████████▊ | 14/16 [00:07<00:00,  2.07it/s][A
Training Epochs:  74%|███████▍  | 148/200 [20:52<07:14,  8.37s/it, -ELBO=0.8074, Potential Metric=0.1089, Entropy Metric=0.0177]

Epoch 148:  94%|█████████▍| 15/16 [00:07<00:00,  2.07it/s][A
Training Epochs:  74%|███████▍  | 148/200 [20:52<07:14,  8.37s/it, -ELBO=0.8292, Potential Metric=0.1009, Entropy Metric=0.0178]

Epoch 148: 100%|██████████| 16/16 [00:08<00:00,  2.02it/s][A

                                                          [A
Training Epochs:  74%|███████▍  | 149/200 [20:52<07:04,  8.31s/it, -ELBO=0.8292, Potential Metric=0.1009, Entropy Metric=0.0178]

Epoch 149:   0%|          | 0/16 [00:00<?, ?it/s][A
Training Epochs:  74%|███████▍  | 149/200 [20:53<07:04,  8.31s/it, -ELBO=0.7979, Potential Metric=0.1095, Entropy Metric=0.0198]

Epoch 149:   6%|▋         | 1/16 [00:00<00:07,  1.89it/s][A
Training Epochs:  74%|███████▍  | 149/200 [20:54<07:04,  8.31s/it, -ELBO=0.8101, Potential Metric=0.1201, Entropy Metric=0.0201]

Epoch 149:  12%|█▎        | 2/16 [00:01<00:07,  1.90it/s][A
Training Epochs:  74%|███████▍  | 149/200 [20:54<07:04,  8.31s/it, -ELBO=0.8162, Potential Metric=0.0999, Entropy Metric=0.0181]

Epoch 149:  19%|█▉        | 3/16 [00:01<00:07,  1.81it/s][A
Training Epochs:  74%|███████▍  | 149/200 [20:55<07:04,  8.31s/it, -ELBO=0.7953, Potential Metric=0.1129, Entropy Metric=0.0188]

Epoch 149:  25%|██▌       | 4/16 [00:02<00:05,  2.00it/s][A
Training Epochs:  74%|███████▍  | 149/200 [20:55<07:04,  8.31s/it, -ELBO=0.8087, Potential Metric=0.1154, Entropy Metric=0.0198]

Epoch 149:  31%|███▏      | 5/16 [00:02<00:05,  1.99it/s][A
Training Epochs:  74%|███████▍  | 149/200 [20:56<07:04,  8.31s/it, -ELBO=0.7931, Potential Metric=0.1159, Entropy Metric=0.0196]

Epoch 149:  38%|███▊      | 6/16 [00:03<00:05,  1.95it/s][A
Training Epochs:  74%|███████▍  | 149/200 [20:56<07:04,  8.31s/it, -ELBO=0.8006, Potential Metric=0.1182, Entropy Metric=0.0183]

Epoch 149:  44%|████▍     | 7/16 [00:03<00:04,  1.95it/s][A
Training Epochs:  74%|███████▍  | 149/200 [20:57<07:04,  8.31s/it, -ELBO=0.8183, Potential Metric=0.1038, Entropy Metric=0.0181]

Epoch 149:  50%|█████     | 8/16 [00:04<00:04,  1.96it/s][A
Training Epochs:  74%|███████▍  | 149/200 [20:57<07:04,  8.31s/it, -ELBO=0.8151, Potential Metric=0.1157, Entropy Metric=0.0200]

Epoch 149:  56%|█████▋    | 9/16 [00:04<00:03,  2.01it/s][A
Training Epochs:  74%|███████▍  | 149/200 [20:58<07:04,  8.31s/it, -ELBO=0.8089, Potential Metric=0.1123, Entropy Metric=0.0193]

Epoch 149:  62%|██████▎   | 10/16 [00:05<00:03,  1.98it/s][A
Training Epochs:  74%|███████▍  | 149/200 [20:58<07:04,  8.31s/it, -ELBO=0.8103, Potential Metric=0.1159, Entropy Metric=0.0200]

Epoch 149:  69%|██████▉   | 11/16 [00:05<00:02,  1.96it/s][A
Training Epochs:  74%|███████▍  | 149/200 [20:59<07:04,  8.31s/it, -ELBO=0.7903, Potential Metric=0.1095, Entropy Metric=0.0190]

Epoch 149:  75%|███████▌  | 12/16 [00:06<00:02,  1.96it/s][A
Training Epochs:  74%|███████▍  | 149/200 [20:59<07:04,  8.31s/it, -ELBO=0.7989, Potential Metric=0.1056, Entropy Metric=0.0188]

Epoch 149:  81%|████████▏ | 13/16 [00:06<00:01,  1.95it/s][A
Training Epochs:  74%|███████▍  | 149/200 [21:00<07:04,  8.31s/it, -ELBO=0.8096, Potential Metric=0.1106, Entropy Metric=0.0192]

Epoch 149:  88%|████████▊ | 14/16 [00:07<00:00,  2.03it/s][A
Training Epochs:  74%|███████▍  | 149/200 [21:00<07:04,  8.31s/it, -ELBO=0.7993, Potential Metric=0.1076, Entropy Metric=0.0186]

Epoch 149:  94%|█████████▍| 15/16 [00:07<00:00,  2.02it/s][A
Training Epochs:  74%|███████▍  | 149/200 [21:01<07:04,  8.31s/it, -ELBO=0.8277, Potential Metric=0.1134, Entropy Metric=0.0196]

Epoch 149: 100%|██████████| 16/16 [00:08<00:00,  2.00it/s][A

                                                          [A
Training Epochs:  75%|███████▌  | 150/200 [21:01<06:53,  8.28s/it, -ELBO=0.8277, Potential Metric=0.1134, Entropy Metric=0.0196]

Epoch 150:   0%|          | 0/16 [00:00<?, ?it/s][A
Training Epochs:  75%|███████▌  | 150/200 [21:01<06:53,  8.28s/it, -ELBO=0.8313, Potential Metric=0.1009, Entropy Metric=0.0197]

Epoch 150:   6%|▋         | 1/16 [00:00<00:08,  1.77it/s][A
Training Epochs:  75%|███████▌  | 150/200 [21:02<06:53,  8.28s/it, -ELBO=0.7893, Potential Metric=0.1011, Entropy Metric=0.0189]

Epoch 150:  12%|█▎        | 2/16 [00:01<00:07,  1.89it/s][A
Training Epochs:  75%|███████▌  | 150/200 [21:02<06:53,  8.28s/it, -ELBO=0.7821, Potential Metric=0.1118, Entropy Metric=0.0198]

Epoch 150:  19%|█▉        | 3/16 [00:01<00:06,  1.89it/s][A
Training Epochs:  75%|███████▌  | 150/200 [21:03<06:53,  8.28s/it, -ELBO=0.8113, Potential Metric=0.1078, Entropy Metric=0.0198]

Epoch 150:  25%|██▌       | 4/16 [00:02<00:06,  1.91it/s][A
Training Epochs:  75%|███████▌  | 150/200 [21:03<06:53,  8.28s/it, -ELBO=0.7765, Potential Metric=0.1114, Entropy Metric=0.0193]

Epoch 150:  31%|███▏      | 5/16 [00:02<00:05,  1.94it/s][A
Training Epochs:  75%|███████▌  | 150/200 [21:04<06:53,  8.28s/it, -ELBO=0.8127, Potential Metric=0.1051, Entropy Metric=0.0195]

Epoch 150:  38%|███▊      | 6/16 [00:03<00:05,  1.93it/s][A
Training Epochs:  75%|███████▌  | 150/200 [21:04<06:53,  8.28s/it, -ELBO=0.8174, Potential Metric=0.1062, Entropy Metric=0.0196]

Epoch 150:  44%|████▍     | 7/16 [00:03<00:04,  1.90it/s][A
Training Epochs:  75%|███████▌  | 150/200 [21:05<06:53,  8.28s/it, -ELBO=0.7824, Potential Metric=0.1203, Entropy Metric=0.0212]

Epoch 150:  50%|█████     | 8/16 [00:04<00:04,  1.97it/s][A
Training Epochs:  75%|███████▌  | 150/200 [21:06<06:53,  8.28s/it, -ELBO=0.8103, Potential Metric=0.1053, Entropy Metric=0.0199]

Epoch 150:  56%|█████▋    | 9/16 [00:04<00:03,  1.81it/s][A
Training Epochs:  75%|███████▌  | 150/200 [21:06<06:53,  8.28s/it, -ELBO=0.7980, Potential Metric=0.1014, Entropy Metric=0.0192]

Epoch 150:  62%|██████▎   | 10/16 [00:05<00:03,  1.85it/s][A
Training Epochs:  75%|███████▌  | 150/200 [21:07<06:53,  8.28s/it, -ELBO=0.7863, Potential Metric=0.1220, Entropy Metric=0.0215]

Epoch 150:  69%|██████▉   | 11/16 [00:05<00:02,  1.92it/s][A
Training Epochs:  75%|███████▌  | 150/200 [21:07<06:53,  8.28s/it, -ELBO=0.8028, Potential Metric=0.1151, Entropy Metric=0.0195]

Epoch 150:  75%|███████▌  | 12/16 [00:06<00:02,  1.97it/s][A
Training Epochs:  75%|███████▌  | 150/200 [21:08<06:53,  8.28s/it, -ELBO=0.7857, Potential Metric=0.1261, Entropy Metric=0.0196]

Epoch 150:  81%|████████▏ | 13/16 [00:06<00:01,  1.95it/s][A
Training Epochs:  75%|███████▌  | 150/200 [21:08<06:53,  8.28s/it, -ELBO=0.7967, Potential Metric=0.1100, Entropy Metric=0.0196]

Epoch 150:  88%|████████▊ | 14/16 [00:07<00:00,  2.02it/s][A
Training Epochs:  75%|███████▌  | 150/200 [21:08<06:53,  8.28s/it, -ELBO=0.7918, Potential Metric=0.1319, Entropy Metric=0.0203]

Epoch 150:  94%|█████████▍| 15/16 [00:07<00:00,  1.99it/s][A
Training Epochs:  75%|███████▌  | 150/200 [21:09<06:53,  8.28s/it, -ELBO=0.7958, Potential Metric=0.1135, Entropy Metric=0.0193]

Epoch 150: 100%|██████████| 16/16 [00:08<00:00,  1.98it/s][A

                                                          [A
Training Epochs:  76%|███████▌  | 151/200 [21:09<06:46,  8.29s/it, -ELBO=0.7958, Potential Metric=0.1135, Entropy Metric=0.0193]

Epoch 151:   0%|          | 0/16 [00:00<?, ?it/s][A
Training Epochs:  76%|███████▌  | 151/200 [21:10<06:46,  8.29s/it, -ELBO=0.7828, Potential Metric=0.1208, Entropy Metric=0.0198]

Epoch 151:   6%|▋         | 1/16 [00:00<00:08,  1.70it/s][A
Training Epochs:  76%|███████▌  | 151/200 [21:10<06:46,  8.29s/it, -ELBO=0.8052, Potential Metric=0.1136, Entropy Metric=0.0181]

Epoch 151:  12%|█▎        | 2/16 [00:01<00:07,  1.86it/s][A
Training Epochs:  76%|███████▌  | 151/200 [21:11<06:46,  8.29s/it, -ELBO=0.7918, Potential Metric=0.1037, Entropy Metric=0.0188]

Epoch 151:  19%|█▉        | 3/16 [00:01<00:07,  1.85it/s][A
Training Epochs:  76%|███████▌  | 151/200 [21:11<06:46,  8.29s/it, -ELBO=0.8214, Potential Metric=0.0991, Entropy Metric=0.0179]

Epoch 151:  25%|██▌       | 4/16 [00:02<00:06,  1.94it/s][A
Training Epochs:  76%|███████▌  | 151/200 [21:12<06:46,  8.29s/it, -ELBO=0.7863, Potential Metric=0.1029, Entropy Metric=0.0189]

Epoch 151:  31%|███▏      | 5/16 [00:02<00:05,  1.99it/s][A
Training Epochs:  76%|███████▌  | 151/200 [21:12<06:46,  8.29s/it, -ELBO=0.7998, Potential Metric=0.1137, Entropy Metric=0.0204]

Epoch 151:  38%|███▊      | 6/16 [00:03<00:04,  2.03it/s][A
Training Epochs:  76%|███████▌  | 151/200 [21:13<06:46,  8.29s/it, -ELBO=0.7696, Potential Metric=0.1150, Entropy Metric=0.0188]

Epoch 151:  44%|████▍     | 7/16 [00:03<00:04,  2.08it/s][A
Training Epochs:  76%|███████▌  | 151/200 [21:13<06:46,  8.29s/it, -ELBO=0.7808, Potential Metric=0.1119, Entropy Metric=0.0191]

Epoch 151:  50%|█████     | 8/16 [00:03<00:03,  2.09it/s][A
Training Epochs:  76%|███████▌  | 151/200 [21:14<06:46,  8.29s/it, -ELBO=0.8012, Potential Metric=0.1092, Entropy Metric=0.0193]

Epoch 151:  56%|█████▋    | 9/16 [00:04<00:03,  2.06it/s][A
Training Epochs:  76%|███████▌  | 151/200 [21:14<06:46,  8.29s/it, -ELBO=0.7964, Potential Metric=0.1161, Entropy Metric=0.0204]

Epoch 151:  62%|██████▎   | 10/16 [00:04<00:02,  2.07it/s][A
Training Epochs:  76%|███████▌  | 151/200 [21:14<06:46,  8.29s/it, -ELBO=0.7940, Potential Metric=0.1102, Entropy Metric=0.0199]

Epoch 151:  69%|██████▉   | 11/16 [00:05<00:02,  2.06it/s][A
Training Epochs:  76%|███████▌  | 151/200 [21:15<06:46,  8.29s/it, -ELBO=0.8246, Potential Metric=0.1040, Entropy Metric=0.0206]

Epoch 151:  75%|███████▌  | 12/16 [00:05<00:01,  2.04it/s][A
Training Epochs:  76%|███████▌  | 151/200 [21:15<06:46,  8.29s/it, -ELBO=0.7773, Potential Metric=0.1138, Entropy Metric=0.0195]

Epoch 151:  81%|████████▏ | 13/16 [00:06<00:01,  2.04it/s][A
Training Epochs:  76%|███████▌  | 151/200 [21:16<06:46,  8.29s/it, -ELBO=0.7876, Potential Metric=0.1168, Entropy Metric=0.0198]

Epoch 151:  88%|████████▊ | 14/16 [00:06<00:00,  2.03it/s][A
Training Epochs:  76%|███████▌  | 151/200 [21:16<06:46,  8.29s/it, -ELBO=0.8001, Potential Metric=0.1074, Entropy Metric=0.0198]

Epoch 151:  94%|█████████▍| 15/16 [00:07<00:00,  2.03it/s][A
Training Epochs:  76%|███████▌  | 151/200 [21:17<06:46,  8.29s/it, -ELBO=0.7990, Potential Metric=0.1115, Entropy Metric=0.0208]

Epoch 151: 100%|██████████| 16/16 [00:07<00:00,  2.03it/s][A

                                                          [A
Training Epochs:  76%|███████▌  | 152/200 [21:17<06:33,  8.20s/it, -ELBO=0.7990, Potential Metric=0.1115, Entropy Metric=0.0208]

Epoch 152:   0%|          | 0/16 [00:00<?, ?it/s][A
Training Epochs:  76%|███████▌  | 152/200 [21:18<06:33,  8.20s/it, -ELBO=0.7760, Potential Metric=0.1067, Entropy Metric=0.0184]

Epoch 152:   6%|▋         | 1/16 [00:00<00:08,  1.85it/s][A
Training Epochs:  76%|███████▌  | 152/200 [21:18<06:33,  8.20s/it, -ELBO=0.7646, Potential Metric=0.1144, Entropy Metric=0.0191]

Epoch 152:  12%|█▎        | 2/16 [00:00<00:06,  2.06it/s][A
Training Epochs:  76%|███████▌  | 152/200 [21:19<06:33,  8.20s/it, -ELBO=0.7942, Potential Metric=0.1073, Entropy Metric=0.0186]

Epoch 152:  19%|█▉        | 3/16 [00:01<00:06,  1.99it/s][A
Training Epochs:  76%|███████▌  | 152/200 [21:19<06:33,  8.20s/it, -ELBO=0.7905, Potential Metric=0.1102, Entropy Metric=0.0183]

Epoch 152:  25%|██▌       | 4/16 [00:02<00:06,  1.98it/s][A
Training Epochs:  76%|███████▌  | 152/200 [21:20<06:33,  8.20s/it, -ELBO=0.7948, Potential Metric=0.1098, Entropy Metric=0.0199]

Epoch 152:  31%|███▏      | 5/16 [00:02<00:05,  2.03it/s][A
Training Epochs:  76%|███████▌  | 152/200 [21:20<06:33,  8.20s/it, -ELBO=0.7949, Potential Metric=0.1042, Entropy Metric=0.0194]

Epoch 152:  38%|███▊      | 6/16 [00:02<00:04,  2.10it/s][A
Training Epochs:  76%|███████▌  | 152/200 [21:21<06:33,  8.20s/it, -ELBO=0.7979, Potential Metric=0.1122, Entropy Metric=0.0197]

Epoch 152:  44%|████▍     | 7/16 [00:03<00:04,  1.99it/s][A
Training Epochs:  76%|███████▌  | 152/200 [21:21<06:33,  8.20s/it, -ELBO=0.7694, Potential Metric=0.1094, Entropy Metric=0.0198]

Epoch 152:  50%|█████     | 8/16 [00:03<00:03,  2.05it/s][A
Training Epochs:  76%|███████▌  | 152/200 [21:22<06:33,  8.20s/it, -ELBO=0.7899, Potential Metric=0.1150, Entropy Metric=0.0192]

Epoch 152:  56%|█████▋    | 9/16 [00:04<00:03,  2.07it/s][A
Training Epochs:  76%|███████▌  | 152/200 [21:22<06:33,  8.20s/it, -ELBO=0.7902, Potential Metric=0.1176, Entropy Metric=0.0196]

Epoch 152:  62%|██████▎   | 10/16 [00:04<00:02,  2.03it/s][A
Training Epochs:  76%|███████▌  | 152/200 [21:22<06:33,  8.20s/it, -ELBO=0.7743, Potential Metric=0.1185, Entropy Metric=0.0182]

Epoch 152:  69%|██████▉   | 11/16 [00:05<00:02,  2.09it/s][A
Training Epochs:  76%|███████▌  | 152/200 [21:23<06:33,  8.20s/it, -ELBO=0.7937, Potential Metric=0.1057, Entropy Metric=0.0187]

Epoch 152:  75%|███████▌  | 12/16 [00:05<00:02,  1.98it/s][A
Training Epochs:  76%|███████▌  | 152/200 [21:24<06:33,  8.20s/it, -ELBO=0.8077, Potential Metric=0.1060, Entropy Metric=0.0188]

Epoch 152:  81%|████████▏ | 13/16 [00:06<00:01,  1.98it/s][A
Training Epochs:  76%|███████▌  | 152/200 [21:24<06:33,  8.20s/it, -ELBO=0.8068, Potential Metric=0.1107, Entropy Metric=0.0190]

Epoch 152:  88%|████████▊ | 14/16 [00:06<00:01,  1.93it/s][A
Training Epochs:  76%|███████▌  | 152/200 [21:25<06:33,  8.20s/it, -ELBO=0.7730, Potential Metric=0.1091, Entropy Metric=0.0192]

Epoch 152:  94%|█████████▍| 15/16 [00:07<00:00,  1.93it/s][A
Training Epochs:  76%|███████▌  | 152/200 [21:25<06:33,  8.20s/it, -ELBO=0.7946, Potential Metric=0.1010, Entropy Metric=0.0183]

Epoch 152: 100%|██████████| 16/16 [00:08<00:00,  1.97it/s][A

                                                          [A
Training Epochs:  76%|███████▋  | 153/200 [21:25<06:24,  8.18s/it, -ELBO=0.7946, Potential Metric=0.1010, Entropy Metric=0.0183]

Epoch 153:   0%|          | 0/16 [00:00<?, ?it/s][A
Training Epochs:  76%|███████▋  | 153/200 [21:26<06:24,  8.18s/it, -ELBO=0.7852, Potential Metric=0.1103, Entropy Metric=0.0188]

Epoch 153:   6%|▋         | 1/16 [00:00<00:08,  1.80it/s][A
Training Epochs:  76%|███████▋  | 153/200 [21:26<06:24,  8.18s/it, -ELBO=0.7894, Potential Metric=0.0949, Entropy Metric=0.0172]

Epoch 153:  12%|█▎        | 2/16 [00:00<00:06,  2.06it/s][A
Training Epochs:  76%|███████▋  | 153/200 [21:27<06:24,  8.18s/it, -ELBO=0.7623, Potential Metric=0.1054, Entropy Metric=0.0188]

Epoch 153:  19%|█▉        | 3/16 [00:01<00:06,  2.03it/s][A
Training Epochs:  76%|███████▋  | 153/200 [21:27<06:24,  8.18s/it, -ELBO=0.7942, Potential Metric=0.1005, Entropy Metric=0.0186]

Epoch 153:  25%|██▌       | 4/16 [00:02<00:06,  1.98it/s][A
Training Epochs:  76%|███████▋  | 153/200 [21:28<06:24,  8.18s/it, -ELBO=0.7828, Potential Metric=0.1045, Entropy Metric=0.0188]

Epoch 153:  31%|███▏      | 5/16 [00:02<00:05,  1.97it/s][A
Training Epochs:  76%|███████▋  | 153/200 [21:28<06:24,  8.18s/it, -ELBO=0.8174, Potential Metric=0.0969, Entropy Metric=0.0193]

Epoch 153:  38%|███▊      | 6/16 [00:03<00:05,  1.91it/s][A
Training Epochs:  76%|███████▋  | 153/200 [21:29<06:24,  8.18s/it, -ELBO=0.7819, Potential Metric=0.1061, Entropy Metric=0.0198]

Epoch 153:  44%|████▍     | 7/16 [00:03<00:04,  1.96it/s][A
Training Epochs:  76%|███████▋  | 153/200 [21:29<06:24,  8.18s/it, -ELBO=0.7948, Potential Metric=0.1047, Entropy Metric=0.0186]

Epoch 153:  50%|█████     | 8/16 [00:04<00:04,  1.99it/s][A
Training Epochs:  76%|███████▋  | 153/200 [21:30<06:24,  8.18s/it, -ELBO=0.7793, Potential Metric=0.1114, Entropy Metric=0.0187]

Epoch 153:  56%|█████▋    | 9/16 [00:04<00:03,  2.02it/s][A
Training Epochs:  76%|███████▋  | 153/200 [21:30<06:24,  8.18s/it, -ELBO=0.7968, Potential Metric=0.1132, Entropy Metric=0.0185]

Epoch 153:  62%|██████▎   | 10/16 [00:05<00:03,  1.94it/s][A
Training Epochs:  76%|███████▋  | 153/200 [21:31<06:24,  8.18s/it, -ELBO=0.7758, Potential Metric=0.1034, Entropy Metric=0.0187]

Epoch 153:  69%|██████▉   | 11/16 [00:05<00:02,  2.00it/s][A
Training Epochs:  76%|███████▋  | 153/200 [21:31<06:24,  8.18s/it, -ELBO=0.7806, Potential Metric=0.1128, Entropy Metric=0.0191]

Epoch 153:  75%|███████▌  | 12/16 [00:06<00:02,  1.85it/s][A
Training Epochs:  76%|███████▋  | 153/200 [21:32<06:24,  8.18s/it, -ELBO=0.7868, Potential Metric=0.1108, Entropy Metric=0.0198]

Epoch 153:  81%|████████▏ | 13/16 [00:06<00:01,  1.86it/s][A
Training Epochs:  76%|███████▋  | 153/200 [21:32<06:24,  8.18s/it, -ELBO=0.8003, Potential Metric=0.1071, Entropy Metric=0.0186]

Epoch 153:  88%|████████▊ | 14/16 [00:07<00:01,  1.91it/s][A
Training Epochs:  76%|███████▋  | 153/200 [21:33<06:24,  8.18s/it, -ELBO=0.7810, Potential Metric=0.1184, Entropy Metric=0.0189]

Epoch 153:  94%|█████████▍| 15/16 [00:07<00:00,  1.88it/s][A
Training Epochs:  76%|███████▋  | 153/200 [21:33<06:24,  8.18s/it, -ELBO=0.7846, Potential Metric=0.1138, Entropy Metric=0.0181]

Epoch 153: 100%|██████████| 16/16 [00:08<00:00,  1.89it/s][A

                                                          [A
Training Epochs:  77%|███████▋  | 154/200 [21:33<06:19,  8.24s/it, -ELBO=0.7846, Potential Metric=0.1138, Entropy Metric=0.0181]

Epoch 154:   0%|          | 0/16 [00:00<?, ?it/s][A
Training Epochs:  77%|███████▋  | 154/200 [21:34<06:19,  8.24s/it, -ELBO=0.7782, Potential Metric=0.1135, Entropy Metric=0.0186]

Epoch 154:   6%|▋         | 1/16 [00:00<00:08,  1.69it/s][A
Training Epochs:  77%|███████▋  | 154/200 [21:35<06:19,  8.24s/it, -ELBO=0.7719, Potential Metric=0.1069, Entropy Metric=0.0192]

Epoch 154:  12%|█▎        | 2/16 [00:01<00:07,  1.99it/s][A
Training Epochs:  77%|███████▋  | 154/200 [21:35<06:19,  8.24s/it, -ELBO=0.7943, Potential Metric=0.1104, Entropy Metric=0.0193]

Epoch 154:  19%|█▉        | 3/16 [00:01<00:06,  2.03it/s][A
Training Epochs:  77%|███████▋  | 154/200 [21:36<06:19,  8.24s/it, -ELBO=0.7762, Potential Metric=0.1126, Entropy Metric=0.0189]

Epoch 154:  25%|██▌       | 4/16 [00:02<00:05,  2.00it/s][A
Training Epochs:  77%|███████▋  | 154/200 [21:36<06:19,  8.24s/it, -ELBO=0.7778, Potential Metric=0.1226, Entropy Metric=0.0218]

Epoch 154:  31%|███▏      | 5/16 [00:02<00:05,  1.95it/s][A
Training Epochs:  77%|███████▋  | 154/200 [21:37<06:19,  8.24s/it, -ELBO=0.7636, Potential Metric=0.1109, Entropy Metric=0.0198]

Epoch 154:  38%|███▊      | 6/16 [00:03<00:04,  2.01it/s][A
Training Epochs:  77%|███████▋  | 154/200 [21:37<06:19,  8.24s/it, -ELBO=0.7767, Potential Metric=0.0992, Entropy Metric=0.0187]

Epoch 154:  44%|████▍     | 7/16 [00:03<00:04,  1.95it/s][A
Training Epochs:  77%|███████▋  | 154/200 [21:38<06:19,  8.24s/it, -ELBO=0.7827, Potential Metric=0.1101, Entropy Metric=0.0206]

Epoch 154:  50%|█████     | 8/16 [00:04<00:04,  1.97it/s][A
Training Epochs:  77%|███████▋  | 154/200 [21:38<06:19,  8.24s/it, -ELBO=0.7883, Potential Metric=0.1130, Entropy Metric=0.0208]

Epoch 154:  56%|█████▋    | 9/16 [00:04<00:03,  2.00it/s][A
Training Epochs:  77%|███████▋  | 154/200 [21:39<06:19,  8.24s/it, -ELBO=0.7859, Potential Metric=0.1101, Entropy Metric=0.0190]

Epoch 154:  62%|██████▎   | 10/16 [00:05<00:02,  2.05it/s][A
Training Epochs:  77%|███████▋  | 154/200 [21:39<06:19,  8.24s/it, -ELBO=0.7835, Potential Metric=0.1135, Entropy Metric=0.0194]

Epoch 154:  69%|██████▉   | 11/16 [00:05<00:02,  2.12it/s][A
Training Epochs:  77%|███████▋  | 154/200 [21:40<06:19,  8.24s/it, -ELBO=0.7868, Potential Metric=0.1046, Entropy Metric=0.0187]

Epoch 154:  75%|███████▌  | 12/16 [00:05<00:01,  2.05it/s][A
Training Epochs:  77%|███████▋  | 154/200 [21:40<06:19,  8.24s/it, -ELBO=0.7817, Potential Metric=0.1142, Entropy Metric=0.0205]

Epoch 154:  81%|████████▏ | 13/16 [00:06<00:01,  2.01it/s][A
Training Epochs:  77%|███████▋  | 154/200 [21:41<06:19,  8.24s/it, -ELBO=0.7679, Potential Metric=0.1114, Entropy Metric=0.0198]

Epoch 154:  88%|████████▊ | 14/16 [00:07<00:01,  2.00it/s][A
Training Epochs:  77%|███████▋  | 154/200 [21:41<06:19,  8.24s/it, -ELBO=0.7828, Potential Metric=0.1073, Entropy Metric=0.0216]

Epoch 154:  94%|█████████▍| 15/16 [00:07<00:00,  2.04it/s][A
Training Epochs:  77%|███████▋  | 154/200 [21:42<06:19,  8.24s/it, -ELBO=0.7672, Potential Metric=0.1060, Entropy Metric=0.0195]

Epoch 154: 100%|██████████| 16/16 [00:07<00:00,  2.00it/s][A

                                                          [A
Training Epochs:  78%|███████▊  | 155/200 [21:42<06:09,  8.20s/it, -ELBO=0.7672, Potential Metric=0.1060, Entropy Metric=0.0195]

Epoch 155:   0%|          | 0/16 [00:00<?, ?it/s][A
Training Epochs:  78%|███████▊  | 155/200 [21:42<06:09,  8.20s/it, -ELBO=0.7992, Potential Metric=0.0938, Entropy Metric=0.0185]

Epoch 155:   6%|▋         | 1/16 [00:00<00:09,  1.58it/s][A
Training Epochs:  78%|███████▊  | 155/200 [21:43<06:09,  8.20s/it, -ELBO=0.7713, Potential Metric=0.1145, Entropy Metric=0.0200]

Epoch 155:  12%|█▎        | 2/16 [00:01<00:07,  1.84it/s][A
Training Epochs:  78%|███████▊  | 155/200 [21:43<06:09,  8.20s/it, -ELBO=0.7562, Potential Metric=0.1076, Entropy Metric=0.0207]

Epoch 155:  19%|█▉        | 3/16 [00:01<00:06,  1.94it/s][A
Training Epochs:  78%|███████▊  | 155/200 [21:44<06:09,  8.20s/it, -ELBO=0.7580, Potential Metric=0.1123, Entropy Metric=0.0207]

Epoch 155:  25%|██▌       | 4/16 [00:02<00:06,  2.00it/s][A
Training Epochs:  78%|███████▊  | 155/200 [21:44<06:09,  8.20s/it, -ELBO=0.7815, Potential Metric=0.1036, Entropy Metric=0.0200]

Epoch 155:  31%|███▏      | 5/16 [00:02<00:05,  2.03it/s][A
Training Epochs:  78%|███████▊  | 155/200 [21:45<06:09,  8.20s/it, -ELBO=0.7635, Potential Metric=0.1017, Entropy Metric=0.0187]

Epoch 155:  38%|███▊      | 6/16 [00:02<00:04,  2.11it/s][A
Training Epochs:  78%|███████▊  | 155/200 [21:45<06:09,  8.20s/it, -ELBO=0.7916, Potential Metric=0.1035, Entropy Metric=0.0192]

Epoch 155:  44%|████▍     | 7/16 [00:03<00:04,  2.01it/s][A
Training Epochs:  78%|███████▊  | 155/200 [21:46<06:09,  8.20s/it, -ELBO=0.7859, Potential Metric=0.1084, Entropy Metric=0.0195]

Epoch 155:  50%|█████     | 8/16 [00:04<00:03,  2.02it/s][A
Training Epochs:  78%|███████▊  | 155/200 [21:46<06:09,  8.20s/it, -ELBO=0.8004, Potential Metric=0.1064, Entropy Metric=0.0193]

Epoch 155:  56%|█████▋    | 9/16 [00:04<00:03,  2.04it/s][A
Training Epochs:  78%|███████▊  | 155/200 [21:47<06:09,  8.20s/it, -ELBO=0.7831, Potential Metric=0.1085, Entropy Metric=0.0194]

Epoch 155:  62%|██████▎   | 10/16 [00:05<00:02,  2.00it/s][A
Training Epochs:  78%|███████▊  | 155/200 [21:47<06:09,  8.20s/it, -ELBO=0.7533, Potential Metric=0.1166, Entropy Metric=0.0183]

Epoch 155:  69%|██████▉   | 11/16 [00:05<00:02,  2.00it/s][A
Training Epochs:  78%|███████▊  | 155/200 [21:48<06:09,  8.20s/it, -ELBO=0.7696, Potential Metric=0.1057, Entropy Metric=0.0188]

Epoch 155:  75%|███████▌  | 12/16 [00:06<00:02,  1.90it/s][A
Training Epochs:  78%|███████▊  | 155/200 [21:48<06:09,  8.20s/it, -ELBO=0.7650, Potential Metric=0.1133, Entropy Metric=0.0202]

Epoch 155:  81%|████████▏ | 13/16 [00:06<00:01,  1.90it/s][A
Training Epochs:  78%|███████▊  | 155/200 [21:49<06:09,  8.20s/it, -ELBO=0.7808, Potential Metric=0.1079, Entropy Metric=0.0193]

Epoch 155:  88%|████████▊ | 14/16 [00:07<00:01,  1.86it/s][A
Training Epochs:  78%|███████▊  | 155/200 [21:49<06:09,  8.20s/it, -ELBO=0.7729, Potential Metric=0.1143, Entropy Metric=0.0196]

Epoch 155:  94%|█████████▍| 15/16 [00:07<00:00,  1.80it/s][A
Training Epochs:  78%|███████▊  | 155/200 [21:50<06:09,  8.20s/it, -ELBO=0.7804, Potential Metric=0.0979, Entropy Metric=0.0190]

Epoch 155: 100%|██████████| 16/16 [00:08<00:00,  1.77it/s][A

                                                          [A
Training Epochs:  78%|███████▊  | 156/200 [21:50<06:04,  8.28s/it, -ELBO=0.7804, Potential Metric=0.0979, Entropy Metric=0.0190]

Epoch 156:   0%|          | 0/16 [00:00<?, ?it/s][A
Training Epochs:  78%|███████▊  | 156/200 [21:51<06:04,  8.28s/it, -ELBO=0.7605, Potential Metric=0.0993, Entropy Metric=0.0187]

Epoch 156:   6%|▋         | 1/16 [00:00<00:08,  1.78it/s][A
Training Epochs:  78%|███████▊  | 156/200 [21:51<06:04,  8.28s/it, -ELBO=0.7704, Potential Metric=0.1088, Entropy Metric=0.0196]

Epoch 156:  12%|█▎        | 2/16 [00:01<00:07,  1.91it/s][A
Training Epochs:  78%|███████▊  | 156/200 [21:52<06:04,  8.28s/it, -ELBO=0.7529, Potential Metric=0.1055, Entropy Metric=0.0193]

Epoch 156:  19%|█▉        | 3/16 [00:01<00:06,  2.02it/s][A
Training Epochs:  78%|███████▊  | 156/200 [21:52<06:04,  8.28s/it, -ELBO=0.7747, Potential Metric=0.0997, Entropy Metric=0.0186]

Epoch 156:  25%|██▌       | 4/16 [00:01<00:05,  2.07it/s][A
Training Epochs:  78%|███████▊  | 156/200 [21:53<06:04,  8.28s/it, -ELBO=0.7914, Potential Metric=0.1073, Entropy Metric=0.0192]

Epoch 156:  31%|███▏      | 5/16 [00:02<00:05,  2.02it/s][A
Training Epochs:  78%|███████▊  | 156/200 [21:53<06:04,  8.28s/it, -ELBO=0.7795, Potential Metric=0.1059, Entropy Metric=0.0195]

Epoch 156:  38%|███▊      | 6/16 [00:03<00:05,  1.97it/s][A
Training Epochs:  78%|███████▊  | 156/200 [21:54<06:04,  8.28s/it, -ELBO=0.7711, Potential Metric=0.1087, Entropy Metric=0.0194]

Epoch 156:  44%|████▍     | 7/16 [00:03<00:04,  1.99it/s][A
Training Epochs:  78%|███████▊  | 156/200 [21:54<06:04,  8.28s/it, -ELBO=0.7600, Potential Metric=0.1066, Entropy Metric=0.0203]

Epoch 156:  50%|█████     | 8/16 [00:04<00:04,  1.99it/s][A
Training Epochs:  78%|███████▊  | 156/200 [21:55<06:04,  8.28s/it, -ELBO=0.7769, Potential Metric=0.1023, Entropy Metric=0.0203]

Epoch 156:  56%|█████▋    | 9/16 [00:04<00:03,  1.99it/s][A
Training Epochs:  78%|███████▊  | 156/200 [21:55<06:04,  8.28s/it, -ELBO=0.7579, Potential Metric=0.1090, Entropy Metric=0.0200]

Epoch 156:  62%|██████▎   | 10/16 [00:05<00:03,  1.98it/s][A
Training Epochs:  78%|███████▊  | 156/200 [21:56<06:04,  8.28s/it, -ELBO=0.7846, Potential Metric=0.1116, Entropy Metric=0.0208]

Epoch 156:  69%|██████▉   | 11/16 [00:05<00:02,  2.02it/s][A
Training Epochs:  78%|███████▊  | 156/200 [21:56<06:04,  8.28s/it, -ELBO=0.7674, Potential Metric=0.1095, Entropy Metric=0.0200]

Epoch 156:  75%|███████▌  | 12/16 [00:06<00:01,  2.00it/s][A
Training Epochs:  78%|███████▊  | 156/200 [21:57<06:04,  8.28s/it, -ELBO=0.7579, Potential Metric=0.1092, Entropy Metric=0.0201]

Epoch 156:  81%|████████▏ | 13/16 [00:06<00:01,  1.96it/s][A
Training Epochs:  78%|███████▊  | 156/200 [21:57<06:04,  8.28s/it, -ELBO=0.7845, Potential Metric=0.1122, Entropy Metric=0.0213]

Epoch 156:  88%|████████▊ | 14/16 [00:07<00:01,  1.96it/s][A
Training Epochs:  78%|███████▊  | 156/200 [21:58<06:04,  8.28s/it, -ELBO=0.7574, Potential Metric=0.1128, Entropy Metric=0.0207]

Epoch 156:  94%|█████████▍| 15/16 [00:07<00:00,  1.93it/s][A
Training Epochs:  78%|███████▊  | 156/200 [21:58<06:04,  8.28s/it, -ELBO=0.7781, Potential Metric=0.0948, Entropy Metric=0.0207]

Epoch 156: 100%|██████████| 16/16 [00:08<00:00,  1.78it/s][A

                                                          [A
Training Epochs:  78%|███████▊  | 157/200 [21:58<05:56,  8.29s/it, -ELBO=0.7781, Potential Metric=0.0948, Entropy Metric=0.0207]

Epoch 157:   0%|          | 0/16 [00:00<?, ?it/s][A
Training Epochs:  78%|███████▊  | 157/200 [21:59<05:56,  8.29s/it, -ELBO=0.7669, Potential Metric=0.1061, Entropy Metric=0.0217]

Epoch 157:   6%|▋         | 1/16 [00:00<00:07,  2.06it/s][A
Training Epochs:  78%|███████▊  | 157/200 [21:59<05:56,  8.29s/it, -ELBO=0.7623, Potential Metric=0.1107, Entropy Metric=0.0217]

Epoch 157:  12%|█▎        | 2/16 [00:00<00:06,  2.14it/s][A
Training Epochs:  78%|███████▊  | 157/200 [22:00<05:56,  8.29s/it, -ELBO=0.7685, Potential Metric=0.1014, Entropy Metric=0.0211]

Epoch 157:  19%|█▉        | 3/16 [00:01<00:06,  2.10it/s][A
Training Epochs:  78%|███████▊  | 157/200 [22:00<05:56,  8.29s/it, -ELBO=0.7813, Potential Metric=0.1008, Entropy Metric=0.0221]

Epoch 157:  25%|██▌       | 4/16 [00:01<00:05,  2.11it/s][A
Training Epochs:  78%|███████▊  | 157/200 [22:01<05:56,  8.29s/it, -ELBO=0.7691, Potential Metric=0.1051, Entropy Metric=0.0202]

Epoch 157:  31%|███▏      | 5/16 [00:02<00:05,  2.12it/s][A
Training Epochs:  78%|███████▊  | 157/200 [22:01<05:56,  8.29s/it, -ELBO=0.7885, Potential Metric=0.0933, Entropy Metric=0.0201]

Epoch 157:  38%|███▊      | 6/16 [00:02<00:04,  2.07it/s][A
Training Epochs:  78%|███████▊  | 157/200 [22:02<05:56,  8.29s/it, -ELBO=0.7516, Potential Metric=0.1079, Entropy Metric=0.0211]

Epoch 157:  44%|████▍     | 7/16 [00:03<00:04,  2.10it/s][A
Training Epochs:  78%|███████▊  | 157/200 [22:02<05:56,  8.29s/it, -ELBO=0.7585, Potential Metric=0.1082, Entropy Metric=0.0199]

Epoch 157:  50%|█████     | 8/16 [00:03<00:03,  2.07it/s][A
Training Epochs:  78%|███████▊  | 157/200 [22:03<05:56,  8.29s/it, -ELBO=0.7784, Potential Metric=0.0924, Entropy Metric=0.0206]

Epoch 157:  56%|█████▋    | 9/16 [00:04<00:03,  2.00it/s][A
Training Epochs:  78%|███████▊  | 157/200 [22:03<05:56,  8.29s/it, -ELBO=0.7888, Potential Metric=0.0921, Entropy Metric=0.0210]

Epoch 157:  62%|██████▎   | 10/16 [00:04<00:02,  2.05it/s][A
Training Epochs:  78%|███████▊  | 157/200 [22:04<05:56,  8.29s/it, -ELBO=0.7717, Potential Metric=0.1004, Entropy Metric=0.0213]

Epoch 157:  69%|██████▉   | 11/16 [00:05<00:02,  1.97it/s][A
Training Epochs:  78%|███████▊  | 157/200 [22:04<05:56,  8.29s/it, -ELBO=0.7638, Potential Metric=0.0976, Entropy Metric=0.0202]

Epoch 157:  75%|███████▌  | 12/16 [00:05<00:02,  1.97it/s][A
Training Epochs:  78%|███████▊  | 157/200 [22:05<05:56,  8.29s/it, -ELBO=0.7515, Potential Metric=0.1038, Entropy Metric=0.0203]

Epoch 157:  81%|████████▏ | 13/16 [00:06<00:01,  1.98it/s][A
Training Epochs:  78%|███████▊  | 157/200 [22:05<05:56,  8.29s/it, -ELBO=0.7532, Potential Metric=0.1092, Entropy Metric=0.0208]

Epoch 157:  88%|████████▊ | 14/16 [00:06<00:01,  1.98it/s][A
Training Epochs:  78%|███████▊  | 157/200 [22:06<05:56,  8.29s/it, -ELBO=0.7561, Potential Metric=0.1107, Entropy Metric=0.0205]

Epoch 157:  94%|█████████▍| 15/16 [00:07<00:00,  1.97it/s][A
Training Epochs:  78%|███████▊  | 157/200 [22:06<05:56,  8.29s/it, -ELBO=0.7804, Potential Metric=0.1082, Entropy Metric=0.0204]

Epoch 157: 100%|██████████| 16/16 [00:07<00:00,  1.92it/s][A

                                                          [A
Training Epochs:  79%|███████▉  | 158/200 [22:06<05:45,  8.22s/it, -ELBO=0.7804, Potential Metric=0.1082, Entropy Metric=0.0204]

Epoch 158:   0%|          | 0/16 [00:00<?, ?it/s][A
Training Epochs:  79%|███████▉  | 158/200 [22:07<05:45,  8.22s/it, -ELBO=0.7662, Potential Metric=0.0998, Entropy Metric=0.0207]

Epoch 158:   6%|▋         | 1/16 [00:00<00:07,  1.93it/s][A
Training Epochs:  79%|███████▉  | 158/200 [22:08<05:45,  8.22s/it, -ELBO=0.7634, Potential Metric=0.1112, Entropy Metric=0.0202]

Epoch 158:  12%|█▎        | 2/16 [00:01<00:07,  1.92it/s][A
Training Epochs:  79%|███████▉  | 158/200 [22:08<05:45,  8.22s/it, -ELBO=0.7539, Potential Metric=0.1161, Entropy Metric=0.0207]

Epoch 158:  19%|█▉        | 3/16 [00:01<00:06,  1.90it/s][A
Training Epochs:  79%|███████▉  | 158/200 [22:09<05:45,  8.22s/it, -ELBO=0.7894, Potential Metric=0.1103, Entropy Metric=0.0211]

Epoch 158:  25%|██▌       | 4/16 [00:02<00:06,  1.93it/s][A
Training Epochs:  79%|███████▉  | 158/200 [22:09<05:45,  8.22s/it, -ELBO=0.7538, Potential Metric=0.1123, Entropy Metric=0.0213]

Epoch 158:  31%|███▏      | 5/16 [00:02<00:05,  1.98it/s][A
Training Epochs:  79%|███████▉  | 158/200 [22:10<05:45,  8.22s/it, -ELBO=0.7820, Potential Metric=0.0993, Entropy Metric=0.0197]

Epoch 158:  38%|███▊      | 6/16 [00:03<00:04,  2.02it/s][A
Training Epochs:  79%|███████▉  | 158/200 [22:10<05:45,  8.22s/it, -ELBO=0.7611, Potential Metric=0.1071, Entropy Metric=0.0190]

Epoch 158:  44%|████▍     | 7/16 [00:03<00:04,  2.02it/s][A
Training Epochs:  79%|███████▉  | 158/200 [22:10<05:45,  8.22s/it, -ELBO=0.7561, Potential Metric=0.1084, Entropy Metric=0.0209]

Epoch 158:  50%|█████     | 8/16 [00:04<00:03,  2.05it/s][A
Training Epochs:  79%|███████▉  | 158/200 [22:11<05:45,  8.22s/it, -ELBO=0.7623, Potential Metric=0.1046, Entropy Metric=0.0195]

Epoch 158:  56%|█████▋    | 9/16 [00:04<00:03,  2.01it/s][A
Training Epochs:  79%|███████▉  | 158/200 [22:11<05:45,  8.22s/it, -ELBO=0.7567, Potential Metric=0.0999, Entropy Metric=0.0206]

Epoch 158:  62%|██████▎   | 10/16 [00:05<00:02,  2.00it/s][A
Training Epochs:  79%|███████▉  | 158/200 [22:12<05:45,  8.22s/it, -ELBO=0.7376, Potential Metric=0.1108, Entropy Metric=0.0205]

Epoch 158:  69%|██████▉   | 11/16 [00:05<00:02,  1.95it/s][A
Training Epochs:  79%|███████▉  | 158/200 [22:13<05:45,  8.22s/it, -ELBO=0.7501, Potential Metric=0.1127, Entropy Metric=0.0214]

Epoch 158:  75%|███████▌  | 12/16 [00:06<00:02,  1.97it/s][A
Training Epochs:  79%|███████▉  | 158/200 [22:13<05:45,  8.22s/it, -ELBO=0.7741, Potential Metric=0.1033, Entropy Metric=0.0207]

Epoch 158:  81%|████████▏ | 13/16 [00:06<00:01,  2.05it/s][A
Training Epochs:  79%|███████▉  | 158/200 [22:13<05:45,  8.22s/it, -ELBO=0.7579, Potential Metric=0.1000, Entropy Metric=0.0198]

Epoch 158:  88%|████████▊ | 14/16 [00:06<00:00,  2.05it/s][A
Training Epochs:  79%|███████▉  | 158/200 [22:14<05:45,  8.22s/it, -ELBO=0.7739, Potential Metric=0.1029, Entropy Metric=0.0198]

Epoch 158:  94%|█████████▍| 15/16 [00:07<00:00,  2.03it/s][A
Training Epochs:  79%|███████▉  | 158/200 [22:14<05:45,  8.22s/it, -ELBO=0.7661, Potential Metric=0.1036, Entropy Metric=0.0207]

Epoch 158: 100%|██████████| 16/16 [00:07<00:00,  2.07it/s][A

                                                          [A
Training Epochs:  80%|███████▉  | 159/200 [22:14<05:34,  8.16s/it, -ELBO=0.7661, Potential Metric=0.1036, Entropy Metric=0.0207]

Epoch 159:   0%|          | 0/16 [00:00<?, ?it/s][A
Training Epochs:  80%|███████▉  | 159/200 [22:15<05:34,  8.16s/it, -ELBO=0.7625, Potential Metric=0.0997, Entropy Metric=0.0191]

Epoch 159:   6%|▋         | 1/16 [00:00<00:07,  2.03it/s][A
Training Epochs:  80%|███████▉  | 159/200 [22:15<05:34,  8.16s/it, -ELBO=0.7506, Potential Metric=0.1117, Entropy Metric=0.0213]

Epoch 159:  12%|█▎        | 2/16 [00:00<00:06,  2.04it/s][A
Training Epochs:  80%|███████▉  | 159/200 [22:16<05:34,  8.16s/it, -ELBO=0.7845, Potential Metric=0.1080, Entropy Metric=0.0204]

Epoch 159:  19%|█▉        | 3/16 [00:01<00:06,  2.05it/s][A
Training Epochs:  80%|███████▉  | 159/200 [22:16<05:34,  8.16s/it, -ELBO=0.7436, Potential Metric=0.1097, Entropy Metric=0.0201]

Epoch 159:  25%|██▌       | 4/16 [00:01<00:05,  2.10it/s][A
Training Epochs:  80%|███████▉  | 159/200 [22:17<05:34,  8.16s/it, -ELBO=0.7456, Potential Metric=0.1128, Entropy Metric=0.0208]

Epoch 159:  31%|███▏      | 5/16 [00:02<00:05,  2.03it/s][A
Training Epochs:  80%|███████▉  | 159/200 [22:17<05:34,  8.16s/it, -ELBO=0.7583, Potential Metric=0.1028, Entropy Metric=0.0190]

Epoch 159:  38%|███▊      | 6/16 [00:02<00:05,  1.98it/s][A
Training Epochs:  80%|███████▉  | 159/200 [22:18<05:34,  8.16s/it, -ELBO=0.7882, Potential Metric=0.1038, Entropy Metric=0.0198]

Epoch 159:  44%|████▍     | 7/16 [00:03<00:04,  1.96it/s][A
Training Epochs:  80%|███████▉  | 159/200 [22:18<05:34,  8.16s/it, -ELBO=0.7414, Potential Metric=0.1169, Entropy Metric=0.0209]

Epoch 159:  50%|█████     | 8/16 [00:03<00:03,  2.01it/s][A
Training Epochs:  80%|███████▉  | 159/200 [22:19<05:34,  8.16s/it, -ELBO=0.7536, Potential Metric=0.1025, Entropy Metric=0.0198]

Epoch 159:  56%|█████▋    | 9/16 [00:04<00:03,  2.04it/s][A
Training Epochs:  80%|███████▉  | 159/200 [22:19<05:34,  8.16s/it, -ELBO=0.7541, Potential Metric=0.1056, Entropy Metric=0.0205]

Epoch 159:  62%|██████▎   | 10/16 [00:04<00:02,  2.03it/s][A
Training Epochs:  80%|███████▉  | 159/200 [22:20<05:34,  8.16s/it, -ELBO=0.7522, Potential Metric=0.1115, Entropy Metric=0.0206]

Epoch 159:  69%|██████▉   | 11/16 [00:05<00:02,  1.99it/s][A
Training Epochs:  80%|███████▉  | 159/200 [22:20<05:34,  8.16s/it, -ELBO=0.7818, Potential Metric=0.0992, Entropy Metric=0.0201]

Epoch 159:  75%|███████▌  | 12/16 [00:05<00:02,  1.97it/s][A
Training Epochs:  80%|███████▉  | 159/200 [22:21<05:34,  8.16s/it, -ELBO=0.7599, Potential Metric=0.1110, Entropy Metric=0.0192]

Epoch 159:  81%|████████▏ | 13/16 [00:06<00:01,  1.89it/s][A
Training Epochs:  80%|███████▉  | 159/200 [22:22<05:34,  8.16s/it, -ELBO=0.7770, Potential Metric=0.1007, Entropy Metric=0.0195]

Epoch 159:  88%|████████▊ | 14/16 [00:07<00:01,  1.93it/s][A
Training Epochs:  80%|███████▉  | 159/200 [22:22<05:34,  8.16s/it, -ELBO=0.7496, Potential Metric=0.1027, Entropy Metric=0.0206]

Epoch 159:  94%|█████████▍| 15/16 [00:07<00:00,  1.88it/s][A
Training Epochs:  80%|███████▉  | 159/200 [22:23<05:34,  8.16s/it, -ELBO=0.7569, Potential Metric=0.0974, Entropy Metric=0.0193]

Epoch 159: 100%|██████████| 16/16 [00:08<00:00,  1.90it/s][A

                                                          [A
Training Epochs:  80%|████████  | 160/200 [22:23<05:26,  8.16s/it, -ELBO=0.7569, Potential Metric=0.0974, Entropy Metric=0.0193]

Epoch 160:   0%|          | 0/16 [00:00<?, ?it/s][A
Training Epochs:  80%|████████  | 160/200 [22:23<05:26,  8.16s/it, -ELBO=0.7515, Potential Metric=0.1010, Entropy Metric=0.0186]

Epoch 160:   6%|▋         | 1/16 [00:00<00:08,  1.79it/s][A
Training Epochs:  80%|████████  | 160/200 [22:24<05:26,  8.16s/it, -ELBO=0.7558, Potential Metric=0.1036, Entropy Metric=0.0188]

Epoch 160:  12%|█▎        | 2/16 [00:01<00:07,  1.90it/s][A
Training Epochs:  80%|████████  | 160/200 [22:24<05:26,  8.16s/it, -ELBO=0.7733, Potential Metric=0.1014, Entropy Metric=0.0188]

Epoch 160:  19%|█▉        | 3/16 [00:01<00:06,  1.95it/s][A
Training Epochs:  80%|████████  | 160/200 [22:25<05:26,  8.16s/it, -ELBO=0.7584, Potential Metric=0.1111, Entropy Metric=0.0197]

Epoch 160:  25%|██▌       | 4/16 [00:02<00:06,  1.74it/s][A
Training Epochs:  80%|████████  | 160/200 [22:25<05:26,  8.16s/it, -ELBO=0.7568, Potential Metric=0.1099, Entropy Metric=0.0202]

Epoch 160:  31%|███▏      | 5/16 [00:02<00:06,  1.82it/s][A
Training Epochs:  80%|████████  | 160/200 [22:26<05:26,  8.16s/it, -ELBO=0.7563, Potential Metric=0.1026, Entropy Metric=0.0187]

Epoch 160:  38%|███▊      | 6/16 [00:03<00:05,  1.86it/s][A
Training Epochs:  80%|████████  | 160/200 [22:26<05:26,  8.16s/it, -ELBO=0.7455, Potential Metric=0.1125, Entropy Metric=0.0209]

Epoch 160:  44%|████▍     | 7/16 [00:03<00:04,  1.96it/s][A
Training Epochs:  80%|████████  | 160/200 [22:27<05:26,  8.16s/it, -ELBO=0.7651, Potential Metric=0.1042, Entropy Metric=0.0195]

Epoch 160:  50%|█████     | 8/16 [00:04<00:04,  1.96it/s][A
Training Epochs:  80%|████████  | 160/200 [22:27<05:26,  8.16s/it, -ELBO=0.7543, Potential Metric=0.0995, Entropy Metric=0.0195]

Epoch 160:  56%|█████▋    | 9/16 [00:04<00:03,  2.00it/s][A
Training Epochs:  80%|████████  | 160/200 [22:28<05:26,  8.16s/it, -ELBO=0.7592, Potential Metric=0.1069, Entropy Metric=0.0207]

Epoch 160:  62%|██████▎   | 10/16 [00:05<00:03,  1.96it/s][A
Training Epochs:  80%|████████  | 160/200 [22:28<05:26,  8.16s/it, -ELBO=0.7468, Potential Metric=0.1073, Entropy Metric=0.0196]

Epoch 160:  69%|██████▉   | 11/16 [00:05<00:02,  2.01it/s][A
Training Epochs:  80%|████████  | 160/200 [22:29<05:26,  8.16s/it, -ELBO=0.7481, Potential Metric=0.1079, Entropy Metric=0.0197]

Epoch 160:  75%|███████▌  | 12/16 [00:06<00:02,  2.00it/s][A
Training Epochs:  80%|████████  | 160/200 [22:29<05:26,  8.16s/it, -ELBO=0.7428, Potential Metric=0.1060, Entropy Metric=0.0181]

Epoch 160:  81%|████████▏ | 13/16 [00:06<00:01,  1.95it/s][A
Training Epochs:  80%|████████  | 160/200 [22:30<05:26,  8.16s/it, -ELBO=0.7584, Potential Metric=0.1062, Entropy Metric=0.0203]

Epoch 160:  88%|████████▊ | 14/16 [00:07<00:01,  1.92it/s][A
Training Epochs:  80%|████████  | 160/200 [22:30<05:26,  8.16s/it, -ELBO=0.7568, Potential Metric=0.1028, Entropy Metric=0.0187]

Epoch 160:  94%|█████████▍| 15/16 [00:07<00:00,  1.86it/s][A
Training Epochs:  80%|████████  | 160/200 [22:31<05:26,  8.16s/it, -ELBO=0.7391, Potential Metric=0.1069, Entropy Metric=0.0193]

Epoch 160: 100%|██████████| 16/16 [00:08<00:00,  1.91it/s][A

                                                          [A
Training Epochs:  80%|████████  | 161/200 [22:31<05:20,  8.22s/it, -ELBO=0.7391, Potential Metric=0.1069, Entropy Metric=0.0193]

Epoch 161:   0%|          | 0/16 [00:00<?, ?it/s][A
Training Epochs:  80%|████████  | 161/200 [22:32<05:20,  8.22s/it, -ELBO=0.7636, Potential Metric=0.1038, Entropy Metric=0.0208]

Epoch 161:   6%|▋         | 1/16 [00:00<00:08,  1.71it/s][A
Training Epochs:  80%|████████  | 161/200 [22:32<05:20,  8.22s/it, -ELBO=0.7417, Potential Metric=0.1016, Entropy Metric=0.0192]

Epoch 161:  12%|█▎        | 2/16 [00:01<00:07,  1.91it/s][A
Training Epochs:  80%|████████  | 161/200 [22:33<05:20,  8.22s/it, -ELBO=0.7522, Potential Metric=0.1048, Entropy Metric=0.0194]

Epoch 161:  19%|█▉        | 3/16 [00:01<00:06,  1.98it/s][A
Training Epochs:  80%|████████  | 161/200 [22:33<05:20,  8.22s/it, -ELBO=0.7415, Potential Metric=0.1067, Entropy Metric=0.0200]

Epoch 161:  25%|██▌       | 4/16 [00:01<00:05,  2.11it/s][A
Training Epochs:  80%|████████  | 161/200 [22:34<05:20,  8.22s/it, -ELBO=0.7539, Potential Metric=0.1040, Entropy Metric=0.0180]

Epoch 161:  31%|███▏      | 5/16 [00:02<00:05,  2.07it/s][A
Training Epochs:  80%|████████  | 161/200 [22:34<05:20,  8.22s/it, -ELBO=0.7397, Potential Metric=0.1165, Entropy Metric=0.0186]

Epoch 161:  38%|███▊      | 6/16 [00:02<00:04,  2.08it/s][A
Training Epochs:  80%|████████  | 161/200 [22:35<05:20,  8.22s/it, -ELBO=0.7452, Potential Metric=0.1114, Entropy Metric=0.0185]

Epoch 161:  44%|████▍     | 7/16 [00:03<00:04,  2.05it/s][A
Training Epochs:  80%|████████  | 161/200 [22:35<05:20,  8.22s/it, -ELBO=0.7497, Potential Metric=0.1155, Entropy Metric=0.0184]

Epoch 161:  50%|█████     | 8/16 [00:03<00:04,  1.98it/s][A
Training Epochs:  80%|████████  | 161/200 [22:36<05:20,  8.22s/it, -ELBO=0.7456, Potential Metric=0.0953, Entropy Metric=0.0191]

Epoch 161:  56%|█████▋    | 9/16 [00:04<00:03,  1.98it/s][A
Training Epochs:  80%|████████  | 161/200 [22:36<05:20,  8.22s/it, -ELBO=0.7309, Potential Metric=0.1033, Entropy Metric=0.0194]

Epoch 161:  62%|██████▎   | 10/16 [00:04<00:02,  2.06it/s][A
Training Epochs:  80%|████████  | 161/200 [22:37<05:20,  8.22s/it, -ELBO=0.7557, Potential Metric=0.0948, Entropy Metric=0.0197]

Epoch 161:  69%|██████▉   | 11/16 [00:05<00:02,  2.00it/s][A
Training Epochs:  80%|████████  | 161/200 [22:37<05:20,  8.22s/it, -ELBO=0.7465, Potential Metric=0.0993, Entropy Metric=0.0199]

Epoch 161:  75%|███████▌  | 12/16 [00:05<00:01,  2.01it/s][A
Training Epochs:  80%|████████  | 161/200 [22:37<05:20,  8.22s/it, -ELBO=0.7568, Potential Metric=0.1007, Entropy Metric=0.0212]

Epoch 161:  81%|████████▏ | 13/16 [00:06<00:01,  2.05it/s][A
Training Epochs:  80%|████████  | 161/200 [22:38<05:20,  8.22s/it, -ELBO=0.7472, Potential Metric=0.1041, Entropy Metric=0.0212]

Epoch 161:  88%|████████▊ | 14/16 [00:06<00:00,  2.06it/s][A
Training Epochs:  80%|████████  | 161/200 [22:38<05:20,  8.22s/it, -ELBO=0.7470, Potential Metric=0.1019, Entropy Metric=0.0204]

Epoch 161:  94%|█████████▍| 15/16 [00:07<00:00,  2.10it/s][A
Training Epochs:  80%|████████  | 161/200 [22:39<05:20,  8.22s/it, -ELBO=0.7575, Potential Metric=0.1045, Entropy Metric=0.0215]

Epoch 161: 100%|██████████| 16/16 [00:07<00:00,  2.10it/s][A

                                                          [A
Training Epochs:  81%|████████  | 162/200 [22:39<05:09,  8.14s/it, -ELBO=0.7575, Potential Metric=0.1045, Entropy Metric=0.0215]

Epoch 162:   0%|          | 0/16 [00:00<?, ?it/s][A
Training Epochs:  81%|████████  | 162/200 [22:39<05:09,  8.14s/it, -ELBO=0.7412, Potential Metric=0.1155, Entropy Metric=0.0195]

Epoch 162:   6%|▋         | 1/16 [00:00<00:07,  1.90it/s][A
Training Epochs:  81%|████████  | 162/200 [22:40<05:09,  8.14s/it, -ELBO=0.7485, Potential Metric=0.1028, Entropy Metric=0.0200]

Epoch 162:  12%|█▎        | 2/16 [00:01<00:06,  2.01it/s][A
Training Epochs:  81%|████████  | 162/200 [22:40<05:09,  8.14s/it, -ELBO=0.7427, Potential Metric=0.1078, Entropy Metric=0.0187]

Epoch 162:  19%|█▉        | 3/16 [00:01<00:06,  1.97it/s][A
Training Epochs:  81%|████████  | 162/200 [22:41<05:09,  8.14s/it, -ELBO=0.7249, Potential Metric=0.1203, Entropy Metric=0.0205]

Epoch 162:  25%|██▌       | 4/16 [00:01<00:05,  2.06it/s][A
Training Epochs:  81%|████████  | 162/200 [22:41<05:09,  8.14s/it, -ELBO=0.7488, Potential Metric=0.1124, Entropy Metric=0.0202]

Epoch 162:  31%|███▏      | 5/16 [00:02<00:05,  2.06it/s][A
Training Epochs:  81%|████████  | 162/200 [22:42<05:09,  8.14s/it, -ELBO=0.7358, Potential Metric=0.1071, Entropy Metric=0.0190]

Epoch 162:  38%|███▊      | 6/16 [00:02<00:04,  2.12it/s][A
Training Epochs:  81%|████████  | 162/200 [22:42<05:09,  8.14s/it, -ELBO=0.7310, Potential Metric=0.1148, Entropy Metric=0.0204]

Epoch 162:  44%|████▍     | 7/16 [00:03<00:04,  2.05it/s][A
Training Epochs:  81%|████████  | 162/200 [22:43<05:09,  8.14s/it, -ELBO=0.7487, Potential Metric=0.1130, Entropy Metric=0.0205]

Epoch 162:  50%|█████     | 8/16 [00:03<00:03,  2.05it/s][A
Training Epochs:  81%|████████  | 162/200 [22:43<05:09,  8.14s/it, -ELBO=0.7418, Potential Metric=0.1106, Entropy Metric=0.0192]

Epoch 162:  56%|█████▋    | 9/16 [00:04<00:03,  2.03it/s][A
Training Epochs:  81%|████████  | 162/200 [22:44<05:09,  8.14s/it, -ELBO=0.7531, Potential Metric=0.0993, Entropy Metric=0.0193]

Epoch 162:  62%|██████▎   | 10/16 [00:04<00:02,  2.04it/s][A
Training Epochs:  81%|████████  | 162/200 [22:44<05:09,  8.14s/it, -ELBO=0.7471, Potential Metric=0.0986, Entropy Metric=0.0185]

Epoch 162:  69%|██████▉   | 11/16 [00:05<00:02,  1.98it/s][A
Training Epochs:  81%|████████  | 162/200 [22:45<05:09,  8.14s/it, -ELBO=0.7405, Potential Metric=0.0981, Entropy Metric=0.0192]

Epoch 162:  75%|███████▌  | 12/16 [00:05<00:01,  2.03it/s][A
Training Epochs:  81%|████████  | 162/200 [22:45<05:09,  8.14s/it, -ELBO=0.7540, Potential Metric=0.1010, Entropy Metric=0.0201]

Epoch 162:  81%|████████▏ | 13/16 [00:06<00:01,  2.00it/s][A
Training Epochs:  81%|████████  | 162/200 [22:46<05:09,  8.14s/it, -ELBO=0.7325, Potential Metric=0.1036, Entropy Metric=0.0188]

Epoch 162:  88%|████████▊ | 14/16 [00:06<00:00,  2.05it/s][A
Training Epochs:  81%|████████  | 162/200 [22:46<05:09,  8.14s/it, -ELBO=0.7512, Potential Metric=0.1090, Entropy Metric=0.0209]

Epoch 162:  94%|█████████▍| 15/16 [00:07<00:00,  1.97it/s][A
Training Epochs:  81%|████████  | 162/200 [22:47<05:09,  8.14s/it, -ELBO=0.7564, Potential Metric=0.1063, Entropy Metric=0.0203]

Epoch 162: 100%|██████████| 16/16 [00:07<00:00,  1.94it/s][A

                                                          [A
Training Epochs:  82%|████████▏ | 163/200 [22:47<04:59,  8.10s/it, -ELBO=0.7564, Potential Metric=0.1063, Entropy Metric=0.0203]

Epoch 163:   0%|          | 0/16 [00:00<?, ?it/s][A
Training Epochs:  82%|████████▏ | 163/200 [22:48<04:59,  8.10s/it, -ELBO=0.7419, Potential Metric=0.1039, Entropy Metric=0.0206]

Epoch 163:   6%|▋         | 1/16 [00:00<00:08,  1.73it/s][A
Training Epochs:  82%|████████▏ | 163/200 [22:48<04:59,  8.10s/it, -ELBO=0.7371, Potential Metric=0.1033, Entropy Metric=0.0214]

Epoch 163:  12%|█▎        | 2/16 [00:01<00:08,  1.68it/s][A
Training Epochs:  82%|████████▏ | 163/200 [22:49<04:59,  8.10s/it, -ELBO=0.7374, Potential Metric=0.1129, Entropy Metric=0.0207]

Epoch 163:  19%|█▉        | 3/16 [00:01<00:07,  1.80it/s][A
Training Epochs:  82%|████████▏ | 163/200 [22:49<04:59,  8.10s/it, -ELBO=0.7239, Potential Metric=0.1046, Entropy Metric=0.0218]

Epoch 163:  25%|██▌       | 4/16 [00:02<00:06,  1.89it/s][A
Training Epochs:  82%|████████▏ | 163/200 [22:50<04:59,  8.10s/it, -ELBO=0.7324, Potential Metric=0.1041, Entropy Metric=0.0199]

Epoch 163:  31%|███▏      | 5/16 [00:02<00:05,  1.96it/s][A
Training Epochs:  82%|████████▏ | 163/200 [22:50<04:59,  8.10s/it, -ELBO=0.7197, Potential Metric=0.1127, Entropy Metric=0.0191]

Epoch 163:  38%|███▊      | 6/16 [00:03<00:05,  1.97it/s][A
Training Epochs:  82%|████████▏ | 163/200 [22:51<04:59,  8.10s/it, -ELBO=0.7310, Potential Metric=0.1095, Entropy Metric=0.0197]

Epoch 163:  44%|████▍     | 7/16 [00:03<00:04,  1.97it/s][A
Training Epochs:  82%|████████▏ | 163/200 [22:51<04:59,  8.10s/it, -ELBO=0.7347, Potential Metric=0.1047, Entropy Metric=0.0195]

Epoch 163:  50%|█████     | 8/16 [00:04<00:04,  1.97it/s][A
Training Epochs:  82%|████████▏ | 163/200 [22:52<04:59,  8.10s/it, -ELBO=0.7496, Potential Metric=0.0987, Entropy Metric=0.0184]

Epoch 163:  56%|█████▋    | 9/16 [00:04<00:03,  2.00it/s][A
Training Epochs:  82%|████████▏ | 163/200 [22:52<04:59,  8.10s/it, -ELBO=0.7459, Potential Metric=0.0991, Entropy Metric=0.0198]

Epoch 163:  62%|██████▎   | 10/16 [00:05<00:02,  2.02it/s][A
Training Epochs:  82%|████████▏ | 163/200 [22:53<04:59,  8.10s/it, -ELBO=0.7360, Potential Metric=0.0962, Entropy Metric=0.0206]

Epoch 163:  69%|██████▉   | 11/16 [00:05<00:02,  2.02it/s][A
Training Epochs:  82%|████████▏ | 163/200 [22:53<04:59,  8.10s/it, -ELBO=0.7529, Potential Metric=0.0940, Entropy Metric=0.0198]

Epoch 163:  75%|███████▌  | 12/16 [00:06<00:01,  2.05it/s][A
Training Epochs:  82%|████████▏ | 163/200 [22:54<04:59,  8.10s/it, -ELBO=0.7551, Potential Metric=0.0977, Entropy Metric=0.0190]

Epoch 163:  81%|████████▏ | 13/16 [00:06<00:01,  2.09it/s][A
Training Epochs:  82%|████████▏ | 163/200 [22:54<04:59,  8.10s/it, -ELBO=0.7365, Potential Metric=0.1042, Entropy Metric=0.0203]

Epoch 163:  88%|████████▊ | 14/16 [00:07<00:00,  2.00it/s][A
Training Epochs:  82%|████████▏ | 163/200 [22:55<04:59,  8.10s/it, -ELBO=0.7337, Potential Metric=0.0937, Entropy Metric=0.0185]

Epoch 163:  94%|█████████▍| 15/16 [00:07<00:00,  2.07it/s][A
Training Epochs:  82%|████████▏ | 163/200 [22:55<04:59,  8.10s/it, -ELBO=0.7520, Potential Metric=0.1029, Entropy Metric=0.0195]

Epoch 163: 100%|██████████| 16/16 [00:08<00:00,  2.02it/s][A

                                                          [A
Training Epochs:  82%|████████▏ | 164/200 [22:55<04:52,  8.12s/it, -ELBO=0.7520, Potential Metric=0.1029, Entropy Metric=0.0195]

Epoch 164:   0%|          | 0/16 [00:00<?, ?it/s][A
Training Epochs:  82%|████████▏ | 164/200 [22:56<04:52,  8.12s/it, -ELBO=0.7405, Potential Metric=0.0962, Entropy Metric=0.0186]

Epoch 164:   6%|▋         | 1/16 [00:00<00:07,  1.97it/s][A
Training Epochs:  82%|████████▏ | 164/200 [22:56<04:52,  8.12s/it, -ELBO=0.7265, Potential Metric=0.1067, Entropy Metric=0.0200]

Epoch 164:  12%|█▎        | 2/16 [00:00<00:06,  2.03it/s][A
Training Epochs:  82%|████████▏ | 164/200 [22:57<04:52,  8.12s/it, -ELBO=0.7613, Potential Metric=0.0924, Entropy Metric=0.0194]

Epoch 164:  19%|█▉        | 3/16 [00:01<00:06,  2.02it/s][A
Training Epochs:  82%|████████▏ | 164/200 [22:57<04:52,  8.12s/it, -ELBO=0.7641, Potential Metric=0.0926, Entropy Metric=0.0213]

Epoch 164:  25%|██▌       | 4/16 [00:01<00:05,  2.08it/s][A
Training Epochs:  82%|████████▏ | 164/200 [22:58<04:52,  8.12s/it, -ELBO=0.7613, Potential Metric=0.0916, Entropy Metric=0.0208]

Epoch 164:  31%|███▏      | 5/16 [00:02<00:05,  2.01it/s][A
Training Epochs:  82%|████████▏ | 164/200 [22:58<04:52,  8.12s/it, -ELBO=0.7649, Potential Metric=0.0950, Entropy Metric=0.0214]

Epoch 164:  38%|███▊      | 6/16 [00:03<00:05,  1.96it/s][A
Training Epochs:  82%|████████▏ | 164/200 [22:59<04:52,  8.12s/it, -ELBO=0.7215, Potential Metric=0.1059, Entropy Metric=0.0232]

Epoch 164:  44%|████▍     | 7/16 [00:03<00:04,  1.95it/s][A
Training Epochs:  82%|████████▏ | 164/200 [22:59<04:52,  8.12s/it, -ELBO=0.7442, Potential Metric=0.0903, Entropy Metric=0.0204]

Epoch 164:  50%|█████     | 8/16 [00:04<00:04,  1.93it/s][A
Training Epochs:  82%|████████▏ | 164/200 [23:00<04:52,  8.12s/it, -ELBO=0.7314, Potential Metric=0.1031, Entropy Metric=0.0213]

Epoch 164:  56%|█████▋    | 9/16 [00:04<00:03,  2.02it/s][A
Training Epochs:  82%|████████▏ | 164/200 [23:00<04:52,  8.12s/it, -ELBO=0.7331, Potential Metric=0.0991, Entropy Metric=0.0195]

Epoch 164:  62%|██████▎   | 10/16 [00:04<00:02,  2.09it/s][A
Training Epochs:  82%|████████▏ | 164/200 [23:01<04:52,  8.12s/it, -ELBO=0.7228, Potential Metric=0.1059, Entropy Metric=0.0200]

Epoch 164:  69%|██████▉   | 11/16 [00:05<00:02,  2.15it/s][A
Training Epochs:  82%|████████▏ | 164/200 [23:01<04:52,  8.12s/it, -ELBO=0.7283, Potential Metric=0.1013, Entropy Metric=0.0189]

Epoch 164:  75%|███████▌  | 12/16 [00:05<00:01,  2.14it/s][A
Training Epochs:  82%|████████▏ | 164/200 [23:02<04:52,  8.12s/it, -ELBO=0.7408, Potential Metric=0.1071, Entropy Metric=0.0203]

Epoch 164:  81%|████████▏ | 13/16 [00:06<00:01,  2.07it/s][A
Training Epochs:  82%|████████▏ | 164/200 [23:02<04:52,  8.12s/it, -ELBO=0.7240, Potential Metric=0.1104, Entropy Metric=0.0191]

Epoch 164:  88%|████████▊ | 14/16 [00:06<00:00,  2.01it/s][A
Training Epochs:  82%|████████▏ | 164/200 [23:03<04:52,  8.12s/it, -ELBO=0.7335, Potential Metric=0.1106, Entropy Metric=0.0206]

Epoch 164:  94%|█████████▍| 15/16 [00:07<00:00,  1.97it/s][A
Training Epochs:  82%|████████▏ | 164/200 [23:03<04:52,  8.12s/it, -ELBO=0.7285, Potential Metric=0.1149, Entropy Metric=0.0203]

Epoch 164: 100%|██████████| 16/16 [00:07<00:00,  2.03it/s][A

                                                          [A
Training Epochs:  82%|████████▎ | 165/200 [23:03<04:43,  8.09s/it, -ELBO=0.7285, Potential Metric=0.1149, Entropy Metric=0.0203]

Epoch 165:   0%|          | 0/16 [00:00<?, ?it/s][A
Training Epochs:  82%|████████▎ | 165/200 [23:04<04:43,  8.09s/it, -ELBO=0.7402, Potential Metric=0.1054, Entropy Metric=0.0192]

Epoch 165:   6%|▋         | 1/16 [00:00<00:08,  1.78it/s][A
Training Epochs:  82%|████████▎ | 165/200 [23:04<04:43,  8.09s/it, -ELBO=0.7401, Potential Metric=0.1074, Entropy Metric=0.0193]

Epoch 165:  12%|█▎        | 2/16 [00:01<00:07,  1.88it/s][A
Training Epochs:  82%|████████▎ | 165/200 [23:05<04:43,  8.09s/it, -ELBO=0.7396, Potential Metric=0.1152, Entropy Metric=0.0208]

Epoch 165:  19%|█▉        | 3/16 [00:01<00:06,  1.91it/s][A
Training Epochs:  82%|████████▎ | 165/200 [23:05<04:43,  8.09s/it, -ELBO=0.7302, Potential Metric=0.1040, Entropy Metric=0.0189]

Epoch 165:  25%|██▌       | 4/16 [00:02<00:06,  1.90it/s][A
Training Epochs:  82%|████████▎ | 165/200 [23:06<04:43,  8.09s/it, -ELBO=0.7322, Potential Metric=0.1016, Entropy Metric=0.0202]

Epoch 165:  31%|███▏      | 5/16 [00:02<00:05,  1.91it/s][A
Training Epochs:  82%|████████▎ | 165/200 [23:06<04:43,  8.09s/it, -ELBO=0.7250, Potential Metric=0.1040, Entropy Metric=0.0200]

Epoch 165:  38%|███▊      | 6/16 [00:03<00:05,  1.97it/s][A
Training Epochs:  82%|████████▎ | 165/200 [23:07<04:43,  8.09s/it, -ELBO=0.7247, Potential Metric=0.1102, Entropy Metric=0.0204]

Epoch 165:  44%|████▍     | 7/16 [00:03<00:04,  1.92it/s][A
Training Epochs:  82%|████████▎ | 165/200 [23:07<04:43,  8.09s/it, -ELBO=0.7452, Potential Metric=0.0953, Entropy Metric=0.0199]

Epoch 165:  50%|█████     | 8/16 [00:04<00:04,  1.98it/s][A
Training Epochs:  82%|████████▎ | 165/200 [23:08<04:43,  8.09s/it, -ELBO=0.7402, Potential Metric=0.1016, Entropy Metric=0.0210]

Epoch 165:  56%|█████▋    | 9/16 [00:04<00:03,  1.94it/s][A
Training Epochs:  82%|████████▎ | 165/200 [23:08<04:43,  8.09s/it, -ELBO=0.7162, Potential Metric=0.1036, Entropy Metric=0.0207]

Epoch 165:  62%|██████▎   | 10/16 [00:05<00:03,  1.95it/s][A
Training Epochs:  82%|████████▎ | 165/200 [23:09<04:43,  8.09s/it, -ELBO=0.7284, Potential Metric=0.1146, Entropy Metric=0.0219]

Epoch 165:  69%|██████▉   | 11/16 [00:05<00:02,  1.89it/s][A
Training Epochs:  82%|████████▎ | 165/200 [23:09<04:43,  8.09s/it, -ELBO=0.7303, Potential Metric=0.1112, Entropy Metric=0.0210]

Epoch 165:  75%|███████▌  | 12/16 [00:06<00:02,  1.91it/s][A
Training Epochs:  82%|████████▎ | 165/200 [23:10<04:43,  8.09s/it, -ELBO=0.7242, Potential Metric=0.1131, Entropy Metric=0.0206]

Epoch 165:  81%|████████▏ | 13/16 [00:06<00:01,  1.93it/s][A
Training Epochs:  82%|████████▎ | 165/200 [23:10<04:43,  8.09s/it, -ELBO=0.7224, Potential Metric=0.1056, Entropy Metric=0.0200]

Epoch 165:  88%|████████▊ | 14/16 [00:07<00:01,  1.95it/s][A
Training Epochs:  82%|████████▎ | 165/200 [23:11<04:43,  8.09s/it, -ELBO=0.7310, Potential Metric=0.0994, Entropy Metric=0.0191]

Epoch 165:  94%|█████████▍| 15/16 [00:07<00:00,  1.99it/s][A
Training Epochs:  82%|████████▎ | 165/200 [23:11<04:43,  8.09s/it, -ELBO=0.7394, Potential Metric=0.1019, Entropy Metric=0.0198]

Epoch 165: 100%|██████████| 16/16 [00:08<00:00,  1.89it/s][A

                                                          [A
Training Epochs:  83%|████████▎ | 166/200 [23:11<04:37,  8.17s/it, -ELBO=0.7394, Potential Metric=0.1019, Entropy Metric=0.0198]

Epoch 166:   0%|          | 0/16 [00:00<?, ?it/s][A
Training Epochs:  83%|████████▎ | 166/200 [23:12<04:37,  8.17s/it, -ELBO=0.7441, Potential Metric=0.1051, Entropy Metric=0.0216]

Epoch 166:   6%|▋         | 1/16 [00:00<00:10,  1.41it/s][A
Training Epochs:  83%|████████▎ | 166/200 [23:13<04:37,  8.17s/it, -ELBO=0.7404, Potential Metric=0.0867, Entropy Metric=0.0201]

Epoch 166:  12%|█▎        | 2/16 [00:01<00:08,  1.65it/s][A
Training Epochs:  83%|████████▎ | 166/200 [23:13<04:37,  8.17s/it, -ELBO=0.7253, Potential Metric=0.1020, Entropy Metric=0.0215]

Epoch 166:  19%|█▉        | 3/16 [00:01<00:07,  1.79it/s][A
Training Epochs:  83%|████████▎ | 166/200 [23:14<04:37,  8.17s/it, -ELBO=0.7313, Potential Metric=0.1018, Entropy Metric=0.0212]

Epoch 166:  25%|██▌       | 4/16 [00:02<00:06,  1.90it/s][A
Training Epochs:  83%|████████▎ | 166/200 [23:14<04:37,  8.17s/it, -ELBO=0.7170, Potential Metric=0.1095, Entropy Metric=0.0219]

Epoch 166:  31%|███▏      | 5/16 [00:02<00:05,  1.96it/s][A
Training Epochs:  83%|████████▎ | 166/200 [23:15<04:37,  8.17s/it, -ELBO=0.7196, Potential Metric=0.1033, Entropy Metric=0.0191]

Epoch 166:  38%|███▊      | 6/16 [00:03<00:04,  2.01it/s][A
Training Epochs:  83%|████████▎ | 166/200 [23:15<04:37,  8.17s/it, -ELBO=0.7455, Potential Metric=0.0856, Entropy Metric=0.0197]

Epoch 166:  44%|████▍     | 7/16 [00:03<00:04,  2.06it/s][A
Training Epochs:  83%|████████▎ | 166/200 [23:16<04:37,  8.17s/it, -ELBO=0.7321, Potential Metric=0.1037, Entropy Metric=0.0203]

Epoch 166:  50%|█████     | 8/16 [00:04<00:03,  2.13it/s][A
Training Epochs:  83%|████████▎ | 166/200 [23:16<04:37,  8.17s/it, -ELBO=0.7190, Potential Metric=0.1094, Entropy Metric=0.0225]

Epoch 166:  56%|█████▋    | 9/16 [00:04<00:03,  2.12it/s][A
Training Epochs:  83%|████████▎ | 166/200 [23:17<04:37,  8.17s/it, -ELBO=0.7088, Potential Metric=0.0961, Entropy Metric=0.0210]

Epoch 166:  62%|██████▎   | 10/16 [00:05<00:02,  2.07it/s][A
Training Epochs:  83%|████████▎ | 166/200 [23:17<04:37,  8.17s/it, -ELBO=0.7371, Potential Metric=0.1044, Entropy Metric=0.0209]

Epoch 166:  69%|██████▉   | 11/16 [00:05<00:02,  2.05it/s][A
Training Epochs:  83%|████████▎ | 166/200 [23:18<04:37,  8.17s/it, -ELBO=0.7153, Potential Metric=0.1086, Entropy Metric=0.0213]

Epoch 166:  75%|███████▌  | 12/16 [00:06<00:01,  2.03it/s][A
Training Epochs:  83%|████████▎ | 166/200 [23:18<04:37,  8.17s/it, -ELBO=0.7223, Potential Metric=0.1035, Entropy Metric=0.0213]

Epoch 166:  81%|████████▏ | 13/16 [00:06<00:01,  2.08it/s][A
Training Epochs:  83%|████████▎ | 166/200 [23:19<04:37,  8.17s/it, -ELBO=0.7219, Potential Metric=0.1099, Entropy Metric=0.0214]

Epoch 166:  88%|████████▊ | 14/16 [00:07<00:00,  2.04it/s][A
Training Epochs:  83%|████████▎ | 166/200 [23:19<04:37,  8.17s/it, -ELBO=0.7216, Potential Metric=0.1024, Entropy Metric=0.0209]

Epoch 166:  94%|█████████▍| 15/16 [00:07<00:00,  2.06it/s][A
Training Epochs:  83%|████████▎ | 166/200 [23:20<04:37,  8.17s/it, -ELBO=0.7442, Potential Metric=0.1079, Entropy Metric=0.0200]

Epoch 166: 100%|██████████| 16/16 [00:08<00:00,  1.96it/s][A

                                                          [A
Training Epochs:  84%|████████▎ | 167/200 [23:20<04:29,  8.18s/it, -ELBO=0.7442, Potential Metric=0.1079, Entropy Metric=0.0200]

Epoch 167:   0%|          | 0/16 [00:00<?, ?it/s][A
Training Epochs:  84%|████████▎ | 167/200 [23:20<04:29,  8.18s/it, -ELBO=0.7112, Potential Metric=0.1063, Entropy Metric=0.0210]

Epoch 167:   6%|▋         | 1/16 [00:00<00:08,  1.86it/s][A
Training Epochs:  84%|████████▎ | 167/200 [23:21<04:29,  8.18s/it, -ELBO=0.7159, Potential Metric=0.1035, Entropy Metric=0.0200]

Epoch 167:  12%|█▎        | 2/16 [00:00<00:06,  2.09it/s][A
Training Epochs:  84%|████████▎ | 167/200 [23:21<04:29,  8.18s/it, -ELBO=0.7196, Potential Metric=0.1146, Entropy Metric=0.0212]

Epoch 167:  19%|█▉        | 3/16 [00:01<00:06,  1.97it/s][A
Training Epochs:  84%|████████▎ | 167/200 [23:22<04:29,  8.18s/it, -ELBO=0.7229, Potential Metric=0.1142, Entropy Metric=0.0224]

Epoch 167:  25%|██▌       | 4/16 [00:01<00:05,  2.01it/s][A
Training Epochs:  84%|████████▎ | 167/200 [23:22<04:29,  8.18s/it, -ELBO=0.7341, Potential Metric=0.1042, Entropy Metric=0.0227]

Epoch 167:  31%|███▏      | 5/16 [00:02<00:05,  2.07it/s][A
Training Epochs:  84%|████████▎ | 167/200 [23:23<04:29,  8.18s/it, -ELBO=0.7260, Potential Metric=0.1013, Entropy Metric=0.0214]

Epoch 167:  38%|███▊      | 6/16 [00:02<00:04,  2.11it/s][A
Training Epochs:  84%|████████▎ | 167/200 [23:23<04:29,  8.18s/it, -ELBO=0.7392, Potential Metric=0.1017, Entropy Metric=0.0218]

Epoch 167:  44%|████▍     | 7/16 [00:03<00:04,  2.15it/s][A
Training Epochs:  84%|████████▎ | 167/200 [23:24<04:29,  8.18s/it, -ELBO=0.7257, Potential Metric=0.0955, Entropy Metric=0.0214]

Epoch 167:  50%|█████     | 8/16 [00:03<00:03,  2.10it/s][A
Training Epochs:  84%|████████▎ | 167/200 [23:24<04:29,  8.18s/it, -ELBO=0.7137, Potential Metric=0.0871, Entropy Metric=0.0194]

Epoch 167:  56%|█████▋    | 9/16 [00:04<00:03,  2.07it/s][A
Training Epochs:  84%|████████▎ | 167/200 [23:25<04:29,  8.18s/it, -ELBO=0.7156, Potential Metric=0.0966, Entropy Metric=0.0199]

Epoch 167:  62%|██████▎   | 10/16 [00:04<00:02,  2.06it/s][A
Training Epochs:  84%|████████▎ | 167/200 [23:25<04:29,  8.18s/it, -ELBO=0.7220, Potential Metric=0.1003, Entropy Metric=0.0205]

Epoch 167:  69%|██████▉   | 11/16 [00:05<00:02,  2.05it/s][A
Training Epochs:  84%|████████▎ | 167/200 [23:26<04:29,  8.18s/it, -ELBO=0.7179, Potential Metric=0.0965, Entropy Metric=0.0199]

Epoch 167:  75%|███████▌  | 12/16 [00:05<00:01,  2.02it/s][A
Training Epochs:  84%|████████▎ | 167/200 [23:26<04:29,  8.18s/it, -ELBO=0.7153, Potential Metric=0.1025, Entropy Metric=0.0217]

Epoch 167:  81%|████████▏ | 13/16 [00:06<00:01,  2.07it/s][A
Training Epochs:  84%|████████▎ | 167/200 [23:26<04:29,  8.18s/it, -ELBO=0.7306, Potential Metric=0.1011, Entropy Metric=0.0229]

Epoch 167:  88%|████████▊ | 14/16 [00:06<00:00,  2.11it/s][A
Training Epochs:  84%|████████▎ | 167/200 [23:27<04:29,  8.18s/it, -ELBO=0.7384, Potential Metric=0.1042, Entropy Metric=0.0246]

Epoch 167:  94%|█████████▍| 15/16 [00:07<00:00,  2.09it/s][A
Training Epochs:  84%|████████▎ | 167/200 [23:27<04:29,  8.18s/it, -ELBO=0.7196, Potential Metric=0.1097, Entropy Metric=0.0249]

Epoch 167: 100%|██████████| 16/16 [00:07<00:00,  2.05it/s][A

                                                          [A
Training Epochs:  84%|████████▍ | 168/200 [23:27<04:17,  8.06s/it, -ELBO=0.7196, Potential Metric=0.1097, Entropy Metric=0.0249]

Epoch 168:   0%|          | 0/16 [00:00<?, ?it/s][A
Training Epochs:  84%|████████▍ | 168/200 [23:28<04:17,  8.06s/it, -ELBO=0.7267, Potential Metric=0.1000, Entropy Metric=0.0230]

Epoch 168:   6%|▋         | 1/16 [00:00<00:08,  1.86it/s][A
Training Epochs:  84%|████████▍ | 168/200 [23:29<04:17,  8.06s/it, -ELBO=0.7393, Potential Metric=0.1073, Entropy Metric=0.0226]

Epoch 168:  12%|█▎        | 2/16 [00:01<00:07,  1.89it/s][A
Training Epochs:  84%|████████▍ | 168/200 [23:29<04:17,  8.06s/it, -ELBO=0.7231, Potential Metric=0.0935, Entropy Metric=0.0217]

Epoch 168:  19%|█▉        | 3/16 [00:01<00:06,  2.11it/s][A
Training Epochs:  84%|████████▍ | 168/200 [23:29<04:17,  8.06s/it, -ELBO=0.7158, Potential Metric=0.1089, Entropy Metric=0.0219]

Epoch 168:  25%|██▌       | 4/16 [00:01<00:05,  2.10it/s][A
Training Epochs:  84%|████████▍ | 168/200 [23:30<04:17,  8.06s/it, -ELBO=0.7147, Potential Metric=0.0952, Entropy Metric=0.0203]

Epoch 168:  31%|███▏      | 5/16 [00:02<00:05,  2.09it/s][A
Training Epochs:  84%|████████▍ | 168/200 [23:30<04:17,  8.06s/it, -ELBO=0.7394, Potential Metric=0.0986, Entropy Metric=0.0201]

Epoch 168:  38%|███▊      | 6/16 [00:02<00:04,  2.11it/s][A
Training Epochs:  84%|████████▍ | 168/200 [23:31<04:17,  8.06s/it, -ELBO=0.7206, Potential Metric=0.1066, Entropy Metric=0.0221]

Epoch 168:  44%|████▍     | 7/16 [00:03<00:04,  2.06it/s][A
Training Epochs:  84%|████████▍ | 168/200 [23:31<04:17,  8.06s/it, -ELBO=0.7065, Potential Metric=0.1002, Entropy Metric=0.0205]

Epoch 168:  50%|█████     | 8/16 [00:03<00:03,  2.03it/s][A
Training Epochs:  84%|████████▍ | 168/200 [23:32<04:17,  8.06s/it, -ELBO=0.7086, Potential Metric=0.1110, Entropy Metric=0.0220]

Epoch 168:  56%|█████▋    | 9/16 [00:04<00:03,  2.05it/s][A
Training Epochs:  84%|████████▍ | 168/200 [23:32<04:17,  8.06s/it, -ELBO=0.7215, Potential Metric=0.1020, Entropy Metric=0.0204]

Epoch 168:  62%|██████▎   | 10/16 [00:04<00:02,  2.02it/s][A
Training Epochs:  84%|████████▍ | 168/200 [23:33<04:17,  8.06s/it, -ELBO=0.7318, Potential Metric=0.0989, Entropy Metric=0.0193]

Epoch 168:  69%|██████▉   | 11/16 [00:05<00:02,  2.01it/s][A
Training Epochs:  84%|████████▍ | 168/200 [23:33<04:17,  8.06s/it, -ELBO=0.7165, Potential Metric=0.1016, Entropy Metric=0.0197]

Epoch 168:  75%|███████▌  | 12/16 [00:05<00:01,  2.03it/s][A
Training Epochs:  84%|████████▍ | 168/200 [23:34<04:17,  8.06s/it, -ELBO=0.7136, Potential Metric=0.1003, Entropy Metric=0.0194]

Epoch 168:  81%|████████▏ | 13/16 [00:06<00:01,  2.10it/s][A
Training Epochs:  84%|████████▍ | 168/200 [23:34<04:17,  8.06s/it, -ELBO=0.7116, Potential Metric=0.1044, Entropy Metric=0.0181]

Epoch 168:  88%|████████▊ | 14/16 [00:06<00:00,  2.02it/s][A
Training Epochs:  84%|████████▍ | 168/200 [23:35<04:17,  8.06s/it, -ELBO=0.7032, Potential Metric=0.1094, Entropy Metric=0.0195]

Epoch 168:  94%|█████████▍| 15/16 [00:07<00:00,  1.99it/s][A
Training Epochs:  84%|████████▍ | 168/200 [23:35<04:17,  8.06s/it, -ELBO=0.7154, Potential Metric=0.1033, Entropy Metric=0.0206]

Epoch 168: 100%|██████████| 16/16 [00:07<00:00,  2.03it/s][A

                                                          [A
Training Epochs:  84%|████████▍ | 169/200 [23:35<04:08,  8.01s/it, -ELBO=0.7154, Potential Metric=0.1033, Entropy Metric=0.0206]

Epoch 169:   0%|          | 0/16 [00:00<?, ?it/s][A
Training Epochs:  84%|████████▍ | 169/200 [23:36<04:08,  8.01s/it, -ELBO=0.7119, Potential Metric=0.0996, Entropy Metric=0.0192]

Epoch 169:   6%|▋         | 1/16 [00:00<00:08,  1.75it/s][A
Training Epochs:  84%|████████▍ | 169/200 [23:37<04:08,  8.01s/it, -ELBO=0.7350, Potential Metric=0.0967, Entropy Metric=0.0206]

Epoch 169:  12%|█▎        | 2/16 [00:01<00:07,  1.81it/s][A
Training Epochs:  84%|████████▍ | 169/200 [23:37<04:08,  8.01s/it, -ELBO=0.7322, Potential Metric=0.0993, Entropy Metric=0.0202]

Epoch 169:  19%|█▉        | 3/16 [00:01<00:07,  1.85it/s][A
Training Epochs:  84%|████████▍ | 169/200 [23:38<04:08,  8.01s/it, -ELBO=0.7267, Potential Metric=0.0941, Entropy Metric=0.0202]

Epoch 169:  25%|██▌       | 4/16 [00:02<00:06,  1.87it/s][A
Training Epochs:  84%|████████▍ | 169/200 [23:38<04:08,  8.01s/it, -ELBO=0.7085, Potential Metric=0.1064, Entropy Metric=0.0201]

Epoch 169:  31%|███▏      | 5/16 [00:02<00:05,  1.92it/s][A
Training Epochs:  84%|████████▍ | 169/200 [23:39<04:08,  8.01s/it, -ELBO=0.7359, Potential Metric=0.0985, Entropy Metric=0.0195]

Epoch 169:  38%|███▊      | 6/16 [00:03<00:05,  1.92it/s][A
Training Epochs:  84%|████████▍ | 169/200 [23:39<04:08,  8.01s/it, -ELBO=0.7066, Potential Metric=0.1054, Entropy Metric=0.0213]

Epoch 169:  44%|████▍     | 7/16 [00:03<00:04,  1.80it/s][A
Training Epochs:  84%|████████▍ | 169/200 [23:40<04:08,  8.01s/it, -ELBO=0.7254, Potential Metric=0.0950, Entropy Metric=0.0193]

Epoch 169:  50%|█████     | 8/16 [00:04<00:04,  1.88it/s][A
Training Epochs:  84%|████████▍ | 169/200 [23:40<04:08,  8.01s/it, -ELBO=0.7119, Potential Metric=0.1015, Entropy Metric=0.0209]

Epoch 169:  56%|█████▋    | 9/16 [00:04<00:03,  1.88it/s][A
Training Epochs:  84%|████████▍ | 169/200 [23:41<04:08,  8.01s/it, -ELBO=0.7062, Potential Metric=0.1045, Entropy Metric=0.0213]

Epoch 169:  62%|██████▎   | 10/16 [00:05<00:03,  1.93it/s][A
Training Epochs:  84%|████████▍ | 169/200 [23:41<04:08,  8.01s/it, -ELBO=0.6989, Potential Metric=0.0985, Entropy Metric=0.0202]

Epoch 169:  69%|██████▉   | 11/16 [00:05<00:02,  1.99it/s][A
Training Epochs:  84%|████████▍ | 169/200 [23:42<04:08,  8.01s/it, -ELBO=0.7070, Potential Metric=0.1124, Entropy Metric=0.0215]

Epoch 169:  75%|███████▌  | 12/16 [00:06<00:01,  2.01it/s][A
Training Epochs:  84%|████████▍ | 169/200 [23:42<04:08,  8.01s/it, -ELBO=0.7160, Potential Metric=0.1058, Entropy Metric=0.0198]

Epoch 169:  81%|████████▏ | 13/16 [00:06<00:01,  2.02it/s][A
Training Epochs:  84%|████████▍ | 169/200 [23:43<04:08,  8.01s/it, -ELBO=0.7066, Potential Metric=0.1078, Entropy Metric=0.0215]

Epoch 169:  88%|████████▊ | 14/16 [00:07<00:00,  2.10it/s][A
Training Epochs:  84%|████████▍ | 169/200 [23:43<04:08,  8.01s/it, -ELBO=0.7185, Potential Metric=0.1059, Entropy Metric=0.0201]

Epoch 169:  94%|█████████▍| 15/16 [00:07<00:00,  2.03it/s][A
Training Epochs:  84%|████████▍ | 169/200 [23:44<04:08,  8.01s/it, -ELBO=0.6952, Potential Metric=0.1164, Entropy Metric=0.0215]

Epoch 169: 100%|██████████| 16/16 [00:08<00:00,  2.00it/s][A

                                                          [A
Training Epochs:  85%|████████▌ | 170/200 [23:44<04:02,  8.09s/it, -ELBO=0.6952, Potential Metric=0.1164, Entropy Metric=0.0215]

Epoch 170:   0%|          | 0/16 [00:00<?, ?it/s][A
Training Epochs:  85%|████████▌ | 170/200 [23:44<04:02,  8.09s/it, -ELBO=0.7124, Potential Metric=0.1061, Entropy Metric=0.0201]

Epoch 170:   6%|▋         | 1/16 [00:00<00:07,  1.92it/s][A
Training Epochs:  85%|████████▌ | 170/200 [23:45<04:02,  8.09s/it, -ELBO=0.7051, Potential Metric=0.1131, Entropy Metric=0.0210]

Epoch 170:  12%|█▎        | 2/16 [00:01<00:07,  1.93it/s][A
Training Epochs:  85%|████████▌ | 170/200 [23:45<04:02,  8.09s/it, -ELBO=0.7287, Potential Metric=0.1055, Entropy Metric=0.0211]

Epoch 170:  19%|█▉        | 3/16 [00:01<00:06,  1.89it/s][A
Training Epochs:  85%|████████▌ | 170/200 [23:46<04:02,  8.09s/it, -ELBO=0.7178, Potential Metric=0.1102, Entropy Metric=0.0191]

Epoch 170:  25%|██▌       | 4/16 [00:02<00:06,  1.88it/s][A
Training Epochs:  85%|████████▌ | 170/200 [23:46<04:02,  8.09s/it, -ELBO=0.6990, Potential Metric=0.1065, Entropy Metric=0.0204]

Epoch 170:  31%|███▏      | 5/16 [00:02<00:05,  1.98it/s][A
Training Epochs:  85%|████████▌ | 170/200 [23:47<04:02,  8.09s/it, -ELBO=0.7043, Potential Metric=0.1118, Entropy Metric=0.0206]

Epoch 170:  38%|███▊      | 6/16 [00:03<00:05,  1.95it/s][A
Training Epochs:  85%|████████▌ | 170/200 [23:47<04:02,  8.09s/it, -ELBO=0.7091, Potential Metric=0.1067, Entropy Metric=0.0197]

Epoch 170:  44%|████▍     | 7/16 [00:03<00:04,  2.01it/s][A
Training Epochs:  85%|████████▌ | 170/200 [23:48<04:02,  8.09s/it, -ELBO=0.7091, Potential Metric=0.1131, Entropy Metric=0.0205]

Epoch 170:  50%|█████     | 8/16 [00:04<00:04,  1.99it/s][A
Training Epochs:  85%|████████▌ | 170/200 [23:48<04:02,  8.09s/it, -ELBO=0.6960, Potential Metric=0.1219, Entropy Metric=0.0211]

Epoch 170:  56%|█████▋    | 9/16 [00:04<00:03,  1.95it/s][A
Training Epochs:  85%|████████▌ | 170/200 [23:49<04:02,  8.09s/it, -ELBO=0.6993, Potential Metric=0.1121, Entropy Metric=0.0204]

Epoch 170:  62%|██████▎   | 10/16 [00:05<00:03,  1.98it/s][A
Training Epochs:  85%|████████▌ | 170/200 [23:49<04:02,  8.09s/it, -ELBO=0.7035, Potential Metric=0.1031, Entropy Metric=0.0214]

Epoch 170:  69%|██████▉   | 11/16 [00:05<00:02,  1.97it/s][A
Training Epochs:  85%|████████▌ | 170/200 [23:50<04:02,  8.09s/it, -ELBO=0.7295, Potential Metric=0.0997, Entropy Metric=0.0207]

Epoch 170:  75%|███████▌  | 12/16 [00:06<00:02,  1.97it/s][A
Training Epochs:  85%|████████▌ | 170/200 [23:50<04:02,  8.09s/it, -ELBO=0.7150, Potential Metric=0.0982, Entropy Metric=0.0190]

Epoch 170:  81%|████████▏ | 13/16 [00:06<00:01,  2.03it/s][A
Training Epochs:  85%|████████▌ | 170/200 [23:51<04:02,  8.09s/it, -ELBO=0.7452, Potential Metric=0.0948, Entropy Metric=0.0193]

Epoch 170:  88%|████████▊ | 14/16 [00:07<00:00,  2.07it/s][A
Training Epochs:  85%|████████▌ | 170/200 [23:51<04:02,  8.09s/it, -ELBO=0.7173, Potential Metric=0.0920, Entropy Metric=0.0205]

Epoch 170:  94%|█████████▍| 15/16 [00:07<00:00,  2.12it/s][A
Training Epochs:  85%|████████▌ | 170/200 [23:52<04:02,  8.09s/it, -ELBO=0.7028, Potential Metric=0.1046, Entropy Metric=0.0216]

Epoch 170: 100%|██████████| 16/16 [00:07<00:00,  2.08it/s][A

                                                          [A
Training Epochs:  86%|████████▌ | 171/200 [23:52<03:54,  8.07s/it, -ELBO=0.7028, Potential Metric=0.1046, Entropy Metric=0.0216]

Epoch 171:   0%|          | 0/16 [00:00<?, ?it/s][A
Training Epochs:  86%|████████▌ | 171/200 [23:52<03:54,  8.07s/it, -ELBO=0.7356, Potential Metric=0.0968, Entropy Metric=0.0190]

Epoch 171:   6%|▋         | 1/16 [00:00<00:07,  1.92it/s][A
Training Epochs:  86%|████████▌ | 171/200 [23:53<03:54,  8.07s/it, -ELBO=0.7066, Potential Metric=0.1004, Entropy Metric=0.0205]

Epoch 171:  12%|█▎        | 2/16 [00:00<00:06,  2.05it/s][A
Training Epochs:  86%|████████▌ | 171/200 [23:53<03:54,  8.07s/it, -ELBO=0.6933, Potential Metric=0.1170, Entropy Metric=0.0210]

Epoch 171:  19%|█▉        | 3/16 [00:01<00:06,  2.01it/s][A
Training Epochs:  86%|████████▌ | 171/200 [23:54<03:54,  8.07s/it, -ELBO=0.7039, Potential Metric=0.1108, Entropy Metric=0.0201]

Epoch 171:  25%|██▌       | 4/16 [00:01<00:05,  2.02it/s][A
Training Epochs:  86%|████████▌ | 171/200 [23:54<03:54,  8.07s/it, -ELBO=0.7161, Potential Metric=0.1107, Entropy Metric=0.0209]

Epoch 171:  31%|███▏      | 5/16 [00:02<00:05,  2.00it/s][A
Training Epochs:  86%|████████▌ | 171/200 [23:55<03:54,  8.07s/it, -ELBO=0.7042, Potential Metric=0.1155, Entropy Metric=0.0223]

Epoch 171:  38%|███▊      | 6/16 [00:02<00:04,  2.06it/s][A
Training Epochs:  86%|████████▌ | 171/200 [23:55<03:54,  8.07s/it, -ELBO=0.7034, Potential Metric=0.1138, Entropy Metric=0.0215]

Epoch 171:  44%|████▍     | 7/16 [00:03<00:04,  2.11it/s][A
Training Epochs:  86%|████████▌ | 171/200 [23:56<03:54,  8.07s/it, -ELBO=0.6999, Potential Metric=0.1033, Entropy Metric=0.0211]

Epoch 171:  50%|█████     | 8/16 [00:03<00:03,  2.06it/s][A
Training Epochs:  86%|████████▌ | 171/200 [23:56<03:54,  8.07s/it, -ELBO=0.7089, Potential Metric=0.1050, Entropy Metric=0.0210]

Epoch 171:  56%|█████▋    | 9/16 [00:04<00:03,  2.06it/s][A
Training Epochs:  86%|████████▌ | 171/200 [23:57<03:54,  8.07s/it, -ELBO=0.7037, Potential Metric=0.1078, Entropy Metric=0.0228]

Epoch 171:  62%|██████▎   | 10/16 [00:04<00:03,  1.98it/s][A
Training Epochs:  86%|████████▌ | 171/200 [23:57<03:54,  8.07s/it, -ELBO=0.7029, Potential Metric=0.1048, Entropy Metric=0.0192]

Epoch 171:  69%|██████▉   | 11/16 [00:05<00:02,  1.97it/s][A
Training Epochs:  86%|████████▌ | 171/200 [23:58<03:54,  8.07s/it, -ELBO=0.6914, Potential Metric=0.1095, Entropy Metric=0.0192]

Epoch 171:  75%|███████▌  | 12/16 [00:06<00:02,  1.90it/s][A
Training Epochs:  86%|████████▌ | 171/200 [23:58<03:54,  8.07s/it, -ELBO=0.7153, Potential Metric=0.1065, Entropy Metric=0.0207]

Epoch 171:  81%|████████▏ | 13/16 [00:06<00:01,  1.90it/s][A
Training Epochs:  86%|████████▌ | 171/200 [23:59<03:54,  8.07s/it, -ELBO=0.7090, Potential Metric=0.0970, Entropy Metric=0.0188]

Epoch 171:  88%|████████▊ | 14/16 [00:07<00:01,  1.96it/s][A
Training Epochs:  86%|████████▌ | 171/200 [23:59<03:54,  8.07s/it, -ELBO=0.6817, Potential Metric=0.1089, Entropy Metric=0.0210]

Epoch 171:  94%|█████████▍| 15/16 [00:07<00:00,  2.01it/s][A
Training Epochs:  86%|████████▌ | 171/200 [24:00<03:54,  8.07s/it, -ELBO=0.6927, Potential Metric=0.1066, Entropy Metric=0.0215]

Epoch 171: 100%|██████████| 16/16 [00:07<00:00,  2.01it/s][A

                                                          [A
Training Epochs:  86%|████████▌ | 172/200 [24:00<03:45,  8.07s/it, -ELBO=0.6927, Potential Metric=0.1066, Entropy Metric=0.0215]

Epoch 172:   0%|          | 0/16 [00:00<?, ?it/s][A
Training Epochs:  86%|████████▌ | 172/200 [24:00<03:45,  8.07s/it, -ELBO=0.7065, Potential Metric=0.1088, Entropy Metric=0.0223]

Epoch 172:   6%|▋         | 1/16 [00:00<00:08,  1.84it/s][A
Training Epochs:  86%|████████▌ | 172/200 [24:01<03:45,  8.07s/it, -ELBO=0.7061, Potential Metric=0.0953, Entropy Metric=0.0204]

Epoch 172:  12%|█▎        | 2/16 [00:01<00:07,  1.99it/s][A
Training Epochs:  86%|████████▌ | 172/200 [24:01<03:45,  8.07s/it, -ELBO=0.6985, Potential Metric=0.1043, Entropy Metric=0.0218]

Epoch 172:  19%|█▉        | 3/16 [00:01<00:06,  2.04it/s][A
Training Epochs:  86%|████████▌ | 172/200 [24:02<03:45,  8.07s/it, -ELBO=0.7049, Potential Metric=0.1110, Entropy Metric=0.0211]

Epoch 172:  25%|██▌       | 4/16 [00:02<00:06,  1.96it/s][A
Training Epochs:  86%|████████▌ | 172/200 [24:02<03:45,  8.07s/it, -ELBO=0.7131, Potential Metric=0.1099, Entropy Metric=0.0202]

Epoch 172:  31%|███▏      | 5/16 [00:02<00:05,  1.94it/s][A
Training Epochs:  86%|████████▌ | 172/200 [24:03<03:45,  8.07s/it, -ELBO=0.6961, Potential Metric=0.1035, Entropy Metric=0.0195]

Epoch 172:  38%|███▊      | 6/16 [00:03<00:05,  1.98it/s][A
Training Epochs:  86%|████████▌ | 172/200 [24:03<03:45,  8.07s/it, -ELBO=0.7126, Potential Metric=0.1035, Entropy Metric=0.0191]

Epoch 172:  44%|████▍     | 7/16 [00:03<00:04,  2.04it/s][A
Training Epochs:  86%|████████▌ | 172/200 [24:04<03:45,  8.07s/it, -ELBO=0.7093, Potential Metric=0.1036, Entropy Metric=0.0206]

Epoch 172:  50%|█████     | 8/16 [00:03<00:03,  2.08it/s][A
Training Epochs:  86%|████████▌ | 172/200 [24:04<03:45,  8.07s/it, -ELBO=0.6918, Potential Metric=0.0997, Entropy Metric=0.0198]

Epoch 172:  56%|█████▋    | 9/16 [00:04<00:03,  2.06it/s][A
Training Epochs:  86%|████████▌ | 172/200 [24:05<03:45,  8.07s/it, -ELBO=0.7016, Potential Metric=0.0988, Entropy Metric=0.0214]

Epoch 172:  62%|██████▎   | 10/16 [00:05<00:03,  1.89it/s][A
Training Epochs:  86%|████████▌ | 172/200 [24:05<03:45,  8.07s/it, -ELBO=0.7080, Potential Metric=0.0986, Entropy Metric=0.0202]

Epoch 172:  69%|██████▉   | 11/16 [00:05<00:02,  1.93it/s][A
Training Epochs:  86%|████████▌ | 172/200 [24:06<03:45,  8.07s/it, -ELBO=0.7044, Potential Metric=0.1109, Entropy Metric=0.0224]

Epoch 172:  75%|███████▌  | 12/16 [00:06<00:02,  1.92it/s][A
Training Epochs:  86%|████████▌ | 172/200 [24:06<03:45,  8.07s/it, -ELBO=0.6902, Potential Metric=0.0991, Entropy Metric=0.0187]

Epoch 172:  81%|████████▏ | 13/16 [00:06<00:01,  1.97it/s][A
Training Epochs:  86%|████████▌ | 172/200 [24:07<03:45,  8.07s/it, -ELBO=0.6971, Potential Metric=0.1072, Entropy Metric=0.0206]

Epoch 172:  88%|████████▊ | 14/16 [00:07<00:00,  2.05it/s][A
Training Epochs:  86%|████████▌ | 172/200 [24:07<03:45,  8.07s/it, -ELBO=0.6881, Potential Metric=0.1153, Entropy Metric=0.0210]

Epoch 172:  94%|█████████▍| 15/16 [00:07<00:00,  2.09it/s][A
Training Epochs:  86%|████████▌ | 172/200 [24:08<03:45,  8.07s/it, -ELBO=0.6973, Potential Metric=0.1117, Entropy Metric=0.0201]

Epoch 172: 100%|██████████| 16/16 [00:07<00:00,  2.08it/s][A

                                                          [A
Training Epochs:  86%|████████▋ | 173/200 [24:08<03:37,  8.07s/it, -ELBO=0.6973, Potential Metric=0.1117, Entropy Metric=0.0201]

Epoch 173:   0%|          | 0/16 [00:00<?, ?it/s][A
Training Epochs:  86%|████████▋ | 173/200 [24:08<03:37,  8.07s/it, -ELBO=0.6886, Potential Metric=0.1046, Entropy Metric=0.0204]

Epoch 173:   6%|▋         | 1/16 [00:00<00:08,  1.86it/s][A
Training Epochs:  86%|████████▋ | 173/200 [24:09<03:37,  8.07s/it, -ELBO=0.6770, Potential Metric=0.1174, Entropy Metric=0.0200]

Epoch 173:  12%|█▎        | 2/16 [00:01<00:06,  2.01it/s][A
Training Epochs:  86%|████████▋ | 173/200 [24:09<03:37,  8.07s/it, -ELBO=0.7068, Potential Metric=0.1186, Entropy Metric=0.0190]

Epoch 173:  19%|█▉        | 3/16 [00:01<00:06,  2.08it/s][A
Training Epochs:  86%|████████▋ | 173/200 [24:10<03:37,  8.07s/it, -ELBO=0.7065, Potential Metric=0.1116, Entropy Metric=0.0195]

Epoch 173:  25%|██▌       | 4/16 [00:01<00:05,  2.03it/s][A
Training Epochs:  86%|████████▋ | 173/200 [24:10<03:37,  8.07s/it, -ELBO=0.7051, Potential Metric=0.1104, Entropy Metric=0.0195]

Epoch 173:  31%|███▏      | 5/16 [00:02<00:05,  2.00it/s][A
Training Epochs:  86%|████████▋ | 173/200 [24:11<03:37,  8.07s/it, -ELBO=0.7004, Potential Metric=0.1079, Entropy Metric=0.0202]

Epoch 173:  38%|███▊      | 6/16 [00:03<00:05,  1.97it/s][A
Training Epochs:  86%|████████▋ | 173/200 [24:11<03:37,  8.07s/it, -ELBO=0.7061, Potential Metric=0.1121, Entropy Metric=0.0213]

Epoch 173:  44%|████▍     | 7/16 [00:03<00:04,  2.01it/s][A
Training Epochs:  86%|████████▋ | 173/200 [24:12<03:37,  8.07s/it, -ELBO=0.6988, Potential Metric=0.1080, Entropy Metric=0.0205]

Epoch 173:  50%|█████     | 8/16 [00:03<00:03,  2.02it/s][A
Training Epochs:  86%|████████▋ | 173/200 [24:12<03:37,  8.07s/it, -ELBO=0.6830, Potential Metric=0.1085, Entropy Metric=0.0214]

Epoch 173:  56%|█████▋    | 9/16 [00:04<00:03,  2.04it/s][A
Training Epochs:  86%|████████▋ | 173/200 [24:13<03:37,  8.07s/it, -ELBO=0.6911, Potential Metric=0.1002, Entropy Metric=0.0206]

Epoch 173:  62%|██████▎   | 10/16 [00:04<00:02,  2.07it/s][A
Training Epochs:  86%|████████▋ | 173/200 [24:13<03:37,  8.07s/it, -ELBO=0.7040, Potential Metric=0.1032, Entropy Metric=0.0221]

Epoch 173:  69%|██████▉   | 11/16 [00:05<00:02,  2.11it/s][A
Training Epochs:  86%|████████▋ | 173/200 [24:14<03:37,  8.07s/it, -ELBO=0.7193, Potential Metric=0.0940, Entropy Metric=0.0212]

Epoch 173:  75%|███████▌  | 12/16 [00:05<00:01,  2.06it/s][A
Training Epochs:  86%|████████▋ | 173/200 [24:14<03:37,  8.07s/it, -ELBO=0.6918, Potential Metric=0.0978, Entropy Metric=0.0205]

Epoch 173:  81%|████████▏ | 13/16 [00:06<00:01,  2.10it/s][A
Training Epochs:  86%|████████▋ | 173/200 [24:15<03:37,  8.07s/it, -ELBO=0.7083, Potential Metric=0.1096, Entropy Metric=0.0220]

Epoch 173:  88%|████████▊ | 14/16 [00:06<00:00,  2.13it/s][A
Training Epochs:  86%|████████▋ | 173/200 [24:15<03:37,  8.07s/it, -ELBO=0.6957, Potential Metric=0.0978, Entropy Metric=0.0192]

Epoch 173:  94%|█████████▍| 15/16 [00:07<00:00,  2.12it/s][A
Training Epochs:  86%|████████▋ | 173/200 [24:16<03:37,  8.07s/it, -ELBO=0.6814, Potential Metric=0.1057, Entropy Metric=0.0205]

Epoch 173: 100%|██████████| 16/16 [00:07<00:00,  2.10it/s][A

                                                          [A
Training Epochs:  87%|████████▋ | 174/200 [24:16<03:27,  8.00s/it, -ELBO=0.6814, Potential Metric=0.1057, Entropy Metric=0.0205]

Epoch 174:   0%|          | 0/16 [00:00<?, ?it/s][A
Training Epochs:  87%|████████▋ | 174/200 [24:16<03:27,  8.00s/it, -ELBO=0.6932, Potential Metric=0.1061, Entropy Metric=0.0204]

Epoch 174:   6%|▋         | 1/16 [00:00<00:08,  1.83it/s][A
Training Epochs:  87%|████████▋ | 174/200 [24:17<03:27,  8.00s/it, -ELBO=0.6954, Potential Metric=0.0938, Entropy Metric=0.0188]

Epoch 174:  12%|█▎        | 2/16 [00:01<00:07,  1.95it/s][A
Training Epochs:  87%|████████▋ | 174/200 [24:17<03:27,  8.00s/it, -ELBO=0.6869, Potential Metric=0.1116, Entropy Metric=0.0206]

Epoch 174:  19%|█▉        | 3/16 [00:01<00:06,  2.07it/s][A
Training Epochs:  87%|████████▋ | 174/200 [24:18<03:27,  8.00s/it, -ELBO=0.7117, Potential Metric=0.1169, Entropy Metric=0.0215]

Epoch 174:  25%|██▌       | 4/16 [00:02<00:05,  2.01it/s][A
Training Epochs:  87%|████████▋ | 174/200 [24:18<03:27,  8.00s/it, -ELBO=0.6723, Potential Metric=0.1147, Entropy Metric=0.0216]

Epoch 174:  31%|███▏      | 5/16 [00:02<00:05,  2.07it/s][A
Training Epochs:  87%|████████▋ | 174/200 [24:19<03:27,  8.00s/it, -ELBO=0.6981, Potential Metric=0.1102, Entropy Metric=0.0210]

Epoch 174:  38%|███▊      | 6/16 [00:02<00:04,  2.06it/s][A
Training Epochs:  87%|████████▋ | 174/200 [24:19<03:27,  8.00s/it, -ELBO=0.7059, Potential Metric=0.0997, Entropy Metric=0.0214]

Epoch 174:  44%|████▍     | 7/16 [00:03<00:04,  2.00it/s][A
Training Epochs:  87%|████████▋ | 174/200 [24:20<03:27,  8.00s/it, -ELBO=0.6850, Potential Metric=0.0984, Entropy Metric=0.0205]

Epoch 174:  50%|█████     | 8/16 [00:03<00:03,  2.01it/s][A
Training Epochs:  87%|████████▋ | 174/200 [24:20<03:27,  8.00s/it, -ELBO=0.6935, Potential Metric=0.1087, Entropy Metric=0.0206]

Epoch 174:  56%|█████▋    | 9/16 [00:04<00:03,  2.01it/s][A
Training Epochs:  87%|████████▋ | 174/200 [24:21<03:27,  8.00s/it, -ELBO=0.7085, Potential Metric=0.0921, Entropy Metric=0.0198]

Epoch 174:  62%|██████▎   | 10/16 [00:04<00:02,  2.08it/s][A
Training Epochs:  87%|████████▋ | 174/200 [24:21<03:27,  8.00s/it, -ELBO=0.6922, Potential Metric=0.0929, Entropy Metric=0.0212]

Epoch 174:  69%|██████▉   | 11/16 [00:05<00:02,  2.03it/s][A
Training Epochs:  87%|████████▋ | 174/200 [24:22<03:27,  8.00s/it, -ELBO=0.6909, Potential Metric=0.0914, Entropy Metric=0.0206]

Epoch 174:  75%|███████▌  | 12/16 [00:05<00:01,  2.05it/s][A
Training Epochs:  87%|████████▋ | 174/200 [24:22<03:27,  8.00s/it, -ELBO=0.6918, Potential Metric=0.0897, Entropy Metric=0.0209]

Epoch 174:  81%|████████▏ | 13/16 [00:06<00:01,  2.07it/s][A
Training Epochs:  87%|████████▋ | 174/200 [24:22<03:27,  8.00s/it, -ELBO=0.7062, Potential Metric=0.0905, Entropy Metric=0.0202]

Epoch 174:  88%|████████▊ | 14/16 [00:06<00:00,  2.12it/s][A
Training Epochs:  87%|████████▋ | 174/200 [24:23<03:27,  8.00s/it, -ELBO=0.6800, Potential Metric=0.0984, Entropy Metric=0.0221]

Epoch 174:  94%|█████████▍| 15/16 [00:07<00:00,  2.06it/s][A
Training Epochs:  87%|████████▋ | 174/200 [24:23<03:27,  8.00s/it, -ELBO=0.6891, Potential Metric=0.0991, Entropy Metric=0.0218]

Epoch 174: 100%|██████████| 16/16 [00:07<00:00,  2.03it/s][A

                                                          [A
Training Epochs:  88%|████████▊ | 175/200 [24:23<03:19,  7.97s/it, -ELBO=0.6891, Potential Metric=0.0991, Entropy Metric=0.0218]

Epoch 175:   0%|          | 0/16 [00:00<?, ?it/s][A
Training Epochs:  88%|████████▊ | 175/200 [24:24<03:19,  7.97s/it, -ELBO=0.6861, Potential Metric=0.1075, Entropy Metric=0.0213]

Epoch 175:   6%|▋         | 1/16 [00:00<00:07,  1.90it/s][A
Training Epochs:  88%|████████▊ | 175/200 [24:25<03:19,  7.97s/it, -ELBO=0.6920, Potential Metric=0.0881, Entropy Metric=0.0195]

Epoch 175:  12%|█▎        | 2/16 [00:01<00:07,  1.97it/s][A
Training Epochs:  88%|████████▊ | 175/200 [24:25<03:19,  7.97s/it, -ELBO=0.6834, Potential Metric=0.1041, Entropy Metric=0.0209]

Epoch 175:  19%|█▉        | 3/16 [00:01<00:06,  1.96it/s][A
Training Epochs:  88%|████████▊ | 175/200 [24:26<03:19,  7.97s/it, -ELBO=0.6994, Potential Metric=0.1064, Entropy Metric=0.0217]

Epoch 175:  25%|██▌       | 4/16 [00:02<00:06,  1.95it/s][A
Training Epochs:  88%|████████▊ | 175/200 [24:26<03:19,  7.97s/it, -ELBO=0.7012, Potential Metric=0.1047, Entropy Metric=0.0201]

Epoch 175:  31%|███▏      | 5/16 [00:02<00:05,  1.94it/s][A
Training Epochs:  88%|████████▊ | 175/200 [24:27<03:19,  7.97s/it, -ELBO=0.6878, Potential Metric=0.0985, Entropy Metric=0.0202]

Epoch 175:  38%|███▊      | 6/16 [00:03<00:05,  1.99it/s][A
Training Epochs:  88%|████████▊ | 175/200 [24:27<03:19,  7.97s/it, -ELBO=0.6928, Potential Metric=0.1008, Entropy Metric=0.0194]

Epoch 175:  44%|████▍     | 7/16 [00:03<00:04,  2.00it/s][A
Training Epochs:  88%|████████▊ | 175/200 [24:28<03:19,  7.97s/it, -ELBO=0.6840, Potential Metric=0.1036, Entropy Metric=0.0208]

Epoch 175:  50%|█████     | 8/16 [00:03<00:03,  2.07it/s][A
Training Epochs:  88%|████████▊ | 175/200 [24:28<03:19,  7.97s/it, -ELBO=0.7058, Potential Metric=0.1032, Entropy Metric=0.0204]

Epoch 175:  56%|█████▋    | 9/16 [00:04<00:03,  2.05it/s][A
Training Epochs:  88%|████████▊ | 175/200 [24:29<03:19,  7.97s/it, -ELBO=0.6883, Potential Metric=0.1016, Entropy Metric=0.0208]

Epoch 175:  62%|██████▎   | 10/16 [00:04<00:02,  2.05it/s][A
Training Epochs:  88%|████████▊ | 175/200 [24:29<03:19,  7.97s/it, -ELBO=0.6782, Potential Metric=0.1051, Entropy Metric=0.0217]

Epoch 175:  69%|██████▉   | 11/16 [00:05<00:02,  2.04it/s][A
Training Epochs:  88%|████████▊ | 175/200 [24:29<03:19,  7.97s/it, -ELBO=0.6868, Potential Metric=0.0960, Entropy Metric=0.0211]

Epoch 175:  75%|███████▌  | 12/16 [00:05<00:01,  2.05it/s][A
Training Epochs:  88%|████████▊ | 175/200 [24:30<03:19,  7.97s/it, -ELBO=0.6694, Potential Metric=0.1083, Entropy Metric=0.0227]

Epoch 175:  81%|████████▏ | 13/16 [00:06<00:01,  2.04it/s][A
Training Epochs:  88%|████████▊ | 175/200 [24:31<03:19,  7.97s/it, -ELBO=0.6905, Potential Metric=0.0978, Entropy Metric=0.0205]

Epoch 175:  88%|████████▊ | 14/16 [00:07<00:01,  1.94it/s][A
Training Epochs:  88%|████████▊ | 175/200 [24:31<03:19,  7.97s/it, -ELBO=0.7066, Potential Metric=0.0948, Entropy Metric=0.0209]

Epoch 175:  94%|█████████▍| 15/16 [00:07<00:00,  1.94it/s][A
Training Epochs:  88%|████████▊ | 175/200 [24:32<03:19,  7.97s/it, -ELBO=0.6655, Potential Metric=0.0958, Entropy Metric=0.0203]

Epoch 175: 100%|██████████| 16/16 [00:08<00:00,  1.95it/s][A

                                                          [A
Training Epochs:  88%|████████▊ | 176/200 [24:32<03:12,  8.00s/it, -ELBO=0.6655, Potential Metric=0.0958, Entropy Metric=0.0203]

Epoch 176:   0%|          | 0/16 [00:00<?, ?it/s][A
Training Epochs:  88%|████████▊ | 176/200 [24:32<03:12,  8.00s/it, -ELBO=0.6778, Potential Metric=0.1028, Entropy Metric=0.0216]

Epoch 176:   6%|▋         | 1/16 [00:00<00:08,  1.82it/s][A
Training Epochs:  88%|████████▊ | 176/200 [24:33<03:12,  8.00s/it, -ELBO=0.6987, Potential Metric=0.1055, Entropy Metric=0.0205]

Epoch 176:  12%|█▎        | 2/16 [00:01<00:07,  1.94it/s][A
Training Epochs:  88%|████████▊ | 176/200 [24:33<03:12,  8.00s/it, -ELBO=0.6768, Potential Metric=0.0985, Entropy Metric=0.0216]

Epoch 176:  19%|█▉        | 3/16 [00:01<00:06,  1.98it/s][A
Training Epochs:  88%|████████▊ | 176/200 [24:34<03:12,  8.00s/it, -ELBO=0.6892, Potential Metric=0.0963, Entropy Metric=0.0206]

Epoch 176:  25%|██▌       | 4/16 [00:02<00:05,  2.00it/s][A
Training Epochs:  88%|████████▊ | 176/200 [24:34<03:12,  8.00s/it, -ELBO=0.6895, Potential Metric=0.0971, Entropy Metric=0.0219]

Epoch 176:  31%|███▏      | 5/16 [00:02<00:05,  2.09it/s][A
Training Epochs:  88%|████████▊ | 176/200 [24:35<03:12,  8.00s/it, -ELBO=0.6719, Potential Metric=0.1101, Entropy Metric=0.0217]

Epoch 176:  38%|███▊      | 6/16 [00:02<00:04,  2.16it/s][A
Training Epochs:  88%|████████▊ | 176/200 [24:35<03:12,  8.00s/it, -ELBO=0.6822, Potential Metric=0.1021, Entropy Metric=0.0227]

Epoch 176:  44%|████▍     | 7/16 [00:03<00:04,  2.16it/s][A
Training Epochs:  88%|████████▊ | 176/200 [24:36<03:12,  8.00s/it, -ELBO=0.6990, Potential Metric=0.1047, Entropy Metric=0.0239]

Epoch 176:  50%|█████     | 8/16 [00:03<00:03,  2.08it/s][A
Training Epochs:  88%|████████▊ | 176/200 [24:36<03:12,  8.00s/it, -ELBO=0.6842, Potential Metric=0.0979, Entropy Metric=0.0215]

Epoch 176:  56%|█████▋    | 9/16 [00:04<00:03,  2.03it/s][A
Training Epochs:  88%|████████▊ | 176/200 [24:37<03:12,  8.00s/it, -ELBO=0.6828, Potential Metric=0.1035, Entropy Metric=0.0199]

Epoch 176:  62%|██████▎   | 10/16 [00:04<00:02,  2.05it/s][A
Training Epochs:  88%|████████▊ | 176/200 [24:37<03:12,  8.00s/it, -ELBO=0.6950, Potential Metric=0.1044, Entropy Metric=0.0211]

Epoch 176:  69%|██████▉   | 11/16 [00:05<00:02,  2.04it/s][A
Training Epochs:  88%|████████▊ | 176/200 [24:38<03:12,  8.00s/it, -ELBO=0.6928, Potential Metric=0.0983, Entropy Metric=0.0208]

Epoch 176:  75%|███████▌  | 12/16 [00:05<00:01,  2.01it/s][A
Training Epochs:  88%|████████▊ | 176/200 [24:38<03:12,  8.00s/it, -ELBO=0.6867, Potential Metric=0.0863, Entropy Metric=0.0195]

Epoch 176:  81%|████████▏ | 13/16 [00:06<00:01,  2.10it/s][A
Training Epochs:  88%|████████▊ | 176/200 [24:38<03:12,  8.00s/it, -ELBO=0.7008, Potential Metric=0.0903, Entropy Metric=0.0203]

Epoch 176:  88%|████████▊ | 14/16 [00:06<00:00,  2.14it/s][A
Training Epochs:  88%|████████▊ | 176/200 [24:39<03:12,  8.00s/it, -ELBO=0.6818, Potential Metric=0.0926, Entropy Metric=0.0200]

Epoch 176:  94%|█████████▍| 15/16 [00:07<00:00,  2.14it/s][A
Training Epochs:  88%|████████▊ | 176/200 [24:39<03:12,  8.00s/it, -ELBO=0.6836, Potential Metric=0.1070, Entropy Metric=0.0215]

Epoch 176: 100%|██████████| 16/16 [00:07<00:00,  2.09it/s][A

                                                          [A
Training Epochs:  88%|████████▊ | 177/200 [24:39<03:02,  7.95s/it, -ELBO=0.6836, Potential Metric=0.1070, Entropy Metric=0.0215]

Epoch 177:   0%|          | 0/16 [00:00<?, ?it/s][A
Training Epochs:  88%|████████▊ | 177/200 [24:40<03:02,  7.95s/it, -ELBO=0.7026, Potential Metric=0.0999, Entropy Metric=0.0225]

Epoch 177:   6%|▋         | 1/16 [00:00<00:07,  2.06it/s][A
Training Epochs:  88%|████████▊ | 177/200 [24:40<03:02,  7.95s/it, -ELBO=0.6747, Potential Metric=0.1115, Entropy Metric=0.0213]

Epoch 177:  12%|█▎        | 2/16 [00:00<00:06,  2.09it/s][A
Training Epochs:  88%|████████▊ | 177/200 [24:41<03:02,  7.95s/it, -ELBO=0.6866, Potential Metric=0.0974, Entropy Metric=0.0210]

Epoch 177:  19%|█▉        | 3/16 [00:01<00:06,  2.03it/s][A
Training Epochs:  88%|████████▊ | 177/200 [24:41<03:02,  7.95s/it, -ELBO=0.6742, Potential Metric=0.1086, Entropy Metric=0.0214]

Epoch 177:  25%|██▌       | 4/16 [00:02<00:06,  1.96it/s][A
Training Epochs:  88%|████████▊ | 177/200 [24:42<03:02,  7.95s/it, -ELBO=0.6981, Potential Metric=0.1050, Entropy Metric=0.0225]

Epoch 177:  31%|███▏      | 5/16 [00:02<00:05,  1.99it/s][A
Training Epochs:  88%|████████▊ | 177/200 [24:42<03:02,  7.95s/it, -ELBO=0.6889, Potential Metric=0.0891, Entropy Metric=0.0220]

Epoch 177:  38%|███▊      | 6/16 [00:02<00:04,  2.02it/s][A
Training Epochs:  88%|████████▊ | 177/200 [24:43<03:02,  7.95s/it, -ELBO=0.6986, Potential Metric=0.0947, Entropy Metric=0.0207]

Epoch 177:  44%|████▍     | 7/16 [00:03<00:04,  2.04it/s][A
Training Epochs:  88%|████████▊ | 177/200 [24:43<03:02,  7.95s/it, -ELBO=0.6689, Potential Metric=0.1053, Entropy Metric=0.0206]

Epoch 177:  50%|█████     | 8/16 [00:03<00:03,  2.05it/s][A
Training Epochs:  88%|████████▊ | 177/200 [24:44<03:02,  7.95s/it, -ELBO=0.6714, Potential Metric=0.1116, Entropy Metric=0.0197]

Epoch 177:  56%|█████▋    | 9/16 [00:04<00:03,  2.03it/s][A
Training Epochs:  88%|████████▊ | 177/200 [24:44<03:02,  7.95s/it, -ELBO=0.6869, Potential Metric=0.1062, Entropy Metric=0.0219]

Epoch 177:  62%|██████▎   | 10/16 [00:04<00:03,  1.97it/s][A
Training Epochs:  88%|████████▊ | 177/200 [24:45<03:02,  7.95s/it, -ELBO=0.6772, Potential Metric=0.1131, Entropy Metric=0.0214]

Epoch 177:  69%|██████▉   | 11/16 [00:05<00:02,  1.95it/s][A
Training Epochs:  88%|████████▊ | 177/200 [24:45<03:02,  7.95s/it, -ELBO=0.6816, Potential Metric=0.1133, Entropy Metric=0.0226]

Epoch 177:  75%|███████▌  | 12/16 [00:06<00:02,  1.95it/s][A
Training Epochs:  88%|████████▊ | 177/200 [24:46<03:02,  7.95s/it, -ELBO=0.6808, Potential Metric=0.1062, Entropy Metric=0.0220]

Epoch 177:  81%|████████▏ | 13/16 [00:06<00:01,  1.98it/s][A
Training Epochs:  88%|████████▊ | 177/200 [24:46<03:02,  7.95s/it, -ELBO=0.6683, Potential Metric=0.1008, Entropy Metric=0.0209]

Epoch 177:  88%|████████▊ | 14/16 [00:06<00:00,  2.10it/s][A
Training Epochs:  88%|████████▊ | 177/200 [24:47<03:02,  7.95s/it, -ELBO=0.6975, Potential Metric=0.0975, Entropy Metric=0.0198]

Epoch 177:  94%|█████████▍| 15/16 [00:07<00:00,  2.12it/s][A
Training Epochs:  88%|████████▊ | 177/200 [24:47<03:02,  7.95s/it, -ELBO=0.6724, Potential Metric=0.1070, Entropy Metric=0.0228]

Epoch 177: 100%|██████████| 16/16 [00:07<00:00,  2.13it/s][A

                                                          [A
Training Epochs:  89%|████████▉ | 178/200 [24:47<02:54,  7.93s/it, -ELBO=0.6724, Potential Metric=0.1070, Entropy Metric=0.0228]

Epoch 178:   0%|          | 0/16 [00:00<?, ?it/s][A
Training Epochs:  89%|████████▉ | 178/200 [24:48<02:54,  7.93s/it, -ELBO=0.6751, Potential Metric=0.0969, Entropy Metric=0.0222]

Epoch 178:   6%|▋         | 1/16 [00:00<00:07,  2.04it/s][A
Training Epochs:  89%|████████▉ | 178/200 [24:48<02:54,  7.93s/it, -ELBO=0.6804, Potential Metric=0.0940, Entropy Metric=0.0205]

Epoch 178:  12%|█▎        | 2/16 [00:00<00:06,  2.01it/s][A
Training Epochs:  89%|████████▉ | 178/200 [24:49<02:54,  7.93s/it, -ELBO=0.6743, Potential Metric=0.0943, Entropy Metric=0.0207]

Epoch 178:  19%|█▉        | 3/16 [00:01<00:06,  2.11it/s][A
Training Epochs:  89%|████████▉ | 178/200 [24:49<02:54,  7.93s/it, -ELBO=0.6734, Potential Metric=0.0998, Entropy Metric=0.0197]

Epoch 178:  25%|██▌       | 4/16 [00:01<00:05,  2.07it/s][A
Training Epochs:  89%|████████▉ | 178/200 [24:50<02:54,  7.93s/it, -ELBO=0.6798, Potential Metric=0.0977, Entropy Metric=0.0196]

Epoch 178:  31%|███▏      | 5/16 [00:02<00:05,  2.05it/s][A
Training Epochs:  89%|████████▉ | 178/200 [24:50<02:54,  7.93s/it, -ELBO=0.6664, Potential Metric=0.1105, Entropy Metric=0.0203]

Epoch 178:  38%|███▊      | 6/16 [00:02<00:04,  2.10it/s][A
Training Epochs:  89%|████████▉ | 178/200 [24:51<02:54,  7.93s/it, -ELBO=0.6880, Potential Metric=0.0997, Entropy Metric=0.0190]

Epoch 178:  44%|████▍     | 7/16 [00:03<00:04,  2.10it/s][A
Training Epochs:  89%|████████▉ | 178/200 [24:51<02:54,  7.93s/it, -ELBO=0.6700, Potential Metric=0.1168, Entropy Metric=0.0208]

Epoch 178:  50%|█████     | 8/16 [00:03<00:03,  2.10it/s][A
Training Epochs:  89%|████████▉ | 178/200 [24:52<02:54,  7.93s/it, -ELBO=0.6760, Potential Metric=0.1032, Entropy Metric=0.0198]

Epoch 178:  56%|█████▋    | 9/16 [00:04<00:03,  2.14it/s][A
Training Epochs:  89%|████████▉ | 178/200 [24:52<02:54,  7.93s/it, -ELBO=0.6604, Potential Metric=0.1139, Entropy Metric=0.0215]

Epoch 178:  62%|██████▎   | 10/16 [00:04<00:02,  2.11it/s][A
Training Epochs:  89%|████████▉ | 178/200 [24:53<02:54,  7.93s/it, -ELBO=0.6698, Potential Metric=0.1056, Entropy Metric=0.0222]

Epoch 178:  69%|██████▉   | 11/16 [00:05<00:02,  2.07it/s][A
Training Epochs:  89%|████████▉ | 178/200 [24:53<02:54,  7.93s/it, -ELBO=0.6765, Potential Metric=0.1071, Entropy Metric=0.0220]

Epoch 178:  75%|███████▌  | 12/16 [00:05<00:01,  2.04it/s][A
Training Epochs:  89%|████████▉ | 178/200 [24:54<02:54,  7.93s/it, -ELBO=0.6871, Potential Metric=0.1018, Entropy Metric=0.0224]

Epoch 178:  81%|████████▏ | 13/16 [00:06<00:01,  2.05it/s][A
Training Epochs:  89%|████████▉ | 178/200 [24:54<02:54,  7.93s/it, -ELBO=0.6840, Potential Metric=0.0968, Entropy Metric=0.0210]

Epoch 178:  88%|████████▊ | 14/16 [00:06<00:00,  2.08it/s][A
Training Epochs:  89%|████████▉ | 178/200 [24:55<02:54,  7.93s/it, -ELBO=0.7002, Potential Metric=0.0908, Entropy Metric=0.0204]

Epoch 178:  94%|█████████▍| 15/16 [00:07<00:00,  2.10it/s][A
Training Epochs:  89%|████████▉ | 178/200 [24:55<02:54,  7.93s/it, -ELBO=0.6791, Potential Metric=0.0945, Entropy Metric=0.0207]

Epoch 178: 100%|██████████| 16/16 [00:07<00:00,  1.96it/s][A

                                                          [A
Training Epochs:  90%|████████▉ | 179/200 [24:55<02:45,  7.90s/it, -ELBO=0.6791, Potential Metric=0.0945, Entropy Metric=0.0207]

Epoch 179:   0%|          | 0/16 [00:00<?, ?it/s][A
Training Epochs:  90%|████████▉ | 179/200 [24:56<02:45,  7.90s/it, -ELBO=0.6744, Potential Metric=0.0903, Entropy Metric=0.0193]

Epoch 179:   6%|▋         | 1/16 [00:00<00:08,  1.77it/s][A
Training Epochs:  90%|████████▉ | 179/200 [24:56<02:45,  7.90s/it, -ELBO=0.6848, Potential Metric=0.0973, Entropy Metric=0.0195]

Epoch 179:  12%|█▎        | 2/16 [00:01<00:07,  1.97it/s][A
Training Epochs:  90%|████████▉ | 179/200 [24:57<02:45,  7.90s/it, -ELBO=0.6845, Potential Metric=0.1014, Entropy Metric=0.0208]

Epoch 179:  19%|█▉        | 3/16 [00:01<00:06,  1.91it/s][A
Training Epochs:  90%|████████▉ | 179/200 [24:57<02:45,  7.90s/it, -ELBO=0.6774, Potential Metric=0.0913, Entropy Metric=0.0216]

Epoch 179:  25%|██▌       | 4/16 [00:02<00:06,  1.94it/s][A
Training Epochs:  90%|████████▉ | 179/200 [24:58<02:45,  7.90s/it, -ELBO=0.6821, Potential Metric=0.0966, Entropy Metric=0.0217]

Epoch 179:  31%|███▏      | 5/16 [00:02<00:05,  1.90it/s][A
Training Epochs:  90%|████████▉ | 179/200 [24:58<02:45,  7.90s/it, -ELBO=0.6800, Potential Metric=0.0940, Entropy Metric=0.0216]

Epoch 179:  38%|███▊      | 6/16 [00:03<00:05,  1.93it/s][A
Training Epochs:  90%|████████▉ | 179/200 [24:59<02:45,  7.90s/it, -ELBO=0.6771, Potential Metric=0.0875, Entropy Metric=0.0209]

Epoch 179:  44%|████▍     | 7/16 [00:03<00:04,  1.97it/s][A
Training Epochs:  90%|████████▉ | 179/200 [24:59<02:45,  7.90s/it, -ELBO=0.6758, Potential Metric=0.0999, Entropy Metric=0.0216]

Epoch 179:  50%|█████     | 8/16 [00:04<00:03,  2.03it/s][A
Training Epochs:  90%|████████▉ | 179/200 [25:00<02:45,  7.90s/it, -ELBO=0.6640, Potential Metric=0.1082, Entropy Metric=0.0238]

Epoch 179:  56%|█████▋    | 9/16 [00:04<00:03,  2.02it/s][A
Training Epochs:  90%|████████▉ | 179/200 [25:00<02:45,  7.90s/it, -ELBO=0.6720, Potential Metric=0.1059, Entropy Metric=0.0215]

Epoch 179:  62%|██████▎   | 10/16 [00:05<00:02,  2.07it/s][A
Training Epochs:  90%|████████▉ | 179/200 [25:01<02:45,  7.90s/it, -ELBO=0.6609, Potential Metric=0.0999, Entropy Metric=0.0196]

Epoch 179:  69%|██████▉   | 11/16 [00:05<00:02,  2.08it/s][A
Training Epochs:  90%|████████▉ | 179/200 [25:01<02:45,  7.90s/it, -ELBO=0.6785, Potential Metric=0.1070, Entropy Metric=0.0217]

Epoch 179:  75%|███████▌  | 12/16 [00:05<00:01,  2.07it/s][A
Training Epochs:  90%|████████▉ | 179/200 [25:02<02:45,  7.90s/it, -ELBO=0.6527, Potential Metric=0.1017, Entropy Metric=0.0204]

Epoch 179:  81%|████████▏ | 13/16 [00:06<00:01,  2.12it/s][A
Training Epochs:  90%|████████▉ | 179/200 [25:02<02:45,  7.90s/it, -ELBO=0.7007, Potential Metric=0.0970, Entropy Metric=0.0200]

Epoch 179:  88%|████████▊ | 14/16 [00:06<00:00,  2.11it/s][A
Training Epochs:  90%|████████▉ | 179/200 [25:03<02:45,  7.90s/it, -ELBO=0.6841, Potential Metric=0.0915, Entropy Metric=0.0193]

Epoch 179:  94%|█████████▍| 15/16 [00:07<00:00,  2.11it/s][A
Training Epochs:  90%|████████▉ | 179/200 [25:03<02:45,  7.90s/it, -ELBO=0.6741, Potential Metric=0.0925, Entropy Metric=0.0211]

Epoch 179: 100%|██████████| 16/16 [00:07<00:00,  2.06it/s][A

                                                          [A
Training Epochs:  90%|█████████ | 180/200 [25:03<02:38,  7.92s/it, -ELBO=0.6741, Potential Metric=0.0925, Entropy Metric=0.0211]

Epoch 180:   0%|          | 0/16 [00:00<?, ?it/s][A
Training Epochs:  90%|█████████ | 180/200 [25:04<02:38,  7.92s/it, -ELBO=0.6722, Potential Metric=0.0966, Entropy Metric=0.0196]

Epoch 180:   6%|▋         | 1/16 [00:00<00:07,  1.92it/s][A
Training Epochs:  90%|█████████ | 180/200 [25:04<02:38,  7.92s/it, -ELBO=0.6780, Potential Metric=0.1015, Entropy Metric=0.0218]

Epoch 180:  12%|█▎        | 2/16 [00:01<00:07,  1.98it/s][A
Training Epochs:  90%|█████████ | 180/200 [25:05<02:38,  7.92s/it, -ELBO=0.6653, Potential Metric=0.0981, Entropy Metric=0.0207]

Epoch 180:  19%|█▉        | 3/16 [00:01<00:06,  1.94it/s][A
Training Epochs:  90%|█████████ | 180/200 [25:05<02:38,  7.92s/it, -ELBO=0.6806, Potential Metric=0.0914, Entropy Metric=0.0196]

Epoch 180:  25%|██▌       | 4/16 [00:02<00:06,  1.96it/s][A
Training Epochs:  90%|█████████ | 180/200 [25:06<02:38,  7.92s/it, -ELBO=0.6784, Potential Metric=0.0967, Entropy Metric=0.0211]

Epoch 180:  31%|███▏      | 5/16 [00:02<00:05,  1.97it/s][A
Training Epochs:  90%|█████████ | 180/200 [25:06<02:38,  7.92s/it, -ELBO=0.6671, Potential Metric=0.1087, Entropy Metric=0.0205]

Epoch 180:  38%|███▊      | 6/16 [00:03<00:05,  1.99it/s][A
Training Epochs:  90%|█████████ | 180/200 [25:07<02:38,  7.92s/it, -ELBO=0.6761, Potential Metric=0.1043, Entropy Metric=0.0220]

Epoch 180:  44%|████▍     | 7/16 [00:03<00:04,  1.99it/s][A
Training Epochs:  90%|█████████ | 180/200 [25:07<02:38,  7.92s/it, -ELBO=0.6615, Potential Metric=0.1078, Entropy Metric=0.0229]

Epoch 180:  50%|█████     | 8/16 [00:04<00:03,  2.03it/s][A
Training Epochs:  90%|█████████ | 180/200 [25:08<02:38,  7.92s/it, -ELBO=0.6650, Potential Metric=0.1007, Entropy Metric=0.0221]

Epoch 180:  56%|█████▋    | 9/16 [00:04<00:03,  2.09it/s][A
Training Epochs:  90%|█████████ | 180/200 [25:08<02:38,  7.92s/it, -ELBO=0.6850, Potential Metric=0.0893, Entropy Metric=0.0228]

Epoch 180:  62%|██████▎   | 10/16 [00:04<00:02,  2.12it/s][A
Training Epochs:  90%|█████████ | 180/200 [25:09<02:38,  7.92s/it, -ELBO=0.6744, Potential Metric=0.0948, Entropy Metric=0.0235]

Epoch 180:  69%|██████▉   | 11/16 [00:05<00:02,  2.04it/s][A
Training Epochs:  90%|█████████ | 180/200 [25:09<02:38,  7.92s/it, -ELBO=0.6690, Potential Metric=0.0950, Entropy Metric=0.0224]

Epoch 180:  75%|███████▌  | 12/16 [00:05<00:02,  1.99it/s][A
Training Epochs:  90%|█████████ | 180/200 [25:10<02:38,  7.92s/it, -ELBO=0.6561, Potential Metric=0.1042, Entropy Metric=0.0229]

Epoch 180:  81%|████████▏ | 13/16 [00:06<00:01,  1.95it/s][A
Training Epochs:  90%|█████████ | 180/200 [25:10<02:38,  7.92s/it, -ELBO=0.6598, Potential Metric=0.0980, Entropy Metric=0.0217]

Epoch 180:  88%|████████▊ | 14/16 [00:06<00:00,  2.03it/s][A
Training Epochs:  90%|█████████ | 180/200 [25:11<02:38,  7.92s/it, -ELBO=0.6708, Potential Metric=0.1013, Entropy Metric=0.0220]

Epoch 180:  94%|█████████▍| 15/16 [00:07<00:00,  2.01it/s][A
Training Epochs:  90%|█████████ | 180/200 [25:11<02:38,  7.92s/it, -ELBO=0.6657, Potential Metric=0.0975, Entropy Metric=0.0218]

Epoch 180: 100%|██████████| 16/16 [00:08<00:00,  1.96it/s][A

                                                          [A
Training Epochs:  90%|█████████ | 181/200 [25:11<02:31,  7.97s/it, -ELBO=0.6657, Potential Metric=0.0975, Entropy Metric=0.0218]

Epoch 181:   0%|          | 0/16 [00:00<?, ?it/s][A
Training Epochs:  90%|█████████ | 181/200 [25:12<02:31,  7.97s/it, -ELBO=0.6689, Potential Metric=0.0971, Entropy Metric=0.0205]

Epoch 181:   6%|▋         | 1/16 [00:00<00:07,  1.98it/s][A
Training Epochs:  90%|█████████ | 181/200 [25:12<02:31,  7.97s/it, -ELBO=0.6540, Potential Metric=0.0980, Entropy Metric=0.0218]

Epoch 181:  12%|█▎        | 2/16 [00:00<00:06,  2.20it/s][A
Training Epochs:  90%|█████████ | 181/200 [25:13<02:31,  7.97s/it, -ELBO=0.6615, Potential Metric=0.1061, Entropy Metric=0.0216]

Epoch 181:  19%|█▉        | 3/16 [00:01<00:06,  2.14it/s][A
Training Epochs:  90%|█████████ | 181/200 [25:13<02:31,  7.97s/it, -ELBO=0.6732, Potential Metric=0.0957, Entropy Metric=0.0211]

Epoch 181:  25%|██▌       | 4/16 [00:01<00:05,  2.10it/s][A
Training Epochs:  90%|█████████ | 181/200 [25:14<02:31,  7.97s/it, -ELBO=0.6727, Potential Metric=0.0962, Entropy Metric=0.0211]

Epoch 181:  31%|███▏      | 5/16 [00:02<00:05,  2.02it/s][A
Training Epochs:  90%|█████████ | 181/200 [25:14<02:31,  7.97s/it, -ELBO=0.6673, Potential Metric=0.0954, Entropy Metric=0.0205]

Epoch 181:  38%|███▊      | 6/16 [00:02<00:04,  2.03it/s][A
Training Epochs:  90%|█████████ | 181/200 [25:15<02:31,  7.97s/it, -ELBO=0.6671, Potential Metric=0.1059, Entropy Metric=0.0228]

Epoch 181:  44%|████▍     | 7/16 [00:03<00:04,  2.02it/s][A
Training Epochs:  90%|█████████ | 181/200 [25:15<02:31,  7.97s/it, -ELBO=0.6693, Potential Metric=0.0978, Entropy Metric=0.0208]

Epoch 181:  50%|█████     | 8/16 [00:03<00:03,  2.06it/s][A
Training Epochs:  90%|█████████ | 181/200 [25:16<02:31,  7.97s/it, -ELBO=0.6551, Potential Metric=0.1036, Entropy Metric=0.0214]

Epoch 181:  56%|█████▋    | 9/16 [00:04<00:03,  2.12it/s][A
Training Epochs:  90%|█████████ | 181/200 [25:16<02:31,  7.97s/it, -ELBO=0.6681, Potential Metric=0.1002, Entropy Metric=0.0189]

Epoch 181:  62%|██████▎   | 10/16 [00:04<00:02,  2.06it/s][A
Training Epochs:  90%|█████████ | 181/200 [25:17<02:31,  7.97s/it, -ELBO=0.6898, Potential Metric=0.0907, Entropy Metric=0.0188]

Epoch 181:  69%|██████▉   | 11/16 [00:05<00:02,  2.04it/s][A
Training Epochs:  90%|█████████ | 181/200 [25:17<02:31,  7.97s/it, -ELBO=0.6719, Potential Metric=0.0895, Entropy Metric=0.0187]

Epoch 181:  75%|███████▌  | 12/16 [00:05<00:01,  2.05it/s][A
Training Epochs:  90%|█████████ | 181/200 [25:18<02:31,  7.97s/it, -ELBO=0.6518, Potential Metric=0.1123, Entropy Metric=0.0212]

Epoch 181:  81%|████████▏ | 13/16 [00:06<00:01,  2.05it/s][A
Training Epochs:  90%|█████████ | 181/200 [25:18<02:31,  7.97s/it, -ELBO=0.6818, Potential Metric=0.0941, Entropy Metric=0.0205]

Epoch 181:  88%|████████▊ | 14/16 [00:06<00:00,  2.08it/s][A
Training Epochs:  90%|█████████ | 181/200 [25:19<02:31,  7.97s/it, -ELBO=0.6834, Potential Metric=0.0831, Entropy Metric=0.0206]

Epoch 181:  94%|█████████▍| 15/16 [00:07<00:00,  2.03it/s][A
Training Epochs:  90%|█████████ | 181/200 [25:19<02:31,  7.97s/it, -ELBO=0.6586, Potential Metric=0.0919, Entropy Metric=0.0203]

Epoch 181: 100%|██████████| 16/16 [00:07<00:00,  2.06it/s][A

                                                          [A
Training Epochs:  91%|█████████ | 182/200 [25:19<02:22,  7.94s/it, -ELBO=0.6586, Potential Metric=0.0919, Entropy Metric=0.0203]

Epoch 182:   0%|          | 0/16 [00:00<?, ?it/s][A
Training Epochs:  91%|█████████ | 182/200 [25:20<02:22,  7.94s/it, -ELBO=0.6768, Potential Metric=0.0965, Entropy Metric=0.0204]

Epoch 182:   6%|▋         | 1/16 [00:00<00:07,  1.98it/s][A
Training Epochs:  91%|█████████ | 182/200 [25:20<02:22,  7.94s/it, -ELBO=0.6557, Potential Metric=0.0921, Entropy Metric=0.0214]

Epoch 182:  12%|█▎        | 2/16 [00:00<00:06,  2.04it/s][A
Training Epochs:  91%|█████████ | 182/200 [25:21<02:22,  7.94s/it, -ELBO=0.6723, Potential Metric=0.0985, Entropy Metric=0.0215]

Epoch 182:  19%|█▉        | 3/16 [00:01<00:06,  2.12it/s][A
Training Epochs:  91%|█████████ | 182/200 [25:21<02:22,  7.94s/it, -ELBO=0.6638, Potential Metric=0.0899, Entropy Metric=0.0194]

Epoch 182:  25%|██▌       | 4/16 [00:01<00:05,  2.21it/s][A
Training Epochs:  91%|█████████ | 182/200 [25:21<02:22,  7.94s/it, -ELBO=0.6484, Potential Metric=0.0973, Entropy Metric=0.0216]

Epoch 182:  31%|███▏      | 5/16 [00:02<00:05,  2.16it/s][A
Training Epochs:  91%|█████████ | 182/200 [25:22<02:22,  7.94s/it, -ELBO=0.6779, Potential Metric=0.1018, Entropy Metric=0.0202]

Epoch 182:  38%|███▊      | 6/16 [00:03<00:05,  1.87it/s][A
Training Epochs:  91%|█████████ | 182/200 [25:23<02:22,  7.94s/it, -ELBO=0.6572, Potential Metric=0.0984, Entropy Metric=0.0189]

Epoch 182:  44%|████▍     | 7/16 [00:03<00:04,  1.90it/s][A
Training Epochs:  91%|█████████ | 182/200 [25:23<02:22,  7.94s/it, -ELBO=0.6547, Potential Metric=0.1022, Entropy Metric=0.0200]

Epoch 182:  50%|█████     | 8/16 [00:03<00:04,  1.97it/s][A
Training Epochs:  91%|█████████ | 182/200 [25:24<02:22,  7.94s/it, -ELBO=0.6594, Potential Metric=0.0928, Entropy Metric=0.0193]

Epoch 182:  56%|█████▋    | 9/16 [00:04<00:03,  2.00it/s][A
Training Epochs:  91%|█████████ | 182/200 [25:24<02:22,  7.94s/it, -ELBO=0.6626, Potential Metric=0.1087, Entropy Metric=0.0220]

Epoch 182:  62%|██████▎   | 10/16 [00:04<00:03,  1.99it/s][A
Training Epochs:  91%|█████████ | 182/200 [25:25<02:22,  7.94s/it, -ELBO=0.6858, Potential Metric=0.0842, Entropy Metric=0.0194]

Epoch 182:  69%|██████▉   | 11/16 [00:05<00:02,  2.03it/s][A
Training Epochs:  91%|█████████ | 182/200 [25:25<02:22,  7.94s/it, -ELBO=0.6498, Potential Metric=0.0887, Entropy Metric=0.0197]

Epoch 182:  75%|███████▌  | 12/16 [00:05<00:01,  2.03it/s][A
Training Epochs:  91%|█████████ | 182/200 [25:26<02:22,  7.94s/it, -ELBO=0.6505, Potential Metric=0.0908, Entropy Metric=0.0203]

Epoch 182:  81%|████████▏ | 13/16 [00:06<00:01,  2.04it/s][A
Training Epochs:  91%|█████████ | 182/200 [25:26<02:22,  7.94s/it, -ELBO=0.6618, Potential Metric=0.1013, Entropy Metric=0.0204]

Epoch 182:  88%|████████▊ | 14/16 [00:06<00:00,  2.03it/s][A
Training Epochs:  91%|█████████ | 182/200 [25:27<02:22,  7.94s/it, -ELBO=0.6663, Potential Metric=0.0946, Entropy Metric=0.0215]

Epoch 182:  94%|█████████▍| 15/16 [00:07<00:00,  2.06it/s][A
Training Epochs:  91%|█████████ | 182/200 [25:27<02:22,  7.94s/it, -ELBO=0.6561, Potential Metric=0.0953, Entropy Metric=0.0208]

Epoch 182: 100%|██████████| 16/16 [00:07<00:00,  2.08it/s][A

                                                          [A
Training Epochs:  92%|█████████▏| 183/200 [25:27<02:15,  7.94s/it, -ELBO=0.6561, Potential Metric=0.0953, Entropy Metric=0.0208]

Epoch 183:   0%|          | 0/16 [00:00<?, ?it/s][A
Training Epochs:  92%|█████████▏| 183/200 [25:28<02:15,  7.94s/it, -ELBO=0.6658, Potential Metric=0.0897, Entropy Metric=0.0210]

Epoch 183:   6%|▋         | 1/16 [00:00<00:07,  2.02it/s][A
Training Epochs:  92%|█████████▏| 183/200 [25:28<02:15,  7.94s/it, -ELBO=0.6599, Potential Metric=0.1114, Entropy Metric=0.0220]

Epoch 183:  12%|█▎        | 2/16 [00:00<00:06,  2.01it/s][A
Training Epochs:  92%|█████████▏| 183/200 [25:28<02:15,  7.94s/it, -ELBO=0.6602, Potential Metric=0.1066, Entropy Metric=0.0233]

Epoch 183:  19%|█▉        | 3/16 [00:01<00:06,  2.09it/s][A
Training Epochs:  92%|█████████▏| 183/200 [25:29<02:15,  7.94s/it, -ELBO=0.6564, Potential Metric=0.1033, Entropy Metric=0.0235]

Epoch 183:  25%|██▌       | 4/16 [00:01<00:05,  2.08it/s][A
Training Epochs:  92%|█████████▏| 183/200 [25:29<02:15,  7.94s/it, -ELBO=0.6416, Potential Metric=0.1030, Entropy Metric=0.0223]

Epoch 183:  31%|███▏      | 5/16 [00:02<00:05,  2.06it/s][A
Training Epochs:  92%|█████████▏| 183/200 [25:30<02:15,  7.94s/it, -ELBO=0.6481, Potential Metric=0.1034, Entropy Metric=0.0220]

Epoch 183:  38%|███▊      | 6/16 [00:02<00:04,  2.11it/s][A
Training Epochs:  92%|█████████▏| 183/200 [25:30<02:15,  7.94s/it, -ELBO=0.6675, Potential Metric=0.0890, Entropy Metric=0.0209]

Epoch 183:  44%|████▍     | 7/16 [00:03<00:04,  2.12it/s][A
Training Epochs:  92%|█████████▏| 183/200 [25:31<02:15,  7.94s/it, -ELBO=0.6544, Potential Metric=0.0931, Entropy Metric=0.0216]

Epoch 183:  50%|█████     | 8/16 [00:03<00:03,  2.16it/s][A
Training Epochs:  92%|█████████▏| 183/200 [25:31<02:15,  7.94s/it, -ELBO=0.6610, Potential Metric=0.1004, Entropy Metric=0.0222]

Epoch 183:  56%|█████▋    | 9/16 [00:04<00:03,  2.09it/s][A
Training Epochs:  92%|█████████▏| 183/200 [25:32<02:15,  7.94s/it, -ELBO=0.6456, Potential Metric=0.0980, Entropy Metric=0.0201]

Epoch 183:  62%|██████▎   | 10/16 [00:04<00:02,  2.09it/s][A
Training Epochs:  92%|█████████▏| 183/200 [25:32<02:15,  7.94s/it, -ELBO=0.6664, Potential Metric=0.0968, Entropy Metric=0.0202]

Epoch 183:  69%|██████▉   | 11/16 [00:05<00:02,  2.10it/s][A
Training Epochs:  92%|█████████▏| 183/200 [25:33<02:15,  7.94s/it, -ELBO=0.6646, Potential Metric=0.1049, Entropy Metric=0.0209]

Epoch 183:  75%|███████▌  | 12/16 [00:05<00:01,  2.05it/s][A
Training Epochs:  92%|█████████▏| 183/200 [25:33<02:15,  7.94s/it, -ELBO=0.6560, Potential Metric=0.0903, Entropy Metric=0.0201]

Epoch 183:  81%|████████▏ | 13/16 [00:06<00:01,  2.07it/s][A
Training Epochs:  92%|█████████▏| 183/200 [25:34<02:15,  7.94s/it, -ELBO=0.6584, Potential Metric=0.1032, Entropy Metric=0.0217]

Epoch 183:  88%|████████▊ | 14/16 [00:06<00:00,  2.01it/s][A
Training Epochs:  92%|█████████▏| 183/200 [25:34<02:15,  7.94s/it, -ELBO=0.6661, Potential Metric=0.0994, Entropy Metric=0.0232]

Epoch 183:  94%|█████████▍| 15/16 [00:07<00:00,  2.10it/s][A
Training Epochs:  92%|█████████▏| 183/200 [25:35<02:15,  7.94s/it, -ELBO=0.6645, Potential Metric=0.0888, Entropy Metric=0.0215]

Epoch 183: 100%|██████████| 16/16 [00:07<00:00,  2.07it/s][A

                                                          [A
Training Epochs:  92%|█████████▏| 184/200 [25:35<02:06,  7.88s/it, -ELBO=0.6645, Potential Metric=0.0888, Entropy Metric=0.0215]

Epoch 184:   0%|          | 0/16 [00:00<?, ?it/s][A
Training Epochs:  92%|█████████▏| 184/200 [25:35<02:06,  7.88s/it, -ELBO=0.6543, Potential Metric=0.1071, Entropy Metric=0.0240]

Epoch 184:   6%|▋         | 1/16 [00:00<00:06,  2.20it/s][A
Training Epochs:  92%|█████████▏| 184/200 [25:36<02:06,  7.88s/it, -ELBO=0.6586, Potential Metric=0.0937, Entropy Metric=0.0224]

Epoch 184:  12%|█▎        | 2/16 [00:00<00:06,  2.32it/s][A
Training Epochs:  92%|█████████▏| 184/200 [25:36<02:06,  7.88s/it, -ELBO=0.6523, Potential Metric=0.0961, Entropy Metric=0.0211]

Epoch 184:  19%|█▉        | 3/16 [00:01<00:05,  2.22it/s][A
Training Epochs:  92%|█████████▏| 184/200 [25:37<02:06,  7.88s/it, -ELBO=0.6467, Potential Metric=0.1084, Entropy Metric=0.0214]

Epoch 184:  25%|██▌       | 4/16 [00:01<00:05,  2.23it/s][A
Training Epochs:  92%|█████████▏| 184/200 [25:37<02:06,  7.88s/it, -ELBO=0.6571, Potential Metric=0.0957, Entropy Metric=0.0207]

Epoch 184:  31%|███▏      | 5/16 [00:02<00:05,  2.15it/s][A
Training Epochs:  92%|█████████▏| 184/200 [25:38<02:06,  7.88s/it, -ELBO=0.6720, Potential Metric=0.0997, Entropy Metric=0.0216]

Epoch 184:  38%|███▊      | 6/16 [00:02<00:04,  2.05it/s][A
Training Epochs:  92%|█████████▏| 184/200 [25:38<02:06,  7.88s/it, -ELBO=0.6528, Potential Metric=0.1058, Entropy Metric=0.0221]

Epoch 184:  44%|████▍     | 7/16 [00:03<00:04,  2.08it/s][A
Training Epochs:  92%|█████████▏| 184/200 [25:39<02:06,  7.88s/it, -ELBO=0.6656, Potential Metric=0.0963, Entropy Metric=0.0205]

Epoch 184:  50%|█████     | 8/16 [00:03<00:03,  2.09it/s][A
Training Epochs:  92%|█████████▏| 184/200 [25:39<02:06,  7.88s/it, -ELBO=0.6629, Potential Metric=0.1080, Entropy Metric=0.0210]

Epoch 184:  56%|█████▋    | 9/16 [00:04<00:03,  2.07it/s][A
Training Epochs:  92%|█████████▏| 184/200 [25:39<02:06,  7.88s/it, -ELBO=0.6449, Potential Metric=0.1095, Entropy Metric=0.0226]

Epoch 184:  62%|██████▎   | 10/16 [00:04<00:02,  2.10it/s][A
Training Epochs:  92%|█████████▏| 184/200 [25:40<02:06,  7.88s/it, -ELBO=0.6779, Potential Metric=0.0996, Entropy Metric=0.0219]

Epoch 184:  69%|██████▉   | 11/16 [00:05<00:02,  2.09it/s][A
Training Epochs:  92%|█████████▏| 184/200 [25:40<02:06,  7.88s/it, -ELBO=0.6629, Potential Metric=0.0991, Entropy Metric=0.0229]

Epoch 184:  75%|███████▌  | 12/16 [00:05<00:01,  2.09it/s][A
Training Epochs:  92%|█████████▏| 184/200 [25:41<02:06,  7.88s/it, -ELBO=0.6506, Potential Metric=0.1047, Entropy Metric=0.0231]

Epoch 184:  81%|████████▏ | 13/16 [00:06<00:01,  2.07it/s][A
Training Epochs:  92%|█████████▏| 184/200 [25:41<02:06,  7.88s/it, -ELBO=0.6499, Potential Metric=0.0925, Entropy Metric=0.0200]

Epoch 184:  88%|████████▊ | 14/16 [00:06<00:00,  2.09it/s][A
Training Epochs:  92%|█████████▏| 184/200 [25:42<02:06,  7.88s/it, -ELBO=0.6802, Potential Metric=0.0849, Entropy Metric=0.0210]

Epoch 184:  94%|█████████▍| 15/16 [00:07<00:00,  2.03it/s][A
Training Epochs:  92%|█████████▏| 184/200 [25:42<02:06,  7.88s/it, -ELBO=0.6622, Potential Metric=0.0910, Entropy Metric=0.0219]

Epoch 184: 100%|██████████| 16/16 [00:07<00:00,  2.08it/s][A

                                                          [A
Training Epochs:  92%|█████████▎| 185/200 [25:42<01:57,  7.81s/it, -ELBO=0.6622, Potential Metric=0.0910, Entropy Metric=0.0219]

Epoch 185:   0%|          | 0/16 [00:00<?, ?it/s][A
Training Epochs:  92%|█████████▎| 185/200 [25:43<01:57,  7.81s/it, -ELBO=0.6455, Potential Metric=0.0948, Entropy Metric=0.0210]

Epoch 185:   6%|▋         | 1/16 [00:00<00:07,  1.98it/s][A
Training Epochs:  92%|█████████▎| 185/200 [25:43<01:57,  7.81s/it, -ELBO=0.6593, Potential Metric=0.0910, Entropy Metric=0.0213]

Epoch 185:  12%|█▎        | 2/16 [00:00<00:06,  2.25it/s][A
Training Epochs:  92%|█████████▎| 185/200 [25:44<01:57,  7.81s/it, -ELBO=0.6441, Potential Metric=0.0954, Entropy Metric=0.0226]

Epoch 185:  19%|█▉        | 3/16 [00:01<00:05,  2.17it/s][A
Training Epochs:  92%|█████████▎| 185/200 [25:44<01:57,  7.81s/it, -ELBO=0.6576, Potential Metric=0.1028, Entropy Metric=0.0218]

Epoch 185:  25%|██▌       | 4/16 [00:01<00:05,  2.19it/s][A
Training Epochs:  92%|█████████▎| 185/200 [25:45<01:57,  7.81s/it, -ELBO=0.6521, Potential Metric=0.0992, Entropy Metric=0.0221]

Epoch 185:  31%|███▏      | 5/16 [00:02<00:05,  2.10it/s][A
Training Epochs:  92%|█████████▎| 185/200 [25:45<01:57,  7.81s/it, -ELBO=0.6555, Potential Metric=0.0962, Entropy Metric=0.0212]

Epoch 185:  38%|███▊      | 6/16 [00:02<00:04,  2.06it/s][A
Training Epochs:  92%|█████████▎| 185/200 [25:46<01:57,  7.81s/it, -ELBO=0.6581, Potential Metric=0.0956, Entropy Metric=0.0215]

Epoch 185:  44%|████▍     | 7/16 [00:03<00:04,  2.01it/s][A
Training Epochs:  92%|█████████▎| 185/200 [25:46<01:57,  7.81s/it, -ELBO=0.6564, Potential Metric=0.1046, Entropy Metric=0.0233]

Epoch 185:  50%|█████     | 8/16 [00:03<00:03,  2.04it/s][A
Training Epochs:  92%|█████████▎| 185/200 [25:47<01:57,  7.81s/it, -ELBO=0.6774, Potential Metric=0.0948, Entropy Metric=0.0217]

Epoch 185:  56%|█████▋    | 9/16 [00:04<00:03,  2.05it/s][A
Training Epochs:  92%|█████████▎| 185/200 [25:47<01:57,  7.81s/it, -ELBO=0.6433, Potential Metric=0.0931, Entropy Metric=0.0222]

Epoch 185:  62%|██████▎   | 10/16 [00:04<00:03,  1.95it/s][A
Training Epochs:  92%|█████████▎| 185/200 [25:48<01:57,  7.81s/it, -ELBO=0.6633, Potential Metric=0.1075, Entropy Metric=0.0238]

Epoch 185:  69%|██████▉   | 11/16 [00:05<00:02,  1.99it/s][A
Training Epochs:  92%|█████████▎| 185/200 [25:48<01:57,  7.81s/it, -ELBO=0.6499, Potential Metric=0.1096, Entropy Metric=0.0236]

Epoch 185:  75%|███████▌  | 12/16 [00:05<00:01,  2.00it/s][A
Training Epochs:  92%|█████████▎| 185/200 [25:49<01:57,  7.81s/it, -ELBO=0.6515, Potential Metric=0.0982, Entropy Metric=0.0213]

Epoch 185:  81%|████████▏ | 13/16 [00:06<00:01,  2.02it/s][A
Training Epochs:  92%|█████████▎| 185/200 [25:49<01:57,  7.81s/it, -ELBO=0.6445, Potential Metric=0.0993, Entropy Metric=0.0214]

Epoch 185:  88%|████████▊ | 14/16 [00:06<00:00,  2.04it/s][A
Training Epochs:  92%|█████████▎| 185/200 [25:50<01:57,  7.81s/it, -ELBO=0.6576, Potential Metric=0.0939, Entropy Metric=0.0219]

Epoch 185:  94%|█████████▍| 15/16 [00:07<00:00,  2.08it/s][A
Training Epochs:  92%|█████████▎| 185/200 [25:50<01:57,  7.81s/it, -ELBO=0.6415, Potential Metric=0.1038, Entropy Metric=0.0220]

Epoch 185: 100%|██████████| 16/16 [00:07<00:00,  2.11it/s][A

                                                          [A
Training Epochs:  93%|█████████▎| 186/200 [25:50<01:49,  7.82s/it, -ELBO=0.6415, Potential Metric=0.1038, Entropy Metric=0.0220]

Epoch 186:   0%|          | 0/16 [00:00<?, ?it/s][A
Training Epochs:  93%|█████████▎| 186/200 [25:51<01:49,  7.82s/it, -ELBO=0.6669, Potential Metric=0.0976, Entropy Metric=0.0225]

Epoch 186:   6%|▋         | 1/16 [00:00<00:07,  1.97it/s][A
Training Epochs:  93%|█████████▎| 186/200 [25:51<01:49,  7.82s/it, -ELBO=0.6601, Potential Metric=0.0952, Entropy Metric=0.0226]

Epoch 186:  12%|█▎        | 2/16 [00:01<00:07,  1.99it/s][A
Training Epochs:  93%|█████████▎| 186/200 [25:52<01:49,  7.82s/it, -ELBO=0.6580, Potential Metric=0.0948, Entropy Metric=0.0239]

Epoch 186:  19%|█▉        | 3/16 [00:01<00:06,  2.06it/s][A
Training Epochs:  93%|█████████▎| 186/200 [25:52<01:49,  7.82s/it, -ELBO=0.6347, Potential Metric=0.0954, Entropy Metric=0.0240]

Epoch 186:  25%|██▌       | 4/16 [00:01<00:05,  2.08it/s][A
Training Epochs:  93%|█████████▎| 186/200 [25:53<01:49,  7.82s/it, -ELBO=0.6440, Potential Metric=0.0942, Entropy Metric=0.0230]

Epoch 186:  31%|███▏      | 5/16 [00:02<00:05,  2.16it/s][A
Training Epochs:  93%|█████████▎| 186/200 [25:53<01:49,  7.82s/it, -ELBO=0.6470, Potential Metric=0.1047, Entropy Metric=0.0229]

Epoch 186:  38%|███▊      | 6/16 [00:02<00:04,  2.14it/s][A
Training Epochs:  93%|█████████▎| 186/200 [25:54<01:49,  7.82s/it, -ELBO=0.6566, Potential Metric=0.0933, Entropy Metric=0.0226]

Epoch 186:  44%|████▍     | 7/16 [00:03<00:04,  2.03it/s][A
Training Epochs:  93%|█████████▎| 186/200 [25:54<01:49,  7.82s/it, -ELBO=0.6476, Potential Metric=0.1078, Entropy Metric=0.0242]

Epoch 186:  50%|█████     | 8/16 [00:03<00:04,  1.98it/s][A
Training Epochs:  93%|█████████▎| 186/200 [25:55<01:49,  7.82s/it, -ELBO=0.6498, Potential Metric=0.0954, Entropy Metric=0.0216]

Epoch 186:  56%|█████▋    | 9/16 [00:04<00:03,  2.04it/s][A
Training Epochs:  93%|█████████▎| 186/200 [25:55<01:49,  7.82s/it, -ELBO=0.6632, Potential Metric=0.1066, Entropy Metric=0.0231]

Epoch 186:  62%|██████▎   | 10/16 [00:04<00:02,  2.06it/s][A
Training Epochs:  93%|█████████▎| 186/200 [25:56<01:49,  7.82s/it, -ELBO=0.6556, Potential Metric=0.0984, Entropy Metric=0.0219]

Epoch 186:  69%|██████▉   | 11/16 [00:05<00:02,  2.03it/s][A
Training Epochs:  93%|█████████▎| 186/200 [25:56<01:49,  7.82s/it, -ELBO=0.6410, Potential Metric=0.0943, Entropy Metric=0.0214]

Epoch 186:  75%|███████▌  | 12/16 [00:05<00:01,  2.02it/s][A
Training Epochs:  93%|█████████▎| 186/200 [25:57<01:49,  7.82s/it, -ELBO=0.6379, Potential Metric=0.1073, Entropy Metric=0.0219]

Epoch 186:  81%|████████▏ | 13/16 [00:06<00:01,  2.01it/s][A
Training Epochs:  93%|█████████▎| 186/200 [25:57<01:49,  7.82s/it, -ELBO=0.6429, Potential Metric=0.0963, Entropy Metric=0.0201]

Epoch 186:  88%|████████▊ | 14/16 [00:06<00:00,  2.01it/s][A
Training Epochs:  93%|█████████▎| 186/200 [25:58<01:49,  7.82s/it, -ELBO=0.6405, Potential Metric=0.1154, Entropy Metric=0.0215]

Epoch 186:  94%|█████████▍| 15/16 [00:07<00:00,  2.05it/s][A
Training Epochs:  93%|█████████▎| 186/200 [25:58<01:49,  7.82s/it, -ELBO=0.6417, Potential Metric=0.1043, Entropy Metric=0.0210]

Epoch 186: 100%|██████████| 16/16 [00:07<00:00,  2.09it/s][A

                                                          [A
Training Epochs:  94%|█████████▎| 187/200 [25:58<01:41,  7.82s/it, -ELBO=0.6417, Potential Metric=0.1043, Entropy Metric=0.0210]

Epoch 187:   0%|          | 0/16 [00:00<?, ?it/s][A
Training Epochs:  94%|█████████▎| 187/200 [25:59<01:41,  7.82s/it, -ELBO=0.6318, Potential Metric=0.0991, Entropy Metric=0.0205]

Epoch 187:   6%|▋         | 1/16 [00:00<00:07,  2.03it/s][A
Training Epochs:  94%|█████████▎| 187/200 [25:59<01:41,  7.82s/it, -ELBO=0.6460, Potential Metric=0.1008, Entropy Metric=0.0213]

Epoch 187:  12%|█▎        | 2/16 [00:00<00:06,  2.04it/s][A
Training Epochs:  94%|█████████▎| 187/200 [26:00<01:41,  7.82s/it, -ELBO=0.6457, Potential Metric=0.0963, Entropy Metric=0.0231]

Epoch 187:  19%|█▉        | 3/16 [00:01<00:06,  2.02it/s][A
Training Epochs:  94%|█████████▎| 187/200 [26:00<01:41,  7.82s/it, -ELBO=0.6416, Potential Metric=0.1072, Entropy Metric=0.0220]

Epoch 187:  25%|██▌       | 4/16 [00:01<00:05,  2.05it/s][A
Training Epochs:  94%|█████████▎| 187/200 [26:01<01:41,  7.82s/it, -ELBO=0.6384, Potential Metric=0.1035, Entropy Metric=0.0238]

Epoch 187:  31%|███▏      | 5/16 [00:02<00:05,  2.07it/s][A
Training Epochs:  94%|█████████▎| 187/200 [26:01<01:41,  7.82s/it, -ELBO=0.6487, Potential Metric=0.1139, Entropy Metric=0.0238]

Epoch 187:  38%|███▊      | 6/16 [00:02<00:04,  2.05it/s][A
Training Epochs:  94%|█████████▎| 187/200 [26:02<01:41,  7.82s/it, -ELBO=0.6595, Potential Metric=0.0977, Entropy Metric=0.0222]

Epoch 187:  44%|████▍     | 7/16 [00:03<00:04,  1.99it/s][A
Training Epochs:  94%|█████████▎| 187/200 [26:02<01:41,  7.82s/it, -ELBO=0.6658, Potential Metric=0.0966, Entropy Metric=0.0222]

Epoch 187:  50%|█████     | 8/16 [00:03<00:04,  1.98it/s][A
Training Epochs:  94%|█████████▎| 187/200 [26:03<01:41,  7.82s/it, -ELBO=0.6560, Potential Metric=0.0931, Entropy Metric=0.0220]

Epoch 187:  56%|█████▋    | 9/16 [00:04<00:03,  1.97it/s][A
Training Epochs:  94%|█████████▎| 187/200 [26:03<01:41,  7.82s/it, -ELBO=0.6447, Potential Metric=0.1047, Entropy Metric=0.0219]

Epoch 187:  62%|██████▎   | 10/16 [00:04<00:02,  2.02it/s][A
Training Epochs:  94%|█████████▎| 187/200 [26:04<01:41,  7.82s/it, -ELBO=0.6466, Potential Metric=0.0976, Entropy Metric=0.0229]

Epoch 187:  69%|██████▉   | 11/16 [00:05<00:02,  2.03it/s][A
Training Epochs:  94%|█████████▎| 187/200 [26:04<01:41,  7.82s/it, -ELBO=0.6320, Potential Metric=0.1072, Entropy Metric=0.0242]

Epoch 187:  75%|███████▌  | 12/16 [00:05<00:01,  2.08it/s][A
Training Epochs:  94%|█████████▎| 187/200 [26:05<01:41,  7.82s/it, -ELBO=0.6419, Potential Metric=0.1099, Entropy Metric=0.0246]

Epoch 187:  81%|████████▏ | 13/16 [00:06<00:01,  2.06it/s][A
Training Epochs:  94%|█████████▎| 187/200 [26:05<01:41,  7.82s/it, -ELBO=0.6344, Potential Metric=0.1100, Entropy Metric=0.0223]

Epoch 187:  88%|████████▊ | 14/16 [00:06<00:00,  2.05it/s][A
Training Epochs:  94%|█████████▎| 187/200 [26:06<01:41,  7.82s/it, -ELBO=0.6677, Potential Metric=0.0897, Entropy Metric=0.0206]

Epoch 187:  94%|█████████▍| 15/16 [00:07<00:00,  2.07it/s][A
Training Epochs:  94%|█████████▎| 187/200 [26:06<01:41,  7.82s/it, -ELBO=0.6366, Potential Metric=0.0987, Entropy Metric=0.0219]

Epoch 187: 100%|██████████| 16/16 [00:07<00:00,  2.04it/s][A

                                                          [A
Training Epochs:  94%|█████████▍| 188/200 [26:06<01:34,  7.87s/it, -ELBO=0.6366, Potential Metric=0.0987, Entropy Metric=0.0219]

Epoch 188:   0%|          | 0/16 [00:00<?, ?it/s][A
Training Epochs:  94%|█████████▍| 188/200 [26:07<01:34,  7.87s/it, -ELBO=0.6354, Potential Metric=0.1012, Entropy Metric=0.0216]

Epoch 188:   6%|▋         | 1/16 [00:00<00:07,  2.10it/s][A
Training Epochs:  94%|█████████▍| 188/200 [26:07<01:34,  7.87s/it, -ELBO=0.6434, Potential Metric=0.1056, Entropy Metric=0.0222]

Epoch 188:  12%|█▎        | 2/16 [00:00<00:06,  2.12it/s][A
Training Epochs:  94%|█████████▍| 188/200 [26:07<01:34,  7.87s/it, -ELBO=0.6407, Potential Metric=0.0941, Entropy Metric=0.0212]

Epoch 188:  19%|█▉        | 3/16 [00:01<00:06,  2.15it/s][A
Training Epochs:  94%|█████████▍| 188/200 [26:08<01:34,  7.87s/it, -ELBO=0.6520, Potential Metric=0.1029, Entropy Metric=0.0231]

Epoch 188:  25%|██▌       | 4/16 [00:01<00:05,  2.14it/s][A
Training Epochs:  94%|█████████▍| 188/200 [26:08<01:34,  7.87s/it, -ELBO=0.6426, Potential Metric=0.1001, Entropy Metric=0.0222]

Epoch 188:  31%|███▏      | 5/16 [00:02<00:05,  2.14it/s][A
Training Epochs:  94%|█████████▍| 188/200 [26:09<01:34,  7.87s/it, -ELBO=0.6346, Potential Metric=0.0951, Entropy Metric=0.0211]

Epoch 188:  38%|███▊      | 6/16 [00:02<00:04,  2.20it/s][A
Training Epochs:  94%|█████████▍| 188/200 [26:09<01:34,  7.87s/it, -ELBO=0.6344, Potential Metric=0.1042, Entropy Metric=0.0221]

Epoch 188:  44%|████▍     | 7/16 [00:03<00:04,  2.25it/s][A
Training Epochs:  94%|█████████▍| 188/200 [26:10<01:34,  7.87s/it, -ELBO=0.6387, Potential Metric=0.1058, Entropy Metric=0.0220]

Epoch 188:  50%|█████     | 8/16 [00:03<00:03,  2.21it/s][A
Training Epochs:  94%|█████████▍| 188/200 [26:10<01:34,  7.87s/it, -ELBO=0.6450, Potential Metric=0.0982, Entropy Metric=0.0212]

Epoch 188:  56%|█████▋    | 9/16 [00:04<00:03,  2.20it/s][A
Training Epochs:  94%|█████████▍| 188/200 [26:11<01:34,  7.87s/it, -ELBO=0.6415, Potential Metric=0.1005, Entropy Metric=0.0215]

Epoch 188:  62%|██████▎   | 10/16 [00:04<00:02,  2.17it/s][A
Training Epochs:  94%|█████████▍| 188/200 [26:11<01:34,  7.87s/it, -ELBO=0.6370, Potential Metric=0.1021, Entropy Metric=0.0212]

Epoch 188:  69%|██████▉   | 11/16 [00:05<00:02,  2.20it/s][A
Training Epochs:  94%|█████████▍| 188/200 [26:12<01:34,  7.87s/it, -ELBO=0.6344, Potential Metric=0.1104, Entropy Metric=0.0220]

Epoch 188:  75%|███████▌  | 12/16 [00:05<00:01,  2.24it/s][A
Training Epochs:  94%|█████████▍| 188/200 [26:12<01:34,  7.87s/it, -ELBO=0.6406, Potential Metric=0.1203, Entropy Metric=0.0237]

Epoch 188:  81%|████████▏ | 13/16 [00:05<00:01,  2.13it/s][A
Training Epochs:  94%|█████████▍| 188/200 [26:13<01:34,  7.87s/it, -ELBO=0.6402, Potential Metric=0.1137, Entropy Metric=0.0237]

Epoch 188:  88%|████████▊ | 14/16 [00:06<00:00,  2.13it/s][A
Training Epochs:  94%|█████████▍| 188/200 [26:13<01:34,  7.87s/it, -ELBO=0.6583, Potential Metric=0.1104, Entropy Metric=0.0228]

Epoch 188:  94%|█████████▍| 15/16 [00:07<00:00,  2.03it/s][A
Training Epochs:  94%|█████████▍| 188/200 [26:14<01:34,  7.87s/it, -ELBO=0.6583, Potential Metric=0.1062, Entropy Metric=0.0229]

Epoch 188: 100%|██████████| 16/16 [00:07<00:00,  1.98it/s][A

                                                          [A
Training Epochs:  94%|█████████▍| 189/200 [26:14<01:25,  7.78s/it, -ELBO=0.6583, Potential Metric=0.1062, Entropy Metric=0.0229]

Epoch 189:   0%|          | 0/16 [00:00<?, ?it/s][A
Training Epochs:  94%|█████████▍| 189/200 [26:14<01:25,  7.78s/it, -ELBO=0.6552, Potential Metric=0.0906, Entropy Metric=0.0235]

Epoch 189:   6%|▋         | 1/16 [00:00<00:09,  1.55it/s][A
Training Epochs:  94%|█████████▍| 189/200 [26:15<01:25,  7.78s/it, -ELBO=0.6447, Potential Metric=0.0873, Entropy Metric=0.0223]

Epoch 189:  12%|█▎        | 2/16 [00:01<00:07,  1.78it/s][A
Training Epochs:  94%|█████████▍| 189/200 [26:15<01:25,  7.78s/it, -ELBO=0.6360, Potential Metric=0.0924, Entropy Metric=0.0221]

Epoch 189:  19%|█▉        | 3/16 [00:01<00:07,  1.83it/s][A
Training Epochs:  94%|█████████▍| 189/200 [26:16<01:25,  7.78s/it, -ELBO=0.6480, Potential Metric=0.0928, Entropy Metric=0.0224]

Epoch 189:  25%|██▌       | 4/16 [00:02<00:06,  1.91it/s][A
Training Epochs:  94%|█████████▍| 189/200 [26:16<01:25,  7.78s/it, -ELBO=0.6491, Potential Metric=0.0968, Entropy Metric=0.0234]

Epoch 189:  31%|███▏      | 5/16 [00:02<00:05,  1.98it/s][A
Training Epochs:  94%|█████████▍| 189/200 [26:17<01:25,  7.78s/it, -ELBO=0.6347, Potential Metric=0.0966, Entropy Metric=0.0226]

Epoch 189:  38%|███▊      | 6/16 [00:03<00:04,  2.05it/s][A
Training Epochs:  94%|█████████▍| 189/200 [26:17<01:25,  7.78s/it, -ELBO=0.6333, Potential Metric=0.1059, Entropy Metric=0.0221]

Epoch 189:  44%|████▍     | 7/16 [00:03<00:04,  2.04it/s][A
Training Epochs:  94%|█████████▍| 189/200 [26:18<01:25,  7.78s/it, -ELBO=0.6318, Potential Metric=0.1005, Entropy Metric=0.0228]

Epoch 189:  50%|█████     | 8/16 [00:04<00:03,  2.03it/s][A
Training Epochs:  94%|█████████▍| 189/200 [26:18<01:25,  7.78s/it, -ELBO=0.6447, Potential Metric=0.1050, Entropy Metric=0.0241]

Epoch 189:  56%|█████▋    | 9/16 [00:04<00:03,  2.05it/s][A
Training Epochs:  94%|█████████▍| 189/200 [26:19<01:25,  7.78s/it, -ELBO=0.6381, Potential Metric=0.0951, Entropy Metric=0.0229]

Epoch 189:  62%|██████▎   | 10/16 [00:04<00:02,  2.16it/s][A
Training Epochs:  94%|█████████▍| 189/200 [26:19<01:25,  7.78s/it, -ELBO=0.6289, Potential Metric=0.0920, Entropy Metric=0.0210]

Epoch 189:  69%|██████▉   | 11/16 [00:05<00:02,  2.16it/s][A
Training Epochs:  94%|█████████▍| 189/200 [26:20<01:25,  7.78s/it, -ELBO=0.6289, Potential Metric=0.1042, Entropy Metric=0.0237]

Epoch 189:  75%|███████▌  | 12/16 [00:05<00:01,  2.11it/s][A
Training Epochs:  94%|█████████▍| 189/200 [26:20<01:25,  7.78s/it, -ELBO=0.6322, Potential Metric=0.1012, Entropy Metric=0.0226]

Epoch 189:  81%|████████▏ | 13/16 [00:06<00:01,  2.09it/s][A
Training Epochs:  94%|█████████▍| 189/200 [26:21<01:25,  7.78s/it, -ELBO=0.6307, Potential Metric=0.1001, Entropy Metric=0.0211]

Epoch 189:  88%|████████▊ | 14/16 [00:06<00:00,  2.08it/s][A
Training Epochs:  94%|█████████▍| 189/200 [26:21<01:25,  7.78s/it, -ELBO=0.6424, Potential Metric=0.1007, Entropy Metric=0.0214]

Epoch 189:  94%|█████████▍| 15/16 [00:07<00:00,  2.09it/s][A
Training Epochs:  94%|█████████▍| 189/200 [26:21<01:25,  7.78s/it, -ELBO=0.6344, Potential Metric=0.0931, Entropy Metric=0.0208]

Epoch 189: 100%|██████████| 16/16 [00:07<00:00,  2.15it/s][A

                                                          [A
Training Epochs:  95%|█████████▌| 190/200 [26:21<01:18,  7.80s/it, -ELBO=0.6344, Potential Metric=0.0931, Entropy Metric=0.0208]

Epoch 190:   0%|          | 0/16 [00:00<?, ?it/s][A
Training Epochs:  95%|█████████▌| 190/200 [26:22<01:18,  7.80s/it, -ELBO=0.6318, Potential Metric=0.0948, Entropy Metric=0.0215]

Epoch 190:   6%|▋         | 1/16 [00:00<00:07,  1.94it/s][A
Training Epochs:  95%|█████████▌| 190/200 [26:23<01:18,  7.80s/it, -ELBO=0.6453, Potential Metric=0.0926, Entropy Metric=0.0219]

Epoch 190:  12%|█▎        | 2/16 [00:00<00:06,  2.02it/s][A
Training Epochs:  95%|█████████▌| 190/200 [26:23<01:18,  7.80s/it, -ELBO=0.6318, Potential Metric=0.1007, Entropy Metric=0.0227]

Epoch 190:  19%|█▉        | 3/16 [00:01<00:06,  1.95it/s][A
Training Epochs:  95%|█████████▌| 190/200 [26:24<01:18,  7.80s/it, -ELBO=0.6337, Potential Metric=0.1090, Entropy Metric=0.0232]

Epoch 190:  25%|██▌       | 4/16 [00:02<00:06,  1.98it/s][A
Training Epochs:  95%|█████████▌| 190/200 [26:24<01:18,  7.80s/it, -ELBO=0.6316, Potential Metric=0.0902, Entropy Metric=0.0221]

Epoch 190:  31%|███▏      | 5/16 [00:02<00:05,  2.05it/s][A
Training Epochs:  95%|█████████▌| 190/200 [26:24<01:18,  7.80s/it, -ELBO=0.6269, Potential Metric=0.1036, Entropy Metric=0.0224]

Epoch 190:  38%|███▊      | 6/16 [00:02<00:04,  2.10it/s][A
Training Epochs:  95%|█████████▌| 190/200 [26:25<01:18,  7.80s/it, -ELBO=0.6429, Potential Metric=0.0905, Entropy Metric=0.0203]

Epoch 190:  44%|████▍     | 7/16 [00:03<00:04,  2.12it/s][A
Training Epochs:  95%|█████████▌| 190/200 [26:25<01:18,  7.80s/it, -ELBO=0.6337, Potential Metric=0.0899, Entropy Metric=0.0215]

Epoch 190:  50%|█████     | 8/16 [00:03<00:03,  2.12it/s][A
Training Epochs:  95%|█████████▌| 190/200 [26:26<01:18,  7.80s/it, -ELBO=0.6390, Potential Metric=0.0873, Entropy Metric=0.0207]

Epoch 190:  56%|█████▋    | 9/16 [00:04<00:03,  2.09it/s][A
Training Epochs:  95%|█████████▌| 190/200 [26:26<01:18,  7.80s/it, -ELBO=0.6330, Potential Metric=0.0987, Entropy Metric=0.0232]

Epoch 190:  62%|██████▎   | 10/16 [00:04<00:02,  2.10it/s][A
Training Epochs:  95%|█████████▌| 190/200 [26:27<01:18,  7.80s/it, -ELBO=0.6465, Potential Metric=0.0974, Entropy Metric=0.0226]

Epoch 190:  69%|██████▉   | 11/16 [00:05<00:02,  2.09it/s][A
Training Epochs:  95%|█████████▌| 190/200 [26:27<01:18,  7.80s/it, -ELBO=0.6418, Potential Metric=0.0991, Entropy Metric=0.0221]

Epoch 190:  75%|███████▌  | 12/16 [00:05<00:01,  2.09it/s][A
Training Epochs:  95%|█████████▌| 190/200 [26:28<01:18,  7.80s/it, -ELBO=0.6210, Potential Metric=0.1011, Entropy Metric=0.0220]

Epoch 190:  81%|████████▏ | 13/16 [00:06<00:01,  2.15it/s][A
Training Epochs:  95%|█████████▌| 190/200 [26:28<01:18,  7.80s/it, -ELBO=0.6391, Potential Metric=0.0944, Entropy Metric=0.0222]

Epoch 190:  88%|████████▊ | 14/16 [00:06<00:00,  2.11it/s][A
Training Epochs:  95%|█████████▌| 190/200 [26:29<01:18,  7.80s/it, -ELBO=0.6339, Potential Metric=0.0971, Entropy Metric=0.0234]

Epoch 190:  94%|█████████▍| 15/16 [00:07<00:00,  2.09it/s][A
Training Epochs:  95%|█████████▌| 190/200 [26:29<01:18,  7.80s/it, -ELBO=0.6324, Potential Metric=0.0962, Entropy Metric=0.0223]

Epoch 190: 100%|██████████| 16/16 [00:07<00:00,  2.08it/s][A

                                                          [A
Training Epochs:  96%|█████████▌| 191/200 [26:29<01:10,  7.79s/it, -ELBO=0.6324, Potential Metric=0.0962, Entropy Metric=0.0223]

Epoch 191:   0%|          | 0/16 [00:00<?, ?it/s][A
Training Epochs:  96%|█████████▌| 191/200 [26:30<01:10,  7.79s/it, -ELBO=0.6306, Potential Metric=0.0909, Entropy Metric=0.0236]

Epoch 191:   6%|▋         | 1/16 [00:00<00:07,  2.04it/s][A
Training Epochs:  96%|█████████▌| 191/200 [26:30<01:10,  7.79s/it, -ELBO=0.6338, Potential Metric=0.1054, Entropy Metric=0.0240]

Epoch 191:  12%|█▎        | 2/16 [00:00<00:06,  2.13it/s][A
Training Epochs:  96%|█████████▌| 191/200 [26:31<01:10,  7.79s/it, -ELBO=0.6433, Potential Metric=0.0928, Entropy Metric=0.0204]

Epoch 191:  19%|█▉        | 3/16 [00:01<00:06,  2.11it/s][A
Training Epochs:  96%|█████████▌| 191/200 [26:31<01:10,  7.79s/it, -ELBO=0.6433, Potential Metric=0.0878, Entropy Metric=0.0206]

Epoch 191:  25%|██▌       | 4/16 [00:01<00:05,  2.17it/s][A
Training Epochs:  96%|█████████▌| 191/200 [26:32<01:10,  7.79s/it, -ELBO=0.6250, Potential Metric=0.1074, Entropy Metric=0.0225]

Epoch 191:  31%|███▏      | 5/16 [00:02<00:05,  2.11it/s][A
Training Epochs:  96%|█████████▌| 191/200 [26:32<01:10,  7.79s/it, -ELBO=0.6324, Potential Metric=0.0871, Entropy Metric=0.0209]

Epoch 191:  38%|███▊      | 6/16 [00:02<00:04,  2.16it/s][A
Training Epochs:  96%|█████████▌| 191/200 [26:33<01:10,  7.79s/it, -ELBO=0.6349, Potential Metric=0.0964, Entropy Metric=0.0207]

Epoch 191:  44%|████▍     | 7/16 [00:03<00:04,  2.10it/s][A
Training Epochs:  96%|█████████▌| 191/200 [26:33<01:10,  7.79s/it, -ELBO=0.6207, Potential Metric=0.0948, Entropy Metric=0.0210]

Epoch 191:  50%|█████     | 8/16 [00:03<00:03,  2.13it/s][A
Training Epochs:  96%|█████████▌| 191/200 [26:34<01:10,  7.79s/it, -ELBO=0.6300, Potential Metric=0.1006, Entropy Metric=0.0230]

Epoch 191:  56%|█████▋    | 9/16 [00:04<00:03,  2.17it/s][A
Training Epochs:  96%|█████████▌| 191/200 [26:34<01:10,  7.79s/it, -ELBO=0.6456, Potential Metric=0.0992, Entropy Metric=0.0220]

Epoch 191:  62%|██████▎   | 10/16 [00:04<00:02,  2.14it/s][A
Training Epochs:  96%|█████████▌| 191/200 [26:35<01:10,  7.79s/it, -ELBO=0.6217, Potential Metric=0.1049, Entropy Metric=0.0229]

Epoch 191:  69%|██████▉   | 11/16 [00:05<00:02,  2.13it/s][A
Training Epochs:  96%|█████████▌| 191/200 [26:35<01:10,  7.79s/it, -ELBO=0.6304, Potential Metric=0.0905, Entropy Metric=0.0215]

Epoch 191:  75%|███████▌  | 12/16 [00:05<00:02,  1.95it/s][A
Training Epochs:  96%|█████████▌| 191/200 [26:36<01:10,  7.79s/it, -ELBO=0.6521, Potential Metric=0.0848, Entropy Metric=0.0216]

Epoch 191:  81%|████████▏ | 13/16 [00:06<00:01,  2.03it/s][A
Training Epochs:  96%|█████████▌| 191/200 [26:36<01:10,  7.79s/it, -ELBO=0.6180, Potential Metric=0.0951, Entropy Metric=0.0223]

Epoch 191:  88%|████████▊ | 14/16 [00:06<00:00,  2.02it/s][A
Training Epochs:  96%|█████████▌| 191/200 [26:37<01:10,  7.79s/it, -ELBO=0.6444, Potential Metric=0.0976, Entropy Metric=0.0227]

Epoch 191:  94%|█████████▍| 15/16 [00:07<00:00,  2.01it/s][A
Training Epochs:  96%|█████████▌| 191/200 [26:37<01:10,  7.79s/it, -ELBO=0.6283, Potential Metric=0.0986, Entropy Metric=0.0229]

Epoch 191: 100%|██████████| 16/16 [00:07<00:00,  1.97it/s][A

                                                          [A
Training Epochs:  96%|█████████▌| 192/200 [26:37<01:02,  7.81s/it, -ELBO=0.6283, Potential Metric=0.0986, Entropy Metric=0.0229]

Epoch 192:   0%|          | 0/16 [00:00<?, ?it/s][A
Training Epochs:  96%|█████████▌| 192/200 [26:38<01:02,  7.81s/it, -ELBO=0.6136, Potential Metric=0.0968, Entropy Metric=0.0228]

Epoch 192:   6%|▋         | 1/16 [00:00<00:08,  1.83it/s][A
Training Epochs:  96%|█████████▌| 192/200 [26:38<01:02,  7.81s/it, -ELBO=0.6494, Potential Metric=0.0888, Entropy Metric=0.0229]

Epoch 192:  12%|█▎        | 2/16 [00:01<00:07,  1.91it/s][A
Training Epochs:  96%|█████████▌| 192/200 [26:39<01:02,  7.81s/it, -ELBO=0.6278, Potential Metric=0.0991, Entropy Metric=0.0227]

Epoch 192:  19%|█▉        | 3/16 [00:01<00:06,  1.93it/s][A
Training Epochs:  96%|█████████▌| 192/200 [26:39<01:02,  7.81s/it, -ELBO=0.6278, Potential Metric=0.0881, Entropy Metric=0.0227]

Epoch 192:  25%|██▌       | 4/16 [00:02<00:06,  1.93it/s][A
Training Epochs:  96%|█████████▌| 192/200 [26:40<01:02,  7.81s/it, -ELBO=0.6192, Potential Metric=0.0986, Entropy Metric=0.0227]

Epoch 192:  31%|███▏      | 5/16 [00:02<00:05,  2.00it/s][A
Training Epochs:  96%|█████████▌| 192/200 [26:40<01:02,  7.81s/it, -ELBO=0.6228, Potential Metric=0.0957, Entropy Metric=0.0228]

Epoch 192:  38%|███▊      | 6/16 [00:03<00:05,  1.98it/s][A
Training Epochs:  96%|█████████▌| 192/200 [26:41<01:02,  7.81s/it, -ELBO=0.6262, Potential Metric=0.0940, Entropy Metric=0.0213]

Epoch 192:  44%|████▍     | 7/16 [00:03<00:04,  1.97it/s][A
Training Epochs:  96%|█████████▌| 192/200 [26:41<01:02,  7.81s/it, -ELBO=0.6223, Potential Metric=0.1001, Entropy Metric=0.0202]

Epoch 192:  50%|█████     | 8/16 [00:04<00:04,  1.97it/s][A
Training Epochs:  96%|█████████▌| 192/200 [26:42<01:02,  7.81s/it, -ELBO=0.6324, Potential Metric=0.1011, Entropy Metric=0.0209]

Epoch 192:  56%|█████▋    | 9/16 [00:04<00:03,  2.01it/s][A
Training Epochs:  96%|█████████▌| 192/200 [26:42<01:02,  7.81s/it, -ELBO=0.6365, Potential Metric=0.0962, Entropy Metric=0.0220]

Epoch 192:  62%|██████▎   | 10/16 [00:05<00:02,  2.03it/s][A
Training Epochs:  96%|█████████▌| 192/200 [26:43<01:02,  7.81s/it, -ELBO=0.6329, Potential Metric=0.0954, Entropy Metric=0.0208]

Epoch 192:  69%|██████▉   | 11/16 [00:05<00:02,  1.98it/s][A
Training Epochs:  96%|█████████▌| 192/200 [26:43<01:02,  7.81s/it, -ELBO=0.6253, Potential Metric=0.0988, Entropy Metric=0.0233]

Epoch 192:  75%|███████▌  | 12/16 [00:06<00:01,  2.00it/s][A
Training Epochs:  96%|█████████▌| 192/200 [26:44<01:02,  7.81s/it, -ELBO=0.6338, Potential Metric=0.1047, Entropy Metric=0.0238]

Epoch 192:  81%|████████▏ | 13/16 [00:06<00:01,  1.97it/s][A
Training Epochs:  96%|█████████▌| 192/200 [26:44<01:02,  7.81s/it, -ELBO=0.6483, Potential Metric=0.0919, Entropy Metric=0.0224]

Epoch 192:  88%|████████▊ | 14/16 [00:07<00:01,  1.92it/s][A
Training Epochs:  96%|█████████▌| 192/200 [26:45<01:02,  7.81s/it, -ELBO=0.6323, Potential Metric=0.1031, Entropy Metric=0.0246]

Epoch 192:  94%|█████████▍| 15/16 [00:07<00:00,  1.91it/s][A
Training Epochs:  96%|█████████▌| 192/200 [26:45<01:02,  7.81s/it, -ELBO=0.6269, Potential Metric=0.0988, Entropy Metric=0.0253]

Epoch 192: 100%|██████████| 16/16 [00:08<00:00,  1.94it/s][A

                                                          [A
Training Epochs:  96%|█████████▋| 193/200 [26:45<00:55,  7.95s/it, -ELBO=0.6269, Potential Metric=0.0988, Entropy Metric=0.0253]

Epoch 193:   0%|          | 0/16 [00:00<?, ?it/s][A
Training Epochs:  96%|█████████▋| 193/200 [26:46<00:55,  7.95s/it, -ELBO=0.6255, Potential Metric=0.0900, Entropy Metric=0.0236]

Epoch 193:   6%|▋         | 1/16 [00:00<00:08,  1.85it/s][A
Training Epochs:  96%|█████████▋| 193/200 [26:46<00:55,  7.95s/it, -ELBO=0.6270, Potential Metric=0.0832, Entropy Metric=0.0221]

Epoch 193:  12%|█▎        | 2/16 [00:01<00:07,  1.87it/s][A
Training Epochs:  96%|█████████▋| 193/200 [26:47<00:55,  7.95s/it, -ELBO=0.6263, Potential Metric=0.0884, Entropy Metric=0.0230]

Epoch 193:  19%|█▉        | 3/16 [00:01<00:06,  1.98it/s][A
Training Epochs:  96%|█████████▋| 193/200 [26:47<00:55,  7.95s/it, -ELBO=0.6279, Potential Metric=0.0950, Entropy Metric=0.0230]

Epoch 193:  25%|██▌       | 4/16 [00:02<00:05,  2.02it/s][A
Training Epochs:  96%|█████████▋| 193/200 [26:48<00:55,  7.95s/it, -ELBO=0.6292, Potential Metric=0.0829, Entropy Metric=0.0240]

Epoch 193:  31%|███▏      | 5/16 [00:02<00:05,  2.05it/s][A
Training Epochs:  96%|█████████▋| 193/200 [26:48<00:55,  7.95s/it, -ELBO=0.6345, Potential Metric=0.0879, Entropy Metric=0.0234]

Epoch 193:  38%|███▊      | 6/16 [00:02<00:04,  2.08it/s][A
Training Epochs:  96%|█████████▋| 193/200 [26:49<00:55,  7.95s/it, -ELBO=0.6206, Potential Metric=0.0976, Entropy Metric=0.0229]

Epoch 193:  44%|████▍     | 7/16 [00:03<00:04,  2.13it/s][A
Training Epochs:  96%|█████████▋| 193/200 [26:49<00:55,  7.95s/it, -ELBO=0.6237, Potential Metric=0.0985, Entropy Metric=0.0239]

Epoch 193:  50%|█████     | 8/16 [00:03<00:03,  2.07it/s][A
Training Epochs:  96%|█████████▋| 193/200 [26:50<00:55,  7.95s/it, -ELBO=0.6261, Potential Metric=0.0958, Entropy Metric=0.0215]

Epoch 193:  56%|█████▋    | 9/16 [00:04<00:03,  2.04it/s][A
Training Epochs:  96%|█████████▋| 193/200 [26:50<00:55,  7.95s/it, -ELBO=0.6201, Potential Metric=0.0954, Entropy Metric=0.0212]

Epoch 193:  62%|██████▎   | 10/16 [00:04<00:02,  2.04it/s][A
Training Epochs:  96%|█████████▋| 193/200 [26:51<00:55,  7.95s/it, -ELBO=0.6123, Potential Metric=0.0939, Entropy Metric=0.0215]

Epoch 193:  69%|██████▉   | 11/16 [00:05<00:02,  2.07it/s][A
Training Epochs:  96%|█████████▋| 193/200 [26:51<00:55,  7.95s/it, -ELBO=0.6265, Potential Metric=0.0969, Entropy Metric=0.0231]

Epoch 193:  75%|███████▌  | 12/16 [00:05<00:01,  2.04it/s][A
Training Epochs:  96%|█████████▋| 193/200 [26:52<00:55,  7.95s/it, -ELBO=0.6142, Potential Metric=0.1056, Entropy Metric=0.0246]

Epoch 193:  81%|████████▏ | 13/16 [00:06<00:01,  2.06it/s][A
Training Epochs:  96%|█████████▋| 193/200 [26:52<00:55,  7.95s/it, -ELBO=0.6248, Potential Metric=0.0981, Entropy Metric=0.0228]

Epoch 193:  88%|████████▊ | 14/16 [00:06<00:00,  2.14it/s][A
Training Epochs:  96%|█████████▋| 193/200 [26:53<00:55,  7.95s/it, -ELBO=0.6348, Potential Metric=0.0951, Entropy Metric=0.0235]

Epoch 193:  94%|█████████▍| 15/16 [00:07<00:00,  2.12it/s][A
Training Epochs:  96%|█████████▋| 193/200 [26:53<00:55,  7.95s/it, -ELBO=0.6221, Potential Metric=0.1052, Entropy Metric=0.0238]

Epoch 193: 100%|██████████| 16/16 [00:07<00:00,  2.07it/s][A

                                                          [A
Training Epochs:  97%|█████████▋| 194/200 [26:53<00:47,  7.91s/it, -ELBO=0.6221, Potential Metric=0.1052, Entropy Metric=0.0238]

Epoch 194:   0%|          | 0/16 [00:00<?, ?it/s][A
Training Epochs:  97%|█████████▋| 194/200 [26:54<00:47,  7.91s/it, -ELBO=0.6195, Potential Metric=0.0978, Entropy Metric=0.0215]

Epoch 194:   6%|▋         | 1/16 [00:00<00:07,  2.06it/s][A
Training Epochs:  97%|█████████▋| 194/200 [26:54<00:47,  7.91s/it, -ELBO=0.6278, Potential Metric=0.0956, Entropy Metric=0.0220]

Epoch 194:  12%|█▎        | 2/16 [00:00<00:06,  2.01it/s][A
Training Epochs:  97%|█████████▋| 194/200 [26:55<00:47,  7.91s/it, -ELBO=0.6302, Potential Metric=0.0995, Entropy Metric=0.0227]

Epoch 194:  19%|█▉        | 3/16 [00:01<00:06,  2.05it/s][A
Training Epochs:  97%|█████████▋| 194/200 [26:55<00:47,  7.91s/it, -ELBO=0.6260, Potential Metric=0.0939, Entropy Metric=0.0223]

Epoch 194:  25%|██▌       | 4/16 [00:01<00:05,  2.09it/s][A
Training Epochs:  97%|█████████▋| 194/200 [26:56<00:47,  7.91s/it, -ELBO=0.6255, Potential Metric=0.1057, Entropy Metric=0.0222]

Epoch 194:  31%|███▏      | 5/16 [00:02<00:05,  2.13it/s][A
Training Epochs:  97%|█████████▋| 194/200 [26:56<00:47,  7.91s/it, -ELBO=0.6277, Potential Metric=0.1067, Entropy Metric=0.0236]

Epoch 194:  38%|███▊      | 6/16 [00:02<00:04,  2.15it/s][A
Training Epochs:  97%|█████████▋| 194/200 [26:57<00:47,  7.91s/it, -ELBO=0.6106, Potential Metric=0.1010, Entropy Metric=0.0246]

Epoch 194:  44%|████▍     | 7/16 [00:03<00:04,  2.18it/s][A
Training Epochs:  97%|█████████▋| 194/200 [26:57<00:47,  7.91s/it, -ELBO=0.6121, Potential Metric=0.1046, Entropy Metric=0.0230]

Epoch 194:  50%|█████     | 8/16 [00:03<00:03,  2.12it/s][A
Training Epochs:  97%|█████████▋| 194/200 [26:58<00:47,  7.91s/it, -ELBO=0.6287, Potential Metric=0.0974, Entropy Metric=0.0229]

Epoch 194:  56%|█████▋    | 9/16 [00:04<00:03,  2.06it/s][A
Training Epochs:  97%|█████████▋| 194/200 [26:58<00:47,  7.91s/it, -ELBO=0.6255, Potential Metric=0.1015, Entropy Metric=0.0229]

Epoch 194:  62%|██████▎   | 10/16 [00:04<00:02,  2.06it/s][A
Training Epochs:  97%|█████████▋| 194/200 [26:58<00:47,  7.91s/it, -ELBO=0.6384, Potential Metric=0.0873, Entropy Metric=0.0226]

Epoch 194:  69%|██████▉   | 11/16 [00:05<00:02,  2.09it/s][A
Training Epochs:  97%|█████████▋| 194/200 [26:59<00:47,  7.91s/it, -ELBO=0.6173, Potential Metric=0.0947, Entropy Metric=0.0231]

Epoch 194:  75%|███████▌  | 12/16 [00:05<00:01,  2.11it/s][A
Training Epochs:  97%|█████████▋| 194/200 [26:59<00:47,  7.91s/it, -ELBO=0.6192, Potential Metric=0.0965, Entropy Metric=0.0219]

Epoch 194:  81%|████████▏ | 13/16 [00:06<00:01,  2.14it/s][A
Training Epochs:  97%|█████████▋| 194/200 [27:00<00:47,  7.91s/it, -ELBO=0.6179, Potential Metric=0.0950, Entropy Metric=0.0214]

Epoch 194:  88%|████████▊ | 14/16 [00:06<00:00,  2.10it/s][A
Training Epochs:  97%|█████████▋| 194/200 [27:00<00:47,  7.91s/it, -ELBO=0.6166, Potential Metric=0.1072, Entropy Metric=0.0225]

Epoch 194:  94%|█████████▍| 15/16 [00:07<00:00,  2.05it/s][A
Training Epochs:  97%|█████████▋| 194/200 [27:01<00:47,  7.91s/it, -ELBO=0.6290, Potential Metric=0.0894, Entropy Metric=0.0228]

Epoch 194: 100%|██████████| 16/16 [00:07<00:00,  2.04it/s][A

                                                          [A
Training Epochs:  98%|█████████▊| 195/200 [27:01<00:39,  7.85s/it, -ELBO=0.6290, Potential Metric=0.0894, Entropy Metric=0.0228]

Epoch 195:   0%|          | 0/16 [00:00<?, ?it/s][A
Training Epochs:  98%|█████████▊| 195/200 [27:02<00:39,  7.85s/it, -ELBO=0.6215, Potential Metric=0.0948, Entropy Metric=0.0241]

Epoch 195:   6%|▋         | 1/16 [00:00<00:09,  1.63it/s][A
Training Epochs:  98%|█████████▊| 195/200 [27:02<00:39,  7.85s/it, -ELBO=0.6243, Potential Metric=0.0991, Entropy Metric=0.0252]

Epoch 195:  12%|█▎        | 2/16 [00:01<00:07,  1.81it/s][A
Training Epochs:  98%|█████████▊| 195/200 [27:03<00:39,  7.85s/it, -ELBO=0.6228, Potential Metric=0.0955, Entropy Metric=0.0233]

Epoch 195:  19%|█▉        | 3/16 [00:01<00:06,  1.93it/s][A
Training Epochs:  98%|█████████▊| 195/200 [27:03<00:39,  7.85s/it, -ELBO=0.6203, Potential Metric=0.0985, Entropy Metric=0.0229]

Epoch 195:  25%|██▌       | 4/16 [00:02<00:06,  1.99it/s][A
Training Epochs:  98%|█████████▊| 195/200 [27:03<00:39,  7.85s/it, -ELBO=0.6237, Potential Metric=0.0939, Entropy Metric=0.0224]

Epoch 195:  31%|███▏      | 5/16 [00:02<00:05,  2.09it/s][A
Training Epochs:  98%|█████████▊| 195/200 [27:04<00:39,  7.85s/it, -ELBO=0.6201, Potential Metric=0.0958, Entropy Metric=0.0221]

Epoch 195:  38%|███▊      | 6/16 [00:02<00:04,  2.09it/s][A
Training Epochs:  98%|█████████▊| 195/200 [27:04<00:39,  7.85s/it, -ELBO=0.6172, Potential Metric=0.1025, Entropy Metric=0.0208]

Epoch 195:  44%|████▍     | 7/16 [00:03<00:04,  2.07it/s][A
Training Epochs:  98%|█████████▊| 195/200 [27:05<00:39,  7.85s/it, -ELBO=0.6084, Potential Metric=0.0943, Entropy Metric=0.0208]

Epoch 195:  50%|█████     | 8/16 [00:03<00:03,  2.05it/s][A
Training Epochs:  98%|█████████▊| 195/200 [27:05<00:39,  7.85s/it, -ELBO=0.6254, Potential Metric=0.0986, Entropy Metric=0.0214]

Epoch 195:  56%|█████▋    | 9/16 [00:04<00:03,  2.02it/s][A
Training Epochs:  98%|█████████▊| 195/200 [27:06<00:39,  7.85s/it, -ELBO=0.6206, Potential Metric=0.0963, Entropy Metric=0.0213]

Epoch 195:  62%|██████▎   | 10/16 [00:04<00:02,  2.08it/s][A
Training Epochs:  98%|█████████▊| 195/200 [27:06<00:39,  7.85s/it, -ELBO=0.6174, Potential Metric=0.0979, Entropy Metric=0.0207]

Epoch 195:  69%|██████▉   | 11/16 [00:05<00:02,  2.09it/s][A
Training Epochs:  98%|█████████▊| 195/200 [27:07<00:39,  7.85s/it, -ELBO=0.6254, Potential Metric=0.1013, Entropy Metric=0.0229]

Epoch 195:  75%|███████▌  | 12/16 [00:05<00:01,  2.06it/s][A
Training Epochs:  98%|█████████▊| 195/200 [27:07<00:39,  7.85s/it, -ELBO=0.6199, Potential Metric=0.1003, Entropy Metric=0.0237]

Epoch 195:  81%|████████▏ | 13/16 [00:06<00:01,  2.05it/s][A
Training Epochs:  98%|█████████▊| 195/200 [27:08<00:39,  7.85s/it, -ELBO=0.6223, Potential Metric=0.1022, Entropy Metric=0.0239]

Epoch 195:  88%|████████▊ | 14/16 [00:06<00:00,  2.04it/s][A
Training Epochs:  98%|█████████▊| 195/200 [27:08<00:39,  7.85s/it, -ELBO=0.6157, Potential Metric=0.0944, Entropy Metric=0.0227]

Epoch 195:  94%|█████████▍| 15/16 [00:07<00:00,  2.06it/s][A
Training Epochs:  98%|█████████▊| 195/200 [27:09<00:39,  7.85s/it, -ELBO=0.6136, Potential Metric=0.1040, Entropy Metric=0.0227]

Epoch 195: 100%|██████████| 16/16 [00:07<00:00,  2.05it/s][A

                                                          [A
Training Epochs:  98%|█████████▊| 196/200 [27:09<00:31,  7.87s/it, -ELBO=0.6136, Potential Metric=0.1040, Entropy Metric=0.0227]

Epoch 196:   0%|          | 0/16 [00:00<?, ?it/s][A
Training Epochs:  98%|█████████▊| 196/200 [27:09<00:31,  7.87s/it, -ELBO=0.6115, Potential Metric=0.0997, Entropy Metric=0.0233]

Epoch 196:   6%|▋         | 1/16 [00:00<00:07,  1.99it/s][A
Training Epochs:  98%|█████████▊| 196/200 [27:10<00:31,  7.87s/it, -ELBO=0.6124, Potential Metric=0.0901, Entropy Metric=0.0225]

Epoch 196:  12%|█▎        | 2/16 [00:00<00:06,  2.01it/s][A
Training Epochs:  98%|█████████▊| 196/200 [27:10<00:31,  7.87s/it, -ELBO=0.6128, Potential Metric=0.1002, Entropy Metric=0.0221]

Epoch 196:  19%|█▉        | 3/16 [00:01<00:06,  1.98it/s][A
Training Epochs:  98%|█████████▊| 196/200 [27:11<00:31,  7.87s/it, -ELBO=0.6270, Potential Metric=0.0906, Entropy Metric=0.0221]

Epoch 196:  25%|██▌       | 4/16 [00:01<00:05,  2.03it/s][A
Training Epochs:  98%|█████████▊| 196/200 [27:11<00:31,  7.87s/it, -ELBO=0.6089, Potential Metric=0.0963, Entropy Metric=0.0213]

Epoch 196:  31%|███▏      | 5/16 [00:02<00:05,  2.04it/s][A
Training Epochs:  98%|█████████▊| 196/200 [27:12<00:31,  7.87s/it, -ELBO=0.6120, Potential Metric=0.0958, Entropy Metric=0.0231]

Epoch 196:  38%|███▊      | 6/16 [00:02<00:04,  2.14it/s][A
Training Epochs:  98%|█████████▊| 196/200 [27:12<00:31,  7.87s/it, -ELBO=0.6217, Potential Metric=0.0933, Entropy Metric=0.0221]

Epoch 196:  44%|████▍     | 7/16 [00:03<00:04,  2.13it/s][A
Training Epochs:  98%|█████████▊| 196/200 [27:13<00:31,  7.87s/it, -ELBO=0.6207, Potential Metric=0.1046, Entropy Metric=0.0224]

Epoch 196:  50%|█████     | 8/16 [00:03<00:03,  2.11it/s][A
Training Epochs:  98%|█████████▊| 196/200 [27:13<00:31,  7.87s/it, -ELBO=0.6170, Potential Metric=0.0998, Entropy Metric=0.0241]

Epoch 196:  56%|█████▋    | 9/16 [00:04<00:03,  2.13it/s][A
Training Epochs:  98%|█████████▊| 196/200 [27:14<00:31,  7.87s/it, -ELBO=0.6110, Potential Metric=0.0996, Entropy Metric=0.0224]

Epoch 196:  62%|██████▎   | 10/16 [00:04<00:02,  2.12it/s][A
Training Epochs:  98%|█████████▊| 196/200 [27:14<00:31,  7.87s/it, -ELBO=0.6104, Potential Metric=0.0923, Entropy Metric=0.0213]

Epoch 196:  69%|██████▉   | 11/16 [00:05<00:02,  2.15it/s][A
Training Epochs:  98%|█████████▊| 196/200 [27:15<00:31,  7.87s/it, -ELBO=0.6186, Potential Metric=0.0818, Entropy Metric=0.0226]

Epoch 196:  75%|███████▌  | 12/16 [00:05<00:01,  2.18it/s][A
Training Epochs:  98%|█████████▊| 196/200 [27:15<00:31,  7.87s/it, -ELBO=0.6161, Potential Metric=0.0986, Entropy Metric=0.0230]

Epoch 196:  81%|████████▏ | 13/16 [00:06<00:01,  2.17it/s][A
Training Epochs:  98%|█████████▊| 196/200 [27:16<00:31,  7.87s/it, -ELBO=0.6177, Potential Metric=0.0886, Entropy Metric=0.0212]

Epoch 196:  88%|████████▊ | 14/16 [00:06<00:00,  2.14it/s][A
Training Epochs:  98%|█████████▊| 196/200 [27:16<00:31,  7.87s/it, -ELBO=0.6233, Potential Metric=0.0837, Entropy Metric=0.0218]

Epoch 196:  94%|█████████▍| 15/16 [00:07<00:00,  2.18it/s][A
Training Epochs:  98%|█████████▊| 196/200 [27:16<00:31,  7.87s/it, -ELBO=0.6202, Potential Metric=0.0920, Entropy Metric=0.0225]

Epoch 196: 100%|██████████| 16/16 [00:07<00:00,  2.15it/s][A

                                                          [A
Training Epochs:  98%|█████████▊| 197/200 [27:16<00:23,  7.79s/it, -ELBO=0.6202, Potential Metric=0.0920, Entropy Metric=0.0225]

Epoch 197:   0%|          | 0/16 [00:00<?, ?it/s][A
Training Epochs:  98%|█████████▊| 197/200 [27:17<00:23,  7.79s/it, -ELBO=0.6163, Potential Metric=0.0975, Entropy Metric=0.0222]

Epoch 197:   6%|▋         | 1/16 [00:00<00:07,  1.99it/s][A
Training Epochs:  98%|█████████▊| 197/200 [27:17<00:23,  7.79s/it, -ELBO=0.6119, Potential Metric=0.0922, Entropy Metric=0.0226]

Epoch 197:  12%|█▎        | 2/16 [00:00<00:06,  2.14it/s][A
Training Epochs:  98%|█████████▊| 197/200 [27:18<00:23,  7.79s/it, -ELBO=0.6082, Potential Metric=0.1002, Entropy Metric=0.0214]

Epoch 197:  19%|█▉        | 3/16 [00:01<00:06,  2.06it/s][A
Training Epochs:  98%|█████████▊| 197/200 [27:18<00:23,  7.79s/it, -ELBO=0.6036, Potential Metric=0.1096, Entropy Metric=0.0233]

Epoch 197:  25%|██▌       | 4/16 [00:01<00:05,  2.01it/s][A
Training Epochs:  98%|█████████▊| 197/200 [27:19<00:23,  7.79s/it, -ELBO=0.6174, Potential Metric=0.1086, Entropy Metric=0.0226]

Epoch 197:  31%|███▏      | 5/16 [00:02<00:05,  2.01it/s][A
Training Epochs:  98%|█████████▊| 197/200 [27:19<00:23,  7.79s/it, -ELBO=0.6300, Potential Metric=0.0854, Entropy Metric=0.0233]

Epoch 197:  38%|███▊      | 6/16 [00:02<00:04,  2.07it/s][A
Training Epochs:  98%|█████████▊| 197/200 [27:20<00:23,  7.79s/it, -ELBO=0.6125, Potential Metric=0.0903, Entropy Metric=0.0226]

Epoch 197:  44%|████▍     | 7/16 [00:03<00:04,  2.10it/s][A
Training Epochs:  98%|█████████▊| 197/200 [27:20<00:23,  7.79s/it, -ELBO=0.6144, Potential Metric=0.0968, Entropy Metric=0.0241]

Epoch 197:  50%|█████     | 8/16 [00:03<00:03,  2.16it/s][A
Training Epochs:  98%|█████████▊| 197/200 [27:21<00:23,  7.79s/it, -ELBO=0.6205, Potential Metric=0.0882, Entropy Metric=0.0214]

Epoch 197:  56%|█████▋    | 9/16 [00:04<00:03,  2.16it/s][A
Training Epochs:  98%|█████████▊| 197/200 [27:21<00:23,  7.79s/it, -ELBO=0.6195, Potential Metric=0.0865, Entropy Metric=0.0225]

Epoch 197:  62%|██████▎   | 10/16 [00:04<00:02,  2.23it/s][A
Training Epochs:  98%|█████████▊| 197/200 [27:22<00:23,  7.79s/it, -ELBO=0.6129, Potential Metric=0.0953, Entropy Metric=0.0223]

Epoch 197:  69%|██████▉   | 11/16 [00:05<00:02,  2.19it/s][A
Training Epochs:  98%|█████████▊| 197/200 [27:22<00:23,  7.79s/it, -ELBO=0.5995, Potential Metric=0.1009, Entropy Metric=0.0235]

Epoch 197:  75%|███████▌  | 12/16 [00:05<00:01,  2.18it/s][A
Training Epochs:  98%|█████████▊| 197/200 [27:23<00:23,  7.79s/it, -ELBO=0.6075, Potential Metric=0.0998, Entropy Metric=0.0227]

Epoch 197:  81%|████████▏ | 13/16 [00:06<00:01,  2.18it/s][A
Training Epochs:  98%|█████████▊| 197/200 [27:23<00:23,  7.79s/it, -ELBO=0.6081, Potential Metric=0.0958, Entropy Metric=0.0225]

Epoch 197:  88%|████████▊ | 14/16 [00:06<00:00,  2.12it/s][A
Training Epochs:  98%|█████████▊| 197/200 [27:24<00:23,  7.79s/it, -ELBO=0.6185, Potential Metric=0.0917, Entropy Metric=0.0205]

Epoch 197:  94%|█████████▍| 15/16 [00:07<00:00,  2.01it/s][A
Training Epochs:  98%|█████████▊| 197/200 [27:24<00:23,  7.79s/it, -ELBO=0.6119, Potential Metric=0.0930, Entropy Metric=0.0228]

Epoch 197: 100%|██████████| 16/16 [00:07<00:00,  2.04it/s][A

                                                          [A
Training Epochs:  99%|█████████▉| 198/200 [27:24<00:15,  7.78s/it, -ELBO=0.6119, Potential Metric=0.0930, Entropy Metric=0.0228]

Epoch 198:   0%|          | 0/16 [00:00<?, ?it/s][A
Training Epochs:  99%|█████████▉| 198/200 [27:25<00:15,  7.78s/it, -ELBO=0.6156, Potential Metric=0.0989, Entropy Metric=0.0225]

Epoch 198:   6%|▋         | 1/16 [00:00<00:07,  2.02it/s][A
Training Epochs:  99%|█████████▉| 198/200 [27:25<00:15,  7.78s/it, -ELBO=0.6235, Potential Metric=0.0899, Entropy Metric=0.0223]

Epoch 198:  12%|█▎        | 2/16 [00:00<00:06,  2.15it/s][A
Training Epochs:  99%|█████████▉| 198/200 [27:26<00:15,  7.78s/it, -ELBO=0.6077, Potential Metric=0.0921, Entropy Metric=0.0229]

Epoch 198:  19%|█▉        | 3/16 [00:01<00:05,  2.20it/s][A
Training Epochs:  99%|█████████▉| 198/200 [27:26<00:15,  7.78s/it, -ELBO=0.6123, Potential Metric=0.0966, Entropy Metric=0.0221]

Epoch 198:  25%|██▌       | 4/16 [00:01<00:05,  2.16it/s][A
Training Epochs:  99%|█████████▉| 198/200 [27:27<00:15,  7.78s/it, -ELBO=0.6119, Potential Metric=0.0934, Entropy Metric=0.0231]

Epoch 198:  31%|███▏      | 5/16 [00:02<00:05,  2.07it/s][A
Training Epochs:  99%|█████████▉| 198/200 [27:27<00:15,  7.78s/it, -ELBO=0.6165, Potential Metric=0.0950, Entropy Metric=0.0219]

Epoch 198:  38%|███▊      | 6/16 [00:02<00:04,  2.03it/s][A
Training Epochs:  99%|█████████▉| 198/200 [27:28<00:15,  7.78s/it, -ELBO=0.6121, Potential Metric=0.0984, Entropy Metric=0.0235]

Epoch 198:  44%|████▍     | 7/16 [00:03<00:04,  2.09it/s][A
Training Epochs:  99%|█████████▉| 198/200 [27:28<00:15,  7.78s/it, -ELBO=0.6149, Potential Metric=0.0993, Entropy Metric=0.0217]

Epoch 198:  50%|█████     | 8/16 [00:03<00:03,  2.05it/s][A
Training Epochs:  99%|█████████▉| 198/200 [27:29<00:15,  7.78s/it, -ELBO=0.6065, Potential Metric=0.0875, Entropy Metric=0.0222]

Epoch 198:  56%|█████▋    | 9/16 [00:04<00:03,  2.13it/s][A
Training Epochs:  99%|█████████▉| 198/200 [27:29<00:15,  7.78s/it, -ELBO=0.6208, Potential Metric=0.1051, Entropy Metric=0.0225]

Epoch 198:  62%|██████▎   | 10/16 [00:04<00:02,  2.19it/s][A
Training Epochs:  99%|█████████▉| 198/200 [27:29<00:15,  7.78s/it, -ELBO=0.6163, Potential Metric=0.0944, Entropy Metric=0.0228]

Epoch 198:  69%|██████▉   | 11/16 [00:05<00:02,  2.17it/s][A
Training Epochs:  99%|█████████▉| 198/200 [27:30<00:15,  7.78s/it, -ELBO=0.5999, Potential Metric=0.0951, Entropy Metric=0.0234]

Epoch 198:  75%|███████▌  | 12/16 [00:05<00:01,  2.22it/s][A
Training Epochs:  99%|█████████▉| 198/200 [27:30<00:15,  7.78s/it, -ELBO=0.6034, Potential Metric=0.0899, Entropy Metric=0.0237]

Epoch 198:  81%|████████▏ | 13/16 [00:06<00:01,  2.16it/s][A
Training Epochs:  99%|█████████▉| 198/200 [27:31<00:15,  7.78s/it, -ELBO=0.6007, Potential Metric=0.0948, Entropy Metric=0.0226]

Epoch 198:  88%|████████▊ | 14/16 [00:06<00:00,  2.10it/s][A
Training Epochs:  99%|█████████▉| 198/200 [27:31<00:15,  7.78s/it, -ELBO=0.6097, Potential Metric=0.0869, Entropy Metric=0.0215]

Epoch 198:  94%|█████████▍| 15/16 [00:07<00:00,  2.12it/s][A
Training Epochs:  99%|█████████▉| 198/200 [27:32<00:15,  7.78s/it, -ELBO=0.6088, Potential Metric=0.0946, Entropy Metric=0.0232]

Epoch 198: 100%|██████████| 16/16 [00:07<00:00,  2.12it/s][A

                                                          [A
Training Epochs: 100%|█████████▉| 199/200 [27:32<00:07,  7.73s/it, -ELBO=0.6088, Potential Metric=0.0946, Entropy Metric=0.0232]

Epoch 199:   0%|          | 0/16 [00:00<?, ?it/s][A
Training Epochs: 100%|█████████▉| 199/200 [27:32<00:07,  7.73s/it, -ELBO=0.6141, Potential Metric=0.0929, Entropy Metric=0.0232]

Epoch 199:   6%|▋         | 1/16 [00:00<00:07,  2.01it/s][A
Training Epochs: 100%|█████████▉| 199/200 [27:33<00:07,  7.73s/it, -ELBO=0.5938, Potential Metric=0.1071, Entropy Metric=0.0253]

Epoch 199:  12%|█▎        | 2/16 [00:00<00:06,  2.14it/s][A
Training Epochs: 100%|█████████▉| 199/200 [27:33<00:07,  7.73s/it, -ELBO=0.6026, Potential Metric=0.1140, Entropy Metric=0.0261]

Epoch 199:  19%|█▉        | 3/16 [00:01<00:06,  2.12it/s][A
Training Epochs: 100%|█████████▉| 199/200 [27:34<00:07,  7.73s/it, -ELBO=0.6132, Potential Metric=0.1047, Entropy Metric=0.0241]

Epoch 199:  25%|██▌       | 4/16 [00:01<00:05,  2.06it/s][A
Training Epochs: 100%|█████████▉| 199/200 [27:34<00:07,  7.73s/it, -ELBO=0.6116, Potential Metric=0.0982, Entropy Metric=0.0235]

Epoch 199:  31%|███▏      | 5/16 [00:02<00:05,  2.09it/s][A
Training Epochs: 100%|█████████▉| 199/200 [27:35<00:07,  7.73s/it, -ELBO=0.6094, Potential Metric=0.0867, Entropy Metric=0.0244]

Epoch 199:  38%|███▊      | 6/16 [00:02<00:04,  2.08it/s][A
Training Epochs: 100%|█████████▉| 199/200 [27:35<00:07,  7.73s/it, -ELBO=0.5953, Potential Metric=0.1054, Entropy Metric=0.0236]

Epoch 199:  44%|████▍     | 7/16 [00:03<00:04,  2.05it/s][A
Training Epochs: 100%|█████████▉| 199/200 [27:36<00:07,  7.73s/it, -ELBO=0.6069, Potential Metric=0.1006, Entropy Metric=0.0236]

Epoch 199:  50%|█████     | 8/16 [00:03<00:03,  2.09it/s][A
Training Epochs: 100%|█████████▉| 199/200 [27:36<00:07,  7.73s/it, -ELBO=0.6084, Potential Metric=0.0817, Entropy Metric=0.0215]

Epoch 199:  56%|█████▋    | 9/16 [00:04<00:03,  2.21it/s][A
Training Epochs: 100%|█████████▉| 199/200 [27:37<00:07,  7.73s/it, -ELBO=0.6104, Potential Metric=0.1022, Entropy Metric=0.0226]

Epoch 199:  62%|██████▎   | 10/16 [00:04<00:02,  2.12it/s][A
Training Epochs: 100%|█████████▉| 199/200 [27:37<00:07,  7.73s/it, -ELBO=0.6033, Potential Metric=0.0955, Entropy Metric=0.0239]

Epoch 199:  69%|██████▉   | 11/16 [00:05<00:02,  2.14it/s][A
Training Epochs: 100%|█████████▉| 199/200 [27:38<00:07,  7.73s/it, -ELBO=0.5988, Potential Metric=0.0902, Entropy Metric=0.0226]

Epoch 199:  75%|███████▌  | 12/16 [00:05<00:01,  2.10it/s][A
Training Epochs: 100%|█████████▉| 199/200 [27:38<00:07,  7.73s/it, -ELBO=0.6106, Potential Metric=0.0934, Entropy Metric=0.0237]

Epoch 199:  81%|████████▏ | 13/16 [00:06<00:01,  2.12it/s][A
Training Epochs: 100%|█████████▉| 199/200 [27:38<00:07,  7.73s/it, -ELBO=0.5959, Potential Metric=0.0997, Entropy Metric=0.0239]

Epoch 199:  88%|████████▊ | 14/16 [00:06<00:00,  2.12it/s][A
Training Epochs: 100%|█████████▉| 199/200 [27:39<00:07,  7.73s/it, -ELBO=0.6080, Potential Metric=0.0899, Entropy Metric=0.0240]

Epoch 199:  94%|█████████▍| 15/16 [00:07<00:00,  2.12it/s][A
Training Epochs: 100%|█████████▉| 199/200 [27:39<00:07,  7.73s/it, -ELBO=0.6225, Potential Metric=0.0936, Entropy Metric=0.0268]

Epoch 199: 100%|██████████| 16/16 [00:07<00:00,  2.08it/s][A

                                                          [A
Training Epochs: 100%|██████████| 200/200 [27:39<00:00,  7.70s/it, -ELBO=0.6225, Potential Metric=0.0936, Entropy Metric=0.0268]
Training Epochs: 100%|██████████| 200/200 [27:39<00:00,  8.30s/it, -ELBO=0.6225, Potential Metric=0.0936, Entropy Metric=0.0268]
SCLSD_BENCHMARK_EVENT {"cpu_seconds": 2035.9563552739999, "cuda_peak_allocated_bytes": 842908672, "cuda_peak_reserved_bytes": 956301312, "cuda_start_allocated_bytes": 10746368, "cuda_start_reserved_bytes": 314572800, "error": null, "event": "stage_end", "name": "training", "status": "ok", "time": "2026-07-17T19:22:40.993224+00:00", "wall_seconds": 1660.0284528639168}
