SCLSD_BENCHMARK_EVENT {"event": "stage_start", "stage": "data_load", "time": "2026-07-17T19:22:48.940583+00:00"}
SCLSD_BENCHMARK_EVENT {"cpu_seconds": 0.04796527499999925, "cuda_peak_allocated_bytes": 0, "cuda_peak_reserved_bytes": 0, "cuda_start_allocated_bytes": 0, "cuda_start_reserved_bytes": 0, "error": null, "event": "stage_end", "name": "data_load", "status": "ok", "time": "2026-07-17T19:22:48.988703+00:00", "wall_seconds": 0.04811224993318319}
SCLSD_BENCHMARK_EVENT {"event": "stage_start", "stage": "model_initialization", "time": "2026-07-17T19:22:48.989044+00:00"}
SCLSD_BENCHMARK_EVENT {"cpu_seconds": 0.04972369800000109, "cuda_peak_allocated_bytes": 10765824, "cuda_peak_reserved_bytes": 25165824, "cuda_start_allocated_bytes": 0, "cuda_start_reserved_bytes": 0, "error": null, "event": "stage_end", "name": "model_initialization", "status": "ok", "time": "2026-07-17T19:22:49.041829+00:00", "wall_seconds": 0.052775693126022816}
SCLSD_BENCHMARK_EVENT {"event": "stage_start", "stage": "prior_transition", "time": "2026-07-17T19:22:49.042172+00:00"}
[LSD] Prior transition matrix set from pseudotime and connectivities.
SCLSD_BENCHMARK_EVENT {"cpu_seconds": 0.0059229919999985725, "cuda_peak_allocated_bytes": 10746368, "cuda_peak_reserved_bytes": 25165824, "cuda_start_allocated_bytes": 10746368, "cuda_start_reserved_bytes": 25165824, "error": null, "event": "stage_end", "name": "prior_transition", "status": "ok", "time": "2026-07-17T19:22:49.048105+00:00", "wall_seconds": 0.005921865813434124}
SCLSD_BENCHMARK_EVENT {"event": "stage_start", "stage": "walk_generation", "time": "2026-07-17T19:22:49.048479+00:00"}
SCLSD_BENCHMARK_EVENT {"cpu_seconds": 0.441722179000001, "cuda_peak_allocated_bytes": 10746368, "cuda_peak_reserved_bytes": 25165824, "cuda_start_allocated_bytes": 10746368, "cuda_start_reserved_bytes": 25165824, "error": null, "event": "stage_end", "name": "walk_generation", "status": "ok", "time": "2026-07-17T19:22:49.490188+00:00", "wall_seconds": 0.44168086163699627}
SCLSD_BENCHMARK_EVENT {"event": "stage_start", "stage": "training", "time": "2026-07-17T19:22:49.490894+00:00"}

Training Epochs:   0%|          | 0/200 [00:00<?, ?it/s]

Epoch 0:   0%|          | 0/16 [00:00<?, ?it/s][A
Training Epochs:   0%|          | 0/200 [00:01<?, ?it/s, -ELBO=2.0167, Potential Metric=0.0000, Entropy Metric=0.0015]

Epoch 0:   6%|▋         | 1/16 [00:01<00:16,  1.11s/it][A
Training Epochs:   0%|          | 0/200 [00:01<?, ?it/s, -ELBO=1.9864, Potential Metric=0.0000, Entropy Metric=0.0035]
Training Epochs:   0%|          | 0/200 [00:01<?, ?it/s, -ELBO=1.9439, Potential Metric=0.0000, Entropy Metric=0.0069]

Epoch 0:  19%|█▉        | 3/16 [00:01<00:04,  2.92it/s][A
Training Epochs:   0%|          | 0/200 [00:01<?, ?it/s, -ELBO=1.9151, Potential Metric=0.0000, Entropy Metric=0.0105]
Training Epochs:   0%|          | 0/200 [00:01<?, ?it/s, -ELBO=1.8683, Potential Metric=0.0001, Entropy Metric=0.0147]

Epoch 0:  31%|███▏      | 5/16 [00:01<00:02,  4.91it/s][A
Training Epochs:   0%|          | 0/200 [00:01<?, ?it/s, -ELBO=1.8275, Potential Metric=0.0002, Entropy Metric=0.0185]
Training Epochs:   0%|          | 0/200 [00:01<?, ?it/s, -ELBO=1.8713, Potential Metric=0.0002, Entropy Metric=0.0224]

Epoch 0:  44%|████▍     | 7/16 [00:01<00:01,  5.74it/s][A
Training Epochs:   0%|          | 0/200 [00:01<?, ?it/s, -ELBO=1.8401, Potential Metric=0.0003, Entropy Metric=0.0239]
Training Epochs:   0%|          | 0/200 [00:01<?, ?it/s, -ELBO=1.8384, Potential Metric=0.0004, Entropy Metric=0.0249]

Epoch 0:  56%|█████▋    | 9/16 [00:01<00:00,  7.35it/s][A
Training Epochs:   0%|          | 0/200 [00:01<?, ?it/s, -ELBO=1.8538, Potential Metric=0.0004, Entropy Metric=0.0241]
Training Epochs:   0%|          | 0/200 [00:02<?, ?it/s, -ELBO=1.8397, Potential Metric=0.0004, Entropy Metric=0.0231]

Epoch 0:  69%|██████▉   | 11/16 [00:01<00:00,  8.74it/s][A
Training Epochs:   0%|          | 0/200 [00:02<?, ?it/s, -ELBO=1.8498, Potential Metric=0.0003, Entropy Metric=0.0218]
Training Epochs:   0%|          | 0/200 [00:02<?, ?it/s, -ELBO=1.7931, Potential Metric=0.0002, Entropy Metric=0.0184]

Epoch 0:  81%|████████▏ | 13/16 [00:02<00:00,  9.86it/s][A
Training Epochs:   0%|          | 0/200 [00:02<?, ?it/s, -ELBO=1.8479, Potential Metric=0.0002, Entropy Metric=0.0180]
Training Epochs:   0%|          | 0/200 [00:02<?, ?it/s, -ELBO=1.7944, Potential Metric=0.0002, Entropy Metric=0.0155]

Epoch 0:  94%|█████████▍| 15/16 [00:02<00:00, 10.72it/s][A
Training Epochs:   0%|          | 0/200 [00:02<?, ?it/s, -ELBO=1.8070, Potential Metric=0.0002, Entropy Metric=0.0144]

                                                        [A
Training Epochs:   0%|          | 1/200 [00:02<07:58,  2.40s/it, -ELBO=1.8070, Potential Metric=0.0002, Entropy Metric=0.0144]

Epoch 1:   0%|          | 0/16 [00:00<?, ?it/s][A
Training Epochs:   0%|          | 1/200 [00:02<07:58,  2.40s/it, -ELBO=1.7897, Potential Metric=0.0001, Entropy Metric=0.0126]

Epoch 1:   6%|▋         | 1/16 [00:00<00:01,  9.58it/s][A
Training Epochs:   0%|          | 1/200 [00:02<07:58,  2.40s/it, -ELBO=1.8026, Potential Metric=0.0001, Entropy Metric=0.0127]
Training Epochs:   0%|          | 1/200 [00:02<07:58,  2.40s/it, -ELBO=1.8428, Potential Metric=0.0001, Entropy Metric=0.0118]

Epoch 1:  19%|█▉        | 3/16 [00:00<00:01, 12.30it/s][A
Training Epochs:   0%|          | 1/200 [00:02<07:58,  2.40s/it, -ELBO=1.8302, Potential Metric=0.0001, Entropy Metric=0.0110]
Training Epochs:   0%|          | 1/200 [00:02<07:58,  2.40s/it, -ELBO=1.7562, Potential Metric=0.0001, Entropy Metric=0.0110]

Epoch 1:  31%|███▏      | 5/16 [00:00<00:00, 12.93it/s][A
Training Epochs:   0%|          | 1/200 [00:02<07:58,  2.40s/it, -ELBO=1.7848, Potential Metric=0.0001, Entropy Metric=0.0112]
Training Epochs:   0%|          | 1/200 [00:02<07:58,  2.40s/it, -ELBO=1.8447, Potential Metric=0.0001, Entropy Metric=0.0113]

Epoch 1:  44%|████▍     | 7/16 [00:00<00:00, 13.03it/s][A
Training Epochs:   0%|          | 1/200 [00:03<07:58,  2.40s/it, -ELBO=1.8257, Potential Metric=0.0001, Entropy Metric=0.0109]
Training Epochs:   0%|          | 1/200 [00:03<07:58,  2.40s/it, -ELBO=1.7902, Potential Metric=0.0002, Entropy Metric=0.0116]

Epoch 1:  56%|█████▋    | 9/16 [00:00<00:00, 13.28it/s][A
Training Epochs:   0%|          | 1/200 [00:03<07:58,  2.40s/it, -ELBO=1.8367, Potential Metric=0.0001, Entropy Metric=0.0111]
Training Epochs:   0%|          | 1/200 [00:03<07:58,  2.40s/it, -ELBO=1.8425, Potential Metric=0.0002, Entropy Metric=0.0115]

Epoch 1:  69%|██████▉   | 11/16 [00:00<00:00, 13.33it/s][A
Training Epochs:   0%|          | 1/200 [00:03<07:58,  2.40s/it, -ELBO=1.7931, Potential Metric=0.0002, Entropy Metric=0.0113]
Training Epochs:   0%|          | 1/200 [00:03<07:58,  2.40s/it, -ELBO=1.8143, Potential Metric=0.0003, Entropy Metric=0.0108]

Epoch 1:  81%|████████▏ | 13/16 [00:00<00:00, 13.38it/s][A
Training Epochs:   0%|          | 1/200 [00:03<07:58,  2.40s/it, -ELBO=1.8116, Potential Metric=0.0002, Entropy Metric=0.0106]
Training Epochs:   0%|          | 1/200 [00:03<07:58,  2.40s/it, -ELBO=1.8082, Potential Metric=0.0003, Entropy Metric=0.0111]

Epoch 1:  94%|█████████▍| 15/16 [00:01<00:00, 13.31it/s][A
Training Epochs:   0%|          | 1/200 [00:03<07:58,  2.40s/it, -ELBO=1.7877, Potential Metric=0.0003, Entropy Metric=0.0108]

                                                        [A
Training Epochs:   1%|          | 2/200 [00:03<05:41,  1.73s/it, -ELBO=1.7877, Potential Metric=0.0003, Entropy Metric=0.0108]

Epoch 2:   0%|          | 0/16 [00:00<?, ?it/s][A
Training Epochs:   1%|          | 2/200 [00:03<05:41,  1.73s/it, -ELBO=1.7619, Potential Metric=0.0003, Entropy Metric=0.0105]

Epoch 2:   6%|▋         | 1/16 [00:00<00:01,  9.72it/s][A
Training Epochs:   1%|          | 2/200 [00:03<05:41,  1.73s/it, -ELBO=1.8249, Potential Metric=0.0003, Entropy Metric=0.0102]
Training Epochs:   1%|          | 2/200 [00:03<05:41,  1.73s/it, -ELBO=1.7792, Potential Metric=0.0003, Entropy Metric=0.0104]

Epoch 2:  19%|█▉        | 3/16 [00:00<00:01, 12.34it/s][A
Training Epochs:   1%|          | 2/200 [00:04<05:41,  1.73s/it, -ELBO=1.7505, Potential Metric=0.0002, Entropy Metric=0.0096]
Training Epochs:   1%|          | 2/200 [00:04<05:41,  1.73s/it, -ELBO=1.7867, Potential Metric=0.0003, Entropy Metric=0.0099]

Epoch 2:  31%|███▏      | 5/16 [00:00<00:00, 12.97it/s][A
Training Epochs:   1%|          | 2/200 [00:04<05:41,  1.73s/it, -ELBO=1.7903, Potential Metric=0.0002, Entropy Metric=0.0090]
Training Epochs:   1%|          | 2/200 [00:04<05:41,  1.73s/it, -ELBO=1.7575, Potential Metric=0.0002, Entropy Metric=0.0092]

Epoch 2:  44%|████▍     | 7/16 [00:00<00:00, 13.15it/s][A
Training Epochs:   1%|          | 2/200 [00:04<05:41,  1.73s/it, -ELBO=1.8375, Potential Metric=0.0002, Entropy Metric=0.0087]
Training Epochs:   1%|          | 2/200 [00:04<05:41,  1.73s/it, -ELBO=1.8141, Potential Metric=0.0002, Entropy Metric=0.0088]

Epoch 2:  56%|█████▋    | 9/16 [00:00<00:00, 13.32it/s][A
Training Epochs:   1%|          | 2/200 [00:04<05:41,  1.73s/it, -ELBO=1.7941, Potential Metric=0.0002, Entropy Metric=0.0078]
Training Epochs:   1%|          | 2/200 [00:04<05:41,  1.73s/it, -ELBO=1.8123, Potential Metric=0.0002, Entropy Metric=0.0083]

Epoch 2:  69%|██████▉   | 11/16 [00:00<00:00, 13.35it/s][A
Training Epochs:   1%|          | 2/200 [00:04<05:41,  1.73s/it, -ELBO=1.8465, Potential Metric=0.0002, Entropy Metric=0.0088]
Training Epochs:   1%|          | 2/200 [00:04<05:41,  1.73s/it, -ELBO=1.7926, Potential Metric=0.0002, Entropy Metric=0.0080]

Epoch 2:  81%|████████▏ | 13/16 [00:00<00:00, 13.37it/s][A
Training Epochs:   1%|          | 2/200 [00:04<05:41,  1.73s/it, -ELBO=1.7964, Potential Metric=0.0002, Entropy Metric=0.0084]
Training Epochs:   1%|          | 2/200 [00:04<05:41,  1.73s/it, -ELBO=1.7784, Potential Metric=0.0002, Entropy Metric=0.0086]

Epoch 2:  94%|█████████▍| 15/16 [00:01<00:00, 13.15it/s][A
Training Epochs:   1%|          | 2/200 [00:04<05:41,  1.73s/it, -ELBO=1.7830, Potential Metric=0.0003, Entropy Metric=0.0089]

                                                        [A
Training Epochs:   2%|▏         | 3/200 [00:04<05:00,  1.52s/it, -ELBO=1.7830, Potential Metric=0.0003, Entropy Metric=0.0089]

Epoch 3:   0%|          | 0/16 [00:00<?, ?it/s][A
Training Epochs:   2%|▏         | 3/200 [00:05<05:00,  1.52s/it, -ELBO=1.8123, Potential Metric=0.0002, Entropy Metric=0.0084]

Epoch 3:   6%|▋         | 1/16 [00:00<00:01,  9.35it/s][A
Training Epochs:   2%|▏         | 3/200 [00:05<05:00,  1.52s/it, -ELBO=1.8201, Potential Metric=0.0003, Entropy Metric=0.0087]
Training Epochs:   2%|▏         | 3/200 [00:05<05:00,  1.52s/it, -ELBO=1.7766, Potential Metric=0.0003, Entropy Metric=0.0090]

Epoch 3:  19%|█▉        | 3/16 [00:00<00:01, 11.64it/s][A
Training Epochs:   2%|▏         | 3/200 [00:05<05:00,  1.52s/it, -ELBO=1.8089, Potential Metric=0.0003, Entropy Metric=0.0089]
Training Epochs:   2%|▏         | 3/200 [00:05<05:00,  1.52s/it, -ELBO=1.8069, Potential Metric=0.0003, Entropy Metric=0.0085]

Epoch 3:  31%|███▏      | 5/16 [00:00<00:00, 12.15it/s][A
Training Epochs:   2%|▏         | 3/200 [00:05<05:00,  1.52s/it, -ELBO=1.7432, Potential Metric=0.0004, Entropy Metric=0.0089]
Training Epochs:   2%|▏         | 3/200 [00:05<05:00,  1.52s/it, -ELBO=1.7409, Potential Metric=0.0004, Entropy Metric=0.0087]

Epoch 3:  44%|████▍     | 7/16 [00:00<00:00, 12.51it/s][A
Training Epochs:   2%|▏         | 3/200 [00:05<05:00,  1.52s/it, -ELBO=1.8050, Potential Metric=0.0004, Entropy Metric=0.0086]
Training Epochs:   2%|▏         | 3/200 [00:05<05:00,  1.52s/it, -ELBO=1.7779, Potential Metric=0.0004, Entropy Metric=0.0085]

Epoch 3:  56%|█████▋    | 9/16 [00:00<00:00, 12.60it/s][A
Training Epochs:   2%|▏         | 3/200 [00:05<05:00,  1.52s/it, -ELBO=1.7881, Potential Metric=0.0004, Entropy Metric=0.0088]
Training Epochs:   2%|▏         | 3/200 [00:05<05:00,  1.52s/it, -ELBO=1.7901, Potential Metric=0.0005, Entropy Metric=0.0091]

Epoch 3:  69%|██████▉   | 11/16 [00:00<00:00, 12.57it/s][A
Training Epochs:   2%|▏         | 3/200 [00:05<05:00,  1.52s/it, -ELBO=1.7657, Potential Metric=0.0004, Entropy Metric=0.0081]
Training Epochs:   2%|▏         | 3/200 [00:06<05:00,  1.52s/it, -ELBO=1.7943, Potential Metric=0.0005, Entropy Metric=0.0084]

Epoch 3:  81%|████████▏ | 13/16 [00:01<00:00, 12.24it/s][A
Training Epochs:   2%|▏         | 3/200 [00:06<05:00,  1.52s/it, -ELBO=1.7263, Potential Metric=0.0005, Entropy Metric=0.0083]
Training Epochs:   2%|▏         | 3/200 [00:06<05:00,  1.52s/it, -ELBO=1.8075, Potential Metric=0.0006, Entropy Metric=0.0079]

Epoch 3:  94%|█████████▍| 15/16 [00:01<00:00, 12.32it/s][A
Training Epochs:   2%|▏         | 3/200 [00:06<05:00,  1.52s/it, -ELBO=1.7607, Potential Metric=0.0006, Entropy Metric=0.0080]

                                                        [A
Training Epochs:   2%|▏         | 4/200 [00:06<04:44,  1.45s/it, -ELBO=1.7607, Potential Metric=0.0006, Entropy Metric=0.0080]

Epoch 4:   0%|          | 0/16 [00:00<?, ?it/s][A
Training Epochs:   2%|▏         | 4/200 [00:06<04:44,  1.45s/it, -ELBO=1.7790, Potential Metric=0.0007, Entropy Metric=0.0075]

Epoch 4:   6%|▋         | 1/16 [00:00<00:01,  9.16it/s][A
Training Epochs:   2%|▏         | 4/200 [00:06<04:44,  1.45s/it, -ELBO=1.7921, Potential Metric=0.0009, Entropy Metric=0.0083]
Training Epochs:   2%|▏         | 4/200 [00:06<04:44,  1.45s/it, -ELBO=1.7468, Potential Metric=0.0009, Entropy Metric=0.0082]

Epoch 4:  19%|█▉        | 3/16 [00:00<00:01, 11.15it/s][A
Training Epochs:   2%|▏         | 4/200 [00:06<04:44,  1.45s/it, -ELBO=1.7454, Potential Metric=0.0008, Entropy Metric=0.0072]
Training Epochs:   2%|▏         | 4/200 [00:06<04:44,  1.45s/it, -ELBO=1.7407, Potential Metric=0.0009, Entropy Metric=0.0079]

Epoch 4:  31%|███▏      | 5/16 [00:00<00:00, 11.58it/s][A
Training Epochs:   2%|▏         | 4/200 [00:06<04:44,  1.45s/it, -ELBO=1.7646, Potential Metric=0.0011, Entropy Metric=0.0084]
Training Epochs:   2%|▏         | 4/200 [00:06<04:44,  1.45s/it, -ELBO=1.7711, Potential Metric=0.0010, Entropy Metric=0.0082]

Epoch 4:  44%|████▍     | 7/16 [00:00<00:00, 11.77it/s][A
Training Epochs:   2%|▏         | 4/200 [00:07<04:44,  1.45s/it, -ELBO=1.7958, Potential Metric=0.0011, Entropy Metric=0.0079]
Training Epochs:   2%|▏         | 4/200 [00:07<04:44,  1.45s/it, -ELBO=1.7641, Potential Metric=0.0012, Entropy Metric=0.0083]

Epoch 4:  56%|█████▋    | 9/16 [00:00<00:00, 11.89it/s][A
Training Epochs:   2%|▏         | 4/200 [00:07<04:44,  1.45s/it, -ELBO=1.7705, Potential Metric=0.0014, Entropy Metric=0.0089]
Training Epochs:   2%|▏         | 4/200 [00:07<04:44,  1.45s/it, -ELBO=1.7557, Potential Metric=0.0016, Entropy Metric=0.0084]

Epoch 4:  69%|██████▉   | 11/16 [00:00<00:00, 11.80it/s][A
Training Epochs:   2%|▏         | 4/200 [00:07<04:44,  1.45s/it, -ELBO=1.7742, Potential Metric=0.0016, Entropy Metric=0.0082]
Training Epochs:   2%|▏         | 4/200 [00:07<04:44,  1.45s/it, -ELBO=1.7907, Potential Metric=0.0020, Entropy Metric=0.0080]

Epoch 4:  81%|████████▏ | 13/16 [00:01<00:00, 11.80it/s][A
Training Epochs:   2%|▏         | 4/200 [00:07<04:44,  1.45s/it, -ELBO=1.7858, Potential Metric=0.0020, Entropy Metric=0.0086]
Training Epochs:   2%|▏         | 4/200 [00:07<04:44,  1.45s/it, -ELBO=1.7486, Potential Metric=0.0025, Entropy Metric=0.0083]

Epoch 4:  94%|█████████▍| 15/16 [00:01<00:00, 11.88it/s][A
Training Epochs:   2%|▏         | 4/200 [00:07<04:44,  1.45s/it, -ELBO=1.7793, Potential Metric=0.0029, Entropy Metric=0.0085]

                                                        [A
Training Epochs:   2%|▎         | 5/200 [00:07<04:39,  1.43s/it, -ELBO=1.7793, Potential Metric=0.0029, Entropy Metric=0.0085]

Epoch 5:   0%|          | 0/16 [00:00<?, ?it/s][A
Training Epochs:   2%|▎         | 5/200 [00:07<04:39,  1.43s/it, -ELBO=1.7550, Potential Metric=0.0030, Entropy Metric=0.0085]

Epoch 5:   6%|▋         | 1/16 [00:00<00:01,  8.57it/s][A
Training Epochs:   2%|▎         | 5/200 [00:07<04:39,  1.43s/it, -ELBO=1.7772, Potential Metric=0.0038, Entropy Metric=0.0091]
Training Epochs:   2%|▎         | 5/200 [00:07<04:39,  1.43s/it, -ELBO=1.7939, Potential Metric=0.0034, Entropy Metric=0.0086]

Epoch 5:  19%|█▉        | 3/16 [00:00<00:01, 10.99it/s][A
Training Epochs:   2%|▎         | 5/200 [00:08<04:39,  1.43s/it, -ELBO=1.7635, Potential Metric=0.0034, Entropy Metric=0.0092]
Training Epochs:   2%|▎         | 5/200 [00:08<04:39,  1.43s/it, -ELBO=1.8057, Potential Metric=0.0039, Entropy Metric=0.0090]

Epoch 5:  31%|███▏      | 5/16 [00:00<00:00, 11.33it/s][A
Training Epochs:   2%|▎         | 5/200 [00:08<04:39,  1.43s/it, -ELBO=1.7383, Potential Metric=0.0035, Entropy Metric=0.0086]
Training Epochs:   2%|▎         | 5/200 [00:08<04:39,  1.43s/it, -ELBO=1.7033, Potential Metric=0.0035, Entropy Metric=0.0082]

Epoch 5:  44%|████▍     | 7/16 [00:00<00:00, 11.35it/s][A
Training Epochs:   2%|▎         | 5/200 [00:08<04:39,  1.43s/it, -ELBO=1.7366, Potential Metric=0.0054, Entropy Metric=0.0090]
Training Epochs:   2%|▎         | 5/200 [00:08<04:39,  1.43s/it, -ELBO=1.7489, Potential Metric=0.0059, Entropy Metric=0.0093]

Epoch 5:  56%|█████▋    | 9/16 [00:00<00:00, 11.28it/s][A
Training Epochs:   2%|▎         | 5/200 [00:08<04:39,  1.43s/it, -ELBO=1.7452, Potential Metric=0.0069, Entropy Metric=0.0091]
Training Epochs:   2%|▎         | 5/200 [00:08<04:39,  1.43s/it, -ELBO=1.7510, Potential Metric=0.0074, Entropy Metric=0.0091]

Epoch 5:  69%|██████▉   | 11/16 [00:00<00:00, 11.09it/s][A
Training Epochs:   2%|▎         | 5/200 [00:08<04:39,  1.43s/it, -ELBO=1.8009, Potential Metric=0.0071, Entropy Metric=0.0093]
Training Epochs:   2%|▎         | 5/200 [00:08<04:39,  1.43s/it, -ELBO=1.7474, Potential Metric=0.0088, Entropy Metric=0.0096]

Epoch 5:  81%|████████▏ | 13/16 [00:01<00:00, 11.01it/s][A
Training Epochs:   2%|▎         | 5/200 [00:08<04:39,  1.43s/it, -ELBO=1.7317, Potential Metric=0.0087, Entropy Metric=0.0093]
Training Epochs:   2%|▎         | 5/200 [00:09<04:39,  1.43s/it, -ELBO=1.7726, Potential Metric=0.0102, Entropy Metric=0.0104]

Epoch 5:  94%|█████████▍| 15/16 [00:01<00:00, 11.00it/s][A
Training Epochs:   2%|▎         | 5/200 [00:09<04:39,  1.43s/it, -ELBO=1.7624, Potential Metric=0.0104, Entropy Metric=0.0107]

                                                        [A
Training Epochs:   3%|▎         | 6/200 [00:09<04:41,  1.45s/it, -ELBO=1.7624, Potential Metric=0.0104, Entropy Metric=0.0107]

Epoch 6:   0%|          | 0/16 [00:00<?, ?it/s][A
Training Epochs:   3%|▎         | 6/200 [00:09<04:41,  1.45s/it, -ELBO=1.7176, Potential Metric=0.0116, Entropy Metric=0.0101]

Epoch 6:   6%|▋         | 1/16 [00:00<00:01,  8.61it/s][A
Training Epochs:   3%|▎         | 6/200 [00:09<04:41,  1.45s/it, -ELBO=1.7531, Potential Metric=0.0112, Entropy Metric=0.0103]
Training Epochs:   3%|▎         | 6/200 [00:09<04:41,  1.45s/it, -ELBO=1.7504, Potential Metric=0.0141, Entropy Metric=0.0109]

Epoch 6:  19%|█▉        | 3/16 [00:00<00:01, 10.25it/s][A
Training Epochs:   3%|▎         | 6/200 [00:09<04:41,  1.45s/it, -ELBO=1.7402, Potential Metric=0.0126, Entropy Metric=0.0107]
Training Epochs:   3%|▎         | 6/200 [00:09<04:41,  1.45s/it, -ELBO=1.7644, Potential Metric=0.0197, Entropy Metric=0.0118]

Epoch 6:  31%|███▏      | 5/16 [00:00<00:01, 10.70it/s][A
Training Epochs:   3%|▎         | 6/200 [00:09<04:41,  1.45s/it, -ELBO=1.8011, Potential Metric=0.0172, Entropy Metric=0.0118]
Training Epochs:   3%|▎         | 6/200 [00:09<04:41,  1.45s/it, -ELBO=1.6958, Potential Metric=0.0147, Entropy Metric=0.0116]

Epoch 6:  44%|████▍     | 7/16 [00:00<00:00, 10.44it/s][A
Training Epochs:   3%|▎         | 6/200 [00:09<04:41,  1.45s/it, -ELBO=1.7234, Potential Metric=0.0180, Entropy Metric=0.0117]
Training Epochs:   3%|▎         | 6/200 [00:10<04:41,  1.45s/it, -ELBO=1.7671, Potential Metric=0.0195, Entropy Metric=0.0120]

Epoch 6:  56%|█████▋    | 9/16 [00:00<00:00, 10.23it/s][A
Training Epochs:   3%|▎         | 6/200 [00:10<04:41,  1.45s/it, -ELBO=1.7776, Potential Metric=0.0223, Entropy Metric=0.0127]
Training Epochs:   3%|▎         | 6/200 [00:10<04:41,  1.45s/it, -ELBO=1.7607, Potential Metric=0.0199, Entropy Metric=0.0123]

Epoch 6:  69%|██████▉   | 11/16 [00:01<00:00, 10.17it/s][A
Training Epochs:   3%|▎         | 6/200 [00:10<04:41,  1.45s/it, -ELBO=1.7766, Potential Metric=0.0220, Entropy Metric=0.0122]
Training Epochs:   3%|▎         | 6/200 [00:10<04:41,  1.45s/it, -ELBO=1.7618, Potential Metric=0.0211, Entropy Metric=0.0120]

Epoch 6:  81%|████████▏ | 13/16 [00:01<00:00,  9.78it/s][A
Training Epochs:   3%|▎         | 6/200 [00:10<04:41,  1.45s/it, -ELBO=1.7166, Potential Metric=0.0181, Entropy Metric=0.0119]

Epoch 6:  88%|████████▊ | 14/16 [00:01<00:00,  9.68it/s][A
Training Epochs:   3%|▎         | 6/200 [00:10<04:41,  1.45s/it, -ELBO=1.7714, Potential Metric=0.0211, Entropy Metric=0.0121]

Epoch 6:  94%|█████████▍| 15/16 [00:01<00:00,  9.59it/s][A
Training Epochs:   3%|▎         | 6/200 [00:10<04:41,  1.45s/it, -ELBO=1.7047, Potential Metric=0.0199, Entropy Metric=0.0119]

Epoch 6: 100%|██████████| 16/16 [00:01<00:00,  9.08it/s][A

                                                        [A
Training Epochs:   4%|▎         | 7/200 [00:10<04:53,  1.52s/it, -ELBO=1.7047, Potential Metric=0.0199, Entropy Metric=0.0119]

Epoch 7:   0%|          | 0/16 [00:00<?, ?it/s][A
Training Epochs:   4%|▎         | 7/200 [00:11<04:53,  1.52s/it, -ELBO=1.7684, Potential Metric=0.0267, Entropy Metric=0.0130]

Epoch 7:   6%|▋         | 1/16 [00:00<00:02,  6.73it/s][A
Training Epochs:   4%|▎         | 7/200 [00:11<04:53,  1.52s/it, -ELBO=1.7415, Potential Metric=0.0312, Entropy Metric=0.0128]

Epoch 7:  12%|█▎        | 2/16 [00:00<00:01,  7.78it/s][A
Training Epochs:   4%|▎         | 7/200 [00:11<04:53,  1.52s/it, -ELBO=1.7696, Potential Metric=0.0335, Entropy Metric=0.0135]

Epoch 7:  19%|█▉        | 3/16 [00:00<00:01,  7.85it/s][A
Training Epochs:   4%|▎         | 7/200 [00:11<04:53,  1.52s/it, -ELBO=1.7148, Potential Metric=0.0287, Entropy Metric=0.0128]

Epoch 7:  25%|██▌       | 4/16 [00:00<00:01,  7.61it/s][A
Training Epochs:   4%|▎         | 7/200 [00:11<04:53,  1.52s/it, -ELBO=1.7026, Potential Metric=0.0323, Entropy Metric=0.0135]

Epoch 7:  31%|███▏      | 5/16 [00:00<00:01,  7.47it/s][A
Training Epochs:   4%|▎         | 7/200 [00:11<04:53,  1.52s/it, -ELBO=1.6867, Potential Metric=0.0336, Entropy Metric=0.0135]

Epoch 7:  38%|███▊      | 6/16 [00:00<00:01,  7.37it/s][A
Training Epochs:   4%|▎         | 7/200 [00:11<04:53,  1.52s/it, -ELBO=1.7252, Potential Metric=0.0440, Entropy Metric=0.0142]

Epoch 7:  44%|████▍     | 7/16 [00:00<00:01,  7.03it/s][A
Training Epochs:   4%|▎         | 7/200 [00:11<04:53,  1.52s/it, -ELBO=1.7749, Potential Metric=0.0428, Entropy Metric=0.0138]

Epoch 7:  50%|█████     | 8/16 [00:01<00:01,  6.98it/s][A
Training Epochs:   4%|▎         | 7/200 [00:12<04:53,  1.52s/it, -ELBO=1.7668, Potential Metric=0.0527, Entropy Metric=0.0141]

Epoch 7:  56%|█████▋    | 9/16 [00:01<00:00,  7.20it/s][A
Training Epochs:   4%|▎         | 7/200 [00:12<04:53,  1.52s/it, -ELBO=1.7514, Potential Metric=0.0498, Entropy Metric=0.0132]

Epoch 7:  62%|██████▎   | 10/16 [00:01<00:00,  6.42it/s][A
Training Epochs:   4%|▎         | 7/200 [00:12<04:53,  1.52s/it, -ELBO=1.7234, Potential Metric=0.0446, Entropy Metric=0.0127]

Epoch 7:  69%|██████▉   | 11/16 [00:01<00:00,  5.99it/s][A
Training Epochs:   4%|▎         | 7/200 [00:12<04:53,  1.52s/it, -ELBO=1.7551, Potential Metric=0.0573, Entropy Metric=0.0129]

Epoch 7:  75%|███████▌  | 12/16 [00:01<00:00,  5.81it/s][A
Training Epochs:   4%|▎         | 7/200 [00:12<04:53,  1.52s/it, -ELBO=1.7246, Potential Metric=0.0595, Entropy Metric=0.0136]

Epoch 7:  81%|████████▏ | 13/16 [00:01<00:00,  5.61it/s][A
Training Epochs:   4%|▎         | 7/200 [00:13<04:53,  1.52s/it, -ELBO=1.7587, Potential Metric=0.0631, Entropy Metric=0.0150]

Epoch 7:  88%|████████▊ | 14/16 [00:02<00:00,  5.58it/s][A
Training Epochs:   4%|▎         | 7/200 [00:13<04:53,  1.52s/it, -ELBO=1.7271, Potential Metric=0.0599, Entropy Metric=0.0132]

Epoch 7:  94%|█████████▍| 15/16 [00:02<00:00,  5.43it/s][A
Training Epochs:   4%|▎         | 7/200 [00:13<04:53,  1.52s/it, -ELBO=1.7453, Potential Metric=0.0716, Entropy Metric=0.0140]

Epoch 7: 100%|██████████| 16/16 [00:02<00:00,  5.58it/s][A

                                                        [A
Training Epochs:   4%|▍         | 8/200 [00:13<05:56,  1.86s/it, -ELBO=1.7453, Potential Metric=0.0716, Entropy Metric=0.0140]

Epoch 8:   0%|          | 0/16 [00:00<?, ?it/s][A
Training Epochs:   4%|▍         | 8/200 [00:13<05:56,  1.86s/it, -ELBO=1.7418, Potential Metric=0.0642, Entropy Metric=0.0137]

Epoch 8:   6%|▋         | 1/16 [00:00<00:02,  5.52it/s][A
Training Epochs:   4%|▍         | 8/200 [00:13<05:56,  1.86s/it, -ELBO=1.7605, Potential Metric=0.0776, Entropy Metric=0.0143]

Epoch 8:  12%|█▎        | 2/16 [00:00<00:02,  5.69it/s][A
Training Epochs:   4%|▍         | 8/200 [00:13<05:56,  1.86s/it, -ELBO=1.7280, Potential Metric=0.0665, Entropy Metric=0.0141]

Epoch 8:  19%|█▉        | 3/16 [00:00<00:02,  5.86it/s][A
Training Epochs:   4%|▍         | 8/200 [00:14<05:56,  1.86s/it, -ELBO=1.7069, Potential Metric=0.0671, Entropy Metric=0.0141]

Epoch 8:  25%|██▌       | 4/16 [00:00<00:02,  5.48it/s][A
Training Epochs:   4%|▍         | 8/200 [00:14<05:56,  1.86s/it, -ELBO=1.7390, Potential Metric=0.0615, Entropy Metric=0.0151]

Epoch 8:  31%|███▏      | 5/16 [00:00<00:02,  5.41it/s][A
Training Epochs:   4%|▍         | 8/200 [00:14<05:56,  1.86s/it, -ELBO=1.7556, Potential Metric=0.0631, Entropy Metric=0.0156]

Epoch 8:  38%|███▊      | 6/16 [00:01<00:01,  5.41it/s][A
Training Epochs:   4%|▍         | 8/200 [00:14<05:56,  1.86s/it, -ELBO=1.6950, Potential Metric=0.0572, Entropy Metric=0.0159]

Epoch 8:  44%|████▍     | 7/16 [00:01<00:01,  5.39it/s][A
Training Epochs:   4%|▍         | 8/200 [00:14<05:56,  1.86s/it, -ELBO=1.7172, Potential Metric=0.0669, Entropy Metric=0.0152]

Epoch 8:  50%|█████     | 8/16 [00:01<00:01,  5.21it/s][A
Training Epochs:   4%|▍         | 8/200 [00:15<05:56,  1.86s/it, -ELBO=1.7112, Potential Metric=0.0702, Entropy Metric=0.0156]

Epoch 8:  56%|█████▋    | 9/16 [00:01<00:01,  5.08it/s][A
Training Epochs:   4%|▍         | 8/200 [00:15<05:56,  1.86s/it, -ELBO=1.7194, Potential Metric=0.0671, Entropy Metric=0.0154]

Epoch 8:  62%|██████▎   | 10/16 [00:01<00:01,  5.09it/s][A
Training Epochs:   4%|▍         | 8/200 [00:15<05:56,  1.86s/it, -ELBO=1.7384, Potential Metric=0.0710, Entropy Metric=0.0156]

Epoch 8:  69%|██████▉   | 11/16 [00:02<00:01,  4.80it/s][A
Training Epochs:   4%|▍         | 8/200 [00:15<05:56,  1.86s/it, -ELBO=1.7270, Potential Metric=0.0690, Entropy Metric=0.0169]

Epoch 8:  75%|███████▌  | 12/16 [00:02<00:00,  4.87it/s][A
Training Epochs:   4%|▍         | 8/200 [00:15<05:56,  1.86s/it, -ELBO=1.7408, Potential Metric=0.0698, Entropy Metric=0.0163]

Epoch 8:  81%|████████▏ | 13/16 [00:02<00:00,  4.80it/s][A
Training Epochs:   4%|▍         | 8/200 [00:16<05:56,  1.86s/it, -ELBO=1.7666, Potential Metric=0.0731, Entropy Metric=0.0177]

Epoch 8:  88%|████████▊ | 14/16 [00:02<00:00,  4.63it/s][A
Training Epochs:   4%|▍         | 8/200 [00:16<05:56,  1.86s/it, -ELBO=1.7425, Potential Metric=0.0695, Entropy Metric=0.0161]

Epoch 8:  94%|█████████▍| 15/16 [00:02<00:00,  4.72it/s][A
Training Epochs:   4%|▍         | 8/200 [00:16<05:56,  1.86s/it, -ELBO=1.7169, Potential Metric=0.0583, Entropy Metric=0.0167]

Epoch 8: 100%|██████████| 16/16 [00:03<00:00,  4.74it/s][A

                                                        [A
Training Epochs:   4%|▍         | 9/200 [00:16<07:15,  2.28s/it, -ELBO=1.7169, Potential Metric=0.0583, Entropy Metric=0.0167]

Epoch 9:   0%|          | 0/16 [00:00<?, ?it/s][A
Training Epochs:   4%|▍         | 9/200 [00:16<07:15,  2.28s/it, -ELBO=1.7206, Potential Metric=0.0664, Entropy Metric=0.0167]

Epoch 9:   6%|▋         | 1/16 [00:00<00:03,  3.96it/s][A
Training Epochs:   4%|▍         | 9/200 [00:17<07:15,  2.28s/it, -ELBO=1.7117, Potential Metric=0.0638, Entropy Metric=0.0170]

Epoch 9:  12%|█▎        | 2/16 [00:00<00:03,  4.52it/s][A
Training Epochs:   4%|▍         | 9/200 [00:17<07:15,  2.28s/it, -ELBO=1.7437, Potential Metric=0.0818, Entropy Metric=0.0192]

Epoch 9:  19%|█▉        | 3/16 [00:00<00:02,  4.64it/s][A
Training Epochs:   4%|▍         | 9/200 [00:17<07:15,  2.28s/it, -ELBO=1.7358, Potential Metric=0.0753, Entropy Metric=0.0182]

Epoch 9:  25%|██▌       | 4/16 [00:00<00:02,  4.48it/s][A
Training Epochs:   4%|▍         | 9/200 [00:17<07:15,  2.28s/it, -ELBO=1.7272, Potential Metric=0.0736, Entropy Metric=0.0192]

Epoch 9:  31%|███▏      | 5/16 [00:01<00:02,  4.49it/s][A
Training Epochs:   4%|▍         | 9/200 [00:17<07:15,  2.28s/it, -ELBO=1.7400, Potential Metric=0.0738, Entropy Metric=0.0181]

Epoch 9:  38%|███▊      | 6/16 [00:01<00:02,  4.54it/s][A
Training Epochs:   4%|▍         | 9/200 [00:18<07:15,  2.28s/it, -ELBO=1.7451, Potential Metric=0.0775, Entropy Metric=0.0198]

Epoch 9:  44%|████▍     | 7/16 [00:01<00:01,  4.53it/s][A
Training Epochs:   4%|▍         | 9/200 [00:18<07:15,  2.28s/it, -ELBO=1.6844, Potential Metric=0.0678, Entropy Metric=0.0188]

Epoch 9:  50%|█████     | 8/16 [00:01<00:01,  4.51it/s][A
Training Epochs:   4%|▍         | 9/200 [00:18<07:15,  2.28s/it, -ELBO=1.7255, Potential Metric=0.0709, Entropy Metric=0.0194]

Epoch 9:  56%|█████▋    | 9/16 [00:02<00:01,  4.44it/s][A
Training Epochs:   4%|▍         | 9/200 [00:18<07:15,  2.28s/it, -ELBO=1.7253, Potential Metric=0.0854, Entropy Metric=0.0204]

Epoch 9:  62%|██████▎   | 10/16 [00:02<00:01,  4.46it/s][A
Training Epochs:   4%|▍         | 9/200 [00:19<07:15,  2.28s/it, -ELBO=1.7492, Potential Metric=0.0715, Entropy Metric=0.0192]

Epoch 9:  69%|██████▉   | 11/16 [00:02<00:01,  4.39it/s][A
Training Epochs:   4%|▍         | 9/200 [00:19<07:15,  2.28s/it, -ELBO=1.6788, Potential Metric=0.0756, Entropy Metric=0.0193]

Epoch 9:  75%|███████▌  | 12/16 [00:02<00:00,  4.32it/s][A
Training Epochs:   4%|▍         | 9/200 [00:19<07:15,  2.28s/it, -ELBO=1.7113, Potential Metric=0.0780, Entropy Metric=0.0195]

Epoch 9:  81%|████████▏ | 13/16 [00:02<00:00,  4.48it/s][A
Training Epochs:   4%|▍         | 9/200 [00:19<07:15,  2.28s/it, -ELBO=1.7232, Potential Metric=0.0752, Entropy Metric=0.0210]

Epoch 9:  88%|████████▊ | 14/16 [00:03<00:00,  4.52it/s][A
Training Epochs:   4%|▍         | 9/200 [00:20<07:15,  2.28s/it, -ELBO=1.6717, Potential Metric=0.0799, Entropy Metric=0.0212]

Epoch 9:  94%|█████████▍| 15/16 [00:03<00:00,  4.33it/s][A
Training Epochs:   4%|▍         | 9/200 [00:20<07:15,  2.28s/it, -ELBO=1.7336, Potential Metric=0.0751, Entropy Metric=0.0199]

Epoch 9: 100%|██████████| 16/16 [00:03<00:00,  4.42it/s][A

                                                        [A
Training Epochs:   5%|▌         | 10/200 [00:20<08:32,  2.70s/it, -ELBO=1.7336, Potential Metric=0.0751, Entropy Metric=0.0199]

Epoch 10:   0%|          | 0/16 [00:00<?, ?it/s][A
Training Epochs:   5%|▌         | 10/200 [00:20<08:32,  2.70s/it, -ELBO=1.7279, Potential Metric=0.0728, Entropy Metric=0.0194]

Epoch 10:   6%|▋         | 1/16 [00:00<00:03,  4.25it/s][A
Training Epochs:   5%|▌         | 10/200 [00:20<08:32,  2.70s/it, -ELBO=1.7029, Potential Metric=0.0717, Entropy Metric=0.0191]

Epoch 10:  12%|█▎        | 2/16 [00:00<00:03,  4.22it/s][A
Training Epochs:   5%|▌         | 10/200 [00:20<08:32,  2.70s/it, -ELBO=1.6852, Potential Metric=0.0723, Entropy Metric=0.0193]

Epoch 10:  19%|█▉        | 3/16 [00:00<00:02,  4.38it/s][A
Training Epochs:   5%|▌         | 10/200 [00:21<08:32,  2.70s/it, -ELBO=1.6927, Potential Metric=0.0809, Entropy Metric=0.0203]

Epoch 10:  25%|██▌       | 4/16 [00:00<00:02,  4.27it/s][A
Training Epochs:   5%|▌         | 10/200 [00:21<08:32,  2.70s/it, -ELBO=1.6914, Potential Metric=0.0772, Entropy Metric=0.0196]

Epoch 10:  31%|███▏      | 5/16 [00:01<00:02,  4.26it/s][A
Training Epochs:   5%|▌         | 10/200 [00:21<08:32,  2.70s/it, -ELBO=1.7362, Potential Metric=0.0894, Entropy Metric=0.0209]

Epoch 10:  38%|███▊      | 6/16 [00:01<00:02,  4.13it/s][A
Training Epochs:   5%|▌         | 10/200 [00:21<08:32,  2.70s/it, -ELBO=1.7474, Potential Metric=0.0865, Entropy Metric=0.0195]

Epoch 10:  44%|████▍     | 7/16 [00:01<00:02,  4.13it/s][A
Training Epochs:   5%|▌         | 10/200 [00:22<08:32,  2.70s/it, -ELBO=1.7108, Potential Metric=0.0826, Entropy Metric=0.0202]

Epoch 10:  50%|█████     | 8/16 [00:01<00:01,  4.13it/s][A
Training Epochs:   5%|▌         | 10/200 [00:22<08:32,  2.70s/it, -ELBO=1.7083, Potential Metric=0.0813, Entropy Metric=0.0202]

Epoch 10:  56%|█████▋    | 9/16 [00:02<00:01,  4.04it/s][A
Training Epochs:   5%|▌         | 10/200 [00:22<08:32,  2.70s/it, -ELBO=1.7214, Potential Metric=0.0744, Entropy Metric=0.0198]

Epoch 10:  62%|██████▎   | 10/16 [00:02<00:01,  4.04it/s][A
Training Epochs:   5%|▌         | 10/200 [00:23<08:32,  2.70s/it, -ELBO=1.6813, Potential Metric=0.0827, Entropy Metric=0.0204]

Epoch 10:  69%|██████▉   | 11/16 [00:02<00:01,  3.78it/s][A
Training Epochs:   5%|▌         | 10/200 [00:23<08:32,  2.70s/it, -ELBO=1.7387, Potential Metric=0.0855, Entropy Metric=0.0209]

Epoch 10:  75%|███████▌  | 12/16 [00:02<00:01,  3.73it/s][A
Training Epochs:   5%|▌         | 10/200 [00:23<08:32,  2.70s/it, -ELBO=1.7197, Potential Metric=0.0804, Entropy Metric=0.0214]

Epoch 10:  81%|████████▏ | 13/16 [00:03<00:00,  3.65it/s][A
Training Epochs:   5%|▌         | 10/200 [00:23<08:32,  2.70s/it, -ELBO=1.7211, Potential Metric=0.0800, Entropy Metric=0.0206]

Epoch 10:  88%|████████▊ | 14/16 [00:03<00:00,  3.93it/s][A
Training Epochs:   5%|▌         | 10/200 [00:24<08:32,  2.70s/it, -ELBO=1.7009, Potential Metric=0.0784, Entropy Metric=0.0206]

Epoch 10:  94%|█████████▍| 15/16 [00:03<00:00,  4.00it/s][A
Training Epochs:   5%|▌         | 10/200 [00:24<08:32,  2.70s/it, -ELBO=1.7003, Potential Metric=0.0767, Entropy Metric=0.0222]

Epoch 10: 100%|██████████| 16/16 [00:03<00:00,  4.09it/s][A

                                                         [A
Training Epochs:   6%|▌         | 11/200 [00:24<09:46,  3.10s/it, -ELBO=1.7003, Potential Metric=0.0767, Entropy Metric=0.0222]

Epoch 11:   0%|          | 0/16 [00:00<?, ?it/s][A
Training Epochs:   6%|▌         | 11/200 [00:24<09:46,  3.10s/it, -ELBO=1.6761, Potential Metric=0.0832, Entropy Metric=0.0216]

Epoch 11:   6%|▋         | 1/16 [00:00<00:04,  3.45it/s][A
Training Epochs:   6%|▌         | 11/200 [00:24<09:46,  3.10s/it, -ELBO=1.7024, Potential Metric=0.0773, Entropy Metric=0.0196]

Epoch 11:  12%|█▎        | 2/16 [00:00<00:03,  3.66it/s][A
Training Epochs:   6%|▌         | 11/200 [00:25<09:46,  3.10s/it, -ELBO=1.7404, Potential Metric=0.0797, Entropy Metric=0.0205]

Epoch 11:  19%|█▉        | 3/16 [00:00<00:03,  3.57it/s][A
Training Epochs:   6%|▌         | 11/200 [00:25<09:46,  3.10s/it, -ELBO=1.6962, Potential Metric=0.0723, Entropy Metric=0.0209]

Epoch 11:  25%|██▌       | 4/16 [00:01<00:03,  3.51it/s][A
Training Epochs:   6%|▌         | 11/200 [00:25<09:46,  3.10s/it, -ELBO=1.7090, Potential Metric=0.0692, Entropy Metric=0.0205]

Epoch 11:  31%|███▏      | 5/16 [00:01<00:03,  3.43it/s][A
Training Epochs:   6%|▌         | 11/200 [00:26<09:46,  3.10s/it, -ELBO=1.7607, Potential Metric=0.0780, Entropy Metric=0.0197]

Epoch 11:  38%|███▊      | 6/16 [00:01<00:02,  3.41it/s][A
Training Epochs:   6%|▌         | 11/200 [00:26<09:46,  3.10s/it, -ELBO=1.6599, Potential Metric=0.0735, Entropy Metric=0.0220]

Epoch 11:  44%|████▍     | 7/16 [00:01<00:02,  3.58it/s][A
Training Epochs:   6%|▌         | 11/200 [00:26<09:46,  3.10s/it, -ELBO=1.7040, Potential Metric=0.0771, Entropy Metric=0.0208]

Epoch 11:  50%|█████     | 8/16 [00:02<00:02,  3.66it/s][A
Training Epochs:   6%|▌         | 11/200 [00:26<09:46,  3.10s/it, -ELBO=1.7219, Potential Metric=0.0782, Entropy Metric=0.0204]

Epoch 11:  56%|█████▋    | 9/16 [00:02<00:01,  3.76it/s][A
Training Epochs:   6%|▌         | 11/200 [00:27<09:46,  3.10s/it, -ELBO=1.6987, Potential Metric=0.0787, Entropy Metric=0.0227]

Epoch 11:  62%|██████▎   | 10/16 [00:02<00:01,  3.83it/s][A
Training Epochs:   6%|▌         | 11/200 [00:27<09:46,  3.10s/it, -ELBO=1.6641, Potential Metric=0.0758, Entropy Metric=0.0225]

Epoch 11:  69%|██████▉   | 11/16 [00:02<00:01,  3.86it/s][A
Training Epochs:   6%|▌         | 11/200 [00:27<09:46,  3.10s/it, -ELBO=1.6931, Potential Metric=0.0863, Entropy Metric=0.0209]

Epoch 11:  75%|███████▌  | 12/16 [00:03<00:01,  3.95it/s][A
Training Epochs:   6%|▌         | 11/200 [00:27<09:46,  3.10s/it, -ELBO=1.7006, Potential Metric=0.0771, Entropy Metric=0.0206]

Epoch 11:  81%|████████▏ | 13/16 [00:03<00:00,  3.90it/s][A
Training Epochs:   6%|▌         | 11/200 [00:28<09:46,  3.10s/it, -ELBO=1.7420, Potential Metric=0.0827, Entropy Metric=0.0227]

Epoch 11:  88%|████████▊ | 14/16 [00:03<00:00,  3.90it/s][A
Training Epochs:   6%|▌         | 11/200 [00:28<09:46,  3.10s/it, -ELBO=1.6788, Potential Metric=0.0826, Entropy Metric=0.0228]

Epoch 11:  94%|█████████▍| 15/16 [00:04<00:00,  3.96it/s][A
Training Epochs:   6%|▌         | 11/200 [00:28<09:46,  3.10s/it, -ELBO=1.6921, Potential Metric=0.0857, Entropy Metric=0.0225]

Epoch 11: 100%|██████████| 16/16 [00:04<00:00,  3.82it/s][A

                                                         [A
Training Epochs:   6%|▌         | 12/200 [00:28<10:55,  3.49s/it, -ELBO=1.6921, Potential Metric=0.0857, Entropy Metric=0.0225]

Epoch 12:   0%|          | 0/16 [00:00<?, ?it/s][A
Training Epochs:   6%|▌         | 12/200 [00:28<10:55,  3.49s/it, -ELBO=1.7279, Potential Metric=0.0725, Entropy Metric=0.0212]

Epoch 12:   6%|▋         | 1/16 [00:00<00:04,  3.61it/s][A
Training Epochs:   6%|▌         | 12/200 [00:29<10:55,  3.49s/it, -ELBO=1.7152, Potential Metric=0.0683, Entropy Metric=0.0199]

Epoch 12:  12%|█▎        | 2/16 [00:00<00:03,  3.96it/s][A
Training Epochs:   6%|▌         | 12/200 [00:29<10:55,  3.49s/it, -ELBO=1.6849, Potential Metric=0.0646, Entropy Metric=0.0191]

Epoch 12:  19%|█▉        | 3/16 [00:00<00:03,  3.98it/s][A
Training Epochs:   6%|▌         | 12/200 [00:29<10:55,  3.49s/it, -ELBO=1.6935, Potential Metric=0.0697, Entropy Metric=0.0214]

Epoch 12:  25%|██▌       | 4/16 [00:00<00:02,  4.07it/s][A
Training Epochs:   6%|▌         | 12/200 [00:29<10:55,  3.49s/it, -ELBO=1.6576, Potential Metric=0.0765, Entropy Metric=0.0212]

Epoch 12:  31%|███▏      | 5/16 [00:01<00:02,  3.99it/s][A
Training Epochs:   6%|▌         | 12/200 [00:30<10:55,  3.49s/it, -ELBO=1.6701, Potential Metric=0.0709, Entropy Metric=0.0222]

Epoch 12:  38%|███▊      | 6/16 [00:01<00:02,  3.84it/s][A
Training Epochs:   6%|▌         | 12/200 [00:30<10:55,  3.49s/it, -ELBO=1.6481, Potential Metric=0.0651, Entropy Metric=0.0202]

Epoch 12:  44%|████▍     | 7/16 [00:01<00:02,  3.74it/s][A
Training Epochs:   6%|▌         | 12/200 [00:30<10:55,  3.49s/it, -ELBO=1.7062, Potential Metric=0.0650, Entropy Metric=0.0198]

Epoch 12:  50%|█████     | 8/16 [00:02<00:02,  3.77it/s][A
Training Epochs:   6%|▌         | 12/200 [00:31<10:55,  3.49s/it, -ELBO=1.7187, Potential Metric=0.0800, Entropy Metric=0.0223]

Epoch 12:  56%|█████▋    | 9/16 [00:02<00:01,  3.68it/s][A
Training Epochs:   6%|▌         | 12/200 [00:31<10:55,  3.49s/it, -ELBO=1.6837, Potential Metric=0.0636, Entropy Metric=0.0211]

Epoch 12:  62%|██████▎   | 10/16 [00:02<00:01,  3.49it/s][A
Training Epochs:   6%|▌         | 12/200 [00:31<10:55,  3.49s/it, -ELBO=1.7725, Potential Metric=0.0780, Entropy Metric=0.0207]

Epoch 12:  69%|██████▉   | 11/16 [00:02<00:01,  3.60it/s][A
Training Epochs:   6%|▌         | 12/200 [00:31<10:55,  3.49s/it, -ELBO=1.6620, Potential Metric=0.0732, Entropy Metric=0.0222]

Epoch 12:  75%|███████▌  | 12/16 [00:03<00:01,  3.80it/s][A
Training Epochs:   6%|▌         | 12/200 [00:32<10:55,  3.49s/it, -ELBO=1.6551, Potential Metric=0.0703, Entropy Metric=0.0226]

Epoch 12:  81%|████████▏ | 13/16 [00:03<00:00,  3.76it/s][A
Training Epochs:   6%|▌         | 12/200 [00:32<10:55,  3.49s/it, -ELBO=1.6947, Potential Metric=0.0781, Entropy Metric=0.0245]

Epoch 12:  88%|████████▊ | 14/16 [00:03<00:00,  3.71it/s][A
Training Epochs:   6%|▌         | 12/200 [00:32<10:55,  3.49s/it, -ELBO=1.6937, Potential Metric=0.0689, Entropy Metric=0.0234]

Epoch 12:  94%|█████████▍| 15/16 [00:03<00:00,  3.70it/s][A
Training Epochs:   6%|▌         | 12/200 [00:32<10:55,  3.49s/it, -ELBO=1.6927, Potential Metric=0.0647, Entropy Metric=0.0241]

Epoch 12: 100%|██████████| 16/16 [00:04<00:00,  3.71it/s][A

                                                         [A
Training Epochs:   6%|▋         | 13/200 [00:32<11:38,  3.73s/it, -ELBO=1.6927, Potential Metric=0.0647, Entropy Metric=0.0241]

Epoch 13:   0%|          | 0/16 [00:00<?, ?it/s][A
Training Epochs:   6%|▋         | 13/200 [00:33<11:38,  3.73s/it, -ELBO=1.6830, Potential Metric=0.0628, Entropy Metric=0.0219]

Epoch 13:   6%|▋         | 1/16 [00:00<00:04,  3.52it/s][A
Training Epochs:   6%|▋         | 13/200 [00:33<11:38,  3.73s/it, -ELBO=1.7131, Potential Metric=0.0706, Entropy Metric=0.0226]

Epoch 13:  12%|█▎        | 2/16 [00:00<00:04,  3.47it/s][A
Training Epochs:   6%|▋         | 13/200 [00:33<11:38,  3.73s/it, -ELBO=1.6091, Potential Metric=0.0641, Entropy Metric=0.0226]

Epoch 13:  19%|█▉        | 3/16 [00:00<00:03,  3.58it/s][A
Training Epochs:   6%|▋         | 13/200 [00:34<11:38,  3.73s/it, -ELBO=1.6595, Potential Metric=0.0648, Entropy Metric=0.0229]

Epoch 13:  25%|██▌       | 4/16 [00:01<00:03,  3.49it/s][A
Training Epochs:   6%|▋         | 13/200 [00:34<11:38,  3.73s/it, -ELBO=1.7138, Potential Metric=0.0760, Entropy Metric=0.0198]

Epoch 13:  31%|███▏      | 5/16 [00:01<00:03,  3.40it/s][A
Training Epochs:   6%|▋         | 13/200 [00:34<11:38,  3.73s/it, -ELBO=1.7407, Potential Metric=0.0782, Entropy Metric=0.0192]

Epoch 13:  38%|███▊      | 6/16 [00:01<00:02,  3.47it/s][A
Training Epochs:   6%|▋         | 13/200 [00:35<11:38,  3.73s/it, -ELBO=1.7104, Potential Metric=0.0741, Entropy Metric=0.0205]

Epoch 13:  44%|████▍     | 7/16 [00:02<00:02,  3.39it/s][A
Training Epochs:   6%|▋         | 13/200 [00:35<11:38,  3.73s/it, -ELBO=1.6636, Potential Metric=0.0704, Entropy Metric=0.0209]

Epoch 13:  50%|█████     | 8/16 [00:02<00:02,  3.40it/s][A
Training Epochs:   6%|▋         | 13/200 [00:35<11:38,  3.73s/it, -ELBO=1.6786, Potential Metric=0.0712, Entropy Metric=0.0206]

Epoch 13:  56%|█████▋    | 9/16 [00:02<00:02,  3.41it/s][A
Training Epochs:   6%|▋         | 13/200 [00:36<11:38,  3.73s/it, -ELBO=1.6835, Potential Metric=0.0696, Entropy Metric=0.0225]

Epoch 13:  62%|██████▎   | 10/16 [00:03<00:02,  2.98it/s][A
Training Epochs:   6%|▋         | 13/200 [00:36<11:38,  3.73s/it, -ELBO=1.6628, Potential Metric=0.0691, Entropy Metric=0.0236]

Epoch 13:  69%|██████▉   | 11/16 [00:03<00:01,  3.16it/s][A
Training Epochs:   6%|▋         | 13/200 [00:36<11:38,  3.73s/it, -ELBO=1.6943, Potential Metric=0.0769, Entropy Metric=0.0241]

Epoch 13:  75%|███████▌  | 12/16 [00:03<00:01,  3.26it/s][A
Training Epochs:   6%|▋         | 13/200 [00:36<11:38,  3.73s/it, -ELBO=1.6498, Potential Metric=0.0593, Entropy Metric=0.0239]

Epoch 13:  81%|████████▏ | 13/16 [00:03<00:00,  3.25it/s][A
Training Epochs:   6%|▋         | 13/200 [00:37<11:38,  3.73s/it, -ELBO=1.6968, Potential Metric=0.0695, Entropy Metric=0.0223]

Epoch 13:  88%|████████▊ | 14/16 [00:04<00:00,  3.27it/s][A
Training Epochs:   6%|▋         | 13/200 [00:37<11:38,  3.73s/it, -ELBO=1.6546, Potential Metric=0.0647, Entropy Metric=0.0234]

Epoch 13:  94%|█████████▍| 15/16 [00:04<00:00,  3.30it/s][A
Training Epochs:   6%|▋         | 13/200 [00:37<11:38,  3.73s/it, -ELBO=1.7393, Potential Metric=0.0728, Entropy Metric=0.0224]

Epoch 13: 100%|██████████| 16/16 [00:04<00:00,  3.34it/s][A

                                                         [A
Training Epochs:   7%|▋         | 14/200 [00:37<12:38,  4.08s/it, -ELBO=1.7393, Potential Metric=0.0728, Entropy Metric=0.0224]

Epoch 14:   0%|          | 0/16 [00:00<?, ?it/s][A
Training Epochs:   7%|▋         | 14/200 [00:38<12:38,  4.08s/it, -ELBO=1.6827, Potential Metric=0.0683, Entropy Metric=0.0205]

Epoch 14:   6%|▋         | 1/16 [00:00<00:04,  3.13it/s][A
Training Epochs:   7%|▋         | 14/200 [00:38<12:38,  4.08s/it, -ELBO=1.6715, Potential Metric=0.0624, Entropy Metric=0.0203]

Epoch 14:  12%|█▎        | 2/16 [00:00<00:04,  3.21it/s][A
Training Epochs:   7%|▋         | 14/200 [00:38<12:38,  4.08s/it, -ELBO=1.6780, Potential Metric=0.0683, Entropy Metric=0.0243]

Epoch 14:  19%|█▉        | 3/16 [00:00<00:04,  3.21it/s][A
Training Epochs:   7%|▋         | 14/200 [00:39<12:38,  4.08s/it, -ELBO=1.6889, Potential Metric=0.0658, Entropy Metric=0.0219]

Epoch 14:  25%|██▌       | 4/16 [00:01<00:03,  3.16it/s][A
Training Epochs:   7%|▋         | 14/200 [00:39<12:38,  4.08s/it, -ELBO=1.7080, Potential Metric=0.0624, Entropy Metric=0.0231]

Epoch 14:  31%|███▏      | 5/16 [00:01<00:03,  3.22it/s][A
Training Epochs:   7%|▋         | 14/200 [00:39<12:38,  4.08s/it, -ELBO=1.6728, Potential Metric=0.0616, Entropy Metric=0.0240]

Epoch 14:  38%|███▊      | 6/16 [00:01<00:03,  3.09it/s][A
Training Epochs:   7%|▋         | 14/200 [00:40<12:38,  4.08s/it, -ELBO=1.6652, Potential Metric=0.0569, Entropy Metric=0.0224]

Epoch 14:  44%|████▍     | 7/16 [00:02<00:03,  2.97it/s][A
Training Epochs:   7%|▋         | 14/200 [00:40<12:38,  4.08s/it, -ELBO=1.6791, Potential Metric=0.0657, Entropy Metric=0.0214]

Epoch 14:  50%|█████     | 8/16 [00:02<00:02,  2.91it/s][A
Training Epochs:   7%|▋         | 14/200 [00:40<12:38,  4.08s/it, -ELBO=1.6895, Potential Metric=0.0689, Entropy Metric=0.0209]

Epoch 14:  56%|█████▋    | 9/16 [00:02<00:02,  3.08it/s][A
Training Epochs:   7%|▋         | 14/200 [00:41<12:38,  4.08s/it, -ELBO=1.6595, Potential Metric=0.0657, Entropy Metric=0.0232]

Epoch 14:  62%|██████▎   | 10/16 [00:03<00:01,  3.07it/s][A
Training Epochs:   7%|▋         | 14/200 [00:41<12:38,  4.08s/it, -ELBO=1.6547, Potential Metric=0.0668, Entropy Metric=0.0230]

Epoch 14:  69%|██████▉   | 11/16 [00:03<00:01,  3.04it/s][A
Training Epochs:   7%|▋         | 14/200 [00:41<12:38,  4.08s/it, -ELBO=1.6797, Potential Metric=0.0673, Entropy Metric=0.0232]

Epoch 14:  75%|███████▌  | 12/16 [00:03<00:01,  3.13it/s][A
Training Epochs:   7%|▋         | 14/200 [00:42<12:38,  4.08s/it, -ELBO=1.6680, Potential Metric=0.0702, Entropy Metric=0.0237]

Epoch 14:  81%|████████▏ | 13/16 [00:04<00:00,  3.14it/s][A
Training Epochs:   7%|▋         | 14/200 [00:42<12:38,  4.08s/it, -ELBO=1.6609, Potential Metric=0.0741, Entropy Metric=0.0232]

Epoch 14:  88%|████████▊ | 14/16 [00:04<00:00,  3.10it/s][A
Training Epochs:   7%|▋         | 14/200 [00:42<12:38,  4.08s/it, -ELBO=1.6484, Potential Metric=0.0733, Entropy Metric=0.0239]

Epoch 14:  94%|█████████▍| 15/16 [00:04<00:00,  3.12it/s][A
Training Epochs:   7%|▋         | 14/200 [00:43<12:38,  4.08s/it, -ELBO=1.6759, Potential Metric=0.0639, Entropy Metric=0.0242]

Epoch 14: 100%|██████████| 16/16 [00:05<00:00,  3.03it/s][A

                                                         [A
Training Epochs:   8%|▊         | 15/200 [00:43<13:38,  4.42s/it, -ELBO=1.6759, Potential Metric=0.0639, Entropy Metric=0.0242]

Epoch 15:   0%|          | 0/16 [00:00<?, ?it/s][A
Training Epochs:   8%|▊         | 15/200 [00:43<13:38,  4.42s/it, -ELBO=1.6530, Potential Metric=0.0641, Entropy Metric=0.0222]

Epoch 15:   6%|▋         | 1/16 [00:00<00:05,  2.80it/s][A
Training Epochs:   8%|▊         | 15/200 [00:43<13:38,  4.42s/it, -ELBO=1.6422, Potential Metric=0.0561, Entropy Metric=0.0206]

Epoch 15:  12%|█▎        | 2/16 [00:00<00:04,  3.09it/s][A
Training Epochs:   8%|▊         | 15/200 [00:44<13:38,  4.42s/it, -ELBO=1.6915, Potential Metric=0.0684, Entropy Metric=0.0228]

Epoch 15:  19%|█▉        | 3/16 [00:00<00:04,  3.06it/s][A
Training Epochs:   8%|▊         | 15/200 [00:44<13:38,  4.42s/it, -ELBO=1.6549, Potential Metric=0.0587, Entropy Metric=0.0200]

Epoch 15:  25%|██▌       | 4/16 [00:01<00:03,  3.03it/s][A
Training Epochs:   8%|▊         | 15/200 [00:44<13:38,  4.42s/it, -ELBO=1.6463, Potential Metric=0.0612, Entropy Metric=0.0224]

Epoch 15:  31%|███▏      | 5/16 [00:01<00:03,  3.10it/s][A
Training Epochs:   8%|▊         | 15/200 [00:45<13:38,  4.42s/it, -ELBO=1.6485, Potential Metric=0.0660, Entropy Metric=0.0222]

Epoch 15:  38%|███▊      | 6/16 [00:01<00:03,  2.98it/s][A
Training Epochs:   8%|▊         | 15/200 [00:45<13:38,  4.42s/it, -ELBO=1.6849, Potential Metric=0.0746, Entropy Metric=0.0229]

Epoch 15:  44%|████▍     | 7/16 [00:02<00:03,  2.94it/s][A
Training Epochs:   8%|▊         | 15/200 [00:45<13:38,  4.42s/it, -ELBO=1.7075, Potential Metric=0.0794, Entropy Metric=0.0229]

Epoch 15:  50%|█████     | 8/16 [00:02<00:02,  3.00it/s][A
Training Epochs:   8%|▊         | 15/200 [00:46<13:38,  4.42s/it, -ELBO=1.6857, Potential Metric=0.0676, Entropy Metric=0.0210]

Epoch 15:  56%|█████▋    | 9/16 [00:03<00:02,  2.87it/s][A
Training Epochs:   8%|▊         | 15/200 [00:46<13:38,  4.42s/it, -ELBO=1.6560, Potential Metric=0.0612, Entropy Metric=0.0221]

Epoch 15:  62%|██████▎   | 10/16 [00:03<00:02,  2.90it/s][A
Training Epochs:   8%|▊         | 15/200 [00:46<13:38,  4.42s/it, -ELBO=1.6597, Potential Metric=0.0679, Entropy Metric=0.0212]

Epoch 15:  69%|██████▉   | 11/16 [00:03<00:01,  3.01it/s][A
Training Epochs:   8%|▊         | 15/200 [00:47<13:38,  4.42s/it, -ELBO=1.6357, Potential Metric=0.0615, Entropy Metric=0.0211]

Epoch 15:  75%|███████▌  | 12/16 [00:03<00:01,  3.05it/s][A
Training Epochs:   8%|▊         | 15/200 [00:47<13:38,  4.42s/it, -ELBO=1.6789, Potential Metric=0.0674, Entropy Metric=0.0233]

Epoch 15:  81%|████████▏ | 13/16 [00:04<00:00,  3.10it/s][A
Training Epochs:   8%|▊         | 15/200 [00:47<13:38,  4.42s/it, -ELBO=1.6318, Potential Metric=0.0634, Entropy Metric=0.0227]

Epoch 15:  88%|████████▊ | 14/16 [00:04<00:00,  3.10it/s][A
Training Epochs:   8%|▊         | 15/200 [00:48<13:38,  4.42s/it, -ELBO=1.6724, Potential Metric=0.0653, Entropy Metric=0.0235]

Epoch 15:  94%|█████████▍| 15/16 [00:04<00:00,  3.10it/s][A
Training Epochs:   8%|▊         | 15/200 [00:48<13:38,  4.42s/it, -ELBO=1.7228, Potential Metric=0.0694, Entropy Metric=0.0233]

Epoch 15: 100%|██████████| 16/16 [00:05<00:00,  3.10it/s][A

                                                         [A
Training Epochs:   8%|▊         | 16/200 [00:48<14:25,  4.71s/it, -ELBO=1.7228, Potential Metric=0.0694, Entropy Metric=0.0233]

Epoch 16:   0%|          | 0/16 [00:00<?, ?it/s][A
Training Epochs:   8%|▊         | 16/200 [00:48<14:25,  4.71s/it, -ELBO=1.6975, Potential Metric=0.0654, Entropy Metric=0.0218]

Epoch 16:   6%|▋         | 1/16 [00:00<00:05,  2.53it/s][A
Training Epochs:   8%|▊         | 16/200 [00:49<14:25,  4.71s/it, -ELBO=1.6475, Potential Metric=0.0635, Entropy Metric=0.0221]

Epoch 16:  12%|█▎        | 2/16 [00:00<00:05,  2.72it/s][A
Training Epochs:   8%|▊         | 16/200 [00:49<14:25,  4.71s/it, -ELBO=1.6981, Potential Metric=0.0706, Entropy Metric=0.0221]

Epoch 16:  19%|█▉        | 3/16 [00:01<00:04,  2.64it/s][A
Training Epochs:   8%|▊         | 16/200 [00:49<14:25,  4.71s/it, -ELBO=1.6745, Potential Metric=0.0643, Entropy Metric=0.0232]

Epoch 16:  25%|██▌       | 4/16 [00:01<00:04,  2.74it/s][A
Training Epochs:   8%|▊         | 16/200 [00:50<14:25,  4.71s/it, -ELBO=1.6295, Potential Metric=0.0637, Entropy Metric=0.0256]

Epoch 16:  31%|███▏      | 5/16 [00:01<00:04,  2.68it/s][A
Training Epochs:   8%|▊         | 16/200 [00:50<14:25,  4.71s/it, -ELBO=1.6419, Potential Metric=0.0689, Entropy Metric=0.0250]

Epoch 16:  38%|███▊      | 6/16 [00:02<00:03,  2.67it/s][A
Training Epochs:   8%|▊         | 16/200 [00:51<14:25,  4.71s/it, -ELBO=1.6206, Potential Metric=0.0708, Entropy Metric=0.0281]

Epoch 16:  44%|████▍     | 7/16 [00:02<00:03,  2.79it/s][A
Training Epochs:   8%|▊         | 16/200 [00:51<14:25,  4.71s/it, -ELBO=1.6621, Potential Metric=0.0758, Entropy Metric=0.0267]

Epoch 16:  50%|█████     | 8/16 [00:02<00:02,  2.85it/s][A
Training Epochs:   8%|▊         | 16/200 [00:51<14:25,  4.71s/it, -ELBO=1.7015, Potential Metric=0.0664, Entropy Metric=0.0254]

Epoch 16:  56%|█████▋    | 9/16 [00:03<00:02,  2.95it/s][A
Training Epochs:   8%|▊         | 16/200 [00:51<14:25,  4.71s/it, -ELBO=1.6260, Potential Metric=0.0760, Entropy Metric=0.0242]

Epoch 16:  62%|██████▎   | 10/16 [00:03<00:01,  3.04it/s][A
Training Epochs:   8%|▊         | 16/200 [00:52<14:25,  4.71s/it, -ELBO=1.6524, Potential Metric=0.0781, Entropy Metric=0.0254]

Epoch 16:  69%|██████▉   | 11/16 [00:03<00:01,  3.10it/s][A
Training Epochs:   8%|▊         | 16/200 [00:52<14:25,  4.71s/it, -ELBO=1.6434, Potential Metric=0.0684, Entropy Metric=0.0236]

Epoch 16:  75%|███████▌  | 12/16 [00:04<00:01,  3.03it/s][A
Training Epochs:   8%|▊         | 16/200 [00:52<14:25,  4.71s/it, -ELBO=1.6568, Potential Metric=0.0648, Entropy Metric=0.0246]

Epoch 16:  81%|████████▏ | 13/16 [00:04<00:01,  2.96it/s][A
Training Epochs:   8%|▊         | 16/200 [00:53<14:25,  4.71s/it, -ELBO=1.6953, Potential Metric=0.0782, Entropy Metric=0.0254]

Epoch 16:  88%|████████▊ | 14/16 [00:04<00:00,  2.84it/s][A
Training Epochs:   8%|▊         | 16/200 [00:53<14:25,  4.71s/it, -ELBO=1.6812, Potential Metric=0.0718, Entropy Metric=0.0259]

Epoch 16:  94%|█████████▍| 15/16 [00:05<00:00,  2.80it/s][A
Training Epochs:   8%|▊         | 16/200 [00:54<14:25,  4.71s/it, -ELBO=1.6436, Potential Metric=0.0701, Entropy Metric=0.0217]

Epoch 16: 100%|██████████| 16/16 [00:05<00:00,  2.90it/s][A

                                                         [A
Training Epochs:   8%|▊         | 17/200 [00:54<15:12,  4.99s/it, -ELBO=1.6436, Potential Metric=0.0701, Entropy Metric=0.0217]

Epoch 17:   0%|          | 0/16 [00:00<?, ?it/s][A
Training Epochs:   8%|▊         | 17/200 [00:54<15:12,  4.99s/it, -ELBO=1.6494, Potential Metric=0.0702, Entropy Metric=0.0226]

Epoch 17:   6%|▋         | 1/16 [00:00<00:05,  2.70it/s][A
Training Epochs:   8%|▊         | 17/200 [00:54<15:12,  4.99s/it, -ELBO=1.6578, Potential Metric=0.0792, Entropy Metric=0.0233]

Epoch 17:  12%|█▎        | 2/16 [00:00<00:04,  2.92it/s][A
Training Epochs:   8%|▊         | 17/200 [00:55<15:12,  4.99s/it, -ELBO=1.6508, Potential Metric=0.0694, Entropy Metric=0.0219]

Epoch 17:  19%|█▉        | 3/16 [00:01<00:04,  3.04it/s][A
Training Epochs:   8%|▊         | 17/200 [00:55<15:12,  4.99s/it, -ELBO=1.6273, Potential Metric=0.0739, Entropy Metric=0.0234]

Epoch 17:  25%|██▌       | 4/16 [00:01<00:04,  2.91it/s][A
Training Epochs:   8%|▊         | 17/200 [00:55<15:12,  4.99s/it, -ELBO=1.6397, Potential Metric=0.0698, Entropy Metric=0.0218]

Epoch 17:  31%|███▏      | 5/16 [00:01<00:03,  2.85it/s][A
Training Epochs:   8%|▊         | 17/200 [00:56<15:12,  4.99s/it, -ELBO=1.6862, Potential Metric=0.0666, Entropy Metric=0.0220]

Epoch 17:  38%|███▊      | 6/16 [00:02<00:03,  2.66it/s][A
Training Epochs:   8%|▊         | 17/200 [00:56<15:12,  4.99s/it, -ELBO=1.6472, Potential Metric=0.0779, Entropy Metric=0.0235]

Epoch 17:  44%|████▍     | 7/16 [00:02<00:03,  2.58it/s][A
Training Epochs:   8%|▊         | 17/200 [00:57<15:12,  4.99s/it, -ELBO=1.6271, Potential Metric=0.0722, Entropy Metric=0.0225]

Epoch 17:  50%|█████     | 8/16 [00:03<00:03,  2.45it/s][A
Training Epochs:   8%|▊         | 17/200 [00:57<15:12,  4.99s/it, -ELBO=1.6738, Potential Metric=0.0682, Entropy Metric=0.0237]

Epoch 17:  56%|█████▋    | 9/16 [00:03<00:02,  2.47it/s][A
Training Epochs:   8%|▊         | 17/200 [00:58<15:12,  4.99s/it, -ELBO=1.6702, Potential Metric=0.0831, Entropy Metric=0.0232]

Epoch 17:  62%|██████▎   | 10/16 [00:03<00:02,  2.34it/s][A
Training Epochs:   8%|▊         | 17/200 [00:58<15:12,  4.99s/it, -ELBO=1.6201, Potential Metric=0.0676, Entropy Metric=0.0225]

Epoch 17:  69%|██████▉   | 11/16 [00:04<00:02,  2.40it/s][A
Training Epochs:   8%|▊         | 17/200 [00:58<15:12,  4.99s/it, -ELBO=1.6195, Potential Metric=0.0726, Entropy Metric=0.0249]

Epoch 17:  75%|███████▌  | 12/16 [00:04<00:01,  2.49it/s][A
Training Epochs:   8%|▊         | 17/200 [00:59<15:12,  4.99s/it, -ELBO=1.6484, Potential Metric=0.0776, Entropy Metric=0.0234]

Epoch 17:  81%|████████▏ | 13/16 [00:05<00:01,  2.52it/s][A
Training Epochs:   8%|▊         | 17/200 [00:59<15:12,  4.99s/it, -ELBO=1.6875, Potential Metric=0.0707, Entropy Metric=0.0235]

Epoch 17:  88%|████████▊ | 14/16 [00:05<00:00,  2.54it/s][A
Training Epochs:   8%|▊         | 17/200 [00:59<15:12,  4.99s/it, -ELBO=1.6539, Potential Metric=0.0637, Entropy Metric=0.0227]

Epoch 17:  94%|█████████▍| 15/16 [00:05<00:00,  2.63it/s][A
Training Epochs:   8%|▊         | 17/200 [01:00<15:12,  4.99s/it, -ELBO=1.6479, Potential Metric=0.0654, Entropy Metric=0.0244]

Epoch 17: 100%|██████████| 16/16 [00:06<00:00,  2.65it/s][A

                                                         [A
Training Epochs:   9%|▉         | 18/200 [01:00<16:15,  5.36s/it, -ELBO=1.6479, Potential Metric=0.0654, Entropy Metric=0.0244]

Epoch 18:   0%|          | 0/16 [00:00<?, ?it/s][A
Training Epochs:   9%|▉         | 18/200 [01:00<16:15,  5.36s/it, -ELBO=1.6626, Potential Metric=0.0713, Entropy Metric=0.0256]

Epoch 18:   6%|▋         | 1/16 [00:00<00:05,  2.63it/s][A
Training Epochs:   9%|▉         | 18/200 [01:01<16:15,  5.36s/it, -ELBO=1.6716, Potential Metric=0.0618, Entropy Metric=0.0219]

Epoch 18:  12%|█▎        | 2/16 [00:00<00:05,  2.76it/s][A
Training Epochs:   9%|▉         | 18/200 [01:01<16:15,  5.36s/it, -ELBO=1.6145, Potential Metric=0.0694, Entropy Metric=0.0242]

Epoch 18:  19%|█▉        | 3/16 [00:01<00:04,  2.74it/s][A
Training Epochs:   9%|▉         | 18/200 [01:01<16:15,  5.36s/it, -ELBO=1.6319, Potential Metric=0.0675, Entropy Metric=0.0244]

Epoch 18:  25%|██▌       | 4/16 [00:01<00:04,  2.75it/s][A
Training Epochs:   9%|▉         | 18/200 [01:02<16:15,  5.36s/it, -ELBO=1.6433, Potential Metric=0.0660, Entropy Metric=0.0239]

Epoch 18:  31%|███▏      | 5/16 [00:01<00:03,  2.92it/s][A
Training Epochs:   9%|▉         | 18/200 [01:02<16:15,  5.36s/it, -ELBO=1.6489, Potential Metric=0.0741, Entropy Metric=0.0260]

Epoch 18:  38%|███▊      | 6/16 [00:02<00:03,  2.95it/s][A
Training Epochs:   9%|▉         | 18/200 [01:02<16:15,  5.36s/it, -ELBO=1.6841, Potential Metric=0.0739, Entropy Metric=0.0228]

Epoch 18:  44%|████▍     | 7/16 [00:02<00:03,  2.89it/s][A
Training Epochs:   9%|▉         | 18/200 [01:03<16:15,  5.36s/it, -ELBO=1.6524, Potential Metric=0.0699, Entropy Metric=0.0244]

Epoch 18:  50%|█████     | 8/16 [00:02<00:02,  2.97it/s][A
Training Epochs:   9%|▉         | 18/200 [01:03<16:15,  5.36s/it, -ELBO=1.6780, Potential Metric=0.0751, Entropy Metric=0.0224]

Epoch 18:  56%|█████▋    | 9/16 [00:03<00:02,  2.98it/s][A
Training Epochs:   9%|▉         | 18/200 [01:03<16:15,  5.36s/it, -ELBO=1.6296, Potential Metric=0.0691, Entropy Metric=0.0246]

Epoch 18:  62%|██████▎   | 10/16 [00:03<00:02,  2.76it/s][A
Training Epochs:   9%|▉         | 18/200 [01:04<16:15,  5.36s/it, -ELBO=1.6192, Potential Metric=0.0771, Entropy Metric=0.0252]

Epoch 18:  69%|██████▉   | 11/16 [00:03<00:01,  2.60it/s][A
Training Epochs:   9%|▉         | 18/200 [01:04<16:15,  5.36s/it, -ELBO=1.6128, Potential Metric=0.0804, Entropy Metric=0.0241]

Epoch 18:  75%|███████▌  | 12/16 [00:04<00:01,  2.59it/s][A
Training Epochs:   9%|▉         | 18/200 [01:05<16:15,  5.36s/it, -ELBO=1.6338, Potential Metric=0.0725, Entropy Metric=0.0229]

Epoch 18:  81%|████████▏ | 13/16 [00:04<00:01,  2.55it/s][A
Training Epochs:   9%|▉         | 18/200 [01:05<16:15,  5.36s/it, -ELBO=1.6168, Potential Metric=0.0744, Entropy Metric=0.0236]

Epoch 18:  88%|████████▊ | 14/16 [00:05<00:00,  2.47it/s][A
Training Epochs:   9%|▉         | 18/200 [01:05<16:15,  5.36s/it, -ELBO=1.6343, Potential Metric=0.0777, Entropy Metric=0.0252]

Epoch 18:  94%|█████████▍| 15/16 [00:05<00:00,  2.56it/s][A
Training Epochs:   9%|▉         | 18/200 [01:06<16:15,  5.36s/it, -ELBO=1.6466, Potential Metric=0.0682, Entropy Metric=0.0212]

Epoch 18: 100%|██████████| 16/16 [00:05<00:00,  2.60it/s][A

                                                         [A
Training Epochs:  10%|▉         | 19/200 [01:06<16:46,  5.56s/it, -ELBO=1.6466, Potential Metric=0.0682, Entropy Metric=0.0212]

Epoch 19:   0%|          | 0/16 [00:00<?, ?it/s][A
Training Epochs:  10%|▉         | 19/200 [01:06<16:46,  5.56s/it, -ELBO=1.6542, Potential Metric=0.0687, Entropy Metric=0.0232]

Epoch 19:   6%|▋         | 1/16 [00:00<00:06,  2.40it/s][A
Training Epochs:  10%|▉         | 19/200 [01:07<16:46,  5.56s/it, -ELBO=1.6873, Potential Metric=0.0723, Entropy Metric=0.0239]

Epoch 19:  12%|█▎        | 2/16 [00:00<00:05,  2.66it/s][A
Training Epochs:  10%|▉         | 19/200 [01:07<16:46,  5.56s/it, -ELBO=1.6214, Potential Metric=0.0665, Entropy Metric=0.0239]

Epoch 19:  19%|█▉        | 3/16 [00:01<00:04,  2.61it/s][A
Training Epochs:  10%|▉         | 19/200 [01:07<16:46,  5.56s/it, -ELBO=1.6682, Potential Metric=0.0699, Entropy Metric=0.0239]

Epoch 19:  25%|██▌       | 4/16 [00:01<00:04,  2.62it/s][A
Training Epochs:  10%|▉         | 19/200 [01:08<16:46,  5.56s/it, -ELBO=1.5922, Potential Metric=0.0780, Entropy Metric=0.0246]

Epoch 19:  31%|███▏      | 5/16 [00:01<00:04,  2.56it/s][A
Training Epochs:  10%|▉         | 19/200 [01:08<16:46,  5.56s/it, -ELBO=1.6252, Potential Metric=0.0794, Entropy Metric=0.0264]

Epoch 19:  38%|███▊      | 6/16 [00:02<00:03,  2.53it/s][A
Training Epochs:  10%|▉         | 19/200 [01:09<16:46,  5.56s/it, -ELBO=1.5932, Potential Metric=0.0740, Entropy Metric=0.0256]

Epoch 19:  44%|████▍     | 7/16 [00:02<00:03,  2.56it/s][A
Training Epochs:  10%|▉         | 19/200 [01:09<16:46,  5.56s/it, -ELBO=1.6114, Potential Metric=0.0750, Entropy Metric=0.0253]

Epoch 19:  50%|█████     | 8/16 [00:03<00:03,  2.58it/s][A
Training Epochs:  10%|▉         | 19/200 [01:09<16:46,  5.56s/it, -ELBO=1.6037, Potential Metric=0.0779, Entropy Metric=0.0249]

Epoch 19:  56%|█████▋    | 9/16 [00:03<00:02,  2.67it/s][A
Training Epochs:  10%|▉         | 19/200 [01:10<16:46,  5.56s/it, -ELBO=1.6381, Potential Metric=0.0796, Entropy Metric=0.0244]

Epoch 19:  62%|██████▎   | 10/16 [00:03<00:02,  2.75it/s][A
Training Epochs:  10%|▉         | 19/200 [01:10<16:46,  5.56s/it, -ELBO=1.6481, Potential Metric=0.0772, Entropy Metric=0.0248]

Epoch 19:  69%|██████▉   | 11/16 [00:04<00:01,  2.81it/s][A
Training Epochs:  10%|▉         | 19/200 [01:10<16:46,  5.56s/it, -ELBO=1.6071, Potential Metric=0.0803, Entropy Metric=0.0240]

Epoch 19:  75%|███████▌  | 12/16 [00:04<00:01,  2.74it/s][A
Training Epochs:  10%|▉         | 19/200 [01:11<16:46,  5.56s/it, -ELBO=1.6534, Potential Metric=0.0826, Entropy Metric=0.0230]

Epoch 19:  81%|████████▏ | 13/16 [00:04<00:01,  2.64it/s][A
Training Epochs:  10%|▉         | 19/200 [01:11<16:46,  5.56s/it, -ELBO=1.6679, Potential Metric=0.0842, Entropy Metric=0.0220]

Epoch 19:  88%|████████▊ | 14/16 [00:05<00:00,  2.62it/s][A
Training Epochs:  10%|▉         | 19/200 [01:12<16:46,  5.56s/it, -ELBO=1.6755, Potential Metric=0.0749, Entropy Metric=0.0251]

Epoch 19:  94%|█████████▍| 15/16 [00:05<00:00,  2.27it/s][A
Training Epochs:  10%|▉         | 19/200 [01:12<16:46,  5.56s/it, -ELBO=1.6265, Potential Metric=0.0741, Entropy Metric=0.0233]

Epoch 19: 100%|██████████| 16/16 [00:06<00:00,  2.39it/s][A

                                                         [A
Training Epochs:  10%|█         | 20/200 [01:12<17:21,  5.79s/it, -ELBO=1.6265, Potential Metric=0.0741, Entropy Metric=0.0233]

Epoch 20:   0%|          | 0/16 [00:00<?, ?it/s][A
Training Epochs:  10%|█         | 20/200 [01:13<17:21,  5.79s/it, -ELBO=1.6160, Potential Metric=0.0818, Entropy Metric=0.0266]

Epoch 20:   6%|▋         | 1/16 [00:00<00:06,  2.36it/s][A
Training Epochs:  10%|█         | 20/200 [01:13<17:21,  5.79s/it, -ELBO=1.6500, Potential Metric=0.0849, Entropy Metric=0.0292]

Epoch 20:  12%|█▎        | 2/16 [00:00<00:05,  2.59it/s][A
Training Epochs:  10%|█         | 20/200 [01:13<17:21,  5.79s/it, -ELBO=1.6514, Potential Metric=0.0858, Entropy Metric=0.0263]

Epoch 20:  19%|█▉        | 3/16 [00:01<00:04,  2.64it/s][A
Training Epochs:  10%|█         | 20/200 [01:14<17:21,  5.79s/it, -ELBO=1.6232, Potential Metric=0.0821, Entropy Metric=0.0286]

Epoch 20:  25%|██▌       | 4/16 [00:01<00:04,  2.63it/s][A
Training Epochs:  10%|█         | 20/200 [01:14<17:21,  5.79s/it, -ELBO=1.5947, Potential Metric=0.0841, Entropy Metric=0.0289]

Epoch 20:  31%|███▏      | 5/16 [00:01<00:04,  2.50it/s][A
Training Epochs:  10%|█         | 20/200 [01:14<17:21,  5.79s/it, -ELBO=1.5689, Potential Metric=0.0782, Entropy Metric=0.0250]

Epoch 20:  38%|███▊      | 6/16 [00:02<00:03,  2.54it/s][A
Training Epochs:  10%|█         | 20/200 [01:15<17:21,  5.79s/it, -ELBO=1.6242, Potential Metric=0.0817, Entropy Metric=0.0287]

Epoch 20:  44%|████▍     | 7/16 [00:02<00:03,  2.51it/s][A
Training Epochs:  10%|█         | 20/200 [01:15<17:21,  5.79s/it, -ELBO=1.6570, Potential Metric=0.0802, Entropy Metric=0.0249]

Epoch 20:  50%|█████     | 8/16 [00:03<00:03,  2.56it/s][A
Training Epochs:  10%|█         | 20/200 [01:16<17:21,  5.79s/it, -ELBO=1.6455, Potential Metric=0.0765, Entropy Metric=0.0225]

Epoch 20:  56%|█████▋    | 9/16 [00:03<00:02,  2.65it/s][A
Training Epochs:  10%|█         | 20/200 [01:16<17:21,  5.79s/it, -ELBO=1.5938, Potential Metric=0.0683, Entropy Metric=0.0237]

Epoch 20:  62%|██████▎   | 10/16 [00:03<00:02,  2.68it/s][A
Training Epochs:  10%|█         | 20/200 [01:16<17:21,  5.79s/it, -ELBO=1.6402, Potential Metric=0.0775, Entropy Metric=0.0232]

Epoch 20:  69%|██████▉   | 11/16 [00:04<00:01,  2.62it/s][A
Training Epochs:  10%|█         | 20/200 [01:17<17:21,  5.79s/it, -ELBO=1.6502, Potential Metric=0.0791, Entropy Metric=0.0226]

Epoch 20:  75%|███████▌  | 12/16 [00:04<00:01,  2.63it/s][A
Training Epochs:  10%|█         | 20/200 [01:17<17:21,  5.79s/it, -ELBO=1.5873, Potential Metric=0.0742, Entropy Metric=0.0229]

Epoch 20:  81%|████████▏ | 13/16 [00:04<00:01,  2.68it/s][A
Training Epochs:  10%|█         | 20/200 [01:18<17:21,  5.79s/it, -ELBO=1.5941, Potential Metric=0.0831, Entropy Metric=0.0284]

Epoch 20:  88%|████████▊ | 14/16 [00:05<00:00,  2.61it/s][A
Training Epochs:  10%|█         | 20/200 [01:18<17:21,  5.79s/it, -ELBO=1.6616, Potential Metric=0.0876, Entropy Metric=0.0254]

Epoch 20:  94%|█████████▍| 15/16 [00:05<00:00,  2.59it/s][A
Training Epochs:  10%|█         | 20/200 [01:18<17:21,  5.79s/it, -ELBO=1.6354, Potential Metric=0.0781, Entropy Metric=0.0285]

Epoch 20: 100%|██████████| 16/16 [00:06<00:00,  2.62it/s][A

                                                         [A
Training Epochs:  10%|█         | 21/200 [01:18<17:37,  5.91s/it, -ELBO=1.6354, Potential Metric=0.0781, Entropy Metric=0.0285]

Epoch 21:   0%|          | 0/16 [00:00<?, ?it/s][A
Training Epochs:  10%|█         | 21/200 [01:19<17:37,  5.91s/it, -ELBO=1.5998, Potential Metric=0.0859, Entropy Metric=0.0294]

Epoch 21:   6%|▋         | 1/16 [00:00<00:06,  2.37it/s][A
Training Epochs:  10%|█         | 21/200 [01:19<17:37,  5.91s/it, -ELBO=1.6296, Potential Metric=0.0793, Entropy Metric=0.0275]

Epoch 21:  12%|█▎        | 2/16 [00:00<00:05,  2.56it/s][A
Training Epochs:  10%|█         | 21/200 [01:20<17:37,  5.91s/it, -ELBO=1.6203, Potential Metric=0.0830, Entropy Metric=0.0272]

Epoch 21:  19%|█▉        | 3/16 [00:01<00:05,  2.48it/s][A
Training Epochs:  10%|█         | 21/200 [01:20<17:37,  5.91s/it, -ELBO=1.6118, Potential Metric=0.0836, Entropy Metric=0.0263]

Epoch 21:  25%|██▌       | 4/16 [00:01<00:04,  2.65it/s][A
Training Epochs:  10%|█         | 21/200 [01:20<17:37,  5.91s/it, -ELBO=1.6253, Potential Metric=0.0888, Entropy Metric=0.0235]

Epoch 21:  31%|███▏      | 5/16 [00:01<00:04,  2.64it/s][A
Training Epochs:  10%|█         | 21/200 [01:21<17:37,  5.91s/it, -ELBO=1.6446, Potential Metric=0.0825, Entropy Metric=0.0206]

Epoch 21:  38%|███▊      | 6/16 [00:02<00:03,  2.73it/s][A
Training Epochs:  10%|█         | 21/200 [01:21<17:37,  5.91s/it, -ELBO=1.5960, Potential Metric=0.0812, Entropy Metric=0.0231]

Epoch 21:  44%|████▍     | 7/16 [00:02<00:03,  2.74it/s][A
Training Epochs:  10%|█         | 21/200 [01:21<17:37,  5.91s/it, -ELBO=1.6190, Potential Metric=0.0851, Entropy Metric=0.0239]

Epoch 21:  50%|█████     | 8/16 [00:02<00:02,  2.89it/s][A
Training Epochs:  10%|█         | 21/200 [01:22<17:37,  5.91s/it, -ELBO=1.6277, Potential Metric=0.0863, Entropy Metric=0.0264]

Epoch 21:  56%|█████▋    | 9/16 [00:03<00:02,  2.83it/s][A
Training Epochs:  10%|█         | 21/200 [01:22<17:37,  5.91s/it, -ELBO=1.6095, Potential Metric=0.0823, Entropy Metric=0.0271]

Epoch 21:  62%|██████▎   | 10/16 [00:03<00:02,  2.89it/s][A
Training Epochs:  10%|█         | 21/200 [01:22<17:37,  5.91s/it, -ELBO=1.6909, Potential Metric=0.0738, Entropy Metric=0.0235]

Epoch 21:  69%|██████▉   | 11/16 [00:04<00:01,  2.82it/s][A
Training Epochs:  10%|█         | 21/200 [01:23<17:37,  5.91s/it, -ELBO=1.6193, Potential Metric=0.0803, Entropy Metric=0.0241]

Epoch 21:  75%|███████▌  | 12/16 [00:04<00:01,  2.82it/s][A
Training Epochs:  10%|█         | 21/200 [01:23<17:37,  5.91s/it, -ELBO=1.6229, Potential Metric=0.0800, Entropy Metric=0.0266]

Epoch 21:  81%|████████▏ | 13/16 [00:04<00:01,  2.68it/s][A
Training Epochs:  10%|█         | 21/200 [01:24<17:37,  5.91s/it, -ELBO=1.6195, Potential Metric=0.0746, Entropy Metric=0.0245]

Epoch 21:  88%|████████▊ | 14/16 [00:05<00:00,  2.76it/s][A
Training Epochs:  10%|█         | 21/200 [01:24<17:37,  5.91s/it, -ELBO=1.5560, Potential Metric=0.0803, Entropy Metric=0.0241]

Epoch 21:  94%|█████████▍| 15/16 [00:05<00:00,  2.74it/s][A
Training Epochs:  10%|█         | 21/200 [01:24<17:37,  5.91s/it, -ELBO=1.5930, Potential Metric=0.0855, Entropy Metric=0.0291]

Epoch 21: 100%|██████████| 16/16 [00:05<00:00,  2.85it/s][A

                                                         [A
Training Epochs:  11%|█         | 22/200 [01:24<17:32,  5.91s/it, -ELBO=1.5930, Potential Metric=0.0855, Entropy Metric=0.0291]

Epoch 22:   0%|          | 0/16 [00:00<?, ?it/s][A
Training Epochs:  11%|█         | 22/200 [01:25<17:32,  5.91s/it, -ELBO=1.6123, Potential Metric=0.0732, Entropy Metric=0.0252]

Epoch 22:   6%|▋         | 1/16 [00:00<00:06,  2.39it/s][A
Training Epochs:  11%|█         | 22/200 [01:25<17:32,  5.91s/it, -ELBO=1.5643, Potential Metric=0.0881, Entropy Metric=0.0281]

Epoch 22:  12%|█▎        | 2/16 [00:00<00:05,  2.46it/s][A
Training Epochs:  11%|█         | 22/200 [01:26<17:32,  5.91s/it, -ELBO=1.6233, Potential Metric=0.0815, Entropy Metric=0.0286]

Epoch 22:  19%|█▉        | 3/16 [00:01<00:05,  2.47it/s][A
Training Epochs:  11%|█         | 22/200 [01:26<17:32,  5.91s/it, -ELBO=1.6236, Potential Metric=0.0897, Entropy Metric=0.0297]

Epoch 22:  25%|██▌       | 4/16 [00:01<00:04,  2.51it/s][A
Training Epochs:  11%|█         | 22/200 [01:26<17:32,  5.91s/it, -ELBO=1.6446, Potential Metric=0.0784, Entropy Metric=0.0269]

Epoch 22:  31%|███▏      | 5/16 [00:02<00:04,  2.46it/s][A
Training Epochs:  11%|█         | 22/200 [01:27<17:32,  5.91s/it, -ELBO=1.5986, Potential Metric=0.0859, Entropy Metric=0.0275]

Epoch 22:  38%|███▊      | 6/16 [00:02<00:03,  2.50it/s][A
Training Epochs:  11%|█         | 22/200 [01:27<17:32,  5.91s/it, -ELBO=1.6381, Potential Metric=0.0831, Entropy Metric=0.0287]

Epoch 22:  44%|████▍     | 7/16 [00:02<00:03,  2.55it/s][A
Training Epochs:  11%|█         | 22/200 [01:27<17:32,  5.91s/it, -ELBO=1.5759, Potential Metric=0.0794, Entropy Metric=0.0284]

Epoch 22:  50%|█████     | 8/16 [00:03<00:03,  2.58it/s][A
Training Epochs:  11%|█         | 22/200 [01:28<17:32,  5.91s/it, -ELBO=1.5721, Potential Metric=0.0901, Entropy Metric=0.0275]

Epoch 22:  56%|█████▋    | 9/16 [00:03<00:02,  2.59it/s][A
Training Epochs:  11%|█         | 22/200 [01:28<17:32,  5.91s/it, -ELBO=1.6011, Potential Metric=0.0995, Entropy Metric=0.0287]

Epoch 22:  62%|██████▎   | 10/16 [00:03<00:02,  2.57it/s][A
Training Epochs:  11%|█         | 22/200 [01:29<17:32,  5.91s/it, -ELBO=1.6483, Potential Metric=0.0994, Entropy Metric=0.0250]

Epoch 22:  69%|██████▉   | 11/16 [00:04<00:01,  2.58it/s][A
Training Epochs:  11%|█         | 22/200 [01:29<17:32,  5.91s/it, -ELBO=1.6404, Potential Metric=0.0872, Entropy Metric=0.0266]

Epoch 22:  75%|███████▌  | 12/16 [00:04<00:01,  2.56it/s][A
Training Epochs:  11%|█         | 22/200 [01:29<17:32,  5.91s/it, -ELBO=1.5410, Potential Metric=0.0785, Entropy Metric=0.0264]

Epoch 22:  81%|████████▏ | 13/16 [00:05<00:01,  2.53it/s][A
Training Epochs:  11%|█         | 22/200 [01:30<17:32,  5.91s/it, -ELBO=1.6437, Potential Metric=0.0849, Entropy Metric=0.0235]

Epoch 22:  88%|████████▊ | 14/16 [00:05<00:00,  2.49it/s][A
Training Epochs:  11%|█         | 22/200 [01:30<17:32,  5.91s/it, -ELBO=1.6078, Potential Metric=0.0821, Entropy Metric=0.0254]

Epoch 22:  94%|█████████▍| 15/16 [00:05<00:00,  2.51it/s][A
Training Epochs:  11%|█         | 22/200 [01:31<17:32,  5.91s/it, -ELBO=1.6022, Potential Metric=0.0840, Entropy Metric=0.0262]

Epoch 22: 100%|██████████| 16/16 [00:06<00:00,  2.45it/s][A

                                                         [A
Training Epochs:  12%|█▏        | 23/200 [01:31<17:55,  6.08s/it, -ELBO=1.6022, Potential Metric=0.0840, Entropy Metric=0.0262]

Epoch 23:   0%|          | 0/16 [00:00<?, ?it/s][A
Training Epochs:  12%|█▏        | 23/200 [01:31<17:55,  6.08s/it, -ELBO=1.6244, Potential Metric=0.0816, Entropy Metric=0.0262]

Epoch 23:   6%|▋         | 1/16 [00:00<00:07,  2.09it/s][A
Training Epochs:  12%|█▏        | 23/200 [01:32<17:55,  6.08s/it, -ELBO=1.6272, Potential Metric=0.0756, Entropy Metric=0.0242]

Epoch 23:  12%|█▎        | 2/16 [00:00<00:05,  2.42it/s][A
Training Epochs:  12%|█▏        | 23/200 [01:32<17:55,  6.08s/it, -ELBO=1.6207, Potential Metric=0.0835, Entropy Metric=0.0233]

Epoch 23:  19%|█▉        | 3/16 [00:01<00:05,  2.54it/s][A
Training Epochs:  12%|█▏        | 23/200 [01:32<17:55,  6.08s/it, -ELBO=1.5831, Potential Metric=0.0765, Entropy Metric=0.0256]

Epoch 23:  25%|██▌       | 4/16 [00:01<00:04,  2.50it/s][A
Training Epochs:  12%|█▏        | 23/200 [01:33<17:55,  6.08s/it, -ELBO=1.6469, Potential Metric=0.0881, Entropy Metric=0.0241]

Epoch 23:  31%|███▏      | 5/16 [00:02<00:04,  2.47it/s][A
Training Epochs:  12%|█▏        | 23/200 [01:33<17:55,  6.08s/it, -ELBO=1.6176, Potential Metric=0.0886, Entropy Metric=0.0245]

Epoch 23:  38%|███▊      | 6/16 [00:02<00:04,  2.38it/s][A
Training Epochs:  12%|█▏        | 23/200 [01:34<17:55,  6.08s/it, -ELBO=1.5819, Potential Metric=0.0936, Entropy Metric=0.0275]

Epoch 23:  44%|████▍     | 7/16 [00:02<00:03,  2.42it/s][A
Training Epochs:  12%|█▏        | 23/200 [01:34<17:55,  6.08s/it, -ELBO=1.5745, Potential Metric=0.0913, Entropy Metric=0.0292]

Epoch 23:  50%|█████     | 8/16 [00:03<00:03,  2.43it/s][A
Training Epochs:  12%|█▏        | 23/200 [01:34<17:55,  6.08s/it, -ELBO=1.5784, Potential Metric=0.0862, Entropy Metric=0.0291]

Epoch 23:  56%|█████▋    | 9/16 [00:03<00:02,  2.38it/s][A
Training Epochs:  12%|█▏        | 23/200 [01:35<17:55,  6.08s/it, -ELBO=1.6074, Potential Metric=0.0880, Entropy Metric=0.0286]

Epoch 23:  62%|██████▎   | 10/16 [00:04<00:02,  2.32it/s][A
Training Epochs:  12%|█▏        | 23/200 [01:35<17:55,  6.08s/it, -ELBO=1.5549, Potential Metric=0.0830, Entropy Metric=0.0257]

Epoch 23:  69%|██████▉   | 11/16 [00:04<00:02,  2.29it/s][A
Training Epochs:  12%|█▏        | 23/200 [01:36<17:55,  6.08s/it, -ELBO=1.5875, Potential Metric=0.0873, Entropy Metric=0.0266]

Epoch 23:  75%|███████▌  | 12/16 [00:05<00:01,  2.35it/s][A
Training Epochs:  12%|█▏        | 23/200 [01:36<17:55,  6.08s/it, -ELBO=1.6017, Potential Metric=0.0829, Entropy Metric=0.0256]

Epoch 23:  81%|████████▏ | 13/16 [00:05<00:01,  2.38it/s][A
Training Epochs:  12%|█▏        | 23/200 [01:37<17:55,  6.08s/it, -ELBO=1.6047, Potential Metric=0.0859, Entropy Metric=0.0240]

Epoch 23:  88%|████████▊ | 14/16 [00:05<00:00,  2.39it/s][A
Training Epochs:  12%|█▏        | 23/200 [01:37<17:55,  6.08s/it, -ELBO=1.5953, Potential Metric=0.0902, Entropy Metric=0.0240]

Epoch 23:  94%|█████████▍| 15/16 [00:06<00:00,  2.47it/s][A
Training Epochs:  12%|█▏        | 23/200 [01:37<17:55,  6.08s/it, -ELBO=1.5947, Potential Metric=0.0899, Entropy Metric=0.0252]

Epoch 23: 100%|██████████| 16/16 [00:06<00:00,  2.46it/s][A

                                                         [A
Training Epochs:  12%|█▏        | 24/200 [01:37<18:22,  6.27s/it, -ELBO=1.5947, Potential Metric=0.0899, Entropy Metric=0.0252]

Epoch 24:   0%|          | 0/16 [00:00<?, ?it/s][A
Training Epochs:  12%|█▏        | 24/200 [01:38<18:22,  6.27s/it, -ELBO=1.5777, Potential Metric=0.0810, Entropy Metric=0.0257]

Epoch 24:   6%|▋         | 1/16 [00:00<00:06,  2.24it/s][A
Training Epochs:  12%|█▏        | 24/200 [01:38<18:22,  6.27s/it, -ELBO=1.5642, Potential Metric=0.0847, Entropy Metric=0.0258]

Epoch 24:  12%|█▎        | 2/16 [00:00<00:05,  2.49it/s][A
Training Epochs:  12%|█▏        | 24/200 [01:39<18:22,  6.27s/it, -ELBO=1.6011, Potential Metric=0.0885, Entropy Metric=0.0249]

Epoch 24:  19%|█▉        | 3/16 [00:01<00:05,  2.44it/s][A
Training Epochs:  12%|█▏        | 24/200 [01:39<18:22,  6.27s/it, -ELBO=1.6253, Potential Metric=0.0895, Entropy Metric=0.0259]

Epoch 24:  25%|██▌       | 4/16 [00:01<00:04,  2.40it/s][A
Training Epochs:  12%|█▏        | 24/200 [01:40<18:22,  6.27s/it, -ELBO=1.6178, Potential Metric=0.0930, Entropy Metric=0.0255]

Epoch 24:  31%|███▏      | 5/16 [00:02<00:04,  2.39it/s][A
Training Epochs:  12%|█▏        | 24/200 [01:40<18:22,  6.27s/it, -ELBO=1.6262, Potential Metric=0.0904, Entropy Metric=0.0276]

Epoch 24:  38%|███▊      | 6/16 [00:02<00:04,  2.42it/s][A
Training Epochs:  12%|█▏        | 24/200 [01:40<18:22,  6.27s/it, -ELBO=1.5833, Potential Metric=0.0933, Entropy Metric=0.0256]

Epoch 24:  44%|████▍     | 7/16 [00:02<00:03,  2.41it/s][A
Training Epochs:  12%|█▏        | 24/200 [01:41<18:22,  6.27s/it, -ELBO=1.5870, Potential Metric=0.0930, Entropy Metric=0.0258]

Epoch 24:  50%|█████     | 8/16 [00:03<00:03,  2.14it/s][A
Training Epochs:  12%|█▏        | 24/200 [01:41<18:22,  6.27s/it, -ELBO=1.5477, Potential Metric=0.0904, Entropy Metric=0.0252]

Epoch 24:  56%|█████▋    | 9/16 [00:03<00:03,  2.28it/s][A
Training Epochs:  12%|█▏        | 24/200 [01:42<18:22,  6.27s/it, -ELBO=1.5825, Potential Metric=0.0993, Entropy Metric=0.0261]

Epoch 24:  62%|██████▎   | 10/16 [00:04<00:02,  2.38it/s][A
Training Epochs:  12%|█▏        | 24/200 [01:42<18:22,  6.27s/it, -ELBO=1.5642, Potential Metric=0.0940, Entropy Metric=0.0259]

Epoch 24:  69%|██████▉   | 11/16 [00:04<00:02,  2.44it/s][A
Training Epochs:  12%|█▏        | 24/200 [01:43<18:22,  6.27s/it, -ELBO=1.5753, Potential Metric=0.0920, Entropy Metric=0.0253]

Epoch 24:  75%|███████▌  | 12/16 [00:05<00:01,  2.43it/s][A
Training Epochs:  12%|█▏        | 24/200 [01:43<18:22,  6.27s/it, -ELBO=1.6354, Potential Metric=0.0870, Entropy Metric=0.0272]

Epoch 24:  81%|████████▏ | 13/16 [00:05<00:01,  2.33it/s][A
Training Epochs:  12%|█▏        | 24/200 [01:43<18:22,  6.27s/it, -ELBO=1.5801, Potential Metric=0.0949, Entropy Metric=0.0281]

Epoch 24:  88%|████████▊ | 14/16 [00:05<00:00,  2.33it/s][A
Training Epochs:  12%|█▏        | 24/200 [01:44<18:22,  6.27s/it, -ELBO=1.5957, Potential Metric=0.0902, Entropy Metric=0.0278]

Epoch 24:  94%|█████████▍| 15/16 [00:06<00:00,  2.28it/s][A
Training Epochs:  12%|█▏        | 24/200 [01:44<18:22,  6.27s/it, -ELBO=1.6002, Potential Metric=0.0875, Entropy Metric=0.0258]

Epoch 24: 100%|██████████| 16/16 [00:06<00:00,  2.21it/s][A

                                                         [A
Training Epochs:  12%|█▎        | 25/200 [01:44<18:55,  6.49s/it, -ELBO=1.6002, Potential Metric=0.0875, Entropy Metric=0.0258]

Epoch 25:   0%|          | 0/16 [00:00<?, ?it/s][A
Training Epochs:  12%|█▎        | 25/200 [01:45<18:55,  6.49s/it, -ELBO=1.5824, Potential Metric=0.0871, Entropy Metric=0.0262]

Epoch 25:   6%|▋         | 1/16 [00:00<00:07,  2.12it/s][A
Training Epochs:  12%|█▎        | 25/200 [01:45<18:55,  6.49s/it, -ELBO=1.5664, Potential Metric=0.0799, Entropy Metric=0.0235]

Epoch 25:  12%|█▎        | 2/16 [00:00<00:06,  2.24it/s][A
Training Epochs:  12%|█▎        | 25/200 [01:46<18:55,  6.49s/it, -ELBO=1.6096, Potential Metric=0.0881, Entropy Metric=0.0262]

Epoch 25:  19%|█▉        | 3/16 [00:01<00:05,  2.28it/s][A
Training Epochs:  12%|█▎        | 25/200 [01:46<18:55,  6.49s/it, -ELBO=1.5999, Potential Metric=0.0948, Entropy Metric=0.0283]

Epoch 25:  25%|██▌       | 4/16 [00:01<00:04,  2.46it/s][A
Training Epochs:  12%|█▎        | 25/200 [01:47<18:55,  6.49s/it, -ELBO=1.5848, Potential Metric=0.0923, Entropy Metric=0.0270]

Epoch 25:  31%|███▏      | 5/16 [00:02<00:04,  2.45it/s][A
Training Epochs:  12%|█▎        | 25/200 [01:47<18:55,  6.49s/it, -ELBO=1.5996, Potential Metric=0.0918, Entropy Metric=0.0301]

Epoch 25:  38%|███▊      | 6/16 [00:02<00:03,  2.51it/s][A
Training Epochs:  12%|█▎        | 25/200 [01:47<18:55,  6.49s/it, -ELBO=1.5813, Potential Metric=0.0936, Entropy Metric=0.0279]

Epoch 25:  44%|████▍     | 7/16 [00:02<00:03,  2.56it/s][A
Training Epochs:  12%|█▎        | 25/200 [01:48<18:55,  6.49s/it, -ELBO=1.5871, Potential Metric=0.0925, Entropy Metric=0.0283]

Epoch 25:  50%|█████     | 8/16 [00:03<00:03,  2.51it/s][A
Training Epochs:  12%|█▎        | 25/200 [01:48<18:55,  6.49s/it, -ELBO=1.6298, Potential Metric=0.0948, Entropy Metric=0.0287]

Epoch 25:  56%|█████▋    | 9/16 [00:03<00:02,  2.55it/s][A
Training Epochs:  12%|█▎        | 25/200 [01:49<18:55,  6.49s/it, -ELBO=1.5479, Potential Metric=0.0920, Entropy Metric=0.0302]

Epoch 25:  62%|██████▎   | 10/16 [00:04<00:02,  2.45it/s][A
Training Epochs:  12%|█▎        | 25/200 [01:49<18:55,  6.49s/it, -ELBO=1.5501, Potential Metric=0.0967, Entropy Metric=0.0291]

Epoch 25:  69%|██████▉   | 11/16 [00:04<00:02,  2.37it/s][A
Training Epochs:  12%|█▎        | 25/200 [01:49<18:55,  6.49s/it, -ELBO=1.5650, Potential Metric=0.0919, Entropy Metric=0.0253]

Epoch 25:  75%|███████▌  | 12/16 [00:04<00:01,  2.36it/s][A
Training Epochs:  12%|█▎        | 25/200 [01:50<18:55,  6.49s/it, -ELBO=1.6062, Potential Metric=0.0965, Entropy Metric=0.0262]

Epoch 25:  81%|████████▏ | 13/16 [00:05<00:01,  2.32it/s][A
Training Epochs:  12%|█▎        | 25/200 [01:50<18:55,  6.49s/it, -ELBO=1.5929, Potential Metric=0.0930, Entropy Metric=0.0237]

Epoch 25:  88%|████████▊ | 14/16 [00:05<00:00,  2.40it/s][A
Training Epochs:  12%|█▎        | 25/200 [01:51<18:55,  6.49s/it, -ELBO=1.5959, Potential Metric=0.1017, Entropy Metric=0.0228]

Epoch 25:  94%|█████████▍| 15/16 [00:06<00:00,  2.49it/s][A
Training Epochs:  12%|█▎        | 25/200 [01:51<18:55,  6.49s/it, -ELBO=1.5863, Potential Metric=0.0973, Entropy Metric=0.0244]

Epoch 25: 100%|██████████| 16/16 [00:06<00:00,  2.56it/s][A

                                                         [A
Training Epochs:  13%|█▎        | 26/200 [01:51<18:56,  6.53s/it, -ELBO=1.5863, Potential Metric=0.0973, Entropy Metric=0.0244]

Epoch 26:   0%|          | 0/16 [00:00<?, ?it/s][A
Training Epochs:  13%|█▎        | 26/200 [01:52<18:56,  6.53s/it, -ELBO=1.5765, Potential Metric=0.0865, Entropy Metric=0.0263]

Epoch 26:   6%|▋         | 1/16 [00:00<00:05,  2.53it/s][A
Training Epochs:  13%|█▎        | 26/200 [01:52<18:56,  6.53s/it, -ELBO=1.5573, Potential Metric=0.0887, Entropy Metric=0.0260]

Epoch 26:  12%|█▎        | 2/16 [00:00<00:05,  2.66it/s][A
Training Epochs:  13%|█▎        | 26/200 [01:52<18:56,  6.53s/it, -ELBO=1.6182, Potential Metric=0.0875, Entropy Metric=0.0269]

Epoch 26:  19%|█▉        | 3/16 [00:01<00:04,  2.67it/s][A
Training Epochs:  13%|█▎        | 26/200 [01:53<18:56,  6.53s/it, -ELBO=1.5461, Potential Metric=0.0852, Entropy Metric=0.0275]

Epoch 26:  25%|██▌       | 4/16 [00:01<00:04,  2.68it/s][A
Training Epochs:  13%|█▎        | 26/200 [01:53<18:56,  6.53s/it, -ELBO=1.5952, Potential Metric=0.0872, Entropy Metric=0.0276]

Epoch 26:  31%|███▏      | 5/16 [00:01<00:04,  2.70it/s][A
Training Epochs:  13%|█▎        | 26/200 [01:53<18:56,  6.53s/it, -ELBO=1.5734, Potential Metric=0.1028, Entropy Metric=0.0279]

Epoch 26:  38%|███▊      | 6/16 [00:02<00:03,  2.66it/s][A
Training Epochs:  13%|█▎        | 26/200 [01:54<18:56,  6.53s/it, -ELBO=1.5638, Potential Metric=0.0955, Entropy Metric=0.0278]

Epoch 26:  44%|████▍     | 7/16 [00:02<00:03,  2.56it/s][A
Training Epochs:  13%|█▎        | 26/200 [01:54<18:56,  6.53s/it, -ELBO=1.6022, Potential Metric=0.0976, Entropy Metric=0.0269]

Epoch 26:  50%|█████     | 8/16 [00:03<00:03,  2.54it/s][A
Training Epochs:  13%|█▎        | 26/200 [01:55<18:56,  6.53s/it, -ELBO=1.5729, Potential Metric=0.0996, Entropy Metric=0.0257]

Epoch 26:  56%|█████▋    | 9/16 [00:03<00:02,  2.56it/s][A
Training Epochs:  13%|█▎        | 26/200 [01:55<18:56,  6.53s/it, -ELBO=1.5699, Potential Metric=0.0906, Entropy Metric=0.0269]

Epoch 26:  62%|██████▎   | 10/16 [00:03<00:02,  2.51it/s][A
Training Epochs:  13%|█▎        | 26/200 [01:55<18:56,  6.53s/it, -ELBO=1.5539, Potential Metric=0.0891, Entropy Metric=0.0257]

Epoch 26:  69%|██████▉   | 11/16 [00:04<00:01,  2.52it/s][A
Training Epochs:  13%|█▎        | 26/200 [01:56<18:56,  6.53s/it, -ELBO=1.5670, Potential Metric=0.0895, Entropy Metric=0.0242]

Epoch 26:  75%|███████▌  | 12/16 [00:04<00:01,  2.46it/s][A
Training Epochs:  13%|█▎        | 26/200 [01:56<18:56,  6.53s/it, -ELBO=1.5893, Potential Metric=0.0890, Entropy Metric=0.0233]

Epoch 26:  81%|████████▏ | 13/16 [00:05<00:01,  2.46it/s][A
Training Epochs:  13%|█▎        | 26/200 [01:57<18:56,  6.53s/it, -ELBO=1.6141, Potential Metric=0.1014, Entropy Metric=0.0240]

Epoch 26:  88%|████████▊ | 14/16 [00:05<00:00,  2.46it/s][A
Training Epochs:  13%|█▎        | 26/200 [01:57<18:56,  6.53s/it, -ELBO=1.5799, Potential Metric=0.0920, Entropy Metric=0.0235]

Epoch 26:  94%|█████████▍| 15/16 [00:05<00:00,  2.41it/s][A
Training Epochs:  13%|█▎        | 26/200 [01:58<18:56,  6.53s/it, -ELBO=1.6010, Potential Metric=0.0944, Entropy Metric=0.0258]

Epoch 26: 100%|██████████| 16/16 [00:06<00:00,  2.40it/s][A

                                                         [A
Training Epochs:  14%|█▎        | 27/200 [01:58<18:46,  6.51s/it, -ELBO=1.6010, Potential Metric=0.0944, Entropy Metric=0.0258]

Epoch 27:   0%|          | 0/16 [00:00<?, ?it/s][A
Training Epochs:  14%|█▎        | 27/200 [01:58<18:46,  6.51s/it, -ELBO=1.5628, Potential Metric=0.0887, Entropy Metric=0.0258]

Epoch 27:   6%|▋         | 1/16 [00:00<00:07,  1.92it/s][A
Training Epochs:  14%|█▎        | 27/200 [01:59<18:46,  6.51s/it, -ELBO=1.6083, Potential Metric=0.0952, Entropy Metric=0.0252]

Epoch 27:  12%|█▎        | 2/16 [00:00<00:06,  2.26it/s][A
Training Epochs:  14%|█▎        | 27/200 [01:59<18:46,  6.51s/it, -ELBO=1.5888, Potential Metric=0.0864, Entropy Metric=0.0286]

Epoch 27:  19%|█▉        | 3/16 [00:01<00:05,  2.37it/s][A
Training Epochs:  14%|█▎        | 27/200 [01:59<18:46,  6.51s/it, -ELBO=1.5401, Potential Metric=0.0875, Entropy Metric=0.0279]

Epoch 27:  25%|██▌       | 4/16 [00:01<00:04,  2.49it/s][A
Training Epochs:  14%|█▎        | 27/200 [02:00<18:46,  6.51s/it, -ELBO=1.5416, Potential Metric=0.0992, Entropy Metric=0.0277]

Epoch 27:  31%|███▏      | 5/16 [00:02<00:04,  2.56it/s][A
Training Epochs:  14%|█▎        | 27/200 [02:00<18:46,  6.51s/it, -ELBO=1.5371, Potential Metric=0.1018, Entropy Metric=0.0253]

Epoch 27:  38%|███▊      | 6/16 [00:02<00:03,  2.71it/s][A
Training Epochs:  14%|█▎        | 27/200 [02:00<18:46,  6.51s/it, -ELBO=1.5698, Potential Metric=0.0918, Entropy Metric=0.0253]

Epoch 27:  44%|████▍     | 7/16 [00:02<00:03,  2.73it/s][A
Training Epochs:  14%|█▎        | 27/200 [02:01<18:46,  6.51s/it, -ELBO=1.5474, Potential Metric=0.1001, Entropy Metric=0.0247]

Epoch 27:  50%|█████     | 8/16 [00:03<00:02,  2.74it/s][A
Training Epochs:  14%|█▎        | 27/200 [02:01<18:46,  6.51s/it, -ELBO=1.6121, Potential Metric=0.0924, Entropy Metric=0.0271]

Epoch 27:  56%|█████▋    | 9/16 [00:03<00:02,  2.69it/s][A
Training Epochs:  14%|█▎        | 27/200 [02:01<18:46,  6.51s/it, -ELBO=1.5856, Potential Metric=0.0910, Entropy Metric=0.0261]

Epoch 27:  62%|██████▎   | 10/16 [00:03<00:02,  2.59it/s][A
Training Epochs:  14%|█▎        | 27/200 [02:02<18:46,  6.51s/it, -ELBO=1.5647, Potential Metric=0.0906, Entropy Metric=0.0256]

Epoch 27:  69%|██████▉   | 11/16 [00:04<00:01,  2.52it/s][A
Training Epochs:  14%|█▎        | 27/200 [02:02<18:46,  6.51s/it, -ELBO=1.5835, Potential Metric=0.0872, Entropy Metric=0.0258]

Epoch 27:  75%|███████▌  | 12/16 [00:04<00:01,  2.51it/s][A
Training Epochs:  14%|█▎        | 27/200 [02:03<18:46,  6.51s/it, -ELBO=1.6212, Potential Metric=0.0918, Entropy Metric=0.0261]

Epoch 27:  81%|████████▏ | 13/16 [00:05<00:01,  2.52it/s][A
Training Epochs:  14%|█▎        | 27/200 [02:03<18:46,  6.51s/it, -ELBO=1.5460, Potential Metric=0.0987, Entropy Metric=0.0263]

Epoch 27:  88%|████████▊ | 14/16 [00:05<00:00,  2.54it/s][A
Training Epochs:  14%|█▎        | 27/200 [02:03<18:46,  6.51s/it, -ELBO=1.5666, Potential Metric=0.0969, Entropy Metric=0.0280]

Epoch 27:  94%|█████████▍| 15/16 [00:05<00:00,  2.54it/s][A
Training Epochs:  14%|█▎        | 27/200 [02:04<18:46,  6.51s/it, -ELBO=1.5444, Potential Metric=0.0967, Entropy Metric=0.0272]

Epoch 27: 100%|██████████| 16/16 [00:06<00:00,  2.58it/s][A

                                                         [A
Training Epochs:  14%|█▍        | 28/200 [02:04<18:32,  6.47s/it, -ELBO=1.5444, Potential Metric=0.0967, Entropy Metric=0.0272]

Epoch 28:   0%|          | 0/16 [00:00<?, ?it/s][A
Training Epochs:  14%|█▍        | 28/200 [02:04<18:32,  6.47s/it, -ELBO=1.5825, Potential Metric=0.0866, Entropy Metric=0.0252]

Epoch 28:   6%|▋         | 1/16 [00:00<00:06,  2.48it/s][A
Training Epochs:  14%|█▍        | 28/200 [02:05<18:32,  6.47s/it, -ELBO=1.5505, Potential Metric=0.0885, Entropy Metric=0.0275]

Epoch 28:  12%|█▎        | 2/16 [00:00<00:05,  2.60it/s][A
Training Epochs:  14%|█▍        | 28/200 [02:05<18:32,  6.47s/it, -ELBO=1.5428, Potential Metric=0.0868, Entropy Metric=0.0264]

Epoch 28:  19%|█▉        | 3/16 [00:01<00:04,  2.74it/s][A
Training Epochs:  14%|█▍        | 28/200 [02:05<18:32,  6.47s/it, -ELBO=1.5284, Potential Metric=0.0903, Entropy Metric=0.0293]

Epoch 28:  25%|██▌       | 4/16 [00:01<00:04,  2.75it/s][A
Training Epochs:  14%|█▍        | 28/200 [02:06<18:32,  6.47s/it, -ELBO=1.5886, Potential Metric=0.0948, Entropy Metric=0.0246]

Epoch 28:  31%|███▏      | 5/16 [00:01<00:04,  2.70it/s][A
Training Epochs:  14%|█▍        | 28/200 [02:06<18:32,  6.47s/it, -ELBO=1.5587, Potential Metric=0.1009, Entropy Metric=0.0242]

Epoch 28:  38%|███▊      | 6/16 [00:02<00:03,  2.68it/s][A
Training Epochs:  14%|█▍        | 28/200 [02:07<18:32,  6.47s/it, -ELBO=1.5391, Potential Metric=0.0932, Entropy Metric=0.0243]

Epoch 28:  44%|████▍     | 7/16 [00:02<00:03,  2.60it/s][A
Training Epochs:  14%|█▍        | 28/200 [02:07<18:32,  6.47s/it, -ELBO=1.5816, Potential Metric=0.0924, Entropy Metric=0.0257]

Epoch 28:  50%|█████     | 8/16 [00:03<00:03,  2.55it/s][A
Training Epochs:  14%|█▍        | 28/200 [02:07<18:32,  6.47s/it, -ELBO=1.5926, Potential Metric=0.0951, Entropy Metric=0.0257]

Epoch 28:  56%|█████▋    | 9/16 [00:03<00:02,  2.58it/s][A
Training Epochs:  14%|█▍        | 28/200 [02:08<18:32,  6.47s/it, -ELBO=1.5588, Potential Metric=0.0947, Entropy Metric=0.0255]

Epoch 28:  62%|██████▎   | 10/16 [00:04<00:02,  2.21it/s][A
Training Epochs:  14%|█▍        | 28/200 [02:08<18:32,  6.47s/it, -ELBO=1.6084, Potential Metric=0.0929, Entropy Metric=0.0283]

Epoch 28:  69%|██████▉   | 11/16 [00:04<00:02,  2.31it/s][A
Training Epochs:  14%|█▍        | 28/200 [02:09<18:32,  6.47s/it, -ELBO=1.5645, Potential Metric=0.0965, Entropy Metric=0.0249]

Epoch 28:  75%|███████▌  | 12/16 [00:04<00:01,  2.24it/s][A
Training Epochs:  14%|█▍        | 28/200 [02:09<18:32,  6.47s/it, -ELBO=1.5720, Potential Metric=0.1004, Entropy Metric=0.0251]

Epoch 28:  81%|████████▏ | 13/16 [00:05<00:01,  2.36it/s][A
Training Epochs:  14%|█▍        | 28/200 [02:10<18:32,  6.47s/it, -ELBO=1.5414, Potential Metric=0.1034, Entropy Metric=0.0283]

Epoch 28:  88%|████████▊ | 14/16 [00:05<00:00,  2.29it/s][A
Training Epochs:  14%|█▍        | 28/200 [02:10<18:32,  6.47s/it, -ELBO=1.5393, Potential Metric=0.1038, Entropy Metric=0.0283]

Epoch 28:  94%|█████████▍| 15/16 [00:06<00:00,  2.24it/s][A
Training Epochs:  14%|█▍        | 28/200 [02:10<18:32,  6.47s/it, -ELBO=1.5344, Potential Metric=0.1013, Entropy Metric=0.0242]

Epoch 28: 100%|██████████| 16/16 [00:06<00:00,  2.37it/s][A

                                                         [A
Training Epochs:  14%|█▍        | 29/200 [02:10<18:33,  6.51s/it, -ELBO=1.5344, Potential Metric=0.1013, Entropy Metric=0.0242]

Epoch 29:   0%|          | 0/16 [00:00<?, ?it/s][A
Training Epochs:  14%|█▍        | 29/200 [02:11<18:33,  6.51s/it, -ELBO=1.5420, Potential Metric=0.0934, Entropy Metric=0.0275]

Epoch 29:   6%|▋         | 1/16 [00:00<00:06,  2.36it/s][A
Training Epochs:  14%|█▍        | 29/200 [02:11<18:33,  6.51s/it, -ELBO=1.5899, Potential Metric=0.0980, Entropy Metric=0.0282]

Epoch 29:  12%|█▎        | 2/16 [00:00<00:05,  2.49it/s][A
Training Epochs:  14%|█▍        | 29/200 [02:12<18:33,  6.51s/it, -ELBO=1.5530, Potential Metric=0.0967, Entropy Metric=0.0290]

Epoch 29:  19%|█▉        | 3/16 [00:01<00:04,  2.65it/s][A
Training Epochs:  14%|█▍        | 29/200 [02:12<18:33,  6.51s/it, -ELBO=1.5256, Potential Metric=0.0947, Entropy Metric=0.0316]

Epoch 29:  25%|██▌       | 4/16 [00:01<00:04,  2.61it/s][A
Training Epochs:  14%|█▍        | 29/200 [02:13<18:33,  6.51s/it, -ELBO=1.5505, Potential Metric=0.0946, Entropy Metric=0.0273]

Epoch 29:  31%|███▏      | 5/16 [00:01<00:04,  2.63it/s][A
Training Epochs:  14%|█▍        | 29/200 [02:13<18:33,  6.51s/it, -ELBO=1.5646, Potential Metric=0.0967, Entropy Metric=0.0278]

Epoch 29:  38%|███▊      | 6/16 [00:02<00:03,  2.66it/s][A
Training Epochs:  14%|█▍        | 29/200 [02:13<18:33,  6.51s/it, -ELBO=1.5637, Potential Metric=0.1008, Entropy Metric=0.0275]

Epoch 29:  44%|████▍     | 7/16 [00:02<00:03,  2.61it/s][A
Training Epochs:  14%|█▍        | 29/200 [02:14<18:33,  6.51s/it, -ELBO=1.5463, Potential Metric=0.1001, Entropy Metric=0.0266]

Epoch 29:  50%|█████     | 8/16 [00:03<00:03,  2.61it/s][A
Training Epochs:  14%|█▍        | 29/200 [02:14<18:33,  6.51s/it, -ELBO=1.5392, Potential Metric=0.0945, Entropy Metric=0.0273]

Epoch 29:  56%|█████▋    | 9/16 [00:03<00:02,  2.46it/s][A
Training Epochs:  14%|█▍        | 29/200 [02:14<18:33,  6.51s/it, -ELBO=1.5918, Potential Metric=0.1037, Entropy Metric=0.0282]

Epoch 29:  62%|██████▎   | 10/16 [00:03<00:02,  2.52it/s][A
Training Epochs:  14%|█▍        | 29/200 [02:15<18:33,  6.51s/it, -ELBO=1.5543, Potential Metric=0.0995, Entropy Metric=0.0274]

Epoch 29:  69%|██████▉   | 11/16 [00:04<00:01,  2.52it/s][A
Training Epochs:  14%|█▍        | 29/200 [02:15<18:33,  6.51s/it, -ELBO=1.5253, Potential Metric=0.0960, Entropy Metric=0.0268]

Epoch 29:  75%|███████▌  | 12/16 [00:04<00:01,  2.55it/s][A
Training Epochs:  14%|█▍        | 29/200 [02:16<18:33,  6.51s/it, -ELBO=1.5683, Potential Metric=0.0938, Entropy Metric=0.0246]

Epoch 29:  81%|████████▏ | 13/16 [00:05<00:01,  2.55it/s][A
Training Epochs:  14%|█▍        | 29/200 [02:16<18:33,  6.51s/it, -ELBO=1.5599, Potential Metric=0.0943, Entropy Metric=0.0233]

Epoch 29:  88%|████████▊ | 14/16 [00:05<00:00,  2.50it/s][A
Training Epochs:  14%|█▍        | 29/200 [02:16<18:33,  6.51s/it, -ELBO=1.5471, Potential Metric=0.0948, Entropy Metric=0.0250]

Epoch 29:  94%|█████████▍| 15/16 [00:05<00:00,  2.53it/s][A
Training Epochs:  14%|█▍        | 29/200 [02:17<18:33,  6.51s/it, -ELBO=1.5393, Potential Metric=0.1005, Entropy Metric=0.0239]

Epoch 29: 100%|██████████| 16/16 [00:06<00:00,  2.51it/s][A

                                                         [A
Training Epochs:  15%|█▌        | 30/200 [02:17<18:21,  6.48s/it, -ELBO=1.5393, Potential Metric=0.1005, Entropy Metric=0.0239]

Epoch 30:   0%|          | 0/16 [00:00<?, ?it/s][A
Training Epochs:  15%|█▌        | 30/200 [02:17<18:21,  6.48s/it, -ELBO=1.5582, Potential Metric=0.0940, Entropy Metric=0.0230]

Epoch 30:   6%|▋         | 1/16 [00:00<00:06,  2.23it/s][A
Training Epochs:  15%|█▌        | 30/200 [02:18<18:21,  6.48s/it, -ELBO=1.5681, Potential Metric=0.0930, Entropy Metric=0.0277]

Epoch 30:  12%|█▎        | 2/16 [00:00<00:05,  2.41it/s][A
Training Epochs:  15%|█▌        | 30/200 [02:18<18:21,  6.48s/it, -ELBO=1.5750, Potential Metric=0.0942, Entropy Metric=0.0240]

Epoch 30:  19%|█▉        | 3/16 [00:01<00:05,  2.42it/s][A
Training Epochs:  15%|█▌        | 30/200 [02:19<18:21,  6.48s/it, -ELBO=1.5413, Potential Metric=0.0955, Entropy Metric=0.0275]

Epoch 30:  25%|██▌       | 4/16 [00:01<00:04,  2.41it/s][A
Training Epochs:  15%|█▌        | 30/200 [02:19<18:21,  6.48s/it, -ELBO=1.5698, Potential Metric=0.0965, Entropy Metric=0.0301]

Epoch 30:  31%|███▏      | 5/16 [00:02<00:04,  2.40it/s][A
Training Epochs:  15%|█▌        | 30/200 [02:20<18:21,  6.48s/it, -ELBO=1.5914, Potential Metric=0.0984, Entropy Metric=0.0301]

Epoch 30:  38%|███▊      | 6/16 [00:02<00:04,  2.39it/s][A
Training Epochs:  15%|█▌        | 30/200 [02:20<18:21,  6.48s/it, -ELBO=1.5122, Potential Metric=0.0997, Entropy Metric=0.0297]

Epoch 30:  44%|████▍     | 7/16 [00:02<00:03,  2.47it/s][A
Training Epochs:  15%|█▌        | 30/200 [02:20<18:21,  6.48s/it, -ELBO=1.5147, Potential Metric=0.0977, Entropy Metric=0.0273]

Epoch 30:  50%|█████     | 8/16 [00:03<00:03,  2.55it/s][A
Training Epochs:  15%|█▌        | 30/200 [02:21<18:21,  6.48s/it, -ELBO=1.5368, Potential Metric=0.1086, Entropy Metric=0.0260]

Epoch 30:  56%|█████▋    | 9/16 [00:03<00:02,  2.53it/s][A
Training Epochs:  15%|█▌        | 30/200 [02:21<18:21,  6.48s/it, -ELBO=1.5676, Potential Metric=0.1010, Entropy Metric=0.0250]

Epoch 30:  62%|██████▎   | 10/16 [00:04<00:02,  2.50it/s][A
Training Epochs:  15%|█▌        | 30/200 [02:21<18:21,  6.48s/it, -ELBO=1.4844, Potential Metric=0.0999, Entropy Metric=0.0263]

Epoch 30:  69%|██████▉   | 11/16 [00:04<00:01,  2.54it/s][A
Training Epochs:  15%|█▌        | 30/200 [02:22<18:21,  6.48s/it, -ELBO=1.5276, Potential Metric=0.1070, Entropy Metric=0.0289]

Epoch 30:  75%|███████▌  | 12/16 [00:04<00:01,  2.60it/s][A
Training Epochs:  15%|█▌        | 30/200 [02:22<18:21,  6.48s/it, -ELBO=1.5451, Potential Metric=0.0975, Entropy Metric=0.0256]

Epoch 30:  81%|████████▏ | 13/16 [00:05<00:01,  2.68it/s][A
Training Epochs:  15%|█▌        | 30/200 [02:23<18:21,  6.48s/it, -ELBO=1.5143, Potential Metric=0.0929, Entropy Metric=0.0283]

Epoch 30:  88%|████████▊ | 14/16 [00:05<00:00,  2.60it/s][A
Training Epochs:  15%|█▌        | 30/200 [02:23<18:21,  6.48s/it, -ELBO=1.5758, Potential Metric=0.0945, Entropy Metric=0.0258]

Epoch 30:  94%|█████████▍| 15/16 [00:06<00:00,  2.48it/s][A
Training Epochs:  15%|█▌        | 30/200 [02:23<18:21,  6.48s/it, -ELBO=1.5628, Potential Metric=0.1005, Entropy Metric=0.0276]

Epoch 30: 100%|██████████| 16/16 [00:06<00:00,  2.41it/s][A

                                                         [A
Training Epochs:  16%|█▌        | 31/200 [02:23<18:19,  6.51s/it, -ELBO=1.5628, Potential Metric=0.1005, Entropy Metric=0.0276]

Epoch 31:   0%|          | 0/16 [00:00<?, ?it/s][A
Training Epochs:  16%|█▌        | 31/200 [02:24<18:19,  6.51s/it, -ELBO=1.5373, Potential Metric=0.0929, Entropy Metric=0.0270]

Epoch 31:   6%|▋         | 1/16 [00:00<00:07,  2.03it/s][A
Training Epochs:  16%|█▌        | 31/200 [02:24<18:19,  6.51s/it, -ELBO=1.5394, Potential Metric=0.0938, Entropy Metric=0.0272]

Epoch 31:  12%|█▎        | 2/16 [00:00<00:06,  2.28it/s][A
Training Epochs:  16%|█▌        | 31/200 [02:25<18:19,  6.51s/it, -ELBO=1.5412, Potential Metric=0.1009, Entropy Metric=0.0262]

Epoch 31:  19%|█▉        | 3/16 [00:01<00:05,  2.37it/s][A
Training Epochs:  16%|█▌        | 31/200 [02:25<18:19,  6.51s/it, -ELBO=1.5561, Potential Metric=0.1069, Entropy Metric=0.0294]

Epoch 31:  25%|██▌       | 4/16 [00:01<00:04,  2.48it/s][A
Training Epochs:  16%|█▌        | 31/200 [02:26<18:19,  6.51s/it, -ELBO=1.5569, Potential Metric=0.1101, Entropy Metric=0.0227]

Epoch 31:  31%|███▏      | 5/16 [00:02<00:04,  2.51it/s][A
Training Epochs:  16%|█▌        | 31/200 [02:26<18:19,  6.51s/it, -ELBO=1.5146, Potential Metric=0.1017, Entropy Metric=0.0252]

Epoch 31:  38%|███▊      | 6/16 [00:02<00:03,  2.57it/s][A
Training Epochs:  16%|█▌        | 31/200 [02:26<18:19,  6.51s/it, -ELBO=1.5606, Potential Metric=0.0980, Entropy Metric=0.0252]

Epoch 31:  44%|████▍     | 7/16 [00:02<00:03,  2.57it/s][A
Training Epochs:  16%|█▌        | 31/200 [02:27<18:19,  6.51s/it, -ELBO=1.5253, Potential Metric=0.0962, Entropy Metric=0.0250]

Epoch 31:  50%|█████     | 8/16 [00:03<00:03,  2.40it/s][A
Training Epochs:  16%|█▌        | 31/200 [02:27<18:19,  6.51s/it, -ELBO=1.5227, Potential Metric=0.1037, Entropy Metric=0.0254]

Epoch 31:  56%|█████▋    | 9/16 [00:03<00:03,  2.32it/s][A
Training Epochs:  16%|█▌        | 31/200 [02:28<18:19,  6.51s/it, -ELBO=1.5440, Potential Metric=0.1040, Entropy Metric=0.0246]

Epoch 31:  62%|██████▎   | 10/16 [00:04<00:02,  2.30it/s][A
Training Epochs:  16%|█▌        | 31/200 [02:28<18:19,  6.51s/it, -ELBO=1.5161, Potential Metric=0.1039, Entropy Metric=0.0252]

Epoch 31:  69%|██████▉   | 11/16 [00:04<00:02,  2.29it/s][A
Training Epochs:  16%|█▌        | 31/200 [02:29<18:19,  6.51s/it, -ELBO=1.5424, Potential Metric=0.1021, Entropy Metric=0.0258]

Epoch 31:  75%|███████▌  | 12/16 [00:05<00:01,  2.28it/s][A
Training Epochs:  16%|█▌        | 31/200 [02:29<18:19,  6.51s/it, -ELBO=1.5156, Potential Metric=0.1048, Entropy Metric=0.0267]

Epoch 31:  81%|████████▏ | 13/16 [00:05<00:01,  2.38it/s][A
Training Epochs:  16%|█▌        | 31/200 [02:29<18:19,  6.51s/it, -ELBO=1.5448, Potential Metric=0.0995, Entropy Metric=0.0276]

Epoch 31:  88%|████████▊ | 14/16 [00:05<00:00,  2.34it/s][A
Training Epochs:  16%|█▌        | 31/200 [02:30<18:19,  6.51s/it, -ELBO=1.5254, Potential Metric=0.0940, Entropy Metric=0.0228]

Epoch 31:  94%|█████████▍| 15/16 [00:06<00:00,  2.52it/s][A
Training Epochs:  16%|█▌        | 31/200 [02:30<18:19,  6.51s/it, -ELBO=1.5720, Potential Metric=0.0958, Entropy Metric=0.0262]

Epoch 31: 100%|██████████| 16/16 [00:06<00:00,  2.54it/s][A

                                                         [A
Training Epochs:  16%|█▌        | 32/200 [02:30<18:23,  6.57s/it, -ELBO=1.5720, Potential Metric=0.0958, Entropy Metric=0.0262]

Epoch 32:   0%|          | 0/16 [00:00<?, ?it/s][A
Training Epochs:  16%|█▌        | 32/200 [02:31<18:23,  6.57s/it, -ELBO=1.5475, Potential Metric=0.0934, Entropy Metric=0.0255]

Epoch 32:   6%|▋         | 1/16 [00:00<00:06,  2.46it/s][A
Training Epochs:  16%|█▌        | 32/200 [02:31<18:23,  6.57s/it, -ELBO=1.5243, Potential Metric=0.0881, Entropy Metric=0.0269]

Epoch 32:  12%|█▎        | 2/16 [00:00<00:05,  2.51it/s][A
Training Epochs:  16%|█▌        | 32/200 [02:31<18:23,  6.57s/it, -ELBO=1.5815, Potential Metric=0.0933, Entropy Metric=0.0265]

Epoch 32:  19%|█▉        | 3/16 [00:01<00:05,  2.30it/s][A
Training Epochs:  16%|█▌        | 32/200 [02:32<18:23,  6.57s/it, -ELBO=1.5536, Potential Metric=0.0986, Entropy Metric=0.0258]

Epoch 32:  25%|██▌       | 4/16 [00:01<00:05,  2.33it/s][A
Training Epochs:  16%|█▌        | 32/200 [02:32<18:23,  6.57s/it, -ELBO=1.5133, Potential Metric=0.0918, Entropy Metric=0.0263]

Epoch 32:  31%|███▏      | 5/16 [00:02<00:05,  2.18it/s][A
Training Epochs:  16%|█▌        | 32/200 [02:33<18:23,  6.57s/it, -ELBO=1.5059, Potential Metric=0.0919, Entropy Metric=0.0273]

Epoch 32:  38%|███▊      | 6/16 [00:02<00:04,  2.22it/s][A
Training Epochs:  16%|█▌        | 32/200 [02:33<18:23,  6.57s/it, -ELBO=1.5598, Potential Metric=0.1008, Entropy Metric=0.0296]

Epoch 32:  44%|████▍     | 7/16 [00:03<00:04,  2.20it/s][A
Training Epochs:  16%|█▌        | 32/200 [02:34<18:23,  6.57s/it, -ELBO=1.5024, Potential Metric=0.1034, Entropy Metric=0.0283]

Epoch 32:  50%|█████     | 8/16 [00:03<00:03,  2.33it/s][A
Training Epochs:  16%|█▌        | 32/200 [02:34<18:23,  6.57s/it, -ELBO=1.6066, Potential Metric=0.1002, Entropy Metric=0.0264]

Epoch 32:  56%|█████▋    | 9/16 [00:03<00:02,  2.38it/s][A
Training Epochs:  16%|█▌        | 32/200 [02:35<18:23,  6.57s/it, -ELBO=1.5059, Potential Metric=0.1061, Entropy Metric=0.0280]

Epoch 32:  62%|██████▎   | 10/16 [00:04<00:02,  2.38it/s][A
Training Epochs:  16%|█▌        | 32/200 [02:35<18:23,  6.57s/it, -ELBO=1.5039, Potential Metric=0.1067, Entropy Metric=0.0286]

Epoch 32:  69%|██████▉   | 11/16 [00:04<00:02,  2.37it/s][A
Training Epochs:  16%|█▌        | 32/200 [02:35<18:23,  6.57s/it, -ELBO=1.5323, Potential Metric=0.0963, Entropy Metric=0.0279]

Epoch 32:  75%|███████▌  | 12/16 [00:05<00:01,  2.37it/s][A
Training Epochs:  16%|█▌        | 32/200 [02:36<18:23,  6.57s/it, -ELBO=1.5369, Potential Metric=0.1045, Entropy Metric=0.0266]

Epoch 32:  81%|████████▏ | 13/16 [00:05<00:01,  2.35it/s][A
Training Epochs:  16%|█▌        | 32/200 [02:36<18:23,  6.57s/it, -ELBO=1.5111, Potential Metric=0.1012, Entropy Metric=0.0257]

Epoch 32:  88%|████████▊ | 14/16 [00:06<00:00,  2.35it/s][A
Training Epochs:  16%|█▌        | 32/200 [02:37<18:23,  6.57s/it, -ELBO=1.4877, Potential Metric=0.1013, Entropy Metric=0.0257]

Epoch 32:  94%|█████████▍| 15/16 [00:06<00:00,  2.28it/s][A
Training Epochs:  16%|█▌        | 32/200 [02:37<18:23,  6.57s/it, -ELBO=1.5364, Potential Metric=0.1012, Entropy Metric=0.0254]

Epoch 32: 100%|██████████| 16/16 [00:06<00:00,  2.29it/s][A

                                                         [A
Training Epochs:  16%|█▋        | 33/200 [02:37<18:36,  6.68s/it, -ELBO=1.5364, Potential Metric=0.1012, Entropy Metric=0.0254]

Epoch 33:   0%|          | 0/16 [00:00<?, ?it/s][A
Training Epochs:  16%|█▋        | 33/200 [02:38<18:36,  6.68s/it, -ELBO=1.4952, Potential Metric=0.1134, Entropy Metric=0.0281]

Epoch 33:   6%|▋         | 1/16 [00:00<00:07,  2.04it/s][A
Training Epochs:  16%|█▋        | 33/200 [02:38<18:36,  6.68s/it, -ELBO=1.5749, Potential Metric=0.1013, Entropy Metric=0.0255]

Epoch 33:  12%|█▎        | 2/16 [00:00<00:06,  2.15it/s][A
Training Epochs:  16%|█▋        | 33/200 [02:39<18:36,  6.68s/it, -ELBO=1.4963, Potential Metric=0.1062, Entropy Metric=0.0277]

Epoch 33:  19%|█▉        | 3/16 [00:01<00:05,  2.27it/s][A
Training Epochs:  16%|█▋        | 33/200 [02:39<18:36,  6.68s/it, -ELBO=1.5114, Potential Metric=0.0978, Entropy Metric=0.0266]

Epoch 33:  25%|██▌       | 4/16 [00:01<00:05,  2.31it/s][A
Training Epochs:  16%|█▋        | 33/200 [02:39<18:36,  6.68s/it, -ELBO=1.5534, Potential Metric=0.1015, Entropy Metric=0.0244]

Epoch 33:  31%|███▏      | 5/16 [00:02<00:04,  2.38it/s][A
Training Epochs:  16%|█▋        | 33/200 [02:40<18:36,  6.68s/it, -ELBO=1.5409, Potential Metric=0.0974, Entropy Metric=0.0269]

Epoch 33:  38%|███▊      | 6/16 [00:02<00:04,  2.43it/s][A
Training Epochs:  16%|█▋        | 33/200 [02:40<18:36,  6.68s/it, -ELBO=1.4734, Potential Metric=0.1003, Entropy Metric=0.0278]

Epoch 33:  44%|████▍     | 7/16 [00:02<00:03,  2.47it/s][A
Training Epochs:  16%|█▋        | 33/200 [02:41<18:36,  6.68s/it, -ELBO=1.4889, Potential Metric=0.0988, Entropy Metric=0.0264]

Epoch 33:  50%|█████     | 8/16 [00:03<00:03,  2.41it/s][A
Training Epochs:  16%|█▋        | 33/200 [02:41<18:36,  6.68s/it, -ELBO=1.5018, Potential Metric=0.1001, Entropy Metric=0.0291]

Epoch 33:  56%|█████▋    | 9/16 [00:03<00:02,  2.35it/s][A
Training Epochs:  16%|█▋        | 33/200 [02:41<18:36,  6.68s/it, -ELBO=1.4945, Potential Metric=0.0995, Entropy Metric=0.0279]

Epoch 33:  62%|██████▎   | 10/16 [00:04<00:02,  2.40it/s][A
Training Epochs:  16%|█▋        | 33/200 [02:42<18:36,  6.68s/it, -ELBO=1.5388, Potential Metric=0.1047, Entropy Metric=0.0246]

Epoch 33:  69%|██████▉   | 11/16 [00:04<00:02,  2.33it/s][A
Training Epochs:  16%|█▋        | 33/200 [02:42<18:36,  6.68s/it, -ELBO=1.5380, Potential Metric=0.1014, Entropy Metric=0.0268]

Epoch 33:  75%|███████▌  | 12/16 [00:05<00:01,  2.37it/s][A
Training Epochs:  16%|█▋        | 33/200 [02:43<18:36,  6.68s/it, -ELBO=1.5140, Potential Metric=0.0996, Entropy Metric=0.0263]

Epoch 33:  81%|████████▏ | 13/16 [00:05<00:01,  2.46it/s][A
Training Epochs:  16%|█▋        | 33/200 [02:43<18:36,  6.68s/it, -ELBO=1.5239, Potential Metric=0.0935, Entropy Metric=0.0240]

Epoch 33:  88%|████████▊ | 14/16 [00:05<00:00,  2.47it/s][A
Training Epochs:  16%|█▋        | 33/200 [02:44<18:36,  6.68s/it, -ELBO=1.5746, Potential Metric=0.1025, Entropy Metric=0.0276]

Epoch 33:  94%|█████████▍| 15/16 [00:06<00:00,  2.30it/s][A
Training Epochs:  16%|█▋        | 33/200 [02:44<18:36,  6.68s/it, -ELBO=1.5424, Potential Metric=0.1004, Entropy Metric=0.0263]

Epoch 33: 100%|██████████| 16/16 [00:06<00:00,  2.29it/s][A

                                                         [A
Training Epochs:  17%|█▋        | 34/200 [02:44<18:39,  6.74s/it, -ELBO=1.5424, Potential Metric=0.1004, Entropy Metric=0.0263]

Epoch 34:   0%|          | 0/16 [00:00<?, ?it/s][A
Training Epochs:  17%|█▋        | 34/200 [02:45<18:39,  6.74s/it, -ELBO=1.5096, Potential Metric=0.0959, Entropy Metric=0.0260]

Epoch 34:   6%|▋         | 1/16 [00:00<00:08,  1.82it/s][A
Training Epochs:  17%|█▋        | 34/200 [02:45<18:39,  6.74s/it, -ELBO=1.5191, Potential Metric=0.0984, Entropy Metric=0.0255]

Epoch 34:  12%|█▎        | 2/16 [00:00<00:06,  2.04it/s][A
Training Epochs:  17%|█▋        | 34/200 [02:46<18:39,  6.74s/it, -ELBO=1.5217, Potential Metric=0.1017, Entropy Metric=0.0282]

Epoch 34:  19%|█▉        | 3/16 [00:01<00:05,  2.18it/s][A
Training Epochs:  17%|█▋        | 34/200 [02:46<18:39,  6.74s/it, -ELBO=1.5244, Potential Metric=0.1054, Entropy Metric=0.0279]

Epoch 34:  25%|██▌       | 4/16 [00:01<00:05,  2.26it/s][A
Training Epochs:  17%|█▋        | 34/200 [02:46<18:39,  6.74s/it, -ELBO=1.4973, Potential Metric=0.1053, Entropy Metric=0.0284]

Epoch 34:  31%|███▏      | 5/16 [00:02<00:04,  2.29it/s][A
Training Epochs:  17%|█▋        | 34/200 [02:47<18:39,  6.74s/it, -ELBO=1.5179, Potential Metric=0.1013, Entropy Metric=0.0296]

Epoch 34:  38%|███▊      | 6/16 [00:02<00:04,  2.30it/s][A
Training Epochs:  17%|█▋        | 34/200 [02:47<18:39,  6.74s/it, -ELBO=1.5401, Potential Metric=0.1056, Entropy Metric=0.0297]

Epoch 34:  44%|████▍     | 7/16 [00:03<00:03,  2.34it/s][A
Training Epochs:  17%|█▋        | 34/200 [02:48<18:39,  6.74s/it, -ELBO=1.5165, Potential Metric=0.1010, Entropy Metric=0.0267]

Epoch 34:  50%|█████     | 8/16 [00:03<00:03,  2.34it/s][A
Training Epochs:  17%|█▋        | 34/200 [02:48<18:39,  6.74s/it, -ELBO=1.5272, Potential Metric=0.1077, Entropy Metric=0.0289]

Epoch 34:  56%|█████▋    | 9/16 [00:04<00:03,  2.21it/s][A
Training Epochs:  17%|█▋        | 34/200 [02:49<18:39,  6.74s/it, -ELBO=1.4781, Potential Metric=0.1096, Entropy Metric=0.0253]

Epoch 34:  62%|██████▎   | 10/16 [00:04<00:02,  2.21it/s][A
Training Epochs:  17%|█▋        | 34/200 [02:49<18:39,  6.74s/it, -ELBO=1.5199, Potential Metric=0.1060, Entropy Metric=0.0252]

Epoch 34:  69%|██████▉   | 11/16 [00:04<00:02,  2.22it/s][A
Training Epochs:  17%|█▋        | 34/200 [02:50<18:39,  6.74s/it, -ELBO=1.4983, Potential Metric=0.1086, Entropy Metric=0.0277]

Epoch 34:  75%|███████▌  | 12/16 [00:05<00:01,  2.21it/s][A
Training Epochs:  17%|█▋        | 34/200 [02:50<18:39,  6.74s/it, -ELBO=1.5151, Potential Metric=0.1127, Entropy Metric=0.0264]

Epoch 34:  81%|████████▏ | 13/16 [00:05<00:01,  2.24it/s][A
Training Epochs:  17%|█▋        | 34/200 [02:50<18:39,  6.74s/it, -ELBO=1.4927, Potential Metric=0.1025, Entropy Metric=0.0251]

Epoch 34:  88%|████████▊ | 14/16 [00:06<00:00,  2.30it/s][A
Training Epochs:  17%|█▋        | 34/200 [02:51<18:39,  6.74s/it, -ELBO=1.5216, Potential Metric=0.1104, Entropy Metric=0.0268]

Epoch 34:  94%|█████████▍| 15/16 [00:06<00:00,  2.27it/s][A
Training Epochs:  17%|█▋        | 34/200 [02:51<18:39,  6.74s/it, -ELBO=1.5451, Potential Metric=0.1045, Entropy Metric=0.0263]

Epoch 34: 100%|██████████| 16/16 [00:07<00:00,  2.25it/s][A

                                                         [A
Training Epochs:  18%|█▊        | 35/200 [02:51<18:58,  6.90s/it, -ELBO=1.5451, Potential Metric=0.1045, Entropy Metric=0.0263]

Epoch 35:   0%|          | 0/16 [00:00<?, ?it/s][A
Training Epochs:  18%|█▊        | 35/200 [02:52<18:58,  6.90s/it, -ELBO=1.4924, Potential Metric=0.0991, Entropy Metric=0.0257]

Epoch 35:   6%|▋         | 1/16 [00:00<00:06,  2.24it/s][A
Training Epochs:  18%|█▊        | 35/200 [02:52<18:58,  6.90s/it, -ELBO=1.5348, Potential Metric=0.0949, Entropy Metric=0.0258]

Epoch 35:  12%|█▎        | 2/16 [00:00<00:06,  2.31it/s][A
Training Epochs:  18%|█▊        | 35/200 [02:53<18:58,  6.90s/it, -ELBO=1.5444, Potential Metric=0.1052, Entropy Metric=0.0292]

Epoch 35:  19%|█▉        | 3/16 [00:01<00:05,  2.37it/s][A
Training Epochs:  18%|█▊        | 35/200 [02:53<18:58,  6.90s/it, -ELBO=1.5038, Potential Metric=0.1012, Entropy Metric=0.0271]

Epoch 35:  25%|██▌       | 4/16 [00:01<00:05,  2.38it/s][A
Training Epochs:  18%|█▊        | 35/200 [02:53<18:58,  6.90s/it, -ELBO=1.5231, Potential Metric=0.1019, Entropy Metric=0.0283]

Epoch 35:  31%|███▏      | 5/16 [00:02<00:04,  2.38it/s][A
Training Epochs:  18%|█▊        | 35/200 [02:54<18:58,  6.90s/it, -ELBO=1.4669, Potential Metric=0.1068, Entropy Metric=0.0267]

Epoch 35:  38%|███▊      | 6/16 [00:02<00:04,  2.41it/s][A
Training Epochs:  18%|█▊        | 35/200 [02:54<18:58,  6.90s/it, -ELBO=1.4895, Potential Metric=0.1051, Entropy Metric=0.0230]

Epoch 35:  44%|████▍     | 7/16 [00:02<00:03,  2.43it/s][A
Training Epochs:  18%|█▊        | 35/200 [02:55<18:58,  6.90s/it, -ELBO=1.5236, Potential Metric=0.1033, Entropy Metric=0.0280]

Epoch 35:  50%|█████     | 8/16 [00:03<00:03,  2.45it/s][A
Training Epochs:  18%|█▊        | 35/200 [02:55<18:58,  6.90s/it, -ELBO=1.4984, Potential Metric=0.1117, Entropy Metric=0.0270]

Epoch 35:  56%|█████▋    | 9/16 [00:03<00:02,  2.43it/s][A
Training Epochs:  18%|█▊        | 35/200 [02:56<18:58,  6.90s/it, -ELBO=1.5324, Potential Metric=0.1022, Entropy Metric=0.0283]

Epoch 35:  62%|██████▎   | 10/16 [00:04<00:02,  2.35it/s][A
Training Epochs:  18%|█▊        | 35/200 [02:56<18:58,  6.90s/it, -ELBO=1.4930, Potential Metric=0.0942, Entropy Metric=0.0248]

Epoch 35:  69%|██████▉   | 11/16 [00:04<00:02,  2.39it/s][A
Training Epochs:  18%|█▊        | 35/200 [02:56<18:58,  6.90s/it, -ELBO=1.5030, Potential Metric=0.1029, Entropy Metric=0.0272]

Epoch 35:  75%|███████▌  | 12/16 [00:05<00:01,  2.29it/s][A
Training Epochs:  18%|█▊        | 35/200 [02:57<18:58,  6.90s/it, -ELBO=1.5040, Potential Metric=0.0997, Entropy Metric=0.0258]

Epoch 35:  81%|████████▏ | 13/16 [00:05<00:01,  2.39it/s][A
Training Epochs:  18%|█▊        | 35/200 [02:57<18:58,  6.90s/it, -ELBO=1.5428, Potential Metric=0.1036, Entropy Metric=0.0307]

Epoch 35:  88%|████████▊ | 14/16 [00:05<00:00,  2.29it/s][A
Training Epochs:  18%|█▊        | 35/200 [02:58<18:58,  6.90s/it, -ELBO=1.4939, Potential Metric=0.1075, Entropy Metric=0.0282]

Epoch 35:  94%|█████████▍| 15/16 [00:06<00:00,  2.29it/s][A
Training Epochs:  18%|█▊        | 35/200 [02:58<18:58,  6.90s/it, -ELBO=1.5078, Potential Metric=0.0952, Entropy Metric=0.0262]

Epoch 35: 100%|██████████| 16/16 [00:06<00:00,  2.26it/s][A

                                                         [A
Training Epochs:  18%|█▊        | 36/200 [02:58<18:53,  6.91s/it, -ELBO=1.5078, Potential Metric=0.0952, Entropy Metric=0.0262]

Epoch 36:   0%|          | 0/16 [00:00<?, ?it/s][A
Training Epochs:  18%|█▊        | 36/200 [02:59<18:53,  6.91s/it, -ELBO=1.4736, Potential Metric=0.1021, Entropy Metric=0.0236]

Epoch 36:   6%|▋         | 1/16 [00:00<00:06,  2.44it/s][A
Training Epochs:  18%|█▊        | 36/200 [02:59<18:53,  6.91s/it, -ELBO=1.5338, Potential Metric=0.0967, Entropy Metric=0.0271]

Epoch 36:  12%|█▎        | 2/16 [00:00<00:06,  2.30it/s][A
Training Epochs:  18%|█▊        | 36/200 [03:00<18:53,  6.91s/it, -ELBO=1.5268, Potential Metric=0.1029, Entropy Metric=0.0268]

Epoch 36:  19%|█▉        | 3/16 [00:01<00:06,  1.97it/s][A
Training Epochs:  18%|█▊        | 36/200 [03:00<18:53,  6.91s/it, -ELBO=1.5213, Potential Metric=0.1032, Entropy Metric=0.0260]

Epoch 36:  25%|██▌       | 4/16 [00:01<00:05,  2.08it/s][A
Training Epochs:  18%|█▊        | 36/200 [03:01<18:53,  6.91s/it, -ELBO=1.4832, Potential Metric=0.1083, Entropy Metric=0.0268]

Epoch 36:  31%|███▏      | 5/16 [00:02<00:05,  2.14it/s][A
Training Epochs:  18%|█▊        | 36/200 [03:01<18:53,  6.91s/it, -ELBO=1.4817, Potential Metric=0.1032, Entropy Metric=0.0291]

Epoch 36:  38%|███▊      | 6/16 [00:02<00:04,  2.21it/s][A
Training Epochs:  18%|█▊        | 36/200 [03:01<18:53,  6.91s/it, -ELBO=1.5309, Potential Metric=0.1071, Entropy Metric=0.0275]

Epoch 36:  44%|████▍     | 7/16 [00:03<00:03,  2.31it/s][A
Training Epochs:  18%|█▊        | 36/200 [03:02<18:53,  6.91s/it, -ELBO=1.4474, Potential Metric=0.1170, Entropy Metric=0.0277]

Epoch 36:  50%|█████     | 8/16 [00:03<00:03,  2.30it/s][A
Training Epochs:  18%|█▊        | 36/200 [03:02<18:53,  6.91s/it, -ELBO=1.5105, Potential Metric=0.0952, Entropy Metric=0.0235]

Epoch 36:  56%|█████▋    | 9/16 [00:04<00:03,  2.25it/s][A
Training Epochs:  18%|█▊        | 36/200 [03:03<18:53,  6.91s/it, -ELBO=1.5185, Potential Metric=0.1097, Entropy Metric=0.0273]

Epoch 36:  62%|██████▎   | 10/16 [00:04<00:02,  2.17it/s][A
Training Epochs:  18%|█▊        | 36/200 [03:03<18:53,  6.91s/it, -ELBO=1.4854, Potential Metric=0.1149, Entropy Metric=0.0303]

Epoch 36:  69%|██████▉   | 11/16 [00:05<00:02,  2.15it/s][A
Training Epochs:  18%|█▊        | 36/200 [03:04<18:53,  6.91s/it, -ELBO=1.4816, Potential Metric=0.1208, Entropy Metric=0.0269]

Epoch 36:  75%|███████▌  | 12/16 [00:05<00:01,  2.19it/s][A
Training Epochs:  18%|█▊        | 36/200 [03:04<18:53,  6.91s/it, -ELBO=1.5015, Potential Metric=0.1106, Entropy Metric=0.0296]

Epoch 36:  81%|████████▏ | 13/16 [00:05<00:01,  2.17it/s][A
Training Epochs:  18%|█▊        | 36/200 [03:05<18:53,  6.91s/it, -ELBO=1.5180, Potential Metric=0.1012, Entropy Metric=0.0257]

Epoch 36:  88%|████████▊ | 14/16 [00:06<00:00,  2.26it/s][A
Training Epochs:  18%|█▊        | 36/200 [03:05<18:53,  6.91s/it, -ELBO=1.4916, Potential Metric=0.1146, Entropy Metric=0.0282]

Epoch 36:  94%|█████████▍| 15/16 [00:06<00:00,  2.29it/s][A
Training Epochs:  18%|█▊        | 36/200 [03:05<18:53,  6.91s/it, -ELBO=1.4823, Potential Metric=0.1045, Entropy Metric=0.0272]

Epoch 36: 100%|██████████| 16/16 [00:07<00:00,  2.30it/s][A

                                                         [A
Training Epochs:  18%|█▊        | 37/200 [03:05<19:03,  7.02s/it, -ELBO=1.4823, Potential Metric=0.1045, Entropy Metric=0.0272]

Epoch 37:   0%|          | 0/16 [00:00<?, ?it/s][A
Training Epochs:  18%|█▊        | 37/200 [03:06<19:03,  7.02s/it, -ELBO=1.5106, Potential Metric=0.1045, Entropy Metric=0.0260]

Epoch 37:   6%|▋         | 1/16 [00:00<00:06,  2.33it/s][A
Training Epochs:  18%|█▊        | 37/200 [03:06<19:03,  7.02s/it, -ELBO=1.5093, Potential Metric=0.1021, Entropy Metric=0.0248]

Epoch 37:  12%|█▎        | 2/16 [00:00<00:05,  2.47it/s][A
Training Epochs:  18%|█▊        | 37/200 [03:07<19:03,  7.02s/it, -ELBO=1.5149, Potential Metric=0.1080, Entropy Metric=0.0266]

Epoch 37:  19%|█▉        | 3/16 [00:01<00:05,  2.44it/s][A
Training Epochs:  18%|█▊        | 37/200 [03:07<19:03,  7.02s/it, -ELBO=1.5017, Potential Metric=0.1064, Entropy Metric=0.0264]

Epoch 37:  25%|██▌       | 4/16 [00:01<00:04,  2.40it/s][A
Training Epochs:  18%|█▊        | 37/200 [03:08<19:03,  7.02s/it, -ELBO=1.4962, Potential Metric=0.1056, Entropy Metric=0.0277]

Epoch 37:  31%|███▏      | 5/16 [00:02<00:04,  2.33it/s][A
Training Epochs:  18%|█▊        | 37/200 [03:08<19:03,  7.02s/it, -ELBO=1.5172, Potential Metric=0.1108, Entropy Metric=0.0296]

Epoch 37:  38%|███▊      | 6/16 [00:02<00:04,  2.27it/s][A
Training Epochs:  18%|█▊        | 37/200 [03:09<19:03,  7.02s/it, -ELBO=1.4773, Potential Metric=0.1161, Entropy Metric=0.0295]

Epoch 37:  44%|████▍     | 7/16 [00:03<00:04,  2.24it/s][A
Training Epochs:  18%|█▊        | 37/200 [03:09<19:03,  7.02s/it, -ELBO=1.4985, Potential Metric=0.1083, Entropy Metric=0.0239]

Epoch 37:  50%|█████     | 8/16 [00:03<00:03,  2.22it/s][A
Training Epochs:  18%|█▊        | 37/200 [03:10<19:03,  7.02s/it, -ELBO=1.4778, Potential Metric=0.1122, Entropy Metric=0.0291]

Epoch 37:  56%|█████▋    | 9/16 [00:03<00:03,  2.19it/s][A
Training Epochs:  18%|█▊        | 37/200 [03:10<19:03,  7.02s/it, -ELBO=1.5170, Potential Metric=0.1167, Entropy Metric=0.0292]

Epoch 37:  62%|██████▎   | 10/16 [00:04<00:02,  2.17it/s][A
Training Epochs:  18%|█▊        | 37/200 [03:10<19:03,  7.02s/it, -ELBO=1.4652, Potential Metric=0.1056, Entropy Metric=0.0295]

Epoch 37:  69%|██████▉   | 11/16 [00:04<00:02,  2.10it/s][A
Training Epochs:  18%|█▊        | 37/200 [03:11<19:03,  7.02s/it, -ELBO=1.4725, Potential Metric=0.1034, Entropy Metric=0.0275]

Epoch 37:  75%|███████▌  | 12/16 [00:05<00:01,  2.13it/s][A
Training Epochs:  18%|█▊        | 37/200 [03:11<19:03,  7.02s/it, -ELBO=1.4967, Potential Metric=0.1032, Entropy Metric=0.0264]

Epoch 37:  81%|████████▏ | 13/16 [00:05<00:01,  2.09it/s][A
Training Epochs:  18%|█▊        | 37/200 [03:12<19:03,  7.02s/it, -ELBO=1.5023, Potential Metric=0.1006, Entropy Metric=0.0297]

Epoch 37:  88%|████████▊ | 14/16 [00:06<00:00,  2.13it/s][A
Training Epochs:  18%|█▊        | 37/200 [03:12<19:03,  7.02s/it, -ELBO=1.4632, Potential Metric=0.1087, Entropy Metric=0.0270]

Epoch 37:  94%|█████████▍| 15/16 [00:06<00:00,  2.16it/s][A
Training Epochs:  18%|█▊        | 37/200 [03:13<19:03,  7.02s/it, -ELBO=1.4584, Potential Metric=0.1068, Entropy Metric=0.0274]

Epoch 37: 100%|██████████| 16/16 [00:07<00:00,  2.21it/s][A

                                                         [A
Training Epochs:  19%|█▉        | 38/200 [03:13<19:11,  7.11s/it, -ELBO=1.4584, Potential Metric=0.1068, Entropy Metric=0.0274]

Epoch 38:   0%|          | 0/16 [00:00<?, ?it/s][A
Training Epochs:  19%|█▉        | 38/200 [03:13<19:11,  7.11s/it, -ELBO=1.4746, Potential Metric=0.1096, Entropy Metric=0.0258]

Epoch 38:   6%|▋         | 1/16 [00:00<00:06,  2.36it/s][A
Training Epochs:  19%|█▉        | 38/200 [03:14<19:11,  7.11s/it, -ELBO=1.5199, Potential Metric=0.1102, Entropy Metric=0.0272]

Epoch 38:  12%|█▎        | 2/16 [00:00<00:06,  2.31it/s][A
Training Epochs:  19%|█▉        | 38/200 [03:14<19:11,  7.11s/it, -ELBO=1.4899, Potential Metric=0.1072, Entropy Metric=0.0282]

Epoch 38:  19%|█▉        | 3/16 [00:01<00:05,  2.34it/s][A
Training Epochs:  19%|█▉        | 38/200 [03:15<19:11,  7.11s/it, -ELBO=1.4799, Potential Metric=0.1067, Entropy Metric=0.0300]

Epoch 38:  25%|██▌       | 4/16 [00:01<00:05,  2.29it/s][A
Training Epochs:  19%|█▉        | 38/200 [03:15<19:11,  7.11s/it, -ELBO=1.4904, Potential Metric=0.1015, Entropy Metric=0.0303]

Epoch 38:  31%|███▏      | 5/16 [00:02<00:04,  2.25it/s][A
Training Epochs:  19%|█▉        | 38/200 [03:16<19:11,  7.11s/it, -ELBO=1.4793, Potential Metric=0.1105, Entropy Metric=0.0293]

Epoch 38:  38%|███▊      | 6/16 [00:02<00:04,  2.22it/s][A
Training Epochs:  19%|█▉        | 38/200 [03:16<19:11,  7.11s/it, -ELBO=1.5007, Potential Metric=0.1023, Entropy Metric=0.0281]

Epoch 38:  44%|████▍     | 7/16 [00:03<00:03,  2.26it/s][A
Training Epochs:  19%|█▉        | 38/200 [03:16<19:11,  7.11s/it, -ELBO=1.4750, Potential Metric=0.1116, Entropy Metric=0.0266]

Epoch 38:  50%|█████     | 8/16 [00:03<00:03,  2.27it/s][A
Training Epochs:  19%|█▉        | 38/200 [03:17<19:11,  7.11s/it, -ELBO=1.4505, Potential Metric=0.1104, Entropy Metric=0.0279]

Epoch 38:  56%|█████▋    | 9/16 [00:03<00:03,  2.24it/s][A
Training Epochs:  19%|█▉        | 38/200 [03:17<19:11,  7.11s/it, -ELBO=1.4981, Potential Metric=0.1136, Entropy Metric=0.0271]

Epoch 38:  62%|██████▎   | 10/16 [00:04<00:02,  2.26it/s][A
Training Epochs:  19%|█▉        | 38/200 [03:18<19:11,  7.11s/it, -ELBO=1.5203, Potential Metric=0.1094, Entropy Metric=0.0267]

Epoch 38:  69%|██████▉   | 11/16 [00:04<00:02,  2.24it/s][A
Training Epochs:  19%|█▉        | 38/200 [03:18<19:11,  7.11s/it, -ELBO=1.4682, Potential Metric=0.1081, Entropy Metric=0.0256]

Epoch 38:  75%|███████▌  | 12/16 [00:05<00:01,  2.28it/s][A
Training Epochs:  19%|█▉        | 38/200 [03:19<19:11,  7.11s/it, -ELBO=1.4502, Potential Metric=0.1079, Entropy Metric=0.0253]

Epoch 38:  81%|████████▏ | 13/16 [00:05<00:01,  2.27it/s][A
Training Epochs:  19%|█▉        | 38/200 [03:19<19:11,  7.11s/it, -ELBO=1.4862, Potential Metric=0.1089, Entropy Metric=0.0252]

Epoch 38:  88%|████████▊ | 14/16 [00:06<00:00,  2.27it/s][A
Training Epochs:  19%|█▉        | 38/200 [03:19<19:11,  7.11s/it, -ELBO=1.4892, Potential Metric=0.1080, Entropy Metric=0.0250]

Epoch 38:  94%|█████████▍| 15/16 [00:06<00:00,  2.31it/s][A
Training Epochs:  19%|█▉        | 38/200 [03:20<19:11,  7.11s/it, -ELBO=1.4573, Potential Metric=0.1069, Entropy Metric=0.0262]

Epoch 38: 100%|██████████| 16/16 [00:07<00:00,  2.27it/s][A

                                                         [A
Training Epochs:  20%|█▉        | 39/200 [03:20<19:05,  7.11s/it, -ELBO=1.4573, Potential Metric=0.1069, Entropy Metric=0.0262]

Epoch 39:   0%|          | 0/16 [00:00<?, ?it/s][A
Training Epochs:  20%|█▉        | 39/200 [03:21<19:05,  7.11s/it, -ELBO=1.4918, Potential Metric=0.1130, Entropy Metric=0.0297]

Epoch 39:   6%|▋         | 1/16 [00:00<00:07,  1.97it/s][A
Training Epochs:  20%|█▉        | 39/200 [03:21<19:05,  7.11s/it, -ELBO=1.4958, Potential Metric=0.1043, Entropy Metric=0.0274]

Epoch 39:  12%|█▎        | 2/16 [00:01<00:06,  2.01it/s][A
Training Epochs:  20%|█▉        | 39/200 [03:21<19:05,  7.11s/it, -ELBO=1.4910, Potential Metric=0.1113, Entropy Metric=0.0278]

Epoch 39:  19%|█▉        | 3/16 [00:01<00:06,  2.12it/s][A
Training Epochs:  20%|█▉        | 39/200 [03:22<19:05,  7.11s/it, -ELBO=1.5184, Potential Metric=0.1207, Entropy Metric=0.0314]

Epoch 39:  25%|██▌       | 4/16 [00:01<00:05,  2.14it/s][A
Training Epochs:  20%|█▉        | 39/200 [03:22<19:05,  7.11s/it, -ELBO=1.4448, Potential Metric=0.1021, Entropy Metric=0.0258]

Epoch 39:  31%|███▏      | 5/16 [00:02<00:05,  2.16it/s][A
Training Epochs:  20%|█▉        | 39/200 [03:23<19:05,  7.11s/it, -ELBO=1.4703, Potential Metric=0.1142, Entropy Metric=0.0307]

Epoch 39:  38%|███▊      | 6/16 [00:02<00:04,  2.16it/s][A
Training Epochs:  20%|█▉        | 39/200 [03:23<19:05,  7.11s/it, -ELBO=1.4981, Potential Metric=0.1117, Entropy Metric=0.0288]

Epoch 39:  44%|████▍     | 7/16 [00:03<00:04,  2.21it/s][A
Training Epochs:  20%|█▉        | 39/200 [03:24<19:05,  7.11s/it, -ELBO=1.4490, Potential Metric=0.1207, Entropy Metric=0.0315]

Epoch 39:  50%|█████     | 8/16 [00:03<00:03,  2.18it/s][A
Training Epochs:  20%|█▉        | 39/200 [03:24<19:05,  7.11s/it, -ELBO=1.5131, Potential Metric=0.1197, Entropy Metric=0.0311]

Epoch 39:  56%|█████▋    | 9/16 [00:04<00:03,  2.23it/s][A
Training Epochs:  20%|█▉        | 39/200 [03:25<19:05,  7.11s/it, -ELBO=1.4653, Potential Metric=0.1216, Entropy Metric=0.0309]

Epoch 39:  62%|██████▎   | 10/16 [00:04<00:02,  2.03it/s][A
Training Epochs:  20%|█▉        | 39/200 [03:25<19:05,  7.11s/it, -ELBO=1.4924, Potential Metric=0.1130, Entropy Metric=0.0292]

Epoch 39:  69%|██████▉   | 11/16 [00:05<00:02,  2.06it/s][A
Training Epochs:  20%|█▉        | 39/200 [03:26<19:05,  7.11s/it, -ELBO=1.4900, Potential Metric=0.1138, Entropy Metric=0.0301]

Epoch 39:  75%|███████▌  | 12/16 [00:05<00:01,  2.04it/s][A
Training Epochs:  20%|█▉        | 39/200 [03:26<19:05,  7.11s/it, -ELBO=1.4687, Potential Metric=0.1153, Entropy Metric=0.0282]

Epoch 39:  81%|████████▏ | 13/16 [00:06<00:01,  2.13it/s][A
Training Epochs:  20%|█▉        | 39/200 [03:27<19:05,  7.11s/it, -ELBO=1.4348, Potential Metric=0.1133, Entropy Metric=0.0291]

Epoch 39:  88%|████████▊ | 14/16 [00:06<00:00,  2.11it/s][A
Training Epochs:  20%|█▉        | 39/200 [03:27<19:05,  7.11s/it, -ELBO=1.4591, Potential Metric=0.1164, Entropy Metric=0.0284]

Epoch 39:  94%|█████████▍| 15/16 [00:07<00:00,  2.19it/s][A
Training Epochs:  20%|█▉        | 39/200 [03:27<19:05,  7.11s/it, -ELBO=1.4824, Potential Metric=0.1059, Entropy Metric=0.0287]

Epoch 39: 100%|██████████| 16/16 [00:07<00:00,  2.28it/s][A

                                                         [A
Training Epochs:  20%|██        | 40/200 [03:27<19:18,  7.24s/it, -ELBO=1.4824, Potential Metric=0.1059, Entropy Metric=0.0287]

Epoch 40:   0%|          | 0/16 [00:00<?, ?it/s][A
Training Epochs:  20%|██        | 40/200 [03:28<19:18,  7.24s/it, -ELBO=1.4873, Potential Metric=0.1038, Entropy Metric=0.0269]

Epoch 40:   6%|▋         | 1/16 [00:00<00:07,  2.06it/s][A
Training Epochs:  20%|██        | 40/200 [03:29<19:18,  7.24s/it, -ELBO=1.4922, Potential Metric=0.1091, Entropy Metric=0.0280]

Epoch 40:  12%|█▎        | 2/16 [00:00<00:06,  2.12it/s][A
Training Epochs:  20%|██        | 40/200 [03:29<19:18,  7.24s/it, -ELBO=1.4822, Potential Metric=0.1095, Entropy Metric=0.0292]

Epoch 40:  19%|█▉        | 3/16 [00:01<00:05,  2.23it/s][A
Training Epochs:  20%|██        | 40/200 [03:29<19:18,  7.24s/it, -ELBO=1.4689, Potential Metric=0.1098, Entropy Metric=0.0280]

Epoch 40:  25%|██▌       | 4/16 [00:01<00:05,  2.17it/s][A
Training Epochs:  20%|██        | 40/200 [03:30<19:18,  7.24s/it, -ELBO=1.4905, Potential Metric=0.1265, Entropy Metric=0.0311]

Epoch 40:  31%|███▏      | 5/16 [00:02<00:05,  2.14it/s][A
Training Epochs:  20%|██        | 40/200 [03:30<19:18,  7.24s/it, -ELBO=1.4348, Potential Metric=0.1055, Entropy Metric=0.0286]

Epoch 40:  38%|███▊      | 6/16 [00:02<00:04,  2.12it/s][A
Training Epochs:  20%|██        | 40/200 [03:31<19:18,  7.24s/it, -ELBO=1.4314, Potential Metric=0.1187, Entropy Metric=0.0310]

Epoch 40:  44%|████▍     | 7/16 [00:03<00:04,  2.07it/s][A
Training Epochs:  20%|██        | 40/200 [03:31<19:18,  7.24s/it, -ELBO=1.4630, Potential Metric=0.1173, Entropy Metric=0.0291]

Epoch 40:  50%|█████     | 8/16 [00:03<00:03,  2.12it/s][A
Training Epochs:  20%|██        | 40/200 [03:32<19:18,  7.24s/it, -ELBO=1.4656, Potential Metric=0.1133, Entropy Metric=0.0271]

Epoch 40:  56%|█████▋    | 9/16 [00:04<00:03,  2.29it/s][A
Training Epochs:  20%|██        | 40/200 [03:32<19:18,  7.24s/it, -ELBO=1.4963, Potential Metric=0.1124, Entropy Metric=0.0259]

Epoch 40:  62%|██████▎   | 10/16 [00:04<00:02,  2.34it/s][A
Training Epochs:  20%|██        | 40/200 [03:33<19:18,  7.24s/it, -ELBO=1.4269, Potential Metric=0.1208, Entropy Metric=0.0279]

Epoch 40:  69%|██████▉   | 11/16 [00:04<00:02,  2.33it/s][A
Training Epochs:  20%|██        | 40/200 [03:33<19:18,  7.24s/it, -ELBO=1.4767, Potential Metric=0.1152, Entropy Metric=0.0263]

Epoch 40:  75%|███████▌  | 12/16 [00:05<00:01,  2.30it/s][A
Training Epochs:  20%|██        | 40/200 [03:33<19:18,  7.24s/it, -ELBO=1.5025, Potential Metric=0.1156, Entropy Metric=0.0261]

Epoch 40:  81%|████████▏ | 13/16 [00:05<00:01,  2.29it/s][A
Training Epochs:  20%|██        | 40/200 [03:34<19:18,  7.24s/it, -ELBO=1.4470, Potential Metric=0.1132, Entropy Metric=0.0260]

Epoch 40:  88%|████████▊ | 14/16 [00:06<00:00,  2.30it/s][A
Training Epochs:  20%|██        | 40/200 [03:34<19:18,  7.24s/it, -ELBO=1.4704, Potential Metric=0.1097, Entropy Metric=0.0267]

Epoch 40:  94%|█████████▍| 15/16 [00:06<00:00,  2.26it/s][A
Training Epochs:  20%|██        | 40/200 [03:35<19:18,  7.24s/it, -ELBO=1.4955, Potential Metric=0.1139, Entropy Metric=0.0275]

Epoch 40: 100%|██████████| 16/16 [00:07<00:00,  2.22it/s][A

                                                         [A
Training Epochs:  20%|██        | 41/200 [03:35<19:15,  7.27s/it, -ELBO=1.4955, Potential Metric=0.1139, Entropy Metric=0.0275]

Epoch 41:   0%|          | 0/16 [00:00<?, ?it/s][A
Training Epochs:  20%|██        | 41/200 [03:35<19:15,  7.27s/it, -ELBO=1.4202, Potential Metric=0.1100, Entropy Metric=0.0262]

Epoch 41:   6%|▋         | 1/16 [00:00<00:06,  2.22it/s][A
Training Epochs:  20%|██        | 41/200 [03:36<19:15,  7.27s/it, -ELBO=1.4884, Potential Metric=0.1160, Entropy Metric=0.0297]

Epoch 41:  12%|█▎        | 2/16 [00:00<00:06,  2.28it/s][A
Training Epochs:  20%|██        | 41/200 [03:36<19:15,  7.27s/it, -ELBO=1.4694, Potential Metric=0.1188, Entropy Metric=0.0298]

Epoch 41:  19%|█▉        | 3/16 [00:01<00:05,  2.37it/s][A
Training Epochs:  20%|██        | 41/200 [03:37<19:15,  7.27s/it, -ELBO=1.4357, Potential Metric=0.1154, Entropy Metric=0.0299]

Epoch 41:  25%|██▌       | 4/16 [00:01<00:05,  2.37it/s][A
Training Epochs:  20%|██        | 41/200 [03:37<19:15,  7.27s/it, -ELBO=1.5036, Potential Metric=0.1146, Entropy Metric=0.0291]

Epoch 41:  31%|███▏      | 5/16 [00:02<00:04,  2.36it/s][A
Training Epochs:  20%|██        | 41/200 [03:37<19:15,  7.27s/it, -ELBO=1.4362, Potential Metric=0.1134, Entropy Metric=0.0290]

Epoch 41:  38%|███▊      | 6/16 [00:02<00:04,  2.30it/s][A
Training Epochs:  20%|██        | 41/200 [03:38<19:15,  7.27s/it, -ELBO=1.5112, Potential Metric=0.1214, Entropy Metric=0.0310]

Epoch 41:  44%|████▍     | 7/16 [00:03<00:04,  2.20it/s][A
Training Epochs:  20%|██        | 41/200 [03:38<19:15,  7.27s/it, -ELBO=1.4739, Potential Metric=0.1168, Entropy Metric=0.0304]

Epoch 41:  50%|█████     | 8/16 [00:03<00:03,  2.18it/s][A
Training Epochs:  20%|██        | 41/200 [03:39<19:15,  7.27s/it, -ELBO=1.4551, Potential Metric=0.1268, Entropy Metric=0.0300]

Epoch 41:  56%|█████▋    | 9/16 [00:04<00:03,  2.15it/s][A
Training Epochs:  20%|██        | 41/200 [03:39<19:15,  7.27s/it, -ELBO=1.4319, Potential Metric=0.1214, Entropy Metric=0.0283]

Epoch 41:  62%|██████▎   | 10/16 [00:04<00:02,  2.28it/s][A
Training Epochs:  20%|██        | 41/200 [03:40<19:15,  7.27s/it, -ELBO=1.4752, Potential Metric=0.1235, Entropy Metric=0.0302]

Epoch 41:  69%|██████▉   | 11/16 [00:04<00:02,  2.27it/s][A
Training Epochs:  20%|██        | 41/200 [03:40<19:15,  7.27s/it, -ELBO=1.4597, Potential Metric=0.1180, Entropy Metric=0.0313]

Epoch 41:  75%|███████▌  | 12/16 [00:05<00:01,  2.22it/s][A
Training Epochs:  20%|██        | 41/200 [03:41<19:15,  7.27s/it, -ELBO=1.4694, Potential Metric=0.1189, Entropy Metric=0.0295]

Epoch 41:  81%|████████▏ | 13/16 [00:05<00:01,  2.27it/s][A
Training Epochs:  20%|██        | 41/200 [03:41<19:15,  7.27s/it, -ELBO=1.4246, Potential Metric=0.1158, Entropy Metric=0.0266]

Epoch 41:  88%|████████▊ | 14/16 [00:06<00:00,  2.33it/s][A
Training Epochs:  20%|██        | 41/200 [03:41<19:15,  7.27s/it, -ELBO=1.4726, Potential Metric=0.1084, Entropy Metric=0.0305]

Epoch 41:  94%|█████████▍| 15/16 [00:06<00:00,  2.36it/s][A
Training Epochs:  20%|██        | 41/200 [03:42<19:15,  7.27s/it, -ELBO=1.4811, Potential Metric=0.1200, Entropy Metric=0.0288]

Epoch 41: 100%|██████████| 16/16 [00:06<00:00,  2.35it/s][A

                                                         [A
Training Epochs:  21%|██        | 42/200 [03:42<18:59,  7.21s/it, -ELBO=1.4811, Potential Metric=0.1200, Entropy Metric=0.0288]

Epoch 42:   0%|          | 0/16 [00:00<?, ?it/s][A
Training Epochs:  21%|██        | 42/200 [03:43<18:59,  7.21s/it, -ELBO=1.4386, Potential Metric=0.1181, Entropy Metric=0.0296]

Epoch 42:   6%|▋         | 1/16 [00:00<00:07,  2.00it/s][A
Training Epochs:  21%|██        | 42/200 [03:43<18:59,  7.21s/it, -ELBO=1.4901, Potential Metric=0.1150, Entropy Metric=0.0287]

Epoch 42:  12%|█▎        | 2/16 [00:00<00:06,  2.22it/s][A
Training Epochs:  21%|██        | 42/200 [03:43<18:59,  7.21s/it, -ELBO=1.4576, Potential Metric=0.1137, Entropy Metric=0.0271]

Epoch 42:  19%|█▉        | 3/16 [00:01<00:05,  2.26it/s][A
Training Epochs:  21%|██        | 42/200 [03:44<18:59,  7.21s/it, -ELBO=1.4673, Potential Metric=0.1145, Entropy Metric=0.0280]

Epoch 42:  25%|██▌       | 4/16 [00:01<00:05,  2.19it/s][A
Training Epochs:  21%|██        | 42/200 [03:44<18:59,  7.21s/it, -ELBO=1.4099, Potential Metric=0.1143, Entropy Metric=0.0289]

Epoch 42:  31%|███▏      | 5/16 [00:02<00:05,  2.20it/s][A
Training Epochs:  21%|██        | 42/200 [03:45<18:59,  7.21s/it, -ELBO=1.4676, Potential Metric=0.1045, Entropy Metric=0.0278]

Epoch 42:  38%|███▊      | 6/16 [00:02<00:04,  2.19it/s][A
Training Epochs:  21%|██        | 42/200 [03:45<18:59,  7.21s/it, -ELBO=1.4361, Potential Metric=0.1157, Entropy Metric=0.0351]

Epoch 42:  44%|████▍     | 7/16 [00:03<00:04,  2.25it/s][A
Training Epochs:  21%|██        | 42/200 [03:46<18:59,  7.21s/it, -ELBO=1.4388, Potential Metric=0.1267, Entropy Metric=0.0338]

Epoch 42:  50%|█████     | 8/16 [00:03<00:03,  2.29it/s][A
Training Epochs:  21%|██        | 42/200 [03:46<18:59,  7.21s/it, -ELBO=1.4309, Potential Metric=0.1211, Entropy Metric=0.0316]

Epoch 42:  56%|█████▋    | 9/16 [00:04<00:03,  2.29it/s][A
Training Epochs:  21%|██        | 42/200 [03:47<18:59,  7.21s/it, -ELBO=1.4782, Potential Metric=0.1245, Entropy Metric=0.0308]

Epoch 42:  62%|██████▎   | 10/16 [00:04<00:02,  2.20it/s][A
Training Epochs:  21%|██        | 42/200 [03:47<18:59,  7.21s/it, -ELBO=1.4690, Potential Metric=0.1219, Entropy Metric=0.0296]

Epoch 42:  69%|██████▉   | 11/16 [00:04<00:02,  2.20it/s][A
Training Epochs:  21%|██        | 42/200 [03:47<18:59,  7.21s/it, -ELBO=1.4437, Potential Metric=0.1272, Entropy Metric=0.0295]

Epoch 42:  75%|███████▌  | 12/16 [00:05<00:01,  2.24it/s][A
Training Epochs:  21%|██        | 42/200 [03:48<18:59,  7.21s/it, -ELBO=1.4312, Potential Metric=0.1042, Entropy Metric=0.0264]

Epoch 42:  81%|████████▏ | 13/16 [00:05<00:01,  2.19it/s][A
Training Epochs:  21%|██        | 42/200 [03:48<18:59,  7.21s/it, -ELBO=1.4710, Potential Metric=0.1114, Entropy Metric=0.0299]

Epoch 42:  88%|████████▊ | 14/16 [00:06<00:00,  2.16it/s][A
Training Epochs:  21%|██        | 42/200 [03:49<18:59,  7.21s/it, -ELBO=1.4722, Potential Metric=0.1111, Entropy Metric=0.0290]

Epoch 42:  94%|█████████▍| 15/16 [00:06<00:00,  2.04it/s][A
Training Epochs:  21%|██        | 42/200 [03:49<18:59,  7.21s/it, -ELBO=1.4922, Potential Metric=0.1084, Entropy Metric=0.0287]

Epoch 42: 100%|██████████| 16/16 [00:07<00:00,  2.05it/s][A

                                                         [A
Training Epochs:  22%|██▏       | 43/200 [03:49<19:07,  7.31s/it, -ELBO=1.4922, Potential Metric=0.1084, Entropy Metric=0.0287]

Epoch 43:   0%|          | 0/16 [00:00<?, ?it/s][A
Training Epochs:  22%|██▏       | 43/200 [03:50<19:07,  7.31s/it, -ELBO=1.4885, Potential Metric=0.1163, Entropy Metric=0.0291]

Epoch 43:   6%|▋         | 1/16 [00:00<00:07,  2.11it/s][A
Training Epochs:  22%|██▏       | 43/200 [03:50<19:07,  7.31s/it, -ELBO=1.4030, Potential Metric=0.1193, Entropy Metric=0.0273]

Epoch 43:  12%|█▎        | 2/16 [00:00<00:06,  2.24it/s][A
Training Epochs:  22%|██▏       | 43/200 [03:51<19:07,  7.31s/it, -ELBO=1.4628, Potential Metric=0.1145, Entropy Metric=0.0304]

Epoch 43:  19%|█▉        | 3/16 [00:01<00:05,  2.30it/s][A
Training Epochs:  22%|██▏       | 43/200 [03:51<19:07,  7.31s/it, -ELBO=1.4737, Potential Metric=0.1168, Entropy Metric=0.0307]

Epoch 43:  25%|██▌       | 4/16 [00:01<00:05,  2.34it/s][A
Training Epochs:  22%|██▏       | 43/200 [03:52<19:07,  7.31s/it, -ELBO=1.4395, Potential Metric=0.1077, Entropy Metric=0.0313]

Epoch 43:  31%|███▏      | 5/16 [00:02<00:05,  2.08it/s][A
Training Epochs:  22%|██▏       | 43/200 [03:52<19:07,  7.31s/it, -ELBO=1.4086, Potential Metric=0.1126, Entropy Metric=0.0282]

Epoch 43:  38%|███▊      | 6/16 [00:02<00:04,  2.17it/s][A
Training Epochs:  22%|██▏       | 43/200 [03:53<19:07,  7.31s/it, -ELBO=1.4353, Potential Metric=0.1244, Entropy Metric=0.0335]

Epoch 43:  44%|████▍     | 7/16 [00:03<00:04,  2.20it/s][A
Training Epochs:  22%|██▏       | 43/200 [03:53<19:07,  7.31s/it, -ELBO=1.4639, Potential Metric=0.1081, Entropy Metric=0.0293]

Epoch 43:  50%|█████     | 8/16 [00:03<00:03,  2.23it/s][A
Training Epochs:  22%|██▏       | 43/200 [03:54<19:07,  7.31s/it, -ELBO=1.4531, Potential Metric=0.1137, Entropy Metric=0.0303]

Epoch 43:  56%|█████▋    | 9/16 [00:04<00:03,  2.27it/s][A
Training Epochs:  22%|██▏       | 43/200 [03:54<19:07,  7.31s/it, -ELBO=1.4286, Potential Metric=0.1193, Entropy Metric=0.0310]

Epoch 43:  62%|██████▎   | 10/16 [00:04<00:02,  2.25it/s][A
Training Epochs:  22%|██▏       | 43/200 [03:54<19:07,  7.31s/it, -ELBO=1.4237, Potential Metric=0.1193, Entropy Metric=0.0321]

Epoch 43:  69%|██████▉   | 11/16 [00:04<00:02,  2.26it/s][A
Training Epochs:  22%|██▏       | 43/200 [03:55<19:07,  7.31s/it, -ELBO=1.4587, Potential Metric=0.1162, Entropy Metric=0.0327]

Epoch 43:  75%|███████▌  | 12/16 [00:05<00:01,  2.24it/s][A
Training Epochs:  22%|██▏       | 43/200 [03:55<19:07,  7.31s/it, -ELBO=1.4941, Potential Metric=0.1280, Entropy Metric=0.0318]

Epoch 43:  81%|████████▏ | 13/16 [00:05<00:01,  2.25it/s][A
Training Epochs:  22%|██▏       | 43/200 [03:56<19:07,  7.31s/it, -ELBO=1.4443, Potential Metric=0.1136, Entropy Metric=0.0303]

Epoch 43:  88%|████████▊ | 14/16 [00:06<00:00,  2.12it/s][A
Training Epochs:  22%|██▏       | 43/200 [03:56<19:07,  7.31s/it, -ELBO=1.4322, Potential Metric=0.1218, Entropy Metric=0.0295]

Epoch 43:  94%|█████████▍| 15/16 [00:06<00:00,  2.13it/s][A
Training Epochs:  22%|██▏       | 43/200 [03:57<19:07,  7.31s/it, -ELBO=1.4543, Potential Metric=0.1217, Entropy Metric=0.0314]

Epoch 43: 100%|██████████| 16/16 [00:07<00:00,  2.13it/s][A

                                                         [A
Training Epochs:  22%|██▏       | 44/200 [03:57<19:04,  7.34s/it, -ELBO=1.4543, Potential Metric=0.1217, Entropy Metric=0.0314]

Epoch 44:   0%|          | 0/16 [00:00<?, ?it/s][A
Training Epochs:  22%|██▏       | 44/200 [03:57<19:04,  7.34s/it, -ELBO=1.3844, Potential Metric=0.1268, Entropy Metric=0.0301]

Epoch 44:   6%|▋         | 1/16 [00:00<00:07,  2.03it/s][A
Training Epochs:  22%|██▏       | 44/200 [03:58<19:04,  7.34s/it, -ELBO=1.4440, Potential Metric=0.1163, Entropy Metric=0.0300]

Epoch 44:  12%|█▎        | 2/16 [00:00<00:06,  2.20it/s][A
Training Epochs:  22%|██▏       | 44/200 [03:58<19:04,  7.34s/it, -ELBO=1.4425, Potential Metric=0.1244, Entropy Metric=0.0300]

Epoch 44:  19%|█▉        | 3/16 [00:01<00:05,  2.17it/s][A
Training Epochs:  22%|██▏       | 44/200 [03:59<19:04,  7.34s/it, -ELBO=1.4299, Potential Metric=0.1196, Entropy Metric=0.0292]

Epoch 44:  25%|██▌       | 4/16 [00:01<00:05,  2.20it/s][A
Training Epochs:  22%|██▏       | 44/200 [03:59<19:04,  7.34s/it, -ELBO=1.4764, Potential Metric=0.1132, Entropy Metric=0.0285]

Epoch 44:  31%|███▏      | 5/16 [00:02<00:05,  2.10it/s][A
Training Epochs:  22%|██▏       | 44/200 [04:00<19:04,  7.34s/it, -ELBO=1.4422, Potential Metric=0.1204, Entropy Metric=0.0306]

Epoch 44:  38%|███▊      | 6/16 [00:02<00:04,  2.13it/s][A
Training Epochs:  22%|██▏       | 44/200 [04:00<19:04,  7.34s/it, -ELBO=1.4370, Potential Metric=0.1138, Entropy Metric=0.0309]

Epoch 44:  44%|████▍     | 7/16 [00:03<00:04,  2.18it/s][A
Training Epochs:  22%|██▏       | 44/200 [04:01<19:04,  7.34s/it, -ELBO=1.4433, Potential Metric=0.1203, Entropy Metric=0.0315]

Epoch 44:  50%|█████     | 8/16 [00:03<00:03,  2.18it/s][A
Training Epochs:  22%|██▏       | 44/200 [04:01<19:04,  7.34s/it, -ELBO=1.4440, Potential Metric=0.1161, Entropy Metric=0.0304]

Epoch 44:  56%|█████▋    | 9/16 [00:04<00:03,  2.13it/s][A
Training Epochs:  22%|██▏       | 44/200 [04:02<19:04,  7.34s/it, -ELBO=1.4173, Potential Metric=0.1147, Entropy Metric=0.0291]

Epoch 44:  62%|██████▎   | 10/16 [00:04<00:02,  2.12it/s][A
Training Epochs:  22%|██▏       | 44/200 [04:02<19:04,  7.34s/it, -ELBO=1.4655, Potential Metric=0.1195, Entropy Metric=0.0316]

Epoch 44:  69%|██████▉   | 11/16 [00:05<00:02,  2.14it/s][A
Training Epochs:  22%|██▏       | 44/200 [04:02<19:04,  7.34s/it, -ELBO=1.4443, Potential Metric=0.1187, Entropy Metric=0.0279]

Epoch 44:  75%|███████▌  | 12/16 [00:05<00:01,  2.12it/s][A
Training Epochs:  22%|██▏       | 44/200 [04:03<19:04,  7.34s/it, -ELBO=1.4348, Potential Metric=0.1098, Entropy Metric=0.0292]

Epoch 44:  81%|████████▏ | 13/16 [00:06<00:01,  2.13it/s][A
Training Epochs:  22%|██▏       | 44/200 [04:03<19:04,  7.34s/it, -ELBO=1.4421, Potential Metric=0.1210, Entropy Metric=0.0289]

Epoch 44:  88%|████████▊ | 14/16 [00:06<00:00,  2.04it/s][A
Training Epochs:  22%|██▏       | 44/200 [04:04<19:04,  7.34s/it, -ELBO=1.4468, Potential Metric=0.1202, Entropy Metric=0.0307]

Epoch 44:  94%|█████████▍| 15/16 [00:07<00:00,  2.05it/s][A
Training Epochs:  22%|██▏       | 44/200 [04:04<19:04,  7.34s/it, -ELBO=1.4494, Potential Metric=0.1147, Entropy Metric=0.0279]

Epoch 44: 100%|██████████| 16/16 [00:07<00:00,  2.10it/s][A

                                                         [A
Training Epochs:  22%|██▎       | 45/200 [04:04<19:08,  7.41s/it, -ELBO=1.4494, Potential Metric=0.1147, Entropy Metric=0.0279]

Epoch 45:   0%|          | 0/16 [00:00<?, ?it/s][A
Training Epochs:  22%|██▎       | 45/200 [04:05<19:08,  7.41s/it, -ELBO=1.4424, Potential Metric=0.1072, Entropy Metric=0.0291]

Epoch 45:   6%|▋         | 1/16 [00:00<00:07,  2.13it/s][A
Training Epochs:  22%|██▎       | 45/200 [04:05<19:08,  7.41s/it, -ELBO=1.3943, Potential Metric=0.1126, Entropy Metric=0.0284]

Epoch 45:  12%|█▎        | 2/16 [00:00<00:06,  2.32it/s][A
Training Epochs:  22%|██▎       | 45/200 [04:06<19:08,  7.41s/it, -ELBO=1.4420, Potential Metric=0.1154, Entropy Metric=0.0295]

Epoch 45:  19%|█▉        | 3/16 [00:01<00:05,  2.19it/s][A
Training Epochs:  22%|██▎       | 45/200 [04:06<19:08,  7.41s/it, -ELBO=1.4690, Potential Metric=0.1024, Entropy Metric=0.0275]

Epoch 45:  25%|██▌       | 4/16 [00:01<00:05,  2.18it/s][A
Training Epochs:  22%|██▎       | 45/200 [04:07<19:08,  7.41s/it, -ELBO=1.4472, Potential Metric=0.1127, Entropy Metric=0.0269]

Epoch 45:  31%|███▏      | 5/16 [00:02<00:05,  2.14it/s][A
Training Epochs:  22%|██▎       | 45/200 [04:07<19:08,  7.41s/it, -ELBO=1.4133, Potential Metric=0.1170, Entropy Metric=0.0277]

Epoch 45:  38%|███▊      | 6/16 [00:02<00:04,  2.15it/s][A
Training Epochs:  22%|██▎       | 45/200 [04:08<19:08,  7.41s/it, -ELBO=1.4344, Potential Metric=0.1204, Entropy Metric=0.0300]

Epoch 45:  44%|████▍     | 7/16 [00:03<00:04,  2.11it/s][A
Training Epochs:  22%|██▎       | 45/200 [04:08<19:08,  7.41s/it, -ELBO=1.4311, Potential Metric=0.1305, Entropy Metric=0.0314]

Epoch 45:  50%|█████     | 8/16 [00:03<00:03,  2.10it/s][A
Training Epochs:  22%|██▎       | 45/200 [04:09<19:08,  7.41s/it, -ELBO=1.4535, Potential Metric=0.1200, Entropy Metric=0.0292]

Epoch 45:  56%|█████▋    | 9/16 [00:04<00:03,  2.11it/s][A
Training Epochs:  22%|██▎       | 45/200 [04:09<19:08,  7.41s/it, -ELBO=1.4379, Potential Metric=0.1251, Entropy Metric=0.0313]

Epoch 45:  62%|██████▎   | 10/16 [00:04<00:02,  2.10it/s][A
Training Epochs:  22%|██▎       | 45/200 [04:10<19:08,  7.41s/it, -ELBO=1.4357, Potential Metric=0.1220, Entropy Metric=0.0306]

Epoch 45:  69%|██████▉   | 11/16 [00:05<00:02,  2.07it/s][A
Training Epochs:  22%|██▎       | 45/200 [04:10<19:08,  7.41s/it, -ELBO=1.4489, Potential Metric=0.1239, Entropy Metric=0.0313]

Epoch 45:  75%|███████▌  | 12/16 [00:05<00:01,  2.14it/s][A
Training Epochs:  22%|██▎       | 45/200 [04:11<19:08,  7.41s/it, -ELBO=1.4592, Potential Metric=0.1175, Entropy Metric=0.0303]

Epoch 45:  81%|████████▏ | 13/16 [00:06<00:01,  2.11it/s][A
Training Epochs:  22%|██▎       | 45/200 [04:11<19:08,  7.41s/it, -ELBO=1.4486, Potential Metric=0.1265, Entropy Metric=0.0329]

Epoch 45:  88%|████████▊ | 14/16 [00:06<00:00,  2.11it/s][A
Training Epochs:  22%|██▎       | 45/200 [04:11<19:08,  7.41s/it, -ELBO=1.4062, Potential Metric=0.1247, Entropy Metric=0.0299]

Epoch 45:  94%|█████████▍| 15/16 [00:07<00:00,  2.11it/s][A
Training Epochs:  22%|██▎       | 45/200 [04:12<19:08,  7.41s/it, -ELBO=1.4272, Potential Metric=0.1358, Entropy Metric=0.0319]

Epoch 45: 100%|██████████| 16/16 [00:07<00:00,  2.18it/s][A

                                                         [A
Training Epochs:  23%|██▎       | 46/200 [04:12<19:06,  7.44s/it, -ELBO=1.4272, Potential Metric=0.1358, Entropy Metric=0.0319]

Epoch 46:   0%|          | 0/16 [00:00<?, ?it/s][A
Training Epochs:  23%|██▎       | 46/200 [04:12<19:06,  7.44s/it, -ELBO=1.4613, Potential Metric=0.1299, Entropy Metric=0.0320]

Epoch 46:   6%|▋         | 1/16 [00:00<00:07,  2.00it/s][A
Training Epochs:  23%|██▎       | 46/200 [04:13<19:06,  7.44s/it, -ELBO=1.4548, Potential Metric=0.1205, Entropy Metric=0.0301]

Epoch 46:  12%|█▎        | 2/16 [00:00<00:06,  2.04it/s][A
Training Epochs:  23%|██▎       | 46/200 [04:13<19:06,  7.44s/it, -ELBO=1.4110, Potential Metric=0.1250, Entropy Metric=0.0305]

Epoch 46:  19%|█▉        | 3/16 [00:01<00:05,  2.29it/s][A
Training Epochs:  23%|██▎       | 46/200 [04:14<19:06,  7.44s/it, -ELBO=1.3714, Potential Metric=0.1274, Entropy Metric=0.0301]

Epoch 46:  25%|██▌       | 4/16 [00:01<00:05,  2.22it/s][A
Training Epochs:  23%|██▎       | 46/200 [04:14<19:06,  7.44s/it, -ELBO=1.4253, Potential Metric=0.1184, Entropy Metric=0.0313]

Epoch 46:  31%|███▏      | 5/16 [00:02<00:05,  2.16it/s][A
Training Epochs:  23%|██▎       | 46/200 [04:15<19:06,  7.44s/it, -ELBO=1.4364, Potential Metric=0.1179, Entropy Metric=0.0284]

Epoch 46:  38%|███▊      | 6/16 [00:02<00:04,  2.24it/s][A
Training Epochs:  23%|██▎       | 46/200 [04:15<19:06,  7.44s/it, -ELBO=1.4318, Potential Metric=0.1169, Entropy Metric=0.0310]

Epoch 46:  44%|████▍     | 7/16 [00:03<00:03,  2.39it/s][A
Training Epochs:  23%|██▎       | 46/200 [04:16<19:06,  7.44s/it, -ELBO=1.4623, Potential Metric=0.1225, Entropy Metric=0.0323]

Epoch 46:  50%|█████     | 8/16 [00:03<00:03,  2.19it/s][A
Training Epochs:  23%|██▎       | 46/200 [04:16<19:06,  7.44s/it, -ELBO=1.4058, Potential Metric=0.1346, Entropy Metric=0.0332]

Epoch 46:  56%|█████▋    | 9/16 [00:04<00:03,  2.11it/s][A
Training Epochs:  23%|██▎       | 46/200 [04:17<19:06,  7.44s/it, -ELBO=1.4412, Potential Metric=0.1238, Entropy Metric=0.0296]

Epoch 46:  62%|██████▎   | 10/16 [00:04<00:02,  2.08it/s][A
Training Epochs:  23%|██▎       | 46/200 [04:17<19:06,  7.44s/it, -ELBO=1.4435, Potential Metric=0.1327, Entropy Metric=0.0328]

Epoch 46:  69%|██████▉   | 11/16 [00:05<00:02,  2.08it/s][A
Training Epochs:  23%|██▎       | 46/200 [04:18<19:06,  7.44s/it, -ELBO=1.4296, Potential Metric=0.1281, Entropy Metric=0.0321]

Epoch 46:  75%|███████▌  | 12/16 [00:05<00:01,  2.08it/s][A
Training Epochs:  23%|██▎       | 46/200 [04:18<19:06,  7.44s/it, -ELBO=1.3614, Potential Metric=0.1231, Entropy Metric=0.0291]

Epoch 46:  81%|████████▏ | 13/16 [00:06<00:01,  2.13it/s][A
Training Epochs:  23%|██▎       | 46/200 [04:18<19:06,  7.44s/it, -ELBO=1.4916, Potential Metric=0.1219, Entropy Metric=0.0285]

Epoch 46:  88%|████████▊ | 14/16 [00:06<00:00,  2.15it/s][A
Training Epochs:  23%|██▎       | 46/200 [04:19<19:06,  7.44s/it, -ELBO=1.4109, Potential Metric=0.1216, Entropy Metric=0.0311]

Epoch 46:  94%|█████████▍| 15/16 [00:07<00:00,  2.06it/s][A
Training Epochs:  23%|██▎       | 46/200 [04:19<19:06,  7.44s/it, -ELBO=1.4243, Potential Metric=0.1189, Entropy Metric=0.0316]

Epoch 46: 100%|██████████| 16/16 [00:07<00:00,  2.08it/s][A

                                                         [A
Training Epochs:  24%|██▎       | 47/200 [04:19<19:02,  7.47s/it, -ELBO=1.4243, Potential Metric=0.1189, Entropy Metric=0.0316]

Epoch 47:   0%|          | 0/16 [00:00<?, ?it/s][A
Training Epochs:  24%|██▎       | 47/200 [04:20<19:02,  7.47s/it, -ELBO=1.4357, Potential Metric=0.1142, Entropy Metric=0.0306]

Epoch 47:   6%|▋         | 1/16 [00:00<00:07,  2.01it/s][A
Training Epochs:  24%|██▎       | 47/200 [04:20<19:02,  7.47s/it, -ELBO=1.4349, Potential Metric=0.1218, Entropy Metric=0.0328]

Epoch 47:  12%|█▎        | 2/16 [00:00<00:06,  2.10it/s][A
Training Epochs:  24%|██▎       | 47/200 [04:21<19:02,  7.47s/it, -ELBO=1.4120, Potential Metric=0.1229, Entropy Metric=0.0357]

Epoch 47:  19%|█▉        | 3/16 [00:01<00:07,  1.77it/s][A
Training Epochs:  24%|██▎       | 47/200 [04:22<19:02,  7.47s/it, -ELBO=1.4366, Potential Metric=0.1206, Entropy Metric=0.0297]

Epoch 47:  25%|██▌       | 4/16 [00:02<00:06,  1.91it/s][A
Training Epochs:  24%|██▎       | 47/200 [04:22<19:02,  7.47s/it, -ELBO=1.4278, Potential Metric=0.1248, Entropy Metric=0.0322]

Epoch 47:  31%|███▏      | 5/16 [00:02<00:05,  2.02it/s][A
Training Epochs:  24%|██▎       | 47/200 [04:22<19:02,  7.47s/it, -ELBO=1.3888, Potential Metric=0.1259, Entropy Metric=0.0317]

Epoch 47:  38%|███▊      | 6/16 [00:02<00:04,  2.19it/s][A
Training Epochs:  24%|██▎       | 47/200 [04:23<19:02,  7.47s/it, -ELBO=1.4275, Potential Metric=0.1212, Entropy Metric=0.0323]

Epoch 47:  44%|████▍     | 7/16 [00:03<00:04,  2.13it/s][A
Training Epochs:  24%|██▎       | 47/200 [04:23<19:02,  7.47s/it, -ELBO=1.4086, Potential Metric=0.1189, Entropy Metric=0.0301]

Epoch 47:  50%|█████     | 8/16 [00:03<00:03,  2.19it/s][A
Training Epochs:  24%|██▎       | 47/200 [04:24<19:02,  7.47s/it, -ELBO=1.4394, Potential Metric=0.1277, Entropy Metric=0.0345]

Epoch 47:  56%|█████▋    | 9/16 [00:04<00:03,  2.22it/s][A
Training Epochs:  24%|██▎       | 47/200 [04:24<19:02,  7.47s/it, -ELBO=1.4425, Potential Metric=0.1260, Entropy Metric=0.0321]

Epoch 47:  62%|██████▎   | 10/16 [00:04<00:02,  2.22it/s][A
Training Epochs:  24%|██▎       | 47/200 [04:25<19:02,  7.47s/it, -ELBO=1.4175, Potential Metric=0.1287, Entropy Metric=0.0300]

Epoch 47:  69%|██████▉   | 11/16 [00:05<00:02,  2.16it/s][A
Training Epochs:  24%|██▎       | 47/200 [04:25<19:02,  7.47s/it, -ELBO=1.4050, Potential Metric=0.1316, Entropy Metric=0.0293]

Epoch 47:  75%|███████▌  | 12/16 [00:05<00:01,  2.15it/s][A
Training Epochs:  24%|██▎       | 47/200 [04:26<19:02,  7.47s/it, -ELBO=1.4099, Potential Metric=0.1325, Entropy Metric=0.0283]

Epoch 47:  81%|████████▏ | 13/16 [00:06<00:01,  2.16it/s][A
Training Epochs:  24%|██▎       | 47/200 [04:26<19:02,  7.47s/it, -ELBO=1.4503, Potential Metric=0.1315, Entropy Metric=0.0306]

Epoch 47:  88%|████████▊ | 14/16 [00:06<00:00,  2.15it/s][A
Training Epochs:  24%|██▎       | 47/200 [04:27<19:02,  7.47s/it, -ELBO=1.3983, Potential Metric=0.1316, Entropy Metric=0.0315]

Epoch 47:  94%|█████████▍| 15/16 [00:07<00:00,  2.19it/s][A
Training Epochs:  24%|██▎       | 47/200 [04:27<19:02,  7.47s/it, -ELBO=1.3887, Potential Metric=0.1207, Entropy Metric=0.0308]

Epoch 47: 100%|██████████| 16/16 [00:07<00:00,  2.22it/s][A

                                                         [A
Training Epochs:  24%|██▍       | 48/200 [04:27<18:59,  7.50s/it, -ELBO=1.3887, Potential Metric=0.1207, Entropy Metric=0.0308]

Epoch 48:   0%|          | 0/16 [00:00<?, ?it/s][A
Training Epochs:  24%|██▍       | 48/200 [04:28<18:59,  7.50s/it, -ELBO=1.4232, Potential Metric=0.1220, Entropy Metric=0.0316]

Epoch 48:   6%|▋         | 1/16 [00:00<00:08,  1.80it/s][A
Training Epochs:  24%|██▍       | 48/200 [04:28<18:59,  7.50s/it, -ELBO=1.4038, Potential Metric=0.1233, Entropy Metric=0.0278]

Epoch 48:  12%|█▎        | 2/16 [00:01<00:07,  1.99it/s][A
Training Epochs:  24%|██▍       | 48/200 [04:29<18:59,  7.50s/it, -ELBO=1.4277, Potential Metric=0.1377, Entropy Metric=0.0307]

Epoch 48:  19%|█▉        | 3/16 [00:01<00:06,  2.12it/s][A
Training Epochs:  24%|██▍       | 48/200 [04:29<18:59,  7.50s/it, -ELBO=1.3973, Potential Metric=0.1263, Entropy Metric=0.0315]

Epoch 48:  25%|██▌       | 4/16 [00:01<00:05,  2.16it/s][A
Training Epochs:  24%|██▍       | 48/200 [04:29<18:59,  7.50s/it, -ELBO=1.4245, Potential Metric=0.1230, Entropy Metric=0.0299]

Epoch 48:  31%|███▏      | 5/16 [00:02<00:04,  2.24it/s][A
Training Epochs:  24%|██▍       | 48/200 [04:30<18:59,  7.50s/it, -ELBO=1.4230, Potential Metric=0.1252, Entropy Metric=0.0299]

Epoch 48:  38%|███▊      | 6/16 [00:02<00:04,  2.26it/s][A
Training Epochs:  24%|██▍       | 48/200 [04:30<18:59,  7.50s/it, -ELBO=1.3940, Potential Metric=0.1288, Entropy Metric=0.0312]

Epoch 48:  44%|████▍     | 7/16 [00:03<00:03,  2.27it/s][A
Training Epochs:  24%|██▍       | 48/200 [04:31<18:59,  7.50s/it, -ELBO=1.4602, Potential Metric=0.1112, Entropy Metric=0.0279]

Epoch 48:  50%|█████     | 8/16 [00:03<00:03,  2.19it/s][A
Training Epochs:  24%|██▍       | 48/200 [04:31<18:59,  7.50s/it, -ELBO=1.3954, Potential Metric=0.1182, Entropy Metric=0.0297]

Epoch 48:  56%|█████▋    | 9/16 [00:04<00:03,  2.08it/s][A
Training Epochs:  24%|██▍       | 48/200 [04:32<18:59,  7.50s/it, -ELBO=1.4005, Potential Metric=0.1369, Entropy Metric=0.0309]

Epoch 48:  62%|██████▎   | 10/16 [00:04<00:03,  2.00it/s][A
Training Epochs:  24%|██▍       | 48/200 [04:32<18:59,  7.50s/it, -ELBO=1.4267, Potential Metric=0.1266, Entropy Metric=0.0292]

Epoch 48:  69%|██████▉   | 11/16 [00:05<00:02,  2.01it/s][A
Training Epochs:  24%|██▍       | 48/200 [04:33<18:59,  7.50s/it, -ELBO=1.4194, Potential Metric=0.1341, Entropy Metric=0.0315]

Epoch 48:  75%|███████▌  | 12/16 [00:05<00:01,  2.07it/s][A
Training Epochs:  24%|██▍       | 48/200 [04:33<18:59,  7.50s/it, -ELBO=1.4417, Potential Metric=0.1420, Entropy Metric=0.0328]

Epoch 48:  81%|████████▏ | 13/16 [00:06<00:01,  2.10it/s][A
Training Epochs:  24%|██▍       | 48/200 [04:34<18:59,  7.50s/it, -ELBO=1.3815, Potential Metric=0.1365, Entropy Metric=0.0313]

Epoch 48:  88%|████████▊ | 14/16 [00:06<00:00,  2.11it/s][A
Training Epochs:  24%|██▍       | 48/200 [04:34<18:59,  7.50s/it, -ELBO=1.3895, Potential Metric=0.1267, Entropy Metric=0.0297]

Epoch 48:  94%|█████████▍| 15/16 [00:07<00:00,  2.09it/s][A
Training Epochs:  24%|██▍       | 48/200 [04:35<18:59,  7.50s/it, -ELBO=1.4040, Potential Metric=0.1321, Entropy Metric=0.0331]

Epoch 48: 100%|██████████| 16/16 [00:07<00:00,  2.05it/s][A

                                                         [A
Training Epochs:  24%|██▍       | 49/200 [04:35<19:02,  7.57s/it, -ELBO=1.4040, Potential Metric=0.1321, Entropy Metric=0.0331]

Epoch 49:   0%|          | 0/16 [00:00<?, ?it/s][A
Training Epochs:  24%|██▍       | 49/200 [04:35<19:02,  7.57s/it, -ELBO=1.3589, Potential Metric=0.1333, Entropy Metric=0.0317]

Epoch 49:   6%|▋         | 1/16 [00:00<00:08,  1.82it/s][A
Training Epochs:  24%|██▍       | 49/200 [04:36<19:02,  7.57s/it, -ELBO=1.4205, Potential Metric=0.1293, Entropy Metric=0.0298]

Epoch 49:  12%|█▎        | 2/16 [00:01<00:07,  1.87it/s][A
Training Epochs:  24%|██▍       | 49/200 [04:36<19:02,  7.57s/it, -ELBO=1.4098, Potential Metric=0.1262, Entropy Metric=0.0295]

Epoch 49:  19%|█▉        | 3/16 [00:01<00:06,  2.03it/s][A
Training Epochs:  24%|██▍       | 49/200 [04:37<19:02,  7.57s/it, -ELBO=1.4073, Potential Metric=0.1297, Entropy Metric=0.0315]

Epoch 49:  25%|██▌       | 4/16 [00:02<00:05,  2.03it/s][A
Training Epochs:  24%|██▍       | 49/200 [04:37<19:02,  7.57s/it, -ELBO=1.4088, Potential Metric=0.1296, Entropy Metric=0.0312]

Epoch 49:  31%|███▏      | 5/16 [00:02<00:05,  2.01it/s][A
Training Epochs:  24%|██▍       | 49/200 [04:38<19:02,  7.57s/it, -ELBO=1.4341, Potential Metric=0.1221, Entropy Metric=0.0297]

Epoch 49:  38%|███▊      | 6/16 [00:03<00:05,  1.98it/s][A
Training Epochs:  24%|██▍       | 49/200 [04:38<19:02,  7.57s/it, -ELBO=1.4008, Potential Metric=0.1224, Entropy Metric=0.0282]

Epoch 49:  44%|████▍     | 7/16 [00:03<00:04,  2.05it/s][A
Training Epochs:  24%|██▍       | 49/200 [04:39<19:02,  7.57s/it, -ELBO=1.4332, Potential Metric=0.1310, Entropy Metric=0.0302]

Epoch 49:  50%|█████     | 8/16 [00:03<00:03,  2.05it/s][A
Training Epochs:  24%|██▍       | 49/200 [04:39<19:02,  7.57s/it, -ELBO=1.4273, Potential Metric=0.1332, Entropy Metric=0.0292]

Epoch 49:  56%|█████▋    | 9/16 [00:04<00:03,  2.02it/s][A
Training Epochs:  24%|██▍       | 49/200 [04:40<19:02,  7.57s/it, -ELBO=1.4011, Potential Metric=0.1281, Entropy Metric=0.0284]

Epoch 49:  62%|██████▎   | 10/16 [00:05<00:03,  1.99it/s][A
Training Epochs:  24%|██▍       | 49/200 [04:40<19:02,  7.57s/it, -ELBO=1.4094, Potential Metric=0.1416, Entropy Metric=0.0320]

Epoch 49:  69%|██████▉   | 11/16 [00:05<00:02,  1.97it/s][A
Training Epochs:  24%|██▍       | 49/200 [04:41<19:02,  7.57s/it, -ELBO=1.3813, Potential Metric=0.1466, Entropy Metric=0.0321]

Epoch 49:  75%|███████▌  | 12/16 [00:06<00:02,  1.91it/s][A
Training Epochs:  24%|██▍       | 49/200 [04:41<19:02,  7.57s/it, -ELBO=1.3837, Potential Metric=0.1428, Entropy Metric=0.0320]

Epoch 49:  81%|████████▏ | 13/16 [00:06<00:01,  1.92it/s][A
Training Epochs:  24%|██▍       | 49/200 [04:42<19:02,  7.57s/it, -ELBO=1.4314, Potential Metric=0.1313, Entropy Metric=0.0334]

Epoch 49:  88%|████████▊ | 14/16 [00:07<00:01,  1.93it/s][A
Training Epochs:  24%|██▍       | 49/200 [04:42<19:02,  7.57s/it, -ELBO=1.4273, Potential Metric=0.1228, Entropy Metric=0.0304]

Epoch 49:  94%|█████████▍| 15/16 [00:07<00:00,  1.93it/s][A
Training Epochs:  24%|██▍       | 49/200 [04:43<19:02,  7.57s/it, -ELBO=1.3480, Potential Metric=0.1457, Entropy Metric=0.0309]

Epoch 49: 100%|██████████| 16/16 [00:08<00:00,  1.77it/s][A

                                                         [A
Training Epochs:  25%|██▌       | 50/200 [04:43<19:32,  7.81s/it, -ELBO=1.3480, Potential Metric=0.1457, Entropy Metric=0.0309]

Epoch 50:   0%|          | 0/16 [00:00<?, ?it/s][A
Training Epochs:  25%|██▌       | 50/200 [04:44<19:32,  7.81s/it, -ELBO=1.4339, Potential Metric=0.1358, Entropy Metric=0.0336]

Epoch 50:   6%|▋         | 1/16 [00:00<00:08,  1.85it/s][A
Training Epochs:  25%|██▌       | 50/200 [04:44<19:32,  7.81s/it, -ELBO=1.4352, Potential Metric=0.1247, Entropy Metric=0.0327]

Epoch 50:  12%|█▎        | 2/16 [00:01<00:07,  1.90it/s][A
Training Epochs:  25%|██▌       | 50/200 [04:45<19:32,  7.81s/it, -ELBO=1.4215, Potential Metric=0.1218, Entropy Metric=0.0299]

Epoch 50:  19%|█▉        | 3/16 [00:01<00:06,  2.03it/s][A
Training Epochs:  25%|██▌       | 50/200 [04:45<19:32,  7.81s/it, -ELBO=1.4171, Potential Metric=0.1332, Entropy Metric=0.0333]

Epoch 50:  25%|██▌       | 4/16 [00:02<00:05,  2.03it/s][A
Training Epochs:  25%|██▌       | 50/200 [04:46<19:32,  7.81s/it, -ELBO=1.4133, Potential Metric=0.1457, Entropy Metric=0.0333]

Epoch 50:  31%|███▏      | 5/16 [00:02<00:05,  2.10it/s][A
Training Epochs:  25%|██▌       | 50/200 [04:46<19:32,  7.81s/it, -ELBO=1.3632, Potential Metric=0.1417, Entropy Metric=0.0336]

Epoch 50:  38%|███▊      | 6/16 [00:02<00:04,  2.15it/s][A
Training Epochs:  25%|██▌       | 50/200 [04:47<19:32,  7.81s/it, -ELBO=1.3872, Potential Metric=0.1370, Entropy Metric=0.0335]

Epoch 50:  44%|████▍     | 7/16 [00:03<00:04,  2.11it/s][A
Training Epochs:  25%|██▌       | 50/200 [04:47<19:32,  7.81s/it, -ELBO=1.4197, Potential Metric=0.1322, Entropy Metric=0.0340]

Epoch 50:  50%|█████     | 8/16 [00:03<00:03,  2.09it/s][A
Training Epochs:  25%|██▌       | 50/200 [04:48<19:32,  7.81s/it, -ELBO=1.3886, Potential Metric=0.1298, Entropy Metric=0.0343]

Epoch 50:  56%|█████▋    | 9/16 [00:04<00:03,  2.05it/s][A
Training Epochs:  25%|██▌       | 50/200 [04:48<19:32,  7.81s/it, -ELBO=1.3850, Potential Metric=0.1402, Entropy Metric=0.0353]

Epoch 50:  62%|██████▎   | 10/16 [00:04<00:02,  2.06it/s][A
Training Epochs:  25%|██▌       | 50/200 [04:49<19:32,  7.81s/it, -ELBO=1.3508, Potential Metric=0.1450, Entropy Metric=0.0327]

Epoch 50:  69%|██████▉   | 11/16 [00:05<00:02,  2.07it/s][A
Training Epochs:  25%|██▌       | 50/200 [04:49<19:32,  7.81s/it, -ELBO=1.4014, Potential Metric=0.1353, Entropy Metric=0.0323]

Epoch 50:  75%|███████▌  | 12/16 [00:05<00:01,  2.15it/s][A
Training Epochs:  25%|██▌       | 50/200 [04:49<19:32,  7.81s/it, -ELBO=1.3703, Potential Metric=0.1382, Entropy Metric=0.0301]

Epoch 50:  81%|████████▏ | 13/16 [00:06<00:01,  2.10it/s][A
Training Epochs:  25%|██▌       | 50/200 [04:50<19:32,  7.81s/it, -ELBO=1.3754, Potential Metric=0.1330, Entropy Metric=0.0300]

Epoch 50:  88%|████████▊ | 14/16 [00:06<00:00,  2.12it/s][A
Training Epochs:  25%|██▌       | 50/200 [04:50<19:32,  7.81s/it, -ELBO=1.4190, Potential Metric=0.1258, Entropy Metric=0.0300]

Epoch 50:  94%|█████████▍| 15/16 [00:07<00:00,  2.06it/s][A
Training Epochs:  25%|██▌       | 50/200 [04:51<19:32,  7.81s/it, -ELBO=1.4111, Potential Metric=0.1298, Entropy Metric=0.0319]

Epoch 50: 100%|██████████| 16/16 [00:07<00:00,  1.96it/s][A

                                                         [A
Training Epochs:  26%|██▌       | 51/200 [04:51<19:28,  7.84s/it, -ELBO=1.4111, Potential Metric=0.1298, Entropy Metric=0.0319]

Epoch 51:   0%|          | 0/16 [00:00<?, ?it/s][A
Training Epochs:  26%|██▌       | 51/200 [04:52<19:28,  7.84s/it, -ELBO=1.4026, Potential Metric=0.1434, Entropy Metric=0.0335]

Epoch 51:   6%|▋         | 1/16 [00:00<00:07,  2.01it/s][A
Training Epochs:  26%|██▌       | 51/200 [04:52<19:28,  7.84s/it, -ELBO=1.3647, Potential Metric=0.1342, Entropy Metric=0.0330]

Epoch 51:  12%|█▎        | 2/16 [00:00<00:06,  2.17it/s][A
Training Epochs:  26%|██▌       | 51/200 [04:53<19:28,  7.84s/it, -ELBO=1.3960, Potential Metric=0.1339, Entropy Metric=0.0302]

Epoch 51:  19%|█▉        | 3/16 [00:01<00:06,  2.09it/s][A
Training Epochs:  26%|██▌       | 51/200 [04:53<19:28,  7.84s/it, -ELBO=1.4047, Potential Metric=0.1347, Entropy Metric=0.0331]

Epoch 51:  25%|██▌       | 4/16 [00:01<00:05,  2.16it/s][A
Training Epochs:  26%|██▌       | 51/200 [04:53<19:28,  7.84s/it, -ELBO=1.4038, Potential Metric=0.1346, Entropy Metric=0.0329]

Epoch 51:  31%|███▏      | 5/16 [00:02<00:05,  2.13it/s][A
Training Epochs:  26%|██▌       | 51/200 [04:54<19:28,  7.84s/it, -ELBO=1.3732, Potential Metric=0.1326, Entropy Metric=0.0326]

Epoch 51:  38%|███▊      | 6/16 [00:02<00:04,  2.08it/s][A
Training Epochs:  26%|██▌       | 51/200 [04:54<19:28,  7.84s/it, -ELBO=1.3709, Potential Metric=0.1410, Entropy Metric=0.0323]

Epoch 51:  44%|████▍     | 7/16 [00:03<00:04,  2.12it/s][A
Training Epochs:  26%|██▌       | 51/200 [04:55<19:28,  7.84s/it, -ELBO=1.4088, Potential Metric=0.1427, Entropy Metric=0.0328]

Epoch 51:  50%|█████     | 8/16 [00:03<00:03,  2.16it/s][A
Training Epochs:  26%|██▌       | 51/200 [04:55<19:28,  7.84s/it, -ELBO=1.4116, Potential Metric=0.1361, Entropy Metric=0.0328]

Epoch 51:  56%|█████▋    | 9/16 [00:04<00:03,  2.06it/s][A
Training Epochs:  26%|██▌       | 51/200 [04:56<19:28,  7.84s/it, -ELBO=1.4077, Potential Metric=0.1395, Entropy Metric=0.0345]

Epoch 51:  62%|██████▎   | 10/16 [00:04<00:02,  2.02it/s][A
Training Epochs:  26%|██▌       | 51/200 [04:56<19:28,  7.84s/it, -ELBO=1.4279, Potential Metric=0.1342, Entropy Metric=0.0311]

Epoch 51:  69%|██████▉   | 11/16 [00:05<00:02,  2.03it/s][A
Training Epochs:  26%|██▌       | 51/200 [04:57<19:28,  7.84s/it, -ELBO=1.3688, Potential Metric=0.1398, Entropy Metric=0.0303]

Epoch 51:  75%|███████▌  | 12/16 [00:05<00:01,  2.04it/s][A
Training Epochs:  26%|██▌       | 51/200 [04:57<19:28,  7.84s/it, -ELBO=1.3671, Potential Metric=0.1517, Entropy Metric=0.0315]

Epoch 51:  81%|████████▏ | 13/16 [00:06<00:01,  1.99it/s][A
Training Epochs:  26%|██▌       | 51/200 [04:58<19:28,  7.84s/it, -ELBO=1.4239, Potential Metric=0.1315, Entropy Metric=0.0312]

Epoch 51:  88%|████████▊ | 14/16 [00:06<00:01,  1.91it/s][A
Training Epochs:  26%|██▌       | 51/200 [04:59<19:28,  7.84s/it, -ELBO=1.3680, Potential Metric=0.1456, Entropy Metric=0.0345]

Epoch 51:  94%|█████████▍| 15/16 [00:07<00:00,  1.89it/s][A
Training Epochs:  26%|██▌       | 51/200 [04:59<19:28,  7.84s/it, -ELBO=1.3642, Potential Metric=0.1400, Entropy Metric=0.0334]

Epoch 51: 100%|██████████| 16/16 [00:07<00:00,  1.92it/s][A

                                                         [A
Training Epochs:  26%|██▌       | 52/200 [04:59<19:28,  7.89s/it, -ELBO=1.3642, Potential Metric=0.1400, Entropy Metric=0.0334]

Epoch 52:   0%|          | 0/16 [00:00<?, ?it/s][A
Training Epochs:  26%|██▌       | 52/200 [05:00<19:28,  7.89s/it, -ELBO=1.3693, Potential Metric=0.1351, Entropy Metric=0.0313]

Epoch 52:   6%|▋         | 1/16 [00:00<00:08,  1.87it/s][A
Training Epochs:  26%|██▌       | 52/200 [05:00<19:28,  7.89s/it, -ELBO=1.4008, Potential Metric=0.1372, Entropy Metric=0.0339]

Epoch 52:  12%|█▎        | 2/16 [00:00<00:06,  2.04it/s][A
Training Epochs:  26%|██▌       | 52/200 [05:01<19:28,  7.89s/it, -ELBO=1.4330, Potential Metric=0.1383, Entropy Metric=0.0341]

Epoch 52:  19%|█▉        | 3/16 [00:01<00:06,  2.02it/s][A
Training Epochs:  26%|██▌       | 52/200 [05:01<19:28,  7.89s/it, -ELBO=1.3980, Potential Metric=0.1437, Entropy Metric=0.0348]

Epoch 52:  25%|██▌       | 4/16 [00:01<00:05,  2.02it/s][A
Training Epochs:  26%|██▌       | 52/200 [05:02<19:28,  7.89s/it, -ELBO=1.3754, Potential Metric=0.1292, Entropy Metric=0.0309]

Epoch 52:  31%|███▏      | 5/16 [00:02<00:05,  2.16it/s][A
Training Epochs:  26%|██▌       | 52/200 [05:02<19:28,  7.89s/it, -ELBO=1.3414, Potential Metric=0.1441, Entropy Metric=0.0318]

Epoch 52:  38%|███▊      | 6/16 [00:02<00:04,  2.15it/s][A
Training Epochs:  26%|██▌       | 52/200 [05:03<19:28,  7.89s/it, -ELBO=1.4188, Potential Metric=0.1340, Entropy Metric=0.0325]

Epoch 52:  44%|████▍     | 7/16 [00:03<00:04,  2.11it/s][A
Training Epochs:  26%|██▌       | 52/200 [05:03<19:28,  7.89s/it, -ELBO=1.4068, Potential Metric=0.1430, Entropy Metric=0.0356]

Epoch 52:  50%|█████     | 8/16 [00:03<00:03,  2.07it/s][A
Training Epochs:  26%|██▌       | 52/200 [05:04<19:28,  7.89s/it, -ELBO=1.3702, Potential Metric=0.1467, Entropy Metric=0.0298]

Epoch 52:  56%|█████▋    | 9/16 [00:04<00:03,  2.05it/s][A
Training Epochs:  26%|██▌       | 52/200 [05:04<19:28,  7.89s/it, -ELBO=1.4059, Potential Metric=0.1362, Entropy Metric=0.0313]

Epoch 52:  62%|██████▎   | 10/16 [00:04<00:02,  2.04it/s][A
Training Epochs:  26%|██▌       | 52/200 [05:05<19:28,  7.89s/it, -ELBO=1.3937, Potential Metric=0.1380, Entropy Metric=0.0309]

Epoch 52:  69%|██████▉   | 11/16 [00:05<00:02,  1.98it/s][A
Training Epochs:  26%|██▌       | 52/200 [05:05<19:28,  7.89s/it, -ELBO=1.3741, Potential Metric=0.1545, Entropy Metric=0.0336]

Epoch 52:  75%|███████▌  | 12/16 [00:05<00:02,  1.93it/s][A
Training Epochs:  26%|██▌       | 52/200 [05:06<19:28,  7.89s/it, -ELBO=1.3607, Potential Metric=0.1316, Entropy Metric=0.0329]

Epoch 52:  81%|████████▏ | 13/16 [00:06<00:01,  1.85it/s][A
Training Epochs:  26%|██▌       | 52/200 [05:06<19:28,  7.89s/it, -ELBO=1.3292, Potential Metric=0.1424, Entropy Metric=0.0329]

Epoch 52:  88%|████████▊ | 14/16 [00:07<00:01,  1.83it/s][A
Training Epochs:  26%|██▌       | 52/200 [05:07<19:28,  7.89s/it, -ELBO=1.3918, Potential Metric=0.1341, Entropy Metric=0.0307]

Epoch 52:  94%|█████████▍| 15/16 [00:07<00:00,  1.84it/s][A
Training Epochs:  26%|██▌       | 52/200 [05:07<19:28,  7.89s/it, -ELBO=1.3732, Potential Metric=0.1342, Entropy Metric=0.0342]

Epoch 52: 100%|██████████| 16/16 [00:08<00:00,  1.84it/s][A

                                                         [A
Training Epochs:  26%|██▋       | 53/200 [05:07<19:38,  8.02s/it, -ELBO=1.3732, Potential Metric=0.1342, Entropy Metric=0.0342]

Epoch 53:   0%|          | 0/16 [00:00<?, ?it/s][A
Training Epochs:  26%|██▋       | 53/200 [05:08<19:38,  8.02s/it, -ELBO=1.3980, Potential Metric=0.1436, Entropy Metric=0.0360]

Epoch 53:   6%|▋         | 1/16 [00:00<00:07,  1.97it/s][A
Training Epochs:  26%|██▋       | 53/200 [05:08<19:38,  8.02s/it, -ELBO=1.4032, Potential Metric=0.1341, Entropy Metric=0.0329]

Epoch 53:  12%|█▎        | 2/16 [00:00<00:06,  2.07it/s][A
Training Epochs:  26%|██▋       | 53/200 [05:09<19:38,  8.02s/it, -ELBO=1.3648, Potential Metric=0.1394, Entropy Metric=0.0337]

Epoch 53:  19%|█▉        | 3/16 [00:01<00:06,  2.11it/s][A
Training Epochs:  26%|██▋       | 53/200 [05:09<19:38,  8.02s/it, -ELBO=1.4040, Potential Metric=0.1364, Entropy Metric=0.0330]

Epoch 53:  25%|██▌       | 4/16 [00:01<00:05,  2.03it/s][A
Training Epochs:  26%|██▋       | 53/200 [05:10<19:38,  8.02s/it, -ELBO=1.3796, Potential Metric=0.1424, Entropy Metric=0.0345]

Epoch 53:  31%|███▏      | 5/16 [00:02<00:06,  1.77it/s][A
Training Epochs:  26%|██▋       | 53/200 [05:11<19:38,  8.02s/it, -ELBO=1.3820, Potential Metric=0.1446, Entropy Metric=0.0314]

Epoch 53:  38%|███▊      | 6/16 [00:03<00:05,  1.79it/s][A
Training Epochs:  26%|██▋       | 53/200 [05:11<19:38,  8.02s/it, -ELBO=1.3777, Potential Metric=0.1545, Entropy Metric=0.0326]

Epoch 53:  44%|████▍     | 7/16 [00:03<00:04,  1.85it/s][A
Training Epochs:  26%|██▋       | 53/200 [05:12<19:38,  8.02s/it, -ELBO=1.4218, Potential Metric=0.1361, Entropy Metric=0.0314]

Epoch 53:  50%|█████     | 8/16 [00:04<00:04,  1.88it/s][A
Training Epochs:  26%|██▋       | 53/200 [05:12<19:38,  8.02s/it, -ELBO=1.3451, Potential Metric=0.1433, Entropy Metric=0.0307]

Epoch 53:  56%|█████▋    | 9/16 [00:04<00:03,  1.90it/s][A
Training Epochs:  26%|██▋       | 53/200 [05:12<19:38,  8.02s/it, -ELBO=1.3467, Potential Metric=0.1364, Entropy Metric=0.0312]

Epoch 53:  62%|██████▎   | 10/16 [00:05<00:02,  2.12it/s][A
Training Epochs:  26%|██▋       | 53/200 [05:13<19:38,  8.02s/it, -ELBO=1.3872, Potential Metric=0.1351, Entropy Metric=0.0301]

Epoch 53:  69%|██████▉   | 11/16 [00:05<00:02,  2.15it/s][A
Training Epochs:  26%|██▋       | 53/200 [05:13<19:38,  8.02s/it, -ELBO=1.3997, Potential Metric=0.1376, Entropy Metric=0.0304]

Epoch 53:  75%|███████▌  | 12/16 [00:05<00:01,  2.15it/s][A
Training Epochs:  26%|██▋       | 53/200 [05:14<19:38,  8.02s/it, -ELBO=1.3649, Potential Metric=0.1365, Entropy Metric=0.0330]

Epoch 53:  81%|████████▏ | 13/16 [00:06<00:01,  2.10it/s][A
Training Epochs:  26%|██▋       | 53/200 [05:14<19:38,  8.02s/it, -ELBO=1.3846, Potential Metric=0.1424, Entropy Metric=0.0327]

Epoch 53:  88%|████████▊ | 14/16 [00:07<00:01,  2.00it/s][A
Training Epochs:  26%|██▋       | 53/200 [05:15<19:38,  8.02s/it, -ELBO=1.3932, Potential Metric=0.1379, Entropy Metric=0.0322]

Epoch 53:  94%|█████████▍| 15/16 [00:07<00:00,  1.97it/s][A
Training Epochs:  26%|██▋       | 53/200 [05:16<19:38,  8.02s/it, -ELBO=1.3363, Potential Metric=0.1384, Entropy Metric=0.0318]

Epoch 53: 100%|██████████| 16/16 [00:08<00:00,  1.93it/s][A

                                                         [A
Training Epochs:  27%|██▋       | 54/200 [05:16<19:36,  8.06s/it, -ELBO=1.3363, Potential Metric=0.1384, Entropy Metric=0.0318]

Epoch 54:   0%|          | 0/16 [00:00<?, ?it/s][A
Training Epochs:  27%|██▋       | 54/200 [05:16<19:36,  8.06s/it, -ELBO=1.3486, Potential Metric=0.1391, Entropy Metric=0.0319]

Epoch 54:   6%|▋         | 1/16 [00:00<00:07,  1.90it/s][A
Training Epochs:  27%|██▋       | 54/200 [05:17<19:36,  8.06s/it, -ELBO=1.3674, Potential Metric=0.1487, Entropy Metric=0.0338]

Epoch 54:  12%|█▎        | 2/16 [00:01<00:07,  1.95it/s][A
Training Epochs:  27%|██▋       | 54/200 [05:17<19:36,  8.06s/it, -ELBO=1.3878, Potential Metric=0.1493, Entropy Metric=0.0329]

Epoch 54:  19%|█▉        | 3/16 [00:01<00:06,  1.97it/s][A
Training Epochs:  27%|██▋       | 54/200 [05:18<19:36,  8.06s/it, -ELBO=1.4039, Potential Metric=0.1323, Entropy Metric=0.0339]

Epoch 54:  25%|██▌       | 4/16 [00:02<00:06,  1.91it/s][A
Training Epochs:  27%|██▋       | 54/200 [05:18<19:36,  8.06s/it, -ELBO=1.3655, Potential Metric=0.1403, Entropy Metric=0.0342]

Epoch 54:  31%|███▏      | 5/16 [00:02<00:05,  1.88it/s][A
Training Epochs:  27%|██▋       | 54/200 [05:19<19:36,  8.06s/it, -ELBO=1.3523, Potential Metric=0.1417, Entropy Metric=0.0320]

Epoch 54:  38%|███▊      | 6/16 [00:03<00:05,  1.85it/s][A
Training Epochs:  27%|██▋       | 54/200 [05:19<19:36,  8.06s/it, -ELBO=1.3684, Potential Metric=0.1486, Entropy Metric=0.0358]

Epoch 54:  44%|████▍     | 7/16 [00:03<00:04,  1.83it/s][A
Training Epochs:  27%|██▋       | 54/200 [05:20<19:36,  8.06s/it, -ELBO=1.3413, Potential Metric=0.1447, Entropy Metric=0.0328]

Epoch 54:  50%|█████     | 8/16 [00:04<00:04,  1.87it/s][A
Training Epochs:  27%|██▋       | 54/200 [05:20<19:36,  8.06s/it, -ELBO=1.3875, Potential Metric=0.1458, Entropy Metric=0.0306]

Epoch 54:  56%|█████▋    | 9/16 [00:04<00:03,  1.87it/s][A
Training Epochs:  27%|██▋       | 54/200 [05:21<19:36,  8.06s/it, -ELBO=1.4099, Potential Metric=0.1390, Entropy Metric=0.0335]

Epoch 54:  62%|██████▎   | 10/16 [00:05<00:03,  1.91it/s][A
Training Epochs:  27%|██▋       | 54/200 [05:21<19:36,  8.06s/it, -ELBO=1.3470, Potential Metric=0.1398, Entropy Metric=0.0318]

Epoch 54:  69%|██████▉   | 11/16 [00:05<00:02,  1.96it/s][A
Training Epochs:  27%|██▋       | 54/200 [05:22<19:36,  8.06s/it, -ELBO=1.3494, Potential Metric=0.1498, Entropy Metric=0.0303]

Epoch 54:  75%|███████▌  | 12/16 [00:06<00:02,  1.96it/s][A
Training Epochs:  27%|██▋       | 54/200 [05:22<19:36,  8.06s/it, -ELBO=1.3730, Potential Metric=0.1386, Entropy Metric=0.0310]

Epoch 54:  81%|████████▏ | 13/16 [00:06<00:01,  1.96it/s][A
Training Epochs:  27%|██▋       | 54/200 [05:23<19:36,  8.06s/it, -ELBO=1.3658, Potential Metric=0.1566, Entropy Metric=0.0327]

Epoch 54:  88%|████████▊ | 14/16 [00:07<00:01,  1.92it/s][A
Training Epochs:  27%|██▋       | 54/200 [05:23<19:36,  8.06s/it, -ELBO=1.3468, Potential Metric=0.1273, Entropy Metric=0.0281]

Epoch 54:  94%|█████████▍| 15/16 [00:07<00:00,  1.94it/s][A
Training Epochs:  27%|██▋       | 54/200 [05:24<19:36,  8.06s/it, -ELBO=1.3663, Potential Metric=0.1448, Entropy Metric=0.0332]

Epoch 54: 100%|██████████| 16/16 [00:08<00:00,  1.96it/s][A

                                                         [A
Training Epochs:  28%|██▊       | 55/200 [05:24<19:44,  8.17s/it, -ELBO=1.3663, Potential Metric=0.1448, Entropy Metric=0.0332]

Epoch 55:   0%|          | 0/16 [00:00<?, ?it/s][A
Training Epochs:  28%|██▊       | 55/200 [05:25<19:44,  8.17s/it, -ELBO=1.3678, Potential Metric=0.1427, Entropy Metric=0.0320]

Epoch 55:   6%|▋         | 1/16 [00:00<00:08,  1.86it/s][A
Training Epochs:  28%|██▊       | 55/200 [05:25<19:44,  8.17s/it, -ELBO=1.3665, Potential Metric=0.1427, Entropy Metric=0.0309]

Epoch 55:  12%|█▎        | 2/16 [00:01<00:06,  2.01it/s][A
Training Epochs:  28%|██▊       | 55/200 [05:25<19:44,  8.17s/it, -ELBO=1.3924, Potential Metric=0.1379, Entropy Metric=0.0320]

Epoch 55:  19%|█▉        | 3/16 [00:01<00:06,  2.01it/s][A
Training Epochs:  28%|██▊       | 55/200 [05:26<19:44,  8.17s/it, -ELBO=1.3622, Potential Metric=0.1499, Entropy Metric=0.0314]

Epoch 55:  25%|██▌       | 4/16 [00:02<00:06,  1.99it/s][A
Training Epochs:  28%|██▊       | 55/200 [05:26<19:44,  8.17s/it, -ELBO=1.3804, Potential Metric=0.1558, Entropy Metric=0.0371]

Epoch 55:  31%|███▏      | 5/16 [00:02<00:05,  2.06it/s][A
Training Epochs:  28%|██▊       | 55/200 [05:27<19:44,  8.17s/it, -ELBO=1.3865, Potential Metric=0.1558, Entropy Metric=0.0366]

Epoch 55:  38%|███▊      | 6/16 [00:02<00:04,  2.00it/s][A
Training Epochs:  28%|██▊       | 55/200 [05:27<19:44,  8.17s/it, -ELBO=1.3504, Potential Metric=0.1427, Entropy Metric=0.0336]

Epoch 55:  44%|████▍     | 7/16 [00:03<00:04,  2.01it/s][A
Training Epochs:  28%|██▊       | 55/200 [05:28<19:44,  8.17s/it, -ELBO=1.3457, Potential Metric=0.1489, Entropy Metric=0.0352]

Epoch 55:  50%|█████     | 8/16 [00:03<00:03,  2.05it/s][A
Training Epochs:  28%|██▊       | 55/200 [05:28<19:44,  8.17s/it, -ELBO=1.3028, Potential Metric=0.1579, Entropy Metric=0.0365]

Epoch 55:  56%|█████▋    | 9/16 [00:04<00:03,  2.03it/s][A
Training Epochs:  28%|██▊       | 55/200 [05:29<19:44,  8.17s/it, -ELBO=1.3750, Potential Metric=0.1414, Entropy Metric=0.0334]

Epoch 55:  62%|██████▎   | 10/16 [00:04<00:02,  2.03it/s][A
Training Epochs:  28%|██▊       | 55/200 [05:29<19:44,  8.17s/it, -ELBO=1.3616, Potential Metric=0.1510, Entropy Metric=0.0331]

Epoch 55:  69%|██████▉   | 11/16 [00:05<00:02,  2.05it/s][A
Training Epochs:  28%|██▊       | 55/200 [05:30<19:44,  8.17s/it, -ELBO=1.3577, Potential Metric=0.1436, Entropy Metric=0.0333]

Epoch 55:  75%|███████▌  | 12/16 [00:05<00:01,  2.11it/s][A
Training Epochs:  28%|██▊       | 55/200 [05:30<19:44,  8.17s/it, -ELBO=1.3834, Potential Metric=0.1367, Entropy Metric=0.0322]

Epoch 55:  81%|████████▏ | 13/16 [00:06<00:01,  2.07it/s][A
Training Epochs:  28%|██▊       | 55/200 [05:31<19:44,  8.17s/it, -ELBO=1.3507, Potential Metric=0.1504, Entropy Metric=0.0305]

Epoch 55:  88%|████████▊ | 14/16 [00:06<00:00,  2.06it/s][A
Training Epochs:  28%|██▊       | 55/200 [05:31<19:44,  8.17s/it, -ELBO=1.3711, Potential Metric=0.1286, Entropy Metric=0.0291]

Epoch 55:  94%|█████████▍| 15/16 [00:07<00:00,  2.00it/s][A
Training Epochs:  28%|██▊       | 55/200 [05:32<19:44,  8.17s/it, -ELBO=1.3694, Potential Metric=0.1449, Entropy Metric=0.0313]

Epoch 55: 100%|██████████| 16/16 [00:07<00:00,  1.90it/s][A

                                                         [A
Training Epochs:  28%|██▊       | 56/200 [05:32<19:30,  8.13s/it, -ELBO=1.3694, Potential Metric=0.1449, Entropy Metric=0.0313]

Epoch 56:   0%|          | 0/16 [00:00<?, ?it/s][A
Training Epochs:  28%|██▊       | 56/200 [05:33<19:30,  8.13s/it, -ELBO=1.3450, Potential Metric=0.1483, Entropy Metric=0.0303]

Epoch 56:   6%|▋         | 1/16 [00:00<00:07,  1.98it/s][A
Training Epochs:  28%|██▊       | 56/200 [05:33<19:30,  8.13s/it, -ELBO=1.3680, Potential Metric=0.1427, Entropy Metric=0.0320]

Epoch 56:  12%|█▎        | 2/16 [00:00<00:06,  2.01it/s][A
Training Epochs:  28%|██▊       | 56/200 [05:34<19:30,  8.13s/it, -ELBO=1.3317, Potential Metric=0.1451, Entropy Metric=0.0336]

Epoch 56:  19%|█▉        | 3/16 [00:01<00:06,  2.00it/s][A
Training Epochs:  28%|██▊       | 56/200 [05:34<19:30,  8.13s/it, -ELBO=1.3856, Potential Metric=0.1451, Entropy Metric=0.0307]

Epoch 56:  25%|██▌       | 4/16 [00:01<00:05,  2.04it/s][A
Training Epochs:  28%|██▊       | 56/200 [05:35<19:30,  8.13s/it, -ELBO=1.3424, Potential Metric=0.1358, Entropy Metric=0.0312]

Epoch 56:  31%|███▏      | 5/16 [00:02<00:05,  1.97it/s][A
Training Epochs:  28%|██▊       | 56/200 [05:35<19:30,  8.13s/it, -ELBO=1.3594, Potential Metric=0.1598, Entropy Metric=0.0371]

Epoch 56:  38%|███▊      | 6/16 [00:03<00:05,  1.77it/s][A
Training Epochs:  28%|██▊       | 56/200 [05:36<19:30,  8.13s/it, -ELBO=1.3457, Potential Metric=0.1372, Entropy Metric=0.0365]

Epoch 56:  44%|████▍     | 7/16 [00:03<00:04,  1.87it/s][A
Training Epochs:  28%|██▊       | 56/200 [05:36<19:30,  8.13s/it, -ELBO=1.3722, Potential Metric=0.1464, Entropy Metric=0.0351]

Epoch 56:  50%|█████     | 8/16 [00:04<00:04,  1.91it/s][A
Training Epochs:  28%|██▊       | 56/200 [05:37<19:30,  8.13s/it, -ELBO=1.3268, Potential Metric=0.1463, Entropy Metric=0.0365]

Epoch 56:  56%|█████▋    | 9/16 [00:04<00:03,  1.99it/s][A
Training Epochs:  28%|██▊       | 56/200 [05:37<19:30,  8.13s/it, -ELBO=1.3808, Potential Metric=0.1456, Entropy Metric=0.0336]

Epoch 56:  62%|██████▎   | 10/16 [00:05<00:03,  1.97it/s][A
Training Epochs:  28%|██▊       | 56/200 [05:38<19:30,  8.13s/it, -ELBO=1.3700, Potential Metric=0.1332, Entropy Metric=0.0310]

Epoch 56:  69%|██████▉   | 11/16 [00:05<00:02,  2.03it/s][A
Training Epochs:  28%|██▊       | 56/200 [05:38<19:30,  8.13s/it, -ELBO=1.3983, Potential Metric=0.1395, Entropy Metric=0.0326]

Epoch 56:  75%|███████▌  | 12/16 [00:06<00:02,  1.96it/s][A
Training Epochs:  28%|██▊       | 56/200 [05:39<19:30,  8.13s/it, -ELBO=1.3524, Potential Metric=0.1447, Entropy Metric=0.0344]

Epoch 56:  81%|████████▏ | 13/16 [00:06<00:01,  1.96it/s][A
Training Epochs:  28%|██▊       | 56/200 [05:39<19:30,  8.13s/it, -ELBO=1.3253, Potential Metric=0.1503, Entropy Metric=0.0360]

Epoch 56:  88%|████████▊ | 14/16 [00:07<00:01,  1.98it/s][A
Training Epochs:  28%|██▊       | 56/200 [05:40<19:30,  8.13s/it, -ELBO=1.3389, Potential Metric=0.1462, Entropy Metric=0.0353]

Epoch 56:  94%|█████████▍| 15/16 [00:07<00:00,  2.05it/s][A
Training Epochs:  28%|██▊       | 56/200 [05:40<19:30,  8.13s/it, -ELBO=1.3842, Potential Metric=0.1533, Entropy Metric=0.0365]

Epoch 56: 100%|██████████| 16/16 [00:08<00:00,  2.03it/s][A

                                                         [A
Training Epochs:  28%|██▊       | 57/200 [05:40<19:25,  8.15s/it, -ELBO=1.3842, Potential Metric=0.1533, Entropy Metric=0.0365]

Epoch 57:   0%|          | 0/16 [00:00<?, ?it/s][A
Training Epochs:  28%|██▊       | 57/200 [05:41<19:25,  8.15s/it, -ELBO=1.3290, Potential Metric=0.1481, Entropy Metric=0.0338]

Epoch 57:   6%|▋         | 1/16 [00:00<00:07,  1.90it/s][A
Training Epochs:  28%|██▊       | 57/200 [05:41<19:25,  8.15s/it, -ELBO=1.3604, Potential Metric=0.1423, Entropy Metric=0.0335]

Epoch 57:  12%|█▎        | 2/16 [00:01<00:06,  2.01it/s][A
Training Epochs:  28%|██▊       | 57/200 [05:42<19:25,  8.15s/it, -ELBO=1.3743, Potential Metric=0.1369, Entropy Metric=0.0349]

Epoch 57:  19%|█▉        | 3/16 [00:01<00:06,  2.00it/s][A
Training Epochs:  28%|██▊       | 57/200 [05:42<19:25,  8.15s/it, -ELBO=1.3536, Potential Metric=0.1491, Entropy Metric=0.0334]

Epoch 57:  25%|██▌       | 4/16 [00:02<00:06,  1.99it/s][A
Training Epochs:  28%|██▊       | 57/200 [05:43<19:25,  8.15s/it, -ELBO=1.3464, Potential Metric=0.1417, Entropy Metric=0.0317]

Epoch 57:  31%|███▏      | 5/16 [00:02<00:05,  1.94it/s][A
Training Epochs:  28%|██▊       | 57/200 [05:43<19:25,  8.15s/it, -ELBO=1.3419, Potential Metric=0.1491, Entropy Metric=0.0314]

Epoch 57:  38%|███▊      | 6/16 [00:03<00:05,  1.97it/s][A
Training Epochs:  28%|██▊       | 57/200 [05:44<19:25,  8.15s/it, -ELBO=1.3028, Potential Metric=0.1499, Entropy Metric=0.0303]

Epoch 57:  44%|████▍     | 7/16 [00:03<00:04,  1.98it/s][A
Training Epochs:  28%|██▊       | 57/200 [05:44<19:25,  8.15s/it, -ELBO=1.3840, Potential Metric=0.1388, Entropy Metric=0.0327]

Epoch 57:  50%|█████     | 8/16 [00:04<00:03,  2.04it/s][A
Training Epochs:  28%|██▊       | 57/200 [05:45<19:25,  8.15s/it, -ELBO=1.3644, Potential Metric=0.1370, Entropy Metric=0.0299]

Epoch 57:  56%|█████▋    | 9/16 [00:04<00:03,  2.00it/s][A
Training Epochs:  28%|██▊       | 57/200 [05:45<19:25,  8.15s/it, -ELBO=1.3415, Potential Metric=0.1397, Entropy Metric=0.0311]

Epoch 57:  62%|██████▎   | 10/16 [00:05<00:03,  1.96it/s][A
Training Epochs:  28%|██▊       | 57/200 [05:46<19:25,  8.15s/it, -ELBO=1.3106, Potential Metric=0.1456, Entropy Metric=0.0319]

Epoch 57:  69%|██████▉   | 11/16 [00:05<00:02,  1.92it/s][A
Training Epochs:  28%|██▊       | 57/200 [05:46<19:25,  8.15s/it, -ELBO=1.3325, Potential Metric=0.1469, Entropy Metric=0.0362]

Epoch 57:  75%|███████▌  | 12/16 [00:06<00:02,  1.87it/s][A
Training Epochs:  28%|██▊       | 57/200 [05:47<19:25,  8.15s/it, -ELBO=1.3553, Potential Metric=0.1452, Entropy Metric=0.0360]

Epoch 57:  81%|████████▏ | 13/16 [00:06<00:01,  1.90it/s][A
Training Epochs:  28%|██▊       | 57/200 [05:47<19:25,  8.15s/it, -ELBO=1.3863, Potential Metric=0.1452, Entropy Metric=0.0327]

Epoch 57:  88%|████████▊ | 14/16 [00:07<00:01,  1.93it/s][A
Training Epochs:  28%|██▊       | 57/200 [05:48<19:25,  8.15s/it, -ELBO=1.3912, Potential Metric=0.1350, Entropy Metric=0.0307]

Epoch 57:  94%|█████████▍| 15/16 [00:07<00:00,  1.98it/s][A
Training Epochs:  28%|██▊       | 57/200 [05:48<19:25,  8.15s/it, -ELBO=1.3523, Potential Metric=0.1490, Entropy Metric=0.0339]

Epoch 57: 100%|██████████| 16/16 [00:08<00:00,  1.99it/s][A

                                                         [A
Training Epochs:  29%|██▉       | 58/200 [05:48<19:21,  8.18s/it, -ELBO=1.3523, Potential Metric=0.1490, Entropy Metric=0.0339]

Epoch 58:   0%|          | 0/16 [00:00<?, ?it/s][A
Training Epochs:  29%|██▉       | 58/200 [05:49<19:21,  8.18s/it, -ELBO=1.3561, Potential Metric=0.1374, Entropy Metric=0.0306]

Epoch 58:   6%|▋         | 1/16 [00:00<00:07,  1.90it/s][A
Training Epochs:  29%|██▉       | 58/200 [05:50<19:21,  8.18s/it, -ELBO=1.3501, Potential Metric=0.1329, Entropy Metric=0.0327]

Epoch 58:  12%|█▎        | 2/16 [00:01<00:07,  1.91it/s][A
Training Epochs:  29%|██▉       | 58/200 [05:50<19:21,  8.18s/it, -ELBO=1.3618, Potential Metric=0.1508, Entropy Metric=0.0360]

Epoch 58:  19%|█▉        | 3/16 [00:01<00:06,  1.93it/s][A
Training Epochs:  29%|██▉       | 58/200 [05:51<19:21,  8.18s/it, -ELBO=1.3464, Potential Metric=0.1471, Entropy Metric=0.0347]

Epoch 58:  25%|██▌       | 4/16 [00:02<00:06,  1.87it/s][A
Training Epochs:  29%|██▉       | 58/200 [05:51<19:21,  8.18s/it, -ELBO=1.3040, Potential Metric=0.1453, Entropy Metric=0.0343]

Epoch 58:  31%|███▏      | 5/16 [00:02<00:05,  1.91it/s][A
Training Epochs:  29%|██▉       | 58/200 [05:52<19:21,  8.18s/it, -ELBO=1.3547, Potential Metric=0.1511, Entropy Metric=0.0349]

Epoch 58:  38%|███▊      | 6/16 [00:03<00:05,  1.94it/s][A
Training Epochs:  29%|██▉       | 58/200 [05:52<19:21,  8.18s/it, -ELBO=1.3521, Potential Metric=0.1515, Entropy Metric=0.0393]

Epoch 58:  44%|████▍     | 7/16 [00:03<00:04,  1.92it/s][A
Training Epochs:  29%|██▉       | 58/200 [05:53<19:21,  8.18s/it, -ELBO=1.3485, Potential Metric=0.1495, Entropy Metric=0.0417]

Epoch 58:  50%|█████     | 8/16 [00:04<00:04,  1.92it/s][A
Training Epochs:  29%|██▉       | 58/200 [05:53<19:21,  8.18s/it, -ELBO=1.3488, Potential Metric=0.1482, Entropy Metric=0.0378]

Epoch 58:  56%|█████▋    | 9/16 [00:04<00:03,  1.89it/s][A
Training Epochs:  29%|██▉       | 58/200 [05:54<19:21,  8.18s/it, -ELBO=1.3471, Potential Metric=0.1354, Entropy Metric=0.0366]

Epoch 58:  62%|██████▎   | 10/16 [00:05<00:03,  1.94it/s][A
Training Epochs:  29%|██▉       | 58/200 [05:54<19:21,  8.18s/it, -ELBO=1.3378, Potential Metric=0.1446, Entropy Metric=0.0324]

Epoch 58:  69%|██████▉   | 11/16 [00:05<00:02,  2.01it/s][A
Training Epochs:  29%|██▉       | 58/200 [05:55<19:21,  8.18s/it, -ELBO=1.3590, Potential Metric=0.1357, Entropy Metric=0.0330]

Epoch 58:  75%|███████▌  | 12/16 [00:06<00:01,  2.03it/s][A
Training Epochs:  29%|██▉       | 58/200 [05:55<19:21,  8.18s/it, -ELBO=1.3174, Potential Metric=0.1470, Entropy Metric=0.0343]

Epoch 58:  81%|████████▏ | 13/16 [00:06<00:01,  2.04it/s][A
Training Epochs:  29%|██▉       | 58/200 [05:56<19:21,  8.18s/it, -ELBO=1.3534, Potential Metric=0.1358, Entropy Metric=0.0317]

Epoch 58:  88%|████████▊ | 14/16 [00:07<00:00,  2.09it/s][A
Training Epochs:  29%|██▉       | 58/200 [05:56<19:21,  8.18s/it, -ELBO=1.3565, Potential Metric=0.1305, Entropy Metric=0.0299]

Epoch 58:  94%|█████████▍| 15/16 [00:07<00:00,  2.08it/s][A
Training Epochs:  29%|██▉       | 58/200 [05:57<19:21,  8.18s/it, -ELBO=1.3244, Potential Metric=0.1370, Entropy Metric=0.0315]

Epoch 58: 100%|██████████| 16/16 [00:08<00:00,  2.08it/s][A

                                                         [A
Training Epochs:  30%|██▉       | 59/200 [05:57<19:09,  8.15s/it, -ELBO=1.3244, Potential Metric=0.1370, Entropy Metric=0.0315]

Epoch 59:   0%|          | 0/16 [00:00<?, ?it/s][A
Training Epochs:  30%|██▉       | 59/200 [05:57<19:09,  8.15s/it, -ELBO=1.3193, Potential Metric=0.1459, Entropy Metric=0.0326]

Epoch 59:   6%|▋         | 1/16 [00:00<00:07,  1.90it/s][A
Training Epochs:  30%|██▉       | 59/200 [05:58<19:09,  8.15s/it, -ELBO=1.3644, Potential Metric=0.1372, Entropy Metric=0.0344]

Epoch 59:  12%|█▎        | 2/16 [00:01<00:07,  1.90it/s][A
Training Epochs:  30%|██▉       | 59/200 [05:58<19:09,  8.15s/it, -ELBO=1.3514, Potential Metric=0.1482, Entropy Metric=0.0329]

Epoch 59:  19%|█▉        | 3/16 [00:01<00:06,  1.95it/s][A
Training Epochs:  30%|██▉       | 59/200 [05:59<19:09,  8.15s/it, -ELBO=1.3609, Potential Metric=0.1499, Entropy Metric=0.0359]

Epoch 59:  25%|██▌       | 4/16 [00:02<00:06,  1.93it/s][A
Training Epochs:  30%|██▉       | 59/200 [05:59<19:09,  8.15s/it, -ELBO=1.3654, Potential Metric=0.1471, Entropy Metric=0.0335]

Epoch 59:  31%|███▏      | 5/16 [00:02<00:05,  1.93it/s][A
Training Epochs:  30%|██▉       | 59/200 [06:00<19:09,  8.15s/it, -ELBO=1.3251, Potential Metric=0.1445, Entropy Metric=0.0351]

Epoch 59:  38%|███▊      | 6/16 [00:03<00:05,  1.80it/s][A
Training Epochs:  30%|██▉       | 59/200 [06:00<19:09,  8.15s/it, -ELBO=1.3153, Potential Metric=0.1457, Entropy Metric=0.0346]

Epoch 59:  44%|████▍     | 7/16 [00:03<00:04,  1.92it/s][A
Training Epochs:  30%|██▉       | 59/200 [06:01<19:09,  8.15s/it, -ELBO=1.3728, Potential Metric=0.1430, Entropy Metric=0.0352]

Epoch 59:  50%|█████     | 8/16 [00:04<00:04,  1.95it/s][A
Training Epochs:  30%|██▉       | 59/200 [06:01<19:09,  8.15s/it, -ELBO=1.3353, Potential Metric=0.1568, Entropy Metric=0.0375]

Epoch 59:  56%|█████▋    | 9/16 [00:04<00:03,  1.98it/s][A
Training Epochs:  30%|██▉       | 59/200 [06:02<19:09,  8.15s/it, -ELBO=1.3447, Potential Metric=0.1447, Entropy Metric=0.0344]

Epoch 59:  62%|██████▎   | 10/16 [00:05<00:03,  1.96it/s][A
Training Epochs:  30%|██▉       | 59/200 [06:02<19:09,  8.15s/it, -ELBO=1.3250, Potential Metric=0.1534, Entropy Metric=0.0374]

Epoch 59:  69%|██████▉   | 11/16 [00:05<00:02,  1.97it/s][A
Training Epochs:  30%|██▉       | 59/200 [06:03<19:09,  8.15s/it, -ELBO=1.3454, Potential Metric=0.1450, Entropy Metric=0.0378]

Epoch 59:  75%|███████▌  | 12/16 [00:06<00:02,  1.94it/s][A
Training Epochs:  30%|██▉       | 59/200 [06:03<19:09,  8.15s/it, -ELBO=1.3261, Potential Metric=0.1561, Entropy Metric=0.0345]

Epoch 59:  81%|████████▏ | 13/16 [00:06<00:01,  1.99it/s][A
Training Epochs:  30%|██▉       | 59/200 [06:04<19:09,  8.15s/it, -ELBO=1.3366, Potential Metric=0.1449, Entropy Metric=0.0348]

Epoch 59:  88%|████████▊ | 14/16 [00:07<00:00,  2.06it/s][A
Training Epochs:  30%|██▉       | 59/200 [06:04<19:09,  8.15s/it, -ELBO=1.3088, Potential Metric=0.1627, Entropy Metric=0.0407]

Epoch 59:  94%|█████████▍| 15/16 [00:07<00:00,  2.03it/s][A
Training Epochs:  30%|██▉       | 59/200 [06:05<19:09,  8.15s/it, -ELBO=1.3186, Potential Metric=0.1578, Entropy Metric=0.0361]

Epoch 59: 100%|██████████| 16/16 [00:08<00:00,  2.04it/s][A

                                                         [A
Training Epochs:  30%|███       | 60/200 [06:05<19:06,  8.19s/it, -ELBO=1.3186, Potential Metric=0.1578, Entropy Metric=0.0361]

Epoch 60:   0%|          | 0/16 [00:00<?, ?it/s][A
Training Epochs:  30%|███       | 60/200 [06:05<19:06,  8.19s/it, -ELBO=1.2746, Potential Metric=0.1599, Entropy Metric=0.0377]

Epoch 60:   6%|▋         | 1/16 [00:00<00:08,  1.82it/s][A
Training Epochs:  30%|███       | 60/200 [06:06<19:06,  8.19s/it, -ELBO=1.3619, Potential Metric=0.1513, Entropy Metric=0.0346]

Epoch 60:  12%|█▎        | 2/16 [00:01<00:07,  1.90it/s][A
Training Epochs:  30%|███       | 60/200 [06:06<19:06,  8.19s/it, -ELBO=1.3186, Potential Metric=0.1420, Entropy Metric=0.0341]

Epoch 60:  19%|█▉        | 3/16 [00:01<00:06,  1.99it/s][A
Training Epochs:  30%|███       | 60/200 [06:07<19:06,  8.19s/it, -ELBO=1.3277, Potential Metric=0.1359, Entropy Metric=0.0301]

Epoch 60:  25%|██▌       | 4/16 [00:01<00:05,  2.08it/s][A
Training Epochs:  30%|███       | 60/200 [06:07<19:06,  8.19s/it, -ELBO=1.3169, Potential Metric=0.1464, Entropy Metric=0.0314]

Epoch 60:  31%|███▏      | 5/16 [00:02<00:05,  2.07it/s][A
Training Epochs:  30%|███       | 60/200 [06:08<19:06,  8.19s/it, -ELBO=1.3191, Potential Metric=0.1633, Entropy Metric=0.0318]

Epoch 60:  38%|███▊      | 6/16 [00:02<00:04,  2.15it/s][A
Training Epochs:  30%|███       | 60/200 [06:08<19:06,  8.19s/it, -ELBO=1.3463, Potential Metric=0.1583, Entropy Metric=0.0350]

Epoch 60:  44%|████▍     | 7/16 [00:03<00:04,  2.14it/s][A
Training Epochs:  30%|███       | 60/200 [06:09<19:06,  8.19s/it, -ELBO=1.3163, Potential Metric=0.1448, Entropy Metric=0.0336]

Epoch 60:  50%|█████     | 8/16 [00:03<00:03,  2.19it/s][A
Training Epochs:  30%|███       | 60/200 [06:09<19:06,  8.19s/it, -ELBO=1.3643, Potential Metric=0.1435, Entropy Metric=0.0322]

Epoch 60:  56%|█████▋    | 9/16 [00:04<00:03,  2.11it/s][A
Training Epochs:  30%|███       | 60/200 [06:10<19:06,  8.19s/it, -ELBO=1.3526, Potential Metric=0.1445, Entropy Metric=0.0337]

Epoch 60:  62%|██████▎   | 10/16 [00:04<00:02,  2.09it/s][A
Training Epochs:  30%|███       | 60/200 [06:10<19:06,  8.19s/it, -ELBO=1.3393, Potential Metric=0.1464, Entropy Metric=0.0318]

Epoch 60:  69%|██████▉   | 11/16 [00:05<00:02,  2.06it/s][A
Training Epochs:  30%|███       | 60/200 [06:11<19:06,  8.19s/it, -ELBO=1.3229, Potential Metric=0.1453, Entropy Metric=0.0318]

Epoch 60:  75%|███████▌  | 12/16 [00:05<00:02,  2.00it/s][A
Training Epochs:  30%|███       | 60/200 [06:11<19:06,  8.19s/it, -ELBO=1.3871, Potential Metric=0.1420, Entropy Metric=0.0343]

Epoch 60:  81%|████████▏ | 13/16 [00:06<00:01,  1.94it/s][A
Training Epochs:  30%|███       | 60/200 [06:12<19:06,  8.19s/it, -ELBO=1.3081, Potential Metric=0.1354, Entropy Metric=0.0341]

Epoch 60:  88%|████████▊ | 14/16 [00:06<00:01,  1.99it/s][A
Training Epochs:  30%|███       | 60/200 [06:12<19:06,  8.19s/it, -ELBO=1.3403, Potential Metric=0.1512, Entropy Metric=0.0375]

Epoch 60:  94%|█████████▍| 15/16 [00:07<00:00,  2.06it/s][A
Training Epochs:  30%|███       | 60/200 [06:13<19:06,  8.19s/it, -ELBO=1.2935, Potential Metric=0.1547, Entropy Metric=0.0359]

Epoch 60: 100%|██████████| 16/16 [00:07<00:00,  2.10it/s][A

                                                         [A
Training Epochs:  30%|███       | 61/200 [06:13<18:44,  8.09s/it, -ELBO=1.2935, Potential Metric=0.1547, Entropy Metric=0.0359]

Epoch 61:   0%|          | 0/16 [00:00<?, ?it/s][A
Training Epochs:  30%|███       | 61/200 [06:13<18:44,  8.09s/it, -ELBO=1.3271, Potential Metric=0.1479, Entropy Metric=0.0349]

Epoch 61:   6%|▋         | 1/16 [00:00<00:06,  2.16it/s][A
Training Epochs:  30%|███       | 61/200 [06:14<18:44,  8.09s/it, -ELBO=1.3108, Potential Metric=0.1537, Entropy Metric=0.0372]

Epoch 61:  12%|█▎        | 2/16 [00:00<00:06,  2.29it/s][A
Training Epochs:  30%|███       | 61/200 [06:14<18:44,  8.09s/it, -ELBO=1.3258, Potential Metric=0.1465, Entropy Metric=0.0347]

Epoch 61:  19%|█▉        | 3/16 [00:01<00:06,  2.15it/s][A
Training Epochs:  30%|███       | 61/200 [06:15<18:44,  8.09s/it, -ELBO=1.3505, Potential Metric=0.1491, Entropy Metric=0.0335]

Epoch 61:  25%|██▌       | 4/16 [00:01<00:05,  2.14it/s][A
Training Epochs:  30%|███       | 61/200 [06:15<18:44,  8.09s/it, -ELBO=1.3054, Potential Metric=0.1488, Entropy Metric=0.0330]

Epoch 61:  31%|███▏      | 5/16 [00:02<00:05,  2.09it/s][A
Training Epochs:  30%|███       | 61/200 [06:16<18:44,  8.09s/it, -ELBO=1.2952, Potential Metric=0.1555, Entropy Metric=0.0352]

Epoch 61:  38%|███▊      | 6/16 [00:02<00:04,  2.11it/s][A
Training Epochs:  30%|███       | 61/200 [06:16<18:44,  8.09s/it, -ELBO=1.3180, Potential Metric=0.1530, Entropy Metric=0.0337]

Epoch 61:  44%|████▍     | 7/16 [00:03<00:04,  2.08it/s][A
Training Epochs:  30%|███       | 61/200 [06:17<18:44,  8.09s/it, -ELBO=1.3193, Potential Metric=0.1598, Entropy Metric=0.0350]

Epoch 61:  50%|█████     | 8/16 [00:03<00:03,  2.05it/s][A
Training Epochs:  30%|███       | 61/200 [06:17<18:44,  8.09s/it, -ELBO=1.3124, Potential Metric=0.1499, Entropy Metric=0.0342]

Epoch 61:  56%|█████▋    | 9/16 [00:04<00:03,  2.01it/s][A
Training Epochs:  30%|███       | 61/200 [06:18<18:44,  8.09s/it, -ELBO=1.3223, Potential Metric=0.1583, Entropy Metric=0.0365]

Epoch 61:  62%|██████▎   | 10/16 [00:04<00:02,  2.00it/s][A
Training Epochs:  30%|███       | 61/200 [06:18<18:44,  8.09s/it, -ELBO=1.3394, Potential Metric=0.1542, Entropy Metric=0.0327]

Epoch 61:  69%|██████▉   | 11/16 [00:05<00:02,  2.00it/s][A
Training Epochs:  30%|███       | 61/200 [06:19<18:44,  8.09s/it, -ELBO=1.3426, Potential Metric=0.1512, Entropy Metric=0.0342]

Epoch 61:  75%|███████▌  | 12/16 [00:05<00:01,  2.02it/s][A
Training Epochs:  30%|███       | 61/200 [06:19<18:44,  8.09s/it, -ELBO=1.3492, Potential Metric=0.1467, Entropy Metric=0.0329]

Epoch 61:  81%|████████▏ | 13/16 [00:06<00:01,  1.96it/s][A
Training Epochs:  30%|███       | 61/200 [06:20<18:44,  8.09s/it, -ELBO=1.3320, Potential Metric=0.1397, Entropy Metric=0.0333]

Epoch 61:  88%|████████▊ | 14/16 [00:06<00:01,  1.93it/s][A
Training Epochs:  30%|███       | 61/200 [06:20<18:44,  8.09s/it, -ELBO=1.3162, Potential Metric=0.1597, Entropy Metric=0.0351]

Epoch 61:  94%|█████████▍| 15/16 [00:07<00:00,  1.97it/s][A
Training Epochs:  30%|███       | 61/200 [06:21<18:44,  8.09s/it, -ELBO=1.3134, Potential Metric=0.1427, Entropy Metric=0.0337]

Epoch 61: 100%|██████████| 16/16 [00:07<00:00,  2.01it/s][A

                                                         [A
Training Epochs:  31%|███       | 62/200 [06:21<18:31,  8.06s/it, -ELBO=1.3134, Potential Metric=0.1427, Entropy Metric=0.0337]

Epoch 62:   0%|          | 0/16 [00:00<?, ?it/s][A
Training Epochs:  31%|███       | 62/200 [06:21<18:31,  8.06s/it, -ELBO=1.2918, Potential Metric=0.1568, Entropy Metric=0.0368]

Epoch 62:   6%|▋         | 1/16 [00:00<00:07,  2.05it/s][A
Training Epochs:  31%|███       | 62/200 [06:22<18:31,  8.06s/it, -ELBO=1.2965, Potential Metric=0.1506, Entropy Metric=0.0330]

Epoch 62:  12%|█▎        | 2/16 [00:00<00:06,  2.21it/s][A
Training Epochs:  31%|███       | 62/200 [06:22<18:31,  8.06s/it, -ELBO=1.2889, Potential Metric=0.1474, Entropy Metric=0.0336]

Epoch 62:  19%|█▉        | 3/16 [00:01<00:05,  2.18it/s][A
Training Epochs:  31%|███       | 62/200 [06:23<18:31,  8.06s/it, -ELBO=1.3452, Potential Metric=0.1457, Entropy Metric=0.0317]

Epoch 62:  25%|██▌       | 4/16 [00:01<00:05,  2.13it/s][A
Training Epochs:  31%|███       | 62/200 [06:23<18:31,  8.06s/it, -ELBO=1.3108, Potential Metric=0.1480, Entropy Metric=0.0322]

Epoch 62:  31%|███▏      | 5/16 [00:02<00:05,  2.17it/s][A
Training Epochs:  31%|███       | 62/200 [06:23<18:31,  8.06s/it, -ELBO=1.3209, Potential Metric=0.1518, Entropy Metric=0.0355]

Epoch 62:  38%|███▊      | 6/16 [00:02<00:04,  2.08it/s][A
Training Epochs:  31%|███       | 62/200 [06:24<18:31,  8.06s/it, -ELBO=1.3254, Potential Metric=0.1355, Entropy Metric=0.0299]

Epoch 62:  44%|████▍     | 7/16 [00:03<00:04,  1.87it/s][A
Training Epochs:  31%|███       | 62/200 [06:25<18:31,  8.06s/it, -ELBO=1.3226, Potential Metric=0.1457, Entropy Metric=0.0347]

Epoch 62:  50%|█████     | 8/16 [00:03<00:04,  1.92it/s][A
Training Epochs:  31%|███       | 62/200 [06:25<18:31,  8.06s/it, -ELBO=1.3372, Potential Metric=0.1394, Entropy Metric=0.0309]

Epoch 62:  56%|█████▋    | 9/16 [00:04<00:03,  1.93it/s][A
Training Epochs:  31%|███       | 62/200 [06:26<18:31,  8.06s/it, -ELBO=1.3621, Potential Metric=0.1386, Entropy Metric=0.0325]

Epoch 62:  62%|██████▎   | 10/16 [00:04<00:03,  1.94it/s][A
Training Epochs:  31%|███       | 62/200 [06:26<18:31,  8.06s/it, -ELBO=1.3156, Potential Metric=0.1442, Entropy Metric=0.0340]

Epoch 62:  69%|██████▉   | 11/16 [00:05<00:02,  1.95it/s][A
Training Epochs:  31%|███       | 62/200 [06:27<18:31,  8.06s/it, -ELBO=1.2688, Potential Metric=0.1594, Entropy Metric=0.0336]

Epoch 62:  75%|███████▌  | 12/16 [00:05<00:01,  2.05it/s][A
Training Epochs:  31%|███       | 62/200 [06:27<18:31,  8.06s/it, -ELBO=1.3423, Potential Metric=0.1569, Entropy Metric=0.0341]

Epoch 62:  81%|████████▏ | 13/16 [00:06<00:01,  2.06it/s][A
Training Epochs:  31%|███       | 62/200 [06:27<18:31,  8.06s/it, -ELBO=1.3190, Potential Metric=0.1284, Entropy Metric=0.0305]

Epoch 62:  88%|████████▊ | 14/16 [00:06<00:00,  2.13it/s][A
Training Epochs:  31%|███       | 62/200 [06:28<18:31,  8.06s/it, -ELBO=1.3532, Potential Metric=0.1456, Entropy Metric=0.0353]

Epoch 62:  94%|█████████▍| 15/16 [00:07<00:00,  2.08it/s][A
Training Epochs:  31%|███       | 62/200 [06:28<18:31,  8.06s/it, -ELBO=1.2956, Potential Metric=0.1472, Entropy Metric=0.0336]

Epoch 62: 100%|██████████| 16/16 [00:07<00:00,  2.06it/s][A

                                                         [A
Training Epochs:  32%|███▏      | 63/200 [06:28<18:16,  8.00s/it, -ELBO=1.2956, Potential Metric=0.1472, Entropy Metric=0.0336]

Epoch 63:   0%|          | 0/16 [00:00<?, ?it/s][A
Training Epochs:  32%|███▏      | 63/200 [06:29<18:16,  8.00s/it, -ELBO=1.3345, Potential Metric=0.1459, Entropy Metric=0.0346]

Epoch 63:   6%|▋         | 1/16 [00:00<00:09,  1.62it/s][A
Training Epochs:  32%|███▏      | 63/200 [06:30<18:16,  8.00s/it, -ELBO=1.3016, Potential Metric=0.1381, Entropy Metric=0.0327]

Epoch 63:  12%|█▎        | 2/16 [00:01<00:07,  1.85it/s][A
Training Epochs:  32%|███▏      | 63/200 [06:30<18:16,  8.00s/it, -ELBO=1.3129, Potential Metric=0.1310, Entropy Metric=0.0302]

Epoch 63:  19%|█▉        | 3/16 [00:01<00:06,  1.96it/s][A
Training Epochs:  32%|███▏      | 63/200 [06:31<18:16,  8.00s/it, -ELBO=1.3091, Potential Metric=0.1436, Entropy Metric=0.0331]

Epoch 63:  25%|██▌       | 4/16 [00:02<00:06,  1.90it/s][A
Training Epochs:  32%|███▏      | 63/200 [06:31<18:16,  8.00s/it, -ELBO=1.3042, Potential Metric=0.1417, Entropy Metric=0.0337]

Epoch 63:  31%|███▏      | 5/16 [00:02<00:05,  1.91it/s][A
Training Epochs:  32%|███▏      | 63/200 [06:32<18:16,  8.00s/it, -ELBO=1.3151, Potential Metric=0.1371, Entropy Metric=0.0350]

Epoch 63:  38%|███▊      | 6/16 [00:03<00:05,  1.95it/s][A
Training Epochs:  32%|███▏      | 63/200 [06:32<18:16,  8.00s/it, -ELBO=1.3046, Potential Metric=0.1533, Entropy Metric=0.0374]

Epoch 63:  44%|████▍     | 7/16 [00:03<00:04,  2.03it/s][A
Training Epochs:  32%|███▏      | 63/200 [06:33<18:16,  8.00s/it, -ELBO=1.2769, Potential Metric=0.1529, Entropy Metric=0.0353]

Epoch 63:  50%|█████     | 8/16 [00:04<00:03,  2.10it/s][A
Training Epochs:  32%|███▏      | 63/200 [06:33<18:16,  8.00s/it, -ELBO=1.3038, Potential Metric=0.1450, Entropy Metric=0.0333]

Epoch 63:  56%|█████▋    | 9/16 [00:04<00:03,  2.18it/s][A
Training Epochs:  32%|███▏      | 63/200 [06:33<18:16,  8.00s/it, -ELBO=1.3396, Potential Metric=0.1465, Entropy Metric=0.0332]

Epoch 63:  62%|██████▎   | 10/16 [00:04<00:02,  2.19it/s][A
Training Epochs:  32%|███▏      | 63/200 [06:34<18:16,  8.00s/it, -ELBO=1.3702, Potential Metric=0.1242, Entropy Metric=0.0303]

Epoch 63:  69%|██████▉   | 11/16 [00:05<00:02,  2.16it/s][A
Training Epochs:  32%|███▏      | 63/200 [06:34<18:16,  8.00s/it, -ELBO=1.2822, Potential Metric=0.1485, Entropy Metric=0.0325]

Epoch 63:  75%|███████▌  | 12/16 [00:05<00:01,  2.17it/s][A
Training Epochs:  32%|███▏      | 63/200 [06:35<18:16,  8.00s/it, -ELBO=1.3201, Potential Metric=0.1370, Entropy Metric=0.0323]

Epoch 63:  81%|████████▏ | 13/16 [00:06<00:01,  2.14it/s][A
Training Epochs:  32%|███▏      | 63/200 [06:35<18:16,  8.00s/it, -ELBO=1.2922, Potential Metric=0.1409, Entropy Metric=0.0317]

Epoch 63:  88%|████████▊ | 14/16 [00:06<00:00,  2.05it/s][A
Training Epochs:  32%|███▏      | 63/200 [06:36<18:16,  8.00s/it, -ELBO=1.2964, Potential Metric=0.1504, Entropy Metric=0.0322]

Epoch 63:  94%|█████████▍| 15/16 [00:07<00:00,  2.10it/s][A
Training Epochs:  32%|███▏      | 63/200 [06:36<18:16,  8.00s/it, -ELBO=1.3101, Potential Metric=0.1455, Entropy Metric=0.0311]

Epoch 63: 100%|██████████| 16/16 [00:07<00:00,  2.05it/s][A

                                                         [A
Training Epochs:  32%|███▏      | 64/200 [06:36<18:02,  7.96s/it, -ELBO=1.3101, Potential Metric=0.1455, Entropy Metric=0.0311]

Epoch 64:   0%|          | 0/16 [00:00<?, ?it/s][A
Training Epochs:  32%|███▏      | 64/200 [06:37<18:02,  7.96s/it, -ELBO=1.3228, Potential Metric=0.1473, Entropy Metric=0.0332]

Epoch 64:   6%|▋         | 1/16 [00:00<00:08,  1.81it/s][A
Training Epochs:  32%|███▏      | 64/200 [06:37<18:02,  7.96s/it, -ELBO=1.3228, Potential Metric=0.1475, Entropy Metric=0.0333]

Epoch 64:  12%|█▎        | 2/16 [00:00<00:06,  2.04it/s][A
Training Epochs:  32%|███▏      | 64/200 [06:38<18:02,  7.96s/it, -ELBO=1.2967, Potential Metric=0.1499, Entropy Metric=0.0369]

Epoch 64:  19%|█▉        | 3/16 [00:01<00:06,  2.08it/s][A
Training Epochs:  32%|███▏      | 64/200 [06:38<18:02,  7.96s/it, -ELBO=1.3175, Potential Metric=0.1332, Entropy Metric=0.0340]

Epoch 64:  25%|██▌       | 4/16 [00:01<00:05,  2.03it/s][A
Training Epochs:  32%|███▏      | 64/200 [06:39<18:02,  7.96s/it, -ELBO=1.3186, Potential Metric=0.1395, Entropy Metric=0.0336]

Epoch 64:  31%|███▏      | 5/16 [00:02<00:05,  2.01it/s][A
Training Epochs:  32%|███▏      | 64/200 [06:39<18:02,  7.96s/it, -ELBO=1.3095, Potential Metric=0.1429, Entropy Metric=0.0335]

Epoch 64:  38%|███▊      | 6/16 [00:02<00:04,  2.10it/s][A
Training Epochs:  32%|███▏      | 64/200 [06:40<18:02,  7.96s/it, -ELBO=1.2981, Potential Metric=0.1399, Entropy Metric=0.0333]

Epoch 64:  44%|████▍     | 7/16 [00:03<00:04,  2.09it/s][A
Training Epochs:  32%|███▏      | 64/200 [06:40<18:02,  7.96s/it, -ELBO=1.2764, Potential Metric=0.1562, Entropy Metric=0.0351]

Epoch 64:  50%|█████     | 8/16 [00:03<00:03,  2.00it/s][A
Training Epochs:  32%|███▏      | 64/200 [06:41<18:02,  7.96s/it, -ELBO=1.2749, Potential Metric=0.1616, Entropy Metric=0.0365]

Epoch 64:  56%|█████▋    | 9/16 [00:04<00:03,  2.01it/s][A
Training Epochs:  32%|███▏      | 64/200 [06:41<18:02,  7.96s/it, -ELBO=1.3666, Potential Metric=0.1462, Entropy Metric=0.0344]

Epoch 64:  62%|██████▎   | 10/16 [00:04<00:02,  2.02it/s][A
Training Epochs:  32%|███▏      | 64/200 [06:42<18:02,  7.96s/it, -ELBO=1.3135, Potential Metric=0.1367, Entropy Metric=0.0316]

Epoch 64:  69%|██████▉   | 11/16 [00:05<00:02,  2.13it/s][A
Training Epochs:  32%|███▏      | 64/200 [06:42<18:02,  7.96s/it, -ELBO=1.2877, Potential Metric=0.1572, Entropy Metric=0.0342]

Epoch 64:  75%|███████▌  | 12/16 [00:05<00:01,  2.11it/s][A
Training Epochs:  32%|███▏      | 64/200 [06:43<18:02,  7.96s/it, -ELBO=1.2973, Potential Metric=0.1517, Entropy Metric=0.0338]

Epoch 64:  81%|████████▏ | 13/16 [00:06<00:01,  2.04it/s][A
Training Epochs:  32%|███▏      | 64/200 [06:43<18:02,  7.96s/it, -ELBO=1.2965, Potential Metric=0.1401, Entropy Metric=0.0293]

Epoch 64:  88%|████████▊ | 14/16 [00:06<00:01,  1.93it/s][A
Training Epochs:  32%|███▏      | 64/200 [06:44<18:02,  7.96s/it, -ELBO=1.2966, Potential Metric=0.1570, Entropy Metric=0.0364]

Epoch 64:  94%|█████████▍| 15/16 [00:07<00:00,  1.92it/s][A
Training Epochs:  32%|███▏      | 64/200 [06:44<18:02,  7.96s/it, -ELBO=1.2933, Potential Metric=0.1418, Entropy Metric=0.0322]

Epoch 64: 100%|██████████| 16/16 [00:07<00:00,  1.96it/s][A

                                                         [A
Training Epochs:  32%|███▎      | 65/200 [06:44<17:59,  8.00s/it, -ELBO=1.2933, Potential Metric=0.1418, Entropy Metric=0.0322]

Epoch 65:   0%|          | 0/16 [00:00<?, ?it/s][A
Training Epochs:  32%|███▎      | 65/200 [06:45<17:59,  8.00s/it, -ELBO=1.3038, Potential Metric=0.1440, Entropy Metric=0.0327]

Epoch 65:   6%|▋         | 1/16 [00:00<00:08,  1.82it/s][A
Training Epochs:  32%|███▎      | 65/200 [06:46<17:59,  8.00s/it, -ELBO=1.3506, Potential Metric=0.1410, Entropy Metric=0.0338]

Epoch 65:  12%|█▎        | 2/16 [00:01<00:07,  1.96it/s][A
Training Epochs:  32%|███▎      | 65/200 [06:46<17:59,  8.00s/it, -ELBO=1.3140, Potential Metric=0.1435, Entropy Metric=0.0314]

Epoch 65:  19%|█▉        | 3/16 [00:01<00:06,  2.06it/s][A
Training Epochs:  32%|███▎      | 65/200 [06:46<17:59,  8.00s/it, -ELBO=1.2744, Potential Metric=0.1357, Entropy Metric=0.0297]

Epoch 65:  25%|██▌       | 4/16 [00:01<00:05,  2.18it/s][A
Training Epochs:  32%|███▎      | 65/200 [06:47<17:59,  8.00s/it, -ELBO=1.3020, Potential Metric=0.1475, Entropy Metric=0.0334]

Epoch 65:  31%|███▏      | 5/16 [00:02<00:05,  2.13it/s][A
Training Epochs:  32%|███▎      | 65/200 [06:47<17:59,  8.00s/it, -ELBO=1.2393, Potential Metric=0.1518, Entropy Metric=0.0341]

Epoch 65:  38%|███▊      | 6/16 [00:02<00:04,  2.06it/s][A
Training Epochs:  32%|███▎      | 65/200 [06:48<17:59,  8.00s/it, -ELBO=1.2713, Potential Metric=0.1526, Entropy Metric=0.0316]

Epoch 65:  44%|████▍     | 7/16 [00:03<00:04,  2.01it/s][A
Training Epochs:  32%|███▎      | 65/200 [06:48<17:59,  8.00s/it, -ELBO=1.3067, Potential Metric=0.1414, Entropy Metric=0.0321]

Epoch 65:  50%|█████     | 8/16 [00:03<00:03,  2.01it/s][A
Training Epochs:  32%|███▎      | 65/200 [06:49<17:59,  8.00s/it, -ELBO=1.2825, Potential Metric=0.1452, Entropy Metric=0.0307]

Epoch 65:  56%|█████▋    | 9/16 [00:04<00:03,  2.00it/s][A
Training Epochs:  32%|███▎      | 65/200 [06:50<17:59,  8.00s/it, -ELBO=1.2851, Potential Metric=0.1404, Entropy Metric=0.0316]

Epoch 65:  62%|██████▎   | 10/16 [00:05<00:03,  1.90it/s][A
Training Epochs:  32%|███▎      | 65/200 [06:50<17:59,  8.00s/it, -ELBO=1.2665, Potential Metric=0.1470, Entropy Metric=0.0356]

Epoch 65:  69%|██████▉   | 11/16 [00:05<00:02,  1.99it/s][A
Training Epochs:  32%|███▎      | 65/200 [06:50<17:59,  8.00s/it, -ELBO=1.2893, Potential Metric=0.1422, Entropy Metric=0.0327]

Epoch 65:  75%|███████▌  | 12/16 [00:05<00:01,  2.01it/s][A
Training Epochs:  32%|███▎      | 65/200 [06:51<17:59,  8.00s/it, -ELBO=1.2945, Potential Metric=0.1407, Entropy Metric=0.0337]

Epoch 65:  81%|████████▏ | 13/16 [00:06<00:01,  1.99it/s][A
Training Epochs:  32%|███▎      | 65/200 [06:52<17:59,  8.00s/it, -ELBO=1.3038, Potential Metric=0.1502, Entropy Metric=0.0331]

Epoch 65:  88%|████████▊ | 14/16 [00:06<00:01,  1.99it/s][A
Training Epochs:  32%|███▎      | 65/200 [06:52<17:59,  8.00s/it, -ELBO=1.3279, Potential Metric=0.1438, Entropy Metric=0.0331]

Epoch 65:  94%|█████████▍| 15/16 [00:07<00:00,  1.99it/s][A
Training Epochs:  32%|███▎      | 65/200 [06:52<17:59,  8.00s/it, -ELBO=1.3077, Potential Metric=0.1353, Entropy Metric=0.0313]

Epoch 65: 100%|██████████| 16/16 [00:07<00:00,  2.06it/s][A

                                                         [A
Training Epochs:  33%|███▎      | 66/200 [06:52<17:52,  8.01s/it, -ELBO=1.3077, Potential Metric=0.1353, Entropy Metric=0.0313]

Epoch 66:   0%|          | 0/16 [00:00<?, ?it/s][A
Training Epochs:  33%|███▎      | 66/200 [06:53<17:52,  8.01s/it, -ELBO=1.2982, Potential Metric=0.1445, Entropy Metric=0.0337]

Epoch 66:   6%|▋         | 1/16 [00:00<00:07,  1.99it/s][A
Training Epochs:  33%|███▎      | 66/200 [06:53<17:52,  8.01s/it, -ELBO=1.2744, Potential Metric=0.1322, Entropy Metric=0.0299]

Epoch 66:  12%|█▎        | 2/16 [00:00<00:06,  2.15it/s][A
Training Epochs:  33%|███▎      | 66/200 [06:54<17:52,  8.01s/it, -ELBO=1.2913, Potential Metric=0.1438, Entropy Metric=0.0315]

Epoch 66:  19%|█▉        | 3/16 [00:01<00:06,  2.05it/s][A
Training Epochs:  33%|███▎      | 66/200 [06:54<17:52,  8.01s/it, -ELBO=1.2713, Potential Metric=0.1681, Entropy Metric=0.0351]

Epoch 66:  25%|██▌       | 4/16 [00:01<00:05,  2.02it/s][A
Training Epochs:  33%|███▎      | 66/200 [06:55<17:52,  8.01s/it, -ELBO=1.2785, Potential Metric=0.1435, Entropy Metric=0.0336]

Epoch 66:  31%|███▏      | 5/16 [00:02<00:05,  2.02it/s][A
Training Epochs:  33%|███▎      | 66/200 [06:55<17:52,  8.01s/it, -ELBO=1.2868, Potential Metric=0.1401, Entropy Metric=0.0307]

Epoch 66:  38%|███▊      | 6/16 [00:02<00:04,  2.03it/s][A
Training Epochs:  33%|███▎      | 66/200 [06:56<17:52,  8.01s/it, -ELBO=1.2794, Potential Metric=0.1566, Entropy Metric=0.0381]

Epoch 66:  44%|████▍     | 7/16 [00:03<00:04,  2.02it/s][A
Training Epochs:  33%|███▎      | 66/200 [06:56<17:52,  8.01s/it, -ELBO=1.3295, Potential Metric=0.1308, Entropy Metric=0.0318]

Epoch 66:  50%|█████     | 8/16 [00:03<00:04,  1.99it/s][A
Training Epochs:  33%|███▎      | 66/200 [06:57<17:52,  8.01s/it, -ELBO=1.2992, Potential Metric=0.1339, Entropy Metric=0.0304]

Epoch 66:  56%|█████▋    | 9/16 [00:04<00:03,  2.01it/s][A
Training Epochs:  33%|███▎      | 66/200 [06:57<17:52,  8.01s/it, -ELBO=1.3083, Potential Metric=0.1373, Entropy Metric=0.0348]

Epoch 66:  62%|██████▎   | 10/16 [00:04<00:02,  2.02it/s][A
Training Epochs:  33%|███▎      | 66/200 [06:58<17:52,  8.01s/it, -ELBO=1.2712, Potential Metric=0.1468, Entropy Metric=0.0331]

Epoch 66:  69%|██████▉   | 11/16 [00:05<00:02,  1.99it/s][A
Training Epochs:  33%|███▎      | 66/200 [06:58<17:52,  8.01s/it, -ELBO=1.3003, Potential Metric=0.1498, Entropy Metric=0.0351]

Epoch 66:  75%|███████▌  | 12/16 [00:05<00:01,  2.01it/s][A
Training Epochs:  33%|███▎      | 66/200 [06:59<17:52,  8.01s/it, -ELBO=1.2974, Potential Metric=0.1523, Entropy Metric=0.0339]

Epoch 66:  81%|████████▏ | 13/16 [00:06<00:01,  2.04it/s][A
Training Epochs:  33%|███▎      | 66/200 [06:59<17:52,  8.01s/it, -ELBO=1.2649, Potential Metric=0.1627, Entropy Metric=0.0342]

Epoch 66:  88%|████████▊ | 14/16 [00:06<00:00,  2.07it/s][A
Training Epochs:  33%|███▎      | 66/200 [07:00<17:52,  8.01s/it, -ELBO=1.2599, Potential Metric=0.1515, Entropy Metric=0.0340]

Epoch 66:  94%|█████████▍| 15/16 [00:07<00:00,  2.07it/s][A
Training Epochs:  33%|███▎      | 66/200 [07:00<17:52,  8.01s/it, -ELBO=1.3029, Potential Metric=0.1459, Entropy Metric=0.0306]

Epoch 66: 100%|██████████| 16/16 [00:07<00:00,  2.08it/s][A

                                                         [A
Training Epochs:  34%|███▎      | 67/200 [07:00<17:41,  7.98s/it, -ELBO=1.3029, Potential Metric=0.1459, Entropy Metric=0.0306]

Epoch 67:   0%|          | 0/16 [00:00<?, ?it/s][A
Training Epochs:  34%|███▎      | 67/200 [07:01<17:41,  7.98s/it, -ELBO=1.2898, Potential Metric=0.1457, Entropy Metric=0.0336]

Epoch 67:   6%|▋         | 1/16 [00:00<00:07,  1.89it/s][A
Training Epochs:  34%|███▎      | 67/200 [07:01<17:41,  7.98s/it, -ELBO=1.2938, Potential Metric=0.1421, Entropy Metric=0.0321]

Epoch 67:  12%|█▎        | 2/16 [00:00<00:06,  2.03it/s][A
Training Epochs:  34%|███▎      | 67/200 [07:02<17:41,  7.98s/it, -ELBO=1.3027, Potential Metric=0.1422, Entropy Metric=0.0357]

Epoch 67:  19%|█▉        | 3/16 [00:01<00:06,  1.98it/s][A
Training Epochs:  34%|███▎      | 67/200 [07:03<17:41,  7.98s/it, -ELBO=1.2717, Potential Metric=0.1500, Entropy Metric=0.0329]

Epoch 67:  25%|██▌       | 4/16 [00:02<00:06,  1.95it/s][A
Training Epochs:  34%|███▎      | 67/200 [07:03<17:41,  7.98s/it, -ELBO=1.2720, Potential Metric=0.1578, Entropy Metric=0.0360]

Epoch 67:  31%|███▏      | 5/16 [00:02<00:05,  1.91it/s][A
Training Epochs:  34%|███▎      | 67/200 [07:04<17:41,  7.98s/it, -ELBO=1.2715, Potential Metric=0.1442, Entropy Metric=0.0344]

Epoch 67:  38%|███▊      | 6/16 [00:03<00:05,  1.99it/s][A
Training Epochs:  34%|███▎      | 67/200 [07:04<17:41,  7.98s/it, -ELBO=1.2971, Potential Metric=0.1420, Entropy Metric=0.0354]

Epoch 67:  44%|████▍     | 7/16 [00:03<00:04,  2.10it/s][A
Training Epochs:  34%|███▎      | 67/200 [07:04<17:41,  7.98s/it, -ELBO=1.2595, Potential Metric=0.1626, Entropy Metric=0.0343]

Epoch 67:  50%|█████     | 8/16 [00:03<00:03,  2.09it/s][A
Training Epochs:  34%|███▎      | 67/200 [07:05<17:41,  7.98s/it, -ELBO=1.2834, Potential Metric=0.1379, Entropy Metric=0.0316]

Epoch 67:  56%|█████▋    | 9/16 [00:04<00:03,  2.09it/s][A
Training Epochs:  34%|███▎      | 67/200 [07:05<17:41,  7.98s/it, -ELBO=1.2707, Potential Metric=0.1491, Entropy Metric=0.0347]

Epoch 67:  62%|██████▎   | 10/16 [00:04<00:02,  2.08it/s][A
Training Epochs:  34%|███▎      | 67/200 [07:06<17:41,  7.98s/it, -ELBO=1.2775, Potential Metric=0.1496, Entropy Metric=0.0349]

Epoch 67:  69%|██████▉   | 11/16 [00:05<00:02,  2.02it/s][A
Training Epochs:  34%|███▎      | 67/200 [07:06<17:41,  7.98s/it, -ELBO=1.2910, Potential Metric=0.1432, Entropy Metric=0.0315]

Epoch 67:  75%|███████▌  | 12/16 [00:05<00:01,  2.01it/s][A
Training Epochs:  34%|███▎      | 67/200 [07:07<17:41,  7.98s/it, -ELBO=1.2861, Potential Metric=0.1462, Entropy Metric=0.0341]

Epoch 67:  81%|████████▏ | 13/16 [00:06<00:01,  1.96it/s][A
Training Epochs:  34%|███▎      | 67/200 [07:07<17:41,  7.98s/it, -ELBO=1.2665, Potential Metric=0.1438, Entropy Metric=0.0306]

Epoch 67:  88%|████████▊ | 14/16 [00:06<00:00,  2.02it/s][A
Training Epochs:  34%|███▎      | 67/200 [07:08<17:41,  7.98s/it, -ELBO=1.2666, Potential Metric=0.1505, Entropy Metric=0.0306]

Epoch 67:  94%|█████████▍| 15/16 [00:07<00:00,  1.96it/s][A
Training Epochs:  34%|███▎      | 67/200 [07:08<17:41,  7.98s/it, -ELBO=1.3149, Potential Metric=0.1547, Entropy Metric=0.0320]

Epoch 67: 100%|██████████| 16/16 [00:07<00:00,  1.96it/s][A

                                                         [A
Training Epochs:  34%|███▍      | 68/200 [07:08<17:37,  8.01s/it, -ELBO=1.3149, Potential Metric=0.1547, Entropy Metric=0.0320]

Epoch 68:   0%|          | 0/16 [00:00<?, ?it/s][A
Training Epochs:  34%|███▍      | 68/200 [07:09<17:37,  8.01s/it, -ELBO=1.2726, Potential Metric=0.1469, Entropy Metric=0.0312]

Epoch 68:   6%|▋         | 1/16 [00:00<00:08,  1.75it/s][A
Training Epochs:  34%|███▍      | 68/200 [07:10<17:37,  8.01s/it, -ELBO=1.3059, Potential Metric=0.1439, Entropy Metric=0.0311]

Epoch 68:  12%|█▎        | 2/16 [00:01<00:06,  2.04it/s][A
Training Epochs:  34%|███▍      | 68/200 [07:10<17:37,  8.01s/it, -ELBO=1.2957, Potential Metric=0.1465, Entropy Metric=0.0352]

Epoch 68:  19%|█▉        | 3/16 [00:01<00:06,  2.04it/s][A
Training Epochs:  34%|███▍      | 68/200 [07:11<17:37,  8.01s/it, -ELBO=1.2848, Potential Metric=0.1435, Entropy Metric=0.0336]

Epoch 68:  25%|██▌       | 4/16 [00:01<00:05,  2.04it/s][A
Training Epochs:  34%|███▍      | 68/200 [07:11<17:37,  8.01s/it, -ELBO=1.2330, Potential Metric=0.1566, Entropy Metric=0.0368]

Epoch 68:  31%|███▏      | 5/16 [00:02<00:05,  2.00it/s][A
Training Epochs:  34%|███▍      | 68/200 [07:12<17:37,  8.01s/it, -ELBO=1.2841, Potential Metric=0.1407, Entropy Metric=0.0343]

Epoch 68:  38%|███▊      | 6/16 [00:03<00:05,  1.97it/s][A
Training Epochs:  34%|███▍      | 68/200 [07:12<17:37,  8.01s/it, -ELBO=1.2620, Potential Metric=0.1561, Entropy Metric=0.0368]

Epoch 68:  44%|████▍     | 7/16 [00:03<00:04,  2.05it/s][A
Training Epochs:  34%|███▍      | 68/200 [07:13<17:37,  8.01s/it, -ELBO=1.2693, Potential Metric=0.1486, Entropy Metric=0.0335]

Epoch 68:  50%|█████     | 8/16 [00:03<00:03,  2.05it/s][A
Training Epochs:  34%|███▍      | 68/200 [07:13<17:37,  8.01s/it, -ELBO=1.2822, Potential Metric=0.1395, Entropy Metric=0.0352]

Epoch 68:  56%|█████▋    | 9/16 [00:04<00:03,  2.10it/s][A
Training Epochs:  34%|███▍      | 68/200 [07:13<17:37,  8.01s/it, -ELBO=1.2696, Potential Metric=0.1572, Entropy Metric=0.0349]

Epoch 68:  62%|██████▎   | 10/16 [00:04<00:02,  2.09it/s][A
Training Epochs:  34%|███▍      | 68/200 [07:14<17:37,  8.01s/it, -ELBO=1.2852, Potential Metric=0.1548, Entropy Metric=0.0350]

Epoch 68:  69%|██████▉   | 11/16 [00:05<00:02,  1.95it/s][A
Training Epochs:  34%|███▍      | 68/200 [07:15<17:37,  8.01s/it, -ELBO=1.2722, Potential Metric=0.1399, Entropy Metric=0.0352]

Epoch 68:  75%|███████▌  | 12/16 [00:06<00:02,  1.93it/s][A
Training Epochs:  34%|███▍      | 68/200 [07:15<17:37,  8.01s/it, -ELBO=1.2742, Potential Metric=0.1508, Entropy Metric=0.0382]

Epoch 68:  81%|████████▏ | 13/16 [00:06<00:01,  1.94it/s][A
Training Epochs:  34%|███▍      | 68/200 [07:16<17:37,  8.01s/it, -ELBO=1.2554, Potential Metric=0.1539, Entropy Metric=0.0359]

Epoch 68:  88%|████████▊ | 14/16 [00:07<00:01,  1.95it/s][A
Training Epochs:  34%|███▍      | 68/200 [07:16<17:37,  8.01s/it, -ELBO=1.2847, Potential Metric=0.1487, Entropy Metric=0.0337]

Epoch 68:  94%|█████████▍| 15/16 [00:07<00:00,  1.96it/s][A
Training Epochs:  34%|███▍      | 68/200 [07:17<17:37,  8.01s/it, -ELBO=1.3111, Potential Metric=0.1404, Entropy Metric=0.0337]

Epoch 68: 100%|██████████| 16/16 [00:07<00:00,  2.03it/s][A

                                                         [A
Training Epochs:  34%|███▍      | 69/200 [07:17<17:33,  8.04s/it, -ELBO=1.3111, Potential Metric=0.1404, Entropy Metric=0.0337]

Epoch 69:   0%|          | 0/16 [00:00<?, ?it/s][A
Training Epochs:  34%|███▍      | 69/200 [07:17<17:33,  8.04s/it, -ELBO=1.2621, Potential Metric=0.1517, Entropy Metric=0.0361]

Epoch 69:   6%|▋         | 1/16 [00:00<00:07,  1.95it/s][A
Training Epochs:  34%|███▍      | 69/200 [07:18<17:33,  8.04s/it, -ELBO=1.2659, Potential Metric=0.1317, Entropy Metric=0.0308]

Epoch 69:  12%|█▎        | 2/16 [00:00<00:06,  2.03it/s][A
Training Epochs:  34%|███▍      | 69/200 [07:18<17:33,  8.04s/it, -ELBO=1.3025, Potential Metric=0.1219, Entropy Metric=0.0302]

Epoch 69:  19%|█▉        | 3/16 [00:01<00:06,  1.94it/s][A
Training Epochs:  34%|███▍      | 69/200 [07:19<17:33,  8.04s/it, -ELBO=1.2735, Potential Metric=0.1410, Entropy Metric=0.0318]

Epoch 69:  25%|██▌       | 4/16 [00:02<00:06,  1.90it/s][A
Training Epochs:  34%|███▍      | 69/200 [07:19<17:33,  8.04s/it, -ELBO=1.2681, Potential Metric=0.1549, Entropy Metric=0.0340]

Epoch 69:  31%|███▏      | 5/16 [00:02<00:05,  1.95it/s][A
Training Epochs:  34%|███▍      | 69/200 [07:20<17:33,  8.04s/it, -ELBO=1.2718, Potential Metric=0.1461, Entropy Metric=0.0351]

Epoch 69:  38%|███▊      | 6/16 [00:03<00:05,  1.89it/s][A
Training Epochs:  34%|███▍      | 69/200 [07:20<17:33,  8.04s/it, -ELBO=1.2944, Potential Metric=0.1454, Entropy Metric=0.0361]

Epoch 69:  44%|████▍     | 7/16 [00:03<00:04,  1.87it/s][A
Training Epochs:  34%|███▍      | 69/200 [07:21<17:33,  8.04s/it, -ELBO=1.2604, Potential Metric=0.1551, Entropy Metric=0.0351]

Epoch 69:  50%|█████     | 8/16 [00:04<00:04,  1.91it/s][A
Training Epochs:  34%|███▍      | 69/200 [07:21<17:33,  8.04s/it, -ELBO=1.2853, Potential Metric=0.1414, Entropy Metric=0.0339]

Epoch 69:  56%|█████▋    | 9/16 [00:04<00:03,  1.93it/s][A
Training Epochs:  34%|███▍      | 69/200 [07:22<17:33,  8.04s/it, -ELBO=1.2334, Potential Metric=0.1450, Entropy Metric=0.0351]

Epoch 69:  62%|██████▎   | 10/16 [00:05<00:03,  1.95it/s][A
Training Epochs:  34%|███▍      | 69/200 [07:22<17:33,  8.04s/it, -ELBO=1.2635, Potential Metric=0.1531, Entropy Metric=0.0358]

Epoch 69:  69%|██████▉   | 11/16 [00:05<00:02,  1.97it/s][A
Training Epochs:  34%|███▍      | 69/200 [07:23<17:33,  8.04s/it, -ELBO=1.2911, Potential Metric=0.1462, Entropy Metric=0.0354]

Epoch 69:  75%|███████▌  | 12/16 [00:06<00:02,  1.94it/s][A
Training Epochs:  34%|███▍      | 69/200 [07:23<17:33,  8.04s/it, -ELBO=1.2741, Potential Metric=0.1528, Entropy Metric=0.0365]

Epoch 69:  81%|████████▏ | 13/16 [00:06<00:01,  1.94it/s][A
Training Epochs:  34%|███▍      | 69/200 [07:24<17:33,  8.04s/it, -ELBO=1.2722, Potential Metric=0.1403, Entropy Metric=0.0338]

Epoch 69:  88%|████████▊ | 14/16 [00:07<00:01,  1.91it/s][A
Training Epochs:  34%|███▍      | 69/200 [07:24<17:33,  8.04s/it, -ELBO=1.2447, Potential Metric=0.1426, Entropy Metric=0.0355]

Epoch 69:  94%|█████████▍| 15/16 [00:07<00:00,  1.92it/s][A
Training Epochs:  34%|███▍      | 69/200 [07:25<17:33,  8.04s/it, -ELBO=1.2497, Potential Metric=0.1520, Entropy Metric=0.0349]

Epoch 69: 100%|██████████| 16/16 [00:08<00:00,  1.88it/s][A

                                                         [A
Training Epochs:  35%|███▌      | 70/200 [07:25<17:40,  8.16s/it, -ELBO=1.2497, Potential Metric=0.1520, Entropy Metric=0.0349]

Epoch 70:   0%|          | 0/16 [00:00<?, ?it/s][A
Training Epochs:  35%|███▌      | 70/200 [07:26<17:40,  8.16s/it, -ELBO=1.2560, Potential Metric=0.1343, Entropy Metric=0.0342]

Epoch 70:   6%|▋         | 1/16 [00:00<00:08,  1.76it/s][A
Training Epochs:  35%|███▌      | 70/200 [07:26<17:40,  8.16s/it, -ELBO=1.2515, Potential Metric=0.1431, Entropy Metric=0.0330]

Epoch 70:  12%|█▎        | 2/16 [00:01<00:07,  1.98it/s][A
Training Epochs:  35%|███▌      | 70/200 [07:27<17:40,  8.16s/it, -ELBO=1.3130, Potential Metric=0.1412, Entropy Metric=0.0340]

Epoch 70:  19%|█▉        | 3/16 [00:01<00:06,  2.04it/s][A
Training Epochs:  35%|███▌      | 70/200 [07:27<17:40,  8.16s/it, -ELBO=1.2502, Potential Metric=0.1463, Entropy Metric=0.0360]

Epoch 70:  25%|██▌       | 4/16 [00:02<00:06,  1.96it/s][A
Training Epochs:  35%|███▌      | 70/200 [07:28<17:40,  8.16s/it, -ELBO=1.2677, Potential Metric=0.1403, Entropy Metric=0.0365]

Epoch 70:  31%|███▏      | 5/16 [00:02<00:05,  2.02it/s][A
Training Epochs:  35%|███▌      | 70/200 [07:28<17:40,  8.16s/it, -ELBO=1.2863, Potential Metric=0.1444, Entropy Metric=0.0341]

Epoch 70:  38%|███▊      | 6/16 [00:03<00:05,  1.96it/s][A
Training Epochs:  35%|███▌      | 70/200 [07:29<17:40,  8.16s/it, -ELBO=1.2972, Potential Metric=0.1372, Entropy Metric=0.0324]

Epoch 70:  44%|████▍     | 7/16 [00:03<00:04,  1.90it/s][A
Training Epochs:  35%|███▌      | 70/200 [07:29<17:40,  8.16s/it, -ELBO=1.2647, Potential Metric=0.1476, Entropy Metric=0.0330]

Epoch 70:  50%|█████     | 8/16 [00:04<00:04,  1.90it/s][A
Training Epochs:  35%|███▌      | 70/200 [07:30<17:40,  8.16s/it, -ELBO=1.2378, Potential Metric=0.1545, Entropy Metric=0.0359]

Epoch 70:  56%|█████▋    | 9/16 [00:04<00:03,  1.90it/s][A
Training Epochs:  35%|███▌      | 70/200 [07:30<17:40,  8.16s/it, -ELBO=1.2714, Potential Metric=0.1374, Entropy Metric=0.0344]

Epoch 70:  62%|██████▎   | 10/16 [00:05<00:03,  1.92it/s][A
Training Epochs:  35%|███▌      | 70/200 [07:31<17:40,  8.16s/it, -ELBO=1.2742, Potential Metric=0.1572, Entropy Metric=0.0376]

Epoch 70:  69%|██████▉   | 11/16 [00:05<00:02,  1.93it/s][A
Training Epochs:  35%|███▌      | 70/200 [07:31<17:40,  8.16s/it, -ELBO=1.2608, Potential Metric=0.1358, Entropy Metric=0.0342]

Epoch 70:  75%|███████▌  | 12/16 [00:06<00:02,  1.93it/s][A
Training Epochs:  35%|███▌      | 70/200 [07:32<17:40,  8.16s/it, -ELBO=1.2626, Potential Metric=0.1493, Entropy Metric=0.0386]

Epoch 70:  81%|████████▏ | 13/16 [00:06<00:01,  1.94it/s][A
Training Epochs:  35%|███▌      | 70/200 [07:32<17:40,  8.16s/it, -ELBO=1.2514, Potential Metric=0.1406, Entropy Metric=0.0327]

Epoch 70:  88%|████████▊ | 14/16 [00:07<00:01,  1.95it/s][A
Training Epochs:  35%|███▌      | 70/200 [07:33<17:40,  8.16s/it, -ELBO=1.2583, Potential Metric=0.1483, Entropy Metric=0.0347]

Epoch 70:  94%|█████████▍| 15/16 [00:07<00:00,  1.94it/s][A
Training Epochs:  35%|███▌      | 70/200 [07:33<17:40,  8.16s/it, -ELBO=1.2383, Potential Metric=0.1506, Entropy Metric=0.0361]

Epoch 70: 100%|██████████| 16/16 [00:08<00:00,  1.96it/s][A

                                                         [A
Training Epochs:  36%|███▌      | 71/200 [07:33<17:39,  8.21s/it, -ELBO=1.2383, Potential Metric=0.1506, Entropy Metric=0.0361]

Epoch 71:   0%|          | 0/16 [00:00<?, ?it/s][A
Training Epochs:  36%|███▌      | 71/200 [07:34<17:39,  8.21s/it, -ELBO=1.2804, Potential Metric=0.1461, Entropy Metric=0.0356]

Epoch 71:   6%|▋         | 1/16 [00:00<00:09,  1.59it/s][A
Training Epochs:  36%|███▌      | 71/200 [07:35<17:39,  8.21s/it, -ELBO=1.2443, Potential Metric=0.1418, Entropy Metric=0.0337]

Epoch 71:  12%|█▎        | 2/16 [00:01<00:07,  1.83it/s][A
Training Epochs:  36%|███▌      | 71/200 [07:35<17:39,  8.21s/it, -ELBO=1.2821, Potential Metric=0.1412, Entropy Metric=0.0349]

Epoch 71:  19%|█▉        | 3/16 [00:01<00:06,  1.87it/s][A
Training Epochs:  36%|███▌      | 71/200 [07:36<17:39,  8.21s/it, -ELBO=1.2620, Potential Metric=0.1418, Entropy Metric=0.0345]

Epoch 71:  25%|██▌       | 4/16 [00:02<00:06,  1.94it/s][A
Training Epochs:  36%|███▌      | 71/200 [07:36<17:39,  8.21s/it, -ELBO=1.2728, Potential Metric=0.1472, Entropy Metric=0.0339]

Epoch 71:  31%|███▏      | 5/16 [00:02<00:05,  1.93it/s][A
Training Epochs:  36%|███▌      | 71/200 [07:37<17:39,  8.21s/it, -ELBO=1.2455, Potential Metric=0.1412, Entropy Metric=0.0340]

Epoch 71:  38%|███▊      | 6/16 [00:03<00:05,  1.90it/s][A
Training Epochs:  36%|███▌      | 71/200 [07:37<17:39,  8.21s/it, -ELBO=1.2331, Potential Metric=0.1500, Entropy Metric=0.0332]

Epoch 71:  44%|████▍     | 7/16 [00:03<00:04,  1.93it/s][A
Training Epochs:  36%|███▌      | 71/200 [07:38<17:39,  8.21s/it, -ELBO=1.2359, Potential Metric=0.1456, Entropy Metric=0.0343]

Epoch 71:  50%|█████     | 8/16 [00:04<00:04,  1.97it/s][A
Training Epochs:  36%|███▌      | 71/200 [07:38<17:39,  8.21s/it, -ELBO=1.2330, Potential Metric=0.1457, Entropy Metric=0.0329]

Epoch 71:  56%|█████▋    | 9/16 [00:04<00:03,  1.97it/s][A
Training Epochs:  36%|███▌      | 71/200 [07:39<17:39,  8.21s/it, -ELBO=1.2599, Potential Metric=0.1414, Entropy Metric=0.0305]

Epoch 71:  62%|██████▎   | 10/16 [00:05<00:03,  1.82it/s][A
Training Epochs:  36%|███▌      | 71/200 [07:39<17:39,  8.21s/it, -ELBO=1.2554, Potential Metric=0.1433, Entropy Metric=0.0339]

Epoch 71:  69%|██████▉   | 11/16 [00:05<00:02,  1.85it/s][A
Training Epochs:  36%|███▌      | 71/200 [07:40<17:39,  8.21s/it, -ELBO=1.2389, Potential Metric=0.1452, Entropy Metric=0.0330]

Epoch 71:  75%|███████▌  | 12/16 [00:06<00:02,  1.93it/s][A
Training Epochs:  36%|███▌      | 71/200 [07:40<17:39,  8.21s/it, -ELBO=1.2638, Potential Metric=0.1374, Entropy Metric=0.0338]

Epoch 71:  81%|████████▏ | 13/16 [00:06<00:01,  1.97it/s][A
Training Epochs:  36%|███▌      | 71/200 [07:41<17:39,  8.21s/it, -ELBO=1.2380, Potential Metric=0.1537, Entropy Metric=0.0342]

Epoch 71:  88%|████████▊ | 14/16 [00:07<00:01,  1.96it/s][A
Training Epochs:  36%|███▌      | 71/200 [07:41<17:39,  8.21s/it, -ELBO=1.2774, Potential Metric=0.1358, Entropy Metric=0.0314]

Epoch 71:  94%|█████████▍| 15/16 [00:07<00:00,  1.95it/s][A
Training Epochs:  36%|███▌      | 71/200 [07:42<17:39,  8.21s/it, -ELBO=1.2656, Potential Metric=0.1365, Entropy Metric=0.0313]

Epoch 71: 100%|██████████| 16/16 [00:08<00:00,  1.98it/s][A

                                                         [A
Training Epochs:  36%|███▌      | 72/200 [07:42<17:36,  8.26s/it, -ELBO=1.2656, Potential Metric=0.1365, Entropy Metric=0.0313]

Epoch 72:   0%|          | 0/16 [00:00<?, ?it/s][A
Training Epochs:  36%|███▌      | 72/200 [07:42<17:36,  8.26s/it, -ELBO=1.2506, Potential Metric=0.1449, Entropy Metric=0.0329]

Epoch 72:   6%|▋         | 1/16 [00:00<00:09,  1.66it/s][A
Training Epochs:  36%|███▌      | 72/200 [07:43<17:36,  8.26s/it, -ELBO=1.2675, Potential Metric=0.1474, Entropy Metric=0.0298]

Epoch 72:  12%|█▎        | 2/16 [00:01<00:07,  1.84it/s][A
Training Epochs:  36%|███▌      | 72/200 [07:43<17:36,  8.26s/it, -ELBO=1.2344, Potential Metric=0.1458, Entropy Metric=0.0332]

Epoch 72:  19%|█▉        | 3/16 [00:01<00:06,  1.90it/s][A
Training Epochs:  36%|███▌      | 72/200 [07:44<17:36,  8.26s/it, -ELBO=1.2468, Potential Metric=0.1486, Entropy Metric=0.0347]

Epoch 72:  25%|██▌       | 4/16 [00:02<00:06,  1.90it/s][A
Training Epochs:  36%|███▌      | 72/200 [07:44<17:36,  8.26s/it, -ELBO=1.2219, Potential Metric=0.1395, Entropy Metric=0.0332]

Epoch 72:  31%|███▏      | 5/16 [00:02<00:05,  1.91it/s][A
Training Epochs:  36%|███▌      | 72/200 [07:45<17:36,  8.26s/it, -ELBO=1.2765, Potential Metric=0.1322, Entropy Metric=0.0319]

Epoch 72:  38%|███▊      | 6/16 [00:03<00:05,  1.94it/s][A
Training Epochs:  36%|███▌      | 72/200 [07:45<17:36,  8.26s/it, -ELBO=1.2396, Potential Metric=0.1484, Entropy Metric=0.0337]

Epoch 72:  44%|████▍     | 7/16 [00:03<00:04,  1.95it/s][A
Training Epochs:  36%|███▌      | 72/200 [07:46<17:36,  8.26s/it, -ELBO=1.2401, Potential Metric=0.1350, Entropy Metric=0.0339]

Epoch 72:  50%|█████     | 8/16 [00:04<00:03,  2.06it/s][A
Training Epochs:  36%|███▌      | 72/200 [07:46<17:36,  8.26s/it, -ELBO=1.2258, Potential Metric=0.1445, Entropy Metric=0.0357]

Epoch 72:  56%|█████▋    | 9/16 [00:04<00:03,  2.03it/s][A
Training Epochs:  36%|███▌      | 72/200 [07:47<17:36,  8.26s/it, -ELBO=1.2735, Potential Metric=0.1455, Entropy Metric=0.0345]

Epoch 72:  62%|██████▎   | 10/16 [00:05<00:02,  2.03it/s][A
Training Epochs:  36%|███▌      | 72/200 [07:47<17:36,  8.26s/it, -ELBO=1.2772, Potential Metric=0.1312, Entropy Metric=0.0326]

Epoch 72:  69%|██████▉   | 11/16 [00:05<00:02,  2.06it/s][A
Training Epochs:  36%|███▌      | 72/200 [07:48<17:36,  8.26s/it, -ELBO=1.2388, Potential Metric=0.1408, Entropy Metric=0.0311]

Epoch 72:  75%|███████▌  | 12/16 [00:06<00:01,  2.02it/s][A
Training Epochs:  36%|███▌      | 72/200 [07:48<17:36,  8.26s/it, -ELBO=1.2409, Potential Metric=0.1382, Entropy Metric=0.0333]

Epoch 72:  81%|████████▏ | 13/16 [00:06<00:01,  2.04it/s][A
Training Epochs:  36%|███▌      | 72/200 [07:49<17:36,  8.26s/it, -ELBO=1.2643, Potential Metric=0.1396, Entropy Metric=0.0310]

Epoch 72:  88%|████████▊ | 14/16 [00:07<00:00,  2.00it/s][A
Training Epochs:  36%|███▌      | 72/200 [07:49<17:36,  8.26s/it, -ELBO=1.2686, Potential Metric=0.1438, Entropy Metric=0.0331]

Epoch 72:  94%|█████████▍| 15/16 [00:07<00:00,  1.99it/s][A
Training Epochs:  36%|███▌      | 72/200 [07:50<17:36,  8.26s/it, -ELBO=1.2389, Potential Metric=0.1342, Entropy Metric=0.0325]

Epoch 72: 100%|██████████| 16/16 [00:08<00:00,  1.96it/s][A

                                                         [A
Training Epochs:  36%|███▋      | 73/200 [07:50<17:24,  8.23s/it, -ELBO=1.2389, Potential Metric=0.1342, Entropy Metric=0.0325]

Epoch 73:   0%|          | 0/16 [00:00<?, ?it/s][A
Training Epochs:  36%|███▋      | 73/200 [07:50<17:24,  8.23s/it, -ELBO=1.2222, Potential Metric=0.1374, Entropy Metric=0.0329]

Epoch 73:   6%|▋         | 1/16 [00:00<00:07,  1.92it/s][A
Training Epochs:  36%|███▋      | 73/200 [07:51<17:24,  8.23s/it, -ELBO=1.2219, Potential Metric=0.1492, Entropy Metric=0.0328]

Epoch 73:  12%|█▎        | 2/16 [00:01<00:07,  1.95it/s][A
Training Epochs:  36%|███▋      | 73/200 [07:51<17:24,  8.23s/it, -ELBO=1.2606, Potential Metric=0.1484, Entropy Metric=0.0347]

Epoch 73:  19%|█▉        | 3/16 [00:01<00:06,  1.96it/s][A
Training Epochs:  36%|███▋      | 73/200 [07:52<17:24,  8.23s/it, -ELBO=1.2203, Potential Metric=0.1503, Entropy Metric=0.0346]

Epoch 73:  25%|██▌       | 4/16 [00:02<00:06,  1.98it/s][A
Training Epochs:  36%|███▋      | 73/200 [07:52<17:24,  8.23s/it, -ELBO=1.2536, Potential Metric=0.1412, Entropy Metric=0.0344]

Epoch 73:  31%|███▏      | 5/16 [00:02<00:05,  1.99it/s][A
Training Epochs:  36%|███▋      | 73/200 [07:53<17:24,  8.23s/it, -ELBO=1.2281, Potential Metric=0.1356, Entropy Metric=0.0345]

Epoch 73:  38%|███▊      | 6/16 [00:03<00:05,  1.93it/s][A
Training Epochs:  36%|███▋      | 73/200 [07:54<17:24,  8.23s/it, -ELBO=1.2539, Potential Metric=0.1279, Entropy Metric=0.0312]

Epoch 73:  44%|████▍     | 7/16 [00:03<00:04,  1.90it/s][A
Training Epochs:  36%|███▋      | 73/200 [07:54<17:24,  8.23s/it, -ELBO=1.2661, Potential Metric=0.1293, Entropy Metric=0.0322]

Epoch 73:  50%|█████     | 8/16 [00:04<00:04,  1.89it/s][A
Training Epochs:  36%|███▋      | 73/200 [07:55<17:24,  8.23s/it, -ELBO=1.2229, Potential Metric=0.1333, Entropy Metric=0.0354]

Epoch 73:  56%|█████▋    | 9/16 [00:04<00:03,  1.89it/s][A
Training Epochs:  36%|███▋      | 73/200 [07:55<17:24,  8.23s/it, -ELBO=1.2731, Potential Metric=0.1425, Entropy Metric=0.0360]

Epoch 73:  62%|██████▎   | 10/16 [00:05<00:03,  1.95it/s][A
Training Epochs:  36%|███▋      | 73/200 [07:56<17:24,  8.23s/it, -ELBO=1.2564, Potential Metric=0.1339, Entropy Metric=0.0342]

Epoch 73:  69%|██████▉   | 11/16 [00:05<00:02,  1.97it/s][A
Training Epochs:  36%|███▋      | 73/200 [07:56<17:24,  8.23s/it, -ELBO=1.2244, Potential Metric=0.1375, Entropy Metric=0.0323]

Epoch 73:  75%|███████▌  | 12/16 [00:06<00:01,  2.01it/s][A
Training Epochs:  36%|███▋      | 73/200 [07:57<17:24,  8.23s/it, -ELBO=1.2609, Potential Metric=0.1279, Entropy Metric=0.0303]

Epoch 73:  81%|████████▏ | 13/16 [00:06<00:01,  2.02it/s][A
Training Epochs:  36%|███▋      | 73/200 [07:57<17:24,  8.23s/it, -ELBO=1.2388, Potential Metric=0.1338, Entropy Metric=0.0321]

Epoch 73:  88%|████████▊ | 14/16 [00:07<00:00,  2.01it/s][A
Training Epochs:  36%|███▋      | 73/200 [07:58<17:24,  8.23s/it, -ELBO=1.2383, Potential Metric=0.1362, Entropy Metric=0.0333]

Epoch 73:  94%|█████████▍| 15/16 [00:07<00:00,  2.01it/s][A
Training Epochs:  36%|███▋      | 73/200 [07:58<17:24,  8.23s/it, -ELBO=1.2137, Potential Metric=0.1420, Entropy Metric=0.0340]

Epoch 73: 100%|██████████| 16/16 [00:08<00:00,  1.99it/s][A

                                                         [A
Training Epochs:  37%|███▋      | 74/200 [07:58<17:15,  8.22s/it, -ELBO=1.2137, Potential Metric=0.1420, Entropy Metric=0.0340]

Epoch 74:   0%|          | 0/16 [00:00<?, ?it/s][A
Training Epochs:  37%|███▋      | 74/200 [07:59<17:15,  8.22s/it, -ELBO=1.2619, Potential Metric=0.1436, Entropy Metric=0.0350]

Epoch 74:   6%|▋         | 1/16 [00:00<00:07,  2.00it/s][A
Training Epochs:  37%|███▋      | 74/200 [07:59<17:15,  8.22s/it, -ELBO=1.2528, Potential Metric=0.1331, Entropy Metric=0.0322]

Epoch 74:  12%|█▎        | 2/16 [00:01<00:07,  1.96it/s][A
Training Epochs:  37%|███▋      | 74/200 [08:00<17:15,  8.22s/it, -ELBO=1.2514, Potential Metric=0.1310, Entropy Metric=0.0341]

Epoch 74:  19%|█▉        | 3/16 [00:01<00:06,  2.11it/s][A
Training Epochs:  37%|███▋      | 74/200 [08:00<17:15,  8.22s/it, -ELBO=1.2764, Potential Metric=0.1293, Entropy Metric=0.0322]

Epoch 74:  25%|██▌       | 4/16 [00:01<00:05,  2.12it/s][A
Training Epochs:  37%|███▋      | 74/200 [08:01<17:15,  8.22s/it, -ELBO=1.2218, Potential Metric=0.1449, Entropy Metric=0.0347]

Epoch 74:  31%|███▏      | 5/16 [00:02<00:05,  2.08it/s][A
Training Epochs:  37%|███▋      | 74/200 [08:01<17:15,  8.22s/it, -ELBO=1.2066, Potential Metric=0.1436, Entropy Metric=0.0350]

Epoch 74:  38%|███▊      | 6/16 [00:02<00:04,  2.05it/s][A
Training Epochs:  37%|███▋      | 74/200 [08:02<17:15,  8.22s/it, -ELBO=1.2548, Potential Metric=0.1447, Entropy Metric=0.0373]

Epoch 74:  44%|████▍     | 7/16 [00:03<00:04,  1.95it/s][A
Training Epochs:  37%|███▋      | 74/200 [08:02<17:15,  8.22s/it, -ELBO=1.2180, Potential Metric=0.1484, Entropy Metric=0.0364]

Epoch 74:  50%|█████     | 8/16 [00:04<00:04,  1.94it/s][A
Training Epochs:  37%|███▋      | 74/200 [08:03<17:15,  8.22s/it, -ELBO=1.2585, Potential Metric=0.1315, Entropy Metric=0.0358]

Epoch 74:  56%|█████▋    | 9/16 [00:04<00:03,  1.91it/s][A
Training Epochs:  37%|███▋      | 74/200 [08:03<17:15,  8.22s/it, -ELBO=1.2622, Potential Metric=0.1425, Entropy Metric=0.0375]

Epoch 74:  62%|██████▎   | 10/16 [00:05<00:03,  1.80it/s][A
Training Epochs:  37%|███▋      | 74/200 [08:04<17:15,  8.22s/it, -ELBO=1.2303, Potential Metric=0.1298, Entropy Metric=0.0334]

Epoch 74:  69%|██████▉   | 11/16 [00:05<00:02,  1.83it/s][A
Training Epochs:  37%|███▋      | 74/200 [08:04<17:15,  8.22s/it, -ELBO=1.2051, Potential Metric=0.1502, Entropy Metric=0.0363]

Epoch 74:  75%|███████▌  | 12/16 [00:06<00:02,  1.83it/s][A
Training Epochs:  37%|███▋      | 74/200 [08:05<17:15,  8.22s/it, -ELBO=1.2198, Potential Metric=0.1398, Entropy Metric=0.0337]

Epoch 74:  81%|████████▏ | 13/16 [00:06<00:01,  1.92it/s][A
Training Epochs:  37%|███▋      | 74/200 [08:05<17:15,  8.22s/it, -ELBO=1.2043, Potential Metric=0.1575, Entropy Metric=0.0363]

Epoch 74:  88%|████████▊ | 14/16 [00:07<00:01,  1.92it/s][A
Training Epochs:  37%|███▋      | 74/200 [08:06<17:15,  8.22s/it, -ELBO=1.2420, Potential Metric=0.1487, Entropy Metric=0.0302]

Epoch 74:  94%|█████████▍| 15/16 [00:07<00:00,  1.90it/s][A
Training Epochs:  37%|███▋      | 74/200 [08:06<17:15,  8.22s/it, -ELBO=1.2436, Potential Metric=0.1385, Entropy Metric=0.0304]

Epoch 74: 100%|██████████| 16/16 [00:08<00:00,  1.96it/s][A

                                                         [A
Training Epochs:  38%|███▊      | 75/200 [08:06<17:12,  8.26s/it, -ELBO=1.2436, Potential Metric=0.1385, Entropy Metric=0.0304]

Epoch 75:   0%|          | 0/16 [00:00<?, ?it/s][A
Training Epochs:  38%|███▊      | 75/200 [08:07<17:12,  8.26s/it, -ELBO=1.2326, Potential Metric=0.1617, Entropy Metric=0.0318]

Epoch 75:   6%|▋         | 1/16 [00:00<00:07,  1.88it/s][A
Training Epochs:  38%|███▊      | 75/200 [08:08<17:12,  8.26s/it, -ELBO=1.2163, Potential Metric=0.1514, Entropy Metric=0.0334]

Epoch 75:  12%|█▎        | 2/16 [00:00<00:06,  2.03it/s][A
Training Epochs:  38%|███▊      | 75/200 [08:08<17:12,  8.26s/it, -ELBO=1.2130, Potential Metric=0.1544, Entropy Metric=0.0337]

Epoch 75:  19%|█▉        | 3/16 [00:01<00:06,  1.93it/s][A
Training Epochs:  38%|███▊      | 75/200 [08:09<17:12,  8.26s/it, -ELBO=1.2281, Potential Metric=0.1459, Entropy Metric=0.0314]

Epoch 75:  25%|██▌       | 4/16 [00:02<00:06,  1.98it/s][A
Training Epochs:  38%|███▊      | 75/200 [08:09<17:12,  8.26s/it, -ELBO=1.2295, Potential Metric=0.1499, Entropy Metric=0.0332]

Epoch 75:  31%|███▏      | 5/16 [00:02<00:05,  1.96it/s][A
Training Epochs:  38%|███▊      | 75/200 [08:10<17:12,  8.26s/it, -ELBO=1.2582, Potential Metric=0.1427, Entropy Metric=0.0347]

Epoch 75:  38%|███▊      | 6/16 [00:03<00:04,  2.00it/s][A
Training Epochs:  38%|███▊      | 75/200 [08:10<17:12,  8.26s/it, -ELBO=1.2402, Potential Metric=0.1378, Entropy Metric=0.0330]

Epoch 75:  44%|████▍     | 7/16 [00:03<00:04,  1.95it/s][A
Training Epochs:  38%|███▊      | 75/200 [08:11<17:12,  8.26s/it, -ELBO=1.2105, Potential Metric=0.1508, Entropy Metric=0.0357]

Epoch 75:  50%|█████     | 8/16 [00:04<00:04,  1.93it/s][A
Training Epochs:  38%|███▊      | 75/200 [08:11<17:12,  8.26s/it, -ELBO=1.2182, Potential Metric=0.1360, Entropy Metric=0.0330]

Epoch 75:  56%|█████▋    | 9/16 [00:04<00:03,  2.00it/s][A
Training Epochs:  38%|███▊      | 75/200 [08:12<17:12,  8.26s/it, -ELBO=1.2231, Potential Metric=0.1430, Entropy Metric=0.0351]

Epoch 75:  62%|██████▎   | 10/16 [00:05<00:02,  2.02it/s][A
Training Epochs:  38%|███▊      | 75/200 [08:12<17:12,  8.26s/it, -ELBO=1.2135, Potential Metric=0.1475, Entropy Metric=0.0348]

Epoch 75:  69%|██████▉   | 11/16 [00:05<00:02,  2.07it/s][A
Training Epochs:  38%|███▊      | 75/200 [08:12<17:12,  8.26s/it, -ELBO=1.2387, Potential Metric=0.1449, Entropy Metric=0.0325]

Epoch 75:  75%|███████▌  | 12/16 [00:05<00:01,  2.07it/s][A
Training Epochs:  38%|███▊      | 75/200 [08:13<17:12,  8.26s/it, -ELBO=1.2290, Potential Metric=0.1479, Entropy Metric=0.0335]

Epoch 75:  81%|████████▏ | 13/16 [00:06<00:01,  2.06it/s][A
Training Epochs:  38%|███▊      | 75/200 [08:14<17:12,  8.26s/it, -ELBO=1.2205, Potential Metric=0.1369, Entropy Metric=0.0352]

Epoch 75:  88%|████████▊ | 14/16 [00:06<00:00,  2.02it/s][A
Training Epochs:  38%|███▊      | 75/200 [08:14<17:12,  8.26s/it, -ELBO=1.2339, Potential Metric=0.1449, Entropy Metric=0.0360]

Epoch 75:  94%|█████████▍| 15/16 [00:07<00:00,  1.96it/s][A
Training Epochs:  38%|███▊      | 75/200 [08:15<17:12,  8.26s/it, -ELBO=1.2408, Potential Metric=0.1393, Entropy Metric=0.0359]

Epoch 75: 100%|██████████| 16/16 [00:08<00:00,  1.98it/s][A

                                                         [A
Training Epochs:  38%|███▊      | 76/200 [08:15<16:59,  8.22s/it, -ELBO=1.2408, Potential Metric=0.1393, Entropy Metric=0.0359]

Epoch 76:   0%|          | 0/16 [00:00<?, ?it/s][A
Training Epochs:  38%|███▊      | 76/200 [08:15<16:59,  8.22s/it, -ELBO=1.2012, Potential Metric=0.1366, Entropy Metric=0.0337]

Epoch 76:   6%|▋         | 1/16 [00:00<00:07,  1.92it/s][A
Training Epochs:  38%|███▊      | 76/200 [08:16<16:59,  8.22s/it, -ELBO=1.2166, Potential Metric=0.1381, Entropy Metric=0.0338]

Epoch 76:  12%|█▎        | 2/16 [00:01<00:07,  1.99it/s][A
Training Epochs:  38%|███▊      | 76/200 [08:16<16:59,  8.22s/it, -ELBO=1.2433, Potential Metric=0.1391, Entropy Metric=0.0342]

Epoch 76:  19%|█▉        | 3/16 [00:01<00:06,  2.08it/s][A
Training Epochs:  38%|███▊      | 76/200 [08:17<16:59,  8.22s/it, -ELBO=1.2064, Potential Metric=0.1425, Entropy Metric=0.0347]

Epoch 76:  25%|██▌       | 4/16 [00:01<00:05,  2.11it/s][A
Training Epochs:  38%|███▊      | 76/200 [08:17<16:59,  8.22s/it, -ELBO=1.2213, Potential Metric=0.1354, Entropy Metric=0.0323]

Epoch 76:  31%|███▏      | 5/16 [00:02<00:05,  2.15it/s][A
Training Epochs:  38%|███▊      | 76/200 [08:17<16:59,  8.22s/it, -ELBO=1.2133, Potential Metric=0.1344, Entropy Metric=0.0318]

Epoch 76:  38%|███▊      | 6/16 [00:02<00:04,  2.12it/s][A
Training Epochs:  38%|███▊      | 76/200 [08:18<16:59,  8.22s/it, -ELBO=1.2312, Potential Metric=0.1508, Entropy Metric=0.0341]

Epoch 76:  44%|████▍     | 7/16 [00:03<00:04,  2.01it/s][A
Training Epochs:  38%|███▊      | 76/200 [08:19<16:59,  8.22s/it, -ELBO=1.1999, Potential Metric=0.1356, Entropy Metric=0.0324]

Epoch 76:  50%|█████     | 8/16 [00:03<00:03,  2.01it/s][A
Training Epochs:  38%|███▊      | 76/200 [08:19<16:59,  8.22s/it, -ELBO=1.2301, Potential Metric=0.1361, Entropy Metric=0.0319]

Epoch 76:  56%|█████▋    | 9/16 [00:04<00:03,  2.08it/s][A
Training Epochs:  38%|███▊      | 76/200 [08:19<16:59,  8.22s/it, -ELBO=1.2275, Potential Metric=0.1441, Entropy Metric=0.0321]

Epoch 76:  62%|██████▎   | 10/16 [00:04<00:02,  2.07it/s][A
Training Epochs:  38%|███▊      | 76/200 [08:20<16:59,  8.22s/it, -ELBO=1.2230, Potential Metric=0.1443, Entropy Metric=0.0335]

Epoch 76:  69%|██████▉   | 11/16 [00:05<00:02,  2.02it/s][A
Training Epochs:  38%|███▊      | 76/200 [08:20<16:59,  8.22s/it, -ELBO=1.2382, Potential Metric=0.1463, Entropy Metric=0.0353]

Epoch 76:  75%|███████▌  | 12/16 [00:05<00:02,  1.99it/s][A
Training Epochs:  38%|███▊      | 76/200 [08:21<16:59,  8.22s/it, -ELBO=1.1945, Potential Metric=0.1505, Entropy Metric=0.0346]

Epoch 76:  81%|████████▏ | 13/16 [00:06<00:01,  2.01it/s][A
Training Epochs:  38%|███▊      | 76/200 [08:21<16:59,  8.22s/it, -ELBO=1.2398, Potential Metric=0.1447, Entropy Metric=0.0336]

Epoch 76:  88%|████████▊ | 14/16 [00:06<00:00,  2.00it/s][A
Training Epochs:  38%|███▊      | 76/200 [08:22<16:59,  8.22s/it, -ELBO=1.2593, Potential Metric=0.1373, Entropy Metric=0.0341]

Epoch 76:  94%|█████████▍| 15/16 [00:07<00:00,  1.95it/s][A
Training Epochs:  38%|███▊      | 76/200 [08:23<16:59,  8.22s/it, -ELBO=1.1950, Potential Metric=0.1493, Entropy Metric=0.0332]

Epoch 76: 100%|██████████| 16/16 [00:07<00:00,  1.95it/s][A

                                                         [A
Training Epochs:  38%|███▊      | 77/200 [08:23<16:42,  8.15s/it, -ELBO=1.1950, Potential Metric=0.1493, Entropy Metric=0.0332]

Epoch 77:   0%|          | 0/16 [00:00<?, ?it/s][A
Training Epochs:  38%|███▊      | 77/200 [08:23<16:42,  8.15s/it, -ELBO=1.2200, Potential Metric=0.1377, Entropy Metric=0.0355]

Epoch 77:   6%|▋         | 1/16 [00:00<00:07,  1.93it/s][A
Training Epochs:  38%|███▊      | 77/200 [08:24<16:42,  8.15s/it, -ELBO=1.2066, Potential Metric=0.1511, Entropy Metric=0.0336]

Epoch 77:  12%|█▎        | 2/16 [00:01<00:07,  1.98it/s][A
Training Epochs:  38%|███▊      | 77/200 [08:24<16:42,  8.15s/it, -ELBO=1.2099, Potential Metric=0.1447, Entropy Metric=0.0332]

Epoch 77:  19%|█▉        | 3/16 [00:01<00:06,  1.91it/s][A
Training Epochs:  38%|███▊      | 77/200 [08:25<16:42,  8.15s/it, -ELBO=1.1963, Potential Metric=0.1506, Entropy Metric=0.0347]

Epoch 77:  25%|██▌       | 4/16 [00:02<00:06,  1.91it/s][A
Training Epochs:  38%|███▊      | 77/200 [08:25<16:42,  8.15s/it, -ELBO=1.2315, Potential Metric=0.1406, Entropy Metric=0.0334]

Epoch 77:  31%|███▏      | 5/16 [00:02<00:05,  1.97it/s][A
Training Epochs:  38%|███▊      | 77/200 [08:26<16:42,  8.15s/it, -ELBO=1.2212, Potential Metric=0.1459, Entropy Metric=0.0351]

Epoch 77:  38%|███▊      | 6/16 [00:03<00:05,  1.94it/s][A
Training Epochs:  38%|███▊      | 77/200 [08:26<16:42,  8.15s/it, -ELBO=1.2528, Potential Metric=0.1533, Entropy Metric=0.0361]

Epoch 77:  44%|████▍     | 7/16 [00:03<00:04,  1.91it/s][A
Training Epochs:  38%|███▊      | 77/200 [08:27<16:42,  8.15s/it, -ELBO=1.2211, Potential Metric=0.1367, Entropy Metric=0.0361]

Epoch 77:  50%|█████     | 8/16 [00:04<00:04,  1.90it/s][A
Training Epochs:  38%|███▊      | 77/200 [08:27<16:42,  8.15s/it, -ELBO=1.2291, Potential Metric=0.1380, Entropy Metric=0.0334]

Epoch 77:  56%|█████▋    | 9/16 [00:04<00:03,  2.05it/s][A
Training Epochs:  38%|███▊      | 77/200 [08:28<16:42,  8.15s/it, -ELBO=1.2332, Potential Metric=0.1359, Entropy Metric=0.0341]

Epoch 77:  62%|██████▎   | 10/16 [00:04<00:02,  2.13it/s][A
Training Epochs:  38%|███▊      | 77/200 [08:28<16:42,  8.15s/it, -ELBO=1.2047, Potential Metric=0.1522, Entropy Metric=0.0367]

Epoch 77:  69%|██████▉   | 11/16 [00:05<00:02,  2.13it/s][A
Training Epochs:  38%|███▊      | 77/200 [08:29<16:42,  8.15s/it, -ELBO=1.1720, Potential Metric=0.1491, Entropy Metric=0.0316]

Epoch 77:  75%|███████▌  | 12/16 [00:05<00:01,  2.12it/s][A
Training Epochs:  38%|███▊      | 77/200 [08:29<16:42,  8.15s/it, -ELBO=1.2180, Potential Metric=0.1380, Entropy Metric=0.0338]

Epoch 77:  81%|████████▏ | 13/16 [00:06<00:01,  2.03it/s][A
Training Epochs:  38%|███▊      | 77/200 [08:30<16:42,  8.15s/it, -ELBO=1.2123, Potential Metric=0.1422, Entropy Metric=0.0313]

Epoch 77:  88%|████████▊ | 14/16 [00:07<00:01,  1.83it/s][A
Training Epochs:  38%|███▊      | 77/200 [08:30<16:42,  8.15s/it, -ELBO=1.2270, Potential Metric=0.1382, Entropy Metric=0.0341]

Epoch 77:  94%|█████████▍| 15/16 [00:07<00:00,  1.86it/s][A
Training Epochs:  38%|███▊      | 77/200 [08:31<16:42,  8.15s/it, -ELBO=1.2081, Potential Metric=0.1422, Entropy Metric=0.0368]

Epoch 77: 100%|██████████| 16/16 [00:08<00:00,  1.84it/s][A

                                                         [A
Training Epochs:  39%|███▉      | 78/200 [08:31<16:39,  8.19s/it, -ELBO=1.2081, Potential Metric=0.1422, Entropy Metric=0.0368]

Epoch 78:   0%|          | 0/16 [00:00<?, ?it/s][A
Training Epochs:  39%|███▉      | 78/200 [08:31<16:39,  8.19s/it, -ELBO=1.1846, Potential Metric=0.1565, Entropy Metric=0.0359]

Epoch 78:   6%|▋         | 1/16 [00:00<00:09,  1.61it/s][A
Training Epochs:  39%|███▉      | 78/200 [08:32<16:39,  8.19s/it, -ELBO=1.2139, Potential Metric=0.1455, Entropy Metric=0.0347]

Epoch 78:  12%|█▎        | 2/16 [00:01<00:07,  1.76it/s][A
Training Epochs:  39%|███▉      | 78/200 [08:33<16:39,  8.19s/it, -ELBO=1.2209, Potential Metric=0.1404, Entropy Metric=0.0346]

Epoch 78:  19%|█▉        | 3/16 [00:01<00:07,  1.82it/s][A
Training Epochs:  39%|███▉      | 78/200 [08:33<16:39,  8.19s/it, -ELBO=1.1999, Potential Metric=0.1416, Entropy Metric=0.0361]

Epoch 78:  25%|██▌       | 4/16 [00:02<00:06,  1.90it/s][A
Training Epochs:  39%|███▉      | 78/200 [08:34<16:39,  8.19s/it, -ELBO=1.1719, Potential Metric=0.1465, Entropy Metric=0.0339]

Epoch 78:  31%|███▏      | 5/16 [00:02<00:05,  1.93it/s][A
Training Epochs:  39%|███▉      | 78/200 [08:34<16:39,  8.19s/it, -ELBO=1.2220, Potential Metric=0.1483, Entropy Metric=0.0360]

Epoch 78:  38%|███▊      | 6/16 [00:03<00:05,  1.90it/s][A
Training Epochs:  39%|███▉      | 78/200 [08:35<16:39,  8.19s/it, -ELBO=1.2352, Potential Metric=0.1389, Entropy Metric=0.0354]

Epoch 78:  44%|████▍     | 7/16 [00:03<00:04,  1.86it/s][A
Training Epochs:  39%|███▉      | 78/200 [08:35<16:39,  8.19s/it, -ELBO=1.2212, Potential Metric=0.1331, Entropy Metric=0.0308]

Epoch 78:  50%|█████     | 8/16 [00:04<00:04,  1.90it/s][A
Training Epochs:  39%|███▉      | 78/200 [08:36<16:39,  8.19s/it, -ELBO=1.2081, Potential Metric=0.1509, Entropy Metric=0.0353]

Epoch 78:  56%|█████▋    | 9/16 [00:04<00:03,  1.94it/s][A
Training Epochs:  39%|███▉      | 78/200 [08:36<16:39,  8.19s/it, -ELBO=1.1985, Potential Metric=0.1467, Entropy Metric=0.0341]

Epoch 78:  62%|██████▎   | 10/16 [00:05<00:02,  2.04it/s][A
Training Epochs:  39%|███▉      | 78/200 [08:37<16:39,  8.19s/it, -ELBO=1.1966, Potential Metric=0.1582, Entropy Metric=0.0362]

Epoch 78:  69%|██████▉   | 11/16 [00:05<00:02,  2.03it/s][A
Training Epochs:  39%|███▉      | 78/200 [08:37<16:39,  8.19s/it, -ELBO=1.2457, Potential Metric=0.1447, Entropy Metric=0.0352]

Epoch 78:  75%|███████▌  | 12/16 [00:06<00:02,  1.99it/s][A
Training Epochs:  39%|███▉      | 78/200 [08:38<16:39,  8.19s/it, -ELBO=1.1864, Potential Metric=0.1527, Entropy Metric=0.0337]

Epoch 78:  81%|████████▏ | 13/16 [00:06<00:01,  2.01it/s][A
Training Epochs:  39%|███▉      | 78/200 [08:38<16:39,  8.19s/it, -ELBO=1.1949, Potential Metric=0.1487, Entropy Metric=0.0340]

Epoch 78:  88%|████████▊ | 14/16 [00:07<00:00,  2.05it/s][A
Training Epochs:  39%|███▉      | 78/200 [08:39<16:39,  8.19s/it, -ELBO=1.2124, Potential Metric=0.1529, Entropy Metric=0.0349]

Epoch 78:  94%|█████████▍| 15/16 [00:07<00:00,  2.00it/s][A
Training Epochs:  39%|███▉      | 78/200 [08:39<16:39,  8.19s/it, -ELBO=1.2409, Potential Metric=0.1366, Entropy Metric=0.0334]

Epoch 78: 100%|██████████| 16/16 [00:08<00:00,  1.99it/s][A

                                                         [A
Training Epochs:  40%|███▉      | 79/200 [08:39<16:33,  8.21s/it, -ELBO=1.2409, Potential Metric=0.1366, Entropy Metric=0.0334]

Epoch 79:   0%|          | 0/16 [00:00<?, ?it/s][A
Training Epochs:  40%|███▉      | 79/200 [08:40<16:33,  8.21s/it, -ELBO=1.2054, Potential Metric=0.1459, Entropy Metric=0.0335]

Epoch 79:   6%|▋         | 1/16 [00:00<00:08,  1.73it/s][A
Training Epochs:  40%|███▉      | 79/200 [08:40<16:33,  8.21s/it, -ELBO=1.1775, Potential Metric=0.1528, Entropy Metric=0.0343]

Epoch 79:  12%|█▎        | 2/16 [00:01<00:07,  1.85it/s][A
Training Epochs:  40%|███▉      | 79/200 [08:41<16:33,  8.21s/it, -ELBO=1.2365, Potential Metric=0.1380, Entropy Metric=0.0344]

Epoch 79:  19%|█▉        | 3/16 [00:01<00:06,  1.96it/s][A
Training Epochs:  40%|███▉      | 79/200 [08:41<16:33,  8.21s/it, -ELBO=1.2011, Potential Metric=0.1393, Entropy Metric=0.0351]

Epoch 79:  25%|██▌       | 4/16 [00:02<00:06,  1.95it/s][A
Training Epochs:  40%|███▉      | 79/200 [08:42<16:33,  8.21s/it, -ELBO=1.2189, Potential Metric=0.1402, Entropy Metric=0.0315]

Epoch 79:  31%|███▏      | 5/16 [00:02<00:05,  1.96it/s][A
Training Epochs:  40%|███▉      | 79/200 [08:42<16:33,  8.21s/it, -ELBO=1.2042, Potential Metric=0.1567, Entropy Metric=0.0338]

Epoch 79:  38%|███▊      | 6/16 [00:03<00:05,  1.96it/s][A
Training Epochs:  40%|███▉      | 79/200 [08:43<16:33,  8.21s/it, -ELBO=1.1964, Potential Metric=0.1502, Entropy Metric=0.0362]

Epoch 79:  44%|████▍     | 7/16 [00:03<00:04,  1.94it/s][A
Training Epochs:  40%|███▉      | 79/200 [08:43<16:33,  8.21s/it, -ELBO=1.2005, Potential Metric=0.1476, Entropy Metric=0.0334]

Epoch 79:  50%|█████     | 8/16 [00:04<00:04,  1.97it/s][A
Training Epochs:  40%|███▉      | 79/200 [08:44<16:33,  8.21s/it, -ELBO=1.1990, Potential Metric=0.1366, Entropy Metric=0.0304]

Epoch 79:  56%|█████▋    | 9/16 [00:04<00:03,  1.96it/s][A
Training Epochs:  40%|███▉      | 79/200 [08:44<16:33,  8.21s/it, -ELBO=1.2021, Potential Metric=0.1453, Entropy Metric=0.0367]

Epoch 79:  62%|██████▎   | 10/16 [00:05<00:03,  1.92it/s][A
Training Epochs:  40%|███▉      | 79/200 [08:45<16:33,  8.21s/it, -ELBO=1.1754, Potential Metric=0.1406, Entropy Metric=0.0340]

Epoch 79:  69%|██████▉   | 11/16 [00:05<00:02,  1.89it/s][A
Training Epochs:  40%|███▉      | 79/200 [08:45<16:33,  8.21s/it, -ELBO=1.1951, Potential Metric=0.1461, Entropy Metric=0.0355]

Epoch 79:  75%|███████▌  | 12/16 [00:06<00:02,  1.90it/s][A
Training Epochs:  40%|███▉      | 79/200 [08:46<16:33,  8.21s/it, -ELBO=1.1896, Potential Metric=0.1363, Entropy Metric=0.0348]

Epoch 79:  81%|████████▏ | 13/16 [00:06<00:01,  1.99it/s][A
Training Epochs:  40%|███▉      | 79/200 [08:46<16:33,  8.21s/it, -ELBO=1.1921, Potential Metric=0.1334, Entropy Metric=0.0361]

Epoch 79:  88%|████████▊ | 14/16 [00:07<00:00,  2.10it/s][A
Training Epochs:  40%|███▉      | 79/200 [08:47<16:33,  8.21s/it, -ELBO=1.2067, Potential Metric=0.1427, Entropy Metric=0.0364]

Epoch 79:  94%|█████████▍| 15/16 [00:07<00:00,  2.08it/s][A
Training Epochs:  40%|███▉      | 79/200 [08:47<16:33,  8.21s/it, -ELBO=1.2456, Potential Metric=0.1309, Entropy Metric=0.0339]

Epoch 79: 100%|██████████| 16/16 [00:08<00:00,  2.03it/s][A

                                                         [A
Training Epochs:  40%|████      | 80/200 [08:47<16:23,  8.19s/it, -ELBO=1.2456, Potential Metric=0.1309, Entropy Metric=0.0339]

Epoch 80:   0%|          | 0/16 [00:00<?, ?it/s][A
Training Epochs:  40%|████      | 80/200 [08:48<16:23,  8.19s/it, -ELBO=1.2056, Potential Metric=0.1293, Entropy Metric=0.0363]

Epoch 80:   6%|▋         | 1/16 [00:00<00:08,  1.73it/s][A
Training Epochs:  40%|████      | 80/200 [08:48<16:23,  8.19s/it, -ELBO=1.2159, Potential Metric=0.1457, Entropy Metric=0.0371]

Epoch 80:  12%|█▎        | 2/16 [00:01<00:08,  1.75it/s][A
Training Epochs:  40%|████      | 80/200 [08:49<16:23,  8.19s/it, -ELBO=1.1757, Potential Metric=0.1366, Entropy Metric=0.0336]

Epoch 80:  19%|█▉        | 3/16 [00:01<00:07,  1.82it/s][A
Training Epochs:  40%|████      | 80/200 [08:49<16:23,  8.19s/it, -ELBO=1.1840, Potential Metric=0.1471, Entropy Metric=0.0340]

Epoch 80:  25%|██▌       | 4/16 [00:02<00:06,  1.89it/s][A
Training Epochs:  40%|████      | 80/200 [08:50<16:23,  8.19s/it, -ELBO=1.2245, Potential Metric=0.1284, Entropy Metric=0.0348]

Epoch 80:  31%|███▏      | 5/16 [00:02<00:05,  1.93it/s][A
Training Epochs:  40%|████      | 80/200 [08:50<16:23,  8.19s/it, -ELBO=1.1807, Potential Metric=0.1432, Entropy Metric=0.0334]

Epoch 80:  38%|███▊      | 6/16 [00:03<00:05,  1.94it/s][A
Training Epochs:  40%|████      | 80/200 [08:51<16:23,  8.19s/it, -ELBO=1.1870, Potential Metric=0.1408, Entropy Metric=0.0335]

Epoch 80:  44%|████▍     | 7/16 [00:03<00:04,  1.96it/s][A
Training Epochs:  40%|████      | 80/200 [08:52<16:23,  8.19s/it, -ELBO=1.1997, Potential Metric=0.1420, Entropy Metric=0.0339]

Epoch 80:  50%|█████     | 8/16 [00:04<00:04,  1.93it/s][A
Training Epochs:  40%|████      | 80/200 [08:52<16:23,  8.19s/it, -ELBO=1.1778, Potential Metric=0.1468, Entropy Metric=0.0348]

Epoch 80:  56%|█████▋    | 9/16 [00:04<00:03,  1.89it/s][A
Training Epochs:  40%|████      | 80/200 [08:53<16:23,  8.19s/it, -ELBO=1.2182, Potential Metric=0.1395, Entropy Metric=0.0348]

Epoch 80:  62%|██████▎   | 10/16 [00:05<00:03,  1.93it/s][A
Training Epochs:  40%|████      | 80/200 [08:53<16:23,  8.19s/it, -ELBO=1.1928, Potential Metric=0.1422, Entropy Metric=0.0339]

Epoch 80:  69%|██████▉   | 11/16 [00:05<00:02,  1.91it/s][A
Training Epochs:  40%|████      | 80/200 [08:54<16:23,  8.19s/it, -ELBO=1.2163, Potential Metric=0.1403, Entropy Metric=0.0349]

Epoch 80:  75%|███████▌  | 12/16 [00:06<00:02,  1.97it/s][A
Training Epochs:  40%|████      | 80/200 [08:54<16:23,  8.19s/it, -ELBO=1.1885, Potential Metric=0.1341, Entropy Metric=0.0337]

Epoch 80:  81%|████████▏ | 13/16 [00:06<00:01,  1.97it/s][A
Training Epochs:  40%|████      | 80/200 [08:55<16:23,  8.19s/it, -ELBO=1.1905, Potential Metric=0.1366, Entropy Metric=0.0333]

Epoch 80:  88%|████████▊ | 14/16 [00:07<00:01,  1.94it/s][A
Training Epochs:  40%|████      | 80/200 [08:55<16:23,  8.19s/it, -ELBO=1.2124, Potential Metric=0.1405, Entropy Metric=0.0351]

Epoch 80:  94%|█████████▍| 15/16 [00:07<00:00,  1.83it/s][A
Training Epochs:  40%|████      | 80/200 [08:56<16:23,  8.19s/it, -ELBO=1.1866, Potential Metric=0.1376, Entropy Metric=0.0335]

Epoch 80: 100%|██████████| 16/16 [00:08<00:00,  1.94it/s][A

                                                         [A
Training Epochs:  40%|████      | 81/200 [08:56<16:24,  8.28s/it, -ELBO=1.1866, Potential Metric=0.1376, Entropy Metric=0.0335]

Epoch 81:   0%|          | 0/16 [00:00<?, ?it/s][A
Training Epochs:  40%|████      | 81/200 [08:56<16:24,  8.28s/it, -ELBO=1.1990, Potential Metric=0.1290, Entropy Metric=0.0347]

Epoch 81:   6%|▋         | 1/16 [00:00<00:07,  1.96it/s][A
Training Epochs:  40%|████      | 81/200 [08:57<16:24,  8.28s/it, -ELBO=1.1882, Potential Metric=0.1272, Entropy Metric=0.0326]

Epoch 81:  12%|█▎        | 2/16 [00:00<00:06,  2.04it/s][A
Training Epochs:  40%|████      | 81/200 [08:57<16:24,  8.28s/it, -ELBO=1.1844, Potential Metric=0.1446, Entropy Metric=0.0328]

Epoch 81:  19%|█▉        | 3/16 [00:01<00:06,  2.02it/s][A
Training Epochs:  40%|████      | 81/200 [08:58<16:24,  8.28s/it, -ELBO=1.1812, Potential Metric=0.1418, Entropy Metric=0.0330]

Epoch 81:  25%|██▌       | 4/16 [00:01<00:05,  2.01it/s][A
Training Epochs:  40%|████      | 81/200 [08:58<16:24,  8.28s/it, -ELBO=1.2132, Potential Metric=0.1323, Entropy Metric=0.0318]

Epoch 81:  31%|███▏      | 5/16 [00:02<00:05,  1.95it/s][A
Training Epochs:  40%|████      | 81/200 [08:59<16:24,  8.28s/it, -ELBO=1.1525, Potential Metric=0.1583, Entropy Metric=0.0358]

Epoch 81:  38%|███▊      | 6/16 [00:03<00:05,  1.93it/s][A
Training Epochs:  40%|████      | 81/200 [08:59<16:24,  8.28s/it, -ELBO=1.1874, Potential Metric=0.1446, Entropy Metric=0.0333]

Epoch 81:  44%|████▍     | 7/16 [00:03<00:04,  1.95it/s][A
Training Epochs:  40%|████      | 81/200 [09:00<16:24,  8.28s/it, -ELBO=1.1589, Potential Metric=0.1462, Entropy Metric=0.0324]

Epoch 81:  50%|█████     | 8/16 [00:04<00:03,  2.01it/s][A
Training Epochs:  40%|████      | 81/200 [09:00<16:24,  8.28s/it, -ELBO=1.2034, Potential Metric=0.1484, Entropy Metric=0.0346]

Epoch 81:  56%|█████▋    | 9/16 [00:04<00:03,  1.94it/s][A
Training Epochs:  40%|████      | 81/200 [09:01<16:24,  8.28s/it, -ELBO=1.1992, Potential Metric=0.1455, Entropy Metric=0.0339]

Epoch 81:  62%|██████▎   | 10/16 [00:05<00:03,  1.98it/s][A
Training Epochs:  40%|████      | 81/200 [09:01<16:24,  8.28s/it, -ELBO=1.1874, Potential Metric=0.1376, Entropy Metric=0.0329]

Epoch 81:  69%|██████▉   | 11/16 [00:05<00:02,  1.97it/s][A
Training Epochs:  40%|████      | 81/200 [09:02<16:24,  8.28s/it, -ELBO=1.2028, Potential Metric=0.1324, Entropy Metric=0.0294]

Epoch 81:  75%|███████▌  | 12/16 [00:06<00:02,  1.97it/s][A
Training Epochs:  40%|████      | 81/200 [09:02<16:24,  8.28s/it, -ELBO=1.2085, Potential Metric=0.1325, Entropy Metric=0.0320]

Epoch 81:  81%|████████▏ | 13/16 [00:06<00:01,  1.95it/s][A
Training Epochs:  40%|████      | 81/200 [09:03<16:24,  8.28s/it, -ELBO=1.2053, Potential Metric=0.1430, Entropy Metric=0.0329]

Epoch 81:  88%|████████▊ | 14/16 [00:07<00:01,  1.93it/s][A
Training Epochs:  40%|████      | 81/200 [09:03<16:24,  8.28s/it, -ELBO=1.2069, Potential Metric=0.1442, Entropy Metric=0.0370]

Epoch 81:  94%|█████████▍| 15/16 [00:07<00:00,  1.95it/s][A
Training Epochs:  40%|████      | 81/200 [09:04<16:24,  8.28s/it, -ELBO=1.1848, Potential Metric=0.1493, Entropy Metric=0.0339]

Epoch 81: 100%|██████████| 16/16 [00:08<00:00,  1.94it/s][A

                                                         [A
Training Epochs:  41%|████      | 82/200 [09:04<16:13,  8.25s/it, -ELBO=1.1848, Potential Metric=0.1493, Entropy Metric=0.0339]

Epoch 82:   0%|          | 0/16 [00:00<?, ?it/s][A
Training Epochs:  41%|████      | 82/200 [09:04<16:13,  8.25s/it, -ELBO=1.2119, Potential Metric=0.1553, Entropy Metric=0.0353]

Epoch 82:   6%|▋         | 1/16 [00:00<00:07,  1.93it/s][A
Training Epochs:  41%|████      | 82/200 [09:05<16:13,  8.25s/it, -ELBO=1.1967, Potential Metric=0.1388, Entropy Metric=0.0347]

Epoch 82:  12%|█▎        | 2/16 [00:00<00:06,  2.04it/s][A
Training Epochs:  41%|████      | 82/200 [09:05<16:13,  8.25s/it, -ELBO=1.1587, Potential Metric=0.1345, Entropy Metric=0.0326]

Epoch 82:  19%|█▉        | 3/16 [00:01<00:06,  2.04it/s][A
Training Epochs:  41%|████      | 82/200 [09:06<16:13,  8.25s/it, -ELBO=1.1687, Potential Metric=0.1422, Entropy Metric=0.0338]

Epoch 82:  25%|██▌       | 4/16 [00:02<00:06,  1.98it/s][A
Training Epochs:  41%|████      | 82/200 [09:06<16:13,  8.25s/it, -ELBO=1.1831, Potential Metric=0.1340, Entropy Metric=0.0353]

Epoch 82:  31%|███▏      | 5/16 [00:02<00:05,  1.97it/s][A
Training Epochs:  41%|████      | 82/200 [09:07<16:13,  8.25s/it, -ELBO=1.1743, Potential Metric=0.1443, Entropy Metric=0.0352]

Epoch 82:  38%|███▊      | 6/16 [00:03<00:05,  1.96it/s][A
Training Epochs:  41%|████      | 82/200 [09:07<16:13,  8.25s/it, -ELBO=1.1677, Potential Metric=0.1546, Entropy Metric=0.0357]

Epoch 82:  44%|████▍     | 7/16 [00:03<00:04,  1.95it/s][A
Training Epochs:  41%|████      | 82/200 [09:08<16:13,  8.25s/it, -ELBO=1.1406, Potential Metric=0.1448, Entropy Metric=0.0349]

Epoch 82:  50%|█████     | 8/16 [00:04<00:04,  1.93it/s][A
Training Epochs:  41%|████      | 82/200 [09:08<16:13,  8.25s/it, -ELBO=1.2109, Potential Metric=0.1469, Entropy Metric=0.0370]

Epoch 82:  56%|█████▋    | 9/16 [00:04<00:03,  1.95it/s][A
Training Epochs:  41%|████      | 82/200 [09:09<16:13,  8.25s/it, -ELBO=1.1850, Potential Metric=0.1472, Entropy Metric=0.0349]

Epoch 82:  62%|██████▎   | 10/16 [00:05<00:03,  1.95it/s][A
Training Epochs:  41%|████      | 82/200 [09:10<16:13,  8.25s/it, -ELBO=1.1901, Potential Metric=0.1476, Entropy Metric=0.0373]

Epoch 82:  69%|██████▉   | 11/16 [00:05<00:02,  1.95it/s][A
Training Epochs:  41%|████      | 82/200 [09:10<16:13,  8.25s/it, -ELBO=1.1768, Potential Metric=0.1386, Entropy Metric=0.0341]

Epoch 82:  75%|███████▌  | 12/16 [00:06<00:01,  2.01it/s][A
Training Epochs:  41%|████      | 82/200 [09:11<16:13,  8.25s/it, -ELBO=1.1828, Potential Metric=0.1501, Entropy Metric=0.0353]

Epoch 82:  81%|████████▏ | 13/16 [00:06<00:01,  1.97it/s][A
Training Epochs:  41%|████      | 82/200 [09:11<16:13,  8.25s/it, -ELBO=1.2167, Potential Metric=0.1584, Entropy Metric=0.0387]

Epoch 82:  88%|████████▊ | 14/16 [00:07<00:01,  1.99it/s][A
Training Epochs:  41%|████      | 82/200 [09:11<16:13,  8.25s/it, -ELBO=1.2110, Potential Metric=0.1338, Entropy Metric=0.0322]

Epoch 82:  94%|█████████▍| 15/16 [00:07<00:00,  2.00it/s][A
Training Epochs:  41%|████      | 82/200 [09:12<16:13,  8.25s/it, -ELBO=1.1789, Potential Metric=0.1481, Entropy Metric=0.0352]

Epoch 82: 100%|██████████| 16/16 [00:08<00:00,  1.97it/s][A

                                                         [A
Training Epochs:  42%|████▏     | 83/200 [09:12<16:01,  8.22s/it, -ELBO=1.1789, Potential Metric=0.1481, Entropy Metric=0.0352]

Epoch 83:   0%|          | 0/16 [00:00<?, ?it/s][A
Training Epochs:  42%|████▏     | 83/200 [09:13<16:01,  8.22s/it, -ELBO=1.1676, Potential Metric=0.1574, Entropy Metric=0.0337]

Epoch 83:   6%|▋         | 1/16 [00:00<00:08,  1.85it/s][A
Training Epochs:  42%|████▏     | 83/200 [09:13<16:01,  8.22s/it, -ELBO=1.1821, Potential Metric=0.1452, Entropy Metric=0.0353]

Epoch 83:  12%|█▎        | 2/16 [00:01<00:07,  1.88it/s][A
Training Epochs:  42%|████▏     | 83/200 [09:14<16:01,  8.22s/it, -ELBO=1.2027, Potential Metric=0.1405, Entropy Metric=0.0325]

Epoch 83:  19%|█▉        | 3/16 [00:01<00:06,  1.94it/s][A
Training Epochs:  42%|████▏     | 83/200 [09:14<16:01,  8.22s/it, -ELBO=1.1854, Potential Metric=0.1470, Entropy Metric=0.0356]

Epoch 83:  25%|██▌       | 4/16 [00:02<00:06,  1.93it/s][A
Training Epochs:  42%|████▏     | 83/200 [09:15<16:01,  8.22s/it, -ELBO=1.1835, Potential Metric=0.1349, Entropy Metric=0.0342]

Epoch 83:  31%|███▏      | 5/16 [00:02<00:05,  1.89it/s][A
Training Epochs:  42%|████▏     | 83/200 [09:15<16:01,  8.22s/it, -ELBO=1.1983, Potential Metric=0.1416, Entropy Metric=0.0345]

Epoch 83:  38%|███▊      | 6/16 [00:03<00:05,  1.87it/s][A
Training Epochs:  42%|████▏     | 83/200 [09:16<16:01,  8.22s/it, -ELBO=1.1644, Potential Metric=0.1460, Entropy Metric=0.0348]

Epoch 83:  44%|████▍     | 7/16 [00:03<00:04,  1.87it/s][A
Training Epochs:  42%|████▏     | 83/200 [09:16<16:01,  8.22s/it, -ELBO=1.1907, Potential Metric=0.1264, Entropy Metric=0.0349]

Epoch 83:  50%|█████     | 8/16 [00:04<00:04,  1.91it/s][A
Training Epochs:  42%|████▏     | 83/200 [09:17<16:01,  8.22s/it, -ELBO=1.1899, Potential Metric=0.1438, Entropy Metric=0.0355]

Epoch 83:  56%|█████▋    | 9/16 [00:04<00:03,  1.90it/s][A
Training Epochs:  42%|████▏     | 83/200 [09:17<16:01,  8.22s/it, -ELBO=1.2002, Potential Metric=0.1479, Entropy Metric=0.0350]

Epoch 83:  62%|██████▎   | 10/16 [00:05<00:03,  1.95it/s][A
Training Epochs:  42%|████▏     | 83/200 [09:18<16:01,  8.22s/it, -ELBO=1.1545, Potential Metric=0.1534, Entropy Metric=0.0343]

Epoch 83:  69%|██████▉   | 11/16 [00:05<00:02,  1.92it/s][A
Training Epochs:  42%|████▏     | 83/200 [09:18<16:01,  8.22s/it, -ELBO=1.1652, Potential Metric=0.1391, Entropy Metric=0.0333]

Epoch 83:  75%|███████▌  | 12/16 [00:06<00:02,  1.93it/s][A
Training Epochs:  42%|████▏     | 83/200 [09:19<16:01,  8.22s/it, -ELBO=1.1744, Potential Metric=0.1524, Entropy Metric=0.0343]

Epoch 83:  81%|████████▏ | 13/16 [00:06<00:01,  2.03it/s][A
Training Epochs:  42%|████▏     | 83/200 [09:19<16:01,  8.22s/it, -ELBO=1.1494, Potential Metric=0.1539, Entropy Metric=0.0350]

Epoch 83:  88%|████████▊ | 14/16 [00:07<00:01,  1.88it/s][A
Training Epochs:  42%|████▏     | 83/200 [09:20<16:01,  8.22s/it, -ELBO=1.1851, Potential Metric=0.1337, Entropy Metric=0.0311]

Epoch 83:  94%|█████████▍| 15/16 [00:07<00:00,  1.98it/s][A
Training Epochs:  42%|████▏     | 83/200 [09:20<16:01,  8.22s/it, -ELBO=1.1766, Potential Metric=0.1392, Entropy Metric=0.0318]

Epoch 83: 100%|██████████| 16/16 [00:08<00:00,  2.02it/s][A

                                                         [A
Training Epochs:  42%|████▏     | 84/200 [09:20<15:57,  8.26s/it, -ELBO=1.1766, Potential Metric=0.1392, Entropy Metric=0.0318]

Epoch 84:   0%|          | 0/16 [00:00<?, ?it/s][A
Training Epochs:  42%|████▏     | 84/200 [09:21<15:57,  8.26s/it, -ELBO=1.1759, Potential Metric=0.1500, Entropy Metric=0.0367]

Epoch 84:   6%|▋         | 1/16 [00:00<00:08,  1.76it/s][A
Training Epochs:  42%|████▏     | 84/200 [09:21<15:57,  8.26s/it, -ELBO=1.1984, Potential Metric=0.1383, Entropy Metric=0.0346]

Epoch 84:  12%|█▎        | 2/16 [00:01<00:07,  1.88it/s][A
Training Epochs:  42%|████▏     | 84/200 [09:22<15:57,  8.26s/it, -ELBO=1.1802, Potential Metric=0.1433, Entropy Metric=0.0326]

Epoch 84:  19%|█▉        | 3/16 [00:01<00:06,  1.88it/s][A
Training Epochs:  42%|████▏     | 84/200 [09:23<15:57,  8.26s/it, -ELBO=1.1666, Potential Metric=0.1454, Entropy Metric=0.0353]

Epoch 84:  25%|██▌       | 4/16 [00:02<00:06,  1.97it/s][A
Training Epochs:  42%|████▏     | 84/200 [09:23<15:57,  8.26s/it, -ELBO=1.1842, Potential Metric=0.1516, Entropy Metric=0.0385]

Epoch 84:  31%|███▏      | 5/16 [00:02<00:05,  1.97it/s][A
Training Epochs:  42%|████▏     | 84/200 [09:24<15:57,  8.26s/it, -ELBO=1.1747, Potential Metric=0.1512, Entropy Metric=0.0358]

Epoch 84:  38%|███▊      | 6/16 [00:03<00:05,  1.94it/s][A
Training Epochs:  42%|████▏     | 84/200 [09:24<15:57,  8.26s/it, -ELBO=1.1848, Potential Metric=0.1479, Entropy Metric=0.0368]

Epoch 84:  44%|████▍     | 7/16 [00:03<00:04,  1.97it/s][A
Training Epochs:  42%|████▏     | 84/200 [09:24<15:57,  8.26s/it, -ELBO=1.1506, Potential Metric=0.1436, Entropy Metric=0.0348]

Epoch 84:  50%|█████     | 8/16 [00:04<00:03,  2.04it/s][A
Training Epochs:  42%|████▏     | 84/200 [09:25<15:57,  8.26s/it, -ELBO=1.1685, Potential Metric=0.1361, Entropy Metric=0.0363]

Epoch 84:  56%|█████▋    | 9/16 [00:04<00:03,  2.00it/s][A
Training Epochs:  42%|████▏     | 84/200 [09:26<15:57,  8.26s/it, -ELBO=1.1824, Potential Metric=0.1423, Entropy Metric=0.0358]

Epoch 84:  62%|██████▎   | 10/16 [00:05<00:03,  1.96it/s][A
Training Epochs:  42%|████▏     | 84/200 [09:26<15:57,  8.26s/it, -ELBO=1.1786, Potential Metric=0.1427, Entropy Metric=0.0383]

Epoch 84:  69%|██████▉   | 11/16 [00:05<00:02,  1.93it/s][A
Training Epochs:  42%|████▏     | 84/200 [09:26<15:57,  8.26s/it, -ELBO=1.1363, Potential Metric=0.1422, Entropy Metric=0.0363]

Epoch 84:  75%|███████▌  | 12/16 [00:06<00:01,  2.04it/s][A
Training Epochs:  42%|████▏     | 84/200 [09:27<15:57,  8.26s/it, -ELBO=1.1743, Potential Metric=0.1515, Entropy Metric=0.0375]

Epoch 84:  81%|████████▏ | 13/16 [00:06<00:01,  2.02it/s][A
Training Epochs:  42%|████▏     | 84/200 [09:27<15:57,  8.26s/it, -ELBO=1.1610, Potential Metric=0.1520, Entropy Metric=0.0372]

Epoch 84:  88%|████████▊ | 14/16 [00:07<00:00,  2.04it/s][A
Training Epochs:  42%|████▏     | 84/200 [09:28<15:57,  8.26s/it, -ELBO=1.1520, Potential Metric=0.1409, Entropy Metric=0.0373]

Epoch 84:  94%|█████████▍| 15/16 [00:07<00:00,  2.01it/s][A
Training Epochs:  42%|████▏     | 84/200 [09:28<15:57,  8.26s/it, -ELBO=1.1703, Potential Metric=0.1346, Entropy Metric=0.0339]

Epoch 84: 100%|██████████| 16/16 [00:08<00:00,  2.05it/s][A

                                                         [A
Training Epochs:  42%|████▎     | 85/200 [09:28<15:43,  8.21s/it, -ELBO=1.1703, Potential Metric=0.1346, Entropy Metric=0.0339]

Epoch 85:   0%|          | 0/16 [00:00<?, ?it/s][A
Training Epochs:  42%|████▎     | 85/200 [09:29<15:43,  8.21s/it, -ELBO=1.1518, Potential Metric=0.1324, Entropy Metric=0.0330]

Epoch 85:   6%|▋         | 1/16 [00:00<00:06,  2.16it/s][A
Training Epochs:  42%|████▎     | 85/200 [09:29<15:43,  8.21s/it, -ELBO=1.1751, Potential Metric=0.1411, Entropy Metric=0.0335]

Epoch 85:  12%|█▎        | 2/16 [00:00<00:06,  2.20it/s][A
Training Epochs:  42%|████▎     | 85/200 [09:30<15:43,  8.21s/it, -ELBO=1.1971, Potential Metric=0.1456, Entropy Metric=0.0368]

Epoch 85:  19%|█▉        | 3/16 [00:01<00:06,  2.04it/s][A
Training Epochs:  42%|████▎     | 85/200 [09:31<15:43,  8.21s/it, -ELBO=1.1593, Potential Metric=0.1526, Entropy Metric=0.0352]

Epoch 85:  25%|██▌       | 4/16 [00:01<00:06,  2.00it/s][A
Training Epochs:  42%|████▎     | 85/200 [09:31<15:43,  8.21s/it, -ELBO=1.1693, Potential Metric=0.1451, Entropy Metric=0.0331]

Epoch 85:  31%|███▏      | 5/16 [00:02<00:05,  1.96it/s][A
Training Epochs:  42%|████▎     | 85/200 [09:32<15:43,  8.21s/it, -ELBO=1.1633, Potential Metric=0.1393, Entropy Metric=0.0321]

Epoch 85:  38%|███▊      | 6/16 [00:02<00:05,  1.98it/s][A
Training Epochs:  42%|████▎     | 85/200 [09:32<15:43,  8.21s/it, -ELBO=1.1739, Potential Metric=0.1420, Entropy Metric=0.0338]

Epoch 85:  44%|████▍     | 7/16 [00:03<00:04,  1.95it/s][A
Training Epochs:  42%|████▎     | 85/200 [09:33<15:43,  8.21s/it, -ELBO=1.1550, Potential Metric=0.1468, Entropy Metric=0.0371]

Epoch 85:  50%|█████     | 8/16 [00:04<00:04,  1.93it/s][A
Training Epochs:  42%|████▎     | 85/200 [09:33<15:43,  8.21s/it, -ELBO=1.1870, Potential Metric=0.1488, Entropy Metric=0.0341]

Epoch 85:  56%|█████▋    | 9/16 [00:04<00:03,  1.97it/s][A
Training Epochs:  42%|████▎     | 85/200 [09:34<15:43,  8.21s/it, -ELBO=1.1354, Potential Metric=0.1540, Entropy Metric=0.0360]

Epoch 85:  62%|██████▎   | 10/16 [00:04<00:02,  2.02it/s][A
Training Epochs:  42%|████▎     | 85/200 [09:34<15:43,  8.21s/it, -ELBO=1.1635, Potential Metric=0.1453, Entropy Metric=0.0358]

Epoch 85:  69%|██████▉   | 11/16 [00:05<00:02,  2.01it/s][A
Training Epochs:  42%|████▎     | 85/200 [09:35<15:43,  8.21s/it, -ELBO=1.1454, Potential Metric=0.1332, Entropy Metric=0.0342]

Epoch 85:  75%|███████▌  | 12/16 [00:06<00:02,  1.98it/s][A
Training Epochs:  42%|████▎     | 85/200 [09:35<15:43,  8.21s/it, -ELBO=1.1786, Potential Metric=0.1268, Entropy Metric=0.0354]

Epoch 85:  81%|████████▏ | 13/16 [00:06<00:01,  2.00it/s][A
Training Epochs:  42%|████▎     | 85/200 [09:36<15:43,  8.21s/it, -ELBO=1.1722, Potential Metric=0.1463, Entropy Metric=0.0348]

Epoch 85:  88%|████████▊ | 14/16 [00:07<00:01,  1.93it/s][A
Training Epochs:  42%|████▎     | 85/200 [09:36<15:43,  8.21s/it, -ELBO=1.1526, Potential Metric=0.1385, Entropy Metric=0.0344]

Epoch 85:  94%|█████████▍| 15/16 [00:07<00:00,  1.94it/s][A
Training Epochs:  42%|████▎     | 85/200 [09:37<15:43,  8.21s/it, -ELBO=1.1838, Potential Metric=0.1399, Entropy Metric=0.0376]

Epoch 85: 100%|██████████| 16/16 [00:08<00:00,  1.97it/s][A

                                                         [A
Training Epochs:  43%|████▎     | 86/200 [09:37<15:33,  8.19s/it, -ELBO=1.1838, Potential Metric=0.1399, Entropy Metric=0.0376]

Epoch 86:   0%|          | 0/16 [00:00<?, ?it/s][A
Training Epochs:  43%|████▎     | 86/200 [09:37<15:33,  8.19s/it, -ELBO=1.1770, Potential Metric=0.1433, Entropy Metric=0.0333]

Epoch 86:   6%|▋         | 1/16 [00:00<00:08,  1.86it/s][A
Training Epochs:  43%|████▎     | 86/200 [09:38<15:33,  8.19s/it, -ELBO=1.1816, Potential Metric=0.1438, Entropy Metric=0.0365]

Epoch 86:  12%|█▎        | 2/16 [00:01<00:07,  1.90it/s][A
Training Epochs:  43%|████▎     | 86/200 [09:38<15:33,  8.19s/it, -ELBO=1.1187, Potential Metric=0.1526, Entropy Metric=0.0385]

Epoch 86:  19%|█▉        | 3/16 [00:01<00:06,  1.92it/s][A
Training Epochs:  43%|████▎     | 86/200 [09:39<15:33,  8.19s/it, -ELBO=1.1056, Potential Metric=0.1439, Entropy Metric=0.0354]

Epoch 86:  25%|██▌       | 4/16 [00:02<00:06,  1.95it/s][A
Training Epochs:  43%|████▎     | 86/200 [09:39<15:33,  8.19s/it, -ELBO=1.1495, Potential Metric=0.1312, Entropy Metric=0.0346]

Epoch 86:  31%|███▏      | 5/16 [00:02<00:05,  1.97it/s][A
Training Epochs:  43%|████▎     | 86/200 [09:40<15:33,  8.19s/it, -ELBO=1.1885, Potential Metric=0.1469, Entropy Metric=0.0359]

Epoch 86:  38%|███▊      | 6/16 [00:03<00:05,  1.95it/s][A
Training Epochs:  43%|████▎     | 86/200 [09:40<15:33,  8.19s/it, -ELBO=1.1845, Potential Metric=0.1320, Entropy Metric=0.0361]

Epoch 86:  44%|████▍     | 7/16 [00:03<00:04,  1.99it/s][A
Training Epochs:  43%|████▎     | 86/200 [09:41<15:33,  8.19s/it, -ELBO=1.1867, Potential Metric=0.1346, Entropy Metric=0.0369]

Epoch 86:  50%|█████     | 8/16 [00:04<00:04,  1.95it/s][A
Training Epochs:  43%|████▎     | 86/200 [09:41<15:33,  8.19s/it, -ELBO=1.1505, Potential Metric=0.1465, Entropy Metric=0.0385]

Epoch 86:  56%|█████▋    | 9/16 [00:04<00:03,  1.95it/s][A
Training Epochs:  43%|████▎     | 86/200 [09:42<15:33,  8.19s/it, -ELBO=1.1656, Potential Metric=0.1416, Entropy Metric=0.0386]

Epoch 86:  62%|██████▎   | 10/16 [00:05<00:03,  1.90it/s][A
Training Epochs:  43%|████▎     | 86/200 [09:42<15:33,  8.19s/it, -ELBO=1.1259, Potential Metric=0.1587, Entropy Metric=0.0404]

Epoch 86:  69%|██████▉   | 11/16 [00:05<00:02,  1.94it/s][A
Training Epochs:  43%|████▎     | 86/200 [09:43<15:33,  8.19s/it, -ELBO=1.1379, Potential Metric=0.1498, Entropy Metric=0.0391]

Epoch 86:  75%|███████▌  | 12/16 [00:06<00:02,  1.93it/s][A
Training Epochs:  43%|████▎     | 86/200 [09:43<15:33,  8.19s/it, -ELBO=1.1766, Potential Metric=0.1496, Entropy Metric=0.0393]

Epoch 86:  81%|████████▏ | 13/16 [00:06<00:01,  1.96it/s][A
Training Epochs:  43%|████▎     | 86/200 [09:44<15:33,  8.19s/it, -ELBO=1.1451, Potential Metric=0.1382, Entropy Metric=0.0323]

Epoch 86:  88%|████████▊ | 14/16 [00:07<00:01,  1.97it/s][A
Training Epochs:  43%|████▎     | 86/200 [09:44<15:33,  8.19s/it, -ELBO=1.1845, Potential Metric=0.1310, Entropy Metric=0.0355]

Epoch 86:  94%|█████████▍| 15/16 [00:07<00:00,  1.86it/s][A
Training Epochs:  43%|████▎     | 86/200 [09:45<15:33,  8.19s/it, -ELBO=1.1940, Potential Metric=0.1319, Entropy Metric=0.0347]

Epoch 86: 100%|██████████| 16/16 [00:08<00:00,  1.85it/s][A

                                                         [A
Training Epochs:  44%|████▎     | 87/200 [09:45<15:31,  8.24s/it, -ELBO=1.1940, Potential Metric=0.1319, Entropy Metric=0.0347]

Epoch 87:   0%|          | 0/16 [00:00<?, ?it/s][A
Training Epochs:  44%|████▎     | 87/200 [09:46<15:31,  8.24s/it, -ELBO=1.1470, Potential Metric=0.1350, Entropy Metric=0.0342]

Epoch 87:   6%|▋         | 1/16 [00:00<00:09,  1.61it/s][A
Training Epochs:  44%|████▎     | 87/200 [09:46<15:31,  8.24s/it, -ELBO=1.1588, Potential Metric=0.1363, Entropy Metric=0.0354]

Epoch 87:  12%|█▎        | 2/16 [00:01<00:08,  1.74it/s][A
Training Epochs:  44%|████▎     | 87/200 [09:47<15:31,  8.24s/it, -ELBO=1.1460, Potential Metric=0.1367, Entropy Metric=0.0353]

Epoch 87:  19%|█▉        | 3/16 [00:01<00:07,  1.76it/s][A
Training Epochs:  44%|████▎     | 87/200 [09:47<15:31,  8.24s/it, -ELBO=1.1571, Potential Metric=0.1387, Entropy Metric=0.0338]

Epoch 87:  25%|██▌       | 4/16 [00:02<00:06,  1.72it/s][A
Training Epochs:  44%|████▎     | 87/200 [09:48<15:31,  8.24s/it, -ELBO=1.1783, Potential Metric=0.1299, Entropy Metric=0.0320]

Epoch 87:  31%|███▏      | 5/16 [00:02<00:05,  1.84it/s][A
Training Epochs:  44%|████▎     | 87/200 [09:48<15:31,  8.24s/it, -ELBO=1.1419, Potential Metric=0.1465, Entropy Metric=0.0386]

Epoch 87:  38%|███▊      | 6/16 [00:03<00:05,  1.88it/s][A
Training Epochs:  44%|████▎     | 87/200 [09:49<15:31,  8.24s/it, -ELBO=1.1539, Potential Metric=0.1454, Entropy Metric=0.0370]

Epoch 87:  44%|████▍     | 7/16 [00:03<00:04,  1.95it/s][A
Training Epochs:  44%|████▎     | 87/200 [09:49<15:31,  8.24s/it, -ELBO=1.1544, Potential Metric=0.1341, Entropy Metric=0.0365]

Epoch 87:  50%|█████     | 8/16 [00:04<00:03,  2.10it/s][A
Training Epochs:  44%|████▎     | 87/200 [09:50<15:31,  8.24s/it, -ELBO=1.1497, Potential Metric=0.1447, Entropy Metric=0.0370]

Epoch 87:  56%|█████▋    | 9/16 [00:04<00:03,  2.10it/s][A
Training Epochs:  44%|████▎     | 87/200 [09:50<15:31,  8.24s/it, -ELBO=1.1362, Potential Metric=0.1301, Entropy Metric=0.0353]

Epoch 87:  62%|██████▎   | 10/16 [00:05<00:02,  2.03it/s][A
Training Epochs:  44%|████▎     | 87/200 [09:51<15:31,  8.24s/it, -ELBO=1.1723, Potential Metric=0.1323, Entropy Metric=0.0331]

Epoch 87:  69%|██████▉   | 11/16 [00:05<00:02,  1.97it/s][A
Training Epochs:  44%|████▎     | 87/200 [09:51<15:31,  8.24s/it, -ELBO=1.1552, Potential Metric=0.1465, Entropy Metric=0.0400]

Epoch 87:  75%|███████▌  | 12/16 [00:06<00:02,  1.87it/s][A
Training Epochs:  44%|████▎     | 87/200 [09:52<15:31,  8.24s/it, -ELBO=1.1662, Potential Metric=0.1566, Entropy Metric=0.0386]

Epoch 87:  81%|████████▏ | 13/16 [00:06<00:01,  1.83it/s][A
Training Epochs:  44%|████▎     | 87/200 [09:52<15:31,  8.24s/it, -ELBO=1.1832, Potential Metric=0.1231, Entropy Metric=0.0336]

Epoch 87:  88%|████████▊ | 14/16 [00:07<00:01,  1.83it/s][A
Training Epochs:  44%|████▎     | 87/200 [09:53<15:31,  8.24s/it, -ELBO=1.1411, Potential Metric=0.1407, Entropy Metric=0.0356]

Epoch 87:  94%|█████████▍| 15/16 [00:07<00:00,  1.87it/s][A
Training Epochs:  44%|████▎     | 87/200 [09:54<15:31,  8.24s/it, -ELBO=1.1218, Potential Metric=0.1526, Entropy Metric=0.0341]

Epoch 87: 100%|██████████| 16/16 [00:08<00:00,  1.90it/s][A

                                                         [A
Training Epochs:  44%|████▍     | 88/200 [09:54<15:32,  8.33s/it, -ELBO=1.1218, Potential Metric=0.1526, Entropy Metric=0.0341]

Epoch 88:   0%|          | 0/16 [00:00<?, ?it/s][A
Training Epochs:  44%|████▍     | 88/200 [09:54<15:32,  8.33s/it, -ELBO=1.1334, Potential Metric=0.1393, Entropy Metric=0.0359]

Epoch 88:   6%|▋         | 1/16 [00:00<00:08,  1.74it/s][A
Training Epochs:  44%|████▍     | 88/200 [09:55<15:32,  8.33s/it, -ELBO=1.1708, Potential Metric=0.1441, Entropy Metric=0.0364]

Epoch 88:  12%|█▎        | 2/16 [00:01<00:07,  1.88it/s][A
Training Epochs:  44%|████▍     | 88/200 [09:55<15:32,  8.33s/it, -ELBO=1.1582, Potential Metric=0.1309, Entropy Metric=0.0330]

Epoch 88:  19%|█▉        | 3/16 [00:01<00:06,  1.89it/s][A
Training Epochs:  44%|████▍     | 88/200 [09:56<15:32,  8.33s/it, -ELBO=1.1619, Potential Metric=0.1389, Entropy Metric=0.0353]

Epoch 88:  25%|██▌       | 4/16 [00:02<00:06,  1.92it/s][A
Training Epochs:  44%|████▍     | 88/200 [09:56<15:32,  8.33s/it, -ELBO=1.1302, Potential Metric=0.1394, Entropy Metric=0.0324]

Epoch 88:  31%|███▏      | 5/16 [00:02<00:05,  1.87it/s][A
Training Epochs:  44%|████▍     | 88/200 [09:57<15:32,  8.33s/it, -ELBO=1.1686, Potential Metric=0.1251, Entropy Metric=0.0306]

Epoch 88:  38%|███▊      | 6/16 [00:03<00:05,  1.87it/s][A
Training Epochs:  44%|████▍     | 88/200 [09:57<15:32,  8.33s/it, -ELBO=1.1477, Potential Metric=0.1464, Entropy Metric=0.0364]

Epoch 88:  44%|████▍     | 7/16 [00:03<00:04,  1.93it/s][A
Training Epochs:  44%|████▍     | 88/200 [09:58<15:32,  8.33s/it, -ELBO=1.1242, Potential Metric=0.1460, Entropy Metric=0.0340]

Epoch 88:  50%|█████     | 8/16 [00:04<00:04,  1.93it/s][A
Training Epochs:  44%|████▍     | 88/200 [09:58<15:32,  8.33s/it, -ELBO=1.1413, Potential Metric=0.1469, Entropy Metric=0.0361]

Epoch 88:  56%|█████▋    | 9/16 [00:04<00:03,  2.01it/s][A
Training Epochs:  44%|████▍     | 88/200 [09:59<15:32,  8.33s/it, -ELBO=1.1343, Potential Metric=0.1333, Entropy Metric=0.0328]

Epoch 88:  62%|██████▎   | 10/16 [00:05<00:02,  2.01it/s][A
Training Epochs:  44%|████▍     | 88/200 [09:59<15:32,  8.33s/it, -ELBO=1.1562, Potential Metric=0.1461, Entropy Metric=0.0349]

Epoch 88:  69%|██████▉   | 11/16 [00:05<00:02,  1.91it/s][A
Training Epochs:  44%|████▍     | 88/200 [10:00<15:32,  8.33s/it, -ELBO=1.1251, Potential Metric=0.1426, Entropy Metric=0.0335]

Epoch 88:  75%|███████▌  | 12/16 [00:06<00:02,  1.90it/s][A
Training Epochs:  44%|████▍     | 88/200 [10:00<15:32,  8.33s/it, -ELBO=1.1394, Potential Metric=0.1362, Entropy Metric=0.0330]

Epoch 88:  81%|████████▏ | 13/16 [00:06<00:01,  1.93it/s][A
Training Epochs:  44%|████▍     | 88/200 [10:01<15:32,  8.33s/it, -ELBO=1.1633, Potential Metric=0.1421, Entropy Metric=0.0352]

Epoch 88:  88%|████████▊ | 14/16 [00:07<00:01,  1.91it/s][A
Training Epochs:  44%|████▍     | 88/200 [10:01<15:32,  8.33s/it, -ELBO=1.1755, Potential Metric=0.1472, Entropy Metric=0.0376]

Epoch 88:  94%|█████████▍| 15/16 [00:07<00:00,  1.86it/s][A
Training Epochs:  44%|████▍     | 88/200 [10:02<15:32,  8.33s/it, -ELBO=1.1223, Potential Metric=0.1461, Entropy Metric=0.0336]

Epoch 88: 100%|██████████| 16/16 [00:08<00:00,  1.84it/s][A

                                                         [A
Training Epochs:  44%|████▍     | 89/200 [10:02<15:29,  8.38s/it, -ELBO=1.1223, Potential Metric=0.1461, Entropy Metric=0.0336]

Epoch 89:   0%|          | 0/16 [00:00<?, ?it/s][A
Training Epochs:  44%|████▍     | 89/200 [10:03<15:29,  8.38s/it, -ELBO=1.1773, Potential Metric=0.1458, Entropy Metric=0.0375]

Epoch 89:   6%|▋         | 1/16 [00:00<00:08,  1.85it/s][A
Training Epochs:  44%|████▍     | 89/200 [10:03<15:29,  8.38s/it, -ELBO=1.1362, Potential Metric=0.1537, Entropy Metric=0.0363]

Epoch 89:  12%|█▎        | 2/16 [00:01<00:07,  1.94it/s][A
Training Epochs:  44%|████▍     | 89/200 [10:04<15:29,  8.38s/it, -ELBO=1.1639, Potential Metric=0.1439, Entropy Metric=0.0374]

Epoch 89:  19%|█▉        | 3/16 [00:01<00:06,  1.99it/s][A
Training Epochs:  44%|████▍     | 89/200 [10:04<15:29,  8.38s/it, -ELBO=1.1346, Potential Metric=0.1379, Entropy Metric=0.0351]

Epoch 89:  25%|██▌       | 4/16 [00:02<00:06,  1.87it/s][A
Training Epochs:  44%|████▍     | 89/200 [10:05<15:29,  8.38s/it, -ELBO=1.1166, Potential Metric=0.1408, Entropy Metric=0.0371]

Epoch 89:  31%|███▏      | 5/16 [00:02<00:05,  1.89it/s][A
Training Epochs:  44%|████▍     | 89/200 [10:05<15:29,  8.38s/it, -ELBO=1.1528, Potential Metric=0.1337, Entropy Metric=0.0353]

Epoch 89:  38%|███▊      | 6/16 [00:03<00:05,  1.99it/s][A
Training Epochs:  44%|████▍     | 89/200 [10:06<15:29,  8.38s/it, -ELBO=1.1354, Potential Metric=0.1462, Entropy Metric=0.0380]

Epoch 89:  44%|████▍     | 7/16 [00:03<00:04,  2.01it/s][A
Training Epochs:  44%|████▍     | 89/200 [10:06<15:29,  8.38s/it, -ELBO=1.1084, Potential Metric=0.1520, Entropy Metric=0.0365]

Epoch 89:  50%|█████     | 8/16 [00:04<00:04,  1.96it/s][A
Training Epochs:  44%|████▍     | 89/200 [10:07<15:29,  8.38s/it, -ELBO=1.1387, Potential Metric=0.1451, Entropy Metric=0.0379]

Epoch 89:  56%|█████▋    | 9/16 [00:04<00:03,  1.93it/s][A
Training Epochs:  44%|████▍     | 89/200 [10:07<15:29,  8.38s/it, -ELBO=1.1458, Potential Metric=0.1357, Entropy Metric=0.0353]

Epoch 89:  62%|██████▎   | 10/16 [00:05<00:03,  1.97it/s][A
Training Epochs:  44%|████▍     | 89/200 [10:08<15:29,  8.38s/it, -ELBO=1.1851, Potential Metric=0.1432, Entropy Metric=0.0377]

Epoch 89:  69%|██████▉   | 11/16 [00:05<00:02,  1.97it/s][A
Training Epochs:  44%|████▍     | 89/200 [10:08<15:29,  8.38s/it, -ELBO=1.1243, Potential Metric=0.1491, Entropy Metric=0.0370]

Epoch 89:  75%|███████▌  | 12/16 [00:06<00:02,  1.79it/s][A
Training Epochs:  44%|████▍     | 89/200 [10:09<15:29,  8.38s/it, -ELBO=1.1475, Potential Metric=0.1536, Entropy Metric=0.0360]

Epoch 89:  81%|████████▏ | 13/16 [00:06<00:01,  1.80it/s][A
Training Epochs:  44%|████▍     | 89/200 [10:09<15:29,  8.38s/it, -ELBO=1.1468, Potential Metric=0.1441, Entropy Metric=0.0370]

Epoch 89:  88%|████████▊ | 14/16 [00:07<00:01,  1.86it/s][A
Training Epochs:  44%|████▍     | 89/200 [10:10<15:29,  8.38s/it, -ELBO=1.1262, Potential Metric=0.1446, Entropy Metric=0.0353]

Epoch 89:  94%|█████████▍| 15/16 [00:07<00:00,  1.85it/s][A
Training Epochs:  44%|████▍     | 89/200 [10:10<15:29,  8.38s/it, -ELBO=1.1238, Potential Metric=0.1508, Entropy Metric=0.0387]

Epoch 89: 100%|██████████| 16/16 [00:08<00:00,  1.90it/s][A

                                                         [A
Training Epochs:  45%|████▌     | 90/200 [10:10<15:25,  8.41s/it, -ELBO=1.1238, Potential Metric=0.1508, Entropy Metric=0.0387]

Epoch 90:   0%|          | 0/16 [00:00<?, ?it/s][A
Training Epochs:  45%|████▌     | 90/200 [10:11<15:25,  8.41s/it, -ELBO=1.1633, Potential Metric=0.1348, Entropy Metric=0.0377]

Epoch 90:   6%|▋         | 1/16 [00:00<00:08,  1.81it/s][A
Training Epochs:  45%|████▌     | 90/200 [10:12<15:25,  8.41s/it, -ELBO=1.1091, Potential Metric=0.1524, Entropy Metric=0.0388]

Epoch 90:  12%|█▎        | 2/16 [00:01<00:07,  1.86it/s][A
Training Epochs:  45%|████▌     | 90/200 [10:12<15:25,  8.41s/it, -ELBO=1.1447, Potential Metric=0.1406, Entropy Metric=0.0371]

Epoch 90:  19%|█▉        | 3/16 [00:01<00:06,  1.89it/s][A
Training Epochs:  45%|████▌     | 90/200 [10:13<15:25,  8.41s/it, -ELBO=1.1032, Potential Metric=0.1418, Entropy Metric=0.0368]

Epoch 90:  25%|██▌       | 4/16 [00:02<00:06,  1.86it/s][A
Training Epochs:  45%|████▌     | 90/200 [10:13<15:25,  8.41s/it, -ELBO=1.1550, Potential Metric=0.1375, Entropy Metric=0.0368]

Epoch 90:  31%|███▏      | 5/16 [00:02<00:05,  1.94it/s][A
Training Epochs:  45%|████▌     | 90/200 [10:14<15:25,  8.41s/it, -ELBO=1.1044, Potential Metric=0.1566, Entropy Metric=0.0372]

Epoch 90:  38%|███▊      | 6/16 [00:03<00:04,  2.01it/s][A
Training Epochs:  45%|████▌     | 90/200 [10:14<15:25,  8.41s/it, -ELBO=1.1172, Potential Metric=0.1490, Entropy Metric=0.0362]

Epoch 90:  44%|████▍     | 7/16 [00:03<00:04,  1.97it/s][A
Training Epochs:  45%|████▌     | 90/200 [10:15<15:25,  8.41s/it, -ELBO=1.0958, Potential Metric=0.1477, Entropy Metric=0.0355]

Epoch 90:  50%|█████     | 8/16 [00:04<00:04,  1.99it/s][A
Training Epochs:  45%|████▌     | 90/200 [10:15<15:25,  8.41s/it, -ELBO=1.1470, Potential Metric=0.1465, Entropy Metric=0.0320]

Epoch 90:  56%|█████▋    | 9/16 [00:04<00:03,  2.02it/s][A
Training Epochs:  45%|████▌     | 90/200 [10:16<15:25,  8.41s/it, -ELBO=1.1173, Potential Metric=0.1510, Entropy Metric=0.0339]

Epoch 90:  62%|██████▎   | 10/16 [00:05<00:03,  1.92it/s][A
Training Epochs:  45%|████▌     | 90/200 [10:16<15:25,  8.41s/it, -ELBO=1.1550, Potential Metric=0.1543, Entropy Metric=0.0376]

Epoch 90:  69%|██████▉   | 11/16 [00:05<00:02,  1.91it/s][A
Training Epochs:  45%|████▌     | 90/200 [10:17<15:25,  8.41s/it, -ELBO=1.1499, Potential Metric=0.1441, Entropy Metric=0.0331]

Epoch 90:  75%|███████▌  | 12/16 [00:06<00:02,  1.85it/s][A
Training Epochs:  45%|████▌     | 90/200 [10:17<15:25,  8.41s/it, -ELBO=1.1535, Potential Metric=0.1280, Entropy Metric=0.0328]

Epoch 90:  81%|████████▏ | 13/16 [00:06<00:01,  1.86it/s][A
Training Epochs:  45%|████▌     | 90/200 [10:18<15:25,  8.41s/it, -ELBO=1.1290, Potential Metric=0.1370, Entropy Metric=0.0358]

Epoch 90:  88%|████████▊ | 14/16 [00:07<00:01,  1.83it/s][A
Training Epochs:  45%|████▌     | 90/200 [10:19<15:25,  8.41s/it, -ELBO=1.1361, Potential Metric=0.1369, Entropy Metric=0.0374]

Epoch 90:  94%|█████████▍| 15/16 [00:07<00:00,  1.85it/s][A
Training Epochs:  45%|████▌     | 90/200 [10:19<15:25,  8.41s/it, -ELBO=1.1503, Potential Metric=0.1418, Entropy Metric=0.0378]

Epoch 90: 100%|██████████| 16/16 [00:08<00:00,  1.87it/s][A

                                                         [A
Training Epochs:  46%|████▌     | 91/200 [10:19<15:21,  8.45s/it, -ELBO=1.1503, Potential Metric=0.1418, Entropy Metric=0.0378]

Epoch 91:   0%|          | 0/16 [00:00<?, ?it/s][A
Training Epochs:  46%|████▌     | 91/200 [10:20<15:21,  8.45s/it, -ELBO=1.1289, Potential Metric=0.1360, Entropy Metric=0.0368]

Epoch 91:   6%|▋         | 1/16 [00:00<00:09,  1.62it/s][A
Training Epochs:  46%|████▌     | 91/200 [10:20<15:21,  8.45s/it, -ELBO=1.1367, Potential Metric=0.1375, Entropy Metric=0.0358]

Epoch 91:  12%|█▎        | 2/16 [00:01<00:08,  1.68it/s][A
Training Epochs:  46%|████▌     | 91/200 [10:21<15:21,  8.45s/it, -ELBO=1.1353, Potential Metric=0.1387, Entropy Metric=0.0358]

Epoch 91:  19%|█▉        | 3/16 [00:01<00:07,  1.85it/s][A
Training Epochs:  46%|████▌     | 91/200 [10:21<15:21,  8.45s/it, -ELBO=1.1451, Potential Metric=0.1395, Entropy Metric=0.0351]

Epoch 91:  25%|██▌       | 4/16 [00:02<00:06,  1.80it/s][A
Training Epochs:  46%|████▌     | 91/200 [10:22<15:21,  8.45s/it, -ELBO=1.0991, Potential Metric=0.1447, Entropy Metric=0.0350]

Epoch 91:  31%|███▏      | 5/16 [00:02<00:06,  1.81it/s][A
Training Epochs:  46%|████▌     | 91/200 [10:22<15:21,  8.45s/it, -ELBO=1.1459, Potential Metric=0.1376, Entropy Metric=0.0336]

Epoch 91:  38%|███▊      | 6/16 [00:03<00:05,  1.78it/s][A
Training Epochs:  46%|████▌     | 91/200 [10:23<15:21,  8.45s/it, -ELBO=1.0953, Potential Metric=0.1379, Entropy Metric=0.0347]

Epoch 91:  44%|████▍     | 7/16 [00:03<00:05,  1.77it/s][A
Training Epochs:  46%|████▌     | 91/200 [10:24<15:21,  8.45s/it, -ELBO=1.1180, Potential Metric=0.1490, Entropy Metric=0.0350]

Epoch 91:  50%|█████     | 8/16 [00:04<00:04,  1.81it/s][A
Training Epochs:  46%|████▌     | 91/200 [10:24<15:21,  8.45s/it, -ELBO=1.1245, Potential Metric=0.1427, Entropy Metric=0.0341]

Epoch 91:  56%|█████▋    | 9/16 [00:05<00:03,  1.76it/s][A
Training Epochs:  46%|████▌     | 91/200 [10:25<15:21,  8.45s/it, -ELBO=1.1193, Potential Metric=0.1563, Entropy Metric=0.0354]

Epoch 91:  62%|██████▎   | 10/16 [00:05<00:03,  1.76it/s][A
Training Epochs:  46%|████▌     | 91/200 [10:25<15:21,  8.45s/it, -ELBO=1.1169, Potential Metric=0.1419, Entropy Metric=0.0355]

Epoch 91:  69%|██████▉   | 11/16 [00:06<00:02,  1.81it/s][A
Training Epochs:  46%|████▌     | 91/200 [10:26<15:21,  8.45s/it, -ELBO=1.1605, Potential Metric=0.1440, Entropy Metric=0.0420]

Epoch 91:  75%|███████▌  | 12/16 [00:06<00:02,  1.81it/s][A
Training Epochs:  46%|████▌     | 91/200 [10:26<15:21,  8.45s/it, -ELBO=1.1381, Potential Metric=0.1483, Entropy Metric=0.0424]

Epoch 91:  81%|████████▏ | 13/16 [00:07<00:01,  1.79it/s][A
Training Epochs:  46%|████▌     | 91/200 [10:27<15:21,  8.45s/it, -ELBO=1.1447, Potential Metric=0.1350, Entropy Metric=0.0354]

Epoch 91:  88%|████████▊ | 14/16 [00:07<00:01,  1.77it/s][A
Training Epochs:  46%|████▌     | 91/200 [10:28<15:21,  8.45s/it, -ELBO=1.1317, Potential Metric=0.1460, Entropy Metric=0.0382]

Epoch 91:  94%|█████████▍| 15/16 [00:08<00:00,  1.77it/s][A
Training Epochs:  46%|████▌     | 91/200 [10:28<15:21,  8.45s/it, -ELBO=1.1012, Potential Metric=0.1563, Entropy Metric=0.0410]

Epoch 91: 100%|██████████| 16/16 [00:09<00:00,  1.76it/s][A

                                                         [A
Training Epochs:  46%|████▌     | 92/200 [10:28<15:32,  8.63s/it, -ELBO=1.1012, Potential Metric=0.1563, Entropy Metric=0.0410]

Epoch 92:   0%|          | 0/16 [00:00<?, ?it/s][A
Training Epochs:  46%|████▌     | 92/200 [10:29<15:32,  8.63s/it, -ELBO=1.1172, Potential Metric=0.1545, Entropy Metric=0.0393]

Epoch 92:   6%|▋         | 1/16 [00:00<00:09,  1.66it/s][A
Training Epochs:  46%|████▌     | 92/200 [10:29<15:32,  8.63s/it, -ELBO=1.1702, Potential Metric=0.1324, Entropy Metric=0.0375]

Epoch 92:  12%|█▎        | 2/16 [00:01<00:07,  1.75it/s][A
Training Epochs:  46%|████▌     | 92/200 [10:30<15:32,  8.63s/it, -ELBO=1.1184, Potential Metric=0.1478, Entropy Metric=0.0372]

Epoch 92:  19%|█▉        | 3/16 [00:01<00:07,  1.79it/s][A
Training Epochs:  46%|████▌     | 92/200 [10:30<15:32,  8.63s/it, -ELBO=1.0900, Potential Metric=0.1461, Entropy Metric=0.0349]

Epoch 92:  25%|██▌       | 4/16 [00:02<00:06,  1.84it/s][A
Training Epochs:  46%|████▌     | 92/200 [10:31<15:32,  8.63s/it, -ELBO=1.1330, Potential Metric=0.1439, Entropy Metric=0.0381]

Epoch 92:  31%|███▏      | 5/16 [00:02<00:05,  1.88it/s][A
Training Epochs:  46%|████▌     | 92/200 [10:31<15:32,  8.63s/it, -ELBO=1.0932, Potential Metric=0.1459, Entropy Metric=0.0379]

Epoch 92:  38%|███▊      | 6/16 [00:03<00:05,  1.90it/s][A
Training Epochs:  46%|████▌     | 92/200 [10:32<15:32,  8.63s/it, -ELBO=1.0984, Potential Metric=0.1474, Entropy Metric=0.0400]

Epoch 92:  44%|████▍     | 7/16 [00:03<00:04,  1.90it/s][A
Training Epochs:  46%|████▌     | 92/200 [10:33<15:32,  8.63s/it, -ELBO=1.1322, Potential Metric=0.1502, Entropy Metric=0.0392]

Epoch 92:  50%|█████     | 8/16 [00:04<00:04,  1.70it/s][A
Training Epochs:  46%|████▌     | 92/200 [10:33<15:32,  8.63s/it, -ELBO=1.1330, Potential Metric=0.1330, Entropy Metric=0.0375]

Epoch 92:  56%|█████▋    | 9/16 [00:05<00:04,  1.73it/s][A
Training Epochs:  46%|████▌     | 92/200 [10:34<15:32,  8.63s/it, -ELBO=1.1058, Potential Metric=0.1637, Entropy Metric=0.0451]

Epoch 92:  62%|██████▎   | 10/16 [00:05<00:03,  1.72it/s][A
Training Epochs:  46%|████▌     | 92/200 [10:34<15:32,  8.63s/it, -ELBO=1.1693, Potential Metric=0.1421, Entropy Metric=0.0394]

Epoch 92:  69%|██████▉   | 11/16 [00:06<00:02,  1.78it/s][A
Training Epochs:  46%|████▌     | 92/200 [10:35<15:32,  8.63s/it, -ELBO=1.1208, Potential Metric=0.1546, Entropy Metric=0.0392]

Epoch 92:  75%|███████▌  | 12/16 [00:06<00:02,  1.79it/s][A
Training Epochs:  46%|████▌     | 92/200 [10:35<15:32,  8.63s/it, -ELBO=1.1442, Potential Metric=0.1454, Entropy Metric=0.0409]

Epoch 92:  81%|████████▏ | 13/16 [00:07<00:01,  1.86it/s][A
Training Epochs:  46%|████▌     | 92/200 [10:36<15:32,  8.63s/it, -ELBO=1.1068, Potential Metric=0.1528, Entropy Metric=0.0394]

Epoch 92:  88%|████████▊ | 14/16 [00:07<00:01,  1.86it/s][A
Training Epochs:  46%|████▌     | 92/200 [10:36<15:32,  8.63s/it, -ELBO=1.1094, Potential Metric=0.1446, Entropy Metric=0.0363]

Epoch 92:  94%|█████████▍| 15/16 [00:08<00:00,  1.82it/s][A
Training Epochs:  46%|████▌     | 92/200 [10:37<15:32,  8.63s/it, -ELBO=1.1151, Potential Metric=0.1438, Entropy Metric=0.0386]

Epoch 92: 100%|██████████| 16/16 [00:08<00:00,  1.88it/s][A

                                                         [A
Training Epochs:  46%|████▋     | 93/200 [10:37<15:30,  8.69s/it, -ELBO=1.1151, Potential Metric=0.1438, Entropy Metric=0.0386]

Epoch 93:   0%|          | 0/16 [00:00<?, ?it/s][A
Training Epochs:  46%|████▋     | 93/200 [10:38<15:30,  8.69s/it, -ELBO=1.1283, Potential Metric=0.1417, Entropy Metric=0.0363]

Epoch 93:   6%|▋         | 1/16 [00:00<00:07,  1.91it/s][A
Training Epochs:  46%|████▋     | 93/200 [10:38<15:30,  8.69s/it, -ELBO=1.0971, Potential Metric=0.1527, Entropy Metric=0.0373]

Epoch 93:  12%|█▎        | 2/16 [00:01<00:06,  2.00it/s][A
Training Epochs:  46%|████▋     | 93/200 [10:39<15:30,  8.69s/it, -ELBO=1.1216, Potential Metric=0.1427, Entropy Metric=0.0373]

Epoch 93:  19%|█▉        | 3/16 [00:01<00:06,  1.89it/s][A
Training Epochs:  46%|████▋     | 93/200 [10:39<15:30,  8.69s/it, -ELBO=1.1097, Potential Metric=0.1509, Entropy Metric=0.0366]

Epoch 93:  25%|██▌       | 4/16 [00:02<00:06,  1.91it/s][A
Training Epochs:  46%|████▋     | 93/200 [10:40<15:30,  8.69s/it, -ELBO=1.1001, Potential Metric=0.1497, Entropy Metric=0.0344]

Epoch 93:  31%|███▏      | 5/16 [00:02<00:05,  1.90it/s][A
Training Epochs:  46%|████▋     | 93/200 [10:40<15:30,  8.69s/it, -ELBO=1.1054, Potential Metric=0.1515, Entropy Metric=0.0352]

Epoch 93:  38%|███▊      | 6/16 [00:03<00:05,  1.92it/s][A
Training Epochs:  46%|████▋     | 93/200 [10:41<15:30,  8.69s/it, -ELBO=1.0957, Potential Metric=0.1453, Entropy Metric=0.0340]

Epoch 93:  44%|████▍     | 7/16 [00:03<00:04,  1.94it/s][A
Training Epochs:  46%|████▋     | 93/200 [10:41<15:30,  8.69s/it, -ELBO=1.1333, Potential Metric=0.1471, Entropy Metric=0.0360]

Epoch 93:  50%|█████     | 8/16 [00:04<00:04,  1.91it/s][A
Training Epochs:  46%|████▋     | 93/200 [10:42<15:30,  8.69s/it, -ELBO=1.1377, Potential Metric=0.1394, Entropy Metric=0.0334]

Epoch 93:  56%|█████▋    | 9/16 [00:04<00:03,  1.94it/s][A
Training Epochs:  46%|████▋     | 93/200 [10:42<15:30,  8.69s/it, -ELBO=1.1387, Potential Metric=0.1333, Entropy Metric=0.0324]

Epoch 93:  62%|██████▎   | 10/16 [00:05<00:03,  1.99it/s][A
Training Epochs:  46%|████▋     | 93/200 [10:43<15:30,  8.69s/it, -ELBO=1.0702, Potential Metric=0.1479, Entropy Metric=0.0364]

Epoch 93:  69%|██████▉   | 11/16 [00:05<00:02,  1.97it/s][A
Training Epochs:  46%|████▋     | 93/200 [10:43<15:30,  8.69s/it, -ELBO=1.1149, Potential Metric=0.1328, Entropy Metric=0.0328]

Epoch 93:  75%|███████▌  | 12/16 [00:06<00:02,  1.98it/s][A
Training Epochs:  46%|████▋     | 93/200 [10:44<15:30,  8.69s/it, -ELBO=1.1367, Potential Metric=0.1441, Entropy Metric=0.0339]

Epoch 93:  81%|████████▏ | 13/16 [00:06<00:01,  1.99it/s][A
Training Epochs:  46%|████▋     | 93/200 [10:44<15:30,  8.69s/it, -ELBO=1.1295, Potential Metric=0.1471, Entropy Metric=0.0376]

Epoch 93:  88%|████████▊ | 14/16 [00:07<00:01,  1.94it/s][A
Training Epochs:  46%|████▋     | 93/200 [10:45<15:30,  8.69s/it, -ELBO=1.1216, Potential Metric=0.1333, Entropy Metric=0.0348]

Epoch 93:  94%|█████████▍| 15/16 [00:07<00:00,  1.99it/s][A
Training Epochs:  46%|████▋     | 93/200 [10:45<15:30,  8.69s/it, -ELBO=1.1223, Potential Metric=0.1594, Entropy Metric=0.0400]

Epoch 93: 100%|██████████| 16/16 [00:08<00:00,  1.95it/s][A

                                                         [A
Training Epochs:  47%|████▋     | 94/200 [10:45<15:08,  8.57s/it, -ELBO=1.1223, Potential Metric=0.1594, Entropy Metric=0.0400]

Epoch 94:   0%|          | 0/16 [00:00<?, ?it/s][A
Training Epochs:  47%|████▋     | 94/200 [10:46<15:08,  8.57s/it, -ELBO=1.1090, Potential Metric=0.1341, Entropy Metric=0.0326]

Epoch 94:   6%|▋         | 1/16 [00:00<00:08,  1.75it/s][A
Training Epochs:  47%|████▋     | 94/200 [10:46<15:08,  8.57s/it, -ELBO=1.1220, Potential Metric=0.1346, Entropy Metric=0.0387]

Epoch 94:  12%|█▎        | 2/16 [00:01<00:07,  1.91it/s][A
Training Epochs:  47%|████▋     | 94/200 [10:47<15:08,  8.57s/it, -ELBO=1.1283, Potential Metric=0.1477, Entropy Metric=0.0384]

Epoch 94:  19%|█▉        | 3/16 [00:01<00:06,  1.90it/s][A
Training Epochs:  47%|████▋     | 94/200 [10:47<15:08,  8.57s/it, -ELBO=1.1428, Potential Metric=0.1296, Entropy Metric=0.0353]

Epoch 94:  25%|██▌       | 4/16 [00:02<00:06,  1.87it/s][A
Training Epochs:  47%|████▋     | 94/200 [10:48<15:08,  8.57s/it, -ELBO=1.0756, Potential Metric=0.1330, Entropy Metric=0.0349]

Epoch 94:  31%|███▏      | 5/16 [00:02<00:05,  1.88it/s][A
Training Epochs:  47%|████▋     | 94/200 [10:49<15:08,  8.57s/it, -ELBO=1.0854, Potential Metric=0.1366, Entropy Metric=0.0313]

Epoch 94:  38%|███▊      | 6/16 [00:03<00:05,  1.84it/s][A
Training Epochs:  47%|████▋     | 94/200 [10:49<15:08,  8.57s/it, -ELBO=1.1157, Potential Metric=0.1410, Entropy Metric=0.0353]

Epoch 94:  44%|████▍     | 7/16 [00:03<00:04,  1.81it/s][A
Training Epochs:  47%|████▋     | 94/200 [10:50<15:08,  8.57s/it, -ELBO=1.1116, Potential Metric=0.1540, Entropy Metric=0.0372]

Epoch 94:  50%|█████     | 8/16 [00:04<00:04,  1.84it/s][A
Training Epochs:  47%|████▋     | 94/200 [10:50<15:08,  8.57s/it, -ELBO=1.1165, Potential Metric=0.1402, Entropy Metric=0.0357]

Epoch 94:  56%|█████▋    | 9/16 [00:04<00:03,  1.92it/s][A
Training Epochs:  47%|████▋     | 94/200 [10:51<15:08,  8.57s/it, -ELBO=1.1223, Potential Metric=0.1512, Entropy Metric=0.0382]

Epoch 94:  62%|██████▎   | 10/16 [00:05<00:03,  1.92it/s][A
Training Epochs:  47%|████▋     | 94/200 [10:51<15:08,  8.57s/it, -ELBO=1.0605, Potential Metric=0.1550, Entropy Metric=0.0349]

Epoch 94:  69%|██████▉   | 11/16 [00:05<00:02,  1.86it/s][A
Training Epochs:  47%|████▋     | 94/200 [10:52<15:08,  8.57s/it, -ELBO=1.0969, Potential Metric=0.1519, Entropy Metric=0.0354]

Epoch 94:  75%|███████▌  | 12/16 [00:06<00:02,  1.94it/s][A
Training Epochs:  47%|████▋     | 94/200 [10:52<15:08,  8.57s/it, -ELBO=1.1118, Potential Metric=0.1418, Entropy Metric=0.0356]

Epoch 94:  81%|████████▏ | 13/16 [00:06<00:01,  2.00it/s][A
Training Epochs:  47%|████▋     | 94/200 [10:53<15:08,  8.57s/it, -ELBO=1.0985, Potential Metric=0.1275, Entropy Metric=0.0361]

Epoch 94:  88%|████████▊ | 14/16 [00:07<00:00,  2.03it/s][A
Training Epochs:  47%|████▋     | 94/200 [10:53<15:08,  8.57s/it, -ELBO=1.1171, Potential Metric=0.1298, Entropy Metric=0.0346]

Epoch 94:  94%|█████████▍| 15/16 [00:07<00:00,  2.00it/s][A
Training Epochs:  47%|████▋     | 94/200 [10:54<15:08,  8.57s/it, -ELBO=1.1288, Potential Metric=0.1458, Entropy Metric=0.0376]

Epoch 94: 100%|██████████| 16/16 [00:08<00:00,  1.96it/s][A

                                                         [A
Training Epochs:  48%|████▊     | 95/200 [10:54<14:57,  8.54s/it, -ELBO=1.1288, Potential Metric=0.1458, Entropy Metric=0.0376]

Epoch 95:   0%|          | 0/16 [00:00<?, ?it/s][A
Training Epochs:  48%|████▊     | 95/200 [10:54<14:57,  8.54s/it, -ELBO=1.1546, Potential Metric=0.1300, Entropy Metric=0.0353]

Epoch 95:   6%|▋         | 1/16 [00:00<00:08,  1.70it/s][A
Training Epochs:  48%|████▊     | 95/200 [10:55<14:57,  8.54s/it, -ELBO=1.0970, Potential Metric=0.1480, Entropy Metric=0.0385]

Epoch 95:  12%|█▎        | 2/16 [00:01<00:07,  1.78it/s][A
Training Epochs:  48%|████▊     | 95/200 [10:55<14:57,  8.54s/it, -ELBO=1.0785, Potential Metric=0.1457, Entropy Metric=0.0370]

Epoch 95:  19%|█▉        | 3/16 [00:01<00:07,  1.78it/s][A
Training Epochs:  48%|████▊     | 95/200 [10:56<14:57,  8.54s/it, -ELBO=1.0907, Potential Metric=0.1465, Entropy Metric=0.0382]

Epoch 95:  25%|██▌       | 4/16 [00:02<00:06,  1.77it/s][A
Training Epochs:  48%|████▊     | 95/200 [10:57<14:57,  8.54s/it, -ELBO=1.1119, Potential Metric=0.1369, Entropy Metric=0.0370]

Epoch 95:  31%|███▏      | 5/16 [00:02<00:06,  1.70it/s][A
Training Epochs:  48%|████▊     | 95/200 [10:57<14:57,  8.54s/it, -ELBO=1.1402, Potential Metric=0.1260, Entropy Metric=0.0360]

Epoch 95:  38%|███▊      | 6/16 [00:03<00:05,  1.77it/s][A
Training Epochs:  48%|████▊     | 95/200 [10:58<14:57,  8.54s/it, -ELBO=1.1008, Potential Metric=0.1236, Entropy Metric=0.0327]

Epoch 95:  44%|████▍     | 7/16 [00:03<00:05,  1.77it/s][A
Training Epochs:  48%|████▊     | 95/200 [10:58<14:57,  8.54s/it, -ELBO=1.0931, Potential Metric=0.1387, Entropy Metric=0.0366]

Epoch 95:  50%|█████     | 8/16 [00:04<00:04,  1.77it/s][A
Training Epochs:  48%|████▊     | 95/200 [10:59<14:57,  8.54s/it, -ELBO=1.1246, Potential Metric=0.1537, Entropy Metric=0.0402]

Epoch 95:  56%|█████▋    | 9/16 [00:05<00:03,  1.79it/s][A
Training Epochs:  48%|████▊     | 95/200 [10:59<14:57,  8.54s/it, -ELBO=1.0949, Potential Metric=0.1394, Entropy Metric=0.0349]

Epoch 95:  62%|██████▎   | 10/16 [00:05<00:03,  1.79it/s][A
Training Epochs:  48%|████▊     | 95/200 [11:00<14:57,  8.54s/it, -ELBO=1.1266, Potential Metric=0.1300, Entropy Metric=0.0327]

Epoch 95:  69%|██████▉   | 11/16 [00:06<00:02,  1.83it/s][A
Training Epochs:  48%|████▊     | 95/200 [11:00<14:57,  8.54s/it, -ELBO=1.0801, Potential Metric=0.1458, Entropy Metric=0.0376]

Epoch 95:  75%|███████▌  | 12/16 [00:06<00:02,  1.85it/s][A
Training Epochs:  48%|████▊     | 95/200 [11:01<14:57,  8.54s/it, -ELBO=1.1238, Potential Metric=0.1338, Entropy Metric=0.0378]

Epoch 95:  81%|████████▏ | 13/16 [00:07<00:01,  1.95it/s][A
Training Epochs:  48%|████▊     | 95/200 [11:01<14:57,  8.54s/it, -ELBO=1.0852, Potential Metric=0.1325, Entropy Metric=0.0381]

Epoch 95:  88%|████████▊ | 14/16 [00:07<00:01,  1.91it/s][A
Training Epochs:  48%|████▊     | 95/200 [11:02<14:57,  8.54s/it, -ELBO=1.0901, Potential Metric=0.1437, Entropy Metric=0.0429]

Epoch 95:  94%|█████████▍| 15/16 [00:08<00:00,  1.95it/s][A
Training Epochs:  48%|████▊     | 95/200 [11:02<14:57,  8.54s/it, -ELBO=1.0696, Potential Metric=0.1258, Entropy Metric=0.0345]

Epoch 95: 100%|██████████| 16/16 [00:08<00:00,  2.04it/s][A

                                                         [A
Training Epochs:  48%|████▊     | 96/200 [11:02<14:52,  8.58s/it, -ELBO=1.0696, Potential Metric=0.1258, Entropy Metric=0.0345]

Epoch 96:   0%|          | 0/16 [00:00<?, ?it/s][A
Training Epochs:  48%|████▊     | 96/200 [11:03<14:52,  8.58s/it, -ELBO=1.0762, Potential Metric=0.1314, Entropy Metric=0.0354]

Epoch 96:   6%|▋         | 1/16 [00:00<00:08,  1.83it/s][A
Training Epochs:  48%|████▊     | 96/200 [11:03<14:52,  8.58s/it, -ELBO=1.1200, Potential Metric=0.1420, Entropy Metric=0.0375]

Epoch 96:  12%|█▎        | 2/16 [00:01<00:07,  1.88it/s][A
Training Epochs:  48%|████▊     | 96/200 [11:04<14:52,  8.58s/it, -ELBO=1.0874, Potential Metric=0.1391, Entropy Metric=0.0387]

Epoch 96:  19%|█▉        | 3/16 [00:01<00:06,  1.87it/s][A
Training Epochs:  48%|████▊     | 96/200 [11:04<14:52,  8.58s/it, -ELBO=1.0965, Potential Metric=0.1291, Entropy Metric=0.0330]

Epoch 96:  25%|██▌       | 4/16 [00:02<00:06,  1.99it/s][A
Training Epochs:  48%|████▊     | 96/200 [11:05<14:52,  8.58s/it, -ELBO=1.1137, Potential Metric=0.1443, Entropy Metric=0.0392]

Epoch 96:  31%|███▏      | 5/16 [00:02<00:05,  1.96it/s][A
Training Epochs:  48%|████▊     | 96/200 [11:05<14:52,  8.58s/it, -ELBO=1.0840, Potential Metric=0.1378, Entropy Metric=0.0383]

Epoch 96:  38%|███▊      | 6/16 [00:03<00:05,  1.98it/s][A
Training Epochs:  48%|████▊     | 96/200 [11:06<14:52,  8.58s/it, -ELBO=1.1150, Potential Metric=0.1313, Entropy Metric=0.0375]

Epoch 96:  44%|████▍     | 7/16 [00:03<00:04,  1.91it/s][A
Training Epochs:  48%|████▊     | 96/200 [11:07<14:52,  8.58s/it, -ELBO=1.1006, Potential Metric=0.1335, Entropy Metric=0.0371]

Epoch 96:  50%|█████     | 8/16 [00:04<00:04,  1.93it/s][A
Training Epochs:  48%|████▊     | 96/200 [11:07<14:52,  8.58s/it, -ELBO=1.0889, Potential Metric=0.1328, Entropy Metric=0.0379]

Epoch 96:  56%|█████▋    | 9/16 [00:04<00:03,  1.91it/s][A
Training Epochs:  48%|████▊     | 96/200 [11:08<14:52,  8.58s/it, -ELBO=1.1265, Potential Metric=0.1350, Entropy Metric=0.0340]

Epoch 96:  62%|██████▎   | 10/16 [00:05<00:03,  1.92it/s][A
Training Epochs:  48%|████▊     | 96/200 [11:08<14:52,  8.58s/it, -ELBO=1.0832, Potential Metric=0.1373, Entropy Metric=0.0358]

Epoch 96:  69%|██████▉   | 11/16 [00:05<00:02,  1.97it/s][A
Training Epochs:  48%|████▊     | 96/200 [11:09<14:52,  8.58s/it, -ELBO=1.0676, Potential Metric=0.1519, Entropy Metric=0.0383]

Epoch 96:  75%|███████▌  | 12/16 [00:06<00:02,  1.93it/s][A
Training Epochs:  48%|████▊     | 96/200 [11:09<14:52,  8.58s/it, -ELBO=1.1091, Potential Metric=0.1317, Entropy Metric=0.0340]

Epoch 96:  81%|████████▏ | 13/16 [00:06<00:01,  1.94it/s][A
Training Epochs:  48%|████▊     | 96/200 [11:10<14:52,  8.58s/it, -ELBO=1.0744, Potential Metric=0.1313, Entropy Metric=0.0357]

Epoch 96:  88%|████████▊ | 14/16 [00:07<00:01,  1.95it/s][A
Training Epochs:  48%|████▊     | 96/200 [11:10<14:52,  8.58s/it, -ELBO=1.1158, Potential Metric=0.1347, Entropy Metric=0.0351]

Epoch 96:  94%|█████████▍| 15/16 [00:07<00:00,  1.91it/s][A
Training Epochs:  48%|████▊     | 96/200 [11:11<14:52,  8.58s/it, -ELBO=1.1027, Potential Metric=0.1339, Entropy Metric=0.0358]

Epoch 96: 100%|██████████| 16/16 [00:08<00:00,  1.89it/s][A

                                                         [A
Training Epochs:  48%|████▊     | 97/200 [11:11<14:37,  8.52s/it, -ELBO=1.1027, Potential Metric=0.1339, Entropy Metric=0.0358]

Epoch 97:   0%|          | 0/16 [00:00<?, ?it/s][A
Training Epochs:  48%|████▊     | 97/200 [11:11<14:37,  8.52s/it, -ELBO=1.0908, Potential Metric=0.1555, Entropy Metric=0.0393]

Epoch 97:   6%|▋         | 1/16 [00:00<00:09,  1.58it/s][A
Training Epochs:  48%|████▊     | 97/200 [11:12<14:37,  8.52s/it, -ELBO=1.0884, Potential Metric=0.1404, Entropy Metric=0.0375]

Epoch 97:  12%|█▎        | 2/16 [00:01<00:07,  1.80it/s][A
Training Epochs:  48%|████▊     | 97/200 [11:12<14:37,  8.52s/it, -ELBO=1.1280, Potential Metric=0.1389, Entropy Metric=0.0384]

Epoch 97:  19%|█▉        | 3/16 [00:01<00:07,  1.83it/s][A
Training Epochs:  48%|████▊     | 97/200 [11:13<14:37,  8.52s/it, -ELBO=1.0899, Potential Metric=0.1368, Entropy Metric=0.0356]

Epoch 97:  25%|██▌       | 4/16 [00:02<00:06,  1.83it/s][A
Training Epochs:  48%|████▊     | 97/200 [11:14<14:37,  8.52s/it, -ELBO=1.0791, Potential Metric=0.1369, Entropy Metric=0.0375]

Epoch 97:  31%|███▏      | 5/16 [00:02<00:05,  1.86it/s][A
Training Epochs:  48%|████▊     | 97/200 [11:14<14:37,  8.52s/it, -ELBO=1.0741, Potential Metric=0.1445, Entropy Metric=0.0352]

Epoch 97:  38%|███▊      | 6/16 [00:03<00:05,  1.89it/s][A
Training Epochs:  48%|████▊     | 97/200 [11:15<14:37,  8.52s/it, -ELBO=1.1344, Potential Metric=0.1517, Entropy Metric=0.0387]

Epoch 97:  44%|████▍     | 7/16 [00:03<00:04,  1.87it/s][A
Training Epochs:  48%|████▊     | 97/200 [11:15<14:37,  8.52s/it, -ELBO=1.0890, Potential Metric=0.1438, Entropy Metric=0.0375]

Epoch 97:  50%|█████     | 8/16 [00:04<00:04,  1.86it/s][A
Training Epochs:  48%|████▊     | 97/200 [11:16<14:37,  8.52s/it, -ELBO=1.0848, Potential Metric=0.1478, Entropy Metric=0.0373]

Epoch 97:  56%|█████▋    | 9/16 [00:04<00:03,  1.92it/s][A
Training Epochs:  48%|████▊     | 97/200 [11:16<14:37,  8.52s/it, -ELBO=1.0704, Potential Metric=0.1458, Entropy Metric=0.0372]

Epoch 97:  62%|██████▎   | 10/16 [00:05<00:03,  1.91it/s][A
Training Epochs:  48%|████▊     | 97/200 [11:17<14:37,  8.52s/it, -ELBO=1.0698, Potential Metric=0.1388, Entropy Metric=0.0367]

Epoch 97:  69%|██████▉   | 11/16 [00:05<00:02,  1.91it/s][A
Training Epochs:  48%|████▊     | 97/200 [11:17<14:37,  8.52s/it, -ELBO=1.0886, Potential Metric=0.1436, Entropy Metric=0.0354]

Epoch 97:  75%|███████▌  | 12/16 [00:06<00:02,  1.96it/s][A
Training Epochs:  48%|████▊     | 97/200 [11:18<14:37,  8.52s/it, -ELBO=1.0795, Potential Metric=0.1487, Entropy Metric=0.0378]

Epoch 97:  81%|████████▏ | 13/16 [00:06<00:01,  1.91it/s][A
Training Epochs:  48%|████▊     | 97/200 [11:18<14:37,  8.52s/it, -ELBO=1.0995, Potential Metric=0.1448, Entropy Metric=0.0396]

Epoch 97:  88%|████████▊ | 14/16 [00:07<00:01,  1.87it/s][A
Training Epochs:  48%|████▊     | 97/200 [11:19<14:37,  8.52s/it, -ELBO=1.0914, Potential Metric=0.1458, Entropy Metric=0.0367]

Epoch 97:  94%|█████████▍| 15/16 [00:08<00:00,  1.86it/s][A
Training Epochs:  48%|████▊     | 97/200 [11:19<14:37,  8.52s/it, -ELBO=1.0865, Potential Metric=0.1403, Entropy Metric=0.0360]

Epoch 97: 100%|██████████| 16/16 [00:08<00:00,  1.87it/s][A

                                                         [A
Training Epochs:  49%|████▉     | 98/200 [11:19<14:30,  8.54s/it, -ELBO=1.0865, Potential Metric=0.1403, Entropy Metric=0.0360]

Epoch 98:   0%|          | 0/16 [00:00<?, ?it/s][A
Training Epochs:  49%|████▉     | 98/200 [11:20<14:30,  8.54s/it, -ELBO=1.0746, Potential Metric=0.1321, Entropy Metric=0.0352]

Epoch 98:   6%|▋         | 1/16 [00:00<00:08,  1.75it/s][A
Training Epochs:  49%|████▉     | 98/200 [11:21<14:30,  8.54s/it, -ELBO=1.0845, Potential Metric=0.1393, Entropy Metric=0.0377]

Epoch 98:  12%|█▎        | 2/16 [00:01<00:08,  1.63it/s][A
Training Epochs:  49%|████▉     | 98/200 [11:21<14:30,  8.54s/it, -ELBO=1.0904, Potential Metric=0.1424, Entropy Metric=0.0343]

Epoch 98:  19%|█▉        | 3/16 [00:01<00:07,  1.76it/s][A
Training Epochs:  49%|████▉     | 98/200 [11:22<14:30,  8.54s/it, -ELBO=1.0554, Potential Metric=0.1504, Entropy Metric=0.0384]

Epoch 98:  25%|██▌       | 4/16 [00:02<00:06,  1.74it/s][A
Training Epochs:  49%|████▉     | 98/200 [11:22<14:30,  8.54s/it, -ELBO=1.0928, Potential Metric=0.1402, Entropy Metric=0.0393]

Epoch 98:  31%|███▏      | 5/16 [00:02<00:06,  1.78it/s][A
Training Epochs:  49%|████▉     | 98/200 [11:23<14:30,  8.54s/it, -ELBO=1.0457, Potential Metric=0.1582, Entropy Metric=0.0382]

Epoch 98:  38%|███▊      | 6/16 [00:03<00:05,  1.77it/s][A
Training Epochs:  49%|████▉     | 98/200 [11:23<14:30,  8.54s/it, -ELBO=1.0850, Potential Metric=0.1466, Entropy Metric=0.0390]

Epoch 98:  44%|████▍     | 7/16 [00:03<00:05,  1.79it/s][A
Training Epochs:  49%|████▉     | 98/200 [11:24<14:30,  8.54s/it, -ELBO=1.0909, Potential Metric=0.1429, Entropy Metric=0.0396]

Epoch 98:  50%|█████     | 8/16 [00:04<00:04,  1.83it/s][A
Training Epochs:  49%|████▉     | 98/200 [11:24<14:30,  8.54s/it, -ELBO=1.1064, Potential Metric=0.1499, Entropy Metric=0.0388]

Epoch 98:  56%|█████▋    | 9/16 [00:05<00:03,  1.82it/s][A
Training Epochs:  49%|████▉     | 98/200 [11:25<14:30,  8.54s/it, -ELBO=1.1134, Potential Metric=0.1297, Entropy Metric=0.0371]

Epoch 98:  62%|██████▎   | 10/16 [00:05<00:03,  1.86it/s][A
Training Epochs:  49%|████▉     | 98/200 [11:25<14:30,  8.54s/it, -ELBO=1.0621, Potential Metric=0.1480, Entropy Metric=0.0404]

Epoch 98:  69%|██████▉   | 11/16 [00:06<00:02,  1.87it/s][A
Training Epochs:  49%|████▉     | 98/200 [11:26<14:30,  8.54s/it, -ELBO=1.0754, Potential Metric=0.1348, Entropy Metric=0.0367]

Epoch 98:  75%|███████▌  | 12/16 [00:06<00:02,  1.81it/s][A
Training Epochs:  49%|████▉     | 98/200 [11:27<14:30,  8.54s/it, -ELBO=1.0804, Potential Metric=0.1365, Entropy Metric=0.0355]

Epoch 98:  81%|████████▏ | 13/16 [00:07<00:01,  1.81it/s][A
Training Epochs:  49%|████▉     | 98/200 [11:27<14:30,  8.54s/it, -ELBO=1.0594, Potential Metric=0.1473, Entropy Metric=0.0381]

Epoch 98:  88%|████████▊ | 14/16 [00:07<00:01,  1.88it/s][A
Training Epochs:  49%|████▉     | 98/200 [11:28<14:30,  8.54s/it, -ELBO=1.0900, Potential Metric=0.1435, Entropy Metric=0.0392]

Epoch 98:  94%|█████████▍| 15/16 [00:08<00:00,  1.90it/s][A
Training Epochs:  49%|████▉     | 98/200 [11:28<14:30,  8.54s/it, -ELBO=1.1172, Potential Metric=0.1478, Entropy Metric=0.0392]

Epoch 98: 100%|██████████| 16/16 [00:08<00:00,  1.88it/s][A

                                                         [A
Training Epochs:  50%|████▉     | 99/200 [11:28<14:31,  8.63s/it, -ELBO=1.1172, Potential Metric=0.1478, Entropy Metric=0.0392]

Epoch 99:   0%|          | 0/16 [00:00<?, ?it/s][A
Training Epochs:  50%|████▉     | 99/200 [11:29<14:31,  8.63s/it, -ELBO=1.0909, Potential Metric=0.1440, Entropy Metric=0.0351]

Epoch 99:   6%|▋         | 1/16 [00:00<00:09,  1.64it/s][A
Training Epochs:  50%|████▉     | 99/200 [11:29<14:31,  8.63s/it, -ELBO=1.0969, Potential Metric=0.1332, Entropy Metric=0.0318]

Epoch 99:  12%|█▎        | 2/16 [00:01<00:08,  1.72it/s][A
Training Epochs:  50%|████▉     | 99/200 [11:30<14:31,  8.63s/it, -ELBO=1.1168, Potential Metric=0.1314, Entropy Metric=0.0344]

Epoch 99:  19%|█▉        | 3/16 [00:01<00:07,  1.81it/s][A
Training Epochs:  50%|████▉     | 99/200 [11:31<14:31,  8.63s/it, -ELBO=1.0713, Potential Metric=0.1482, Entropy Metric=0.0360]

Epoch 99:  25%|██▌       | 4/16 [00:02<00:06,  1.80it/s][A
Training Epochs:  50%|████▉     | 99/200 [11:31<14:31,  8.63s/it, -ELBO=1.0770, Potential Metric=0.1443, Entropy Metric=0.0351]

Epoch 99:  31%|███▏      | 5/16 [00:02<00:05,  1.84it/s][A
Training Epochs:  50%|████▉     | 99/200 [11:32<14:31,  8.63s/it, -ELBO=1.0849, Potential Metric=0.1464, Entropy Metric=0.0363]

Epoch 99:  38%|███▊      | 6/16 [00:03<00:05,  1.83it/s][A
Training Epochs:  50%|████▉     | 99/200 [11:32<14:31,  8.63s/it, -ELBO=1.0666, Potential Metric=0.1452, Entropy Metric=0.0375]

Epoch 99:  44%|████▍     | 7/16 [00:03<00:05,  1.77it/s][A
Training Epochs:  50%|████▉     | 99/200 [11:33<14:31,  8.63s/it, -ELBO=1.0649, Potential Metric=0.1417, Entropy Metric=0.0368]

Epoch 99:  50%|█████     | 8/16 [00:04<00:04,  1.74it/s][A
Training Epochs:  50%|████▉     | 99/200 [11:33<14:31,  8.63s/it, -ELBO=1.0594, Potential Metric=0.1405, Entropy Metric=0.0392]

Epoch 99:  56%|█████▋    | 9/16 [00:05<00:03,  1.79it/s][A
Training Epochs:  50%|████▉     | 99/200 [11:34<14:31,  8.63s/it, -ELBO=1.1106, Potential Metric=0.1420, Entropy Metric=0.0408]

Epoch 99:  62%|██████▎   | 10/16 [00:05<00:03,  1.83it/s][A
Training Epochs:  50%|████▉     | 99/200 [11:34<14:31,  8.63s/it, -ELBO=1.0612, Potential Metric=0.1450, Entropy Metric=0.0347]

Epoch 99:  69%|██████▉   | 11/16 [00:06<00:02,  1.82it/s][A
Training Epochs:  50%|████▉     | 99/200 [11:35<14:31,  8.63s/it, -ELBO=1.0599, Potential Metric=0.1438, Entropy Metric=0.0412]

Epoch 99:  75%|███████▌  | 12/16 [00:06<00:02,  1.87it/s][A
Training Epochs:  50%|████▉     | 99/200 [11:35<14:31,  8.63s/it, -ELBO=1.0720, Potential Metric=0.1362, Entropy Metric=0.0390]

Epoch 99:  81%|████████▏ | 13/16 [00:07<00:01,  1.91it/s][A
Training Epochs:  50%|████▉     | 99/200 [11:36<14:31,  8.63s/it, -ELBO=1.0539, Potential Metric=0.1356, Entropy Metric=0.0369]

Epoch 99:  88%|████████▊ | 14/16 [00:07<00:01,  1.88it/s][A
Training Epochs:  50%|████▉     | 99/200 [11:36<14:31,  8.63s/it, -ELBO=1.1149, Potential Metric=0.1298, Entropy Metric=0.0376]

Epoch 99:  94%|█████████▍| 15/16 [00:08<00:00,  1.90it/s][A
Training Epochs:  50%|████▉     | 99/200 [11:37<14:31,  8.63s/it, -ELBO=1.0441, Potential Metric=0.1419, Entropy Metric=0.0367]

Epoch 99: 100%|██████████| 16/16 [00:08<00:00,  1.91it/s][A

                                                         [A
Training Epochs:  50%|█████     | 100/200 [11:37<14:28,  8.68s/it, -ELBO=1.0441, Potential Metric=0.1419, Entropy Metric=0.0367]

Epoch 100:   0%|          | 0/16 [00:00<?, ?it/s][A
Training Epochs:  50%|█████     | 100/200 [11:38<14:28,  8.68s/it, -ELBO=1.1147, Potential Metric=0.1322, Entropy Metric=0.0344]

Epoch 100:   6%|▋         | 1/16 [00:00<00:09,  1.63it/s][A
Training Epochs:  50%|█████     | 100/200 [11:38<14:28,  8.68s/it, -ELBO=1.0791, Potential Metric=0.1324, Entropy Metric=0.0375]

Epoch 100:  12%|█▎        | 2/16 [00:01<00:08,  1.72it/s][A
Training Epochs:  50%|█████     | 100/200 [11:39<14:28,  8.68s/it, -ELBO=1.0648, Potential Metric=0.1424, Entropy Metric=0.0395]

Epoch 100:  19%|█▉        | 3/16 [00:01<00:07,  1.80it/s][A
Training Epochs:  50%|█████     | 100/200 [11:39<14:28,  8.68s/it, -ELBO=1.0658, Potential Metric=0.1476, Entropy Metric=0.0396]

Epoch 100:  25%|██▌       | 4/16 [00:02<00:06,  1.83it/s][A
Training Epochs:  50%|█████     | 100/200 [11:40<14:28,  8.68s/it, -ELBO=1.0669, Potential Metric=0.1460, Entropy Metric=0.0380]

Epoch 100:  31%|███▏      | 5/16 [00:02<00:06,  1.81it/s][A
Training Epochs:  50%|█████     | 100/200 [11:40<14:28,  8.68s/it, -ELBO=1.0440, Potential Metric=0.1338, Entropy Metric=0.0390]

Epoch 100:  38%|███▊      | 6/16 [00:03<00:05,  1.81it/s][A
Training Epochs:  50%|█████     | 100/200 [11:41<14:28,  8.68s/it, -ELBO=1.0753, Potential Metric=0.1411, Entropy Metric=0.0425]

Epoch 100:  44%|████▍     | 7/16 [00:03<00:05,  1.78it/s][A
Training Epochs:  50%|█████     | 100/200 [11:42<14:28,  8.68s/it, -ELBO=1.0850, Potential Metric=0.1368, Entropy Metric=0.0402]

Epoch 100:  50%|█████     | 8/16 [00:04<00:04,  1.80it/s][A
Training Epochs:  50%|█████     | 100/200 [11:42<14:28,  8.68s/it, -ELBO=1.0826, Potential Metric=0.1362, Entropy Metric=0.0414]

Epoch 100:  56%|█████▋    | 9/16 [00:05<00:03,  1.78it/s][A
Training Epochs:  50%|█████     | 100/200 [11:43<14:28,  8.68s/it, -ELBO=1.0918, Potential Metric=0.1458, Entropy Metric=0.0394]

Epoch 100:  62%|██████▎   | 10/16 [00:05<00:03,  1.79it/s][A
Training Epochs:  50%|█████     | 100/200 [11:43<14:28,  8.68s/it, -ELBO=1.0165, Potential Metric=0.1584, Entropy Metric=0.0398]

Epoch 100:  69%|██████▉   | 11/16 [00:06<00:02,  1.85it/s][A
Training Epochs:  50%|█████     | 100/200 [11:44<14:28,  8.68s/it, -ELBO=1.0871, Potential Metric=0.1420, Entropy Metric=0.0370]

Epoch 100:  75%|███████▌  | 12/16 [00:06<00:02,  1.84it/s][A
Training Epochs:  50%|█████     | 100/200 [11:44<14:28,  8.68s/it, -ELBO=1.0739, Potential Metric=0.1539, Entropy Metric=0.0400]

Epoch 100:  81%|████████▏ | 13/16 [00:07<00:01,  1.86it/s][A
Training Epochs:  50%|█████     | 100/200 [11:45<14:28,  8.68s/it, -ELBO=1.0559, Potential Metric=0.1639, Entropy Metric=0.0408]

Epoch 100:  88%|████████▊ | 14/16 [00:07<00:01,  1.88it/s][A
Training Epochs:  50%|█████     | 100/200 [11:45<14:28,  8.68s/it, -ELBO=1.0422, Potential Metric=0.1530, Entropy Metric=0.0426]

Epoch 100:  94%|█████████▍| 15/16 [00:08<00:00,  1.88it/s][A
Training Epochs:  50%|█████     | 100/200 [11:46<14:28,  8.68s/it, -ELBO=1.0575, Potential Metric=0.1380, Entropy Metric=0.0375]

Epoch 100: 100%|██████████| 16/16 [00:08<00:00,  1.71it/s][A

                                                          [A
Training Epochs:  50%|█████     | 101/200 [11:46<14:30,  8.79s/it, -ELBO=1.0575, Potential Metric=0.1380, Entropy Metric=0.0375]

Epoch 101:   0%|          | 0/16 [00:00<?, ?it/s][A
Training Epochs:  50%|█████     | 101/200 [11:47<14:30,  8.79s/it, -ELBO=1.0694, Potential Metric=0.1383, Entropy Metric=0.0399]

Epoch 101:   6%|▋         | 1/16 [00:00<00:09,  1.65it/s][A
Training Epochs:  50%|█████     | 101/200 [11:47<14:30,  8.79s/it, -ELBO=1.0586, Potential Metric=0.1416, Entropy Metric=0.0383]

Epoch 101:  12%|█▎        | 2/16 [00:01<00:08,  1.69it/s][A
Training Epochs:  50%|█████     | 101/200 [11:48<14:30,  8.79s/it, -ELBO=1.0573, Potential Metric=0.1512, Entropy Metric=0.0415]

Epoch 101:  19%|█▉        | 3/16 [00:01<00:06,  1.87it/s][A
Training Epochs:  50%|█████     | 101/200 [11:48<14:30,  8.79s/it, -ELBO=1.0596, Potential Metric=0.1516, Entropy Metric=0.0423]

Epoch 101:  25%|██▌       | 4/16 [00:02<00:06,  1.88it/s][A
Training Epochs:  50%|█████     | 101/200 [11:49<14:30,  8.79s/it, -ELBO=1.0804, Potential Metric=0.1504, Entropy Metric=0.0420]

Epoch 101:  31%|███▏      | 5/16 [00:02<00:06,  1.80it/s][A
Training Epochs:  50%|█████     | 101/200 [11:49<14:30,  8.79s/it, -ELBO=1.0718, Potential Metric=0.1489, Entropy Metric=0.0413]

Epoch 101:  38%|███▊      | 6/16 [00:03<00:05,  1.82it/s][A
Training Epochs:  50%|█████     | 101/200 [11:50<14:30,  8.79s/it, -ELBO=1.0404, Potential Metric=0.1493, Entropy Metric=0.0414]

Epoch 101:  44%|████▍     | 7/16 [00:03<00:04,  1.81it/s][A
Training Epochs:  50%|█████     | 101/200 [11:51<14:30,  8.79s/it, -ELBO=1.0625, Potential Metric=0.1459, Entropy Metric=0.0412]

Epoch 101:  50%|█████     | 8/16 [00:04<00:04,  1.80it/s][A
Training Epochs:  50%|█████     | 101/200 [11:51<14:30,  8.79s/it, -ELBO=1.0342, Potential Metric=0.1565, Entropy Metric=0.0416]

Epoch 101:  56%|█████▋    | 9/16 [00:04<00:03,  1.81it/s][A
Training Epochs:  50%|█████     | 101/200 [11:52<14:30,  8.79s/it, -ELBO=1.0689, Potential Metric=0.1532, Entropy Metric=0.0403]

Epoch 101:  62%|██████▎   | 10/16 [00:05<00:03,  1.85it/s][A
Training Epochs:  50%|█████     | 101/200 [11:52<14:30,  8.79s/it, -ELBO=1.0906, Potential Metric=0.1342, Entropy Metric=0.0368]

Epoch 101:  69%|██████▉   | 11/16 [00:06<00:02,  1.87it/s][A
Training Epochs:  50%|█████     | 101/200 [11:53<14:30,  8.79s/it, -ELBO=1.0634, Potential Metric=0.1493, Entropy Metric=0.0378]

Epoch 101:  75%|███████▌  | 12/16 [00:06<00:02,  1.82it/s][A
Training Epochs:  50%|█████     | 101/200 [11:53<14:30,  8.79s/it, -ELBO=1.0734, Potential Metric=0.1516, Entropy Metric=0.0378]

Epoch 101:  81%|████████▏ | 13/16 [00:07<00:01,  1.87it/s][A
Training Epochs:  50%|█████     | 101/200 [11:54<14:30,  8.79s/it, -ELBO=1.0637, Potential Metric=0.1435, Entropy Metric=0.0372]

Epoch 101:  88%|████████▊ | 14/16 [00:07<00:01,  1.88it/s][A
Training Epochs:  50%|█████     | 101/200 [11:54<14:30,  8.79s/it, -ELBO=1.0768, Potential Metric=0.1595, Entropy Metric=0.0387]

Epoch 101:  94%|█████████▍| 15/16 [00:08<00:00,  1.86it/s][A
Training Epochs:  50%|█████     | 101/200 [11:55<14:30,  8.79s/it, -ELBO=1.0476, Potential Metric=0.1467, Entropy Metric=0.0345]

Epoch 101: 100%|██████████| 16/16 [00:08<00:00,  1.90it/s][A

                                                          [A
Training Epochs:  51%|█████     | 102/200 [11:55<14:21,  8.79s/it, -ELBO=1.0476, Potential Metric=0.1467, Entropy Metric=0.0345]

Epoch 102:   0%|          | 0/16 [00:00<?, ?it/s][A
Training Epochs:  51%|█████     | 102/200 [11:55<14:21,  8.79s/it, -ELBO=1.0536, Potential Metric=0.1399, Entropy Metric=0.0357]

Epoch 102:   6%|▋         | 1/16 [00:00<00:08,  1.79it/s][A
Training Epochs:  51%|█████     | 102/200 [11:56<14:21,  8.79s/it, -ELBO=1.0629, Potential Metric=0.1335, Entropy Metric=0.0340]

Epoch 102:  12%|█▎        | 2/16 [00:01<00:07,  1.90it/s][A
Training Epochs:  51%|█████     | 102/200 [11:56<14:21,  8.79s/it, -ELBO=1.0431, Potential Metric=0.1559, Entropy Metric=0.0364]

Epoch 102:  19%|█▉        | 3/16 [00:01<00:06,  1.88it/s][A
Training Epochs:  51%|█████     | 102/200 [11:57<14:21,  8.79s/it, -ELBO=1.0300, Potential Metric=0.1425, Entropy Metric=0.0357]

Epoch 102:  25%|██▌       | 4/16 [00:02<00:06,  1.90it/s][A
Training Epochs:  51%|█████     | 102/200 [11:57<14:21,  8.79s/it, -ELBO=1.0514, Potential Metric=0.1330, Entropy Metric=0.0368]

Epoch 102:  31%|███▏      | 5/16 [00:02<00:05,  1.96it/s][A
Training Epochs:  51%|█████     | 102/200 [11:58<14:21,  8.79s/it, -ELBO=1.0772, Potential Metric=0.1428, Entropy Metric=0.0355]

Epoch 102:  38%|███▊      | 6/16 [00:03<00:05,  1.91it/s][A
Training Epochs:  51%|█████     | 102/200 [11:58<14:21,  8.79s/it, -ELBO=1.0745, Potential Metric=0.1454, Entropy Metric=0.0383]

Epoch 102:  44%|████▍     | 7/16 [00:03<00:04,  1.91it/s][A
Training Epochs:  51%|█████     | 102/200 [11:59<14:21,  8.79s/it, -ELBO=1.0637, Potential Metric=0.1499, Entropy Metric=0.0376]

Epoch 102:  50%|█████     | 8/16 [00:04<00:04,  1.85it/s][A
Training Epochs:  51%|█████     | 102/200 [12:00<14:21,  8.79s/it, -ELBO=1.0679, Potential Metric=0.1495, Entropy Metric=0.0367]

Epoch 102:  56%|█████▋    | 9/16 [00:04<00:03,  1.86it/s][A
Training Epochs:  51%|█████     | 102/200 [12:00<14:21,  8.79s/it, -ELBO=1.0552, Potential Metric=0.1500, Entropy Metric=0.0388]

Epoch 102:  62%|██████▎   | 10/16 [00:05<00:03,  1.87it/s][A
Training Epochs:  51%|█████     | 102/200 [12:01<14:21,  8.79s/it, -ELBO=1.0692, Potential Metric=0.1422, Entropy Metric=0.0378]

Epoch 102:  69%|██████▉   | 11/16 [00:05<00:02,  1.88it/s][A
Training Epochs:  51%|█████     | 102/200 [12:01<14:21,  8.79s/it, -ELBO=1.0622, Potential Metric=0.1505, Entropy Metric=0.0412]

Epoch 102:  75%|███████▌  | 12/16 [00:06<00:02,  1.92it/s][A
Training Epochs:  51%|█████     | 102/200 [12:02<14:21,  8.79s/it, -ELBO=1.0424, Potential Metric=0.1419, Entropy Metric=0.0381]

Epoch 102:  81%|████████▏ | 13/16 [00:06<00:01,  1.90it/s][A
Training Epochs:  51%|█████     | 102/200 [12:02<14:21,  8.79s/it, -ELBO=1.0250, Potential Metric=0.1502, Entropy Metric=0.0377]

Epoch 102:  88%|████████▊ | 14/16 [00:07<00:01,  1.86it/s][A
Training Epochs:  51%|█████     | 102/200 [12:03<14:21,  8.79s/it, -ELBO=1.0504, Potential Metric=0.1566, Entropy Metric=0.0399]

Epoch 102:  94%|█████████▍| 15/16 [00:07<00:00,  1.86it/s][A
Training Epochs:  51%|█████     | 102/200 [12:03<14:21,  8.79s/it, -ELBO=1.0473, Potential Metric=0.1589, Entropy Metric=0.0399]

Epoch 102: 100%|██████████| 16/16 [00:08<00:00,  1.84it/s][A

                                                          [A
Training Epochs:  52%|█████▏    | 103/200 [12:03<14:05,  8.72s/it, -ELBO=1.0473, Potential Metric=0.1589, Entropy Metric=0.0399]

Epoch 103:   0%|          | 0/16 [00:00<?, ?it/s][A
Training Epochs:  52%|█████▏    | 103/200 [12:04<14:05,  8.72s/it, -ELBO=1.0494, Potential Metric=0.1416, Entropy Metric=0.0379]

Epoch 103:   6%|▋         | 1/16 [00:00<00:08,  1.72it/s][A
Training Epochs:  52%|█████▏    | 103/200 [12:04<14:05,  8.72s/it, -ELBO=1.0098, Potential Metric=0.1563, Entropy Metric=0.0424]

Epoch 103:  12%|█▎        | 2/16 [00:01<00:07,  1.82it/s][A
Training Epochs:  52%|█████▏    | 103/200 [12:05<14:05,  8.72s/it, -ELBO=1.0413, Potential Metric=0.1468, Entropy Metric=0.0414]

Epoch 103:  19%|█▉        | 3/16 [00:01<00:07,  1.81it/s][A
Training Epochs:  52%|█████▏    | 103/200 [12:06<14:05,  8.72s/it, -ELBO=1.0404, Potential Metric=0.1477, Entropy Metric=0.0430]

Epoch 103:  25%|██▌       | 4/16 [00:02<00:06,  1.82it/s][A
Training Epochs:  52%|█████▏    | 103/200 [12:06<14:05,  8.72s/it, -ELBO=1.0597, Potential Metric=0.1270, Entropy Metric=0.0367]

Epoch 103:  31%|███▏      | 5/16 [00:02<00:05,  1.85it/s][A
Training Epochs:  52%|█████▏    | 103/200 [12:07<14:05,  8.72s/it, -ELBO=1.0630, Potential Metric=0.1318, Entropy Metric=0.0430]

Epoch 103:  38%|███▊      | 6/16 [00:03<00:05,  1.85it/s][A
Training Epochs:  52%|█████▏    | 103/200 [12:07<14:05,  8.72s/it, -ELBO=1.0865, Potential Metric=0.1443, Entropy Metric=0.0414]

Epoch 103:  44%|████▍     | 7/16 [00:03<00:05,  1.80it/s][A
Training Epochs:  52%|█████▏    | 103/200 [12:08<14:05,  8.72s/it, -ELBO=1.0511, Potential Metric=0.1404, Entropy Metric=0.0408]

Epoch 103:  50%|█████     | 8/16 [00:04<00:04,  1.83it/s][A
Training Epochs:  52%|█████▏    | 103/200 [12:08<14:05,  8.72s/it, -ELBO=1.0493, Potential Metric=0.1317, Entropy Metric=0.0384]

Epoch 103:  56%|█████▋    | 9/16 [00:04<00:03,  2.00it/s][A
Training Epochs:  52%|█████▏    | 103/200 [12:09<14:05,  8.72s/it, -ELBO=1.0626, Potential Metric=0.1455, Entropy Metric=0.0388]

Epoch 103:  62%|██████▎   | 10/16 [00:05<00:03,  1.82it/s][A
Training Epochs:  52%|█████▏    | 103/200 [12:09<14:05,  8.72s/it, -ELBO=1.0667, Potential Metric=0.1368, Entropy Metric=0.0372]

Epoch 103:  69%|██████▉   | 11/16 [00:05<00:02,  1.88it/s][A
Training Epochs:  52%|█████▏    | 103/200 [12:10<14:05,  8.72s/it, -ELBO=1.0281, Potential Metric=0.1449, Entropy Metric=0.0410]

Epoch 103:  75%|███████▌  | 12/16 [00:06<00:02,  1.96it/s][A
Training Epochs:  52%|█████▏    | 103/200 [12:10<14:05,  8.72s/it, -ELBO=1.0793, Potential Metric=0.1366, Entropy Metric=0.0377]

Epoch 103:  81%|████████▏ | 13/16 [00:06<00:01,  1.97it/s][A
Training Epochs:  52%|█████▏    | 103/200 [12:11<14:05,  8.72s/it, -ELBO=1.0729, Potential Metric=0.1390, Entropy Metric=0.0404]

Epoch 103:  88%|████████▊ | 14/16 [00:07<00:01,  1.95it/s][A
Training Epochs:  52%|█████▏    | 103/200 [12:11<14:05,  8.72s/it, -ELBO=1.0127, Potential Metric=0.1551, Entropy Metric=0.0418]

Epoch 103:  94%|█████████▍| 15/16 [00:07<00:00,  1.92it/s][A
Training Epochs:  52%|█████▏    | 103/200 [12:12<14:05,  8.72s/it, -ELBO=1.0575, Potential Metric=0.1378, Entropy Metric=0.0395]

Epoch 103: 100%|██████████| 16/16 [00:08<00:00,  1.86it/s][A

                                                          [A
Training Epochs:  52%|█████▏    | 104/200 [12:12<13:52,  8.68s/it, -ELBO=1.0575, Potential Metric=0.1378, Entropy Metric=0.0395]

Epoch 104:   0%|          | 0/16 [00:00<?, ?it/s][A
Training Epochs:  52%|█████▏    | 104/200 [12:13<13:52,  8.68s/it, -ELBO=1.0448, Potential Metric=0.1423, Entropy Metric=0.0420]

Epoch 104:   6%|▋         | 1/16 [00:00<00:07,  1.88it/s][A
Training Epochs:  52%|█████▏    | 104/200 [12:13<13:52,  8.68s/it, -ELBO=1.0504, Potential Metric=0.1531, Entropy Metric=0.0400]

Epoch 104:  12%|█▎        | 2/16 [00:01<00:07,  1.97it/s][A
Training Epochs:  52%|█████▏    | 104/200 [12:14<13:52,  8.68s/it, -ELBO=1.0741, Potential Metric=0.1377, Entropy Metric=0.0410]

Epoch 104:  19%|█▉        | 3/16 [00:01<00:06,  1.96it/s][A
Training Epochs:  52%|█████▏    | 104/200 [12:14<13:52,  8.68s/it, -ELBO=1.0567, Potential Metric=0.1317, Entropy Metric=0.0385]

Epoch 104:  25%|██▌       | 4/16 [00:02<00:06,  1.94it/s][A
Training Epochs:  52%|█████▏    | 104/200 [12:15<13:52,  8.68s/it, -ELBO=1.0606, Potential Metric=0.1435, Entropy Metric=0.0401]

Epoch 104:  31%|███▏      | 5/16 [00:02<00:05,  1.91it/s][A
Training Epochs:  52%|█████▏    | 104/200 [12:15<13:52,  8.68s/it, -ELBO=1.0430, Potential Metric=0.1288, Entropy Metric=0.0368]

Epoch 104:  38%|███▊      | 6/16 [00:03<00:05,  1.93it/s][A
Training Epochs:  52%|█████▏    | 104/200 [12:16<13:52,  8.68s/it, -ELBO=1.0418, Potential Metric=0.1369, Entropy Metric=0.0381]

Epoch 104:  44%|████▍     | 7/16 [00:03<00:04,  1.92it/s][A
Training Epochs:  52%|█████▏    | 104/200 [12:16<13:52,  8.68s/it, -ELBO=1.0216, Potential Metric=0.1450, Entropy Metric=0.0393]

Epoch 104:  50%|█████     | 8/16 [00:04<00:04,  1.96it/s][A
Training Epochs:  52%|█████▏    | 104/200 [12:17<13:52,  8.68s/it, -ELBO=1.0557, Potential Metric=0.1608, Entropy Metric=0.0427]

Epoch 104:  56%|█████▋    | 9/16 [00:04<00:03,  1.89it/s][A
Training Epochs:  52%|█████▏    | 104/200 [12:17<13:52,  8.68s/it, -ELBO=1.0415, Potential Metric=0.1420, Entropy Metric=0.0393]

Epoch 104:  62%|██████▎   | 10/16 [00:05<00:03,  1.87it/s][A
Training Epochs:  52%|█████▏    | 104/200 [12:18<13:52,  8.68s/it, -ELBO=1.0656, Potential Metric=0.1479, Entropy Metric=0.0383]

Epoch 104:  69%|██████▉   | 11/16 [00:05<00:02,  1.90it/s][A
Training Epochs:  52%|█████▏    | 104/200 [12:18<13:52,  8.68s/it, -ELBO=1.0567, Potential Metric=0.1455, Entropy Metric=0.0407]

Epoch 104:  75%|███████▌  | 12/16 [00:06<00:02,  1.90it/s][A
Training Epochs:  52%|█████▏    | 104/200 [12:19<13:52,  8.68s/it, -ELBO=1.0270, Potential Metric=0.1500, Entropy Metric=0.0408]

Epoch 104:  81%|████████▏ | 13/16 [00:06<00:01,  1.91it/s][A
Training Epochs:  52%|█████▏    | 104/200 [12:19<13:52,  8.68s/it, -ELBO=1.0304, Potential Metric=0.1585, Entropy Metric=0.0422]

Epoch 104:  88%|████████▊ | 14/16 [00:07<00:01,  1.89it/s][A
Training Epochs:  52%|█████▏    | 104/200 [12:20<13:52,  8.68s/it, -ELBO=1.0368, Potential Metric=0.1510, Entropy Metric=0.0402]

Epoch 104:  94%|█████████▍| 15/16 [00:07<00:00,  1.91it/s][A
Training Epochs:  52%|█████▏    | 104/200 [12:20<13:52,  8.68s/it, -ELBO=1.0569, Potential Metric=0.1417, Entropy Metric=0.0396]

Epoch 104: 100%|██████████| 16/16 [00:08<00:00,  1.87it/s][A

                                                          [A
Training Epochs:  52%|█████▎    | 105/200 [12:20<13:39,  8.63s/it, -ELBO=1.0569, Potential Metric=0.1417, Entropy Metric=0.0396]

Epoch 105:   0%|          | 0/16 [00:00<?, ?it/s][A
Training Epochs:  52%|█████▎    | 105/200 [12:21<13:39,  8.63s/it, -ELBO=1.0444, Potential Metric=0.1469, Entropy Metric=0.0411]

Epoch 105:   6%|▋         | 1/16 [00:00<00:09,  1.61it/s][A
Training Epochs:  52%|█████▎    | 105/200 [12:22<13:39,  8.63s/it, -ELBO=1.0854, Potential Metric=0.1275, Entropy Metric=0.0371]

Epoch 105:  12%|█▎        | 2/16 [00:01<00:07,  1.79it/s][A
Training Epochs:  52%|█████▎    | 105/200 [12:22<13:39,  8.63s/it, -ELBO=1.0155, Potential Metric=0.1352, Entropy Metric=0.0354]

Epoch 105:  19%|█▉        | 3/16 [00:01<00:07,  1.80it/s][A
Training Epochs:  52%|█████▎    | 105/200 [12:23<13:39,  8.63s/it, -ELBO=1.0243, Potential Metric=0.1384, Entropy Metric=0.0379]

Epoch 105:  25%|██▌       | 4/16 [00:02<00:06,  1.83it/s][A
Training Epochs:  52%|█████▎    | 105/200 [12:23<13:39,  8.63s/it, -ELBO=1.0446, Potential Metric=0.1459, Entropy Metric=0.0394]

Epoch 105:  31%|███▏      | 5/16 [00:02<00:05,  1.89it/s][A
Training Epochs:  52%|█████▎    | 105/200 [12:24<13:39,  8.63s/it, -ELBO=1.0711, Potential Metric=0.1376, Entropy Metric=0.0386]

Epoch 105:  38%|███▊      | 6/16 [00:03<00:05,  1.84it/s][A
Training Epochs:  52%|█████▎    | 105/200 [12:24<13:39,  8.63s/it, -ELBO=1.0171, Potential Metric=0.1423, Entropy Metric=0.0393]

Epoch 105:  44%|████▍     | 7/16 [00:03<00:04,  1.81it/s][A
Training Epochs:  52%|█████▎    | 105/200 [12:25<13:39,  8.63s/it, -ELBO=1.0501, Potential Metric=0.1432, Entropy Metric=0.0413]

Epoch 105:  50%|█████     | 8/16 [00:04<00:04,  1.77it/s][A
Training Epochs:  52%|█████▎    | 105/200 [12:26<13:39,  8.63s/it, -ELBO=1.0468, Potential Metric=0.1426, Entropy Metric=0.0403]

Epoch 105:  56%|█████▋    | 9/16 [00:04<00:03,  1.80it/s][A
Training Epochs:  52%|█████▎    | 105/200 [12:26<13:39,  8.63s/it, -ELBO=1.0410, Potential Metric=0.1394, Entropy Metric=0.0407]

Epoch 105:  62%|██████▎   | 10/16 [00:05<00:03,  1.78it/s][A
Training Epochs:  52%|█████▎    | 105/200 [12:27<13:39,  8.63s/it, -ELBO=1.0291, Potential Metric=0.1337, Entropy Metric=0.0399]

Epoch 105:  69%|██████▉   | 11/16 [00:06<00:02,  1.79it/s][A
Training Epochs:  52%|█████▎    | 105/200 [12:27<13:39,  8.63s/it, -ELBO=1.0315, Potential Metric=0.1470, Entropy Metric=0.0432]

Epoch 105:  75%|███████▌  | 12/16 [00:06<00:02,  1.80it/s][A
Training Epochs:  52%|█████▎    | 105/200 [12:28<13:39,  8.63s/it, -ELBO=1.0183, Potential Metric=0.1530, Entropy Metric=0.0440]

Epoch 105:  81%|████████▏ | 13/16 [00:07<00:01,  1.85it/s][A
Training Epochs:  52%|█████▎    | 105/200 [12:28<13:39,  8.63s/it, -ELBO=1.0530, Potential Metric=0.1338, Entropy Metric=0.0373]

Epoch 105:  88%|████████▊ | 14/16 [00:07<00:01,  1.85it/s][A
Training Epochs:  52%|█████▎    | 105/200 [12:29<13:39,  8.63s/it, -ELBO=1.0238, Potential Metric=0.1509, Entropy Metric=0.0425]

Epoch 105:  94%|█████████▍| 15/16 [00:08<00:00,  1.91it/s][A
Training Epochs:  52%|█████▎    | 105/200 [12:29<13:39,  8.63s/it, -ELBO=1.0380, Potential Metric=0.1401, Entropy Metric=0.0394]

Epoch 105: 100%|██████████| 16/16 [00:08<00:00,  1.88it/s][A

                                                          [A
Training Epochs:  53%|█████▎    | 106/200 [12:29<13:37,  8.69s/it, -ELBO=1.0380, Potential Metric=0.1401, Entropy Metric=0.0394]

Epoch 106:   0%|          | 0/16 [00:00<?, ?it/s][A
Training Epochs:  53%|█████▎    | 106/200 [12:30<13:37,  8.69s/it, -ELBO=1.0156, Potential Metric=0.1420, Entropy Metric=0.0395]

Epoch 106:   6%|▋         | 1/16 [00:00<00:09,  1.62it/s][A
Training Epochs:  53%|█████▎    | 106/200 [12:31<13:37,  8.69s/it, -ELBO=1.0378, Potential Metric=0.1389, Entropy Metric=0.0393]

Epoch 106:  12%|█▎        | 2/16 [00:01<00:08,  1.74it/s][A
Training Epochs:  53%|█████▎    | 106/200 [12:31<13:37,  8.69s/it, -ELBO=1.0390, Potential Metric=0.1422, Entropy Metric=0.0399]

Epoch 106:  19%|█▉        | 3/16 [00:01<00:07,  1.77it/s][A
Training Epochs:  53%|█████▎    | 106/200 [12:32<13:37,  8.69s/it, -ELBO=1.0530, Potential Metric=0.1465, Entropy Metric=0.0443]

Epoch 106:  25%|██▌       | 4/16 [00:02<00:07,  1.67it/s][A
Training Epochs:  53%|█████▎    | 106/200 [12:32<13:37,  8.69s/it, -ELBO=1.0214, Potential Metric=0.1581, Entropy Metric=0.0434]

Epoch 106:  31%|███▏      | 5/16 [00:02<00:06,  1.70it/s][A
Training Epochs:  53%|█████▎    | 106/200 [12:33<13:37,  8.69s/it, -ELBO=1.0191, Potential Metric=0.1416, Entropy Metric=0.0403]

Epoch 106:  38%|███▊      | 6/16 [00:03<00:05,  1.69it/s][A
Training Epochs:  53%|█████▎    | 106/200 [12:33<13:37,  8.69s/it, -ELBO=1.0346, Potential Metric=0.1407, Entropy Metric=0.0425]

Epoch 106:  44%|████▍     | 7/16 [00:04<00:05,  1.73it/s][A
Training Epochs:  53%|█████▎    | 106/200 [12:34<13:37,  8.69s/it, -ELBO=1.0709, Potential Metric=0.1437, Entropy Metric=0.0386]

Epoch 106:  50%|█████     | 8/16 [00:04<00:04,  1.74it/s][A
Training Epochs:  53%|█████▎    | 106/200 [12:35<13:37,  8.69s/it, -ELBO=0.9981, Potential Metric=0.1573, Entropy Metric=0.0418]

Epoch 106:  56%|█████▋    | 9/16 [00:05<00:04,  1.71it/s][A
Training Epochs:  53%|█████▎    | 106/200 [12:35<13:37,  8.69s/it, -ELBO=1.0266, Potential Metric=0.1530, Entropy Metric=0.0416]

Epoch 106:  62%|██████▎   | 10/16 [00:05<00:03,  1.73it/s][A
Training Epochs:  53%|█████▎    | 106/200 [12:36<13:37,  8.69s/it, -ELBO=1.0348, Potential Metric=0.1384, Entropy Metric=0.0394]

Epoch 106:  69%|██████▉   | 11/16 [00:06<00:02,  1.73it/s][A
Training Epochs:  53%|█████▎    | 106/200 [12:36<13:37,  8.69s/it, -ELBO=1.0485, Potential Metric=0.1344, Entropy Metric=0.0374]

Epoch 106:  75%|███████▌  | 12/16 [00:06<00:02,  1.74it/s][A
Training Epochs:  53%|█████▎    | 106/200 [12:37<13:37,  8.69s/it, -ELBO=1.0408, Potential Metric=0.1474, Entropy Metric=0.0364]

Epoch 106:  81%|████████▏ | 13/16 [00:07<00:01,  1.71it/s][A
Training Epochs:  53%|█████▎    | 106/200 [12:37<13:37,  8.69s/it, -ELBO=1.0521, Potential Metric=0.1488, Entropy Metric=0.0416]

Epoch 106:  88%|████████▊ | 14/16 [00:08<00:01,  1.79it/s][A
Training Epochs:  53%|█████▎    | 106/200 [12:38<13:37,  8.69s/it, -ELBO=1.0400, Potential Metric=0.1338, Entropy Metric=0.0389]

Epoch 106:  94%|█████████▍| 15/16 [00:08<00:00,  1.84it/s][A
Training Epochs:  53%|█████▎    | 106/200 [12:38<13:37,  8.69s/it, -ELBO=1.0450, Potential Metric=0.1313, Entropy Metric=0.0377]

Epoch 106: 100%|██████████| 16/16 [00:09<00:00,  1.85it/s][A

                                                          [A
Training Epochs:  54%|█████▎    | 107/200 [12:38<13:42,  8.84s/it, -ELBO=1.0450, Potential Metric=0.1313, Entropy Metric=0.0377]

Epoch 107:   0%|          | 0/16 [00:00<?, ?it/s][A
Training Epochs:  54%|█████▎    | 107/200 [12:39<13:42,  8.84s/it, -ELBO=1.0575, Potential Metric=0.1383, Entropy Metric=0.0387]

Epoch 107:   6%|▋         | 1/16 [00:00<00:09,  1.63it/s][A
Training Epochs:  54%|█████▎    | 107/200 [12:40<13:42,  8.84s/it, -ELBO=1.0144, Potential Metric=0.1414, Entropy Metric=0.0362]

Epoch 107:  12%|█▎        | 2/16 [00:01<00:07,  1.87it/s][A
Training Epochs:  54%|█████▎    | 107/200 [12:40<13:42,  8.84s/it, -ELBO=1.0261, Potential Metric=0.1355, Entropy Metric=0.0388]

Epoch 107:  19%|█▉        | 3/16 [00:01<00:06,  1.91it/s][A
Training Epochs:  54%|█████▎    | 107/200 [12:41<13:42,  8.84s/it, -ELBO=1.0298, Potential Metric=0.1552, Entropy Metric=0.0398]

Epoch 107:  25%|██▌       | 4/16 [00:02<00:06,  1.86it/s][A
Training Epochs:  54%|█████▎    | 107/200 [12:41<13:42,  8.84s/it, -ELBO=1.0276, Potential Metric=0.1531, Entropy Metric=0.0429]

Epoch 107:  31%|███▏      | 5/16 [00:02<00:05,  1.84it/s][A
Training Epochs:  54%|█████▎    | 107/200 [12:42<13:42,  8.84s/it, -ELBO=1.0207, Potential Metric=0.1478, Entropy Metric=0.0426]

Epoch 107:  38%|███▊      | 6/16 [00:03<00:05,  1.85it/s][A
Training Epochs:  54%|█████▎    | 107/200 [12:42<13:42,  8.84s/it, -ELBO=1.0380, Potential Metric=0.1401, Entropy Metric=0.0389]

Epoch 107:  44%|████▍     | 7/16 [00:03<00:04,  1.87it/s][A
Training Epochs:  54%|█████▎    | 107/200 [12:43<13:42,  8.84s/it, -ELBO=1.0387, Potential Metric=0.1435, Entropy Metric=0.0418]

Epoch 107:  50%|█████     | 8/16 [00:04<00:04,  1.82it/s][A
Training Epochs:  54%|█████▎    | 107/200 [12:43<13:42,  8.84s/it, -ELBO=1.0262, Potential Metric=0.1368, Entropy Metric=0.0398]

Epoch 107:  56%|█████▋    | 9/16 [00:04<00:03,  1.86it/s][A
Training Epochs:  54%|█████▎    | 107/200 [12:44<13:42,  8.84s/it, -ELBO=1.0119, Potential Metric=0.1518, Entropy Metric=0.0432]

Epoch 107:  62%|██████▎   | 10/16 [00:05<00:03,  1.85it/s][A
Training Epochs:  54%|█████▎    | 107/200 [12:45<13:42,  8.84s/it, -ELBO=1.0204, Potential Metric=0.1453, Entropy Metric=0.0434]

Epoch 107:  69%|██████▉   | 11/16 [00:05<00:02,  1.86it/s][A
Training Epochs:  54%|█████▎    | 107/200 [12:45<13:42,  8.84s/it, -ELBO=1.0274, Potential Metric=0.1332, Entropy Metric=0.0400]

Epoch 107:  75%|███████▌  | 12/16 [00:06<00:02,  1.90it/s][A
Training Epochs:  54%|█████▎    | 107/200 [12:46<13:42,  8.84s/it, -ELBO=1.0171, Potential Metric=0.1401, Entropy Metric=0.0401]

Epoch 107:  81%|████████▏ | 13/16 [00:06<00:01,  1.88it/s][A
Training Epochs:  54%|█████▎    | 107/200 [12:46<13:42,  8.84s/it, -ELBO=1.0194, Potential Metric=0.1406, Entropy Metric=0.0390]

Epoch 107:  88%|████████▊ | 14/16 [00:07<00:01,  1.86it/s][A
Training Epochs:  54%|█████▎    | 107/200 [12:47<13:42,  8.84s/it, -ELBO=1.0030, Potential Metric=0.1472, Entropy Metric=0.0430]

Epoch 107:  94%|█████████▍| 15/16 [00:08<00:00,  1.88it/s][A
Training Epochs:  54%|█████▎    | 107/200 [12:47<13:42,  8.84s/it, -ELBO=1.0464, Potential Metric=0.1414, Entropy Metric=0.0404]

Epoch 107: 100%|██████████| 16/16 [00:08<00:00,  1.94it/s][A

                                                          [A
Training Epochs:  54%|█████▍    | 108/200 [12:47<13:27,  8.78s/it, -ELBO=1.0464, Potential Metric=0.1414, Entropy Metric=0.0404]

Epoch 108:   0%|          | 0/16 [00:00<?, ?it/s][A
Training Epochs:  54%|█████▍    | 108/200 [12:48<13:27,  8.78s/it, -ELBO=1.0265, Potential Metric=0.1439, Entropy Metric=0.0403]

Epoch 108:   6%|▋         | 1/16 [00:00<00:08,  1.71it/s][A
Training Epochs:  54%|█████▍    | 108/200 [12:48<13:27,  8.78s/it, -ELBO=1.0142, Potential Metric=0.1465, Entropy Metric=0.0401]

Epoch 108:  12%|█▎        | 2/16 [00:01<00:07,  1.76it/s][A
Training Epochs:  54%|█████▍    | 108/200 [12:49<13:27,  8.78s/it, -ELBO=1.0311, Potential Metric=0.1520, Entropy Metric=0.0412]

Epoch 108:  19%|█▉        | 3/16 [00:01<00:06,  1.86it/s][A
Training Epochs:  54%|█████▍    | 108/200 [12:49<13:27,  8.78s/it, -ELBO=1.0065, Potential Metric=0.1455, Entropy Metric=0.0408]

Epoch 108:  25%|██▌       | 4/16 [00:02<00:06,  1.93it/s][A
Training Epochs:  54%|█████▍    | 108/200 [12:50<13:27,  8.78s/it, -ELBO=1.0406, Potential Metric=0.1477, Entropy Metric=0.0404]

Epoch 108:  31%|███▏      | 5/16 [00:02<00:05,  1.86it/s][A
Training Epochs:  54%|█████▍    | 108/200 [12:50<13:27,  8.78s/it, -ELBO=0.9957, Potential Metric=0.1529, Entropy Metric=0.0415]

Epoch 108:  38%|███▊      | 6/16 [00:03<00:05,  1.85it/s][A
Training Epochs:  54%|█████▍    | 108/200 [12:51<13:27,  8.78s/it, -ELBO=1.0145, Potential Metric=0.1375, Entropy Metric=0.0382]

Epoch 108:  44%|████▍     | 7/16 [00:03<00:04,  1.88it/s][A
Training Epochs:  54%|█████▍    | 108/200 [12:52<13:27,  8.78s/it, -ELBO=1.0124, Potential Metric=0.1372, Entropy Metric=0.0385]

Epoch 108:  50%|█████     | 8/16 [00:04<00:04,  1.81it/s][A
Training Epochs:  54%|█████▍    | 108/200 [12:52<13:27,  8.78s/it, -ELBO=1.0542, Potential Metric=0.1329, Entropy Metric=0.0374]

Epoch 108:  56%|█████▋    | 9/16 [00:04<00:03,  1.81it/s][A
Training Epochs:  54%|█████▍    | 108/200 [12:53<13:27,  8.78s/it, -ELBO=0.9968, Potential Metric=0.1378, Entropy Metric=0.0365]

Epoch 108:  62%|██████▎   | 10/16 [00:05<00:03,  1.85it/s][A
Training Epochs:  54%|█████▍    | 108/200 [12:53<13:27,  8.78s/it, -ELBO=1.0207, Potential Metric=0.1461, Entropy Metric=0.0384]

Epoch 108:  69%|██████▉   | 11/16 [00:05<00:02,  1.90it/s][A
Training Epochs:  54%|█████▍    | 108/200 [12:54<13:27,  8.78s/it, -ELBO=1.0471, Potential Metric=0.1565, Entropy Metric=0.0387]

Epoch 108:  75%|███████▌  | 12/16 [00:06<00:02,  1.89it/s][A
Training Epochs:  54%|█████▍    | 108/200 [12:54<13:27,  8.78s/it, -ELBO=1.0273, Potential Metric=0.1418, Entropy Metric=0.0356]

Epoch 108:  81%|████████▏ | 13/16 [00:07<00:01,  1.85it/s][A
Training Epochs:  54%|█████▍    | 108/200 [12:55<13:27,  8.78s/it, -ELBO=1.0206, Potential Metric=0.1363, Entropy Metric=0.0358]

Epoch 108:  88%|████████▊ | 14/16 [00:07<00:01,  1.80it/s][A
Training Epochs:  54%|█████▍    | 108/200 [12:55<13:27,  8.78s/it, -ELBO=1.0438, Potential Metric=0.1343, Entropy Metric=0.0370]

Epoch 108:  94%|█████████▍| 15/16 [00:08<00:00,  1.78it/s][A
Training Epochs:  54%|█████▍    | 108/200 [12:56<13:27,  8.78s/it, -ELBO=0.9959, Potential Metric=0.1381, Entropy Metric=0.0356]

Epoch 108: 100%|██████████| 16/16 [00:08<00:00,  1.65it/s][A

                                                          [A
Training Epochs:  55%|█████▍    | 109/200 [12:56<13:25,  8.85s/it, -ELBO=0.9959, Potential Metric=0.1381, Entropy Metric=0.0356]

Epoch 109:   0%|          | 0/16 [00:00<?, ?it/s][A
Training Epochs:  55%|█████▍    | 109/200 [12:57<13:25,  8.85s/it, -ELBO=1.0056, Potential Metric=0.1473, Entropy Metric=0.0386]

Epoch 109:   6%|▋         | 1/16 [00:00<00:09,  1.63it/s][A
Training Epochs:  55%|█████▍    | 109/200 [12:57<13:25,  8.85s/it, -ELBO=1.0367, Potential Metric=0.1447, Entropy Metric=0.0425]

Epoch 109:  12%|█▎        | 2/16 [00:01<00:07,  1.77it/s][A
Training Epochs:  55%|█████▍    | 109/200 [12:58<13:25,  8.85s/it, -ELBO=0.9984, Potential Metric=0.1560, Entropy Metric=0.0434]

Epoch 109:  19%|█▉        | 3/16 [00:01<00:07,  1.77it/s][A
Training Epochs:  55%|█████▍    | 109/200 [12:58<13:25,  8.85s/it, -ELBO=0.9925, Potential Metric=0.1391, Entropy Metric=0.0379]

Epoch 109:  25%|██▌       | 4/16 [00:02<00:06,  1.85it/s][A
Training Epochs:  55%|█████▍    | 109/200 [12:59<13:25,  8.85s/it, -ELBO=1.0732, Potential Metric=0.1363, Entropy Metric=0.0388]

Epoch 109:  31%|███▏      | 5/16 [00:02<00:05,  1.84it/s][A
Training Epochs:  55%|█████▍    | 109/200 [13:00<13:25,  8.85s/it, -ELBO=0.9989, Potential Metric=0.1529, Entropy Metric=0.0415]

Epoch 109:  38%|███▊      | 6/16 [00:03<00:05,  1.86it/s][A
Training Epochs:  55%|█████▍    | 109/200 [13:00<13:25,  8.85s/it, -ELBO=1.0199, Potential Metric=0.1522, Entropy Metric=0.0403]

Epoch 109:  44%|████▍     | 7/16 [00:03<00:04,  1.85it/s][A
Training Epochs:  55%|█████▍    | 109/200 [13:01<13:25,  8.85s/it, -ELBO=1.0083, Potential Metric=0.1491, Entropy Metric=0.0410]

Epoch 109:  50%|█████     | 8/16 [00:04<00:04,  1.77it/s][A
Training Epochs:  55%|█████▍    | 109/200 [13:01<13:25,  8.85s/it, -ELBO=0.9913, Potential Metric=0.1447, Entropy Metric=0.0411]

Epoch 109:  56%|█████▋    | 9/16 [00:04<00:03,  1.80it/s][A
Training Epochs:  55%|█████▍    | 109/200 [13:02<13:25,  8.85s/it, -ELBO=1.0298, Potential Metric=0.1444, Entropy Metric=0.0408]

Epoch 109:  62%|██████▎   | 10/16 [00:05<00:03,  1.82it/s][A
Training Epochs:  55%|█████▍    | 109/200 [13:02<13:25,  8.85s/it, -ELBO=1.0512, Potential Metric=0.1335, Entropy Metric=0.0409]

Epoch 109:  69%|██████▉   | 11/16 [00:06<00:02,  1.86it/s][A
Training Epochs:  55%|█████▍    | 109/200 [13:03<13:25,  8.85s/it, -ELBO=1.0065, Potential Metric=0.1397, Entropy Metric=0.0382]

Epoch 109:  75%|███████▌  | 12/16 [00:06<00:02,  1.83it/s][A
Training Epochs:  55%|█████▍    | 109/200 [13:03<13:25,  8.85s/it, -ELBO=0.9910, Potential Metric=0.1349, Entropy Metric=0.0384]

Epoch 109:  81%|████████▏ | 13/16 [00:07<00:01,  1.87it/s][A
Training Epochs:  55%|█████▍    | 109/200 [13:04<13:25,  8.85s/it, -ELBO=1.0325, Potential Metric=0.1267, Entropy Metric=0.0397]

Epoch 109:  88%|████████▊ | 14/16 [00:07<00:01,  1.88it/s][A
Training Epochs:  55%|█████▍    | 109/200 [13:04<13:25,  8.85s/it, -ELBO=1.0421, Potential Metric=0.1291, Entropy Metric=0.0390]

Epoch 109:  94%|█████████▍| 15/16 [00:08<00:00,  1.86it/s][A
Training Epochs:  55%|█████▍    | 109/200 [13:05<13:25,  8.85s/it, -ELBO=0.9987, Potential Metric=0.1497, Entropy Metric=0.0413]

Epoch 109: 100%|██████████| 16/16 [00:08<00:00,  1.86it/s][A

                                                          [A
Training Epochs:  55%|█████▌    | 110/200 [13:05<13:16,  8.84s/it, -ELBO=0.9987, Potential Metric=0.1497, Entropy Metric=0.0413]

Epoch 110:   0%|          | 0/16 [00:00<?, ?it/s][A
Training Epochs:  55%|█████▌    | 110/200 [13:06<13:16,  8.84s/it, -ELBO=1.0311, Potential Metric=0.1351, Entropy Metric=0.0382]

Epoch 110:   6%|▋         | 1/16 [00:00<00:08,  1.80it/s][A
Training Epochs:  55%|█████▌    | 110/200 [13:06<13:16,  8.84s/it, -ELBO=0.9985, Potential Metric=0.1428, Entropy Metric=0.0421]

Epoch 110:  12%|█▎        | 2/16 [00:01<00:07,  1.82it/s][A
Training Epochs:  55%|█████▌    | 110/200 [13:07<13:16,  8.84s/it, -ELBO=0.9773, Potential Metric=0.1404, Entropy Metric=0.0430]

Epoch 110:  19%|█▉        | 3/16 [00:01<00:06,  1.89it/s][A
Training Epochs:  55%|█████▌    | 110/200 [13:07<13:16,  8.84s/it, -ELBO=1.0447, Potential Metric=0.1388, Entropy Metric=0.0434]

Epoch 110:  25%|██▌       | 4/16 [00:02<00:06,  1.92it/s][A
Training Epochs:  55%|█████▌    | 110/200 [13:08<13:16,  8.84s/it, -ELBO=1.0160, Potential Metric=0.1378, Entropy Metric=0.0428]

Epoch 110:  31%|███▏      | 5/16 [00:02<00:05,  1.93it/s][A
Training Epochs:  55%|█████▌    | 110/200 [13:08<13:16,  8.84s/it, -ELBO=1.0246, Potential Metric=0.1468, Entropy Metric=0.0417]

Epoch 110:  38%|███▊      | 6/16 [00:03<00:05,  1.87it/s][A
Training Epochs:  55%|█████▌    | 110/200 [13:09<13:16,  8.84s/it, -ELBO=1.0098, Potential Metric=0.1360, Entropy Metric=0.0418]

Epoch 110:  44%|████▍     | 7/16 [00:03<00:05,  1.79it/s][A
Training Epochs:  55%|█████▌    | 110/200 [13:09<13:16,  8.84s/it, -ELBO=1.0067, Potential Metric=0.1501, Entropy Metric=0.0419]

Epoch 110:  50%|█████     | 8/16 [00:04<00:04,  1.82it/s][A
Training Epochs:  55%|█████▌    | 110/200 [13:10<13:16,  8.84s/it, -ELBO=1.0165, Potential Metric=0.1426, Entropy Metric=0.0449]

Epoch 110:  56%|█████▋    | 9/16 [00:04<00:03,  1.82it/s][A
Training Epochs:  55%|█████▌    | 110/200 [13:10<13:16,  8.84s/it, -ELBO=0.9988, Potential Metric=0.1577, Entropy Metric=0.0407]

Epoch 110:  62%|██████▎   | 10/16 [00:05<00:03,  1.81it/s][A
Training Epochs:  55%|█████▌    | 110/200 [13:11<13:16,  8.84s/it, -ELBO=0.9984, Potential Metric=0.1443, Entropy Metric=0.0412]

Epoch 110:  69%|██████▉   | 11/16 [00:05<00:02,  1.81it/s][A
Training Epochs:  55%|█████▌    | 110/200 [13:12<13:16,  8.84s/it, -ELBO=1.0280, Potential Metric=0.1319, Entropy Metric=0.0386]

Epoch 110:  75%|███████▌  | 12/16 [00:06<00:02,  1.82it/s][A
Training Epochs:  55%|█████▌    | 110/200 [13:12<13:16,  8.84s/it, -ELBO=0.9993, Potential Metric=0.1375, Entropy Metric=0.0402]

Epoch 110:  81%|████████▏ | 13/16 [00:07<00:01,  1.86it/s][A
Training Epochs:  55%|█████▌    | 110/200 [13:13<13:16,  8.84s/it, -ELBO=1.0247, Potential Metric=0.1279, Entropy Metric=0.0393]

Epoch 110:  88%|████████▊ | 14/16 [00:07<00:01,  1.87it/s][A
Training Epochs:  55%|█████▌    | 110/200 [13:13<13:16,  8.84s/it, -ELBO=1.0162, Potential Metric=0.1304, Entropy Metric=0.0380]

Epoch 110:  94%|█████████▍| 15/16 [00:08<00:00,  1.93it/s][A
Training Epochs:  55%|█████▌    | 110/200 [13:14<13:16,  8.84s/it, -ELBO=0.9939, Potential Metric=0.1515, Entropy Metric=0.0409]

Epoch 110: 100%|██████████| 16/16 [00:08<00:00,  1.93it/s][A

                                                          [A
Training Epochs:  56%|█████▌    | 111/200 [13:14<13:00,  8.77s/it, -ELBO=0.9939, Potential Metric=0.1515, Entropy Metric=0.0409]

Epoch 111:   0%|          | 0/16 [00:00<?, ?it/s][A
Training Epochs:  56%|█████▌    | 111/200 [13:14<13:00,  8.77s/it, -ELBO=1.0191, Potential Metric=0.1369, Entropy Metric=0.0396]

Epoch 111:   6%|▋         | 1/16 [00:00<00:08,  1.73it/s][A
Training Epochs:  56%|█████▌    | 111/200 [13:15<13:00,  8.77s/it, -ELBO=1.0051, Potential Metric=0.1323, Entropy Metric=0.0422]

Epoch 111:  12%|█▎        | 2/16 [00:01<00:07,  1.77it/s][A
Training Epochs:  56%|█████▌    | 111/200 [13:15<13:00,  8.77s/it, -ELBO=1.0105, Potential Metric=0.1496, Entropy Metric=0.0444]

Epoch 111:  19%|█▉        | 3/16 [00:01<00:06,  1.90it/s][A
Training Epochs:  56%|█████▌    | 111/200 [13:16<13:00,  8.77s/it, -ELBO=1.0110, Potential Metric=0.1364, Entropy Metric=0.0408]

Epoch 111:  25%|██▌       | 4/16 [00:02<00:06,  1.89it/s][A
Training Epochs:  56%|█████▌    | 111/200 [13:16<13:00,  8.77s/it, -ELBO=1.0109, Potential Metric=0.1393, Entropy Metric=0.0399]

Epoch 111:  31%|███▏      | 5/16 [00:02<00:05,  1.89it/s][A
Training Epochs:  56%|█████▌    | 111/200 [13:17<13:00,  8.77s/it, -ELBO=1.0063, Potential Metric=0.1463, Entropy Metric=0.0400]

Epoch 111:  38%|███▊      | 6/16 [00:03<00:05,  1.89it/s][A
Training Epochs:  56%|█████▌    | 111/200 [13:17<13:00,  8.77s/it, -ELBO=0.9862, Potential Metric=0.1433, Entropy Metric=0.0410]

Epoch 111:  44%|████▍     | 7/16 [00:03<00:04,  1.86it/s][A
Training Epochs:  56%|█████▌    | 111/200 [13:18<13:00,  8.77s/it, -ELBO=1.0132, Potential Metric=0.1334, Entropy Metric=0.0387]

Epoch 111:  50%|█████     | 8/16 [00:04<00:04,  1.87it/s][A
Training Epochs:  56%|█████▌    | 111/200 [13:18<13:00,  8.77s/it, -ELBO=0.9959, Potential Metric=0.1370, Entropy Metric=0.0404]

Epoch 111:  56%|█████▋    | 9/16 [00:04<00:03,  1.94it/s][A
Training Epochs:  56%|█████▌    | 111/200 [13:19<13:00,  8.77s/it, -ELBO=0.9619, Potential Metric=0.1565, Entropy Metric=0.0414]

Epoch 111:  62%|██████▎   | 10/16 [00:05<00:03,  1.80it/s][A
Training Epochs:  56%|█████▌    | 111/200 [13:20<13:00,  8.77s/it, -ELBO=1.0066, Potential Metric=0.1479, Entropy Metric=0.0418]

Epoch 111:  69%|██████▉   | 11/16 [00:05<00:02,  1.81it/s][A
Training Epochs:  56%|█████▌    | 111/200 [13:20<13:00,  8.77s/it, -ELBO=1.0265, Potential Metric=0.1342, Entropy Metric=0.0408]

Epoch 111:  75%|███████▌  | 12/16 [00:06<00:02,  1.81it/s][A
Training Epochs:  56%|█████▌    | 111/200 [13:21<13:00,  8.77s/it, -ELBO=1.0287, Potential Metric=0.1416, Entropy Metric=0.0411]

Epoch 111:  81%|████████▏ | 13/16 [00:07<00:01,  1.80it/s][A
Training Epochs:  56%|█████▌    | 111/200 [13:21<13:00,  8.77s/it, -ELBO=1.0236, Potential Metric=0.1367, Entropy Metric=0.0413]

Epoch 111:  88%|████████▊ | 14/16 [00:07<00:01,  1.77it/s][A
Training Epochs:  56%|█████▌    | 111/200 [13:22<13:00,  8.77s/it, -ELBO=0.9741, Potential Metric=0.1509, Entropy Metric=0.0409]

Epoch 111:  94%|█████████▍| 15/16 [00:08<00:00,  1.76it/s][A
Training Epochs:  56%|█████▌    | 111/200 [13:22<13:00,  8.77s/it, -ELBO=1.0272, Potential Metric=0.1243, Entropy Metric=0.0345]

Epoch 111: 100%|██████████| 16/16 [00:08<00:00,  1.77it/s][A

                                                          [A
Training Epochs:  56%|█████▌    | 112/200 [13:22<12:53,  8.79s/it, -ELBO=1.0272, Potential Metric=0.1243, Entropy Metric=0.0345]

Epoch 112:   0%|          | 0/16 [00:00<?, ?it/s][A
Training Epochs:  56%|█████▌    | 112/200 [13:23<12:53,  8.79s/it, -ELBO=1.0163, Potential Metric=0.1441, Entropy Metric=0.0399]

Epoch 112:   6%|▋         | 1/16 [00:00<00:08,  1.69it/s][A
Training Epochs:  56%|█████▌    | 112/200 [13:24<12:53,  8.79s/it, -ELBO=0.9978, Potential Metric=0.1410, Entropy Metric=0.0386]

Epoch 112:  12%|█▎        | 2/16 [00:01<00:08,  1.71it/s][A
Training Epochs:  56%|█████▌    | 112/200 [13:24<12:53,  8.79s/it, -ELBO=1.0049, Potential Metric=0.1478, Entropy Metric=0.0415]

Epoch 112:  19%|█▉        | 3/16 [00:01<00:07,  1.74it/s][A
Training Epochs:  56%|█████▌    | 112/200 [13:25<12:53,  8.79s/it, -ELBO=0.9873, Potential Metric=0.1483, Entropy Metric=0.0396]

Epoch 112:  25%|██▌       | 4/16 [00:02<00:06,  1.77it/s][A
Training Epochs:  56%|█████▌    | 112/200 [13:25<12:53,  8.79s/it, -ELBO=1.0095, Potential Metric=0.1455, Entropy Metric=0.0413]

Epoch 112:  31%|███▏      | 5/16 [00:02<00:06,  1.79it/s][A
Training Epochs:  56%|█████▌    | 112/200 [13:26<12:53,  8.79s/it, -ELBO=0.9981, Potential Metric=0.1443, Entropy Metric=0.0410]

Epoch 112:  38%|███▊      | 6/16 [00:03<00:05,  1.79it/s][A
Training Epochs:  56%|█████▌    | 112/200 [13:26<12:53,  8.79s/it, -ELBO=1.0557, Potential Metric=0.1276, Entropy Metric=0.0402]

Epoch 112:  44%|████▍     | 7/16 [00:03<00:05,  1.78it/s][A
Training Epochs:  56%|█████▌    | 112/200 [13:27<12:53,  8.79s/it, -ELBO=1.0273, Potential Metric=0.1293, Entropy Metric=0.0393]

Epoch 112:  50%|█████     | 8/16 [00:04<00:04,  1.75it/s][A
Training Epochs:  56%|█████▌    | 112/200 [13:27<12:53,  8.79s/it, -ELBO=0.9786, Potential Metric=0.1405, Entropy Metric=0.0397]

Epoch 112:  56%|█████▋    | 9/16 [00:05<00:03,  1.82it/s][A
Training Epochs:  56%|█████▌    | 112/200 [13:28<12:53,  8.79s/it, -ELBO=0.9855, Potential Metric=0.1388, Entropy Metric=0.0382]

Epoch 112:  62%|██████▎   | 10/16 [00:05<00:03,  1.85it/s][A
Training Epochs:  56%|█████▌    | 112/200 [13:29<12:53,  8.79s/it, -ELBO=0.9727, Potential Metric=0.1387, Entropy Metric=0.0364]

Epoch 112:  69%|██████▉   | 11/16 [00:06<00:02,  1.85it/s][A
Training Epochs:  56%|█████▌    | 112/200 [13:29<12:53,  8.79s/it, -ELBO=1.0039, Potential Metric=0.1435, Entropy Metric=0.0403]

Epoch 112:  75%|███████▌  | 12/16 [00:06<00:02,  1.92it/s][A
Training Epochs:  56%|█████▌    | 112/200 [13:29<12:53,  8.79s/it, -ELBO=1.0107, Potential Metric=0.1357, Entropy Metric=0.0394]

Epoch 112:  81%|████████▏ | 13/16 [00:07<00:01,  1.96it/s][A
Training Epochs:  56%|█████▌    | 112/200 [13:30<12:53,  8.79s/it, -ELBO=0.9807, Potential Metric=0.1517, Entropy Metric=0.0418]

Epoch 112:  88%|████████▊ | 14/16 [00:07<00:01,  1.92it/s][A
Training Epochs:  56%|█████▌    | 112/200 [13:31<12:53,  8.79s/it, -ELBO=0.9976, Potential Metric=0.1366, Entropy Metric=0.0407]

Epoch 112:  94%|█████████▍| 15/16 [00:08<00:00,  1.94it/s][A
Training Epochs:  56%|█████▌    | 112/200 [13:31<12:53,  8.79s/it, -ELBO=0.9936, Potential Metric=0.1419, Entropy Metric=0.0389]

Epoch 112: 100%|██████████| 16/16 [00:08<00:00,  1.89it/s][A

                                                          [A
Training Epochs:  56%|█████▋    | 113/200 [13:31<12:42,  8.77s/it, -ELBO=0.9936, Potential Metric=0.1419, Entropy Metric=0.0389]

Epoch 113:   0%|          | 0/16 [00:00<?, ?it/s][A
Training Epochs:  56%|█████▋    | 113/200 [13:32<12:42,  8.77s/it, -ELBO=1.0035, Potential Metric=0.1368, Entropy Metric=0.0411]

Epoch 113:   6%|▋         | 1/16 [00:00<00:08,  1.77it/s][A
Training Epochs:  56%|█████▋    | 113/200 [13:32<12:42,  8.77s/it, -ELBO=1.0017, Potential Metric=0.1222, Entropy Metric=0.0362]

Epoch 113:  12%|█▎        | 2/16 [00:01<00:07,  1.89it/s][A
Training Epochs:  56%|█████▋    | 113/200 [13:33<12:42,  8.77s/it, -ELBO=1.0043, Potential Metric=0.1300, Entropy Metric=0.0385]

Epoch 113:  19%|█▉        | 3/16 [00:01<00:07,  1.82it/s][A
Training Epochs:  56%|█████▋    | 113/200 [13:33<12:42,  8.77s/it, -ELBO=0.9792, Potential Metric=0.1511, Entropy Metric=0.0418]

Epoch 113:  25%|██▌       | 4/16 [00:02<00:06,  1.91it/s][A
Training Epochs:  56%|█████▋    | 113/200 [13:34<12:42,  8.77s/it, -ELBO=1.0093, Potential Metric=0.1370, Entropy Metric=0.0390]

Epoch 113:  31%|███▏      | 5/16 [00:02<00:05,  1.90it/s][A
Training Epochs:  56%|█████▋    | 113/200 [13:34<12:42,  8.77s/it, -ELBO=1.0214, Potential Metric=0.1294, Entropy Metric=0.0398]

Epoch 113:  38%|███▊      | 6/16 [00:03<00:05,  1.96it/s][A
Training Epochs:  56%|█████▋    | 113/200 [13:35<12:42,  8.77s/it, -ELBO=1.0040, Potential Metric=0.1414, Entropy Metric=0.0405]

Epoch 113:  44%|████▍     | 7/16 [00:03<00:04,  1.94it/s][A
Training Epochs:  56%|█████▋    | 113/200 [13:35<12:42,  8.77s/it, -ELBO=0.9663, Potential Metric=0.1497, Entropy Metric=0.0406]

Epoch 113:  50%|█████     | 8/16 [00:04<00:04,  1.89it/s][A
Training Epochs:  56%|█████▋    | 113/200 [13:36<12:42,  8.77s/it, -ELBO=0.9905, Potential Metric=0.1451, Entropy Metric=0.0426]

Epoch 113:  56%|█████▋    | 9/16 [00:04<00:03,  1.86it/s][A
Training Epochs:  56%|█████▋    | 113/200 [13:37<12:42,  8.77s/it, -ELBO=0.9776, Potential Metric=0.1349, Entropy Metric=0.0396]

Epoch 113:  62%|██████▎   | 10/16 [00:05<00:03,  1.85it/s][A
Training Epochs:  56%|█████▋    | 113/200 [13:37<12:42,  8.77s/it, -ELBO=0.9904, Potential Metric=0.1442, Entropy Metric=0.0433]

Epoch 113:  69%|██████▉   | 11/16 [00:05<00:02,  1.85it/s][A
Training Epochs:  56%|█████▋    | 113/200 [13:38<12:42,  8.77s/it, -ELBO=0.9915, Potential Metric=0.1362, Entropy Metric=0.0431]

Epoch 113:  75%|███████▌  | 12/16 [00:06<00:02,  1.87it/s][A
Training Epochs:  56%|█████▋    | 113/200 [13:38<12:42,  8.77s/it, -ELBO=1.0028, Potential Metric=0.1387, Entropy Metric=0.0433]

Epoch 113:  81%|████████▏ | 13/16 [00:06<00:01,  1.87it/s][A
Training Epochs:  56%|█████▋    | 113/200 [13:39<12:42,  8.77s/it, -ELBO=0.9819, Potential Metric=0.1440, Entropy Metric=0.0405]

Epoch 113:  88%|████████▊ | 14/16 [00:07<00:01,  1.87it/s][A
Training Epochs:  56%|█████▋    | 113/200 [13:39<12:42,  8.77s/it, -ELBO=0.9898, Potential Metric=0.1389, Entropy Metric=0.0361]

Epoch 113:  94%|█████████▍| 15/16 [00:08<00:00,  1.84it/s][A
Training Epochs:  56%|█████▋    | 113/200 [13:40<12:42,  8.77s/it, -ELBO=0.9803, Potential Metric=0.1294, Entropy Metric=0.0377]

Epoch 113: 100%|██████████| 16/16 [00:08<00:00,  1.84it/s][A

                                                          [A
Training Epochs:  57%|█████▋    | 114/200 [13:40<12:31,  8.74s/it, -ELBO=0.9803, Potential Metric=0.1294, Entropy Metric=0.0377]

Epoch 114:   0%|          | 0/16 [00:00<?, ?it/s][A
Training Epochs:  57%|█████▋    | 114/200 [13:40<12:31,  8.74s/it, -ELBO=1.0012, Potential Metric=0.1403, Entropy Metric=0.0440]

Epoch 114:   6%|▋         | 1/16 [00:00<00:09,  1.62it/s][A
Training Epochs:  57%|█████▋    | 114/200 [13:41<12:31,  8.74s/it, -ELBO=0.9922, Potential Metric=0.1358, Entropy Metric=0.0388]

Epoch 114:  12%|█▎        | 2/16 [00:01<00:08,  1.75it/s][A
Training Epochs:  57%|█████▋    | 114/200 [13:42<12:31,  8.74s/it, -ELBO=1.0070, Potential Metric=0.1347, Entropy Metric=0.0431]

Epoch 114:  19%|█▉        | 3/16 [00:01<00:07,  1.81it/s][A
Training Epochs:  57%|█████▋    | 114/200 [13:42<12:31,  8.74s/it, -ELBO=0.9640, Potential Metric=0.1518, Entropy Metric=0.0466]

Epoch 114:  25%|██▌       | 4/16 [00:02<00:07,  1.62it/s][A
Training Epochs:  57%|█████▋    | 114/200 [13:43<12:31,  8.74s/it, -ELBO=0.9716, Potential Metric=0.1574, Entropy Metric=0.0436]

Epoch 114:  31%|███▏      | 5/16 [00:02<00:06,  1.69it/s][A
Training Epochs:  57%|█████▋    | 114/200 [13:43<12:31,  8.74s/it, -ELBO=0.9623, Potential Metric=0.1371, Entropy Metric=0.0409]

Epoch 114:  38%|███▊      | 6/16 [00:03<00:05,  1.77it/s][A
Training Epochs:  57%|█████▋    | 114/200 [13:44<12:31,  8.74s/it, -ELBO=0.9581, Potential Metric=0.1406, Entropy Metric=0.0460]

Epoch 114:  44%|████▍     | 7/16 [00:03<00:04,  1.85it/s][A
Training Epochs:  57%|█████▋    | 114/200 [13:44<12:31,  8.74s/it, -ELBO=0.9894, Potential Metric=0.1413, Entropy Metric=0.0455]

Epoch 114:  50%|█████     | 8/16 [00:04<00:04,  1.87it/s][A
Training Epochs:  57%|█████▋    | 114/200 [13:45<12:31,  8.74s/it, -ELBO=0.9802, Potential Metric=0.1347, Entropy Metric=0.0444]

Epoch 114:  56%|█████▋    | 9/16 [00:05<00:03,  1.86it/s][A
Training Epochs:  57%|█████▋    | 114/200 [13:45<12:31,  8.74s/it, -ELBO=1.0189, Potential Metric=0.1280, Entropy Metric=0.0428]

Epoch 114:  62%|██████▎   | 10/16 [00:05<00:03,  1.91it/s][A
Training Epochs:  57%|█████▋    | 114/200 [13:46<12:31,  8.74s/it, -ELBO=0.9758, Potential Metric=0.1416, Entropy Metric=0.0450]

Epoch 114:  69%|██████▉   | 11/16 [00:06<00:02,  1.93it/s][A
Training Epochs:  57%|█████▋    | 114/200 [13:46<12:31,  8.74s/it, -ELBO=0.9856, Potential Metric=0.1334, Entropy Metric=0.0417]

Epoch 114:  75%|███████▌  | 12/16 [00:06<00:02,  1.95it/s][A
Training Epochs:  57%|█████▋    | 114/200 [13:47<12:31,  8.74s/it, -ELBO=0.9952, Potential Metric=0.1374, Entropy Metric=0.0418]

Epoch 114:  81%|████████▏ | 13/16 [00:07<00:01,  1.89it/s][A
Training Epochs:  57%|█████▋    | 114/200 [13:47<12:31,  8.74s/it, -ELBO=0.9859, Potential Metric=0.1419, Entropy Metric=0.0449]

Epoch 114:  88%|████████▊ | 14/16 [00:07<00:01,  1.90it/s][A
Training Epochs:  57%|█████▋    | 114/200 [13:48<12:31,  8.74s/it, -ELBO=0.9653, Potential Metric=0.1474, Entropy Metric=0.0431]

Epoch 114:  94%|█████████▍| 15/16 [00:08<00:00,  1.90it/s][A
Training Epochs:  57%|█████▋    | 114/200 [13:49<12:31,  8.74s/it, -ELBO=1.0013, Potential Metric=0.1449, Entropy Metric=0.0449]

Epoch 114: 100%|██████████| 16/16 [00:08<00:00,  1.81it/s][A

                                                          [A
Training Epochs:  57%|█████▊    | 115/200 [13:49<12:24,  8.76s/it, -ELBO=1.0013, Potential Metric=0.1449, Entropy Metric=0.0449]

Epoch 115:   0%|          | 0/16 [00:00<?, ?it/s][A
Training Epochs:  57%|█████▊    | 115/200 [13:49<12:24,  8.76s/it, -ELBO=0.9646, Potential Metric=0.1388, Entropy Metric=0.0423]

Epoch 115:   6%|▋         | 1/16 [00:00<00:08,  1.84it/s][A
Training Epochs:  57%|█████▊    | 115/200 [13:50<12:24,  8.76s/it, -ELBO=0.9866, Potential Metric=0.1373, Entropy Metric=0.0432]

Epoch 115:  12%|█▎        | 2/16 [00:01<00:07,  1.81it/s][A
Training Epochs:  57%|█████▊    | 115/200 [13:50<12:24,  8.76s/it, -ELBO=0.9999, Potential Metric=0.1305, Entropy Metric=0.0433]

Epoch 115:  19%|█▉        | 3/16 [00:01<00:07,  1.78it/s][A
Training Epochs:  57%|█████▊    | 115/200 [13:51<12:24,  8.76s/it, -ELBO=0.9922, Potential Metric=0.1396, Entropy Metric=0.0426]

Epoch 115:  25%|██▌       | 4/16 [00:02<00:06,  1.79it/s][A
Training Epochs:  57%|█████▊    | 115/200 [13:51<12:24,  8.76s/it, -ELBO=0.9906, Potential Metric=0.1469, Entropy Metric=0.0452]

Epoch 115:  31%|███▏      | 5/16 [00:02<00:06,  1.80it/s][A
Training Epochs:  57%|█████▊    | 115/200 [13:52<12:24,  8.76s/it, -ELBO=0.9529, Potential Metric=0.1559, Entropy Metric=0.0470]

Epoch 115:  38%|███▊      | 6/16 [00:03<00:05,  1.77it/s][A
Training Epochs:  57%|█████▊    | 115/200 [13:53<12:24,  8.76s/it, -ELBO=0.9746, Potential Metric=0.1423, Entropy Metric=0.0464]

Epoch 115:  44%|████▍     | 7/16 [00:03<00:05,  1.78it/s][A
Training Epochs:  57%|█████▊    | 115/200 [13:53<12:24,  8.76s/it, -ELBO=0.9970, Potential Metric=0.1395, Entropy Metric=0.0452]

Epoch 115:  50%|█████     | 8/16 [00:04<00:04,  1.78it/s][A
Training Epochs:  57%|█████▊    | 115/200 [13:54<12:24,  8.76s/it, -ELBO=0.9924, Potential Metric=0.1306, Entropy Metric=0.0441]

Epoch 115:  56%|█████▋    | 9/16 [00:05<00:03,  1.78it/s][A
Training Epochs:  57%|█████▊    | 115/200 [13:54<12:24,  8.76s/it, -ELBO=0.9706, Potential Metric=0.1478, Entropy Metric=0.0459]

Epoch 115:  62%|██████▎   | 10/16 [00:05<00:03,  1.80it/s][A
Training Epochs:  57%|█████▊    | 115/200 [13:55<12:24,  8.76s/it, -ELBO=0.9871, Potential Metric=0.1453, Entropy Metric=0.0459]

Epoch 115:  69%|██████▉   | 11/16 [00:06<00:02,  1.82it/s][A
Training Epochs:  57%|█████▊    | 115/200 [13:55<12:24,  8.76s/it, -ELBO=0.9822, Potential Metric=0.1371, Entropy Metric=0.0448]

Epoch 115:  75%|███████▌  | 12/16 [00:06<00:02,  1.80it/s][A
Training Epochs:  57%|█████▊    | 115/200 [13:56<12:24,  8.76s/it, -ELBO=0.9850, Potential Metric=0.1331, Entropy Metric=0.0437]

Epoch 115:  81%|████████▏ | 13/16 [00:07<00:01,  1.90it/s][A
Training Epochs:  57%|█████▊    | 115/200 [13:56<12:24,  8.76s/it, -ELBO=0.9414, Potential Metric=0.1611, Entropy Metric=0.0505]

Epoch 115:  88%|████████▊ | 14/16 [00:07<00:01,  1.91it/s][A
Training Epochs:  57%|█████▊    | 115/200 [13:57<12:24,  8.76s/it, -ELBO=0.9900, Potential Metric=0.1534, Entropy Metric=0.0463]

Epoch 115:  94%|█████████▍| 15/16 [00:08<00:00,  1.93it/s][A
Training Epochs:  57%|█████▊    | 115/200 [13:57<12:24,  8.76s/it, -ELBO=0.9825, Potential Metric=0.1467, Entropy Metric=0.0447]

Epoch 115: 100%|██████████| 16/16 [00:08<00:00,  1.94it/s][A

                                                          [A
Training Epochs:  58%|█████▊    | 116/200 [13:57<12:16,  8.76s/it, -ELBO=0.9825, Potential Metric=0.1467, Entropy Metric=0.0447]

Epoch 116:   0%|          | 0/16 [00:00<?, ?it/s][A
Training Epochs:  58%|█████▊    | 116/200 [13:58<12:16,  8.76s/it, -ELBO=1.0063, Potential Metric=0.1314, Entropy Metric=0.0434]

Epoch 116:   6%|▋         | 1/16 [00:00<00:08,  1.86it/s][A
Training Epochs:  58%|█████▊    | 116/200 [13:58<12:16,  8.76s/it, -ELBO=0.9591, Potential Metric=0.1482, Entropy Metric=0.0466]

Epoch 116:  12%|█▎        | 2/16 [00:01<00:07,  1.91it/s][A
Training Epochs:  58%|█████▊    | 116/200 [13:59<12:16,  8.76s/it, -ELBO=0.9979, Potential Metric=0.1488, Entropy Metric=0.0426]

Epoch 116:  19%|█▉        | 3/16 [00:01<00:06,  1.92it/s][A
Training Epochs:  58%|█████▊    | 116/200 [14:00<12:16,  8.76s/it, -ELBO=0.9503, Potential Metric=0.1464, Entropy Metric=0.0432]

Epoch 116:  25%|██▌       | 4/16 [00:02<00:06,  1.89it/s][A
Training Epochs:  58%|█████▊    | 116/200 [14:00<12:16,  8.76s/it, -ELBO=0.9665, Potential Metric=0.1460, Entropy Metric=0.0427]

Epoch 116:  31%|███▏      | 5/16 [00:02<00:05,  1.89it/s][A
Training Epochs:  58%|█████▊    | 116/200 [14:01<12:16,  8.76s/it, -ELBO=0.9797, Potential Metric=0.1595, Entropy Metric=0.0485]

Epoch 116:  38%|███▊      | 6/16 [00:03<00:05,  1.87it/s][A
Training Epochs:  58%|█████▊    | 116/200 [14:01<12:16,  8.76s/it, -ELBO=1.0297, Potential Metric=0.1432, Entropy Metric=0.0459]

Epoch 116:  44%|████▍     | 7/16 [00:03<00:04,  1.86it/s][A
Training Epochs:  58%|█████▊    | 116/200 [14:02<12:16,  8.76s/it, -ELBO=0.9664, Potential Metric=0.1521, Entropy Metric=0.0427]

Epoch 116:  50%|█████     | 8/16 [00:04<00:04,  1.79it/s][A
Training Epochs:  58%|█████▊    | 116/200 [14:02<12:16,  8.76s/it, -ELBO=0.9714, Potential Metric=0.1565, Entropy Metric=0.0474]

Epoch 116:  56%|█████▋    | 9/16 [00:04<00:03,  1.81it/s][A
Training Epochs:  58%|█████▊    | 116/200 [14:03<12:16,  8.76s/it, -ELBO=0.9723, Potential Metric=0.1370, Entropy Metric=0.0435]

Epoch 116:  62%|██████▎   | 10/16 [00:05<00:03,  1.81it/s][A
Training Epochs:  58%|█████▊    | 116/200 [14:03<12:16,  8.76s/it, -ELBO=0.9856, Potential Metric=0.1493, Entropy Metric=0.0453]

Epoch 116:  69%|██████▉   | 11/16 [00:06<00:02,  1.77it/s][A
Training Epochs:  58%|█████▊    | 116/200 [14:04<12:16,  8.76s/it, -ELBO=0.9617, Potential Metric=0.1513, Entropy Metric=0.0436]

Epoch 116:  75%|███████▌  | 12/16 [00:06<00:02,  1.78it/s][A
Training Epochs:  58%|█████▊    | 116/200 [14:05<12:16,  8.76s/it, -ELBO=0.9756, Potential Metric=0.1476, Entropy Metric=0.0473]

Epoch 116:  81%|████████▏ | 13/16 [00:07<00:01,  1.79it/s][A
Training Epochs:  58%|█████▊    | 116/200 [14:05<12:16,  8.76s/it, -ELBO=1.0055, Potential Metric=0.1262, Entropy Metric=0.0426]

Epoch 116:  88%|████████▊ | 14/16 [00:07<00:01,  1.78it/s][A
Training Epochs:  58%|█████▊    | 116/200 [14:06<12:16,  8.76s/it, -ELBO=0.9351, Potential Metric=0.1505, Entropy Metric=0.0487]

Epoch 116:  94%|█████████▍| 15/16 [00:08<00:00,  1.80it/s][A
Training Epochs:  58%|█████▊    | 116/200 [14:06<12:16,  8.76s/it, -ELBO=0.9652, Potential Metric=0.1467, Entropy Metric=0.0484]

Epoch 116: 100%|██████████| 16/16 [00:08<00:00,  1.69it/s][A

                                                          [A
Training Epochs:  58%|█████▊    | 117/200 [14:06<12:11,  8.82s/it, -ELBO=0.9652, Potential Metric=0.1467, Entropy Metric=0.0484]

Epoch 117:   0%|          | 0/16 [00:00<?, ?it/s][A
Training Epochs:  58%|█████▊    | 117/200 [14:07<12:11,  8.82s/it, -ELBO=0.9825, Potential Metric=0.1403, Entropy Metric=0.0464]

Epoch 117:   6%|▋         | 1/16 [00:00<00:08,  1.75it/s][A
Training Epochs:  58%|█████▊    | 117/200 [14:07<12:11,  8.82s/it, -ELBO=0.9467, Potential Metric=0.1557, Entropy Metric=0.0478]

Epoch 117:  12%|█▎        | 2/16 [00:01<00:07,  1.92it/s][A
Training Epochs:  58%|█████▊    | 117/200 [14:08<12:11,  8.82s/it, -ELBO=0.9679, Potential Metric=0.1416, Entropy Metric=0.0443]

Epoch 117:  19%|█▉        | 3/16 [00:01<00:06,  1.96it/s][A
Training Epochs:  58%|█████▊    | 117/200 [14:08<12:11,  8.82s/it, -ELBO=0.9508, Potential Metric=0.1595, Entropy Metric=0.0456]

Epoch 117:  25%|██▌       | 4/16 [00:02<00:06,  1.96it/s][A
Training Epochs:  58%|█████▊    | 117/200 [14:09<12:11,  8.82s/it, -ELBO=0.9501, Potential Metric=0.1579, Entropy Metric=0.0472]

Epoch 117:  31%|███▏      | 5/16 [00:02<00:05,  1.98it/s][A
Training Epochs:  58%|█████▊    | 117/200 [14:09<12:11,  8.82s/it, -ELBO=0.9678, Potential Metric=0.1522, Entropy Metric=0.0477]

Epoch 117:  38%|███▊      | 6/16 [00:03<00:05,  1.96it/s][A
Training Epochs:  58%|█████▊    | 117/200 [14:10<12:11,  8.82s/it, -ELBO=0.9749, Potential Metric=0.1430, Entropy Metric=0.0432]

Epoch 117:  44%|████▍     | 7/16 [00:03<00:04,  1.93it/s][A
Training Epochs:  58%|█████▊    | 117/200 [14:11<12:11,  8.82s/it, -ELBO=0.9505, Potential Metric=0.1619, Entropy Metric=0.0450]

Epoch 117:  50%|█████     | 8/16 [00:04<00:04,  1.89it/s][A
Training Epochs:  58%|█████▊    | 117/200 [14:11<12:11,  8.82s/it, -ELBO=1.0028, Potential Metric=0.1360, Entropy Metric=0.0413]

Epoch 117:  56%|█████▋    | 9/16 [00:04<00:03,  1.84it/s][A
Training Epochs:  58%|█████▊    | 117/200 [14:12<12:11,  8.82s/it, -ELBO=0.9749, Potential Metric=0.1440, Entropy Metric=0.0434]

Epoch 117:  62%|██████▎   | 10/16 [00:05<00:03,  1.86it/s][A
Training Epochs:  58%|█████▊    | 117/200 [14:12<12:11,  8.82s/it, -ELBO=1.0031, Potential Metric=0.1270, Entropy Metric=0.0410]

Epoch 117:  69%|██████▉   | 11/16 [00:05<00:02,  1.81it/s][A
Training Epochs:  58%|█████▊    | 117/200 [14:13<12:11,  8.82s/it, -ELBO=0.9387, Potential Metric=0.1544, Entropy Metric=0.0426]

Epoch 117:  75%|███████▌  | 12/16 [00:06<00:02,  1.81it/s][A
Training Epochs:  58%|█████▊    | 117/200 [14:13<12:11,  8.82s/it, -ELBO=0.9378, Potential Metric=0.1472, Entropy Metric=0.0463]

Epoch 117:  81%|████████▏ | 13/16 [00:06<00:01,  1.78it/s][A
Training Epochs:  58%|█████▊    | 117/200 [14:14<12:11,  8.82s/it, -ELBO=0.9649, Potential Metric=0.1269, Entropy Metric=0.0388]

Epoch 117:  88%|████████▊ | 14/16 [00:07<00:01,  1.84it/s][A
Training Epochs:  58%|█████▊    | 117/200 [14:14<12:11,  8.82s/it, -ELBO=1.0017, Potential Metric=0.1315, Entropy Metric=0.0432]

Epoch 117:  94%|█████████▍| 15/16 [00:08<00:00,  1.80it/s][A
Training Epochs:  58%|█████▊    | 117/200 [14:15<12:11,  8.82s/it, -ELBO=0.9882, Potential Metric=0.1330, Entropy Metric=0.0405]

Epoch 117: 100%|██████████| 16/16 [00:08<00:00,  1.80it/s][A

                                                          [A
Training Epochs:  59%|█████▉    | 118/200 [14:15<12:01,  8.80s/it, -ELBO=0.9882, Potential Metric=0.1330, Entropy Metric=0.0405]

Epoch 118:   0%|          | 0/16 [00:00<?, ?it/s][A
Training Epochs:  59%|█████▉    | 118/200 [14:16<12:01,  8.80s/it, -ELBO=0.9830, Potential Metric=0.1266, Entropy Metric=0.0408]

Epoch 118:   6%|▋         | 1/16 [00:00<00:08,  1.67it/s][A
Training Epochs:  59%|█████▉    | 118/200 [14:16<12:01,  8.80s/it, -ELBO=0.9615, Potential Metric=0.1374, Entropy Metric=0.0389]

Epoch 118:  12%|█▎        | 2/16 [00:01<00:07,  1.85it/s][A
Training Epochs:  59%|█████▉    | 118/200 [14:17<12:01,  8.80s/it, -ELBO=0.9861, Potential Metric=0.1353, Entropy Metric=0.0421]

Epoch 118:  19%|█▉        | 3/16 [00:01<00:07,  1.83it/s][A
Training Epochs:  59%|█████▉    | 118/200 [14:17<12:01,  8.80s/it, -ELBO=0.9557, Potential Metric=0.1502, Entropy Metric=0.0452]

Epoch 118:  25%|██▌       | 4/16 [00:02<00:06,  1.84it/s][A
Training Epochs:  59%|█████▉    | 118/200 [14:18<12:01,  8.80s/it, -ELBO=0.9379, Potential Metric=0.1335, Entropy Metric=0.0410]

Epoch 118:  31%|███▏      | 5/16 [00:02<00:05,  1.85it/s][A
Training Epochs:  59%|█████▉    | 118/200 [14:18<12:01,  8.80s/it, -ELBO=1.0098, Potential Metric=0.1309, Entropy Metric=0.0421]

Epoch 118:  38%|███▊      | 6/16 [00:03<00:05,  1.80it/s][A
Training Epochs:  59%|█████▉    | 118/200 [14:19<12:01,  8.80s/it, -ELBO=0.9444, Potential Metric=0.1471, Entropy Metric=0.0453]

Epoch 118:  44%|████▍     | 7/16 [00:03<00:04,  1.89it/s][A
Training Epochs:  59%|█████▉    | 118/200 [14:19<12:01,  8.80s/it, -ELBO=0.9901, Potential Metric=0.1379, Entropy Metric=0.0448]

Epoch 118:  50%|█████     | 8/16 [00:04<00:04,  1.88it/s][A
Training Epochs:  59%|█████▉    | 118/200 [14:20<12:01,  8.80s/it, -ELBO=0.9618, Potential Metric=0.1425, Entropy Metric=0.0437]

Epoch 118:  56%|█████▋    | 9/16 [00:04<00:03,  1.86it/s][A
Training Epochs:  59%|█████▉    | 118/200 [14:21<12:01,  8.80s/it, -ELBO=0.9621, Potential Metric=0.1358, Entropy Metric=0.0415]

Epoch 118:  62%|██████▎   | 10/16 [00:05<00:03,  1.84it/s][A
Training Epochs:  59%|█████▉    | 118/200 [14:21<12:01,  8.80s/it, -ELBO=0.9617, Potential Metric=0.1353, Entropy Metric=0.0470]

Epoch 118:  69%|██████▉   | 11/16 [00:06<00:02,  1.81it/s][A
Training Epochs:  59%|█████▉    | 118/200 [14:22<12:01,  8.80s/it, -ELBO=0.9444, Potential Metric=0.1447, Entropy Metric=0.0440]

Epoch 118:  75%|███████▌  | 12/16 [00:06<00:02,  1.79it/s][A
Training Epochs:  59%|█████▉    | 118/200 [14:22<12:01,  8.80s/it, -ELBO=0.9695, Potential Metric=0.1220, Entropy Metric=0.0448]

Epoch 118:  81%|████████▏ | 13/16 [00:07<00:01,  1.80it/s][A
Training Epochs:  59%|█████▉    | 118/200 [14:23<12:01,  8.80s/it, -ELBO=0.9541, Potential Metric=0.1452, Entropy Metric=0.0439]

Epoch 118:  88%|████████▊ | 14/16 [00:07<00:01,  1.78it/s][A
Training Epochs:  59%|█████▉    | 118/200 [14:23<12:01,  8.80s/it, -ELBO=0.9515, Potential Metric=0.1504, Entropy Metric=0.0497]

Epoch 118:  94%|█████████▍| 15/16 [00:08<00:00,  1.77it/s][A
Training Epochs:  59%|█████▉    | 118/200 [14:24<12:01,  8.80s/it, -ELBO=0.9560, Potential Metric=0.1447, Entropy Metric=0.0436]

Epoch 118: 100%|██████████| 16/16 [00:08<00:00,  1.75it/s][A

                                                          [A
Training Epochs:  60%|█████▉    | 119/200 [14:24<11:57,  8.86s/it, -ELBO=0.9560, Potential Metric=0.1447, Entropy Metric=0.0436]

Epoch 119:   0%|          | 0/16 [00:00<?, ?it/s][A
Training Epochs:  60%|█████▉    | 119/200 [14:25<11:57,  8.86s/it, -ELBO=0.9678, Potential Metric=0.1372, Entropy Metric=0.0435]

Epoch 119:   6%|▋         | 1/16 [00:00<00:08,  1.80it/s][A
Training Epochs:  60%|█████▉    | 119/200 [14:25<11:57,  8.86s/it, -ELBO=0.9670, Potential Metric=0.1450, Entropy Metric=0.0429]

Epoch 119:  12%|█▎        | 2/16 [00:01<00:07,  1.78it/s][A
Training Epochs:  60%|█████▉    | 119/200 [14:26<11:57,  8.86s/it, -ELBO=0.9404, Potential Metric=0.1362, Entropy Metric=0.0399]

Epoch 119:  19%|█▉        | 3/16 [00:01<00:06,  1.92it/s][A
Training Epochs:  60%|█████▉    | 119/200 [14:26<11:57,  8.86s/it, -ELBO=0.9297, Potential Metric=0.1347, Entropy Metric=0.0398]

Epoch 119:  25%|██▌       | 4/16 [00:02<00:06,  1.93it/s][A
Training Epochs:  60%|█████▉    | 119/200 [14:27<11:57,  8.86s/it, -ELBO=0.9943, Potential Metric=0.1309, Entropy Metric=0.0411]

Epoch 119:  31%|███▏      | 5/16 [00:02<00:06,  1.70it/s][A
Training Epochs:  60%|█████▉    | 119/200 [14:28<11:57,  8.86s/it, -ELBO=0.9662, Potential Metric=0.1211, Entropy Metric=0.0378]

Epoch 119:  38%|███▊      | 6/16 [00:03<00:05,  1.74it/s][A
Training Epochs:  60%|█████▉    | 119/200 [14:28<11:57,  8.86s/it, -ELBO=0.9785, Potential Metric=0.1406, Entropy Metric=0.0412]

Epoch 119:  44%|████▍     | 7/16 [00:03<00:05,  1.77it/s][A
Training Epochs:  60%|█████▉    | 119/200 [14:29<11:57,  8.86s/it, -ELBO=0.9463, Potential Metric=0.1354, Entropy Metric=0.0402]

Epoch 119:  50%|█████     | 8/16 [00:04<00:04,  1.76it/s][A
Training Epochs:  60%|█████▉    | 119/200 [14:29<11:57,  8.86s/it, -ELBO=0.9602, Potential Metric=0.1358, Entropy Metric=0.0450]

Epoch 119:  56%|█████▋    | 9/16 [00:05<00:04,  1.75it/s][A
Training Epochs:  60%|█████▉    | 119/200 [14:30<11:57,  8.86s/it, -ELBO=0.9339, Potential Metric=0.1514, Entropy Metric=0.0483]

Epoch 119:  62%|██████▎   | 10/16 [00:05<00:03,  1.81it/s][A
Training Epochs:  60%|█████▉    | 119/200 [14:30<11:57,  8.86s/it, -ELBO=0.9548, Potential Metric=0.1417, Entropy Metric=0.0462]

Epoch 119:  69%|██████▉   | 11/16 [00:06<00:02,  1.87it/s][A
Training Epochs:  60%|█████▉    | 119/200 [14:31<11:57,  8.86s/it, -ELBO=0.9325, Potential Metric=0.1531, Entropy Metric=0.0455]

Epoch 119:  75%|███████▌  | 12/16 [00:06<00:02,  1.82it/s][A
Training Epochs:  60%|█████▉    | 119/200 [14:31<11:57,  8.86s/it, -ELBO=0.9801, Potential Metric=0.1228, Entropy Metric=0.0441]

Epoch 119:  81%|████████▏ | 13/16 [00:07<00:01,  1.88it/s][A
Training Epochs:  60%|█████▉    | 119/200 [14:32<11:57,  8.86s/it, -ELBO=0.9634, Potential Metric=0.1389, Entropy Metric=0.0444]

Epoch 119:  88%|████████▊ | 14/16 [00:07<00:01,  1.89it/s][A
Training Epochs:  60%|█████▉    | 119/200 [14:32<11:57,  8.86s/it, -ELBO=0.9328, Potential Metric=0.1513, Entropy Metric=0.0469]

Epoch 119:  94%|█████████▍| 15/16 [00:08<00:00,  1.85it/s][A
Training Epochs:  60%|█████▉    | 119/200 [14:33<11:57,  8.86s/it, -ELBO=1.0082, Potential Metric=0.1315, Entropy Metric=0.0444]

Epoch 119: 100%|██████████| 16/16 [00:08<00:00,  1.81it/s][A

                                                          [A
Training Epochs:  60%|██████    | 120/200 [14:33<11:50,  8.88s/it, -ELBO=1.0082, Potential Metric=0.1315, Entropy Metric=0.0444]

Epoch 120:   0%|          | 0/16 [00:00<?, ?it/s][A
Training Epochs:  60%|██████    | 120/200 [14:34<11:50,  8.88s/it, -ELBO=0.9590, Potential Metric=0.1341, Entropy Metric=0.0462]

Epoch 120:   6%|▋         | 1/16 [00:00<00:09,  1.65it/s][A
Training Epochs:  60%|██████    | 120/200 [14:34<11:50,  8.88s/it, -ELBO=0.9190, Potential Metric=0.1507, Entropy Metric=0.0463]

Epoch 120:  12%|█▎        | 2/16 [00:01<00:08,  1.71it/s][A
Training Epochs:  60%|██████    | 120/200 [14:35<11:50,  8.88s/it, -ELBO=0.9651, Potential Metric=0.1385, Entropy Metric=0.0463]

Epoch 120:  19%|█▉        | 3/16 [00:01<00:07,  1.77it/s][A
Training Epochs:  60%|██████    | 120/200 [14:35<11:50,  8.88s/it, -ELBO=0.9506, Potential Metric=0.1380, Entropy Metric=0.0450]

Epoch 120:  25%|██▌       | 4/16 [00:02<00:06,  1.80it/s][A
Training Epochs:  60%|██████    | 120/200 [14:36<11:50,  8.88s/it, -ELBO=0.9657, Potential Metric=0.1395, Entropy Metric=0.0488]

Epoch 120:  31%|███▏      | 5/16 [00:02<00:06,  1.83it/s][A
Training Epochs:  60%|██████    | 120/200 [14:36<11:50,  8.88s/it, -ELBO=0.9827, Potential Metric=0.1377, Entropy Metric=0.0500]

Epoch 120:  38%|███▊      | 6/16 [00:03<00:05,  1.81it/s][A
Training Epochs:  60%|██████    | 120/200 [14:37<11:50,  8.88s/it, -ELBO=0.9722, Potential Metric=0.1359, Entropy Metric=0.0485]

Epoch 120:  44%|████▍     | 7/16 [00:03<00:04,  1.86it/s][A
Training Epochs:  60%|██████    | 120/200 [14:38<11:50,  8.88s/it, -ELBO=0.9554, Potential Metric=0.1364, Entropy Metric=0.0462]

Epoch 120:  50%|█████     | 8/16 [00:04<00:04,  1.84it/s][A
Training Epochs:  60%|██████    | 120/200 [14:38<11:50,  8.88s/it, -ELBO=0.9452, Potential Metric=0.1412, Entropy Metric=0.0499]

Epoch 120:  56%|█████▋    | 9/16 [00:04<00:03,  1.84it/s][A
Training Epochs:  60%|██████    | 120/200 [14:39<11:50,  8.88s/it, -ELBO=0.9290, Potential Metric=0.1442, Entropy Metric=0.0483]

Epoch 120:  62%|██████▎   | 10/16 [00:05<00:03,  1.90it/s][A
Training Epochs:  60%|██████    | 120/200 [14:39<11:50,  8.88s/it, -ELBO=0.9430, Potential Metric=0.1361, Entropy Metric=0.0484]

Epoch 120:  69%|██████▉   | 11/16 [00:05<00:02,  1.95it/s][A
Training Epochs:  60%|██████    | 120/200 [14:40<11:50,  8.88s/it, -ELBO=0.9324, Potential Metric=0.1396, Entropy Metric=0.0478]

Epoch 120:  75%|███████▌  | 12/16 [00:06<00:02,  1.96it/s][A
Training Epochs:  60%|██████    | 120/200 [14:40<11:50,  8.88s/it, -ELBO=0.9697, Potential Metric=0.1367, Entropy Metric=0.0449]

Epoch 120:  81%|████████▏ | 13/16 [00:06<00:01,  1.92it/s][A
Training Epochs:  60%|██████    | 120/200 [14:41<11:50,  8.88s/it, -ELBO=0.9533, Potential Metric=0.1390, Entropy Metric=0.0470]

Epoch 120:  88%|████████▊ | 14/16 [00:07<00:01,  1.84it/s][A
Training Epochs:  60%|██████    | 120/200 [14:41<11:50,  8.88s/it, -ELBO=0.9427, Potential Metric=0.1294, Entropy Metric=0.0439]

Epoch 120:  94%|█████████▍| 15/16 [00:08<00:00,  1.84it/s][A
Training Epochs:  60%|██████    | 120/200 [14:42<11:50,  8.88s/it, -ELBO=0.9364, Potential Metric=0.1351, Entropy Metric=0.0469]

Epoch 120: 100%|██████████| 16/16 [00:08<00:00,  1.85it/s][A

                                                          [A
Training Epochs:  60%|██████    | 121/200 [14:42<11:38,  8.85s/it, -ELBO=0.9364, Potential Metric=0.1351, Entropy Metric=0.0469]

Epoch 121:   0%|          | 0/16 [00:00<?, ?it/s][A
Training Epochs:  60%|██████    | 121/200 [14:42<11:38,  8.85s/it, -ELBO=0.9502, Potential Metric=0.1435, Entropy Metric=0.0459]

Epoch 121:   6%|▋         | 1/16 [00:00<00:08,  1.76it/s][A
Training Epochs:  60%|██████    | 121/200 [14:43<11:38,  8.85s/it, -ELBO=0.9452, Potential Metric=0.1418, Entropy Metric=0.0453]

Epoch 121:  12%|█▎        | 2/16 [00:01<00:07,  1.75it/s][A
Training Epochs:  60%|██████    | 121/200 [14:43<11:38,  8.85s/it, -ELBO=0.9427, Potential Metric=0.1296, Entropy Metric=0.0467]

Epoch 121:  19%|█▉        | 3/16 [00:01<00:06,  1.92it/s][A
Training Epochs:  60%|██████    | 121/200 [14:44<11:38,  8.85s/it, -ELBO=0.9490, Potential Metric=0.1393, Entropy Metric=0.0478]

Epoch 121:  25%|██▌       | 4/16 [00:02<00:06,  1.95it/s][A
Training Epochs:  60%|██████    | 121/200 [14:45<11:38,  8.85s/it, -ELBO=0.9436, Potential Metric=0.1528, Entropy Metric=0.0460]

Epoch 121:  31%|███▏      | 5/16 [00:02<00:05,  1.92it/s][A
Training Epochs:  60%|██████    | 121/200 [14:45<11:38,  8.85s/it, -ELBO=0.9574, Potential Metric=0.1494, Entropy Metric=0.0479]

Epoch 121:  38%|███▊      | 6/16 [00:03<00:05,  1.90it/s][A
Training Epochs:  60%|██████    | 121/200 [14:46<11:38,  8.85s/it, -ELBO=0.9305, Potential Metric=0.1532, Entropy Metric=0.0469]

Epoch 121:  44%|████▍     | 7/16 [00:03<00:04,  1.87it/s][A
Training Epochs:  60%|██████    | 121/200 [14:46<11:38,  8.85s/it, -ELBO=0.9239, Potential Metric=0.1355, Entropy Metric=0.0429]

Epoch 121:  50%|█████     | 8/16 [00:04<00:04,  1.87it/s][A
Training Epochs:  60%|██████    | 121/200 [14:47<11:38,  8.85s/it, -ELBO=0.9565, Potential Metric=0.1275, Entropy Metric=0.0418]

Epoch 121:  56%|█████▋    | 9/16 [00:04<00:03,  1.87it/s][A
Training Epochs:  60%|██████    | 121/200 [14:47<11:38,  8.85s/it, -ELBO=0.9595, Potential Metric=0.1315, Entropy Metric=0.0437]

Epoch 121:  62%|██████▎   | 10/16 [00:05<00:03,  1.79it/s][A
Training Epochs:  60%|██████    | 121/200 [14:48<11:38,  8.85s/it, -ELBO=0.9250, Potential Metric=0.1387, Entropy Metric=0.0445]

Epoch 121:  69%|██████▉   | 11/16 [00:05<00:02,  1.79it/s][A
Training Epochs:  60%|██████    | 121/200 [14:48<11:38,  8.85s/it, -ELBO=0.9384, Potential Metric=0.1550, Entropy Metric=0.0492]

Epoch 121:  75%|███████▌  | 12/16 [00:06<00:02,  1.77it/s][A
Training Epochs:  60%|██████    | 121/200 [14:49<11:38,  8.85s/it, -ELBO=0.9828, Potential Metric=0.1460, Entropy Metric=0.0455]

Epoch 121:  81%|████████▏ | 13/16 [00:07<00:01,  1.75it/s][A
Training Epochs:  60%|██████    | 121/200 [14:50<11:38,  8.85s/it, -ELBO=0.9415, Potential Metric=0.1305, Entropy Metric=0.0450]

Epoch 121:  88%|████████▊ | 14/16 [00:07<00:01,  1.82it/s][A
Training Epochs:  60%|██████    | 121/200 [14:50<11:38,  8.85s/it, -ELBO=0.9578, Potential Metric=0.1258, Entropy Metric=0.0428]

Epoch 121:  94%|█████████▍| 15/16 [00:08<00:00,  1.85it/s][A
Training Epochs:  60%|██████    | 121/200 [14:51<11:38,  8.85s/it, -ELBO=0.9413, Potential Metric=0.1250, Entropy Metric=0.0432]

Epoch 121: 100%|██████████| 16/16 [00:08<00:00,  1.87it/s][A

                                                          [A
Training Epochs:  61%|██████    | 122/200 [14:51<11:28,  8.83s/it, -ELBO=0.9413, Potential Metric=0.1250, Entropy Metric=0.0432]

Epoch 122:   0%|          | 0/16 [00:00<?, ?it/s][A
Training Epochs:  61%|██████    | 122/200 [14:51<11:28,  8.83s/it, -ELBO=0.9530, Potential Metric=0.1262, Entropy Metric=0.0478]

Epoch 122:   6%|▋         | 1/16 [00:00<00:07,  1.91it/s][A
Training Epochs:  61%|██████    | 122/200 [14:52<11:28,  8.83s/it, -ELBO=0.9456, Potential Metric=0.1414, Entropy Metric=0.0454]

Epoch 122:  12%|█▎        | 2/16 [00:01<00:08,  1.61it/s][A
Training Epochs:  61%|██████    | 122/200 [14:52<11:28,  8.83s/it, -ELBO=0.9442, Potential Metric=0.1250, Entropy Metric=0.0432]

Epoch 122:  19%|█▉        | 3/16 [00:01<00:07,  1.71it/s][A
Training Epochs:  61%|██████    | 122/200 [14:53<11:28,  8.83s/it, -ELBO=0.9259, Potential Metric=0.1486, Entropy Metric=0.0427]

Epoch 122:  25%|██▌       | 4/16 [00:02<00:06,  1.83it/s][A
Training Epochs:  61%|██████    | 122/200 [14:53<11:28,  8.83s/it, -ELBO=0.9634, Potential Metric=0.1397, Entropy Metric=0.0451]

Epoch 122:  31%|███▏      | 5/16 [00:02<00:05,  1.87it/s][A
Training Epochs:  61%|██████    | 122/200 [14:54<11:28,  8.83s/it, -ELBO=0.9126, Potential Metric=0.1507, Entropy Metric=0.0429]

Epoch 122:  38%|███▊      | 6/16 [00:03<00:05,  1.82it/s][A
Training Epochs:  61%|██████    | 122/200 [14:54<11:28,  8.83s/it, -ELBO=0.9216, Potential Metric=0.1575, Entropy Metric=0.0497]

Epoch 122:  44%|████▍     | 7/16 [00:03<00:04,  1.81it/s][A
Training Epochs:  61%|██████    | 122/200 [14:55<11:28,  8.83s/it, -ELBO=0.9551, Potential Metric=0.1433, Entropy Metric=0.0472]

Epoch 122:  50%|█████     | 8/16 [00:04<00:04,  1.87it/s][A
Training Epochs:  61%|██████    | 122/200 [14:55<11:28,  8.83s/it, -ELBO=0.9370, Potential Metric=0.1463, Entropy Metric=0.0475]

Epoch 122:  56%|█████▋    | 9/16 [00:04<00:03,  1.88it/s][A
Training Epochs:  61%|██████    | 122/200 [14:56<11:28,  8.83s/it, -ELBO=0.9377, Potential Metric=0.1460, Entropy Metric=0.0450]

Epoch 122:  62%|██████▎   | 10/16 [00:05<00:03,  1.87it/s][A
Training Epochs:  61%|██████    | 122/200 [14:57<11:28,  8.83s/it, -ELBO=0.9368, Potential Metric=0.1414, Entropy Metric=0.0467]

Epoch 122:  69%|██████▉   | 11/16 [00:05<00:02,  1.87it/s][A
Training Epochs:  61%|██████    | 122/200 [14:57<11:28,  8.83s/it, -ELBO=0.9349, Potential Metric=0.1413, Entropy Metric=0.0471]

Epoch 122:  75%|███████▌  | 12/16 [00:06<00:02,  1.87it/s][A
Training Epochs:  61%|██████    | 122/200 [14:58<11:28,  8.83s/it, -ELBO=0.9453, Potential Metric=0.1673, Entropy Metric=0.0528]

Epoch 122:  81%|████████▏ | 13/16 [00:07<00:01,  1.77it/s][A
Training Epochs:  61%|██████    | 122/200 [14:58<11:28,  8.83s/it, -ELBO=0.9341, Potential Metric=0.1553, Entropy Metric=0.0473]

Epoch 122:  88%|████████▊ | 14/16 [00:07<00:01,  1.78it/s][A
Training Epochs:  61%|██████    | 122/200 [14:59<11:28,  8.83s/it, -ELBO=0.9382, Potential Metric=0.1406, Entropy Metric=0.0470]

Epoch 122:  94%|█████████▍| 15/16 [00:08<00:00,  1.83it/s][A
Training Epochs:  61%|██████    | 122/200 [14:59<11:28,  8.83s/it, -ELBO=0.9576, Potential Metric=0.1456, Entropy Metric=0.0458]

Epoch 122: 100%|██████████| 16/16 [00:08<00:00,  1.83it/s][A

                                                          [A
Training Epochs:  62%|██████▏   | 123/200 [14:59<11:19,  8.82s/it, -ELBO=0.9576, Potential Metric=0.1456, Entropy Metric=0.0458]

Epoch 123:   0%|          | 0/16 [00:00<?, ?it/s][A
Training Epochs:  62%|██████▏   | 123/200 [15:00<11:19,  8.82s/it, -ELBO=0.9675, Potential Metric=0.1321, Entropy Metric=0.0456]

Epoch 123:   6%|▋         | 1/16 [00:00<00:08,  1.68it/s][A
Training Epochs:  62%|██████▏   | 123/200 [15:01<11:19,  8.82s/it, -ELBO=0.9301, Potential Metric=0.1577, Entropy Metric=0.0477]

Epoch 123:  12%|█▎        | 2/16 [00:01<00:07,  1.77it/s][A
Training Epochs:  62%|██████▏   | 123/200 [15:01<11:19,  8.82s/it, -ELBO=0.9377, Potential Metric=0.1476, Entropy Metric=0.0450]

Epoch 123:  19%|█▉        | 3/16 [00:01<00:07,  1.80it/s][A
Training Epochs:  62%|██████▏   | 123/200 [15:02<11:19,  8.82s/it, -ELBO=0.9401, Potential Metric=0.1378, Entropy Metric=0.0408]

Epoch 123:  25%|██▌       | 4/16 [00:02<00:06,  1.82it/s][A
Training Epochs:  62%|██████▏   | 123/200 [15:02<11:19,  8.82s/it, -ELBO=0.9190, Potential Metric=0.1443, Entropy Metric=0.0479]

Epoch 123:  31%|███▏      | 5/16 [00:02<00:05,  1.92it/s][A
Training Epochs:  62%|██████▏   | 123/200 [15:03<11:19,  8.82s/it, -ELBO=0.9566, Potential Metric=0.1457, Entropy Metric=0.0470]

Epoch 123:  38%|███▊      | 6/16 [00:03<00:05,  1.86it/s][A
Training Epochs:  62%|██████▏   | 123/200 [15:03<11:19,  8.82s/it, -ELBO=0.9385, Potential Metric=0.1387, Entropy Metric=0.0437]

Epoch 123:  44%|████▍     | 7/16 [00:03<00:04,  1.91it/s][A
Training Epochs:  62%|██████▏   | 123/200 [15:04<11:19,  8.82s/it, -ELBO=0.9114, Potential Metric=0.1431, Entropy Metric=0.0472]

Epoch 123:  50%|█████     | 8/16 [00:04<00:04,  1.90it/s][A
Training Epochs:  62%|██████▏   | 123/200 [15:04<11:19,  8.82s/it, -ELBO=0.9396, Potential Metric=0.1438, Entropy Metric=0.0498]

Epoch 123:  56%|█████▋    | 9/16 [00:04<00:03,  1.87it/s][A
Training Epochs:  62%|██████▏   | 123/200 [15:05<11:19,  8.82s/it, -ELBO=0.9494, Potential Metric=0.1437, Entropy Metric=0.0490]

Epoch 123:  62%|██████▎   | 10/16 [00:05<00:03,  1.82it/s][A
Training Epochs:  62%|██████▏   | 123/200 [15:05<11:19,  8.82s/it, -ELBO=0.9484, Potential Metric=0.1374, Entropy Metric=0.0486]

Epoch 123:  69%|██████▉   | 11/16 [00:05<00:02,  1.82it/s][A
Training Epochs:  62%|██████▏   | 123/200 [15:06<11:19,  8.82s/it, -ELBO=0.9359, Potential Metric=0.1506, Entropy Metric=0.0502]

Epoch 123:  75%|███████▌  | 12/16 [00:06<00:02,  1.82it/s][A
Training Epochs:  62%|██████▏   | 123/200 [15:06<11:19,  8.82s/it, -ELBO=0.9033, Potential Metric=0.1551, Entropy Metric=0.0477]

Epoch 123:  81%|████████▏ | 13/16 [00:07<00:01,  1.86it/s][A
Training Epochs:  62%|██████▏   | 123/200 [15:07<11:19,  8.82s/it, -ELBO=0.9117, Potential Metric=0.1475, Entropy Metric=0.0468]

Epoch 123:  88%|████████▊ | 14/16 [00:07<00:01,  1.86it/s][A
Training Epochs:  62%|██████▏   | 123/200 [15:08<11:19,  8.82s/it, -ELBO=0.9352, Potential Metric=0.1425, Entropy Metric=0.0497]

Epoch 123:  94%|█████████▍| 15/16 [00:08<00:00,  1.87it/s][A
Training Epochs:  62%|██████▏   | 123/200 [15:08<11:19,  8.82s/it, -ELBO=0.9366, Potential Metric=0.1412, Entropy Metric=0.0486]

Epoch 123: 100%|██████████| 16/16 [00:08<00:00,  1.86it/s][A

                                                          [A
Training Epochs:  62%|██████▏   | 124/200 [15:08<11:07,  8.79s/it, -ELBO=0.9366, Potential Metric=0.1412, Entropy Metric=0.0486]

Epoch 124:   0%|          | 0/16 [00:00<?, ?it/s][A
Training Epochs:  62%|██████▏   | 124/200 [15:09<11:07,  8.79s/it, -ELBO=0.9286, Potential Metric=0.1420, Entropy Metric=0.0490]

Epoch 124:   6%|▋         | 1/16 [00:00<00:08,  1.74it/s][A
Training Epochs:  62%|██████▏   | 124/200 [15:09<11:07,  8.79s/it, -ELBO=0.9371, Potential Metric=0.1326, Entropy Metric=0.0479]

Epoch 124:  12%|█▎        | 2/16 [00:01<00:07,  1.88it/s][A
Training Epochs:  62%|██████▏   | 124/200 [15:10<11:07,  8.79s/it, -ELBO=0.9223, Potential Metric=0.1289, Entropy Metric=0.0449]

Epoch 124:  19%|█▉        | 3/16 [00:01<00:06,  1.90it/s][A
Training Epochs:  62%|██████▏   | 124/200 [15:10<11:07,  8.79s/it, -ELBO=0.9138, Potential Metric=0.1410, Entropy Metric=0.0461]

Epoch 124:  25%|██▌       | 4/16 [00:02<00:06,  1.86it/s][A
Training Epochs:  62%|██████▏   | 124/200 [15:11<11:07,  8.79s/it, -ELBO=0.9386, Potential Metric=0.1392, Entropy Metric=0.0427]

Epoch 124:  31%|███▏      | 5/16 [00:02<00:06,  1.83it/s][A
Training Epochs:  62%|██████▏   | 124/200 [15:11<11:07,  8.79s/it, -ELBO=0.9457, Potential Metric=0.1320, Entropy Metric=0.0380]

Epoch 124:  38%|███▊      | 6/16 [00:03<00:05,  1.90it/s][A
Training Epochs:  62%|██████▏   | 124/200 [15:12<11:07,  8.79s/it, -ELBO=0.9321, Potential Metric=0.1373, Entropy Metric=0.0419]

Epoch 124:  44%|████▍     | 7/16 [00:03<00:04,  1.89it/s][A
Training Epochs:  62%|██████▏   | 124/200 [15:12<11:07,  8.79s/it, -ELBO=0.9346, Potential Metric=0.1372, Entropy Metric=0.0428]

Epoch 124:  50%|█████     | 8/16 [00:04<00:04,  1.84it/s][A
Training Epochs:  62%|██████▏   | 124/200 [15:13<11:07,  8.79s/it, -ELBO=0.9243, Potential Metric=0.1444, Entropy Metric=0.0442]

Epoch 124:  56%|█████▋    | 9/16 [00:04<00:03,  1.83it/s][A
Training Epochs:  62%|██████▏   | 124/200 [15:14<11:07,  8.79s/it, -ELBO=0.9083, Potential Metric=0.1433, Entropy Metric=0.0439]

Epoch 124:  62%|██████▎   | 10/16 [00:05<00:03,  1.80it/s][A
Training Epochs:  62%|██████▏   | 124/200 [15:14<11:07,  8.79s/it, -ELBO=0.9018, Potential Metric=0.1417, Entropy Metric=0.0502]

Epoch 124:  69%|██████▉   | 11/16 [00:05<00:02,  1.82it/s][A
Training Epochs:  62%|██████▏   | 124/200 [15:15<11:07,  8.79s/it, -ELBO=0.9373, Potential Metric=0.1536, Entropy Metric=0.0513]

Epoch 124:  75%|███████▌  | 12/16 [00:06<00:02,  1.81it/s][A
Training Epochs:  62%|██████▏   | 124/200 [15:15<11:07,  8.79s/it, -ELBO=0.9534, Potential Metric=0.1466, Entropy Metric=0.0504]

Epoch 124:  81%|████████▏ | 13/16 [00:07<00:01,  1.81it/s][A
Training Epochs:  62%|██████▏   | 124/200 [15:16<11:07,  8.79s/it, -ELBO=0.9475, Potential Metric=0.1442, Entropy Metric=0.0501]

Epoch 124:  88%|████████▊ | 14/16 [00:07<00:01,  1.82it/s][A
Training Epochs:  62%|██████▏   | 124/200 [15:16<11:07,  8.79s/it, -ELBO=0.9432, Potential Metric=0.1393, Entropy Metric=0.0488]

Epoch 124:  94%|█████████▍| 15/16 [00:08<00:00,  1.84it/s][A
Training Epochs:  62%|██████▏   | 124/200 [15:17<11:07,  8.79s/it, -ELBO=0.9157, Potential Metric=0.1395, Entropy Metric=0.0498]

Epoch 124: 100%|██████████| 16/16 [00:08<00:00,  1.86it/s][A

                                                          [A
Training Epochs:  62%|██████▎   | 125/200 [15:17<10:58,  8.78s/it, -ELBO=0.9157, Potential Metric=0.1395, Entropy Metric=0.0498]

Epoch 125:   0%|          | 0/16 [00:00<?, ?it/s][A
Training Epochs:  62%|██████▎   | 125/200 [15:18<10:58,  8.78s/it, -ELBO=0.9388, Potential Metric=0.1398, Entropy Metric=0.0508]

Epoch 125:   6%|▋         | 1/16 [00:00<00:10,  1.37it/s][A
Training Epochs:  62%|██████▎   | 125/200 [15:18<10:58,  8.78s/it, -ELBO=0.9422, Potential Metric=0.1455, Entropy Metric=0.0480]

Epoch 125:  12%|█▎        | 2/16 [00:01<00:08,  1.65it/s][A
Training Epochs:  62%|██████▎   | 125/200 [15:19<10:58,  8.78s/it, -ELBO=0.9362, Potential Metric=0.1355, Entropy Metric=0.0466]

Epoch 125:  19%|█▉        | 3/16 [00:01<00:07,  1.77it/s][A
Training Epochs:  62%|██████▎   | 125/200 [15:19<10:58,  8.78s/it, -ELBO=0.9334, Potential Metric=0.1457, Entropy Metric=0.0484]

Epoch 125:  25%|██▌       | 4/16 [00:02<00:06,  1.74it/s][A
Training Epochs:  62%|██████▎   | 125/200 [15:20<10:58,  8.78s/it, -ELBO=0.9595, Potential Metric=0.1351, Entropy Metric=0.0456]

Epoch 125:  31%|███▏      | 5/16 [00:02<00:06,  1.75it/s][A
Training Epochs:  62%|██████▎   | 125/200 [15:20<10:58,  8.78s/it, -ELBO=0.9031, Potential Metric=0.1562, Entropy Metric=0.0477]

Epoch 125:  38%|███▊      | 6/16 [00:03<00:05,  1.78it/s][A
Training Epochs:  62%|██████▎   | 125/200 [15:21<10:58,  8.78s/it, -ELBO=0.9082, Potential Metric=0.1409, Entropy Metric=0.0446]

Epoch 125:  44%|████▍     | 7/16 [00:03<00:04,  1.84it/s][A
Training Epochs:  62%|██████▎   | 125/200 [15:21<10:58,  8.78s/it, -ELBO=0.9008, Potential Metric=0.1514, Entropy Metric=0.0456]

Epoch 125:  50%|█████     | 8/16 [00:04<00:04,  1.89it/s][A
Training Epochs:  62%|██████▎   | 125/200 [15:22<10:58,  8.78s/it, -ELBO=0.9360, Potential Metric=0.1355, Entropy Metric=0.0416]

Epoch 125:  56%|█████▋    | 9/16 [00:04<00:03,  1.94it/s][A
Training Epochs:  62%|██████▎   | 125/200 [15:22<10:58,  8.78s/it, -ELBO=0.9062, Potential Metric=0.1492, Entropy Metric=0.0443]

Epoch 125:  62%|██████▎   | 10/16 [00:05<00:03,  1.92it/s][A
Training Epochs:  62%|██████▎   | 125/200 [15:23<10:58,  8.78s/it, -ELBO=0.9196, Potential Metric=0.1394, Entropy Metric=0.0435]

Epoch 125:  69%|██████▉   | 11/16 [00:06<00:02,  1.88it/s][A
Training Epochs:  62%|██████▎   | 125/200 [15:23<10:58,  8.78s/it, -ELBO=0.9230, Potential Metric=0.1419, Entropy Metric=0.0470]

Epoch 125:  75%|███████▌  | 12/16 [00:06<00:02,  1.94it/s][A
Training Epochs:  62%|██████▎   | 125/200 [15:24<10:58,  8.78s/it, -ELBO=0.9268, Potential Metric=0.1481, Entropy Metric=0.0458]

Epoch 125:  81%|████████▏ | 13/16 [00:07<00:01,  1.94it/s][A
Training Epochs:  62%|██████▎   | 125/200 [15:25<10:58,  8.78s/it, -ELBO=0.9091, Potential Metric=0.1366, Entropy Metric=0.0424]

Epoch 125:  88%|████████▊ | 14/16 [00:07<00:01,  1.88it/s][A
Training Epochs:  62%|██████▎   | 125/200 [15:25<10:58,  8.78s/it, -ELBO=0.8952, Potential Metric=0.1687, Entropy Metric=0.0441]

Epoch 125:  94%|█████████▍| 15/16 [00:08<00:00,  1.91it/s][A
Training Epochs:  62%|██████▎   | 125/200 [15:26<10:58,  8.78s/it, -ELBO=0.9340, Potential Metric=0.1445, Entropy Metric=0.0417]

Epoch 125: 100%|██████████| 16/16 [00:08<00:00,  1.91it/s][A

                                                          [A
Training Epochs:  63%|██████▎   | 126/200 [15:26<10:48,  8.77s/it, -ELBO=0.9340, Potential Metric=0.1445, Entropy Metric=0.0417]

Epoch 126:   0%|          | 0/16 [00:00<?, ?it/s][A
Training Epochs:  63%|██████▎   | 126/200 [15:26<10:48,  8.77s/it, -ELBO=0.9120, Potential Metric=0.1389, Entropy Metric=0.0418]

Epoch 126:   6%|▋         | 1/16 [00:00<00:08,  1.77it/s][A
Training Epochs:  63%|██████▎   | 126/200 [15:27<10:48,  8.77s/it, -ELBO=0.9370, Potential Metric=0.1285, Entropy Metric=0.0435]

Epoch 126:  12%|█▎        | 2/16 [00:01<00:07,  1.86it/s][A
Training Epochs:  63%|██████▎   | 126/200 [15:27<10:48,  8.77s/it, -ELBO=0.9100, Potential Metric=0.1454, Entropy Metric=0.0486]

Epoch 126:  19%|█▉        | 3/16 [00:01<00:06,  1.89it/s][A
Training Epochs:  63%|██████▎   | 126/200 [15:28<10:48,  8.77s/it, -ELBO=0.9446, Potential Metric=0.1383, Entropy Metric=0.0495]

Epoch 126:  25%|██▌       | 4/16 [00:02<00:06,  1.87it/s][A
Training Epochs:  63%|██████▎   | 126/200 [15:28<10:48,  8.77s/it, -ELBO=0.9187, Potential Metric=0.1292, Entropy Metric=0.0432]

Epoch 126:  31%|███▏      | 5/16 [00:02<00:06,  1.83it/s][A
Training Epochs:  63%|██████▎   | 126/200 [15:29<10:48,  8.77s/it, -ELBO=0.9306, Potential Metric=0.1413, Entropy Metric=0.0524]

Epoch 126:  38%|███▊      | 6/16 [00:03<00:05,  1.79it/s][A
Training Epochs:  63%|██████▎   | 126/200 [15:30<10:48,  8.77s/it, -ELBO=0.9393, Potential Metric=0.1302, Entropy Metric=0.0465]

Epoch 126:  44%|████▍     | 7/16 [00:03<00:05,  1.78it/s][A
Training Epochs:  63%|██████▎   | 126/200 [15:30<10:48,  8.77s/it, -ELBO=0.9009, Potential Metric=0.1438, Entropy Metric=0.0486]

Epoch 126:  50%|█████     | 8/16 [00:04<00:04,  1.82it/s][A
Training Epochs:  63%|██████▎   | 126/200 [15:31<10:48,  8.77s/it, -ELBO=0.9161, Potential Metric=0.1489, Entropy Metric=0.0487]

Epoch 126:  56%|█████▋    | 9/16 [00:04<00:03,  1.88it/s][A
Training Epochs:  63%|██████▎   | 126/200 [15:31<10:48,  8.77s/it, -ELBO=0.9251, Potential Metric=0.1373, Entropy Metric=0.0455]

Epoch 126:  62%|██████▎   | 10/16 [00:05<00:03,  1.87it/s][A
Training Epochs:  63%|██████▎   | 126/200 [15:32<10:48,  8.77s/it, -ELBO=0.9348, Potential Metric=0.1374, Entropy Metric=0.0479]

Epoch 126:  69%|██████▉   | 11/16 [00:05<00:02,  1.88it/s][A
Training Epochs:  63%|██████▎   | 126/200 [15:32<10:48,  8.77s/it, -ELBO=0.9248, Potential Metric=0.1585, Entropy Metric=0.0492]

Epoch 126:  75%|███████▌  | 12/16 [00:06<00:02,  1.88it/s][A
Training Epochs:  63%|██████▎   | 126/200 [15:33<10:48,  8.77s/it, -ELBO=0.9115, Potential Metric=0.1347, Entropy Metric=0.0446]

Epoch 126:  81%|████████▏ | 13/16 [00:07<00:01,  1.88it/s][A
Training Epochs:  63%|██████▎   | 126/200 [15:33<10:48,  8.77s/it, -ELBO=0.9050, Potential Metric=0.1493, Entropy Metric=0.0460]

Epoch 126:  88%|████████▊ | 14/16 [00:07<00:01,  1.95it/s][A
Training Epochs:  63%|██████▎   | 126/200 [15:34<10:48,  8.77s/it, -ELBO=0.9263, Potential Metric=0.1436, Entropy Metric=0.0450]

Epoch 126:  94%|█████████▍| 15/16 [00:07<00:00,  1.96it/s][A
Training Epochs:  63%|██████▎   | 126/200 [15:34<10:48,  8.77s/it, -ELBO=0.9071, Potential Metric=0.1570, Entropy Metric=0.0490]

Epoch 126: 100%|██████████| 16/16 [00:08<00:00,  1.91it/s][A

                                                          [A
Training Epochs:  64%|██████▎   | 127/200 [15:34<10:37,  8.73s/it, -ELBO=0.9071, Potential Metric=0.1570, Entropy Metric=0.0490]

Epoch 127:   0%|          | 0/16 [00:00<?, ?it/s][A
Training Epochs:  64%|██████▎   | 127/200 [15:35<10:37,  8.73s/it, -ELBO=0.9400, Potential Metric=0.1433, Entropy Metric=0.0465]

Epoch 127:   6%|▋         | 1/16 [00:00<00:08,  1.80it/s][A
Training Epochs:  64%|██████▎   | 127/200 [15:35<10:37,  8.73s/it, -ELBO=0.9358, Potential Metric=0.1345, Entropy Metric=0.0449]

Epoch 127:  12%|█▎        | 2/16 [00:01<00:07,  1.86it/s][A
Training Epochs:  64%|██████▎   | 127/200 [15:36<10:37,  8.73s/it, -ELBO=0.9194, Potential Metric=0.1323, Entropy Metric=0.0462]

Epoch 127:  19%|█▉        | 3/16 [00:01<00:06,  1.94it/s][A
Training Epochs:  64%|██████▎   | 127/200 [15:36<10:37,  8.73s/it, -ELBO=0.9027, Potential Metric=0.1568, Entropy Metric=0.0492]

Epoch 127:  25%|██▌       | 4/16 [00:02<00:06,  1.89it/s][A
Training Epochs:  64%|██████▎   | 127/200 [15:37<10:37,  8.73s/it, -ELBO=0.8741, Potential Metric=0.1520, Entropy Metric=0.0477]

Epoch 127:  31%|███▏      | 5/16 [00:02<00:05,  1.94it/s][A
Training Epochs:  64%|██████▎   | 127/200 [15:37<10:37,  8.73s/it, -ELBO=0.9139, Potential Metric=0.1384, Entropy Metric=0.0450]

Epoch 127:  38%|███▊      | 6/16 [00:03<00:05,  1.90it/s][A
Training Epochs:  64%|██████▎   | 127/200 [15:38<10:37,  8.73s/it, -ELBO=0.9191, Potential Metric=0.1360, Entropy Metric=0.0490]

Epoch 127:  44%|████▍     | 7/16 [00:03<00:04,  1.92it/s][A
Training Epochs:  64%|██████▎   | 127/200 [15:38<10:37,  8.73s/it, -ELBO=0.9069, Potential Metric=0.1383, Entropy Metric=0.0478]

Epoch 127:  50%|█████     | 8/16 [00:04<00:04,  1.90it/s][A
Training Epochs:  64%|██████▎   | 127/200 [15:39<10:37,  8.73s/it, -ELBO=0.9053, Potential Metric=0.1378, Entropy Metric=0.0491]

Epoch 127:  56%|█████▋    | 9/16 [00:04<00:03,  1.88it/s][A
Training Epochs:  64%|██████▎   | 127/200 [15:40<10:37,  8.73s/it, -ELBO=0.9276, Potential Metric=0.1426, Entropy Metric=0.0476]

Epoch 127:  62%|██████▎   | 10/16 [00:05<00:03,  1.87it/s][A
Training Epochs:  64%|██████▎   | 127/200 [15:40<10:37,  8.73s/it, -ELBO=0.9198, Potential Metric=0.1356, Entropy Metric=0.0493]

Epoch 127:  69%|██████▉   | 11/16 [00:05<00:02,  1.86it/s][A
Training Epochs:  64%|██████▎   | 127/200 [15:41<10:37,  8.73s/it, -ELBO=0.9227, Potential Metric=0.1302, Entropy Metric=0.0502]

Epoch 127:  75%|███████▌  | 12/16 [00:06<00:02,  1.93it/s][A
Training Epochs:  64%|██████▎   | 127/200 [15:41<10:37,  8.73s/it, -ELBO=0.9116, Potential Metric=0.1408, Entropy Metric=0.0477]

Epoch 127:  81%|████████▏ | 13/16 [00:06<00:01,  1.76it/s][A
Training Epochs:  64%|██████▎   | 127/200 [15:42<10:37,  8.73s/it, -ELBO=0.9031, Potential Metric=0.1448, Entropy Metric=0.0505]

Epoch 127:  88%|████████▊ | 14/16 [00:07<00:01,  1.77it/s][A
Training Epochs:  64%|██████▎   | 127/200 [15:42<10:37,  8.73s/it, -ELBO=0.8880, Potential Metric=0.1499, Entropy Metric=0.0511]

Epoch 127:  94%|█████████▍| 15/16 [00:08<00:00,  1.82it/s][A
Training Epochs:  64%|██████▎   | 127/200 [15:43<10:37,  8.73s/it, -ELBO=0.9041, Potential Metric=0.1398, Entropy Metric=0.0513]

Epoch 127: 100%|██████████| 16/16 [00:08<00:00,  1.81it/s][A

                                                          [A
Training Epochs:  64%|██████▍   | 128/200 [15:43<10:27,  8.72s/it, -ELBO=0.9041, Potential Metric=0.1398, Entropy Metric=0.0513]

Epoch 128:   0%|          | 0/16 [00:00<?, ?it/s][A
Training Epochs:  64%|██████▍   | 128/200 [15:43<10:27,  8.72s/it, -ELBO=0.8736, Potential Metric=0.1371, Entropy Metric=0.0485]

Epoch 128:   6%|▋         | 1/16 [00:00<00:08,  1.78it/s][A
Training Epochs:  64%|██████▍   | 128/200 [15:44<10:27,  8.72s/it, -ELBO=0.9210, Potential Metric=0.1413, Entropy Metric=0.0494]

Epoch 128:  12%|█▎        | 2/16 [00:01<00:07,  1.80it/s][A
Training Epochs:  64%|██████▍   | 128/200 [15:45<10:27,  8.72s/it, -ELBO=0.9289, Potential Metric=0.1414, Entropy Metric=0.0482]

Epoch 128:  19%|█▉        | 3/16 [00:01<00:07,  1.80it/s][A
Training Epochs:  64%|██████▍   | 128/200 [15:45<10:27,  8.72s/it, -ELBO=0.8853, Potential Metric=0.1437, Entropy Metric=0.0537]

Epoch 128:  25%|██▌       | 4/16 [00:02<00:06,  1.90it/s][A
Training Epochs:  64%|██████▍   | 128/200 [15:46<10:27,  8.72s/it, -ELBO=0.9210, Potential Metric=0.1355, Entropy Metric=0.0478]

Epoch 128:  31%|███▏      | 5/16 [00:02<00:05,  1.90it/s][A
Training Epochs:  64%|██████▍   | 128/200 [15:46<10:27,  8.72s/it, -ELBO=0.9081, Potential Metric=0.1353, Entropy Metric=0.0476]

Epoch 128:  38%|███▊      | 6/16 [00:03<00:05,  1.86it/s][A
Training Epochs:  64%|██████▍   | 128/200 [15:47<10:27,  8.72s/it, -ELBO=0.8853, Potential Metric=0.1476, Entropy Metric=0.0463]

Epoch 128:  44%|████▍     | 7/16 [00:03<00:04,  1.81it/s][A
Training Epochs:  64%|██████▍   | 128/200 [15:47<10:27,  8.72s/it, -ELBO=0.9212, Potential Metric=0.1301, Entropy Metric=0.0433]

Epoch 128:  50%|█████     | 8/16 [00:04<00:04,  1.88it/s][A
Training Epochs:  64%|██████▍   | 128/200 [15:48<10:27,  8.72s/it, -ELBO=0.9020, Potential Metric=0.1394, Entropy Metric=0.0457]

Epoch 128:  56%|█████▋    | 9/16 [00:04<00:03,  1.88it/s][A
Training Epochs:  64%|██████▍   | 128/200 [15:48<10:27,  8.72s/it, -ELBO=0.8925, Potential Metric=0.1493, Entropy Metric=0.0475]

Epoch 128:  62%|██████▎   | 10/16 [00:05<00:03,  1.90it/s][A
Training Epochs:  64%|██████▍   | 128/200 [15:49<10:27,  8.72s/it, -ELBO=0.9284, Potential Metric=0.1393, Entropy Metric=0.0465]

Epoch 128:  69%|██████▉   | 11/16 [00:05<00:02,  1.90it/s][A
Training Epochs:  64%|██████▍   | 128/200 [15:49<10:27,  8.72s/it, -ELBO=0.9143, Potential Metric=0.1433, Entropy Metric=0.0464]

Epoch 128:  75%|███████▌  | 12/16 [00:06<00:02,  1.89it/s][A
Training Epochs:  64%|██████▍   | 128/200 [15:50<10:27,  8.72s/it, -ELBO=0.9022, Potential Metric=0.1499, Entropy Metric=0.0454]

Epoch 128:  81%|████████▏ | 13/16 [00:06<00:01,  1.89it/s][A
Training Epochs:  64%|██████▍   | 128/200 [15:50<10:27,  8.72s/it, -ELBO=0.9171, Potential Metric=0.1179, Entropy Metric=0.0441]

Epoch 128:  88%|████████▊ | 14/16 [00:07<00:01,  1.91it/s][A
Training Epochs:  64%|██████▍   | 128/200 [15:51<10:27,  8.72s/it, -ELBO=0.9127, Potential Metric=0.1323, Entropy Metric=0.0454]

Epoch 128:  94%|█████████▍| 15/16 [00:07<00:00,  1.90it/s][A
Training Epochs:  64%|██████▍   | 128/200 [15:51<10:27,  8.72s/it, -ELBO=0.9024, Potential Metric=0.1257, Entropy Metric=0.0423]

Epoch 128: 100%|██████████| 16/16 [00:08<00:00,  2.02it/s][A

                                                          [A
Training Epochs:  64%|██████▍   | 129/200 [15:51<10:13,  8.64s/it, -ELBO=0.9024, Potential Metric=0.1257, Entropy Metric=0.0423]

Epoch 129:   0%|          | 0/16 [00:00<?, ?it/s][A
Training Epochs:  64%|██████▍   | 129/200 [15:52<10:13,  8.64s/it, -ELBO=0.8871, Potential Metric=0.1384, Entropy Metric=0.0447]

Epoch 129:   6%|▋         | 1/16 [00:00<00:08,  1.67it/s][A
Training Epochs:  64%|██████▍   | 129/200 [15:52<10:13,  8.64s/it, -ELBO=0.9167, Potential Metric=0.1323, Entropy Metric=0.0448]

Epoch 129:  12%|█▎        | 2/16 [00:01<00:07,  1.79it/s][A
Training Epochs:  64%|██████▍   | 129/200 [15:53<10:13,  8.64s/it, -ELBO=0.8954, Potential Metric=0.1270, Entropy Metric=0.0428]

Epoch 129:  19%|█▉        | 3/16 [00:01<00:07,  1.74it/s][A
Training Epochs:  64%|██████▍   | 129/200 [15:54<10:13,  8.64s/it, -ELBO=0.9133, Potential Metric=0.1294, Entropy Metric=0.0444]

Epoch 129:  25%|██▌       | 4/16 [00:02<00:06,  1.75it/s][A
Training Epochs:  64%|██████▍   | 129/200 [15:54<10:13,  8.64s/it, -ELBO=0.9395, Potential Metric=0.1199, Entropy Metric=0.0436]

Epoch 129:  31%|███▏      | 5/16 [00:02<00:06,  1.77it/s][A
Training Epochs:  64%|██████▍   | 129/200 [15:55<10:13,  8.64s/it, -ELBO=0.9128, Potential Metric=0.1280, Entropy Metric=0.0477]

Epoch 129:  38%|███▊      | 6/16 [00:03<00:05,  1.79it/s][A
Training Epochs:  64%|██████▍   | 129/200 [15:55<10:13,  8.64s/it, -ELBO=0.9081, Potential Metric=0.1367, Entropy Metric=0.0483]

Epoch 129:  44%|████▍     | 7/16 [00:03<00:05,  1.79it/s][A
Training Epochs:  64%|██████▍   | 129/200 [15:56<10:13,  8.64s/it, -ELBO=0.8936, Potential Metric=0.1502, Entropy Metric=0.0531]

Epoch 129:  50%|█████     | 8/16 [00:04<00:04,  1.84it/s][A
Training Epochs:  64%|██████▍   | 129/200 [15:56<10:13,  8.64s/it, -ELBO=0.8991, Potential Metric=0.1417, Entropy Metric=0.0496]

Epoch 129:  56%|█████▋    | 9/16 [00:04<00:03,  1.85it/s][A
Training Epochs:  64%|██████▍   | 129/200 [15:57<10:13,  8.64s/it, -ELBO=0.8768, Potential Metric=0.1474, Entropy Metric=0.0486]

Epoch 129:  62%|██████▎   | 10/16 [00:05<00:03,  1.78it/s][A
Training Epochs:  64%|██████▍   | 129/200 [15:58<10:13,  8.64s/it, -ELBO=0.8984, Potential Metric=0.1395, Entropy Metric=0.0445]

Epoch 129:  69%|██████▉   | 11/16 [00:06<00:02,  1.74it/s][A
Training Epochs:  64%|██████▍   | 129/200 [15:58<10:13,  8.64s/it, -ELBO=0.8885, Potential Metric=0.1493, Entropy Metric=0.0503]

Epoch 129:  75%|███████▌  | 12/16 [00:06<00:02,  1.78it/s][A
Training Epochs:  64%|██████▍   | 129/200 [15:59<10:13,  8.64s/it, -ELBO=0.9106, Potential Metric=0.1165, Entropy Metric=0.0453]

Epoch 129:  81%|████████▏ | 13/16 [00:07<00:01,  1.87it/s][A
Training Epochs:  64%|██████▍   | 129/200 [15:59<10:13,  8.64s/it, -ELBO=0.8762, Potential Metric=0.1431, Entropy Metric=0.0497]

Epoch 129:  88%|████████▊ | 14/16 [00:07<00:01,  1.87it/s][A
Training Epochs:  64%|██████▍   | 129/200 [16:00<10:13,  8.64s/it, -ELBO=0.9241, Potential Metric=0.1356, Entropy Metric=0.0485]

Epoch 129:  94%|█████████▍| 15/16 [00:08<00:00,  1.88it/s][A
Training Epochs:  64%|██████▍   | 129/200 [16:00<10:13,  8.64s/it, -ELBO=0.9078, Potential Metric=0.1362, Entropy Metric=0.0484]

Epoch 129: 100%|██████████| 16/16 [00:08<00:00,  1.89it/s][A

                                                          [A
Training Epochs:  65%|██████▌   | 130/200 [16:00<10:08,  8.69s/it, -ELBO=0.9078, Potential Metric=0.1362, Entropy Metric=0.0484]

Epoch 130:   0%|          | 0/16 [00:00<?, ?it/s][A
Training Epochs:  65%|██████▌   | 130/200 [16:01<10:08,  8.69s/it, -ELBO=0.8874, Potential Metric=0.1371, Entropy Metric=0.0512]

Epoch 130:   6%|▋         | 1/16 [00:00<00:08,  1.67it/s][A
Training Epochs:  65%|██████▌   | 130/200 [16:01<10:08,  8.69s/it, -ELBO=0.8894, Potential Metric=0.1470, Entropy Metric=0.0500]

Epoch 130:  12%|█▎        | 2/16 [00:01<00:07,  1.78it/s][A
Training Epochs:  65%|██████▌   | 130/200 [16:02<10:08,  8.69s/it, -ELBO=0.9184, Potential Metric=0.1325, Entropy Metric=0.0490]

Epoch 130:  19%|█▉        | 3/16 [00:01<00:07,  1.80it/s][A
Training Epochs:  65%|██████▌   | 130/200 [16:03<10:08,  8.69s/it, -ELBO=0.9045, Potential Metric=0.1289, Entropy Metric=0.0487]

Epoch 130:  25%|██▌       | 4/16 [00:02<00:06,  1.79it/s][A
Training Epochs:  65%|██████▌   | 130/200 [16:03<10:08,  8.69s/it, -ELBO=0.9046, Potential Metric=0.1209, Entropy Metric=0.0412]

Epoch 130:  31%|███▏      | 5/16 [00:02<00:06,  1.77it/s][A
Training Epochs:  65%|██████▌   | 130/200 [16:04<10:08,  8.69s/it, -ELBO=0.9189, Potential Metric=0.1328, Entropy Metric=0.0461]

Epoch 130:  38%|███▊      | 6/16 [00:03<00:05,  1.75it/s][A
Training Epochs:  65%|██████▌   | 130/200 [16:04<10:08,  8.69s/it, -ELBO=0.8827, Potential Metric=0.1273, Entropy Metric=0.0451]

Epoch 130:  44%|████▍     | 7/16 [00:03<00:05,  1.76it/s][A
Training Epochs:  65%|██████▌   | 130/200 [16:05<10:08,  8.69s/it, -ELBO=0.8939, Potential Metric=0.1258, Entropy Metric=0.0462]

Epoch 130:  50%|█████     | 8/16 [00:04<00:04,  1.67it/s][A
Training Epochs:  65%|██████▌   | 130/200 [16:05<10:08,  8.69s/it, -ELBO=0.8742, Potential Metric=0.1458, Entropy Metric=0.0491]

Epoch 130:  56%|█████▋    | 9/16 [00:05<00:04,  1.72it/s][A
Training Epochs:  65%|██████▌   | 130/200 [16:06<10:08,  8.69s/it, -ELBO=0.8772, Potential Metric=0.1432, Entropy Metric=0.0503]

Epoch 130:  62%|██████▎   | 10/16 [00:05<00:03,  1.78it/s][A
Training Epochs:  65%|██████▌   | 130/200 [16:07<10:08,  8.69s/it, -ELBO=0.9015, Potential Metric=0.1330, Entropy Metric=0.0445]

Epoch 130:  69%|██████▉   | 11/16 [00:06<00:02,  1.79it/s][A
Training Epochs:  65%|██████▌   | 130/200 [16:07<10:08,  8.69s/it, -ELBO=0.8928, Potential Metric=0.1329, Entropy Metric=0.0450]

Epoch 130:  75%|███████▌  | 12/16 [00:06<00:02,  1.77it/s][A
Training Epochs:  65%|██████▌   | 130/200 [16:08<10:08,  8.69s/it, -ELBO=0.9089, Potential Metric=0.1344, Entropy Metric=0.0469]

Epoch 130:  81%|████████▏ | 13/16 [00:07<00:01,  1.80it/s][A
Training Epochs:  65%|██████▌   | 130/200 [16:08<10:08,  8.69s/it, -ELBO=0.8745, Potential Metric=0.1581, Entropy Metric=0.0498]

Epoch 130:  88%|████████▊ | 14/16 [00:07<00:01,  1.79it/s][A
Training Epochs:  65%|██████▌   | 130/200 [16:09<10:08,  8.69s/it, -ELBO=0.8900, Potential Metric=0.1370, Entropy Metric=0.0474]

Epoch 130:  94%|█████████▍| 15/16 [00:08<00:00,  1.83it/s][A
Training Epochs:  65%|██████▌   | 130/200 [16:09<10:08,  8.69s/it, -ELBO=0.9064, Potential Metric=0.1306, Entropy Metric=0.0476]

Epoch 130: 100%|██████████| 16/16 [00:08<00:00,  1.82it/s][A

                                                          [A
Training Epochs:  66%|██████▌   | 131/200 [16:09<10:08,  8.82s/it, -ELBO=0.9064, Potential Metric=0.1306, Entropy Metric=0.0476]

Epoch 131:   0%|          | 0/16 [00:00<?, ?it/s][A
Training Epochs:  66%|██████▌   | 131/200 [16:10<10:08,  8.82s/it, -ELBO=0.8673, Potential Metric=0.1366, Entropy Metric=0.0481]

Epoch 131:   6%|▋         | 1/16 [00:00<00:08,  1.87it/s][A
Training Epochs:  66%|██████▌   | 131/200 [16:10<10:08,  8.82s/it, -ELBO=0.9114, Potential Metric=0.1306, Entropy Metric=0.0461]

Epoch 131:  12%|█▎        | 2/16 [00:01<00:07,  1.90it/s][A
Training Epochs:  66%|██████▌   | 131/200 [16:11<10:08,  8.82s/it, -ELBO=0.8825, Potential Metric=0.1391, Entropy Metric=0.0488]

Epoch 131:  19%|█▉        | 3/16 [00:01<00:06,  1.86it/s][A
Training Epochs:  66%|██████▌   | 131/200 [16:12<10:08,  8.82s/it, -ELBO=0.9175, Potential Metric=0.1377, Entropy Metric=0.0483]

Epoch 131:  25%|██▌       | 4/16 [00:02<00:06,  1.81it/s][A
Training Epochs:  66%|██████▌   | 131/200 [16:12<10:08,  8.82s/it, -ELBO=0.8865, Potential Metric=0.1374, Entropy Metric=0.0486]

Epoch 131:  31%|███▏      | 5/16 [00:02<00:05,  1.86it/s][A
Training Epochs:  66%|██████▌   | 131/200 [16:13<10:08,  8.82s/it, -ELBO=0.9047, Potential Metric=0.1325, Entropy Metric=0.0493]

Epoch 131:  38%|███▊      | 6/16 [00:03<00:05,  1.90it/s][A
Training Epochs:  66%|██████▌   | 131/200 [16:13<10:08,  8.82s/it, -ELBO=0.9024, Potential Metric=0.1317, Entropy Metric=0.0449]

Epoch 131:  44%|████▍     | 7/16 [00:03<00:04,  1.88it/s][A
Training Epochs:  66%|██████▌   | 131/200 [16:14<10:08,  8.82s/it, -ELBO=0.9025, Potential Metric=0.1327, Entropy Metric=0.0472]

Epoch 131:  50%|█████     | 8/16 [00:04<00:04,  1.89it/s][A
Training Epochs:  66%|██████▌   | 131/200 [16:14<10:08,  8.82s/it, -ELBO=0.9123, Potential Metric=0.1234, Entropy Metric=0.0441]

Epoch 131:  56%|█████▋    | 9/16 [00:04<00:03,  1.90it/s][A
Training Epochs:  66%|██████▌   | 131/200 [16:15<10:08,  8.82s/it, -ELBO=0.8751, Potential Metric=0.1316, Entropy Metric=0.0477]

Epoch 131:  62%|██████▎   | 10/16 [00:05<00:03,  1.94it/s][A
Training Epochs:  66%|██████▌   | 131/200 [16:15<10:08,  8.82s/it, -ELBO=0.9110, Potential Metric=0.1336, Entropy Metric=0.0456]

Epoch 131:  69%|██████▉   | 11/16 [00:05<00:02,  1.89it/s][A
Training Epochs:  66%|██████▌   | 131/200 [16:16<10:08,  8.82s/it, -ELBO=0.8910, Potential Metric=0.1474, Entropy Metric=0.0507]

Epoch 131:  75%|███████▌  | 12/16 [00:06<00:02,  1.90it/s][A
Training Epochs:  66%|██████▌   | 131/200 [16:16<10:08,  8.82s/it, -ELBO=0.8807, Potential Metric=0.1383, Entropy Metric=0.0475]

Epoch 131:  81%|████████▏ | 13/16 [00:06<00:01,  1.86it/s][A
Training Epochs:  66%|██████▌   | 131/200 [16:17<10:08,  8.82s/it, -ELBO=0.8874, Potential Metric=0.1449, Entropy Metric=0.0513]

Epoch 131:  88%|████████▊ | 14/16 [00:07<00:01,  1.84it/s][A
Training Epochs:  66%|██████▌   | 131/200 [16:17<10:08,  8.82s/it, -ELBO=0.8797, Potential Metric=0.1412, Entropy Metric=0.0518]

Epoch 131:  94%|█████████▍| 15/16 [00:08<00:00,  1.85it/s][A
Training Epochs:  66%|██████▌   | 131/200 [16:18<10:08,  8.82s/it, -ELBO=0.8950, Potential Metric=0.1330, Entropy Metric=0.0501]

Epoch 131: 100%|██████████| 16/16 [00:08<00:00,  1.84it/s][A

                                                          [A
Training Epochs:  66%|██████▌   | 132/200 [16:18<09:56,  8.77s/it, -ELBO=0.8950, Potential Metric=0.1330, Entropy Metric=0.0501]

Epoch 132:   0%|          | 0/16 [00:00<?, ?it/s][A
Training Epochs:  66%|██████▌   | 132/200 [16:19<09:56,  8.77s/it, -ELBO=0.8827, Potential Metric=0.1280, Entropy Metric=0.0454]

Epoch 132:   6%|▋         | 1/16 [00:00<00:08,  1.84it/s][A
Training Epochs:  66%|██████▌   | 132/200 [16:19<09:56,  8.77s/it, -ELBO=0.8985, Potential Metric=0.1356, Entropy Metric=0.0486]

Epoch 132:  12%|█▎        | 2/16 [00:01<00:07,  1.85it/s][A
Training Epochs:  66%|██████▌   | 132/200 [16:20<09:56,  8.77s/it, -ELBO=0.8988, Potential Metric=0.1294, Entropy Metric=0.0486]

Epoch 132:  19%|█▉        | 3/16 [00:01<00:07,  1.80it/s][A
Training Epochs:  66%|██████▌   | 132/200 [16:20<09:56,  8.77s/it, -ELBO=0.8855, Potential Metric=0.1329, Entropy Metric=0.0487]

Epoch 132:  25%|██▌       | 4/16 [00:02<00:06,  1.88it/s][A
Training Epochs:  66%|██████▌   | 132/200 [16:21<09:56,  8.77s/it, -ELBO=0.8978, Potential Metric=0.1354, Entropy Metric=0.0515]

Epoch 132:  31%|███▏      | 5/16 [00:02<00:05,  1.86it/s][A
Training Epochs:  66%|██████▌   | 132/200 [16:21<09:56,  8.77s/it, -ELBO=0.8883, Potential Metric=0.1329, Entropy Metric=0.0463]

Epoch 132:  38%|███▊      | 6/16 [00:03<00:05,  1.91it/s][A
Training Epochs:  66%|██████▌   | 132/200 [16:22<09:56,  8.77s/it, -ELBO=0.8817, Potential Metric=0.1541, Entropy Metric=0.0502]

Epoch 132:  44%|████▍     | 7/16 [00:03<00:04,  1.83it/s][A
Training Epochs:  66%|██████▌   | 132/200 [16:22<09:56,  8.77s/it, -ELBO=0.9144, Potential Metric=0.1192, Entropy Metric=0.0473]

Epoch 132:  50%|█████     | 8/16 [00:04<00:04,  1.86it/s][A
Training Epochs:  66%|██████▌   | 132/200 [16:23<09:56,  8.77s/it, -ELBO=0.9005, Potential Metric=0.1214, Entropy Metric=0.0451]

Epoch 132:  56%|█████▋    | 9/16 [00:04<00:03,  1.86it/s][A
Training Epochs:  66%|██████▌   | 132/200 [16:23<09:56,  8.77s/it, -ELBO=0.8685, Potential Metric=0.1384, Entropy Metric=0.0467]

Epoch 132:  62%|██████▎   | 10/16 [00:05<00:03,  1.83it/s][A
Training Epochs:  66%|██████▌   | 132/200 [16:24<09:56,  8.77s/it, -ELBO=0.8883, Potential Metric=0.1315, Entropy Metric=0.0489]

Epoch 132:  69%|██████▉   | 11/16 [00:05<00:02,  1.83it/s][A
Training Epochs:  66%|██████▌   | 132/200 [16:25<09:56,  8.77s/it, -ELBO=0.8734, Potential Metric=0.1407, Entropy Metric=0.0526]

Epoch 132:  75%|███████▌  | 12/16 [00:06<00:02,  1.78it/s][A
Training Epochs:  66%|██████▌   | 132/200 [16:25<09:56,  8.77s/it, -ELBO=0.8661, Potential Metric=0.1342, Entropy Metric=0.0485]

Epoch 132:  81%|████████▏ | 13/16 [00:07<00:01,  1.78it/s][A
Training Epochs:  66%|██████▌   | 132/200 [16:26<09:56,  8.77s/it, -ELBO=0.8824, Potential Metric=0.1366, Entropy Metric=0.0509]

Epoch 132:  88%|████████▊ | 14/16 [00:07<00:01,  1.78it/s][A
Training Epochs:  66%|██████▌   | 132/200 [16:26<09:56,  8.77s/it, -ELBO=0.8854, Potential Metric=0.1373, Entropy Metric=0.0466]

Epoch 132:  94%|█████████▍| 15/16 [00:08<00:00,  1.81it/s][A
Training Epochs:  66%|██████▌   | 132/200 [16:27<09:56,  8.77s/it, -ELBO=0.8754, Potential Metric=0.1350, Entropy Metric=0.0481]

Epoch 132: 100%|██████████| 16/16 [00:08<00:00,  1.79it/s][A

                                                          [A
Training Epochs:  66%|██████▋   | 133/200 [16:27<09:49,  8.79s/it, -ELBO=0.8754, Potential Metric=0.1350, Entropy Metric=0.0481]

Epoch 133:   0%|          | 0/16 [00:00<?, ?it/s][A
Training Epochs:  66%|██████▋   | 133/200 [16:27<09:49,  8.79s/it, -ELBO=0.9052, Potential Metric=0.1187, Entropy Metric=0.0433]

Epoch 133:   6%|▋         | 1/16 [00:00<00:08,  1.71it/s][A
Training Epochs:  66%|██████▋   | 133/200 [16:28<09:49,  8.79s/it, -ELBO=0.8812, Potential Metric=0.1293, Entropy Metric=0.0496]

Epoch 133:  12%|█▎        | 2/16 [00:01<00:08,  1.59it/s][A
Training Epochs:  66%|██████▋   | 133/200 [16:29<09:49,  8.79s/it, -ELBO=0.8715, Potential Metric=0.1317, Entropy Metric=0.0481]

Epoch 133:  19%|█▉        | 3/16 [00:01<00:07,  1.75it/s][A
Training Epochs:  66%|██████▋   | 133/200 [16:29<09:49,  8.79s/it, -ELBO=0.8862, Potential Metric=0.1388, Entropy Metric=0.0477]

Epoch 133:  25%|██▌       | 4/16 [00:02<00:06,  1.73it/s][A
Training Epochs:  66%|██████▋   | 133/200 [16:30<09:49,  8.79s/it, -ELBO=0.8637, Potential Metric=0.1523, Entropy Metric=0.0490]

Epoch 133:  31%|███▏      | 5/16 [00:02<00:06,  1.78it/s][A
Training Epochs:  66%|██████▋   | 133/200 [16:30<09:49,  8.79s/it, -ELBO=0.8589, Potential Metric=0.1353, Entropy Metric=0.0467]

Epoch 133:  38%|███▊      | 6/16 [00:03<00:05,  1.85it/s][A
Training Epochs:  66%|██████▋   | 133/200 [16:31<09:49,  8.79s/it, -ELBO=0.8999, Potential Metric=0.1445, Entropy Metric=0.0507]

Epoch 133:  44%|████▍     | 7/16 [00:03<00:05,  1.77it/s][A
Training Epochs:  66%|██████▋   | 133/200 [16:31<09:49,  8.79s/it, -ELBO=0.8924, Potential Metric=0.1291, Entropy Metric=0.0450]

Epoch 133:  50%|█████     | 8/16 [00:04<00:04,  1.75it/s][A
Training Epochs:  66%|██████▋   | 133/200 [16:32<09:49,  8.79s/it, -ELBO=0.8748, Potential Metric=0.1329, Entropy Metric=0.0491]

Epoch 133:  56%|█████▋    | 9/16 [00:05<00:03,  1.79it/s][A
Training Epochs:  66%|██████▋   | 133/200 [16:32<09:49,  8.79s/it, -ELBO=0.8900, Potential Metric=0.1364, Entropy Metric=0.0511]

Epoch 133:  62%|██████▎   | 10/16 [00:05<00:03,  1.84it/s][A
Training Epochs:  66%|██████▋   | 133/200 [16:33<09:49,  8.79s/it, -ELBO=0.8626, Potential Metric=0.1227, Entropy Metric=0.0442]

Epoch 133:  69%|██████▉   | 11/16 [00:06<00:02,  1.84it/s][A
Training Epochs:  66%|██████▋   | 133/200 [16:34<09:49,  8.79s/it, -ELBO=0.8895, Potential Metric=0.1408, Entropy Metric=0.0527]

Epoch 133:  75%|███████▌  | 12/16 [00:06<00:02,  1.85it/s][A
Training Epochs:  66%|██████▋   | 133/200 [16:34<09:49,  8.79s/it, -ELBO=0.8788, Potential Metric=0.1372, Entropy Metric=0.0482]

Epoch 133:  81%|████████▏ | 13/16 [00:07<00:01,  1.77it/s][A
Training Epochs:  66%|██████▋   | 133/200 [16:35<09:49,  8.79s/it, -ELBO=0.8767, Potential Metric=0.1339, Entropy Metric=0.0493]

Epoch 133:  88%|████████▊ | 14/16 [00:07<00:01,  1.76it/s][A
Training Epochs:  66%|██████▋   | 133/200 [16:35<09:49,  8.79s/it, -ELBO=0.8790, Potential Metric=0.1436, Entropy Metric=0.0506]

Epoch 133:  94%|█████████▍| 15/16 [00:08<00:00,  1.74it/s][A
Training Epochs:  66%|██████▋   | 133/200 [16:36<09:49,  8.79s/it, -ELBO=0.8782, Potential Metric=0.1421, Entropy Metric=0.0478]

Epoch 133: 100%|██████████| 16/16 [00:09<00:00,  1.72it/s][A

                                                          [A
Training Epochs:  67%|██████▋   | 134/200 [16:36<09:47,  8.90s/it, -ELBO=0.8782, Potential Metric=0.1421, Entropy Metric=0.0478]

Epoch 134:   0%|          | 0/16 [00:00<?, ?it/s][A
Training Epochs:  67%|██████▋   | 134/200 [16:37<09:47,  8.90s/it, -ELBO=0.8894, Potential Metric=0.1361, Entropy Metric=0.0512]

Epoch 134:   6%|▋         | 1/16 [00:00<00:09,  1.64it/s][A
Training Epochs:  67%|██████▋   | 134/200 [16:37<09:47,  8.90s/it, -ELBO=0.8574, Potential Metric=0.1370, Entropy Metric=0.0499]

Epoch 134:  12%|█▎        | 2/16 [00:01<00:07,  1.82it/s][A
Training Epochs:  67%|██████▋   | 134/200 [16:38<09:47,  8.90s/it, -ELBO=0.8677, Potential Metric=0.1376, Entropy Metric=0.0475]

Epoch 134:  19%|█▉        | 3/16 [00:01<00:07,  1.71it/s][A
Training Epochs:  67%|██████▋   | 134/200 [16:38<09:47,  8.90s/it, -ELBO=0.8641, Potential Metric=0.1363, Entropy Metric=0.0487]

Epoch 134:  25%|██▌       | 4/16 [00:02<00:06,  1.84it/s][A
Training Epochs:  67%|██████▋   | 134/200 [16:39<09:47,  8.90s/it, -ELBO=0.8490, Potential Metric=0.1567, Entropy Metric=0.0485]

Epoch 134:  31%|███▏      | 5/16 [00:02<00:05,  1.83it/s][A
Training Epochs:  67%|██████▋   | 134/200 [16:39<09:47,  8.90s/it, -ELBO=0.8777, Potential Metric=0.1372, Entropy Metric=0.0470]

Epoch 134:  38%|███▊      | 6/16 [00:03<00:05,  1.88it/s][A
Training Epochs:  67%|██████▋   | 134/200 [16:40<09:47,  8.90s/it, -ELBO=0.8680, Potential Metric=0.1365, Entropy Metric=0.0472]

Epoch 134:  44%|████▍     | 7/16 [00:03<00:04,  1.86it/s][A
Training Epochs:  67%|██████▋   | 134/200 [16:40<09:47,  8.90s/it, -ELBO=0.8769, Potential Metric=0.1207, Entropy Metric=0.0445]

Epoch 134:  50%|█████     | 8/16 [00:04<00:04,  1.84it/s][A
Training Epochs:  67%|██████▋   | 134/200 [16:41<09:47,  8.90s/it, -ELBO=0.8591, Potential Metric=0.1533, Entropy Metric=0.0480]

Epoch 134:  56%|█████▋    | 9/16 [00:05<00:03,  1.77it/s][A
Training Epochs:  67%|██████▋   | 134/200 [16:42<09:47,  8.90s/it, -ELBO=0.8908, Potential Metric=0.1290, Entropy Metric=0.0441]

Epoch 134:  62%|██████▎   | 10/16 [00:05<00:03,  1.80it/s][A
Training Epochs:  67%|██████▋   | 134/200 [16:42<09:47,  8.90s/it, -ELBO=0.8687, Potential Metric=0.1416, Entropy Metric=0.0505]

Epoch 134:  69%|██████▉   | 11/16 [00:06<00:02,  1.84it/s][A
Training Epochs:  67%|██████▋   | 134/200 [16:43<09:47,  8.90s/it, -ELBO=0.8714, Potential Metric=0.1388, Entropy Metric=0.0493]

Epoch 134:  75%|███████▌  | 12/16 [00:06<00:02,  1.80it/s][A
Training Epochs:  67%|██████▋   | 134/200 [16:43<09:47,  8.90s/it, -ELBO=0.8734, Potential Metric=0.1325, Entropy Metric=0.0482]

Epoch 134:  81%|████████▏ | 13/16 [00:07<00:01,  1.82it/s][A
Training Epochs:  67%|██████▋   | 134/200 [16:44<09:47,  8.90s/it, -ELBO=0.8646, Potential Metric=0.1400, Entropy Metric=0.0472]

Epoch 134:  88%|████████▊ | 14/16 [00:07<00:01,  1.80it/s][A
Training Epochs:  67%|██████▋   | 134/200 [16:44<09:47,  8.90s/it, -ELBO=0.8859, Potential Metric=0.1331, Entropy Metric=0.0483]

Epoch 134:  94%|█████████▍| 15/16 [00:08<00:00,  1.82it/s][A
Training Epochs:  67%|██████▋   | 134/200 [16:45<09:47,  8.90s/it, -ELBO=0.8891, Potential Metric=0.1415, Entropy Metric=0.0532]

Epoch 134: 100%|██████████| 16/16 [00:08<00:00,  1.79it/s][A

                                                          [A
Training Epochs:  68%|██████▊   | 135/200 [16:45<09:38,  8.91s/it, -ELBO=0.8891, Potential Metric=0.1415, Entropy Metric=0.0532]

Epoch 135:   0%|          | 0/16 [00:00<?, ?it/s][A
Training Epochs:  68%|██████▊   | 135/200 [16:45<09:38,  8.91s/it, -ELBO=0.8766, Potential Metric=0.1378, Entropy Metric=0.0518]

Epoch 135:   6%|▋         | 1/16 [00:00<00:09,  1.64it/s][A
Training Epochs:  68%|██████▊   | 135/200 [16:46<09:38,  8.91s/it, -ELBO=0.8595, Potential Metric=0.1367, Entropy Metric=0.0504]

Epoch 135:  12%|█▎        | 2/16 [00:01<00:08,  1.70it/s][A
Training Epochs:  68%|██████▊   | 135/200 [16:47<09:38,  8.91s/it, -ELBO=0.8527, Potential Metric=0.1415, Entropy Metric=0.0511]

Epoch 135:  19%|█▉        | 3/16 [00:01<00:07,  1.71it/s][A
Training Epochs:  68%|██████▊   | 135/200 [16:47<09:38,  8.91s/it, -ELBO=0.8685, Potential Metric=0.1375, Entropy Metric=0.0512]

Epoch 135:  25%|██▌       | 4/16 [00:02<00:06,  1.81it/s][A
Training Epochs:  68%|██████▊   | 135/200 [16:48<09:38,  8.91s/it, -ELBO=0.9089, Potential Metric=0.1305, Entropy Metric=0.0506]

Epoch 135:  31%|███▏      | 5/16 [00:02<00:06,  1.80it/s][A
Training Epochs:  68%|██████▊   | 135/200 [16:48<09:38,  8.91s/it, -ELBO=0.8728, Potential Metric=0.1402, Entropy Metric=0.0516]

Epoch 135:  38%|███▊      | 6/16 [00:03<00:05,  1.81it/s][A
Training Epochs:  68%|██████▊   | 135/200 [16:49<09:38,  8.91s/it, -ELBO=0.8878, Potential Metric=0.1323, Entropy Metric=0.0498]

Epoch 135:  44%|████▍     | 7/16 [00:03<00:04,  1.81it/s][A
Training Epochs:  68%|██████▊   | 135/200 [16:49<09:38,  8.91s/it, -ELBO=0.8816, Potential Metric=0.1369, Entropy Metric=0.0486]

Epoch 135:  50%|█████     | 8/16 [00:04<00:04,  1.80it/s][A
Training Epochs:  68%|██████▊   | 135/200 [16:50<09:38,  8.91s/it, -ELBO=0.8591, Potential Metric=0.1404, Entropy Metric=0.0480]

Epoch 135:  56%|█████▋    | 9/16 [00:05<00:03,  1.80it/s][A
Training Epochs:  68%|██████▊   | 135/200 [16:50<09:38,  8.91s/it, -ELBO=0.8725, Potential Metric=0.1309, Entropy Metric=0.0481]

Epoch 135:  62%|██████▎   | 10/16 [00:05<00:03,  1.82it/s][A
Training Epochs:  68%|██████▊   | 135/200 [16:51<09:38,  8.91s/it, -ELBO=0.8638, Potential Metric=0.1378, Entropy Metric=0.0510]

Epoch 135:  69%|██████▉   | 11/16 [00:06<00:02,  1.79it/s][A
Training Epochs:  68%|██████▊   | 135/200 [16:52<09:38,  8.91s/it, -ELBO=0.8837, Potential Metric=0.1406, Entropy Metric=0.0511]

Epoch 135:  75%|███████▌  | 12/16 [00:06<00:02,  1.82it/s][A
Training Epochs:  68%|██████▊   | 135/200 [16:52<09:38,  8.91s/it, -ELBO=0.8707, Potential Metric=0.1323, Entropy Metric=0.0485]

Epoch 135:  81%|████████▏ | 13/16 [00:07<00:01,  1.66it/s][A
Training Epochs:  68%|██████▊   | 135/200 [16:53<09:38,  8.91s/it, -ELBO=0.8669, Potential Metric=0.1243, Entropy Metric=0.0493]

Epoch 135:  88%|████████▊ | 14/16 [00:07<00:01,  1.72it/s][A
Training Epochs:  68%|██████▊   | 135/200 [16:53<09:38,  8.91s/it, -ELBO=0.8590, Potential Metric=0.1362, Entropy Metric=0.0509]

Epoch 135:  94%|█████████▍| 15/16 [00:08<00:00,  1.73it/s][A
Training Epochs:  68%|██████▊   | 135/200 [16:54<09:38,  8.91s/it, -ELBO=0.8727, Potential Metric=0.1375, Entropy Metric=0.0499]

Epoch 135: 100%|██████████| 16/16 [00:09<00:00,  1.73it/s][A

                                                          [A
Training Epochs:  68%|██████▊   | 136/200 [16:54<09:34,  8.97s/it, -ELBO=0.8727, Potential Metric=0.1375, Entropy Metric=0.0499]

Epoch 136:   0%|          | 0/16 [00:00<?, ?it/s][A
Training Epochs:  68%|██████▊   | 136/200 [16:55<09:34,  8.97s/it, -ELBO=0.8588, Potential Metric=0.1276, Entropy Metric=0.0476]

Epoch 136:   6%|▋         | 1/16 [00:00<00:08,  1.72it/s][A
Training Epochs:  68%|██████▊   | 136/200 [16:55<09:34,  8.97s/it, -ELBO=0.8798, Potential Metric=0.1327, Entropy Metric=0.0477]

Epoch 136:  12%|█▎        | 2/16 [00:01<00:07,  1.79it/s][A
Training Epochs:  68%|██████▊   | 136/200 [16:56<09:34,  8.97s/it, -ELBO=0.8488, Potential Metric=0.1370, Entropy Metric=0.0487]

Epoch 136:  19%|█▉        | 3/16 [00:01<00:07,  1.79it/s][A
Training Epochs:  68%|██████▊   | 136/200 [16:56<09:34,  8.97s/it, -ELBO=0.8546, Potential Metric=0.1403, Entropy Metric=0.0488]

Epoch 136:  25%|██▌       | 4/16 [00:02<00:06,  1.86it/s][A
Training Epochs:  68%|██████▊   | 136/200 [16:57<09:34,  8.97s/it, -ELBO=0.8379, Potential Metric=0.1236, Entropy Metric=0.0458]

Epoch 136:  31%|███▏      | 5/16 [00:02<00:05,  1.91it/s][A
Training Epochs:  68%|██████▊   | 136/200 [16:57<09:34,  8.97s/it, -ELBO=0.8874, Potential Metric=0.1321, Entropy Metric=0.0498]

Epoch 136:  38%|███▊      | 6/16 [00:03<00:05,  1.93it/s][A
Training Epochs:  68%|██████▊   | 136/200 [16:58<09:34,  8.97s/it, -ELBO=0.8480, Potential Metric=0.1453, Entropy Metric=0.0519]

Epoch 136:  44%|████▍     | 7/16 [00:03<00:04,  1.85it/s][A
Training Epochs:  68%|██████▊   | 136/200 [16:58<09:34,  8.97s/it, -ELBO=0.8682, Potential Metric=0.1316, Entropy Metric=0.0525]

Epoch 136:  50%|█████     | 8/16 [00:04<00:04,  1.95it/s][A
Training Epochs:  68%|██████▊   | 136/200 [16:59<09:34,  8.97s/it, -ELBO=0.8634, Potential Metric=0.1406, Entropy Metric=0.0492]

Epoch 136:  56%|█████▋    | 9/16 [00:04<00:03,  1.90it/s][A
Training Epochs:  68%|██████▊   | 136/200 [16:59<09:34,  8.97s/it, -ELBO=0.8751, Potential Metric=0.1411, Entropy Metric=0.0505]

Epoch 136:  62%|██████▎   | 10/16 [00:05<00:03,  1.87it/s][A
Training Epochs:  68%|██████▊   | 136/200 [17:00<09:34,  8.97s/it, -ELBO=0.8752, Potential Metric=0.1354, Entropy Metric=0.0507]

Epoch 136:  69%|██████▉   | 11/16 [00:05<00:02,  1.83it/s][A
Training Epochs:  68%|██████▊   | 136/200 [17:01<09:34,  8.97s/it, -ELBO=0.8673, Potential Metric=0.1337, Entropy Metric=0.0484]

Epoch 136:  75%|███████▌  | 12/16 [00:06<00:02,  1.81it/s][A
Training Epochs:  68%|██████▊   | 136/200 [17:01<09:34,  8.97s/it, -ELBO=0.8478, Potential Metric=0.1302, Entropy Metric=0.0513]

Epoch 136:  81%|████████▏ | 13/16 [00:07<00:01,  1.84it/s][A
Training Epochs:  68%|██████▊   | 136/200 [17:02<09:34,  8.97s/it, -ELBO=0.8759, Potential Metric=0.1277, Entropy Metric=0.0497]

Epoch 136:  88%|████████▊ | 14/16 [00:07<00:01,  1.80it/s][A
Training Epochs:  68%|██████▊   | 136/200 [17:02<09:34,  8.97s/it, -ELBO=0.8495, Potential Metric=0.1475, Entropy Metric=0.0553]

Epoch 136:  94%|█████████▍| 15/16 [00:08<00:00,  1.79it/s][A
Training Epochs:  68%|██████▊   | 136/200 [17:03<09:34,  8.97s/it, -ELBO=0.8692, Potential Metric=0.1269, Entropy Metric=0.0520]

Epoch 136: 100%|██████████| 16/16 [00:08<00:00,  1.82it/s][A

                                                          [A
Training Epochs:  68%|██████▊   | 137/200 [17:03<09:21,  8.92s/it, -ELBO=0.8692, Potential Metric=0.1269, Entropy Metric=0.0520]

Epoch 137:   0%|          | 0/16 [00:00<?, ?it/s][A
Training Epochs:  68%|██████▊   | 137/200 [17:03<09:21,  8.92s/it, -ELBO=0.8415, Potential Metric=0.1440, Entropy Metric=0.0533]

Epoch 137:   6%|▋         | 1/16 [00:00<00:09,  1.52it/s][A
Training Epochs:  68%|██████▊   | 137/200 [17:04<09:21,  8.92s/it, -ELBO=0.8727, Potential Metric=0.1284, Entropy Metric=0.0503]

Epoch 137:  12%|█▎        | 2/16 [00:01<00:08,  1.63it/s][A
Training Epochs:  68%|██████▊   | 137/200 [17:05<09:21,  8.92s/it, -ELBO=0.8601, Potential Metric=0.1377, Entropy Metric=0.0511]

Epoch 137:  19%|█▉        | 3/16 [00:01<00:08,  1.62it/s][A
Training Epochs:  68%|██████▊   | 137/200 [17:05<09:21,  8.92s/it, -ELBO=0.8639, Potential Metric=0.1347, Entropy Metric=0.0500]

Epoch 137:  25%|██▌       | 4/16 [00:02<00:07,  1.68it/s][A
Training Epochs:  68%|██████▊   | 137/200 [17:06<09:21,  8.92s/it, -ELBO=0.8697, Potential Metric=0.1216, Entropy Metric=0.0490]

Epoch 137:  31%|███▏      | 5/16 [00:02<00:06,  1.73it/s][A
Training Epochs:  68%|██████▊   | 137/200 [17:06<09:21,  8.92s/it, -ELBO=0.8908, Potential Metric=0.1293, Entropy Metric=0.0504]

Epoch 137:  38%|███▊      | 6/16 [00:03<00:05,  1.72it/s][A
Training Epochs:  68%|██████▊   | 137/200 [17:07<09:21,  8.92s/it, -ELBO=0.8577, Potential Metric=0.1369, Entropy Metric=0.0490]

Epoch 137:  44%|████▍     | 7/16 [00:04<00:05,  1.77it/s][A
Training Epochs:  68%|██████▊   | 137/200 [17:07<09:21,  8.92s/it, -ELBO=0.8546, Potential Metric=0.1322, Entropy Metric=0.0477]

Epoch 137:  50%|█████     | 8/16 [00:04<00:04,  1.81it/s][A
Training Epochs:  68%|██████▊   | 137/200 [17:08<09:21,  8.92s/it, -ELBO=0.8512, Potential Metric=0.1401, Entropy Metric=0.0484]

Epoch 137:  56%|█████▋    | 9/16 [00:05<00:03,  1.84it/s][A
Training Epochs:  68%|██████▊   | 137/200 [17:08<09:21,  8.92s/it, -ELBO=0.8677, Potential Metric=0.1299, Entropy Metric=0.0478]

Epoch 137:  62%|██████▎   | 10/16 [00:05<00:03,  1.86it/s][A
Training Epochs:  68%|██████▊   | 137/200 [17:09<09:21,  8.92s/it, -ELBO=0.8358, Potential Metric=0.1491, Entropy Metric=0.0511]

Epoch 137:  69%|██████▉   | 11/16 [00:06<00:02,  1.80it/s][A
Training Epochs:  68%|██████▊   | 137/200 [17:10<09:21,  8.92s/it, -ELBO=0.8571, Potential Metric=0.1363, Entropy Metric=0.0464]

Epoch 137:  75%|███████▌  | 12/16 [00:06<00:02,  1.78it/s][A
Training Epochs:  68%|██████▊   | 137/200 [17:10<09:21,  8.92s/it, -ELBO=0.8687, Potential Metric=0.1288, Entropy Metric=0.0487]

Epoch 137:  81%|████████▏ | 13/16 [00:07<00:01,  1.76it/s][A
Training Epochs:  68%|██████▊   | 137/200 [17:11<09:21,  8.92s/it, -ELBO=0.8420, Potential Metric=0.1460, Entropy Metric=0.0529]

Epoch 137:  88%|████████▊ | 14/16 [00:08<00:01,  1.73it/s][A
Training Epochs:  68%|██████▊   | 137/200 [17:11<09:21,  8.92s/it, -ELBO=0.8585, Potential Metric=0.1352, Entropy Metric=0.0504]

Epoch 137:  94%|█████████▍| 15/16 [00:08<00:00,  1.72it/s][A
Training Epochs:  68%|██████▊   | 137/200 [17:12<09:21,  8.92s/it, -ELBO=0.8462, Potential Metric=0.1345, Entropy Metric=0.0502]

Epoch 137: 100%|██████████| 16/16 [00:09<00:00,  1.73it/s][A

                                                          [A
Training Epochs:  69%|██████▉   | 138/200 [17:12<09:18,  9.01s/it, -ELBO=0.8462, Potential Metric=0.1345, Entropy Metric=0.0502]

Epoch 138:   0%|          | 0/16 [00:00<?, ?it/s][A
Training Epochs:  69%|██████▉   | 138/200 [17:13<09:18,  9.01s/it, -ELBO=0.8455, Potential Metric=0.1426, Entropy Metric=0.0529]

Epoch 138:   6%|▋         | 1/16 [00:00<00:08,  1.68it/s][A
Training Epochs:  69%|██████▉   | 138/200 [17:13<09:18,  9.01s/it, -ELBO=0.8512, Potential Metric=0.1314, Entropy Metric=0.0517]

Epoch 138:  12%|█▎        | 2/16 [00:01<00:08,  1.69it/s][A
Training Epochs:  69%|██████▉   | 138/200 [17:14<09:18,  9.01s/it, -ELBO=0.8654, Potential Metric=0.1274, Entropy Metric=0.0474]

Epoch 138:  19%|█▉        | 3/16 [00:01<00:07,  1.83it/s][A
Training Epochs:  69%|██████▉   | 138/200 [17:14<09:18,  9.01s/it, -ELBO=0.8637, Potential Metric=0.1404, Entropy Metric=0.0564]

Epoch 138:  25%|██▌       | 4/16 [00:02<00:06,  1.79it/s][A
Training Epochs:  69%|██████▉   | 138/200 [17:15<09:18,  9.01s/it, -ELBO=0.8563, Potential Metric=0.1342, Entropy Metric=0.0539]

Epoch 138:  31%|███▏      | 5/16 [00:02<00:05,  1.90it/s][A
Training Epochs:  69%|██████▉   | 138/200 [17:15<09:18,  9.01s/it, -ELBO=0.8652, Potential Metric=0.1293, Entropy Metric=0.0528]

Epoch 138:  38%|███▊      | 6/16 [00:03<00:05,  1.89it/s][A
Training Epochs:  69%|██████▉   | 138/200 [17:16<09:18,  9.01s/it, -ELBO=0.8678, Potential Metric=0.1339, Entropy Metric=0.0555]

Epoch 138:  44%|████▍     | 7/16 [00:04<00:05,  1.66it/s][A
Training Epochs:  69%|██████▉   | 138/200 [17:17<09:18,  9.01s/it, -ELBO=0.8571, Potential Metric=0.1258, Entropy Metric=0.0525]

Epoch 138:  50%|█████     | 8/16 [00:04<00:04,  1.72it/s][A
Training Epochs:  69%|██████▉   | 138/200 [17:17<09:18,  9.01s/it, -ELBO=0.8363, Potential Metric=0.1524, Entropy Metric=0.0563]

Epoch 138:  56%|█████▋    | 9/16 [00:05<00:04,  1.73it/s][A
Training Epochs:  69%|██████▉   | 138/200 [17:18<09:18,  9.01s/it, -ELBO=0.8468, Potential Metric=0.1339, Entropy Metric=0.0501]

Epoch 138:  62%|██████▎   | 10/16 [00:05<00:03,  1.74it/s][A
Training Epochs:  69%|██████▉   | 138/200 [17:18<09:18,  9.01s/it, -ELBO=0.8484, Potential Metric=0.1514, Entropy Metric=0.0527]

Epoch 138:  69%|██████▉   | 11/16 [00:06<00:02,  1.72it/s][A
Training Epochs:  69%|██████▉   | 138/200 [17:19<09:18,  9.01s/it, -ELBO=0.8255, Potential Metric=0.1544, Entropy Metric=0.0512]

Epoch 138:  75%|███████▌  | 12/16 [00:06<00:02,  1.78it/s][A
Training Epochs:  69%|██████▉   | 138/200 [17:19<09:18,  9.01s/it, -ELBO=0.8766, Potential Metric=0.1323, Entropy Metric=0.0528]

Epoch 138:  81%|████████▏ | 13/16 [00:07<00:01,  1.76it/s][A
Training Epochs:  69%|██████▉   | 138/200 [17:20<09:18,  9.01s/it, -ELBO=0.8814, Potential Metric=0.1150, Entropy Metric=0.0494]

Epoch 138:  88%|████████▊ | 14/16 [00:07<00:01,  1.79it/s][A
Training Epochs:  69%|██████▉   | 138/200 [17:21<09:18,  9.01s/it, -ELBO=0.8362, Potential Metric=0.1519, Entropy Metric=0.0548]

Epoch 138:  94%|█████████▍| 15/16 [00:08<00:00,  1.78it/s][A
Training Epochs:  69%|██████▉   | 138/200 [17:21<09:18,  9.01s/it, -ELBO=0.8619, Potential Metric=0.1298, Entropy Metric=0.0523]

Epoch 138: 100%|██████████| 16/16 [00:09<00:00,  1.81it/s][A

                                                          [A
Training Epochs:  70%|██████▉   | 139/200 [17:21<09:10,  9.03s/it, -ELBO=0.8619, Potential Metric=0.1298, Entropy Metric=0.0523]

Epoch 139:   0%|          | 0/16 [00:00<?, ?it/s][A
Training Epochs:  70%|██████▉   | 139/200 [17:22<09:10,  9.03s/it, -ELBO=0.8493, Potential Metric=0.1239, Entropy Metric=0.0471]

Epoch 139:   6%|▋         | 1/16 [00:00<00:07,  1.93it/s][A
Training Epochs:  70%|██████▉   | 139/200 [17:22<09:10,  9.03s/it, -ELBO=0.8530, Potential Metric=0.1344, Entropy Metric=0.0490]

Epoch 139:  12%|█▎        | 2/16 [00:01<00:07,  1.86it/s][A
Training Epochs:  70%|██████▉   | 139/200 [17:23<09:10,  9.03s/it, -ELBO=0.8519, Potential Metric=0.1446, Entropy Metric=0.0520]

Epoch 139:  19%|█▉        | 3/16 [00:01<00:07,  1.82it/s][A
Training Epochs:  70%|██████▉   | 139/200 [17:23<09:10,  9.03s/it, -ELBO=0.8939, Potential Metric=0.1226, Entropy Metric=0.0504]

Epoch 139:  25%|██▌       | 4/16 [00:02<00:06,  1.87it/s][A
Training Epochs:  70%|██████▉   | 139/200 [17:24<09:10,  9.03s/it, -ELBO=0.8425, Potential Metric=0.1385, Entropy Metric=0.0526]

Epoch 139:  31%|███▏      | 5/16 [00:02<00:05,  1.89it/s][A
Training Epochs:  70%|██████▉   | 139/200 [17:24<09:10,  9.03s/it, -ELBO=0.8449, Potential Metric=0.1450, Entropy Metric=0.0533]

Epoch 139:  38%|███▊      | 6/16 [00:03<00:05,  1.84it/s][A
Training Epochs:  70%|██████▉   | 139/200 [17:25<09:10,  9.03s/it, -ELBO=0.8388, Potential Metric=0.1366, Entropy Metric=0.0496]

Epoch 139:  44%|████▍     | 7/16 [00:03<00:04,  1.81it/s][A
Training Epochs:  70%|██████▉   | 139/200 [17:26<09:10,  9.03s/it, -ELBO=0.8612, Potential Metric=0.1325, Entropy Metric=0.0555]

Epoch 139:  50%|█████     | 8/16 [00:04<00:04,  1.75it/s][A
Training Epochs:  70%|██████▉   | 139/200 [17:26<09:10,  9.03s/it, -ELBO=0.8494, Potential Metric=0.1289, Entropy Metric=0.0537]

Epoch 139:  56%|█████▋    | 9/16 [00:05<00:04,  1.72it/s][A
Training Epochs:  70%|██████▉   | 139/200 [17:27<09:10,  9.03s/it, -ELBO=0.8472, Potential Metric=0.1311, Entropy Metric=0.0557]

Epoch 139:  62%|██████▎   | 10/16 [00:05<00:03,  1.77it/s][A
Training Epochs:  70%|██████▉   | 139/200 [17:27<09:10,  9.03s/it, -ELBO=0.8528, Potential Metric=0.1087, Entropy Metric=0.0513]

Epoch 139:  69%|██████▉   | 11/16 [00:06<00:02,  1.75it/s][A
Training Epochs:  70%|██████▉   | 139/200 [17:28<09:10,  9.03s/it, -ELBO=0.8294, Potential Metric=0.1308, Entropy Metric=0.0558]

Epoch 139:  75%|███████▌  | 12/16 [00:06<00:02,  1.78it/s][A
Training Epochs:  70%|██████▉   | 139/200 [17:28<09:10,  9.03s/it, -ELBO=0.8430, Potential Metric=0.1283, Entropy Metric=0.0570]

Epoch 139:  81%|████████▏ | 13/16 [00:07<00:01,  1.87it/s][A
Training Epochs:  70%|██████▉   | 139/200 [17:29<09:10,  9.03s/it, -ELBO=0.8686, Potential Metric=0.1146, Entropy Metric=0.0532]

Epoch 139:  88%|████████▊ | 14/16 [00:07<00:01,  1.87it/s][A
Training Epochs:  70%|██████▉   | 139/200 [17:29<09:10,  9.03s/it, -ELBO=0.8465, Potential Metric=0.1251, Entropy Metric=0.0550]

Epoch 139:  94%|█████████▍| 15/16 [00:08<00:00,  1.92it/s][A
Training Epochs:  70%|██████▉   | 139/200 [17:30<09:10,  9.03s/it, -ELBO=0.8515, Potential Metric=0.1322, Entropy Metric=0.0559]

Epoch 139: 100%|██████████| 16/16 [00:08<00:00,  1.85it/s][A

                                                          [A
Training Epochs:  70%|███████   | 140/200 [17:30<08:58,  8.97s/it, -ELBO=0.8515, Potential Metric=0.1322, Entropy Metric=0.0559]

Epoch 140:   0%|          | 0/16 [00:00<?, ?it/s][A
Training Epochs:  70%|███████   | 140/200 [17:31<08:58,  8.97s/it, -ELBO=0.8393, Potential Metric=0.1292, Entropy Metric=0.0526]

Epoch 140:   6%|▋         | 1/16 [00:00<00:09,  1.59it/s][A
Training Epochs:  70%|███████   | 140/200 [17:31<08:58,  8.97s/it, -ELBO=0.8365, Potential Metric=0.1341, Entropy Metric=0.0544]

Epoch 140:  12%|█▎        | 2/16 [00:01<00:08,  1.72it/s][A
Training Epochs:  70%|███████   | 140/200 [17:32<08:58,  8.97s/it, -ELBO=0.8347, Potential Metric=0.1263, Entropy Metric=0.0481]

Epoch 140:  19%|█▉        | 3/16 [00:01<00:07,  1.78it/s][A
Training Epochs:  70%|███████   | 140/200 [17:32<08:58,  8.97s/it, -ELBO=0.8483, Potential Metric=0.1249, Entropy Metric=0.0494]

Epoch 140:  25%|██▌       | 4/16 [00:02<00:06,  1.80it/s][A
Training Epochs:  70%|███████   | 140/200 [17:33<08:58,  8.97s/it, -ELBO=0.8512, Potential Metric=0.1233, Entropy Metric=0.0497]

Epoch 140:  31%|███▏      | 5/16 [00:02<00:05,  1.90it/s][A
Training Epochs:  70%|███████   | 140/200 [17:33<08:58,  8.97s/it, -ELBO=0.8293, Potential Metric=0.1274, Entropy Metric=0.0505]

Epoch 140:  38%|███▊      | 6/16 [00:03<00:05,  1.92it/s][A
Training Epochs:  70%|███████   | 140/200 [17:34<08:58,  8.97s/it, -ELBO=0.8561, Potential Metric=0.1248, Entropy Metric=0.0512]

Epoch 140:  44%|████▍     | 7/16 [00:03<00:04,  1.91it/s][A
Training Epochs:  70%|███████   | 140/200 [17:34<08:58,  8.97s/it, -ELBO=0.8313, Potential Metric=0.1349, Entropy Metric=0.0507]

Epoch 140:  50%|█████     | 8/16 [00:04<00:04,  1.86it/s][A
Training Epochs:  70%|███████   | 140/200 [17:35<08:58,  8.97s/it, -ELBO=0.8233, Potential Metric=0.1263, Entropy Metric=0.0502]

Epoch 140:  56%|█████▋    | 9/16 [00:04<00:03,  1.86it/s][A
Training Epochs:  70%|███████   | 140/200 [17:35<08:58,  8.97s/it, -ELBO=0.8569, Potential Metric=0.1441, Entropy Metric=0.0596]

Epoch 140:  62%|██████▎   | 10/16 [00:05<00:03,  1.82it/s][A
Training Epochs:  70%|███████   | 140/200 [17:36<08:58,  8.97s/it, -ELBO=0.8316, Potential Metric=0.1318, Entropy Metric=0.0517]

Epoch 140:  69%|██████▉   | 11/16 [00:05<00:02,  1.87it/s][A
Training Epochs:  70%|███████   | 140/200 [17:37<08:58,  8.97s/it, -ELBO=0.8544, Potential Metric=0.1206, Entropy Metric=0.0481]

Epoch 140:  75%|███████▌  | 12/16 [00:06<00:02,  1.87it/s][A
Training Epochs:  70%|███████   | 140/200 [17:37<08:58,  8.97s/it, -ELBO=0.8600, Potential Metric=0.1354, Entropy Metric=0.0490]

Epoch 140:  81%|████████▏ | 13/16 [00:07<00:01,  1.84it/s][A
Training Epochs:  70%|███████   | 140/200 [17:38<08:58,  8.97s/it, -ELBO=0.8343, Potential Metric=0.1208, Entropy Metric=0.0476]

Epoch 140:  88%|████████▊ | 14/16 [00:07<00:01,  1.84it/s][A
Training Epochs:  70%|███████   | 140/200 [17:38<08:58,  8.97s/it, -ELBO=0.8370, Potential Metric=0.1250, Entropy Metric=0.0485]

Epoch 140:  94%|█████████▍| 15/16 [00:08<00:00,  1.84it/s][A
Training Epochs:  70%|███████   | 140/200 [17:39<08:58,  8.97s/it, -ELBO=0.8775, Potential Metric=0.1208, Entropy Metric=0.0481]

Epoch 140: 100%|██████████| 16/16 [00:08<00:00,  1.84it/s][A

                                                          [A
Training Epochs:  70%|███████   | 141/200 [17:39<08:46,  8.92s/it, -ELBO=0.8775, Potential Metric=0.1208, Entropy Metric=0.0481]

Epoch 141:   0%|          | 0/16 [00:00<?, ?it/s][A
Training Epochs:  70%|███████   | 141/200 [17:40<08:46,  8.92s/it, -ELBO=0.8344, Potential Metric=0.1294, Entropy Metric=0.0510]

Epoch 141:   6%|▋         | 1/16 [00:00<00:11,  1.31it/s][A
Training Epochs:  70%|███████   | 141/200 [17:40<08:46,  8.92s/it, -ELBO=0.8420, Potential Metric=0.1133, Entropy Metric=0.0475]

Epoch 141:  12%|█▎        | 2/16 [00:01<00:09,  1.54it/s][A
Training Epochs:  70%|███████   | 141/200 [17:41<08:46,  8.92s/it, -ELBO=0.8197, Potential Metric=0.1224, Entropy Metric=0.0479]

Epoch 141:  19%|█▉        | 3/16 [00:01<00:07,  1.64it/s][A
Training Epochs:  70%|███████   | 141/200 [17:41<08:46,  8.92s/it, -ELBO=0.8332, Potential Metric=0.1138, Entropy Metric=0.0489]

Epoch 141:  25%|██▌       | 4/16 [00:02<00:06,  1.75it/s][A
Training Epochs:  70%|███████   | 141/200 [17:42<08:46,  8.92s/it, -ELBO=0.8473, Potential Metric=0.1331, Entropy Metric=0.0490]

Epoch 141:  31%|███▏      | 5/16 [00:02<00:06,  1.79it/s][A
Training Epochs:  70%|███████   | 141/200 [17:42<08:46,  8.92s/it, -ELBO=0.8242, Potential Metric=0.1326, Entropy Metric=0.0507]

Epoch 141:  38%|███▊      | 6/16 [00:03<00:05,  1.88it/s][A
Training Epochs:  70%|███████   | 141/200 [17:43<08:46,  8.92s/it, -ELBO=0.8570, Potential Metric=0.1274, Entropy Metric=0.0489]

Epoch 141:  44%|████▍     | 7/16 [00:03<00:04,  1.88it/s][A
Training Epochs:  70%|███████   | 141/200 [17:43<08:46,  8.92s/it, -ELBO=0.8481, Potential Metric=0.1169, Entropy Metric=0.0488]

Epoch 141:  50%|█████     | 8/16 [00:04<00:04,  1.93it/s][A
Training Epochs:  70%|███████   | 141/200 [17:44<08:46,  8.92s/it, -ELBO=0.8448, Potential Metric=0.1253, Entropy Metric=0.0506]

Epoch 141:  56%|█████▋    | 9/16 [00:04<00:03,  1.94it/s][A
Training Epochs:  70%|███████   | 141/200 [17:44<08:46,  8.92s/it, -ELBO=0.8442, Potential Metric=0.1318, Entropy Metric=0.0519]

Epoch 141:  62%|██████▎   | 10/16 [00:05<00:03,  1.88it/s][A
Training Epochs:  70%|███████   | 141/200 [17:45<08:46,  8.92s/it, -ELBO=0.8571, Potential Metric=0.1332, Entropy Metric=0.0522]

Epoch 141:  69%|██████▉   | 11/16 [00:06<00:02,  1.86it/s][A
Training Epochs:  70%|███████   | 141/200 [17:45<08:46,  8.92s/it, -ELBO=0.8239, Potential Metric=0.1342, Entropy Metric=0.0495]

Epoch 141:  75%|███████▌  | 12/16 [00:06<00:02,  1.85it/s][A
Training Epochs:  70%|███████   | 141/200 [17:46<08:46,  8.92s/it, -ELBO=0.8431, Potential Metric=0.1289, Entropy Metric=0.0513]

Epoch 141:  81%|████████▏ | 13/16 [00:07<00:01,  1.84it/s][A
Training Epochs:  70%|███████   | 141/200 [17:47<08:46,  8.92s/it, -ELBO=0.8454, Potential Metric=0.1304, Entropy Metric=0.0466]

Epoch 141:  88%|████████▊ | 14/16 [00:07<00:01,  1.82it/s][A
Training Epochs:  70%|███████   | 141/200 [17:47<08:46,  8.92s/it, -ELBO=0.8346, Potential Metric=0.1278, Entropy Metric=0.0497]

Epoch 141:  94%|█████████▍| 15/16 [00:08<00:00,  1.80it/s][A
Training Epochs:  70%|███████   | 141/200 [17:48<08:46,  8.92s/it, -ELBO=0.8274, Potential Metric=0.1395, Entropy Metric=0.0546]

Epoch 141: 100%|██████████| 16/16 [00:08<00:00,  1.85it/s][A

                                                          [A
Training Epochs:  71%|███████   | 142/200 [17:48<08:36,  8.91s/it, -ELBO=0.8274, Potential Metric=0.1395, Entropy Metric=0.0546]

Epoch 142:   0%|          | 0/16 [00:00<?, ?it/s][A
Training Epochs:  71%|███████   | 142/200 [17:48<08:36,  8.91s/it, -ELBO=0.8453, Potential Metric=0.1289, Entropy Metric=0.0519]

Epoch 142:   6%|▋         | 1/16 [00:00<00:09,  1.64it/s][A
Training Epochs:  71%|███████   | 142/200 [17:49<08:36,  8.91s/it, -ELBO=0.8334, Potential Metric=0.1324, Entropy Metric=0.0497]

Epoch 142:  12%|█▎        | 2/16 [00:01<00:07,  1.80it/s][A
Training Epochs:  71%|███████   | 142/200 [17:49<08:36,  8.91s/it, -ELBO=0.8417, Potential Metric=0.1236, Entropy Metric=0.0501]

Epoch 142:  19%|█▉        | 3/16 [00:01<00:07,  1.84it/s][A
Training Epochs:  71%|███████   | 142/200 [17:50<08:36,  8.91s/it, -ELBO=0.8515, Potential Metric=0.1164, Entropy Metric=0.0510]

Epoch 142:  25%|██▌       | 4/16 [00:02<00:06,  1.80it/s][A
Training Epochs:  71%|███████   | 142/200 [17:50<08:36,  8.91s/it, -ELBO=0.8327, Potential Metric=0.1277, Entropy Metric=0.0485]

Epoch 142:  31%|███▏      | 5/16 [00:02<00:06,  1.80it/s][A
Training Epochs:  71%|███████   | 142/200 [17:51<08:36,  8.91s/it, -ELBO=0.8335, Potential Metric=0.1136, Entropy Metric=0.0500]

Epoch 142:  38%|███▊      | 6/16 [00:03<00:05,  1.74it/s][A
Training Epochs:  71%|███████   | 142/200 [17:52<08:36,  8.91s/it, -ELBO=0.8252, Potential Metric=0.1328, Entropy Metric=0.0541]

Epoch 142:  44%|████▍     | 7/16 [00:04<00:05,  1.71it/s][A
Training Epochs:  71%|███████   | 142/200 [17:52<08:36,  8.91s/it, -ELBO=0.8490, Potential Metric=0.1221, Entropy Metric=0.0490]

Epoch 142:  50%|█████     | 8/16 [00:04<00:04,  1.74it/s][A
Training Epochs:  71%|███████   | 142/200 [17:53<08:36,  8.91s/it, -ELBO=0.8312, Potential Metric=0.1387, Entropy Metric=0.0487]

Epoch 142:  56%|█████▋    | 9/16 [00:05<00:04,  1.72it/s][A
Training Epochs:  71%|███████   | 142/200 [17:53<08:36,  8.91s/it, -ELBO=0.8460, Potential Metric=0.1308, Entropy Metric=0.0510]

Epoch 142:  62%|██████▎   | 10/16 [00:05<00:03,  1.72it/s][A
Training Epochs:  71%|███████   | 142/200 [17:54<08:36,  8.91s/it, -ELBO=0.8119, Potential Metric=0.1449, Entropy Metric=0.0526]

Epoch 142:  69%|██████▉   | 11/16 [00:06<00:02,  1.67it/s][A
Training Epochs:  71%|███████   | 142/200 [17:55<08:36,  8.91s/it, -ELBO=0.8297, Potential Metric=0.1310, Entropy Metric=0.0511]

Epoch 142:  75%|███████▌  | 12/16 [00:06<00:02,  1.69it/s][A
Training Epochs:  71%|███████   | 142/200 [17:55<08:36,  8.91s/it, -ELBO=0.8298, Potential Metric=0.1340, Entropy Metric=0.0530]

Epoch 142:  81%|████████▏ | 13/16 [00:07<00:01,  1.71it/s][A
Training Epochs:  71%|███████   | 142/200 [17:56<08:36,  8.91s/it, -ELBO=0.8409, Potential Metric=0.1350, Entropy Metric=0.0537]

Epoch 142:  88%|████████▊ | 14/16 [00:08<00:01,  1.76it/s][A
Training Epochs:  71%|███████   | 142/200 [17:56<08:36,  8.91s/it, -ELBO=0.8163, Potential Metric=0.1366, Entropy Metric=0.0534]

Epoch 142:  94%|█████████▍| 15/16 [00:08<00:00,  1.73it/s][A
Training Epochs:  71%|███████   | 142/200 [17:57<08:36,  8.91s/it, -ELBO=0.8465, Potential Metric=0.1291, Entropy Metric=0.0510]

Epoch 142: 100%|██████████| 16/16 [00:09<00:00,  1.74it/s][A

                                                          [A
Training Epochs:  72%|███████▏  | 143/200 [17:57<08:33,  9.01s/it, -ELBO=0.8465, Potential Metric=0.1291, Entropy Metric=0.0510]

Epoch 143:   0%|          | 0/16 [00:00<?, ?it/s][A
Training Epochs:  72%|███████▏  | 143/200 [17:57<08:33,  9.01s/it, -ELBO=0.8134, Potential Metric=0.1349, Entropy Metric=0.0534]

Epoch 143:   6%|▋         | 1/16 [00:00<00:09,  1.62it/s][A
Training Epochs:  72%|███████▏  | 143/200 [17:58<08:33,  9.01s/it, -ELBO=0.8386, Potential Metric=0.1344, Entropy Metric=0.0537]

Epoch 143:  12%|█▎        | 2/16 [00:01<00:08,  1.66it/s][A
Training Epochs:  72%|███████▏  | 143/200 [17:59<08:33,  9.01s/it, -ELBO=0.8154, Potential Metric=0.1327, Entropy Metric=0.0512]

Epoch 143:  19%|█▉        | 3/16 [00:01<00:07,  1.76it/s][A
Training Epochs:  72%|███████▏  | 143/200 [17:59<08:33,  9.01s/it, -ELBO=0.8312, Potential Metric=0.1331, Entropy Metric=0.0552]

Epoch 143:  25%|██▌       | 4/16 [00:02<00:06,  1.73it/s][A
Training Epochs:  72%|███████▏  | 143/200 [18:00<08:33,  9.01s/it, -ELBO=0.8155, Potential Metric=0.1370, Entropy Metric=0.0518]

Epoch 143:  31%|███▏      | 5/16 [00:02<00:06,  1.72it/s][A
Training Epochs:  72%|███████▏  | 143/200 [18:00<08:33,  9.01s/it, -ELBO=0.8263, Potential Metric=0.1478, Entropy Metric=0.0523]

Epoch 143:  38%|███▊      | 6/16 [00:03<00:05,  1.68it/s][A
Training Epochs:  72%|███████▏  | 143/200 [18:01<08:33,  9.01s/it, -ELBO=0.8504, Potential Metric=0.1220, Entropy Metric=0.0491]

Epoch 143:  44%|████▍     | 7/16 [00:04<00:05,  1.65it/s][A
Training Epochs:  72%|███████▏  | 143/200 [18:02<08:33,  9.01s/it, -ELBO=0.8514, Potential Metric=0.1266, Entropy Metric=0.0500]

Epoch 143:  50%|█████     | 8/16 [00:04<00:04,  1.68it/s][A
Training Epochs:  72%|███████▏  | 143/200 [18:02<08:33,  9.01s/it, -ELBO=0.8114, Potential Metric=0.1293, Entropy Metric=0.0482]

Epoch 143:  56%|█████▋    | 9/16 [00:05<00:04,  1.74it/s][A
Training Epochs:  72%|███████▏  | 143/200 [18:03<08:33,  9.01s/it, -ELBO=0.8231, Potential Metric=0.1412, Entropy Metric=0.0522]

Epoch 143:  62%|██████▎   | 10/16 [00:05<00:03,  1.76it/s][A
Training Epochs:  72%|███████▏  | 143/200 [18:03<08:33,  9.01s/it, -ELBO=0.8212, Potential Metric=0.1484, Entropy Metric=0.0543]

Epoch 143:  69%|██████▉   | 11/16 [00:06<00:02,  1.75it/s][A
Training Epochs:  72%|███████▏  | 143/200 [18:04<08:33,  9.01s/it, -ELBO=0.8217, Potential Metric=0.1412, Entropy Metric=0.0496]

Epoch 143:  75%|███████▌  | 12/16 [00:07<00:02,  1.66it/s][A
Training Epochs:  72%|███████▏  | 143/200 [18:04<08:33,  9.01s/it, -ELBO=0.8199, Potential Metric=0.1227, Entropy Metric=0.0475]

Epoch 143:  81%|████████▏ | 13/16 [00:07<00:01,  1.70it/s][A
Training Epochs:  72%|███████▏  | 143/200 [18:05<08:33,  9.01s/it, -ELBO=0.8171, Potential Metric=0.1261, Entropy Metric=0.0481]

Epoch 143:  88%|████████▊ | 14/16 [00:08<00:01,  1.70it/s][A
Training Epochs:  72%|███████▏  | 143/200 [18:06<08:33,  9.01s/it, -ELBO=0.8254, Potential Metric=0.1370, Entropy Metric=0.0490]

Epoch 143:  94%|█████████▍| 15/16 [00:08<00:00,  1.73it/s][A
Training Epochs:  72%|███████▏  | 143/200 [18:06<08:33,  9.01s/it, -ELBO=0.8536, Potential Metric=0.1160, Entropy Metric=0.0435]

Epoch 143: 100%|██████████| 16/16 [00:09<00:00,  1.75it/s][A

                                                          [A
Training Epochs:  72%|███████▏  | 144/200 [18:06<08:30,  9.12s/it, -ELBO=0.8536, Potential Metric=0.1160, Entropy Metric=0.0435]

Epoch 144:   0%|          | 0/16 [00:00<?, ?it/s][A
Training Epochs:  72%|███████▏  | 144/200 [18:07<08:30,  9.12s/it, -ELBO=0.8174, Potential Metric=0.1340, Entropy Metric=0.0466]

Epoch 144:   6%|▋         | 1/16 [00:00<00:09,  1.62it/s][A
Training Epochs:  72%|███████▏  | 144/200 [18:07<08:30,  9.12s/it, -ELBO=0.8329, Potential Metric=0.1290, Entropy Metric=0.0480]

Epoch 144:  12%|█▎        | 2/16 [00:01<00:08,  1.63it/s][A
Training Epochs:  72%|███████▏  | 144/200 [18:08<08:30,  9.12s/it, -ELBO=0.8311, Potential Metric=0.1356, Entropy Metric=0.0488]

Epoch 144:  19%|█▉        | 3/16 [00:01<00:07,  1.77it/s][A
Training Epochs:  72%|███████▏  | 144/200 [18:08<08:30,  9.12s/it, -ELBO=0.8321, Potential Metric=0.1278, Entropy Metric=0.0504]

Epoch 144:  25%|██▌       | 4/16 [00:02<00:06,  1.86it/s][A
Training Epochs:  72%|███████▏  | 144/200 [18:09<08:30,  9.12s/it, -ELBO=0.8367, Potential Metric=0.1281, Entropy Metric=0.0495]

Epoch 144:  31%|███▏      | 5/16 [00:02<00:05,  1.90it/s][A
Training Epochs:  72%|███████▏  | 144/200 [18:10<08:30,  9.12s/it, -ELBO=0.8182, Potential Metric=0.1352, Entropy Metric=0.0495]

Epoch 144:  38%|███▊      | 6/16 [00:03<00:05,  1.84it/s][A
Training Epochs:  72%|███████▏  | 144/200 [18:10<08:30,  9.12s/it, -ELBO=0.8114, Potential Metric=0.1271, Entropy Metric=0.0506]

Epoch 144:  44%|████▍     | 7/16 [00:03<00:04,  1.83it/s][A
Training Epochs:  72%|███████▏  | 144/200 [18:11<08:30,  9.12s/it, -ELBO=0.8252, Potential Metric=0.1241, Entropy Metric=0.0513]

Epoch 144:  50%|█████     | 8/16 [00:04<00:04,  1.84it/s][A
Training Epochs:  72%|███████▏  | 144/200 [18:11<08:30,  9.12s/it, -ELBO=0.8151, Potential Metric=0.1228, Entropy Metric=0.0463]

Epoch 144:  56%|█████▋    | 9/16 [00:04<00:03,  1.84it/s][A
Training Epochs:  72%|███████▏  | 144/200 [18:12<08:30,  9.12s/it, -ELBO=0.8095, Potential Metric=0.1310, Entropy Metric=0.0488]

Epoch 144:  62%|██████▎   | 10/16 [00:05<00:03,  1.91it/s][A
Training Epochs:  72%|███████▏  | 144/200 [18:12<08:30,  9.12s/it, -ELBO=0.8195, Potential Metric=0.1269, Entropy Metric=0.0481]

Epoch 144:  69%|██████▉   | 11/16 [00:05<00:02,  1.90it/s][A
Training Epochs:  72%|███████▏  | 144/200 [18:13<08:30,  9.12s/it, -ELBO=0.8203, Potential Metric=0.1334, Entropy Metric=0.0522]

Epoch 144:  75%|███████▌  | 12/16 [00:06<00:02,  1.85it/s][A
Training Epochs:  72%|███████▏  | 144/200 [18:13<08:30,  9.12s/it, -ELBO=0.8115, Potential Metric=0.1241, Entropy Metric=0.0491]

Epoch 144:  81%|████████▏ | 13/16 [00:07<00:01,  1.84it/s][A
Training Epochs:  72%|███████▏  | 144/200 [18:14<08:30,  9.12s/it, -ELBO=0.8304, Potential Metric=0.1232, Entropy Metric=0.0506]

Epoch 144:  88%|████████▊ | 14/16 [00:07<00:01,  1.82it/s][A
Training Epochs:  72%|███████▏  | 144/200 [18:14<08:30,  9.12s/it, -ELBO=0.8068, Potential Metric=0.1386, Entropy Metric=0.0508]

Epoch 144:  94%|█████████▍| 15/16 [00:08<00:00,  1.83it/s][A
Training Epochs:  72%|███████▏  | 144/200 [18:15<08:30,  9.12s/it, -ELBO=0.8307, Potential Metric=0.1359, Entropy Metric=0.0516]

Epoch 144: 100%|██████████| 16/16 [00:08<00:00,  1.86it/s][A

                                                          [A
Training Epochs:  72%|███████▎  | 145/200 [18:15<08:15,  9.01s/it, -ELBO=0.8307, Potential Metric=0.1359, Entropy Metric=0.0516]

Epoch 145:   0%|          | 0/16 [00:00<?, ?it/s][A
Training Epochs:  72%|███████▎  | 145/200 [18:16<08:15,  9.01s/it, -ELBO=0.8383, Potential Metric=0.1289, Entropy Metric=0.0545]

Epoch 145:   6%|▋         | 1/16 [00:00<00:08,  1.82it/s][A
Training Epochs:  72%|███████▎  | 145/200 [18:16<08:15,  9.01s/it, -ELBO=0.8110, Potential Metric=0.1359, Entropy Metric=0.0525]

Epoch 145:  12%|█▎        | 2/16 [00:01<00:07,  1.85it/s][A
Training Epochs:  72%|███████▎  | 145/200 [18:17<08:15,  9.01s/it, -ELBO=0.8270, Potential Metric=0.1276, Entropy Metric=0.0534]

Epoch 145:  19%|█▉        | 3/16 [00:01<00:07,  1.82it/s][A
Training Epochs:  72%|███████▎  | 145/200 [18:17<08:15,  9.01s/it, -ELBO=0.8403, Potential Metric=0.1253, Entropy Metric=0.0518]

Epoch 145:  25%|██▌       | 4/16 [00:02<00:06,  1.80it/s][A
Training Epochs:  72%|███████▎  | 145/200 [18:18<08:15,  9.01s/it, -ELBO=0.8241, Potential Metric=0.1331, Entropy Metric=0.0507]

Epoch 145:  31%|███▏      | 5/16 [00:02<00:05,  1.84it/s][A
Training Epochs:  72%|███████▎  | 145/200 [18:18<08:15,  9.01s/it, -ELBO=0.8286, Potential Metric=0.1231, Entropy Metric=0.0475]

Epoch 145:  38%|███▊      | 6/16 [00:03<00:05,  1.85it/s][A
Training Epochs:  72%|███████▎  | 145/200 [18:19<08:15,  9.01s/it, -ELBO=0.8282, Potential Metric=0.1320, Entropy Metric=0.0474]

Epoch 145:  44%|████▍     | 7/16 [00:03<00:04,  1.84it/s][A
Training Epochs:  72%|███████▎  | 145/200 [18:19<08:15,  9.01s/it, -ELBO=0.8043, Potential Metric=0.1464, Entropy Metric=0.0533]

Epoch 145:  50%|█████     | 8/16 [00:04<00:04,  1.84it/s][A
Training Epochs:  72%|███████▎  | 145/200 [18:20<08:15,  9.01s/it, -ELBO=0.8178, Potential Metric=0.1555, Entropy Metric=0.0538]

Epoch 145:  56%|█████▋    | 9/16 [00:04<00:03,  1.85it/s][A
Training Epochs:  72%|███████▎  | 145/200 [18:20<08:15,  9.01s/it, -ELBO=0.8192, Potential Metric=0.1321, Entropy Metric=0.0468]

Epoch 145:  62%|██████▎   | 10/16 [00:05<00:03,  1.86it/s][A
Training Epochs:  72%|███████▎  | 145/200 [18:21<08:15,  9.01s/it, -ELBO=0.8419, Potential Metric=0.1272, Entropy Metric=0.0468]

Epoch 145:  69%|██████▉   | 11/16 [00:05<00:02,  1.87it/s][A
Training Epochs:  72%|███████▎  | 145/200 [18:21<08:15,  9.01s/it, -ELBO=0.7953, Potential Metric=0.1386, Entropy Metric=0.0492]

Epoch 145:  75%|███████▌  | 12/16 [00:06<00:02,  1.85it/s][A
Training Epochs:  72%|███████▎  | 145/200 [18:22<08:15,  9.01s/it, -ELBO=0.7939, Potential Metric=0.1567, Entropy Metric=0.0477]

Epoch 145:  81%|████████▏ | 13/16 [00:07<00:01,  1.83it/s][A
Training Epochs:  72%|███████▎  | 145/200 [18:23<08:15,  9.01s/it, -ELBO=0.8127, Potential Metric=0.1365, Entropy Metric=0.0506]

Epoch 145:  88%|████████▊ | 14/16 [00:07<00:01,  1.83it/s][A
Training Epochs:  72%|███████▎  | 145/200 [18:23<08:15,  9.01s/it, -ELBO=0.8349, Potential Metric=0.1327, Entropy Metric=0.0515]

Epoch 145:  94%|█████████▍| 15/16 [00:08<00:00,  1.80it/s][A
Training Epochs:  72%|███████▎  | 145/200 [18:24<08:15,  9.01s/it, -ELBO=0.8083, Potential Metric=0.1357, Entropy Metric=0.0517]

Epoch 145: 100%|██████████| 16/16 [00:08<00:00,  1.80it/s][A

                                                          [A
Training Epochs:  73%|███████▎  | 146/200 [18:24<08:02,  8.94s/it, -ELBO=0.8083, Potential Metric=0.1357, Entropy Metric=0.0517]

Epoch 146:   0%|          | 0/16 [00:00<?, ?it/s][A
Training Epochs:  73%|███████▎  | 146/200 [18:24<08:02,  8.94s/it, -ELBO=0.7949, Potential Metric=0.1449, Entropy Metric=0.0533]

Epoch 146:   6%|▋         | 1/16 [00:00<00:08,  1.71it/s][A
Training Epochs:  73%|███████▎  | 146/200 [18:25<08:02,  8.94s/it, -ELBO=0.8319, Potential Metric=0.1229, Entropy Metric=0.0473]

Epoch 146:  12%|█▎        | 2/16 [00:01<00:07,  1.79it/s][A
Training Epochs:  73%|███████▎  | 146/200 [18:25<08:02,  8.94s/it, -ELBO=0.8214, Potential Metric=0.1320, Entropy Metric=0.0517]

Epoch 146:  19%|█▉        | 3/16 [00:01<00:07,  1.81it/s][A
Training Epochs:  73%|███████▎  | 146/200 [18:26<08:02,  8.94s/it, -ELBO=0.8173, Potential Metric=0.1322, Entropy Metric=0.0532]

Epoch 146:  25%|██▌       | 4/16 [00:02<00:07,  1.60it/s][A
Training Epochs:  73%|███████▎  | 146/200 [18:27<08:02,  8.94s/it, -ELBO=0.8352, Potential Metric=0.1307, Entropy Metric=0.0509]

Epoch 146:  31%|███▏      | 5/16 [00:02<00:06,  1.67it/s][A
Training Epochs:  73%|███████▎  | 146/200 [18:27<08:02,  8.94s/it, -ELBO=0.8034, Potential Metric=0.1312, Entropy Metric=0.0538]

Epoch 146:  38%|███▊      | 6/16 [00:03<00:05,  1.70it/s][A
Training Epochs:  73%|███████▎  | 146/200 [18:28<08:02,  8.94s/it, -ELBO=0.8119, Potential Metric=0.1415, Entropy Metric=0.0541]

Epoch 146:  44%|████▍     | 7/16 [00:04<00:05,  1.76it/s][A
Training Epochs:  73%|███████▎  | 146/200 [18:28<08:02,  8.94s/it, -ELBO=0.7870, Potential Metric=0.1360, Entropy Metric=0.0522]

Epoch 146:  50%|█████     | 8/16 [00:04<00:04,  1.75it/s][A
Training Epochs:  73%|███████▎  | 146/200 [18:29<08:02,  8.94s/it, -ELBO=0.8118, Potential Metric=0.1272, Entropy Metric=0.0507]

Epoch 146:  56%|█████▋    | 9/16 [00:05<00:03,  1.76it/s][A
Training Epochs:  73%|███████▎  | 146/200 [18:29<08:02,  8.94s/it, -ELBO=0.8245, Potential Metric=0.1158, Entropy Metric=0.0501]

Epoch 146:  62%|██████▎   | 10/16 [00:05<00:03,  1.85it/s][A
Training Epochs:  73%|███████▎  | 146/200 [18:30<08:02,  8.94s/it, -ELBO=0.8227, Potential Metric=0.1281, Entropy Metric=0.0518]

Epoch 146:  69%|██████▉   | 11/16 [00:06<00:02,  1.80it/s][A
Training Epochs:  73%|███████▎  | 146/200 [18:31<08:02,  8.94s/it, -ELBO=0.8077, Potential Metric=0.1409, Entropy Metric=0.0589]

Epoch 146:  75%|███████▌  | 12/16 [00:06<00:02,  1.78it/s][A
Training Epochs:  73%|███████▎  | 146/200 [18:31<08:02,  8.94s/it, -ELBO=0.8233, Potential Metric=0.1282, Entropy Metric=0.0532]

Epoch 146:  81%|████████▏ | 13/16 [00:07<00:01,  1.79it/s][A
Training Epochs:  73%|███████▎  | 146/200 [18:32<08:02,  8.94s/it, -ELBO=0.8231, Potential Metric=0.1200, Entropy Metric=0.0491]

Epoch 146:  88%|████████▊ | 14/16 [00:07<00:01,  1.82it/s][A
Training Epochs:  73%|███████▎  | 146/200 [18:32<08:02,  8.94s/it, -ELBO=0.8045, Potential Metric=0.1362, Entropy Metric=0.0532]

Epoch 146:  94%|█████████▍| 15/16 [00:08<00:00,  1.88it/s][A
Training Epochs:  73%|███████▎  | 146/200 [18:33<08:02,  8.94s/it, -ELBO=0.8253, Potential Metric=0.1259, Entropy Metric=0.0507]

Epoch 146: 100%|██████████| 16/16 [00:08<00:00,  1.86it/s][A

                                                          [A
Training Epochs:  74%|███████▎  | 147/200 [18:33<07:55,  8.98s/it, -ELBO=0.8253, Potential Metric=0.1259, Entropy Metric=0.0507]

Epoch 147:   0%|          | 0/16 [00:00<?, ?it/s][A
Training Epochs:  74%|███████▎  | 147/200 [18:33<07:55,  8.98s/it, -ELBO=0.8177, Potential Metric=0.1203, Entropy Metric=0.0519]

Epoch 147:   6%|▋         | 1/16 [00:00<00:08,  1.76it/s][A
Training Epochs:  74%|███████▎  | 147/200 [18:34<07:55,  8.98s/it, -ELBO=0.8305, Potential Metric=0.1145, Entropy Metric=0.0473]

Epoch 147:  12%|█▎        | 2/16 [00:01<00:07,  1.75it/s][A
Training Epochs:  74%|███████▎  | 147/200 [18:35<07:55,  8.98s/it, -ELBO=0.8097, Potential Metric=0.1217, Entropy Metric=0.0524]

Epoch 147:  19%|█▉        | 3/16 [00:01<00:07,  1.74it/s][A
Training Epochs:  74%|███████▎  | 147/200 [18:35<07:55,  8.98s/it, -ELBO=0.8135, Potential Metric=0.1345, Entropy Metric=0.0493]

Epoch 147:  25%|██▌       | 4/16 [00:02<00:06,  1.75it/s][A
Training Epochs:  74%|███████▎  | 147/200 [18:36<07:55,  8.98s/it, -ELBO=0.8093, Potential Metric=0.1272, Entropy Metric=0.0481]

Epoch 147:  31%|███▏      | 5/16 [00:02<00:06,  1.76it/s][A
Training Epochs:  74%|███████▎  | 147/200 [18:36<07:55,  8.98s/it, -ELBO=0.8182, Potential Metric=0.1284, Entropy Metric=0.0497]

Epoch 147:  38%|███▊      | 6/16 [00:03<00:05,  1.73it/s][A
Training Epochs:  74%|███████▎  | 147/200 [18:37<07:55,  8.98s/it, -ELBO=0.7980, Potential Metric=0.1342, Entropy Metric=0.0514]

Epoch 147:  44%|████▍     | 7/16 [00:03<00:04,  1.82it/s][A
Training Epochs:  74%|███████▎  | 147/200 [18:37<07:55,  8.98s/it, -ELBO=0.8079, Potential Metric=0.1499, Entropy Metric=0.0538]

Epoch 147:  50%|█████     | 8/16 [00:04<00:04,  1.82it/s][A
Training Epochs:  74%|███████▎  | 147/200 [18:38<07:55,  8.98s/it, -ELBO=0.8082, Potential Metric=0.1361, Entropy Metric=0.0535]

Epoch 147:  56%|█████▋    | 9/16 [00:05<00:03,  1.83it/s][A
Training Epochs:  74%|███████▎  | 147/200 [18:38<07:55,  8.98s/it, -ELBO=0.8071, Potential Metric=0.1337, Entropy Metric=0.0517]

Epoch 147:  62%|██████▎   | 10/16 [00:05<00:03,  1.84it/s][A
Training Epochs:  74%|███████▎  | 147/200 [18:39<07:55,  8.98s/it, -ELBO=0.7947, Potential Metric=0.1558, Entropy Metric=0.0562]

Epoch 147:  69%|██████▉   | 11/16 [00:06<00:02,  1.78it/s][A
Training Epochs:  74%|███████▎  | 147/200 [18:40<07:55,  8.98s/it, -ELBO=0.8073, Potential Metric=0.1382, Entropy Metric=0.0528]

Epoch 147:  75%|███████▌  | 12/16 [00:06<00:02,  1.79it/s][A
Training Epochs:  74%|███████▎  | 147/200 [18:40<07:55,  8.98s/it, -ELBO=0.7959, Potential Metric=0.1327, Entropy Metric=0.0514]

Epoch 147:  81%|████████▏ | 13/16 [00:07<00:01,  1.82it/s][A
Training Epochs:  74%|███████▎  | 147/200 [18:41<07:55,  8.98s/it, -ELBO=0.8236, Potential Metric=0.1203, Entropy Metric=0.0520]

Epoch 147:  88%|████████▊ | 14/16 [00:07<00:01,  1.83it/s][A
Training Epochs:  74%|███████▎  | 147/200 [18:41<07:55,  8.98s/it, -ELBO=0.8030, Potential Metric=0.1332, Entropy Metric=0.0563]

Epoch 147:  94%|█████████▍| 15/16 [00:08<00:00,  1.82it/s][A
Training Epochs:  74%|███████▎  | 147/200 [18:42<07:55,  8.98s/it, -ELBO=0.7914, Potential Metric=0.1375, Entropy Metric=0.0559]

Epoch 147: 100%|██████████| 16/16 [00:08<00:00,  1.86it/s][A

                                                          [A
Training Epochs:  74%|███████▍  | 148/200 [18:42<07:45,  8.95s/it, -ELBO=0.7914, Potential Metric=0.1375, Entropy Metric=0.0559]

Epoch 148:   0%|          | 0/16 [00:00<?, ?it/s][A
Training Epochs:  74%|███████▍  | 148/200 [18:42<07:45,  8.95s/it, -ELBO=0.8182, Potential Metric=0.1225, Entropy Metric=0.0551]

Epoch 148:   6%|▋         | 1/16 [00:00<00:07,  1.88it/s][A
Training Epochs:  74%|███████▍  | 148/200 [18:43<07:45,  8.95s/it, -ELBO=0.8029, Potential Metric=0.1258, Entropy Metric=0.0551]

Epoch 148:  12%|█▎        | 2/16 [00:01<00:07,  1.83it/s][A
Training Epochs:  74%|███████▍  | 148/200 [18:43<07:45,  8.95s/it, -ELBO=0.8021, Potential Metric=0.1307, Entropy Metric=0.0532]

Epoch 148:  19%|█▉        | 3/16 [00:01<00:07,  1.79it/s][A
Training Epochs:  74%|███████▍  | 148/200 [18:44<07:45,  8.95s/it, -ELBO=0.8014, Potential Metric=0.1333, Entropy Metric=0.0522]

Epoch 148:  25%|██▌       | 4/16 [00:02<00:06,  1.80it/s][A
Training Epochs:  74%|███████▍  | 148/200 [18:45<07:45,  8.95s/it, -ELBO=0.7944, Potential Metric=0.1287, Entropy Metric=0.0483]

Epoch 148:  31%|███▏      | 5/16 [00:02<00:06,  1.79it/s][A
Training Epochs:  74%|███████▍  | 148/200 [18:45<07:45,  8.95s/it, -ELBO=0.8161, Potential Metric=0.1268, Entropy Metric=0.0509]

Epoch 148:  38%|███▊      | 6/16 [00:03<00:05,  1.81it/s][A
Training Epochs:  74%|███████▍  | 148/200 [18:46<07:45,  8.95s/it, -ELBO=0.8015, Potential Metric=0.1329, Entropy Metric=0.0479]

Epoch 148:  44%|████▍     | 7/16 [00:03<00:04,  1.81it/s][A
Training Epochs:  74%|███████▍  | 148/200 [18:46<07:45,  8.95s/it, -ELBO=0.8157, Potential Metric=0.1367, Entropy Metric=0.0531]

Epoch 148:  50%|█████     | 8/16 [00:04<00:04,  1.87it/s][A
Training Epochs:  74%|███████▍  | 148/200 [18:47<07:45,  8.95s/it, -ELBO=0.8033, Potential Metric=0.1232, Entropy Metric=0.0477]

Epoch 148:  56%|█████▋    | 9/16 [00:04<00:03,  1.92it/s][A
Training Epochs:  74%|███████▍  | 148/200 [18:47<07:45,  8.95s/it, -ELBO=0.7984, Potential Metric=0.1366, Entropy Metric=0.0511]

Epoch 148:  62%|██████▎   | 10/16 [00:05<00:03,  1.87it/s][A
Training Epochs:  74%|███████▍  | 148/200 [18:48<07:45,  8.95s/it, -ELBO=0.8080, Potential Metric=0.1311, Entropy Metric=0.0519]

Epoch 148:  69%|██████▉   | 11/16 [00:05<00:02,  1.88it/s][A
Training Epochs:  74%|███████▍  | 148/200 [18:48<07:45,  8.95s/it, -ELBO=0.7851, Potential Metric=0.1395, Entropy Metric=0.0499]

Epoch 148:  75%|███████▌  | 12/16 [00:06<00:02,  1.89it/s][A
Training Epochs:  74%|███████▍  | 148/200 [18:49<07:45,  8.95s/it, -ELBO=0.7902, Potential Metric=0.1368, Entropy Metric=0.0516]

Epoch 148:  81%|████████▏ | 13/16 [00:06<00:01,  1.90it/s][A
Training Epochs:  74%|███████▍  | 148/200 [18:49<07:45,  8.95s/it, -ELBO=0.8159, Potential Metric=0.1280, Entropy Metric=0.0507]

Epoch 148:  88%|████████▊ | 14/16 [00:07<00:01,  1.90it/s][A
Training Epochs:  74%|███████▍  | 148/200 [18:50<07:45,  8.95s/it, -ELBO=0.7960, Potential Metric=0.1388, Entropy Metric=0.0527]

Epoch 148:  94%|█████████▍| 15/16 [00:08<00:00,  1.87it/s][A
Training Epochs:  74%|███████▍  | 148/200 [18:50<07:45,  8.95s/it, -ELBO=0.8212, Potential Metric=0.1326, Entropy Metric=0.0516]

Epoch 148: 100%|██████████| 16/16 [00:08<00:00,  1.85it/s][A

                                                          [A
Training Epochs:  74%|███████▍  | 149/200 [18:50<07:32,  8.88s/it, -ELBO=0.8212, Potential Metric=0.1326, Entropy Metric=0.0516]

Epoch 149:   0%|          | 0/16 [00:00<?, ?it/s][A
Training Epochs:  74%|███████▍  | 149/200 [18:51<07:32,  8.88s/it, -ELBO=0.8014, Potential Metric=0.1266, Entropy Metric=0.0527]

Epoch 149:   6%|▋         | 1/16 [00:00<00:09,  1.61it/s][A
Training Epochs:  74%|███████▍  | 149/200 [18:52<07:32,  8.88s/it, -ELBO=0.7949, Potential Metric=0.1390, Entropy Metric=0.0532]

Epoch 149:  12%|█▎        | 2/16 [00:01<00:08,  1.72it/s][A
Training Epochs:  74%|███████▍  | 149/200 [18:52<07:32,  8.88s/it, -ELBO=0.7894, Potential Metric=0.1442, Entropy Metric=0.0520]

Epoch 149:  19%|█▉        | 3/16 [00:01<00:07,  1.67it/s][A
Training Epochs:  74%|███████▍  | 149/200 [18:53<07:32,  8.88s/it, -ELBO=0.8052, Potential Metric=0.1402, Entropy Metric=0.0547]

Epoch 149:  25%|██▌       | 4/16 [00:02<00:06,  1.77it/s][A
Training Epochs:  74%|███████▍  | 149/200 [18:53<07:32,  8.88s/it, -ELBO=0.7937, Potential Metric=0.1304, Entropy Metric=0.0511]

Epoch 149:  31%|███▏      | 5/16 [00:02<00:06,  1.80it/s][A
Training Epochs:  74%|███████▍  | 149/200 [18:54<07:32,  8.88s/it, -ELBO=0.7925, Potential Metric=0.1313, Entropy Metric=0.0525]

Epoch 149:  38%|███▊      | 6/16 [00:03<00:05,  1.75it/s][A
Training Epochs:  74%|███████▍  | 149/200 [18:54<07:32,  8.88s/it, -ELBO=0.8011, Potential Metric=0.1311, Entropy Metric=0.0500]

Epoch 149:  44%|████▍     | 7/16 [00:03<00:04,  1.82it/s][A
Training Epochs:  74%|███████▍  | 149/200 [18:55<07:32,  8.88s/it, -ELBO=0.8101, Potential Metric=0.1277, Entropy Metric=0.0526]

Epoch 149:  50%|█████     | 8/16 [00:04<00:04,  1.78it/s][A
Training Epochs:  74%|███████▍  | 149/200 [18:56<07:32,  8.88s/it, -ELBO=0.7954, Potential Metric=0.1382, Entropy Metric=0.0535]

Epoch 149:  56%|█████▋    | 9/16 [00:05<00:03,  1.79it/s][A
Training Epochs:  74%|███████▍  | 149/200 [18:56<07:32,  8.88s/it, -ELBO=0.7839, Potential Metric=0.1319, Entropy Metric=0.0539]

Epoch 149:  62%|██████▎   | 10/16 [00:05<00:03,  1.75it/s][A
Training Epochs:  74%|███████▍  | 149/200 [18:57<07:32,  8.88s/it, -ELBO=0.7790, Potential Metric=0.1307, Entropy Metric=0.0495]

Epoch 149:  69%|██████▉   | 11/16 [00:06<00:02,  1.76it/s][A
Training Epochs:  74%|███████▍  | 149/200 [18:57<07:32,  8.88s/it, -ELBO=0.8047, Potential Metric=0.1280, Entropy Metric=0.0528]

Epoch 149:  75%|███████▌  | 12/16 [00:06<00:02,  1.74it/s][A
Training Epochs:  74%|███████▍  | 149/200 [18:58<07:32,  8.88s/it, -ELBO=0.8089, Potential Metric=0.1197, Entropy Metric=0.0496]

Epoch 149:  81%|████████▏ | 13/16 [00:07<00:01,  1.84it/s][A
Training Epochs:  74%|███████▍  | 149/200 [18:58<07:32,  8.88s/it, -ELBO=0.7959, Potential Metric=0.1308, Entropy Metric=0.0508]

Epoch 149:  88%|████████▊ | 14/16 [00:07<00:01,  1.88it/s][A
Training Epochs:  74%|███████▍  | 149/200 [18:59<07:32,  8.88s/it, -ELBO=0.8132, Potential Metric=0.1102, Entropy Metric=0.0492]

Epoch 149:  94%|█████████▍| 15/16 [00:08<00:00,  1.82it/s][A
Training Epochs:  74%|███████▍  | 149/200 [18:59<07:32,  8.88s/it, -ELBO=0.8098, Potential Metric=0.1294, Entropy Metric=0.0500]

Epoch 149: 100%|██████████| 16/16 [00:08<00:00,  1.79it/s][A

                                                          [A
Training Epochs:  75%|███████▌  | 150/200 [18:59<07:26,  8.92s/it, -ELBO=0.8098, Potential Metric=0.1294, Entropy Metric=0.0500]

Epoch 150:   0%|          | 0/16 [00:00<?, ?it/s][A
Training Epochs:  75%|███████▌  | 150/200 [19:00<07:26,  8.92s/it, -ELBO=0.8061, Potential Metric=0.1134, Entropy Metric=0.0459]

Epoch 150:   6%|▋         | 1/16 [00:00<00:08,  1.72it/s][A
Training Epochs:  75%|███████▌  | 150/200 [19:01<07:26,  8.92s/it, -ELBO=0.8101, Potential Metric=0.1212, Entropy Metric=0.0500]

Epoch 150:  12%|█▎        | 2/16 [00:01<00:07,  1.78it/s][A
Training Epochs:  75%|███████▌  | 150/200 [19:01<07:26,  8.92s/it, -ELBO=0.8134, Potential Metric=0.1252, Entropy Metric=0.0514]

Epoch 150:  19%|█▉        | 3/16 [00:01<00:07,  1.75it/s][A
Training Epochs:  75%|███████▌  | 150/200 [19:02<07:26,  8.92s/it, -ELBO=0.7977, Potential Metric=0.1365, Entropy Metric=0.0490]

Epoch 150:  25%|██▌       | 4/16 [00:02<00:06,  1.76it/s][A
Training Epochs:  75%|███████▌  | 150/200 [19:02<07:26,  8.92s/it, -ELBO=0.7722, Potential Metric=0.1351, Entropy Metric=0.0506]

Epoch 150:  31%|███▏      | 5/16 [00:02<00:06,  1.79it/s][A
Training Epochs:  75%|███████▌  | 150/200 [19:03<07:26,  8.92s/it, -ELBO=0.7916, Potential Metric=0.1314, Entropy Metric=0.0524]

Epoch 150:  38%|███▊      | 6/16 [00:03<00:05,  1.89it/s][A
Training Epochs:  75%|███████▌  | 150/200 [19:03<07:26,  8.92s/it, -ELBO=0.7930, Potential Metric=0.1240, Entropy Metric=0.0477]

Epoch 150:  44%|████▍     | 7/16 [00:03<00:04,  1.86it/s][A
Training Epochs:  75%|███████▌  | 150/200 [19:04<07:26,  8.92s/it, -ELBO=0.7908, Potential Metric=0.1230, Entropy Metric=0.0491]

Epoch 150:  50%|█████     | 8/16 [00:04<00:04,  1.82it/s][A
Training Epochs:  75%|███████▌  | 150/200 [19:04<07:26,  8.92s/it, -ELBO=0.7686, Potential Metric=0.1454, Entropy Metric=0.0550]

Epoch 150:  56%|█████▋    | 9/16 [00:05<00:03,  1.79it/s][A
Training Epochs:  75%|███████▌  | 150/200 [19:05<07:26,  8.92s/it, -ELBO=0.7826, Potential Metric=0.1428, Entropy Metric=0.0532]

Epoch 150:  62%|██████▎   | 10/16 [00:05<00:03,  1.81it/s][A
Training Epochs:  75%|███████▌  | 150/200 [19:06<07:26,  8.92s/it, -ELBO=0.8036, Potential Metric=0.1170, Entropy Metric=0.0488]

Epoch 150:  69%|██████▉   | 11/16 [00:06<00:02,  1.85it/s][A
Training Epochs:  75%|███████▌  | 150/200 [19:06<07:26,  8.92s/it, -ELBO=0.7966, Potential Metric=0.1368, Entropy Metric=0.0527]

Epoch 150:  75%|███████▌  | 12/16 [00:06<00:02,  1.79it/s][A
Training Epochs:  75%|███████▌  | 150/200 [19:07<07:26,  8.92s/it, -ELBO=0.8048, Potential Metric=0.1266, Entropy Metric=0.0530]

Epoch 150:  81%|████████▏ | 13/16 [00:07<00:01,  1.79it/s][A
Training Epochs:  75%|███████▌  | 150/200 [19:07<07:26,  8.92s/it, -ELBO=0.7922, Potential Metric=0.1425, Entropy Metric=0.0550]

Epoch 150:  88%|████████▊ | 14/16 [00:07<00:01,  1.79it/s][A
Training Epochs:  75%|███████▌  | 150/200 [19:08<07:26,  8.92s/it, -ELBO=0.8003, Potential Metric=0.1293, Entropy Metric=0.0562]

Epoch 150:  94%|█████████▍| 15/16 [00:08<00:00,  1.81it/s][A
Training Epochs:  75%|███████▌  | 150/200 [19:08<07:26,  8.92s/it, -ELBO=0.7859, Potential Metric=0.1405, Entropy Metric=0.0601]

Epoch 150: 100%|██████████| 16/16 [00:08<00:00,  1.81it/s][A

                                                          [A
Training Epochs:  76%|███████▌  | 151/200 [19:08<07:17,  8.92s/it, -ELBO=0.7859, Potential Metric=0.1405, Entropy Metric=0.0601]

Epoch 151:   0%|          | 0/16 [00:00<?, ?it/s][A
Training Epochs:  76%|███████▌  | 151/200 [19:09<07:17,  8.92s/it, -ELBO=0.7877, Potential Metric=0.1307, Entropy Metric=0.0559]

Epoch 151:   6%|▋         | 1/16 [00:00<00:08,  1.70it/s][A
Training Epochs:  76%|███████▌  | 151/200 [19:10<07:17,  8.92s/it, -ELBO=0.7725, Potential Metric=0.1348, Entropy Metric=0.0548]

Epoch 151:  12%|█▎        | 2/16 [00:01<00:07,  1.76it/s][A
Training Epochs:  76%|███████▌  | 151/200 [19:10<07:17,  8.92s/it, -ELBO=0.7986, Potential Metric=0.1281, Entropy Metric=0.0555]

Epoch 151:  19%|█▉        | 3/16 [00:01<00:07,  1.77it/s][A
Training Epochs:  76%|███████▌  | 151/200 [19:11<07:17,  8.92s/it, -ELBO=0.7830, Potential Metric=0.1387, Entropy Metric=0.0562]

Epoch 151:  25%|██▌       | 4/16 [00:02<00:06,  1.78it/s][A
Training Epochs:  76%|███████▌  | 151/200 [19:11<07:17,  8.92s/it, -ELBO=0.7890, Potential Metric=0.1296, Entropy Metric=0.0502]

Epoch 151:  31%|███▏      | 5/16 [00:02<00:06,  1.75it/s][A
Training Epochs:  76%|███████▌  | 151/200 [19:12<07:17,  8.92s/it, -ELBO=0.8092, Potential Metric=0.1227, Entropy Metric=0.0483]

Epoch 151:  38%|███▊      | 6/16 [00:03<00:05,  1.77it/s][A
Training Epochs:  76%|███████▌  | 151/200 [19:12<07:17,  8.92s/it, -ELBO=0.7829, Potential Metric=0.1285, Entropy Metric=0.0504]

Epoch 151:  44%|████▍     | 7/16 [00:03<00:04,  1.81it/s][A
Training Epochs:  76%|███████▌  | 151/200 [19:13<07:17,  8.92s/it, -ELBO=0.7709, Potential Metric=0.1465, Entropy Metric=0.0510]

Epoch 151:  50%|█████     | 8/16 [00:04<00:04,  1.81it/s][A
Training Epochs:  76%|███████▌  | 151/200 [19:13<07:17,  8.92s/it, -ELBO=0.7745, Potential Metric=0.1356, Entropy Metric=0.0506]

Epoch 151:  56%|█████▋    | 9/16 [00:05<00:03,  1.78it/s][A
Training Epochs:  76%|███████▌  | 151/200 [19:14<07:17,  8.92s/it, -ELBO=0.8018, Potential Metric=0.1265, Entropy Metric=0.0493]

Epoch 151:  62%|██████▎   | 10/16 [00:05<00:03,  1.80it/s][A
Training Epochs:  76%|███████▌  | 151/200 [19:15<07:17,  8.92s/it, -ELBO=0.7812, Potential Metric=0.1247, Entropy Metric=0.0511]

Epoch 151:  69%|██████▉   | 11/16 [00:06<00:02,  1.79it/s][A
Training Epochs:  76%|███████▌  | 151/200 [19:15<07:17,  8.92s/it, -ELBO=0.7911, Potential Metric=0.1286, Entropy Metric=0.0492]

Epoch 151:  75%|███████▌  | 12/16 [00:06<00:02,  1.68it/s][A
Training Epochs:  76%|███████▌  | 151/200 [19:16<07:17,  8.92s/it, -ELBO=0.7974, Potential Metric=0.1239, Entropy Metric=0.0500]

Epoch 151:  81%|████████▏ | 13/16 [00:07<00:01,  1.72it/s][A
Training Epochs:  76%|███████▌  | 151/200 [19:16<07:17,  8.92s/it, -ELBO=0.7914, Potential Metric=0.1216, Entropy Metric=0.0483]

Epoch 151:  88%|████████▊ | 14/16 [00:07<00:01,  1.74it/s][A
Training Epochs:  76%|███████▌  | 151/200 [19:17<07:17,  8.92s/it, -ELBO=0.7862, Potential Metric=0.1218, Entropy Metric=0.0446]

Epoch 151:  94%|█████████▍| 15/16 [00:08<00:00,  1.76it/s][A
Training Epochs:  76%|███████▌  | 151/200 [19:17<07:17,  8.92s/it, -ELBO=0.8024, Potential Metric=0.1267, Entropy Metric=0.0550]

Epoch 151: 100%|██████████| 16/16 [00:09<00:00,  1.82it/s][A

                                                          [A
Training Epochs:  76%|███████▌  | 152/200 [19:17<07:10,  8.98s/it, -ELBO=0.8024, Potential Metric=0.1267, Entropy Metric=0.0550]

Epoch 152:   0%|          | 0/16 [00:00<?, ?it/s][A
Training Epochs:  76%|███████▌  | 152/200 [19:18<07:10,  8.98s/it, -ELBO=0.7777, Potential Metric=0.1196, Entropy Metric=0.0502]

Epoch 152:   6%|▋         | 1/16 [00:00<00:08,  1.70it/s][A
Training Epochs:  76%|███████▌  | 152/200 [19:19<07:10,  8.98s/it, -ELBO=0.8094, Potential Metric=0.1196, Entropy Metric=0.0494]

Epoch 152:  12%|█▎        | 2/16 [00:01<00:07,  1.77it/s][A
Training Epochs:  76%|███████▌  | 152/200 [19:19<07:10,  8.98s/it, -ELBO=0.7973, Potential Metric=0.1220, Entropy Metric=0.0500]

Epoch 152:  19%|█▉        | 3/16 [00:01<00:07,  1.80it/s][A
Training Epochs:  76%|███████▌  | 152/200 [19:20<07:10,  8.98s/it, -ELBO=0.7837, Potential Metric=0.1281, Entropy Metric=0.0547]

Epoch 152:  25%|██▌       | 4/16 [00:02<00:06,  1.78it/s][A
Training Epochs:  76%|███████▌  | 152/200 [19:20<07:10,  8.98s/it, -ELBO=0.8062, Potential Metric=0.1269, Entropy Metric=0.0534]

Epoch 152:  31%|███▏      | 5/16 [00:02<00:05,  1.85it/s][A
Training Epochs:  76%|███████▌  | 152/200 [19:21<07:10,  8.98s/it, -ELBO=0.8055, Potential Metric=0.1242, Entropy Metric=0.0504]

Epoch 152:  38%|███▊      | 6/16 [00:03<00:05,  1.85it/s][A
Training Epochs:  76%|███████▌  | 152/200 [19:21<07:10,  8.98s/it, -ELBO=0.7608, Potential Metric=0.1308, Entropy Metric=0.0511]

Epoch 152:  44%|████▍     | 7/16 [00:03<00:04,  1.85it/s][A
Training Epochs:  76%|███████▌  | 152/200 [19:22<07:10,  8.98s/it, -ELBO=0.7826, Potential Metric=0.1233, Entropy Metric=0.0489]

Epoch 152:  50%|█████     | 8/16 [00:04<00:04,  1.82it/s][A
Training Epochs:  76%|███████▌  | 152/200 [19:22<07:10,  8.98s/it, -ELBO=0.7681, Potential Metric=0.1385, Entropy Metric=0.0543]

Epoch 152:  56%|█████▋    | 9/16 [00:04<00:03,  1.89it/s][A
Training Epochs:  76%|███████▌  | 152/200 [19:23<07:10,  8.98s/it, -ELBO=0.7739, Potential Metric=0.1296, Entropy Metric=0.0517]

Epoch 152:  62%|██████▎   | 10/16 [00:05<00:03,  1.86it/s][A
Training Epochs:  76%|███████▌  | 152/200 [19:23<07:10,  8.98s/it, -ELBO=0.7961, Potential Metric=0.1290, Entropy Metric=0.0525]

Epoch 152:  69%|██████▉   | 11/16 [00:05<00:02,  1.85it/s][A
Training Epochs:  76%|███████▌  | 152/200 [19:24<07:10,  8.98s/it, -ELBO=0.7887, Potential Metric=0.1386, Entropy Metric=0.0564]

Epoch 152:  75%|███████▌  | 12/16 [00:06<00:02,  1.83it/s][A
Training Epochs:  76%|███████▌  | 152/200 [19:25<07:10,  8.98s/it, -ELBO=0.7584, Potential Metric=0.1470, Entropy Metric=0.0543]

Epoch 152:  81%|████████▏ | 13/16 [00:07<00:01,  1.85it/s][A
Training Epochs:  76%|███████▌  | 152/200 [19:25<07:10,  8.98s/it, -ELBO=0.7833, Potential Metric=0.1314, Entropy Metric=0.0541]

Epoch 152:  88%|████████▊ | 14/16 [00:07<00:01,  1.86it/s][A
Training Epochs:  76%|███████▌  | 152/200 [19:26<07:10,  8.98s/it, -ELBO=0.7807, Potential Metric=0.1314, Entropy Metric=0.0515]

Epoch 152:  94%|█████████▍| 15/16 [00:08<00:00,  1.82it/s][A
Training Epochs:  76%|███████▌  | 152/200 [19:26<07:10,  8.98s/it, -ELBO=0.7810, Potential Metric=0.1274, Entropy Metric=0.0521]

Epoch 152: 100%|██████████| 16/16 [00:08<00:00,  1.84it/s][A

                                                          [A
Training Epochs:  76%|███████▋  | 153/200 [19:26<06:58,  8.91s/it, -ELBO=0.7810, Potential Metric=0.1274, Entropy Metric=0.0521]

Epoch 153:   0%|          | 0/16 [00:00<?, ?it/s][A
Training Epochs:  76%|███████▋  | 153/200 [19:27<06:58,  8.91s/it, -ELBO=0.7854, Potential Metric=0.1270, Entropy Metric=0.0510]

Epoch 153:   6%|▋         | 1/16 [00:00<00:09,  1.52it/s][A
Training Epochs:  76%|███████▋  | 153/200 [19:27<06:58,  8.91s/it, -ELBO=0.7767, Potential Metric=0.1278, Entropy Metric=0.0544]

Epoch 153:  12%|█▎        | 2/16 [00:01<00:08,  1.72it/s][A
Training Epochs:  76%|███████▋  | 153/200 [19:28<06:58,  8.91s/it, -ELBO=0.7776, Potential Metric=0.1308, Entropy Metric=0.0545]

Epoch 153:  19%|█▉        | 3/16 [00:01<00:07,  1.78it/s][A
Training Epochs:  76%|███████▋  | 153/200 [19:29<06:58,  8.91s/it, -ELBO=0.7690, Potential Metric=0.1391, Entropy Metric=0.0556]

Epoch 153:  25%|██▌       | 4/16 [00:02<00:06,  1.81it/s][A
Training Epochs:  76%|███████▋  | 153/200 [19:29<06:58,  8.91s/it, -ELBO=0.7881, Potential Metric=0.1210, Entropy Metric=0.0488]

Epoch 153:  31%|███▏      | 5/16 [00:02<00:06,  1.81it/s][A
Training Epochs:  76%|███████▋  | 153/200 [19:30<06:58,  8.91s/it, -ELBO=0.8152, Potential Metric=0.1297, Entropy Metric=0.0499]

Epoch 153:  38%|███▊      | 6/16 [00:03<00:05,  1.81it/s][A
Training Epochs:  76%|███████▋  | 153/200 [19:30<06:58,  8.91s/it, -ELBO=0.7793, Potential Metric=0.1226, Entropy Metric=0.0526]

Epoch 153:  44%|████▍     | 7/16 [00:03<00:04,  1.84it/s][A
Training Epochs:  76%|███████▋  | 153/200 [19:31<06:58,  8.91s/it, -ELBO=0.7790, Potential Metric=0.1185, Entropy Metric=0.0477]

Epoch 153:  50%|█████     | 8/16 [00:04<00:04,  1.82it/s][A
Training Epochs:  76%|███████▋  | 153/200 [19:31<06:58,  8.91s/it, -ELBO=0.7761, Potential Metric=0.1349, Entropy Metric=0.0501]

Epoch 153:  56%|█████▋    | 9/16 [00:05<00:03,  1.79it/s][A
Training Epochs:  76%|███████▋  | 153/200 [19:32<06:58,  8.91s/it, -ELBO=0.7708, Potential Metric=0.1347, Entropy Metric=0.0538]

Epoch 153:  62%|██████▎   | 10/16 [00:05<00:03,  1.80it/s][A
Training Epochs:  76%|███████▋  | 153/200 [19:32<06:58,  8.91s/it, -ELBO=0.7982, Potential Metric=0.1234, Entropy Metric=0.0521]

Epoch 153:  69%|██████▉   | 11/16 [00:06<00:02,  1.79it/s][A
Training Epochs:  76%|███████▋  | 153/200 [19:33<06:58,  8.91s/it, -ELBO=0.8045, Potential Metric=0.1154, Entropy Metric=0.0480]

Epoch 153:  75%|███████▌  | 12/16 [00:06<00:02,  1.86it/s][A
Training Epochs:  76%|███████▋  | 153/200 [19:34<06:58,  8.91s/it, -ELBO=0.7735, Potential Metric=0.1409, Entropy Metric=0.0484]

Epoch 153:  81%|████████▏ | 13/16 [00:07<00:01,  1.76it/s][A
Training Epochs:  76%|███████▋  | 153/200 [19:34<06:58,  8.91s/it, -ELBO=0.7855, Potential Metric=0.1338, Entropy Metric=0.0516]

Epoch 153:  88%|████████▊ | 14/16 [00:07<00:01,  1.76it/s][A
Training Epochs:  76%|███████▋  | 153/200 [19:35<06:58,  8.91s/it, -ELBO=0.7724, Potential Metric=0.1414, Entropy Metric=0.0539]

Epoch 153:  94%|█████████▍| 15/16 [00:08<00:00,  1.77it/s][A
Training Epochs:  76%|███████▋  | 153/200 [19:35<06:58,  8.91s/it, -ELBO=0.7852, Potential Metric=0.1256, Entropy Metric=0.0518]

Epoch 153: 100%|██████████| 16/16 [00:08<00:00,  1.77it/s][A

                                                          [A
Training Epochs:  77%|███████▋  | 154/200 [19:35<06:51,  8.95s/it, -ELBO=0.7852, Potential Metric=0.1256, Entropy Metric=0.0518]

Epoch 154:   0%|          | 0/16 [00:00<?, ?it/s][A
Training Epochs:  77%|███████▋  | 154/200 [19:36<06:51,  8.95s/it, -ELBO=0.7702, Potential Metric=0.1314, Entropy Metric=0.0556]

Epoch 154:   6%|▋         | 1/16 [00:00<00:08,  1.72it/s][A
Training Epochs:  77%|███████▋  | 154/200 [19:36<06:51,  8.95s/it, -ELBO=0.7699, Potential Metric=0.1319, Entropy Metric=0.0545]

Epoch 154:  12%|█▎        | 2/16 [00:01<00:07,  1.82it/s][A
Training Epochs:  77%|███████▋  | 154/200 [19:37<06:51,  8.95s/it, -ELBO=0.8076, Potential Metric=0.1094, Entropy Metric=0.0472]

Epoch 154:  19%|█▉        | 3/16 [00:01<00:07,  1.85it/s][A
Training Epochs:  77%|███████▋  | 154/200 [19:38<06:51,  8.95s/it, -ELBO=0.7805, Potential Metric=0.1182, Entropy Metric=0.0528]

Epoch 154:  25%|██▌       | 4/16 [00:02<00:07,  1.70it/s][A
Training Epochs:  77%|███████▋  | 154/200 [19:38<06:51,  8.95s/it, -ELBO=0.7884, Potential Metric=0.1201, Entropy Metric=0.0475]

Epoch 154:  31%|███▏      | 5/16 [00:02<00:06,  1.72it/s][A
Training Epochs:  77%|███████▋  | 154/200 [19:39<06:51,  8.95s/it, -ELBO=0.7870, Potential Metric=0.1247, Entropy Metric=0.0497]

Epoch 154:  38%|███▊      | 6/16 [00:03<00:05,  1.74it/s][A
Training Epochs:  77%|███████▋  | 154/200 [19:39<06:51,  8.95s/it, -ELBO=0.7727, Potential Metric=0.1357, Entropy Metric=0.0496]

Epoch 154:  44%|████▍     | 7/16 [00:03<00:05,  1.74it/s][A
Training Epochs:  77%|███████▋  | 154/200 [19:40<06:51,  8.95s/it, -ELBO=0.7872, Potential Metric=0.1280, Entropy Metric=0.0501]

Epoch 154:  50%|█████     | 8/16 [00:04<00:04,  1.76it/s][A
Training Epochs:  77%|███████▋  | 154/200 [19:40<06:51,  8.95s/it, -ELBO=0.7512, Potential Metric=0.1256, Entropy Metric=0.0536]

Epoch 154:  56%|█████▋    | 9/16 [00:05<00:03,  1.81it/s][A
Training Epochs:  77%|███████▋  | 154/200 [19:41<06:51,  8.95s/it, -ELBO=0.7705, Potential Metric=0.1333, Entropy Metric=0.0516]

Epoch 154:  62%|██████▎   | 10/16 [00:05<00:03,  1.83it/s][A
Training Epochs:  77%|███████▋  | 154/200 [19:41<06:51,  8.95s/it, -ELBO=0.7632, Potential Metric=0.1378, Entropy Metric=0.0524]

Epoch 154:  69%|██████▉   | 11/16 [00:06<00:02,  1.83it/s][A
Training Epochs:  77%|███████▋  | 154/200 [19:42<06:51,  8.95s/it, -ELBO=0.7765, Potential Metric=0.1348, Entropy Metric=0.0525]

Epoch 154:  75%|███████▌  | 12/16 [00:06<00:02,  1.83it/s][A
Training Epochs:  77%|███████▋  | 154/200 [19:43<06:51,  8.95s/it, -ELBO=0.7551, Potential Metric=0.1484, Entropy Metric=0.0574]

Epoch 154:  81%|████████▏ | 13/16 [00:07<00:01,  1.82it/s][A
Training Epochs:  77%|███████▋  | 154/200 [19:43<06:51,  8.95s/it, -ELBO=0.7737, Potential Metric=0.1303, Entropy Metric=0.0556]

Epoch 154:  88%|████████▊ | 14/16 [00:07<00:01,  1.81it/s][A
Training Epochs:  77%|███████▋  | 154/200 [19:44<06:51,  8.95s/it, -ELBO=0.7836, Potential Metric=0.1255, Entropy Metric=0.0515]

Epoch 154:  94%|█████████▍| 15/16 [00:08<00:00,  1.81it/s][A
Training Epochs:  77%|███████▋  | 154/200 [19:44<06:51,  8.95s/it, -ELBO=0.7684, Potential Metric=0.1365, Entropy Metric=0.0545]

Epoch 154: 100%|██████████| 16/16 [00:08<00:00,  1.79it/s][A

                                                          [A
Training Epochs:  78%|███████▊  | 155/200 [19:44<06:43,  8.97s/it, -ELBO=0.7684, Potential Metric=0.1365, Entropy Metric=0.0545]

Epoch 155:   0%|          | 0/16 [00:00<?, ?it/s][A
Training Epochs:  78%|███████▊  | 155/200 [19:45<06:43,  8.97s/it, -ELBO=0.7548, Potential Metric=0.1278, Entropy Metric=0.0522]

Epoch 155:   6%|▋         | 1/16 [00:00<00:08,  1.72it/s][A
Training Epochs:  78%|███████▊  | 155/200 [19:45<06:43,  8.97s/it, -ELBO=0.7909, Potential Metric=0.1193, Entropy Metric=0.0532]

Epoch 155:  12%|█▎        | 2/16 [00:01<00:07,  1.83it/s][A
Training Epochs:  78%|███████▊  | 155/200 [19:46<06:43,  8.97s/it, -ELBO=0.7430, Potential Metric=0.1304, Entropy Metric=0.0514]

Epoch 155:  19%|█▉        | 3/16 [00:01<00:06,  1.88it/s][A
Training Epochs:  78%|███████▊  | 155/200 [19:46<06:43,  8.97s/it, -ELBO=0.7657, Potential Metric=0.1296, Entropy Metric=0.0499]

Epoch 155:  25%|██▌       | 4/16 [00:02<00:06,  1.97it/s][A
Training Epochs:  78%|███████▊  | 155/200 [19:47<06:43,  8.97s/it, -ELBO=0.7770, Potential Metric=0.1320, Entropy Metric=0.0490]

Epoch 155:  31%|███▏      | 5/16 [00:02<00:05,  1.91it/s][A
Training Epochs:  78%|███████▊  | 155/200 [19:48<06:43,  8.97s/it, -ELBO=0.7839, Potential Metric=0.1368, Entropy Metric=0.0514]

Epoch 155:  38%|███▊      | 6/16 [00:03<00:05,  1.91it/s][A
Training Epochs:  78%|███████▊  | 155/200 [19:48<06:43,  8.97s/it, -ELBO=0.7820, Potential Metric=0.1380, Entropy Metric=0.0525]

Epoch 155:  44%|████▍     | 7/16 [00:03<00:04,  1.87it/s][A
Training Epochs:  78%|███████▊  | 155/200 [19:49<06:43,  8.97s/it, -ELBO=0.7619, Potential Metric=0.1262, Entropy Metric=0.0507]

Epoch 155:  50%|█████     | 8/16 [00:04<00:04,  1.84it/s][A
Training Epochs:  78%|███████▊  | 155/200 [19:49<06:43,  8.97s/it, -ELBO=0.7576, Potential Metric=0.1305, Entropy Metric=0.0547]

Epoch 155:  56%|█████▋    | 9/16 [00:04<00:03,  1.78it/s][A
Training Epochs:  78%|███████▊  | 155/200 [19:50<06:43,  8.97s/it, -ELBO=0.7742, Potential Metric=0.1278, Entropy Metric=0.0514]

Epoch 155:  62%|██████▎   | 10/16 [00:05<00:03,  1.78it/s][A
Training Epochs:  78%|███████▊  | 155/200 [19:50<06:43,  8.97s/it, -ELBO=0.7671, Potential Metric=0.1235, Entropy Metric=0.0529]

Epoch 155:  69%|██████▉   | 11/16 [00:05<00:02,  1.82it/s][A
Training Epochs:  78%|███████▊  | 155/200 [19:51<06:43,  8.97s/it, -ELBO=0.7746, Potential Metric=0.1407, Entropy Metric=0.0579]

Epoch 155:  75%|███████▌  | 12/16 [00:06<00:02,  1.83it/s][A
Training Epochs:  78%|███████▊  | 155/200 [19:51<06:43,  8.97s/it, -ELBO=0.7630, Potential Metric=0.1384, Entropy Metric=0.0575]

Epoch 155:  81%|████████▏ | 13/16 [00:07<00:01,  1.86it/s][A
Training Epochs:  78%|███████▊  | 155/200 [19:52<06:43,  8.97s/it, -ELBO=0.7851, Potential Metric=0.1297, Entropy Metric=0.0556]

Epoch 155:  88%|████████▊ | 14/16 [00:07<00:01,  1.80it/s][A
Training Epochs:  78%|███████▊  | 155/200 [19:53<06:43,  8.97s/it, -ELBO=0.7777, Potential Metric=0.1200, Entropy Metric=0.0557]

Epoch 155:  94%|█████████▍| 15/16 [00:08<00:00,  1.77it/s][A
Training Epochs:  78%|███████▊  | 155/200 [19:53<06:43,  8.97s/it, -ELBO=0.7824, Potential Metric=0.1159, Entropy Metric=0.0491]

Epoch 155: 100%|██████████| 16/16 [00:08<00:00,  1.82it/s][A

                                                          [A
Training Epochs:  78%|███████▊  | 156/200 [19:53<06:32,  8.93s/it, -ELBO=0.7824, Potential Metric=0.1159, Entropy Metric=0.0491]

Epoch 156:   0%|          | 0/16 [00:00<?, ?it/s][A
Training Epochs:  78%|███████▊  | 156/200 [19:54<06:32,  8.93s/it, -ELBO=0.7700, Potential Metric=0.1207, Entropy Metric=0.0494]

Epoch 156:   6%|▋         | 1/16 [00:00<00:08,  1.77it/s][A
Training Epochs:  78%|███████▊  | 156/200 [19:54<06:32,  8.93s/it, -ELBO=0.7526, Potential Metric=0.1275, Entropy Metric=0.0565]

Epoch 156:  12%|█▎        | 2/16 [00:01<00:08,  1.73it/s][A
Training Epochs:  78%|███████▊  | 156/200 [19:55<06:32,  8.93s/it, -ELBO=0.7601, Potential Metric=0.1231, Entropy Metric=0.0564]

Epoch 156:  19%|█▉        | 3/16 [00:01<00:07,  1.77it/s][A
Training Epochs:  78%|███████▊  | 156/200 [19:55<06:32,  8.93s/it, -ELBO=0.7595, Potential Metric=0.1250, Entropy Metric=0.0531]

Epoch 156:  25%|██▌       | 4/16 [00:02<00:06,  1.81it/s][A
Training Epochs:  78%|███████▊  | 156/200 [19:56<06:32,  8.93s/it, -ELBO=0.7841, Potential Metric=0.1245, Entropy Metric=0.0519]

Epoch 156:  31%|███▏      | 5/16 [00:02<00:05,  1.86it/s][A
Training Epochs:  78%|███████▊  | 156/200 [19:56<06:32,  8.93s/it, -ELBO=0.7716, Potential Metric=0.1313, Entropy Metric=0.0508]

Epoch 156:  38%|███▊      | 6/16 [00:03<00:05,  1.83it/s][A
Training Epochs:  78%|███████▊  | 156/200 [19:57<06:32,  8.93s/it, -ELBO=0.7808, Potential Metric=0.1260, Entropy Metric=0.0530]

Epoch 156:  44%|████▍     | 7/16 [00:03<00:04,  1.80it/s][A
Training Epochs:  78%|███████▊  | 156/200 [19:58<06:32,  8.93s/it, -ELBO=0.7660, Potential Metric=0.1317, Entropy Metric=0.0534]

Epoch 156:  50%|█████     | 8/16 [00:04<00:04,  1.78it/s][A
Training Epochs:  78%|███████▊  | 156/200 [19:58<06:32,  8.93s/it, -ELBO=0.7608, Potential Metric=0.1374, Entropy Metric=0.0503]

Epoch 156:  56%|█████▋    | 9/16 [00:05<00:03,  1.77it/s][A
Training Epochs:  78%|███████▊  | 156/200 [19:59<06:32,  8.93s/it, -ELBO=0.7684, Potential Metric=0.1158, Entropy Metric=0.0521]

Epoch 156:  62%|██████▎   | 10/16 [00:05<00:03,  1.83it/s][A
Training Epochs:  78%|███████▊  | 156/200 [19:59<06:32,  8.93s/it, -ELBO=0.7851, Potential Metric=0.1259, Entropy Metric=0.0517]

Epoch 156:  69%|██████▉   | 11/16 [00:06<00:02,  1.83it/s][A
Training Epochs:  78%|███████▊  | 156/200 [20:00<06:32,  8.93s/it, -ELBO=0.7501, Potential Metric=0.1349, Entropy Metric=0.0565]

Epoch 156:  75%|███████▌  | 12/16 [00:06<00:02,  1.78it/s][A
Training Epochs:  78%|███████▊  | 156/200 [20:00<06:32,  8.93s/it, -ELBO=0.7582, Potential Metric=0.1238, Entropy Metric=0.0543]

Epoch 156:  81%|████████▏ | 13/16 [00:07<00:01,  1.80it/s][A
Training Epochs:  78%|███████▊  | 156/200 [20:01<06:32,  8.93s/it, -ELBO=0.7587, Potential Metric=0.1319, Entropy Metric=0.0526]

Epoch 156:  88%|████████▊ | 14/16 [00:07<00:01,  1.80it/s][A
Training Epochs:  78%|███████▊  | 156/200 [20:01<06:32,  8.93s/it, -ELBO=0.7792, Potential Metric=0.1186, Entropy Metric=0.0511]

Epoch 156:  94%|█████████▍| 15/16 [00:08<00:00,  1.85it/s][A
Training Epochs:  78%|███████▊  | 156/200 [20:02<06:32,  8.93s/it, -ELBO=0.7500, Potential Metric=0.1335, Entropy Metric=0.0554]

Epoch 156: 100%|██████████| 16/16 [00:08<00:00,  1.80it/s][A

                                                          [A
Training Epochs:  78%|███████▊  | 157/200 [20:02<06:23,  8.93s/it, -ELBO=0.7500, Potential Metric=0.1335, Entropy Metric=0.0554]

Epoch 157:   0%|          | 0/16 [00:00<?, ?it/s][A
Training Epochs:  78%|███████▊  | 157/200 [20:03<06:23,  8.93s/it, -ELBO=0.7637, Potential Metric=0.1282, Entropy Metric=0.0505]

Epoch 157:   6%|▋         | 1/16 [00:00<00:10,  1.42it/s][A
Training Epochs:  78%|███████▊  | 157/200 [20:03<06:23,  8.93s/it, -ELBO=0.7747, Potential Metric=0.1224, Entropy Metric=0.0531]

Epoch 157:  12%|█▎        | 2/16 [00:01<00:08,  1.62it/s][A
Training Epochs:  78%|███████▊  | 157/200 [20:04<06:23,  8.93s/it, -ELBO=0.7831, Potential Metric=0.1256, Entropy Metric=0.0525]

Epoch 157:  19%|█▉        | 3/16 [00:01<00:07,  1.70it/s][A
Training Epochs:  78%|███████▊  | 157/200 [20:04<06:23,  8.93s/it, -ELBO=0.7804, Potential Metric=0.1199, Entropy Metric=0.0498]

Epoch 157:  25%|██▌       | 4/16 [00:02<00:06,  1.73it/s][A
Training Epochs:  78%|███████▊  | 157/200 [20:05<06:23,  8.93s/it, -ELBO=0.7700, Potential Metric=0.1166, Entropy Metric=0.0489]

Epoch 157:  31%|███▏      | 5/16 [00:02<00:06,  1.74it/s][A
Training Epochs:  78%|███████▊  | 157/200 [20:06<06:23,  8.93s/it, -ELBO=0.7456, Potential Metric=0.1201, Entropy Metric=0.0498]

Epoch 157:  38%|███▊      | 6/16 [00:03<00:05,  1.78it/s][A
Training Epochs:  78%|███████▊  | 157/200 [20:06<06:23,  8.93s/it, -ELBO=0.7913, Potential Metric=0.1195, Entropy Metric=0.0497]

Epoch 157:  44%|████▍     | 7/16 [00:04<00:04,  1.80it/s][A
Training Epochs:  78%|███████▊  | 157/200 [20:07<06:23,  8.93s/it, -ELBO=0.7696, Potential Metric=0.1202, Entropy Metric=0.0504]

Epoch 157:  50%|█████     | 8/16 [00:04<00:04,  1.78it/s][A
Training Epochs:  78%|███████▊  | 157/200 [20:07<06:23,  8.93s/it, -ELBO=0.7516, Potential Metric=0.1363, Entropy Metric=0.0553]

Epoch 157:  56%|█████▋    | 9/16 [00:05<00:03,  1.78it/s][A
Training Epochs:  78%|███████▊  | 157/200 [20:08<06:23,  8.93s/it, -ELBO=0.7755, Potential Metric=0.1330, Entropy Metric=0.0525]

Epoch 157:  62%|██████▎   | 10/16 [00:05<00:03,  1.82it/s][A
Training Epochs:  78%|███████▊  | 157/200 [20:08<06:23,  8.93s/it, -ELBO=0.7703, Potential Metric=0.1422, Entropy Metric=0.0576]

Epoch 157:  69%|██████▉   | 11/16 [00:06<00:02,  1.80it/s][A
Training Epochs:  78%|███████▊  | 157/200 [20:09<06:23,  8.93s/it, -ELBO=0.7365, Potential Metric=0.1436, Entropy Metric=0.0577]

Epoch 157:  75%|███████▌  | 12/16 [00:06<00:02,  1.81it/s][A
Training Epochs:  78%|███████▊  | 157/200 [20:09<06:23,  8.93s/it, -ELBO=0.7461, Potential Metric=0.1240, Entropy Metric=0.0550]

Epoch 157:  81%|████████▏ | 13/16 [00:07<00:01,  1.82it/s][A
Training Epochs:  78%|███████▊  | 157/200 [20:10<06:23,  8.93s/it, -ELBO=0.7665, Potential Metric=0.1239, Entropy Metric=0.0516]

Epoch 157:  88%|████████▊ | 14/16 [00:07<00:01,  1.82it/s][A
Training Epochs:  78%|███████▊  | 157/200 [20:10<06:23,  8.93s/it, -ELBO=0.7502, Potential Metric=0.1289, Entropy Metric=0.0537]

Epoch 157:  94%|█████████▍| 15/16 [00:08<00:00,  1.82it/s][A
Training Epochs:  78%|███████▊  | 157/200 [20:11<06:23,  8.93s/it, -ELBO=0.7606, Potential Metric=0.1234, Entropy Metric=0.0532]

Epoch 157: 100%|██████████| 16/16 [00:08<00:00,  1.85it/s][A

                                                          [A
Training Epochs:  79%|███████▉  | 158/200 [20:11<06:15,  8.95s/it, -ELBO=0.7606, Potential Metric=0.1234, Entropy Metric=0.0532]

Epoch 158:   0%|          | 0/16 [00:00<?, ?it/s][A
Training Epochs:  79%|███████▉  | 158/200 [20:12<06:15,  8.95s/it, -ELBO=0.7714, Potential Metric=0.1176, Entropy Metric=0.0560]

Epoch 158:   6%|▋         | 1/16 [00:00<00:08,  1.72it/s][A
Training Epochs:  79%|███████▉  | 158/200 [20:12<06:15,  8.95s/it, -ELBO=0.7552, Potential Metric=0.1345, Entropy Metric=0.0547]

Epoch 158:  12%|█▎        | 2/16 [00:01<00:08,  1.69it/s][A
Training Epochs:  79%|███████▉  | 158/200 [20:13<06:15,  8.95s/it, -ELBO=0.7415, Potential Metric=0.1235, Entropy Metric=0.0510]

Epoch 158:  19%|█▉        | 3/16 [00:01<00:07,  1.70it/s][A
Training Epochs:  79%|███████▉  | 158/200 [20:13<06:15,  8.95s/it, -ELBO=0.7668, Potential Metric=0.1134, Entropy Metric=0.0568]

Epoch 158:  25%|██▌       | 4/16 [00:02<00:06,  1.75it/s][A
Training Epochs:  79%|███████▉  | 158/200 [20:14<06:15,  8.95s/it, -ELBO=0.7439, Potential Metric=0.1410, Entropy Metric=0.0557]

Epoch 158:  31%|███▏      | 5/16 [00:02<00:06,  1.75it/s][A
Training Epochs:  79%|███████▉  | 158/200 [20:14<06:15,  8.95s/it, -ELBO=0.7630, Potential Metric=0.1216, Entropy Metric=0.0528]

Epoch 158:  38%|███▊      | 6/16 [00:03<00:05,  1.83it/s][A
Training Epochs:  79%|███████▉  | 158/200 [20:15<06:15,  8.95s/it, -ELBO=0.7598, Potential Metric=0.1347, Entropy Metric=0.0528]

Epoch 158:  44%|████▍     | 7/16 [00:03<00:05,  1.79it/s][A
Training Epochs:  79%|███████▉  | 158/200 [20:16<06:15,  8.95s/it, -ELBO=0.7486, Potential Metric=0.1218, Entropy Metric=0.0523]

Epoch 158:  50%|█████     | 8/16 [00:04<00:04,  1.79it/s][A
Training Epochs:  79%|███████▉  | 158/200 [20:16<06:15,  8.95s/it, -ELBO=0.7605, Potential Metric=0.1254, Entropy Metric=0.0529]

Epoch 158:  56%|█████▋    | 9/16 [00:05<00:03,  1.79it/s][A
Training Epochs:  79%|███████▉  | 158/200 [20:17<06:15,  8.95s/it, -ELBO=0.7548, Potential Metric=0.1237, Entropy Metric=0.0552]

Epoch 158:  62%|██████▎   | 10/16 [00:05<00:03,  1.82it/s][A
Training Epochs:  79%|███████▉  | 158/200 [20:17<06:15,  8.95s/it, -ELBO=0.7491, Potential Metric=0.1325, Entropy Metric=0.0575]

Epoch 158:  69%|██████▉   | 11/16 [00:06<00:02,  1.86it/s][A
Training Epochs:  79%|███████▉  | 158/200 [20:18<06:15,  8.95s/it, -ELBO=0.7707, Potential Metric=0.1265, Entropy Metric=0.0548]

Epoch 158:  75%|███████▌  | 12/16 [00:06<00:02,  1.87it/s][A
Training Epochs:  79%|███████▉  | 158/200 [20:18<06:15,  8.95s/it, -ELBO=0.7594, Potential Metric=0.1201, Entropy Metric=0.0507]

Epoch 158:  81%|████████▏ | 13/16 [00:07<00:01,  1.84it/s][A
Training Epochs:  79%|███████▉  | 158/200 [20:19<06:15,  8.95s/it, -ELBO=0.7534, Potential Metric=0.1369, Entropy Metric=0.0562]

Epoch 158:  88%|████████▊ | 14/16 [00:07<00:01,  1.86it/s][A
Training Epochs:  79%|███████▉  | 158/200 [20:19<06:15,  8.95s/it, -ELBO=0.7398, Potential Metric=0.1386, Entropy Metric=0.0570]

Epoch 158:  94%|█████████▍| 15/16 [00:08<00:00,  1.84it/s][A
Training Epochs:  79%|███████▉  | 158/200 [20:20<06:15,  8.95s/it, -ELBO=0.7600, Potential Metric=0.1252, Entropy Metric=0.0556]

Epoch 158: 100%|██████████| 16/16 [00:08<00:00,  1.88it/s][A

                                                          [A
Training Epochs:  80%|███████▉  | 159/200 [20:20<06:06,  8.94s/it, -ELBO=0.7600, Potential Metric=0.1252, Entropy Metric=0.0556]

Epoch 159:   0%|          | 0/16 [00:00<?, ?it/s][A
Training Epochs:  80%|███████▉  | 159/200 [20:21<06:06,  8.94s/it, -ELBO=0.7519, Potential Metric=0.1398, Entropy Metric=0.0552]

Epoch 159:   6%|▋         | 1/16 [00:00<00:08,  1.78it/s][A
Training Epochs:  80%|███████▉  | 159/200 [20:21<06:06,  8.94s/it, -ELBO=0.7550, Potential Metric=0.1186, Entropy Metric=0.0510]

Epoch 159:  12%|█▎        | 2/16 [00:01<00:07,  1.79it/s][A
Training Epochs:  80%|███████▉  | 159/200 [20:22<06:06,  8.94s/it, -ELBO=0.7510, Potential Metric=0.1313, Entropy Metric=0.0527]

Epoch 159:  19%|█▉        | 3/16 [00:01<00:07,  1.76it/s][A
Training Epochs:  80%|███████▉  | 159/200 [20:22<06:06,  8.94s/it, -ELBO=0.7521, Potential Metric=0.1296, Entropy Metric=0.0544]

Epoch 159:  25%|██▌       | 4/16 [00:02<00:06,  1.79it/s][A
Training Epochs:  80%|███████▉  | 159/200 [20:23<06:06,  8.94s/it, -ELBO=0.7216, Potential Metric=0.1402, Entropy Metric=0.0530]

Epoch 159:  31%|███▏      | 5/16 [00:02<00:06,  1.75it/s][A
Training Epochs:  80%|███████▉  | 159/200 [20:23<06:06,  8.94s/it, -ELBO=0.7571, Potential Metric=0.1213, Entropy Metric=0.0549]

Epoch 159:  38%|███▊      | 6/16 [00:03<00:05,  1.78it/s][A
Training Epochs:  80%|███████▉  | 159/200 [20:24<06:06,  8.94s/it, -ELBO=0.7546, Potential Metric=0.1318, Entropy Metric=0.0489]

Epoch 159:  44%|████▍     | 7/16 [00:03<00:05,  1.77it/s][A
Training Epochs:  80%|███████▉  | 159/200 [20:25<06:06,  8.94s/it, -ELBO=0.7476, Potential Metric=0.1302, Entropy Metric=0.0556]

Epoch 159:  50%|█████     | 8/16 [00:04<00:04,  1.78it/s][A
Training Epochs:  80%|███████▉  | 159/200 [20:25<06:06,  8.94s/it, -ELBO=0.7768, Potential Metric=0.1210, Entropy Metric=0.0529]

Epoch 159:  56%|█████▋    | 9/16 [00:05<00:03,  1.78it/s][A
Training Epochs:  80%|███████▉  | 159/200 [20:26<06:06,  8.94s/it, -ELBO=0.7634, Potential Metric=0.1211, Entropy Metric=0.0531]

Epoch 159:  62%|██████▎   | 10/16 [00:05<00:03,  1.76it/s][A
Training Epochs:  80%|███████▉  | 159/200 [20:26<06:06,  8.94s/it, -ELBO=0.7524, Potential Metric=0.1226, Entropy Metric=0.0524]

Epoch 159:  69%|██████▉   | 11/16 [00:06<00:02,  1.67it/s][A
Training Epochs:  80%|███████▉  | 159/200 [20:27<06:06,  8.94s/it, -ELBO=0.7712, Potential Metric=0.1214, Entropy Metric=0.0525]

Epoch 159:  75%|███████▌  | 12/16 [00:06<00:02,  1.71it/s][A
Training Epochs:  80%|███████▉  | 159/200 [20:27<06:06,  8.94s/it, -ELBO=0.7550, Potential Metric=0.1243, Entropy Metric=0.0527]

Epoch 159:  81%|████████▏ | 13/16 [00:07<00:01,  1.76it/s][A
Training Epochs:  80%|███████▉  | 159/200 [20:28<06:06,  8.94s/it, -ELBO=0.7519, Potential Metric=0.1294, Entropy Metric=0.0524]

Epoch 159:  88%|████████▊ | 14/16 [00:07<00:01,  1.80it/s][A
Training Epochs:  80%|███████▉  | 159/200 [20:29<06:06,  8.94s/it, -ELBO=0.7556, Potential Metric=0.1432, Entropy Metric=0.0575]

Epoch 159:  94%|█████████▍| 15/16 [00:08<00:00,  1.76it/s][A
Training Epochs:  80%|███████▉  | 159/200 [20:29<06:06,  8.94s/it, -ELBO=0.7556, Potential Metric=0.1270, Entropy Metric=0.0533]

Epoch 159: 100%|██████████| 16/16 [00:09<00:00,  1.75it/s][A

                                                          [A
Training Epochs:  80%|████████  | 160/200 [20:29<06:00,  9.01s/it, -ELBO=0.7556, Potential Metric=0.1270, Entropy Metric=0.0533]

Epoch 160:   0%|          | 0/16 [00:00<?, ?it/s][A
Training Epochs:  80%|████████  | 160/200 [20:30<06:00,  9.01s/it, -ELBO=0.7471, Potential Metric=0.1334, Entropy Metric=0.0564]

Epoch 160:   6%|▋         | 1/16 [00:00<00:09,  1.59it/s][A
Training Epochs:  80%|████████  | 160/200 [20:30<06:00,  9.01s/it, -ELBO=0.7515, Potential Metric=0.1417, Entropy Metric=0.0581]

Epoch 160:  12%|█▎        | 2/16 [00:01<00:08,  1.74it/s][A
Training Epochs:  80%|████████  | 160/200 [20:31<06:00,  9.01s/it, -ELBO=0.7620, Potential Metric=0.1322, Entropy Metric=0.0581]

Epoch 160:  19%|█▉        | 3/16 [00:01<00:07,  1.75it/s][A
Training Epochs:  80%|████████  | 160/200 [20:31<06:00,  9.01s/it, -ELBO=0.7518, Potential Metric=0.1301, Entropy Metric=0.0539]

Epoch 160:  25%|██▌       | 4/16 [00:02<00:06,  1.76it/s][A
Training Epochs:  80%|████████  | 160/200 [20:32<06:00,  9.01s/it, -ELBO=0.7613, Potential Metric=0.1344, Entropy Metric=0.0565]

Epoch 160:  31%|███▏      | 5/16 [00:02<00:06,  1.74it/s][A
Training Epochs:  80%|████████  | 160/200 [20:33<06:00,  9.01s/it, -ELBO=0.7461, Potential Metric=0.1268, Entropy Metric=0.0548]

Epoch 160:  38%|███▊      | 6/16 [00:03<00:05,  1.79it/s][A
Training Epochs:  80%|████████  | 160/200 [20:33<06:00,  9.01s/it, -ELBO=0.7398, Potential Metric=0.1385, Entropy Metric=0.0600]

Epoch 160:  44%|████▍     | 7/16 [00:03<00:05,  1.78it/s][A
Training Epochs:  80%|████████  | 160/200 [20:34<06:00,  9.01s/it, -ELBO=0.7556, Potential Metric=0.1205, Entropy Metric=0.0520]

Epoch 160:  50%|█████     | 8/16 [00:04<00:04,  1.79it/s][A
Training Epochs:  80%|████████  | 160/200 [20:34<06:00,  9.01s/it, -ELBO=0.7420, Potential Metric=0.1361, Entropy Metric=0.0548]

Epoch 160:  56%|█████▋    | 9/16 [00:05<00:04,  1.73it/s][A
Training Epochs:  80%|████████  | 160/200 [20:35<06:00,  9.01s/it, -ELBO=0.7429, Potential Metric=0.1197, Entropy Metric=0.0524]

Epoch 160:  62%|██████▎   | 10/16 [00:05<00:03,  1.69it/s][A
Training Epochs:  80%|████████  | 160/200 [20:35<06:00,  9.01s/it, -ELBO=0.7390, Potential Metric=0.1333, Entropy Metric=0.0508]

Epoch 160:  69%|██████▉   | 11/16 [00:06<00:02,  1.73it/s][A
Training Epochs:  80%|████████  | 160/200 [20:36<06:00,  9.01s/it, -ELBO=0.7635, Potential Metric=0.1229, Entropy Metric=0.0523]

Epoch 160:  75%|███████▌  | 12/16 [00:06<00:02,  1.77it/s][A
Training Epochs:  80%|████████  | 160/200 [20:37<06:00,  9.01s/it, -ELBO=0.7506, Potential Metric=0.1352, Entropy Metric=0.0517]

Epoch 160:  81%|████████▏ | 13/16 [00:07<00:01,  1.77it/s][A
Training Epochs:  80%|████████  | 160/200 [20:37<06:00,  9.01s/it, -ELBO=0.7387, Potential Metric=0.1326, Entropy Metric=0.0540]

Epoch 160:  88%|████████▊ | 14/16 [00:07<00:01,  1.76it/s][A
Training Epochs:  80%|████████  | 160/200 [20:38<06:00,  9.01s/it, -ELBO=0.7619, Potential Metric=0.1237, Entropy Metric=0.0490]

Epoch 160:  94%|█████████▍| 15/16 [00:08<00:00,  1.80it/s][A
Training Epochs:  80%|████████  | 160/200 [20:38<06:00,  9.01s/it, -ELBO=0.7525, Potential Metric=0.1304, Entropy Metric=0.0503]

Epoch 160: 100%|██████████| 16/16 [00:09<00:00,  1.81it/s][A

                                                          [A
Training Epochs:  80%|████████  | 161/200 [20:38<05:52,  9.04s/it, -ELBO=0.7525, Potential Metric=0.1304, Entropy Metric=0.0503]

Epoch 161:   0%|          | 0/16 [00:00<?, ?it/s][A
Training Epochs:  80%|████████  | 161/200 [20:39<05:52,  9.04s/it, -ELBO=0.7434, Potential Metric=0.1380, Entropy Metric=0.0537]

Epoch 161:   6%|▋         | 1/16 [00:00<00:09,  1.60it/s][A
Training Epochs:  80%|████████  | 161/200 [20:40<05:52,  9.04s/it, -ELBO=0.7510, Potential Metric=0.1351, Entropy Metric=0.0542]

Epoch 161:  12%|█▎        | 2/16 [00:01<00:08,  1.68it/s][A
Training Epochs:  80%|████████  | 161/200 [20:40<05:52,  9.04s/it, -ELBO=0.7580, Potential Metric=0.1287, Entropy Metric=0.0539]

Epoch 161:  19%|█▉        | 3/16 [00:01<00:08,  1.60it/s][A
Training Epochs:  80%|████████  | 161/200 [20:41<05:52,  9.04s/it, -ELBO=0.7555, Potential Metric=0.1232, Entropy Metric=0.0509]

Epoch 161:  25%|██▌       | 4/16 [00:02<00:07,  1.69it/s][A
Training Epochs:  80%|████████  | 161/200 [20:41<05:52,  9.04s/it, -ELBO=0.7358, Potential Metric=0.1334, Entropy Metric=0.0553]

Epoch 161:  31%|███▏      | 5/16 [00:02<00:06,  1.76it/s][A
Training Epochs:  80%|████████  | 161/200 [20:42<05:52,  9.04s/it, -ELBO=0.7472, Potential Metric=0.1208, Entropy Metric=0.0527]

Epoch 161:  38%|███▊      | 6/16 [00:03<00:05,  1.81it/s][A
Training Epochs:  80%|████████  | 161/200 [20:42<05:52,  9.04s/it, -ELBO=0.7453, Potential Metric=0.1259, Entropy Metric=0.0533]

Epoch 161:  44%|████▍     | 7/16 [00:04<00:05,  1.79it/s][A
Training Epochs:  80%|████████  | 161/200 [20:43<05:52,  9.04s/it, -ELBO=0.7533, Potential Metric=0.1308, Entropy Metric=0.0566]

Epoch 161:  50%|█████     | 8/16 [00:04<00:04,  1.76it/s][A
Training Epochs:  80%|████████  | 161/200 [20:44<05:52,  9.04s/it, -ELBO=0.7486, Potential Metric=0.1410, Entropy Metric=0.0542]

Epoch 161:  56%|█████▋    | 9/16 [00:05<00:04,  1.75it/s][A
Training Epochs:  80%|████████  | 161/200 [20:44<05:52,  9.04s/it, -ELBO=0.7249, Potential Metric=0.1354, Entropy Metric=0.0538]

Epoch 161:  62%|██████▎   | 10/16 [00:05<00:03,  1.82it/s][A
Training Epochs:  80%|████████  | 161/200 [20:45<05:52,  9.04s/it, -ELBO=0.7554, Potential Metric=0.1304, Entropy Metric=0.0564]

Epoch 161:  69%|██████▉   | 11/16 [00:06<00:02,  1.80it/s][A
Training Epochs:  80%|████████  | 161/200 [20:45<05:52,  9.04s/it, -ELBO=0.7490, Potential Metric=0.1252, Entropy Metric=0.0510]

Epoch 161:  75%|███████▌  | 12/16 [00:06<00:02,  1.82it/s][A
Training Epochs:  80%|████████  | 161/200 [20:46<05:52,  9.04s/it, -ELBO=0.7403, Potential Metric=0.1471, Entropy Metric=0.0541]

Epoch 161:  81%|████████▏ | 13/16 [00:07<00:01,  1.87it/s][A
Training Epochs:  80%|████████  | 161/200 [20:46<05:52,  9.04s/it, -ELBO=0.7500, Potential Metric=0.1355, Entropy Metric=0.0569]

Epoch 161:  88%|████████▊ | 14/16 [00:07<00:01,  1.82it/s][A
Training Epochs:  80%|████████  | 161/200 [20:47<05:52,  9.04s/it, -ELBO=0.7311, Potential Metric=0.1416, Entropy Metric=0.0552]

Epoch 161:  94%|█████████▍| 15/16 [00:08<00:00,  1.80it/s][A
Training Epochs:  80%|████████  | 161/200 [20:47<05:52,  9.04s/it, -ELBO=0.7255, Potential Metric=0.1380, Entropy Metric=0.0552]

Epoch 161: 100%|██████████| 16/16 [00:09<00:00,  1.76it/s][A

                                                          [A
Training Epochs:  81%|████████  | 162/200 [20:47<05:44,  9.07s/it, -ELBO=0.7255, Potential Metric=0.1380, Entropy Metric=0.0552]

Epoch 162:   0%|          | 0/16 [00:00<?, ?it/s][A
Training Epochs:  81%|████████  | 162/200 [20:48<05:44,  9.07s/it, -ELBO=0.7294, Potential Metric=0.1226, Entropy Metric=0.0520]

Epoch 162:   6%|▋         | 1/16 [00:00<00:08,  1.76it/s][A
Training Epochs:  81%|████████  | 162/200 [20:49<05:44,  9.07s/it, -ELBO=0.7329, Potential Metric=0.1349, Entropy Metric=0.0513]

Epoch 162:  12%|█▎        | 2/16 [00:01<00:07,  1.85it/s][A
Training Epochs:  81%|████████  | 162/200 [20:49<05:44,  9.07s/it, -ELBO=0.7317, Potential Metric=0.1425, Entropy Metric=0.0517]

Epoch 162:  19%|█▉        | 3/16 [00:01<00:07,  1.81it/s][A
Training Epochs:  81%|████████  | 162/200 [20:50<05:44,  9.07s/it, -ELBO=0.7545, Potential Metric=0.1231, Entropy Metric=0.0529]

Epoch 162:  25%|██▌       | 4/16 [00:02<00:06,  1.76it/s][A
Training Epochs:  81%|████████  | 162/200 [20:50<05:44,  9.07s/it, -ELBO=0.7559, Potential Metric=0.1271, Entropy Metric=0.0533]

Epoch 162:  31%|███▏      | 5/16 [00:02<00:06,  1.78it/s][A
Training Epochs:  81%|████████  | 162/200 [20:51<05:44,  9.07s/it, -ELBO=0.7391, Potential Metric=0.1276, Entropy Metric=0.0515]

Epoch 162:  38%|███▊      | 6/16 [00:03<00:05,  1.74it/s][A
Training Epochs:  81%|████████  | 162/200 [20:52<05:44,  9.07s/it, -ELBO=0.7344, Potential Metric=0.1352, Entropy Metric=0.0549]

Epoch 162:  44%|████▍     | 7/16 [00:04<00:05,  1.62it/s][A
Training Epochs:  81%|████████  | 162/200 [20:52<05:44,  9.07s/it, -ELBO=0.7309, Potential Metric=0.1349, Entropy Metric=0.0541]

Epoch 162:  50%|█████     | 8/16 [00:04<00:04,  1.73it/s][A
Training Epochs:  81%|████████  | 162/200 [20:53<05:44,  9.07s/it, -ELBO=0.7598, Potential Metric=0.1204, Entropy Metric=0.0505]

Epoch 162:  56%|█████▋    | 9/16 [00:05<00:03,  1.76it/s][A
Training Epochs:  81%|████████  | 162/200 [20:53<05:44,  9.07s/it, -ELBO=0.7277, Potential Metric=0.1381, Entropy Metric=0.0529]

Epoch 162:  62%|██████▎   | 10/16 [00:05<00:03,  1.77it/s][A
Training Epochs:  81%|████████  | 162/200 [20:54<05:44,  9.07s/it, -ELBO=0.7345, Potential Metric=0.1287, Entropy Metric=0.0529]

Epoch 162:  69%|██████▉   | 11/16 [00:06<00:02,  1.76it/s][A
Training Epochs:  81%|████████  | 162/200 [20:54<05:44,  9.07s/it, -ELBO=0.7609, Potential Metric=0.1202, Entropy Metric=0.0514]

Epoch 162:  75%|███████▌  | 12/16 [00:06<00:02,  1.78it/s][A
Training Epochs:  81%|████████  | 162/200 [20:55<05:44,  9.07s/it, -ELBO=0.7293, Potential Metric=0.1542, Entropy Metric=0.0580]

Epoch 162:  81%|████████▏ | 13/16 [00:07<00:01,  1.78it/s][A
Training Epochs:  81%|████████  | 162/200 [20:55<05:44,  9.07s/it, -ELBO=0.7394, Potential Metric=0.1295, Entropy Metric=0.0484]

Epoch 162:  88%|████████▊ | 14/16 [00:07<00:01,  1.81it/s][A
Training Epochs:  81%|████████  | 162/200 [20:56<05:44,  9.07s/it, -ELBO=0.7373, Potential Metric=0.1295, Entropy Metric=0.0541]

Epoch 162:  94%|█████████▍| 15/16 [00:08<00:00,  1.86it/s][A
Training Epochs:  81%|████████  | 162/200 [20:56<05:44,  9.07s/it, -ELBO=0.7408, Potential Metric=0.1322, Entropy Metric=0.0537]

Epoch 162: 100%|██████████| 16/16 [00:08<00:00,  1.82it/s][A

                                                          [A
Training Epochs:  82%|████████▏ | 163/200 [20:56<05:36,  9.09s/it, -ELBO=0.7408, Potential Metric=0.1322, Entropy Metric=0.0537]

Epoch 163:   0%|          | 0/16 [00:00<?, ?it/s][A
Training Epochs:  82%|████████▏ | 163/200 [20:57<05:36,  9.09s/it, -ELBO=0.7330, Potential Metric=0.1425, Entropy Metric=0.0547]

Epoch 163:   6%|▋         | 1/16 [00:00<00:08,  1.71it/s][A
Training Epochs:  82%|████████▏ | 163/200 [20:58<05:36,  9.09s/it, -ELBO=0.7304, Potential Metric=0.1349, Entropy Metric=0.0562]

Epoch 163:  12%|█▎        | 2/16 [00:01<00:08,  1.74it/s][A
Training Epochs:  82%|████████▏ | 163/200 [20:58<05:36,  9.09s/it, -ELBO=0.7333, Potential Metric=0.1263, Entropy Metric=0.0537]

Epoch 163:  19%|█▉        | 3/16 [00:01<00:06,  1.86it/s][A
Training Epochs:  82%|████████▏ | 163/200 [20:59<05:36,  9.09s/it, -ELBO=0.7395, Potential Metric=0.1221, Entropy Metric=0.0509]

Epoch 163:  25%|██▌       | 4/16 [00:02<00:06,  1.88it/s][A
Training Epochs:  82%|████████▏ | 163/200 [20:59<05:36,  9.09s/it, -ELBO=0.7249, Potential Metric=0.1410, Entropy Metric=0.0583]

Epoch 163:  31%|███▏      | 5/16 [00:02<00:06,  1.73it/s][A
Training Epochs:  82%|████████▏ | 163/200 [21:00<05:36,  9.09s/it, -ELBO=0.7429, Potential Metric=0.1310, Entropy Metric=0.0549]

Epoch 163:  38%|███▊      | 6/16 [00:03<00:05,  1.75it/s][A
Training Epochs:  82%|████████▏ | 163/200 [21:01<05:36,  9.09s/it, -ELBO=0.7403, Potential Metric=0.1245, Entropy Metric=0.0563]

Epoch 163:  44%|████▍     | 7/16 [00:03<00:05,  1.72it/s][A
Training Epochs:  82%|████████▏ | 163/200 [21:01<05:36,  9.09s/it, -ELBO=0.7394, Potential Metric=0.1263, Entropy Metric=0.0585]

Epoch 163:  50%|█████     | 8/16 [00:04<00:04,  1.75it/s][A
Training Epochs:  82%|████████▏ | 163/200 [21:02<05:36,  9.09s/it, -ELBO=0.7429, Potential Metric=0.1247, Entropy Metric=0.0590]

Epoch 163:  56%|█████▋    | 9/16 [00:05<00:04,  1.74it/s][A
Training Epochs:  82%|████████▏ | 163/200 [21:02<05:36,  9.09s/it, -ELBO=0.7390, Potential Metric=0.1382, Entropy Metric=0.0590]

Epoch 163:  62%|██████▎   | 10/16 [00:05<00:03,  1.77it/s][A
Training Epochs:  82%|████████▏ | 163/200 [21:03<05:36,  9.09s/it, -ELBO=0.7336, Potential Metric=0.1295, Entropy Metric=0.0569]

Epoch 163:  69%|██████▉   | 11/16 [00:06<00:02,  1.81it/s][A
Training Epochs:  82%|████████▏ | 163/200 [21:03<05:36,  9.09s/it, -ELBO=0.7507, Potential Metric=0.1168, Entropy Metric=0.0525]

Epoch 163:  75%|███████▌  | 12/16 [00:06<00:02,  1.86it/s][A
Training Epochs:  82%|████████▏ | 163/200 [21:04<05:36,  9.09s/it, -ELBO=0.7246, Potential Metric=0.1323, Entropy Metric=0.0536]

Epoch 163:  81%|████████▏ | 13/16 [00:07<00:01,  1.87it/s][A
Training Epochs:  82%|████████▏ | 163/200 [21:04<05:36,  9.09s/it, -ELBO=0.7372, Potential Metric=0.1455, Entropy Metric=0.0563]

Epoch 163:  88%|████████▊ | 14/16 [00:07<00:01,  1.84it/s][A
Training Epochs:  82%|████████▏ | 163/200 [21:05<05:36,  9.09s/it, -ELBO=0.7320, Potential Metric=0.1427, Entropy Metric=0.0520]

Epoch 163:  94%|█████████▍| 15/16 [00:08<00:00,  1.88it/s][A
Training Epochs:  82%|████████▏ | 163/200 [21:05<05:36,  9.09s/it, -ELBO=0.7383, Potential Metric=0.1450, Entropy Metric=0.0563]

Epoch 163: 100%|██████████| 16/16 [00:08<00:00,  1.89it/s][A

                                                          [A
Training Epochs:  82%|████████▏ | 164/200 [21:05<05:25,  9.05s/it, -ELBO=0.7383, Potential Metric=0.1450, Entropy Metric=0.0563]

Epoch 164:   0%|          | 0/16 [00:00<?, ?it/s][A
Training Epochs:  82%|████████▏ | 164/200 [21:06<05:25,  9.05s/it, -ELBO=0.7227, Potential Metric=0.1339, Entropy Metric=0.0560]

Epoch 164:   6%|▋         | 1/16 [00:00<00:09,  1.62it/s][A
Training Epochs:  82%|████████▏ | 164/200 [21:07<05:25,  9.05s/it, -ELBO=0.7141, Potential Metric=0.1428, Entropy Metric=0.0580]

Epoch 164:  12%|█▎        | 2/16 [00:01<00:08,  1.68it/s][A
Training Epochs:  82%|████████▏ | 164/200 [21:07<05:25,  9.05s/it, -ELBO=0.7394, Potential Metric=0.1313, Entropy Metric=0.0556]

Epoch 164:  19%|█▉        | 3/16 [00:01<00:07,  1.75it/s][A
Training Epochs:  82%|████████▏ | 164/200 [21:08<05:25,  9.05s/it, -ELBO=0.7267, Potential Metric=0.1351, Entropy Metric=0.0546]

Epoch 164:  25%|██▌       | 4/16 [00:02<00:06,  1.80it/s][A
Training Epochs:  82%|████████▏ | 164/200 [21:08<05:25,  9.05s/it, -ELBO=0.7469, Potential Metric=0.1091, Entropy Metric=0.0536]

Epoch 164:  31%|███▏      | 5/16 [00:02<00:06,  1.80it/s][A
Training Epochs:  82%|████████▏ | 164/200 [21:09<05:25,  9.05s/it, -ELBO=0.7267, Potential Metric=0.1265, Entropy Metric=0.0529]

Epoch 164:  38%|███▊      | 6/16 [00:03<00:05,  1.80it/s][A
Training Epochs:  82%|████████▏ | 164/200 [21:09<05:25,  9.05s/it, -ELBO=0.7278, Potential Metric=0.1369, Entropy Metric=0.0583]

Epoch 164:  44%|████▍     | 7/16 [00:03<00:05,  1.79it/s][A
Training Epochs:  82%|████████▏ | 164/200 [21:10<05:25,  9.05s/it, -ELBO=0.7496, Potential Metric=0.1279, Entropy Metric=0.0618]

Epoch 164:  50%|█████     | 8/16 [00:04<00:04,  1.80it/s][A
Training Epochs:  82%|████████▏ | 164/200 [21:11<05:25,  9.05s/it, -ELBO=0.7329, Potential Metric=0.1364, Entropy Metric=0.0569]

Epoch 164:  56%|█████▋    | 9/16 [00:05<00:03,  1.78it/s][A
Training Epochs:  82%|████████▏ | 164/200 [21:11<05:25,  9.05s/it, -ELBO=0.7479, Potential Metric=0.1148, Entropy Metric=0.0558]

Epoch 164:  62%|██████▎   | 10/16 [00:05<00:03,  1.82it/s][A
Training Epochs:  82%|████████▏ | 164/200 [21:12<05:25,  9.05s/it, -ELBO=0.7236, Potential Metric=0.1344, Entropy Metric=0.0531]

Epoch 164:  69%|██████▉   | 11/16 [00:06<00:02,  1.81it/s][A
Training Epochs:  82%|████████▏ | 164/200 [21:12<05:25,  9.05s/it, -ELBO=0.7304, Potential Metric=0.1316, Entropy Metric=0.0561]

Epoch 164:  75%|███████▌  | 12/16 [00:06<00:02,  1.87it/s][A
Training Epochs:  82%|████████▏ | 164/200 [21:13<05:25,  9.05s/it, -ELBO=0.7360, Potential Metric=0.1198, Entropy Metric=0.0513]

Epoch 164:  81%|████████▏ | 13/16 [00:07<00:01,  1.84it/s][A
Training Epochs:  82%|████████▏ | 164/200 [21:13<05:25,  9.05s/it, -ELBO=0.7291, Potential Metric=0.1225, Entropy Metric=0.0546]

Epoch 164:  88%|████████▊ | 14/16 [00:07<00:01,  1.83it/s][A
Training Epochs:  82%|████████▏ | 164/200 [21:14<05:25,  9.05s/it, -ELBO=0.7357, Potential Metric=0.1350, Entropy Metric=0.0562]

Epoch 164:  94%|█████████▍| 15/16 [00:08<00:00,  1.73it/s][A
Training Epochs:  82%|████████▏ | 164/200 [21:15<05:25,  9.05s/it, -ELBO=0.7232, Potential Metric=0.1411, Entropy Metric=0.0546]

Epoch 164: 100%|██████████| 16/16 [00:09<00:00,  1.71it/s][A

                                                          [A
Training Epochs:  82%|████████▎ | 165/200 [21:15<05:17,  9.07s/it, -ELBO=0.7232, Potential Metric=0.1411, Entropy Metric=0.0546]

Epoch 165:   0%|          | 0/16 [00:00<?, ?it/s][A
Training Epochs:  82%|████████▎ | 165/200 [21:15<05:17,  9.07s/it, -ELBO=0.7381, Potential Metric=0.1462, Entropy Metric=0.0561]

Epoch 165:   6%|▋         | 1/16 [00:00<00:09,  1.66it/s][A
Training Epochs:  82%|████████▎ | 165/200 [21:16<05:17,  9.07s/it, -ELBO=0.7434, Potential Metric=0.1291, Entropy Metric=0.0581]

Epoch 165:  12%|█▎        | 2/16 [00:01<00:07,  1.81it/s][A
Training Epochs:  82%|████████▎ | 165/200 [21:16<05:17,  9.07s/it, -ELBO=0.7397, Potential Metric=0.1433, Entropy Metric=0.0602]

Epoch 165:  19%|█▉        | 3/16 [00:01<00:07,  1.75it/s][A
Training Epochs:  82%|████████▎ | 165/200 [21:17<05:17,  9.07s/it, -ELBO=0.7220, Potential Metric=0.1469, Entropy Metric=0.0595]

Epoch 165:  25%|██▌       | 4/16 [00:02<00:06,  1.80it/s][A
Training Epochs:  82%|████████▎ | 165/200 [21:17<05:17,  9.07s/it, -ELBO=0.7436, Potential Metric=0.1362, Entropy Metric=0.0592]

Epoch 165:  31%|███▏      | 5/16 [00:02<00:06,  1.77it/s][A
Training Epochs:  82%|████████▎ | 165/200 [21:18<05:17,  9.07s/it, -ELBO=0.7385, Potential Metric=0.1279, Entropy Metric=0.0576]

Epoch 165:  38%|███▊      | 6/16 [00:03<00:05,  1.83it/s][A
Training Epochs:  82%|████████▎ | 165/200 [21:19<05:17,  9.07s/it, -ELBO=0.7252, Potential Metric=0.1419, Entropy Metric=0.0561]

Epoch 165:  44%|████▍     | 7/16 [00:03<00:05,  1.79it/s][A
Training Epochs:  82%|████████▎ | 165/200 [21:19<05:17,  9.07s/it, -ELBO=0.7107, Potential Metric=0.1309, Entropy Metric=0.0536]

Epoch 165:  50%|█████     | 8/16 [00:04<00:04,  1.77it/s][A
Training Epochs:  82%|████████▎ | 165/200 [21:20<05:17,  9.07s/it, -ELBO=0.7380, Potential Metric=0.1347, Entropy Metric=0.0551]

Epoch 165:  56%|█████▋    | 9/16 [00:05<00:03,  1.80it/s][A
Training Epochs:  82%|████████▎ | 165/200 [21:20<05:17,  9.07s/it, -ELBO=0.7397, Potential Metric=0.1333, Entropy Metric=0.0567]

Epoch 165:  62%|██████▎   | 10/16 [00:05<00:03,  1.79it/s][A
Training Epochs:  82%|████████▎ | 165/200 [21:21<05:17,  9.07s/it, -ELBO=0.7128, Potential Metric=0.1548, Entropy Metric=0.0595]

Epoch 165:  69%|██████▉   | 11/16 [00:06<00:02,  1.79it/s][A
Training Epochs:  82%|████████▎ | 165/200 [21:21<05:17,  9.07s/it, -ELBO=0.7150, Potential Metric=0.1259, Entropy Metric=0.0547]

Epoch 165:  75%|███████▌  | 12/16 [00:06<00:02,  1.84it/s][A
Training Epochs:  82%|████████▎ | 165/200 [21:22<05:17,  9.07s/it, -ELBO=0.7107, Potential Metric=0.1401, Entropy Metric=0.0599]

Epoch 165:  81%|████████▏ | 13/16 [00:07<00:01,  1.85it/s][A
Training Epochs:  82%|████████▎ | 165/200 [21:22<05:17,  9.07s/it, -ELBO=0.7183, Potential Metric=0.1415, Entropy Metric=0.0556]

Epoch 165:  88%|████████▊ | 14/16 [00:07<00:01,  1.82it/s][A
Training Epochs:  82%|████████▎ | 165/200 [21:23<05:17,  9.07s/it, -ELBO=0.6977, Potential Metric=0.1414, Entropy Metric=0.0565]

Epoch 165:  94%|█████████▍| 15/16 [00:08<00:00,  1.83it/s][A
Training Epochs:  82%|████████▎ | 165/200 [21:23<05:17,  9.07s/it, -ELBO=0.7268, Potential Metric=0.1385, Entropy Metric=0.0542]

Epoch 165: 100%|██████████| 16/16 [00:08<00:00,  1.78it/s][A

                                                          [A
Training Epochs:  83%|████████▎ | 166/200 [21:23<05:06,  9.03s/it, -ELBO=0.7268, Potential Metric=0.1385, Entropy Metric=0.0542]

Epoch 166:   0%|          | 0/16 [00:00<?, ?it/s][A
Training Epochs:  83%|████████▎ | 166/200 [21:24<05:06,  9.03s/it, -ELBO=0.7513, Potential Metric=0.1375, Entropy Metric=0.0592]

Epoch 166:   6%|▋         | 1/16 [00:00<00:09,  1.64it/s][A
Training Epochs:  83%|████████▎ | 166/200 [21:25<05:06,  9.03s/it, -ELBO=0.7152, Potential Metric=0.1391, Entropy Metric=0.0534]

Epoch 166:  12%|█▎        | 2/16 [00:01<00:08,  1.66it/s][A
Training Epochs:  83%|████████▎ | 166/200 [21:25<05:06,  9.03s/it, -ELBO=0.7099, Potential Metric=0.1381, Entropy Metric=0.0541]

Epoch 166:  19%|█▉        | 3/16 [00:01<00:07,  1.73it/s][A
Training Epochs:  83%|████████▎ | 166/200 [21:26<05:06,  9.03s/it, -ELBO=0.7160, Potential Metric=0.1279, Entropy Metric=0.0522]

Epoch 166:  25%|██▌       | 4/16 [00:02<00:06,  1.74it/s][A
Training Epochs:  83%|████████▎ | 166/200 [21:26<05:06,  9.03s/it, -ELBO=0.7159, Potential Metric=0.1290, Entropy Metric=0.0562]

Epoch 166:  31%|███▏      | 5/16 [00:02<00:06,  1.76it/s][A
Training Epochs:  83%|████████▎ | 166/200 [21:27<05:06,  9.03s/it, -ELBO=0.7391, Potential Metric=0.1207, Entropy Metric=0.0530]

Epoch 166:  38%|███▊      | 6/16 [00:03<00:05,  1.74it/s][A
Training Epochs:  83%|████████▎ | 166/200 [21:28<05:06,  9.03s/it, -ELBO=0.7017, Potential Metric=0.1383, Entropy Metric=0.0568]

Epoch 166:  44%|████▍     | 7/16 [00:04<00:05,  1.76it/s][A
Training Epochs:  83%|████████▎ | 166/200 [21:28<05:06,  9.03s/it, -ELBO=0.7196, Potential Metric=0.1384, Entropy Metric=0.0629]

Epoch 166:  50%|█████     | 8/16 [00:04<00:04,  1.82it/s][A
Training Epochs:  83%|████████▎ | 166/200 [21:29<05:06,  9.03s/it, -ELBO=0.7349, Potential Metric=0.1267, Entropy Metric=0.0545]

Epoch 166:  56%|█████▋    | 9/16 [00:05<00:03,  1.80it/s][A
Training Epochs:  83%|████████▎ | 166/200 [21:29<05:06,  9.03s/it, -ELBO=0.7309, Potential Metric=0.1305, Entropy Metric=0.0568]

Epoch 166:  62%|██████▎   | 10/16 [00:05<00:03,  1.79it/s][A
Training Epochs:  83%|████████▎ | 166/200 [21:30<05:06,  9.03s/it, -ELBO=0.7267, Potential Metric=0.1381, Entropy Metric=0.0563]

Epoch 166:  69%|██████▉   | 11/16 [00:06<00:02,  1.81it/s][A
Training Epochs:  83%|████████▎ | 166/200 [21:30<05:06,  9.03s/it, -ELBO=0.7129, Potential Metric=0.1460, Entropy Metric=0.0564]

Epoch 166:  75%|███████▌  | 12/16 [00:06<00:02,  1.83it/s][A
Training Epochs:  83%|████████▎ | 166/200 [21:31<05:06,  9.03s/it, -ELBO=0.7310, Potential Metric=0.1225, Entropy Metric=0.0502]

Epoch 166:  81%|████████▏ | 13/16 [00:07<00:01,  1.80it/s][A
Training Epochs:  83%|████████▎ | 166/200 [21:31<05:06,  9.03s/it, -ELBO=0.7234, Potential Metric=0.1302, Entropy Metric=0.0562]

Epoch 166:  88%|████████▊ | 14/16 [00:07<00:01,  1.78it/s][A
Training Epochs:  83%|████████▎ | 166/200 [21:32<05:06,  9.03s/it, -ELBO=0.7126, Potential Metric=0.1370, Entropy Metric=0.0555]

Epoch 166:  94%|█████████▍| 15/16 [00:08<00:00,  1.78it/s][A
Training Epochs:  83%|████████▎ | 166/200 [21:33<05:06,  9.03s/it, -ELBO=0.7256, Potential Metric=0.1250, Entropy Metric=0.0554]

Epoch 166: 100%|██████████| 16/16 [00:08<00:00,  1.86it/s][A

                                                          [A
Training Epochs:  84%|████████▎ | 167/200 [21:33<04:58,  9.03s/it, -ELBO=0.7256, Potential Metric=0.1250, Entropy Metric=0.0554]

Epoch 167:   0%|          | 0/16 [00:00<?, ?it/s][A
Training Epochs:  84%|████████▎ | 167/200 [21:33<04:58,  9.03s/it, -ELBO=0.7193, Potential Metric=0.1315, Entropy Metric=0.0535]

Epoch 167:   6%|▋         | 1/16 [00:00<00:08,  1.79it/s][A
Training Epochs:  84%|████████▎ | 167/200 [21:34<04:58,  9.03s/it, -ELBO=0.7177, Potential Metric=0.1339, Entropy Metric=0.0581]

Epoch 167:  12%|█▎        | 2/16 [00:01<00:07,  1.88it/s][A
Training Epochs:  84%|████████▎ | 167/200 [21:34<04:58,  9.03s/it, -ELBO=0.7182, Potential Metric=0.1249, Entropy Metric=0.0579]

Epoch 167:  19%|█▉        | 3/16 [00:01<00:06,  1.87it/s][A
Training Epochs:  84%|████████▎ | 167/200 [21:35<04:58,  9.03s/it, -ELBO=0.7126, Potential Metric=0.1244, Entropy Metric=0.0549]

Epoch 167:  25%|██▌       | 4/16 [00:02<00:06,  1.84it/s][A
Training Epochs:  84%|████████▎ | 167/200 [21:35<04:58,  9.03s/it, -ELBO=0.7319, Potential Metric=0.1340, Entropy Metric=0.0539]

Epoch 167:  31%|███▏      | 5/16 [00:02<00:06,  1.82it/s][A
Training Epochs:  84%|████████▎ | 167/200 [21:36<04:58,  9.03s/it, -ELBO=0.7286, Potential Metric=0.1382, Entropy Metric=0.0492]

Epoch 167:  38%|███▊      | 6/16 [00:03<00:05,  1.85it/s][A
Training Epochs:  84%|████████▎ | 167/200 [21:37<04:58,  9.03s/it, -ELBO=0.7387, Potential Metric=0.1178, Entropy Metric=0.0478]

Epoch 167:  44%|████▍     | 7/16 [00:03<00:05,  1.70it/s][A
Training Epochs:  84%|████████▎ | 167/200 [21:37<04:58,  9.03s/it, -ELBO=0.7411, Potential Metric=0.1332, Entropy Metric=0.0539]

Epoch 167:  50%|█████     | 8/16 [00:04<00:04,  1.69it/s][A
Training Epochs:  84%|████████▎ | 167/200 [21:38<04:58,  9.03s/it, -ELBO=0.7164, Potential Metric=0.1311, Entropy Metric=0.0518]

Epoch 167:  56%|█████▋    | 9/16 [00:05<00:04,  1.69it/s][A
Training Epochs:  84%|████████▎ | 167/200 [21:38<04:58,  9.03s/it, -ELBO=0.7012, Potential Metric=0.1354, Entropy Metric=0.0543]

Epoch 167:  62%|██████▎   | 10/16 [00:05<00:03,  1.72it/s][A
Training Epochs:  84%|████████▎ | 167/200 [21:39<04:58,  9.03s/it, -ELBO=0.7108, Potential Metric=0.1288, Entropy Metric=0.0558]

Epoch 167:  69%|██████▉   | 11/16 [00:06<00:02,  1.74it/s][A
Training Epochs:  84%|████████▎ | 167/200 [21:39<04:58,  9.03s/it, -ELBO=0.7098, Potential Metric=0.1236, Entropy Metric=0.0496]

Epoch 167:  75%|███████▌  | 12/16 [00:06<00:02,  1.74it/s][A
Training Epochs:  84%|████████▎ | 167/200 [21:40<04:58,  9.03s/it, -ELBO=0.7273, Potential Metric=0.1201, Entropy Metric=0.0549]

Epoch 167:  81%|████████▏ | 13/16 [00:07<00:01,  1.72it/s][A
Training Epochs:  84%|████████▎ | 167/200 [21:41<04:58,  9.03s/it, -ELBO=0.7152, Potential Metric=0.1353, Entropy Metric=0.0524]

Epoch 167:  88%|████████▊ | 14/16 [00:08<00:01,  1.72it/s][A
Training Epochs:  84%|████████▎ | 167/200 [21:41<04:58,  9.03s/it, -ELBO=0.6985, Potential Metric=0.1380, Entropy Metric=0.0552]

Epoch 167:  94%|█████████▍| 15/16 [00:08<00:00,  1.74it/s][A
Training Epochs:  84%|████████▎ | 167/200 [21:42<04:58,  9.03s/it, -ELBO=0.7069, Potential Metric=0.1402, Entropy Metric=0.0546]

Epoch 167: 100%|██████████| 16/16 [00:09<00:00,  1.77it/s][A

                                                          [A
Training Epochs:  84%|████████▍ | 168/200 [21:42<04:50,  9.07s/it, -ELBO=0.7069, Potential Metric=0.1402, Entropy Metric=0.0546]

Epoch 168:   0%|          | 0/16 [00:00<?, ?it/s][A
Training Epochs:  84%|████████▍ | 168/200 [21:42<04:50,  9.07s/it, -ELBO=0.7017, Potential Metric=0.1386, Entropy Metric=0.0595]

Epoch 168:   6%|▋         | 1/16 [00:00<00:08,  1.74it/s][A
Training Epochs:  84%|████████▍ | 168/200 [21:43<04:50,  9.07s/it, -ELBO=0.7117, Potential Metric=0.1329, Entropy Metric=0.0550]

Epoch 168:  12%|█▎        | 2/16 [00:01<00:07,  1.76it/s][A
Training Epochs:  84%|████████▍ | 168/200 [21:43<04:50,  9.07s/it, -ELBO=0.7151, Potential Metric=0.1258, Entropy Metric=0.0580]

Epoch 168:  19%|█▉        | 3/16 [00:01<00:07,  1.78it/s][A
Training Epochs:  84%|████████▍ | 168/200 [21:44<04:50,  9.07s/it, -ELBO=0.7198, Potential Metric=0.1273, Entropy Metric=0.0575]

Epoch 168:  25%|██▌       | 4/16 [00:02<00:06,  1.81it/s][A
Training Epochs:  84%|████████▍ | 168/200 [21:45<04:50,  9.07s/it, -ELBO=0.7137, Potential Metric=0.1354, Entropy Metric=0.0587]

Epoch 168:  31%|███▏      | 5/16 [00:02<00:06,  1.81it/s][A
Training Epochs:  84%|████████▍ | 168/200 [21:45<04:50,  9.07s/it, -ELBO=0.7054, Potential Metric=0.1335, Entropy Metric=0.0612]

Epoch 168:  38%|███▊      | 6/16 [00:03<00:05,  1.79it/s][A
Training Epochs:  84%|████████▍ | 168/200 [21:46<04:50,  9.07s/it, -ELBO=0.7119, Potential Metric=0.1177, Entropy Metric=0.0556]

Epoch 168:  44%|████▍     | 7/16 [00:03<00:05,  1.79it/s][A
Training Epochs:  84%|████████▍ | 168/200 [21:46<04:50,  9.07s/it, -ELBO=0.7070, Potential Metric=0.1255, Entropy Metric=0.0599]

Epoch 168:  50%|█████     | 8/16 [00:04<00:04,  1.83it/s][A
Training Epochs:  84%|████████▍ | 168/200 [21:47<04:50,  9.07s/it, -ELBO=0.7314, Potential Metric=0.1171, Entropy Metric=0.0568]

Epoch 168:  56%|█████▋    | 9/16 [00:04<00:03,  1.82it/s][A
Training Epochs:  84%|████████▍ | 168/200 [21:47<04:50,  9.07s/it, -ELBO=0.7133, Potential Metric=0.1238, Entropy Metric=0.0576]

Epoch 168:  62%|██████▎   | 10/16 [00:05<00:03,  1.81it/s][A
Training Epochs:  84%|████████▍ | 168/200 [21:48<04:50,  9.07s/it, -ELBO=0.7183, Potential Metric=0.1274, Entropy Metric=0.0590]

Epoch 168:  69%|██████▉   | 11/16 [00:06<00:02,  1.80it/s][A
Training Epochs:  84%|████████▍ | 168/200 [21:48<04:50,  9.07s/it, -ELBO=0.7151, Potential Metric=0.1209, Entropy Metric=0.0579]

Epoch 168:  75%|███████▌  | 12/16 [00:06<00:02,  1.83it/s][A
Training Epochs:  84%|████████▍ | 168/200 [21:49<04:50,  9.07s/it, -ELBO=0.7154, Potential Metric=0.1419, Entropy Metric=0.0596]

Epoch 168:  81%|████████▏ | 13/16 [00:07<00:01,  1.85it/s][A
Training Epochs:  84%|████████▍ | 168/200 [21:49<04:50,  9.07s/it, -ELBO=0.7028, Potential Metric=0.1403, Entropy Metric=0.0605]

Epoch 168:  88%|████████▊ | 14/16 [00:07<00:01,  1.85it/s][A
Training Epochs:  84%|████████▍ | 168/200 [21:50<04:50,  9.07s/it, -ELBO=0.7402, Potential Metric=0.1100, Entropy Metric=0.0543]

Epoch 168:  94%|█████████▍| 15/16 [00:08<00:00,  1.85it/s][A
Training Epochs:  84%|████████▍ | 168/200 [21:51<04:50,  9.07s/it, -ELBO=0.7158, Potential Metric=0.1355, Entropy Metric=0.0583]

Epoch 168: 100%|██████████| 16/16 [00:08<00:00,  1.84it/s][A

                                                          [A
Training Epochs:  84%|████████▍ | 169/200 [21:51<04:39,  9.00s/it, -ELBO=0.7158, Potential Metric=0.1355, Entropy Metric=0.0583]

Epoch 169:   0%|          | 0/16 [00:00<?, ?it/s][A
Training Epochs:  84%|████████▍ | 169/200 [21:51<04:39,  9.00s/it, -ELBO=0.7068, Potential Metric=0.1324, Entropy Metric=0.0579]

Epoch 169:   6%|▋         | 1/16 [00:00<00:10,  1.44it/s][A
Training Epochs:  84%|████████▍ | 169/200 [21:52<04:39,  9.00s/it, -ELBO=0.7177, Potential Metric=0.1243, Entropy Metric=0.0528]

Epoch 169:  12%|█▎        | 2/16 [00:01<00:09,  1.54it/s][A
Training Epochs:  84%|████████▍ | 169/200 [21:53<04:39,  9.00s/it, -ELBO=0.7157, Potential Metric=0.1390, Entropy Metric=0.0621]

Epoch 169:  19%|█▉        | 3/16 [00:01<00:08,  1.61it/s][A
Training Epochs:  84%|████████▍ | 169/200 [21:53<04:39,  9.00s/it, -ELBO=0.7092, Potential Metric=0.1311, Entropy Metric=0.0589]

Epoch 169:  25%|██▌       | 4/16 [00:02<00:07,  1.65it/s][A
Training Epochs:  84%|████████▍ | 169/200 [21:54<04:39,  9.00s/it, -ELBO=0.7081, Potential Metric=0.1283, Entropy Metric=0.0580]

Epoch 169:  31%|███▏      | 5/16 [00:03<00:06,  1.65it/s][A
Training Epochs:  84%|████████▍ | 169/200 [21:54<04:39,  9.00s/it, -ELBO=0.7140, Potential Metric=0.1266, Entropy Metric=0.0559]

Epoch 169:  38%|███▊      | 6/16 [00:03<00:05,  1.67it/s][A
Training Epochs:  84%|████████▍ | 169/200 [21:55<04:39,  9.00s/it, -ELBO=0.7023, Potential Metric=0.1386, Entropy Metric=0.0562]

Epoch 169:  44%|████▍     | 7/16 [00:04<00:05,  1.71it/s][A
Training Epochs:  84%|████████▍ | 169/200 [21:55<04:39,  9.00s/it, -ELBO=0.7063, Potential Metric=0.1257, Entropy Metric=0.0554]

Epoch 169:  50%|█████     | 8/16 [00:04<00:04,  1.75it/s][A
Training Epochs:  84%|████████▍ | 169/200 [21:56<04:39,  9.00s/it, -ELBO=0.7174, Potential Metric=0.1187, Entropy Metric=0.0547]

Epoch 169:  56%|█████▋    | 9/16 [00:05<00:04,  1.74it/s][A
Training Epochs:  84%|████████▍ | 169/200 [21:57<04:39,  9.00s/it, -ELBO=0.7134, Potential Metric=0.1247, Entropy Metric=0.0536]

Epoch 169:  62%|██████▎   | 10/16 [00:05<00:03,  1.78it/s][A
Training Epochs:  84%|████████▍ | 169/200 [21:57<04:39,  9.00s/it, -ELBO=0.7273, Potential Metric=0.1188, Entropy Metric=0.0510]

Epoch 169:  69%|██████▉   | 11/16 [00:06<00:02,  1.75it/s][A
Training Epochs:  84%|████████▍ | 169/200 [21:58<04:39,  9.00s/it, -ELBO=0.7306, Potential Metric=0.1173, Entropy Metric=0.0536]

Epoch 169:  75%|███████▌  | 12/16 [00:07<00:02,  1.73it/s][A
Training Epochs:  84%|████████▍ | 169/200 [21:58<04:39,  9.00s/it, -ELBO=0.6993, Potential Metric=0.1349, Entropy Metric=0.0583]

Epoch 169:  81%|████████▏ | 13/16 [00:07<00:01,  1.61it/s][A
Training Epochs:  84%|████████▍ | 169/200 [21:59<04:39,  9.00s/it, -ELBO=0.7025, Potential Metric=0.1390, Entropy Metric=0.0530]

Epoch 169:  88%|████████▊ | 14/16 [00:08<00:01,  1.66it/s][A
Training Epochs:  84%|████████▍ | 169/200 [22:00<04:39,  9.00s/it, -ELBO=0.7053, Potential Metric=0.1381, Entropy Metric=0.0598]

Epoch 169:  94%|█████████▍| 15/16 [00:08<00:00,  1.66it/s][A
Training Epochs:  84%|████████▍ | 169/200 [22:00<04:39,  9.00s/it, -ELBO=0.7054, Potential Metric=0.1294, Entropy Metric=0.0605]

Epoch 169: 100%|██████████| 16/16 [00:09<00:00,  1.70it/s][A

                                                          [A
Training Epochs:  85%|████████▌ | 170/200 [22:00<04:35,  9.19s/it, -ELBO=0.7054, Potential Metric=0.1294, Entropy Metric=0.0605]

Epoch 170:   0%|          | 0/16 [00:00<?, ?it/s][A
Training Epochs:  85%|████████▌ | 170/200 [22:01<04:35,  9.19s/it, -ELBO=0.7069, Potential Metric=0.1349, Entropy Metric=0.0567]

Epoch 170:   6%|▋         | 1/16 [00:00<00:08,  1.80it/s][A
Training Epochs:  85%|████████▌ | 170/200 [22:01<04:35,  9.19s/it, -ELBO=0.7265, Potential Metric=0.1222, Entropy Metric=0.0557]

Epoch 170:  12%|█▎        | 2/16 [00:01<00:07,  1.91it/s][A
Training Epochs:  85%|████████▌ | 170/200 [22:02<04:35,  9.19s/it, -ELBO=0.7021, Potential Metric=0.1270, Entropy Metric=0.0577]

Epoch 170:  19%|█▉        | 3/16 [00:01<00:07,  1.85it/s][A
Training Epochs:  85%|████████▌ | 170/200 [22:02<04:35,  9.19s/it, -ELBO=0.7078, Potential Metric=0.1344, Entropy Metric=0.0632]

Epoch 170:  25%|██▌       | 4/16 [00:02<00:06,  1.86it/s][A
Training Epochs:  85%|████████▌ | 170/200 [22:03<04:35,  9.19s/it, -ELBO=0.7024, Potential Metric=0.1269, Entropy Metric=0.0545]

Epoch 170:  31%|███▏      | 5/16 [00:02<00:06,  1.78it/s][A
Training Epochs:  85%|████████▌ | 170/200 [22:04<04:35,  9.19s/it, -ELBO=0.6987, Potential Metric=0.1418, Entropy Metric=0.0611]

Epoch 170:  38%|███▊      | 6/16 [00:03<00:05,  1.75it/s][A
Training Epochs:  85%|████████▌ | 170/200 [22:04<04:35,  9.19s/it, -ELBO=0.7064, Potential Metric=0.1336, Entropy Metric=0.0573]

Epoch 170:  44%|████▍     | 7/16 [00:03<00:05,  1.76it/s][A
Training Epochs:  85%|████████▌ | 170/200 [22:05<04:35,  9.19s/it, -ELBO=0.6923, Potential Metric=0.1270, Entropy Metric=0.0565]

Epoch 170:  50%|█████     | 8/16 [00:04<00:04,  1.76it/s][A
Training Epochs:  85%|████████▌ | 170/200 [22:05<04:35,  9.19s/it, -ELBO=0.7217, Potential Metric=0.1189, Entropy Metric=0.0560]

Epoch 170:  56%|█████▋    | 9/16 [00:05<00:03,  1.75it/s][A
Training Epochs:  85%|████████▌ | 170/200 [22:06<04:35,  9.19s/it, -ELBO=0.7050, Potential Metric=0.1239, Entropy Metric=0.0547]

Epoch 170:  62%|██████▎   | 10/16 [00:05<00:03,  1.73it/s][A
Training Epochs:  85%|████████▌ | 170/200 [22:06<04:35,  9.19s/it, -ELBO=0.7071, Potential Metric=0.1326, Entropy Metric=0.0524]

Epoch 170:  69%|██████▉   | 11/16 [00:06<00:02,  1.72it/s][A
Training Epochs:  85%|████████▌ | 170/200 [22:07<04:35,  9.19s/it, -ELBO=0.7135, Potential Metric=0.1122, Entropy Metric=0.0517]

Epoch 170:  75%|███████▌  | 12/16 [00:06<00:02,  1.77it/s][A
Training Epochs:  85%|████████▌ | 170/200 [22:08<04:35,  9.19s/it, -ELBO=0.7037, Potential Metric=0.1550, Entropy Metric=0.0590]

Epoch 170:  81%|████████▏ | 13/16 [00:07<00:01,  1.78it/s][A
Training Epochs:  85%|████████▌ | 170/200 [22:08<04:35,  9.19s/it, -ELBO=0.7204, Potential Metric=0.1212, Entropy Metric=0.0497]

Epoch 170:  88%|████████▊ | 14/16 [00:07<00:01,  1.79it/s][A
Training Epochs:  85%|████████▌ | 170/200 [22:09<04:35,  9.19s/it, -ELBO=0.7049, Potential Metric=0.1303, Entropy Metric=0.0544]

Epoch 170:  94%|█████████▍| 15/16 [00:08<00:00,  1.84it/s][A
Training Epochs:  85%|████████▌ | 170/200 [22:09<04:35,  9.19s/it, -ELBO=0.7067, Potential Metric=0.1324, Entropy Metric=0.0539]

Epoch 170: 100%|██████████| 16/16 [00:08<00:00,  1.82it/s][A

                                                          [A
Training Epochs:  86%|████████▌ | 171/200 [22:09<04:24,  9.13s/it, -ELBO=0.7067, Potential Metric=0.1324, Entropy Metric=0.0539]

Epoch 171:   0%|          | 0/16 [00:00<?, ?it/s][A
Training Epochs:  86%|████████▌ | 171/200 [22:10<04:24,  9.13s/it, -ELBO=0.6982, Potential Metric=0.1304, Entropy Metric=0.0495]

Epoch 171:   6%|▋         | 1/16 [00:00<00:09,  1.62it/s][A
Training Epochs:  86%|████████▌ | 171/200 [22:10<04:24,  9.13s/it, -ELBO=0.6982, Potential Metric=0.1312, Entropy Metric=0.0554]

Epoch 171:  12%|█▎        | 2/16 [00:01<00:08,  1.71it/s][A
Training Epochs:  86%|████████▌ | 171/200 [22:11<04:24,  9.13s/it, -ELBO=0.7033, Potential Metric=0.1149, Entropy Metric=0.0543]

Epoch 171:  19%|█▉        | 3/16 [00:01<00:07,  1.78it/s][A
Training Epochs:  86%|████████▌ | 171/200 [22:12<04:24,  9.13s/it, -ELBO=0.6972, Potential Metric=0.1327, Entropy Metric=0.0559]

Epoch 171:  25%|██▌       | 4/16 [00:02<00:06,  1.78it/s][A
Training Epochs:  86%|████████▌ | 171/200 [22:12<04:24,  9.13s/it, -ELBO=0.7174, Potential Metric=0.1221, Entropy Metric=0.0581]

Epoch 171:  31%|███▏      | 5/16 [00:02<00:06,  1.81it/s][A
Training Epochs:  86%|████████▌ | 171/200 [22:13<04:24,  9.13s/it, -ELBO=0.7191, Potential Metric=0.1148, Entropy Metric=0.0505]

Epoch 171:  38%|███▊      | 6/16 [00:03<00:05,  1.81it/s][A
Training Epochs:  86%|████████▌ | 171/200 [22:13<04:24,  9.13s/it, -ELBO=0.7145, Potential Metric=0.1169, Entropy Metric=0.0547]

Epoch 171:  44%|████▍     | 7/16 [00:03<00:04,  1.82it/s][A
Training Epochs:  86%|████████▌ | 171/200 [22:14<04:24,  9.13s/it, -ELBO=0.6996, Potential Metric=0.1307, Entropy Metric=0.0555]

Epoch 171:  50%|█████     | 8/16 [00:04<00:04,  1.79it/s][A
Training Epochs:  86%|████████▌ | 171/200 [22:14<04:24,  9.13s/it, -ELBO=0.7171, Potential Metric=0.1231, Entropy Metric=0.0544]

Epoch 171:  56%|█████▋    | 9/16 [00:05<00:03,  1.83it/s][A
Training Epochs:  86%|████████▌ | 171/200 [22:15<04:24,  9.13s/it, -ELBO=0.6954, Potential Metric=0.1293, Entropy Metric=0.0560]

Epoch 171:  62%|██████▎   | 10/16 [00:05<00:03,  1.79it/s][A
Training Epochs:  86%|████████▌ | 171/200 [22:15<04:24,  9.13s/it, -ELBO=0.6977, Potential Metric=0.1370, Entropy Metric=0.0557]

Epoch 171:  69%|██████▉   | 11/16 [00:06<00:02,  1.79it/s][A
Training Epochs:  86%|████████▌ | 171/200 [22:16<04:24,  9.13s/it, -ELBO=0.6829, Potential Metric=0.1365, Entropy Metric=0.0541]

Epoch 171:  75%|███████▌  | 12/16 [00:06<00:02,  1.77it/s][A
Training Epochs:  86%|████████▌ | 171/200 [22:16<04:24,  9.13s/it, -ELBO=0.6846, Potential Metric=0.1484, Entropy Metric=0.0560]

Epoch 171:  81%|████████▏ | 13/16 [00:07<00:01,  1.81it/s][A
Training Epochs:  86%|████████▌ | 171/200 [22:17<04:24,  9.13s/it, -ELBO=0.7119, Potential Metric=0.1417, Entropy Metric=0.0549]

Epoch 171:  88%|████████▊ | 14/16 [00:07<00:01,  1.76it/s][A
Training Epochs:  86%|████████▌ | 171/200 [22:18<04:24,  9.13s/it, -ELBO=0.6983, Potential Metric=0.1212, Entropy Metric=0.0538]

Epoch 171:  94%|█████████▍| 15/16 [00:08<00:00,  1.81it/s][A
Training Epochs:  86%|████████▌ | 171/200 [22:18<04:24,  9.13s/it, -ELBO=0.6965, Potential Metric=0.1237, Entropy Metric=0.0546]

Epoch 171: 100%|██████████| 16/16 [00:08<00:00,  1.78it/s][A

                                                          [A
Training Epochs:  86%|████████▌ | 172/200 [22:18<04:14,  9.11s/it, -ELBO=0.6965, Potential Metric=0.1237, Entropy Metric=0.0546]

Epoch 172:   0%|          | 0/16 [00:00<?, ?it/s][A
Training Epochs:  86%|████████▌ | 172/200 [22:19<04:14,  9.11s/it, -ELBO=0.6991, Potential Metric=0.1312, Entropy Metric=0.0542]

Epoch 172:   6%|▋         | 1/16 [00:00<00:08,  1.73it/s][A
Training Epochs:  86%|████████▌ | 172/200 [22:19<04:14,  9.11s/it, -ELBO=0.7170, Potential Metric=0.1278, Entropy Metric=0.0545]

Epoch 172:  12%|█▎        | 2/16 [00:01<00:08,  1.66it/s][A
Training Epochs:  86%|████████▌ | 172/200 [22:20<04:14,  9.11s/it, -ELBO=0.6920, Potential Metric=0.1313, Entropy Metric=0.0577]

Epoch 172:  19%|█▉        | 3/16 [00:01<00:07,  1.72it/s][A
Training Epochs:  86%|████████▌ | 172/200 [22:21<04:14,  9.11s/it, -ELBO=0.6953, Potential Metric=0.1428, Entropy Metric=0.0581]

Epoch 172:  25%|██▌       | 4/16 [00:02<00:06,  1.78it/s][A
Training Epochs:  86%|████████▌ | 172/200 [22:21<04:14,  9.11s/it, -ELBO=0.6847, Potential Metric=0.1477, Entropy Metric=0.0586]

Epoch 172:  31%|███▏      | 5/16 [00:02<00:06,  1.73it/s][A
Training Epochs:  86%|████████▌ | 172/200 [22:22<04:14,  9.11s/it, -ELBO=0.6963, Potential Metric=0.1370, Entropy Metric=0.0562]

Epoch 172:  38%|███▊      | 6/16 [00:03<00:05,  1.71it/s][A
Training Epochs:  86%|████████▌ | 172/200 [22:22<04:14,  9.11s/it, -ELBO=0.6934, Potential Metric=0.1277, Entropy Metric=0.0538]

Epoch 172:  44%|████▍     | 7/16 [00:04<00:05,  1.56it/s][A
Training Epochs:  86%|████████▌ | 172/200 [22:23<04:14,  9.11s/it, -ELBO=0.7033, Potential Metric=0.1220, Entropy Metric=0.0535]

Epoch 172:  50%|█████     | 8/16 [00:04<00:05,  1.59it/s][A
Training Epochs:  86%|████████▌ | 172/200 [22:24<04:14,  9.11s/it, -ELBO=0.7019, Potential Metric=0.1140, Entropy Metric=0.0514]

Epoch 172:  56%|█████▋    | 9/16 [00:05<00:04,  1.62it/s][A
Training Epochs:  86%|████████▌ | 172/200 [22:24<04:14,  9.11s/it, -ELBO=0.6833, Potential Metric=0.1289, Entropy Metric=0.0528]

Epoch 172:  62%|██████▎   | 10/16 [00:05<00:03,  1.67it/s][A
Training Epochs:  86%|████████▌ | 172/200 [22:25<04:14,  9.11s/it, -ELBO=0.7051, Potential Metric=0.1118, Entropy Metric=0.0565]

Epoch 172:  69%|██████▉   | 11/16 [00:06<00:02,  1.77it/s][A
Training Epochs:  86%|████████▌ | 172/200 [22:25<04:14,  9.11s/it, -ELBO=0.6901, Potential Metric=0.1269, Entropy Metric=0.0577]

Epoch 172:  75%|███████▌  | 12/16 [00:07<00:02,  1.80it/s][A
Training Epochs:  86%|████████▌ | 172/200 [22:26<04:14,  9.11s/it, -ELBO=0.7047, Potential Metric=0.1325, Entropy Metric=0.0565]

Epoch 172:  81%|████████▏ | 13/16 [00:07<00:01,  1.74it/s][A
Training Epochs:  86%|████████▌ | 172/200 [22:26<04:14,  9.11s/it, -ELBO=0.7058, Potential Metric=0.1182, Entropy Metric=0.0550]

Epoch 172:  88%|████████▊ | 14/16 [00:08<00:01,  1.78it/s][A
Training Epochs:  86%|████████▌ | 172/200 [22:27<04:14,  9.11s/it, -ELBO=0.7090, Potential Metric=0.1109, Entropy Metric=0.0516]

Epoch 172:  94%|█████████▍| 15/16 [00:08<00:00,  1.77it/s][A
Training Epochs:  86%|████████▌ | 172/200 [22:28<04:14,  9.11s/it, -ELBO=0.7089, Potential Metric=0.1222, Entropy Metric=0.0573]

Epoch 172: 100%|██████████| 16/16 [00:09<00:00,  1.79it/s][A

                                                          [A
Training Epochs:  86%|████████▋ | 173/200 [22:28<04:07,  9.17s/it, -ELBO=0.7089, Potential Metric=0.1222, Entropy Metric=0.0573]

Epoch 173:   0%|          | 0/16 [00:00<?, ?it/s][A
Training Epochs:  86%|████████▋ | 173/200 [22:28<04:07,  9.17s/it, -ELBO=0.7065, Potential Metric=0.1294, Entropy Metric=0.0569]

Epoch 173:   6%|▋         | 1/16 [00:00<00:08,  1.72it/s][A
Training Epochs:  86%|████████▋ | 173/200 [22:29<04:07,  9.17s/it, -ELBO=0.6918, Potential Metric=0.1268, Entropy Metric=0.0530]

Epoch 173:  12%|█▎        | 2/16 [00:01<00:07,  1.81it/s][A
Training Epochs:  86%|████████▋ | 173/200 [22:29<04:07,  9.17s/it, -ELBO=0.6878, Potential Metric=0.1300, Entropy Metric=0.0534]

Epoch 173:  19%|█▉        | 3/16 [00:01<00:07,  1.76it/s][A
Training Epochs:  86%|████████▋ | 173/200 [22:30<04:07,  9.17s/it, -ELBO=0.6918, Potential Metric=0.1284, Entropy Metric=0.0551]

Epoch 173:  25%|██▌       | 4/16 [00:02<00:06,  1.76it/s][A
Training Epochs:  86%|████████▋ | 173/200 [22:30<04:07,  9.17s/it, -ELBO=0.6876, Potential Metric=0.1350, Entropy Metric=0.0546]

Epoch 173:  31%|███▏      | 5/16 [00:02<00:06,  1.78it/s][A
Training Epochs:  86%|████████▋ | 173/200 [22:31<04:07,  9.17s/it, -ELBO=0.6846, Potential Metric=0.1343, Entropy Metric=0.0565]

Epoch 173:  38%|███▊      | 6/16 [00:03<00:05,  1.84it/s][A
Training Epochs:  86%|████████▋ | 173/200 [22:32<04:07,  9.17s/it, -ELBO=0.7005, Potential Metric=0.1308, Entropy Metric=0.0579]

Epoch 173:  44%|████▍     | 7/16 [00:03<00:05,  1.80it/s][A
Training Epochs:  86%|████████▋ | 173/200 [22:32<04:07,  9.17s/it, -ELBO=0.6940, Potential Metric=0.1189, Entropy Metric=0.0537]

Epoch 173:  50%|█████     | 8/16 [00:04<00:04,  1.80it/s][A
Training Epochs:  86%|████████▋ | 173/200 [22:33<04:07,  9.17s/it, -ELBO=0.6924, Potential Metric=0.1241, Entropy Metric=0.0589]

Epoch 173:  56%|█████▋    | 9/16 [00:05<00:04,  1.73it/s][A
Training Epochs:  86%|████████▋ | 173/200 [22:33<04:07,  9.17s/it, -ELBO=0.6828, Potential Metric=0.1196, Entropy Metric=0.0549]

Epoch 173:  62%|██████▎   | 10/16 [00:05<00:03,  1.73it/s][A
Training Epochs:  86%|████████▋ | 173/200 [22:34<04:07,  9.17s/it, -ELBO=0.6937, Potential Metric=0.1335, Entropy Metric=0.0600]

Epoch 173:  69%|██████▉   | 11/16 [00:06<00:02,  1.74it/s][A
Training Epochs:  86%|████████▋ | 173/200 [22:34<04:07,  9.17s/it, -ELBO=0.7034, Potential Metric=0.1245, Entropy Metric=0.0550]

Epoch 173:  75%|███████▌  | 12/16 [00:06<00:02,  1.80it/s][A
Training Epochs:  86%|████████▋ | 173/200 [22:35<04:07,  9.17s/it, -ELBO=0.6953, Potential Metric=0.1192, Entropy Metric=0.0604]

Epoch 173:  81%|████████▏ | 13/16 [00:07<00:01,  1.79it/s][A
Training Epochs:  86%|████████▋ | 173/200 [22:36<04:07,  9.17s/it, -ELBO=0.6910, Potential Metric=0.1225, Entropy Metric=0.0557]

Epoch 173:  88%|████████▊ | 14/16 [00:07<00:01,  1.79it/s][A
Training Epochs:  86%|████████▋ | 173/200 [22:36<04:07,  9.17s/it, -ELBO=0.7115, Potential Metric=0.1163, Entropy Metric=0.0584]

Epoch 173:  94%|█████████▍| 15/16 [00:08<00:00,  1.80it/s][A
Training Epochs:  86%|████████▋ | 173/200 [22:37<04:07,  9.17s/it, -ELBO=0.6912, Potential Metric=0.1153, Entropy Metric=0.0548]

Epoch 173: 100%|██████████| 16/16 [00:08<00:00,  1.85it/s][A

                                                          [A
Training Epochs:  87%|████████▋ | 174/200 [22:37<03:57,  9.13s/it, -ELBO=0.6912, Potential Metric=0.1153, Entropy Metric=0.0548]

Epoch 174:   0%|          | 0/16 [00:00<?, ?it/s][A
Training Epochs:  87%|████████▋ | 174/200 [22:37<03:57,  9.13s/it, -ELBO=0.6934, Potential Metric=0.1183, Entropy Metric=0.0560]

Epoch 174:   6%|▋         | 1/16 [00:00<00:09,  1.63it/s][A
Training Epochs:  87%|████████▋ | 174/200 [22:38<03:57,  9.13s/it, -ELBO=0.6876, Potential Metric=0.1134, Entropy Metric=0.0532]

Epoch 174:  12%|█▎        | 2/16 [00:01<00:07,  1.81it/s][A
Training Epochs:  87%|████████▋ | 174/200 [22:38<03:57,  9.13s/it, -ELBO=0.6809, Potential Metric=0.1229, Entropy Metric=0.0523]

Epoch 174:  19%|█▉        | 3/16 [00:01<00:06,  1.89it/s][A
Training Epochs:  87%|████████▋ | 174/200 [22:39<03:57,  9.13s/it, -ELBO=0.6999, Potential Metric=0.1307, Entropy Metric=0.0565]

Epoch 174:  25%|██▌       | 4/16 [00:02<00:06,  1.81it/s][A
Training Epochs:  87%|████████▋ | 174/200 [22:39<03:57,  9.13s/it, -ELBO=0.6858, Potential Metric=0.1277, Entropy Metric=0.0589]

Epoch 174:  31%|███▏      | 5/16 [00:02<00:06,  1.81it/s][A
Training Epochs:  87%|████████▋ | 174/200 [22:40<03:57,  9.13s/it, -ELBO=0.6941, Potential Metric=0.1187, Entropy Metric=0.0600]

Epoch 174:  38%|███▊      | 6/16 [00:03<00:05,  1.79it/s][A
Training Epochs:  87%|████████▋ | 174/200 [22:41<03:57,  9.13s/it, -ELBO=0.6989, Potential Metric=0.1155, Entropy Metric=0.0519]

Epoch 174:  44%|████▍     | 7/16 [00:03<00:05,  1.74it/s][A
Training Epochs:  87%|████████▋ | 174/200 [22:41<03:57,  9.13s/it, -ELBO=0.6915, Potential Metric=0.1251, Entropy Metric=0.0576]

Epoch 174:  50%|█████     | 8/16 [00:04<00:04,  1.75it/s][A
Training Epochs:  87%|████████▋ | 174/200 [22:42<03:57,  9.13s/it, -ELBO=0.6825, Potential Metric=0.1182, Entropy Metric=0.0532]

Epoch 174:  56%|█████▋    | 9/16 [00:05<00:03,  1.77it/s][A
Training Epochs:  87%|████████▋ | 174/200 [22:42<03:57,  9.13s/it, -ELBO=0.6855, Potential Metric=0.1255, Entropy Metric=0.0531]

Epoch 174:  62%|██████▎   | 10/16 [00:05<00:03,  1.79it/s][A
Training Epochs:  87%|████████▋ | 174/200 [22:43<03:57,  9.13s/it, -ELBO=0.7041, Potential Metric=0.1099, Entropy Metric=0.0504]

Epoch 174:  69%|██████▉   | 11/16 [00:06<00:02,  1.82it/s][A
Training Epochs:  87%|████████▋ | 174/200 [22:43<03:57,  9.13s/it, -ELBO=0.6964, Potential Metric=0.1189, Entropy Metric=0.0534]

Epoch 174:  75%|███████▌  | 12/16 [00:06<00:02,  1.83it/s][A
Training Epochs:  87%|████████▋ | 174/200 [22:44<03:57,  9.13s/it, -ELBO=0.6831, Potential Metric=0.1111, Entropy Metric=0.0478]

Epoch 174:  81%|████████▏ | 13/16 [00:07<00:01,  1.84it/s][A
Training Epochs:  87%|████████▋ | 174/200 [22:44<03:57,  9.13s/it, -ELBO=0.6985, Potential Metric=0.1281, Entropy Metric=0.0543]

Epoch 174:  88%|████████▊ | 14/16 [00:07<00:01,  1.92it/s][A
Training Epochs:  87%|████████▋ | 174/200 [22:45<03:57,  9.13s/it, -ELBO=0.6894, Potential Metric=0.1225, Entropy Metric=0.0552]

Epoch 174:  94%|█████████▍| 15/16 [00:08<00:00,  1.91it/s][A
Training Epochs:  87%|████████▋ | 174/200 [22:45<03:57,  9.13s/it, -ELBO=0.6959, Potential Metric=0.1230, Entropy Metric=0.0518]

Epoch 174: 100%|██████████| 16/16 [00:08<00:00,  1.88it/s][A

                                                          [A
Training Epochs:  88%|████████▊ | 175/200 [22:45<03:46,  9.06s/it, -ELBO=0.6959, Potential Metric=0.1230, Entropy Metric=0.0518]

Epoch 175:   0%|          | 0/16 [00:00<?, ?it/s][A
Training Epochs:  88%|████████▊ | 175/200 [22:46<03:46,  9.06s/it, -ELBO=0.6872, Potential Metric=0.1238, Entropy Metric=0.0542]

Epoch 175:   6%|▋         | 1/16 [00:00<00:10,  1.36it/s][A
Training Epochs:  88%|████████▊ | 175/200 [22:47<03:46,  9.06s/it, -ELBO=0.6944, Potential Metric=0.1085, Entropy Metric=0.0531]

Epoch 175:  12%|█▎        | 2/16 [00:01<00:08,  1.63it/s][A
Training Epochs:  88%|████████▊ | 175/200 [22:47<03:46,  9.06s/it, -ELBO=0.6955, Potential Metric=0.1237, Entropy Metric=0.0553]

Epoch 175:  19%|█▉        | 3/16 [00:01<00:07,  1.68it/s][A
Training Epochs:  88%|████████▊ | 175/200 [22:48<03:46,  9.06s/it, -ELBO=0.6780, Potential Metric=0.1315, Entropy Metric=0.0568]

Epoch 175:  25%|██▌       | 4/16 [00:02<00:07,  1.70it/s][A
Training Epochs:  88%|████████▊ | 175/200 [22:49<03:46,  9.06s/it, -ELBO=0.6842, Potential Metric=0.1235, Entropy Metric=0.0502]

Epoch 175:  31%|███▏      | 5/16 [00:02<00:06,  1.74it/s][A
Training Epochs:  88%|████████▊ | 175/200 [22:49<03:46,  9.06s/it, -ELBO=0.6900, Potential Metric=0.1200, Entropy Metric=0.0540]

Epoch 175:  38%|███▊      | 6/16 [00:03<00:05,  1.79it/s][A
Training Epochs:  88%|████████▊ | 175/200 [22:50<03:46,  9.06s/it, -ELBO=0.7016, Potential Metric=0.1301, Entropy Metric=0.0587]

Epoch 175:  44%|████▍     | 7/16 [00:04<00:05,  1.78it/s][A
Training Epochs:  88%|████████▊ | 175/200 [22:50<03:46,  9.06s/it, -ELBO=0.6806, Potential Metric=0.1339, Entropy Metric=0.0556]

Epoch 175:  50%|█████     | 8/16 [00:04<00:04,  1.77it/s][A
Training Epochs:  88%|████████▊ | 175/200 [22:51<03:46,  9.06s/it, -ELBO=0.7090, Potential Metric=0.1097, Entropy Metric=0.0533]

Epoch 175:  56%|█████▋    | 9/16 [00:05<00:03,  1.76it/s][A
Training Epochs:  88%|████████▊ | 175/200 [22:51<03:46,  9.06s/it, -ELBO=0.6839, Potential Metric=0.1107, Entropy Metric=0.0583]

Epoch 175:  62%|██████▎   | 10/16 [00:05<00:03,  1.81it/s][A
Training Epochs:  88%|████████▊ | 175/200 [22:52<03:46,  9.06s/it, -ELBO=0.6813, Potential Metric=0.1189, Entropy Metric=0.0535]

Epoch 175:  69%|██████▉   | 11/16 [00:06<00:02,  1.81it/s][A
Training Epochs:  88%|████████▊ | 175/200 [22:52<03:46,  9.06s/it, -ELBO=0.6766, Potential Metric=0.1310, Entropy Metric=0.0543]

Epoch 175:  75%|███████▌  | 12/16 [00:06<00:02,  1.77it/s][A
Training Epochs:  88%|████████▊ | 175/200 [22:53<03:46,  9.06s/it, -ELBO=0.6752, Potential Metric=0.1301, Entropy Metric=0.0540]

Epoch 175:  81%|████████▏ | 13/16 [00:07<00:01,  1.77it/s][A
Training Epochs:  88%|████████▊ | 175/200 [22:54<03:46,  9.06s/it, -ELBO=0.6876, Potential Metric=0.1193, Entropy Metric=0.0504]

Epoch 175:  88%|████████▊ | 14/16 [00:08<00:01,  1.76it/s][A
Training Epochs:  88%|████████▊ | 175/200 [22:54<03:46,  9.06s/it, -ELBO=0.6941, Potential Metric=0.1204, Entropy Metric=0.0527]

Epoch 175:  94%|█████████▍| 15/16 [00:08<00:00,  1.74it/s][A
Training Epochs:  88%|████████▊ | 175/200 [22:55<03:46,  9.06s/it, -ELBO=0.6933, Potential Metric=0.1260, Entropy Metric=0.0540]

Epoch 175: 100%|██████████| 16/16 [00:09<00:00,  1.72it/s][A

                                                          [A
Training Epochs:  88%|████████▊ | 176/200 [22:55<03:39,  9.13s/it, -ELBO=0.6933, Potential Metric=0.1260, Entropy Metric=0.0540]

Epoch 176:   0%|          | 0/16 [00:00<?, ?it/s][A
Training Epochs:  88%|████████▊ | 176/200 [22:55<03:39,  9.13s/it, -ELBO=0.6987, Potential Metric=0.1183, Entropy Metric=0.0547]

Epoch 176:   6%|▋         | 1/16 [00:00<00:09,  1.58it/s][A
Training Epochs:  88%|████████▊ | 176/200 [22:56<03:39,  9.13s/it, -ELBO=0.6778, Potential Metric=0.1266, Entropy Metric=0.0521]

Epoch 176:  12%|█▎        | 2/16 [00:01<00:08,  1.69it/s][A
Training Epochs:  88%|████████▊ | 176/200 [22:57<03:39,  9.13s/it, -ELBO=0.6920, Potential Metric=0.1262, Entropy Metric=0.0544]

Epoch 176:  19%|█▉        | 3/16 [00:01<00:07,  1.76it/s][A
Training Epochs:  88%|████████▊ | 176/200 [22:57<03:39,  9.13s/it, -ELBO=0.6803, Potential Metric=0.1264, Entropy Metric=0.0536]

Epoch 176:  25%|██▌       | 4/16 [00:02<00:06,  1.73it/s][A
Training Epochs:  88%|████████▊ | 176/200 [22:58<03:39,  9.13s/it, -ELBO=0.6868, Potential Metric=0.1191, Entropy Metric=0.0523]

Epoch 176:  31%|███▏      | 5/16 [00:02<00:06,  1.83it/s][A
Training Epochs:  88%|████████▊ | 176/200 [22:58<03:39,  9.13s/it, -ELBO=0.6863, Potential Metric=0.1231, Entropy Metric=0.0544]

Epoch 176:  38%|███▊      | 6/16 [00:03<00:05,  1.82it/s][A
Training Epochs:  88%|████████▊ | 176/200 [22:59<03:39,  9.13s/it, -ELBO=0.6804, Potential Metric=0.1221, Entropy Metric=0.0547]

Epoch 176:  44%|████▍     | 7/16 [00:03<00:04,  1.81it/s][A
Training Epochs:  88%|████████▊ | 176/200 [22:59<03:39,  9.13s/it, -ELBO=0.6915, Potential Metric=0.1206, Entropy Metric=0.0552]

Epoch 176:  50%|█████     | 8/16 [00:04<00:04,  1.82it/s][A
Training Epochs:  88%|████████▊ | 176/200 [23:00<03:39,  9.13s/it, -ELBO=0.6704, Potential Metric=0.1275, Entropy Metric=0.0531]

Epoch 176:  56%|█████▋    | 9/16 [00:05<00:03,  1.80it/s][A
Training Epochs:  88%|████████▊ | 176/200 [23:00<03:39,  9.13s/it, -ELBO=0.6973, Potential Metric=0.1240, Entropy Metric=0.0551]

Epoch 176:  62%|██████▎   | 10/16 [00:05<00:03,  1.79it/s][A
Training Epochs:  88%|████████▊ | 176/200 [23:01<03:39,  9.13s/it, -ELBO=0.6699, Potential Metric=0.1375, Entropy Metric=0.0591]

Epoch 176:  69%|██████▉   | 11/16 [00:06<00:02,  1.80it/s][A
Training Epochs:  88%|████████▊ | 176/200 [23:02<03:39,  9.13s/it, -ELBO=0.6882, Potential Metric=0.1181, Entropy Metric=0.0537]

Epoch 176:  75%|███████▌  | 12/16 [00:06<00:02,  1.75it/s][A
Training Epochs:  88%|████████▊ | 176/200 [23:02<03:39,  9.13s/it, -ELBO=0.6747, Potential Metric=0.1319, Entropy Metric=0.0556]

Epoch 176:  81%|████████▏ | 13/16 [00:07<00:01,  1.75it/s][A
Training Epochs:  88%|████████▊ | 176/200 [23:03<03:39,  9.13s/it, -ELBO=0.6873, Potential Metric=0.1196, Entropy Metric=0.0569]

Epoch 176:  88%|████████▊ | 14/16 [00:07<00:01,  1.84it/s][A
Training Epochs:  88%|████████▊ | 176/200 [23:03<03:39,  9.13s/it, -ELBO=0.6807, Potential Metric=0.1225, Entropy Metric=0.0595]

Epoch 176:  94%|█████████▍| 15/16 [00:08<00:00,  1.87it/s][A
Training Epochs:  88%|████████▊ | 176/200 [23:04<03:39,  9.13s/it, -ELBO=0.6914, Potential Metric=0.1182, Entropy Metric=0.0575]

Epoch 176: 100%|██████████| 16/16 [00:08<00:00,  1.86it/s][A

                                                          [A
Training Epochs:  88%|████████▊ | 177/200 [23:04<03:28,  9.09s/it, -ELBO=0.6914, Potential Metric=0.1182, Entropy Metric=0.0575]

Epoch 177:   0%|          | 0/16 [00:00<?, ?it/s][A
Training Epochs:  88%|████████▊ | 177/200 [23:04<03:28,  9.09s/it, -ELBO=0.6896, Potential Metric=0.1183, Entropy Metric=0.0580]

Epoch 177:   6%|▋         | 1/16 [00:00<00:09,  1.66it/s][A
Training Epochs:  88%|████████▊ | 177/200 [23:05<03:28,  9.09s/it, -ELBO=0.7018, Potential Metric=0.1186, Entropy Metric=0.0590]

Epoch 177:  12%|█▎        | 2/16 [00:01<00:07,  1.79it/s][A
Training Epochs:  88%|████████▊ | 177/200 [23:06<03:28,  9.09s/it, -ELBO=0.6673, Potential Metric=0.1232, Entropy Metric=0.0560]

Epoch 177:  19%|█▉        | 3/16 [00:01<00:07,  1.77it/s][A
Training Epochs:  88%|████████▊ | 177/200 [23:06<03:28,  9.09s/it, -ELBO=0.6823, Potential Metric=0.1218, Entropy Metric=0.0608]

Epoch 177:  25%|██▌       | 4/16 [00:02<00:06,  1.78it/s][A
Training Epochs:  88%|████████▊ | 177/200 [23:07<03:28,  9.09s/it, -ELBO=0.6869, Potential Metric=0.1163, Entropy Metric=0.0530]

Epoch 177:  31%|███▏      | 5/16 [00:02<00:06,  1.79it/s][A
Training Epochs:  88%|████████▊ | 177/200 [23:07<03:28,  9.09s/it, -ELBO=0.6808, Potential Metric=0.1288, Entropy Metric=0.0539]

Epoch 177:  38%|███▊      | 6/16 [00:03<00:05,  1.78it/s][A
Training Epochs:  88%|████████▊ | 177/200 [23:08<03:28,  9.09s/it, -ELBO=0.6819, Potential Metric=0.1323, Entropy Metric=0.0539]

Epoch 177:  44%|████▍     | 7/16 [00:03<00:05,  1.79it/s][A
Training Epochs:  88%|████████▊ | 177/200 [23:08<03:28,  9.09s/it, -ELBO=0.6878, Potential Metric=0.1267, Entropy Metric=0.0550]

Epoch 177:  50%|█████     | 8/16 [00:04<00:04,  1.61it/s][A
Training Epochs:  88%|████████▊ | 177/200 [23:09<03:28,  9.09s/it, -ELBO=0.6870, Potential Metric=0.1171, Entropy Metric=0.0569]

Epoch 177:  56%|█████▋    | 9/16 [00:05<00:04,  1.67it/s][A
Training Epochs:  88%|████████▊ | 177/200 [23:10<03:28,  9.09s/it, -ELBO=0.6663, Potential Metric=0.1260, Entropy Metric=0.0576]

Epoch 177:  62%|██████▎   | 10/16 [00:05<00:03,  1.73it/s][A
Training Epochs:  88%|████████▊ | 177/200 [23:10<03:28,  9.09s/it, -ELBO=0.6770, Potential Metric=0.1177, Entropy Metric=0.0524]

Epoch 177:  69%|██████▉   | 11/16 [00:06<00:02,  1.76it/s][A
Training Epochs:  88%|████████▊ | 177/200 [23:11<03:28,  9.09s/it, -ELBO=0.6811, Potential Metric=0.1237, Entropy Metric=0.0572]

Epoch 177:  75%|███████▌  | 12/16 [00:06<00:02,  1.75it/s][A
Training Epochs:  88%|████████▊ | 177/200 [23:11<03:28,  9.09s/it, -ELBO=0.6920, Potential Metric=0.1008, Entropy Metric=0.0492]

Epoch 177:  81%|████████▏ | 13/16 [00:07<00:01,  1.82it/s][A
Training Epochs:  88%|████████▊ | 177/200 [23:12<03:28,  9.09s/it, -ELBO=0.6727, Potential Metric=0.1333, Entropy Metric=0.0540]

Epoch 177:  88%|████████▊ | 14/16 [00:07<00:01,  1.79it/s][A
Training Epochs:  88%|████████▊ | 177/200 [23:12<03:28,  9.09s/it, -ELBO=0.6675, Potential Metric=0.1279, Entropy Metric=0.0563]

Epoch 177:  94%|█████████▍| 15/16 [00:08<00:00,  1.84it/s][A
Training Epochs:  88%|████████▊ | 177/200 [23:13<03:28,  9.09s/it, -ELBO=0.6706, Potential Metric=0.1259, Entropy Metric=0.0540]

Epoch 177: 100%|██████████| 16/16 [00:08<00:00,  1.90it/s][A

                                                          [A
Training Epochs:  89%|████████▉ | 178/200 [23:13<03:19,  9.07s/it, -ELBO=0.6706, Potential Metric=0.1259, Entropy Metric=0.0540]

Epoch 178:   0%|          | 0/16 [00:00<?, ?it/s][A
Training Epochs:  89%|████████▉ | 178/200 [23:14<03:19,  9.07s/it, -ELBO=0.6879, Potential Metric=0.1137, Entropy Metric=0.0555]

Epoch 178:   6%|▋         | 1/16 [00:00<00:09,  1.60it/s][A
Training Epochs:  89%|████████▉ | 178/200 [23:14<03:19,  9.07s/it, -ELBO=0.6703, Potential Metric=0.1258, Entropy Metric=0.0555]

Epoch 178:  12%|█▎        | 2/16 [00:01<00:08,  1.72it/s][A
Training Epochs:  89%|████████▉ | 178/200 [23:15<03:19,  9.07s/it, -ELBO=0.6713, Potential Metric=0.1161, Entropy Metric=0.0542]

Epoch 178:  19%|█▉        | 3/16 [00:01<00:07,  1.70it/s][A
Training Epochs:  89%|████████▉ | 178/200 [23:15<03:19,  9.07s/it, -ELBO=0.6759, Potential Metric=0.1088, Entropy Metric=0.0511]

Epoch 178:  25%|██▌       | 4/16 [00:02<00:07,  1.71it/s][A
Training Epochs:  89%|████████▉ | 178/200 [23:16<03:19,  9.07s/it, -ELBO=0.6758, Potential Metric=0.1090, Entropy Metric=0.0479]

Epoch 178:  31%|███▏      | 5/16 [00:02<00:06,  1.73it/s][A
Training Epochs:  89%|████████▉ | 178/200 [23:16<03:19,  9.07s/it, -ELBO=0.6757, Potential Metric=0.1096, Entropy Metric=0.0535]

Epoch 178:  38%|███▊      | 6/16 [00:03<00:05,  1.73it/s][A
Training Epochs:  89%|████████▉ | 178/200 [23:17<03:19,  9.07s/it, -ELBO=0.6823, Potential Metric=0.1150, Entropy Metric=0.0529]

Epoch 178:  44%|████▍     | 7/16 [00:04<00:05,  1.77it/s][A
Training Epochs:  89%|████████▉ | 178/200 [23:17<03:19,  9.07s/it, -ELBO=0.6772, Potential Metric=0.1180, Entropy Metric=0.0495]

Epoch 178:  50%|█████     | 8/16 [00:04<00:04,  1.78it/s][A
Training Epochs:  89%|████████▉ | 178/200 [23:18<03:19,  9.07s/it, -ELBO=0.6743, Potential Metric=0.1379, Entropy Metric=0.0546]

Epoch 178:  56%|█████▋    | 9/16 [00:05<00:03,  1.79it/s][A
Training Epochs:  89%|████████▉ | 178/200 [23:19<03:19,  9.07s/it, -ELBO=0.6739, Potential Metric=0.1182, Entropy Metric=0.0551]

Epoch 178:  62%|██████▎   | 10/16 [00:05<00:03,  1.79it/s][A
Training Epochs:  89%|████████▉ | 178/200 [23:19<03:19,  9.07s/it, -ELBO=0.7070, Potential Metric=0.1126, Entropy Metric=0.0545]

Epoch 178:  69%|██████▉   | 11/16 [00:06<00:02,  1.79it/s][A
Training Epochs:  89%|████████▉ | 178/200 [23:20<03:19,  9.07s/it, -ELBO=0.6759, Potential Metric=0.1220, Entropy Metric=0.0523]

Epoch 178:  75%|███████▌  | 12/16 [00:06<00:02,  1.82it/s][A
Training Epochs:  89%|████████▉ | 178/200 [23:20<03:19,  9.07s/it, -ELBO=0.6698, Potential Metric=0.1311, Entropy Metric=0.0569]

Epoch 178:  81%|████████▏ | 13/16 [00:07<00:01,  1.80it/s][A
Training Epochs:  89%|████████▉ | 178/200 [23:21<03:19,  9.07s/it, -ELBO=0.6580, Potential Metric=0.1389, Entropy Metric=0.0574]

Epoch 178:  88%|████████▊ | 14/16 [00:07<00:01,  1.84it/s][A
Training Epochs:  89%|████████▉ | 178/200 [23:21<03:19,  9.07s/it, -ELBO=0.6629, Potential Metric=0.1446, Entropy Metric=0.0576]

Epoch 178:  94%|█████████▍| 15/16 [00:08<00:00,  1.89it/s][A
Training Epochs:  89%|████████▉ | 178/200 [23:22<03:19,  9.07s/it, -ELBO=0.6747, Potential Metric=0.1260, Entropy Metric=0.0551]

Epoch 178: 100%|██████████| 16/16 [00:08<00:00,  1.86it/s][A

                                                          [A
Training Epochs:  90%|████████▉ | 179/200 [23:22<03:10,  9.06s/it, -ELBO=0.6747, Potential Metric=0.1260, Entropy Metric=0.0551]

Epoch 179:   0%|          | 0/16 [00:00<?, ?it/s][A
Training Epochs:  90%|████████▉ | 179/200 [23:22<03:10,  9.06s/it, -ELBO=0.6799, Potential Metric=0.1247, Entropy Metric=0.0584]

Epoch 179:   6%|▋         | 1/16 [00:00<00:08,  1.71it/s][A
Training Epochs:  90%|████████▉ | 179/200 [23:23<03:10,  9.06s/it, -ELBO=0.6600, Potential Metric=0.1381, Entropy Metric=0.0577]

Epoch 179:  12%|█▎        | 2/16 [00:01<00:08,  1.72it/s][A
Training Epochs:  90%|████████▉ | 179/200 [23:24<03:10,  9.06s/it, -ELBO=0.6732, Potential Metric=0.1240, Entropy Metric=0.0578]

Epoch 179:  19%|█▉        | 3/16 [00:01<00:07,  1.73it/s][A
Training Epochs:  90%|████████▉ | 179/200 [23:24<03:10,  9.06s/it, -ELBO=0.6785, Potential Metric=0.1179, Entropy Metric=0.0549]

Epoch 179:  25%|██▌       | 4/16 [00:02<00:06,  1.78it/s][A
Training Epochs:  90%|████████▉ | 179/200 [23:25<03:10,  9.06s/it, -ELBO=0.6628, Potential Metric=0.1392, Entropy Metric=0.0557]

Epoch 179:  31%|███▏      | 5/16 [00:02<00:06,  1.81it/s][A
Training Epochs:  90%|████████▉ | 179/200 [23:25<03:10,  9.06s/it, -ELBO=0.6595, Potential Metric=0.1312, Entropy Metric=0.0510]

Epoch 179:  38%|███▊      | 6/16 [00:03<00:05,  1.83it/s][A
Training Epochs:  90%|████████▉ | 179/200 [23:26<03:10,  9.06s/it, -ELBO=0.6857, Potential Metric=0.1153, Entropy Metric=0.0495]

Epoch 179:  44%|████▍     | 7/16 [00:03<00:04,  1.85it/s][A
Training Epochs:  90%|████████▉ | 179/200 [23:26<03:10,  9.06s/it, -ELBO=0.6802, Potential Metric=0.1297, Entropy Metric=0.0555]

Epoch 179:  50%|█████     | 8/16 [00:04<00:04,  1.81it/s][A
Training Epochs:  90%|████████▉ | 179/200 [23:27<03:10,  9.06s/it, -ELBO=0.6732, Potential Metric=0.1334, Entropy Metric=0.0545]

Epoch 179:  56%|█████▋    | 9/16 [00:05<00:03,  1.81it/s][A
Training Epochs:  90%|████████▉ | 179/200 [23:27<03:10,  9.06s/it, -ELBO=0.6710, Potential Metric=0.1292, Entropy Metric=0.0548]

Epoch 179:  62%|██████▎   | 10/16 [00:05<00:03,  1.85it/s][A
Training Epochs:  90%|████████▉ | 179/200 [23:28<03:10,  9.06s/it, -ELBO=0.6727, Potential Metric=0.1214, Entropy Metric=0.0580]

Epoch 179:  69%|██████▉   | 11/16 [00:06<00:02,  1.79it/s][A
Training Epochs:  90%|████████▉ | 179/200 [23:29<03:10,  9.06s/it, -ELBO=0.6731, Potential Metric=0.1213, Entropy Metric=0.0565]

Epoch 179:  75%|███████▌  | 12/16 [00:06<00:02,  1.86it/s][A
Training Epochs:  90%|████████▉ | 179/200 [23:29<03:10,  9.06s/it, -ELBO=0.6644, Potential Metric=0.1268, Entropy Metric=0.0553]

Epoch 179:  81%|████████▏ | 13/16 [00:07<00:01,  1.85it/s][A
Training Epochs:  90%|████████▉ | 179/200 [23:30<03:10,  9.06s/it, -ELBO=0.6772, Potential Metric=0.1283, Entropy Metric=0.0558]

Epoch 179:  88%|████████▊ | 14/16 [00:07<00:01,  1.87it/s][A
Training Epochs:  90%|████████▉ | 179/200 [23:30<03:10,  9.06s/it, -ELBO=0.6657, Potential Metric=0.1276, Entropy Metric=0.0545]

Epoch 179:  94%|█████████▍| 15/16 [00:08<00:00,  1.84it/s][A
Training Epochs:  90%|████████▉ | 179/200 [23:31<03:10,  9.06s/it, -ELBO=0.6835, Potential Metric=0.1212, Entropy Metric=0.0571]

Epoch 179: 100%|██████████| 16/16 [00:08<00:00,  1.80it/s][A

                                                          [A
Training Epochs:  90%|█████████ | 180/200 [23:31<03:00,  9.02s/it, -ELBO=0.6835, Potential Metric=0.1212, Entropy Metric=0.0571]

Epoch 180:   0%|          | 0/16 [00:00<?, ?it/s][A
Training Epochs:  90%|█████████ | 180/200 [23:31<03:00,  9.02s/it, -ELBO=0.6737, Potential Metric=0.1280, Entropy Metric=0.0596]

Epoch 180:   6%|▋         | 1/16 [00:00<00:08,  1.73it/s][A
Training Epochs:  90%|█████████ | 180/200 [23:32<03:00,  9.02s/it, -ELBO=0.6637, Potential Metric=0.1258, Entropy Metric=0.0536]

Epoch 180:  12%|█▎        | 2/16 [00:01<00:07,  1.82it/s][A
Training Epochs:  90%|█████████ | 180/200 [23:32<03:00,  9.02s/it, -ELBO=0.6675, Potential Metric=0.1280, Entropy Metric=0.0580]

Epoch 180:  19%|█▉        | 3/16 [00:01<00:07,  1.82it/s][A
Training Epochs:  90%|█████████ | 180/200 [23:33<03:00,  9.02s/it, -ELBO=0.6777, Potential Metric=0.1284, Entropy Metric=0.0614]

Epoch 180:  25%|██▌       | 4/16 [00:02<00:07,  1.66it/s][A
Training Epochs:  90%|█████████ | 180/200 [23:34<03:00,  9.02s/it, -ELBO=0.6777, Potential Metric=0.1156, Entropy Metric=0.0562]

Epoch 180:  31%|███▏      | 5/16 [00:02<00:06,  1.68it/s][A
Training Epochs:  90%|█████████ | 180/200 [23:34<03:00,  9.02s/it, -ELBO=0.6735, Potential Metric=0.1178, Entropy Metric=0.0579]

Epoch 180:  38%|███▊      | 6/16 [00:03<00:05,  1.67it/s][A
Training Epochs:  90%|█████████ | 180/200 [23:35<03:00,  9.02s/it, -ELBO=0.6628, Potential Metric=0.1170, Entropy Metric=0.0610]

Epoch 180:  44%|████▍     | 7/16 [00:04<00:05,  1.73it/s][A
Training Epochs:  90%|█████████ | 180/200 [23:35<03:00,  9.02s/it, -ELBO=0.6592, Potential Metric=0.1250, Entropy Metric=0.0516]

Epoch 180:  50%|█████     | 8/16 [00:04<00:04,  1.75it/s][A
Training Epochs:  90%|█████████ | 180/200 [23:36<03:00,  9.02s/it, -ELBO=0.6602, Potential Metric=0.1210, Entropy Metric=0.0547]

Epoch 180:  56%|█████▋    | 9/16 [00:05<00:03,  1.81it/s][A
Training Epochs:  90%|█████████ | 180/200 [23:37<03:00,  9.02s/it, -ELBO=0.6632, Potential Metric=0.1202, Entropy Metric=0.0593]

Epoch 180:  62%|██████▎   | 10/16 [00:05<00:03,  1.75it/s][A
Training Epochs:  90%|█████████ | 180/200 [23:37<03:00,  9.02s/it, -ELBO=0.6637, Potential Metric=0.1133, Entropy Metric=0.0517]

Epoch 180:  69%|██████▉   | 11/16 [00:06<00:02,  1.75it/s][A
Training Epochs:  90%|█████████ | 180/200 [23:38<03:00,  9.02s/it, -ELBO=0.6714, Potential Metric=0.1261, Entropy Metric=0.0547]

Epoch 180:  75%|███████▌  | 12/16 [00:06<00:02,  1.72it/s][A
Training Epochs:  90%|█████████ | 180/200 [23:38<03:00,  9.02s/it, -ELBO=0.6574, Potential Metric=0.1289, Entropy Metric=0.0570]

Epoch 180:  81%|████████▏ | 13/16 [00:07<00:01,  1.76it/s][A
Training Epochs:  90%|█████████ | 180/200 [23:39<03:00,  9.02s/it, -ELBO=0.6653, Potential Metric=0.1235, Entropy Metric=0.0610]

Epoch 180:  88%|████████▊ | 14/16 [00:08<00:01,  1.75it/s][A
Training Epochs:  90%|█████████ | 180/200 [23:39<03:00,  9.02s/it, -ELBO=0.6709, Potential Metric=0.1111, Entropy Metric=0.0590]

Epoch 180:  94%|█████████▍| 15/16 [00:08<00:00,  1.75it/s][A
Training Epochs:  90%|█████████ | 180/200 [23:40<03:00,  9.02s/it, -ELBO=0.6632, Potential Metric=0.1283, Entropy Metric=0.0617]

Epoch 180: 100%|██████████| 16/16 [00:09<00:00,  1.73it/s][A

                                                          [A
Training Epochs:  90%|█████████ | 181/200 [23:40<02:52,  9.09s/it, -ELBO=0.6632, Potential Metric=0.1283, Entropy Metric=0.0617]

Epoch 181:   0%|          | 0/16 [00:00<?, ?it/s][A
Training Epochs:  90%|█████████ | 181/200 [23:41<02:52,  9.09s/it, -ELBO=0.6686, Potential Metric=0.1187, Entropy Metric=0.0646]

Epoch 181:   6%|▋         | 1/16 [00:00<00:09,  1.57it/s][A
Training Epochs:  90%|█████████ | 181/200 [23:41<02:52,  9.09s/it, -ELBO=0.6570, Potential Metric=0.1264, Entropy Metric=0.0612]

Epoch 181:  12%|█▎        | 2/16 [00:01<00:08,  1.62it/s][A
Training Epochs:  90%|█████████ | 181/200 [23:42<02:52,  9.09s/it, -ELBO=0.6605, Potential Metric=0.1271, Entropy Metric=0.0570]

Epoch 181:  19%|█▉        | 3/16 [00:01<00:07,  1.68it/s][A
Training Epochs:  90%|█████████ | 181/200 [23:42<02:52,  9.09s/it, -ELBO=0.6648, Potential Metric=0.1164, Entropy Metric=0.0594]

Epoch 181:  25%|██▌       | 4/16 [00:02<00:06,  1.77it/s][A
Training Epochs:  90%|█████████ | 181/200 [23:43<02:52,  9.09s/it, -ELBO=0.6710, Potential Metric=0.1305, Entropy Metric=0.0637]

Epoch 181:  31%|███▏      | 5/16 [00:02<00:06,  1.82it/s][A
Training Epochs:  90%|█████████ | 181/200 [23:43<02:52,  9.09s/it, -ELBO=0.6664, Potential Metric=0.1225, Entropy Metric=0.0612]

Epoch 181:  38%|███▊      | 6/16 [00:03<00:05,  1.88it/s][A
Training Epochs:  90%|█████████ | 181/200 [23:44<02:52,  9.09s/it, -ELBO=0.6565, Potential Metric=0.1278, Entropy Metric=0.0615]

Epoch 181:  44%|████▍     | 7/16 [00:03<00:04,  1.82it/s][A
Training Epochs:  90%|█████████ | 181/200 [23:45<02:52,  9.09s/it, -ELBO=0.6619, Potential Metric=0.1330, Entropy Metric=0.0625]

Epoch 181:  50%|█████     | 8/16 [00:04<00:04,  1.83it/s][A
Training Epochs:  90%|█████████ | 181/200 [23:45<02:52,  9.09s/it, -ELBO=0.6690, Potential Metric=0.1238, Entropy Metric=0.0599]

Epoch 181:  56%|█████▋    | 9/16 [00:05<00:03,  1.79it/s][A
Training Epochs:  90%|█████████ | 181/200 [23:46<02:52,  9.09s/it, -ELBO=0.6742, Potential Metric=0.1203, Entropy Metric=0.0582]

Epoch 181:  62%|██████▎   | 10/16 [00:05<00:03,  1.76it/s][A
Training Epochs:  90%|█████████ | 181/200 [23:46<02:52,  9.09s/it, -ELBO=0.6739, Potential Metric=0.1258, Entropy Metric=0.0579]

Epoch 181:  69%|██████▉   | 11/16 [00:06<00:02,  1.78it/s][A
Training Epochs:  90%|█████████ | 181/200 [23:47<02:52,  9.09s/it, -ELBO=0.6604, Potential Metric=0.1253, Entropy Metric=0.0597]

Epoch 181:  75%|███████▌  | 12/16 [00:06<00:02,  1.77it/s][A
Training Epochs:  90%|█████████ | 181/200 [23:47<02:52,  9.09s/it, -ELBO=0.6631, Potential Metric=0.1231, Entropy Metric=0.0578]

Epoch 181:  81%|████████▏ | 13/16 [00:07<00:01,  1.74it/s][A
Training Epochs:  90%|█████████ | 181/200 [23:48<02:52,  9.09s/it, -ELBO=0.6620, Potential Metric=0.1326, Entropy Metric=0.0590]

Epoch 181:  88%|████████▊ | 14/16 [00:07<00:01,  1.72it/s][A
Training Epochs:  90%|█████████ | 181/200 [23:49<02:52,  9.09s/it, -ELBO=0.6739, Potential Metric=0.1251, Entropy Metric=0.0557]

Epoch 181:  94%|█████████▍| 15/16 [00:08<00:00,  1.74it/s][A
Training Epochs:  90%|█████████ | 181/200 [23:49<02:52,  9.09s/it, -ELBO=0.6517, Potential Metric=0.1271, Entropy Metric=0.0628]

Epoch 181: 100%|██████████| 16/16 [00:09<00:00,  1.74it/s][A

                                                          [A
Training Epochs:  91%|█████████ | 182/200 [23:49<02:44,  9.13s/it, -ELBO=0.6517, Potential Metric=0.1271, Entropy Metric=0.0628]

Epoch 182:   0%|          | 0/16 [00:00<?, ?it/s][A
Training Epochs:  91%|█████████ | 182/200 [23:50<02:44,  9.13s/it, -ELBO=0.6637, Potential Metric=0.1243, Entropy Metric=0.0553]

Epoch 182:   6%|▋         | 1/16 [00:00<00:09,  1.59it/s][A
Training Epochs:  91%|█████████ | 182/200 [23:51<02:44,  9.13s/it, -ELBO=0.6709, Potential Metric=0.1219, Entropy Metric=0.0541]

Epoch 182:  12%|█▎        | 2/16 [00:01<00:08,  1.62it/s][A
Training Epochs:  91%|█████████ | 182/200 [23:51<02:44,  9.13s/it, -ELBO=0.6544, Potential Metric=0.1213, Entropy Metric=0.0539]

Epoch 182:  19%|█▉        | 3/16 [00:01<00:07,  1.73it/s][A
Training Epochs:  91%|█████████ | 182/200 [23:52<02:44,  9.13s/it, -ELBO=0.6607, Potential Metric=0.1308, Entropy Metric=0.0550]

Epoch 182:  25%|██▌       | 4/16 [00:02<00:06,  1.74it/s][A
Training Epochs:  91%|█████████ | 182/200 [23:52<02:44,  9.13s/it, -ELBO=0.6592, Potential Metric=0.1289, Entropy Metric=0.0542]

Epoch 182:  31%|███▏      | 5/16 [00:02<00:06,  1.80it/s][A
Training Epochs:  91%|█████████ | 182/200 [23:53<02:44,  9.13s/it, -ELBO=0.6604, Potential Metric=0.1230, Entropy Metric=0.0530]

Epoch 182:  38%|███▊      | 6/16 [00:03<00:05,  1.80it/s][A
Training Epochs:  91%|█████████ | 182/200 [23:53<02:44,  9.13s/it, -ELBO=0.6585, Potential Metric=0.1276, Entropy Metric=0.0564]

Epoch 182:  44%|████▍     | 7/16 [00:03<00:04,  1.83it/s][A
Training Epochs:  91%|█████████ | 182/200 [23:54<02:44,  9.13s/it, -ELBO=0.6571, Potential Metric=0.1241, Entropy Metric=0.0568]

Epoch 182:  50%|█████     | 8/16 [00:04<00:04,  1.80it/s][A
Training Epochs:  91%|█████████ | 182/200 [23:54<02:44,  9.13s/it, -ELBO=0.6727, Potential Metric=0.1180, Entropy Metric=0.0571]

Epoch 182:  56%|█████▋    | 9/16 [00:05<00:03,  1.79it/s][A
Training Epochs:  91%|█████████ | 182/200 [23:55<02:44,  9.13s/it, -ELBO=0.6571, Potential Metric=0.1119, Entropy Metric=0.0527]

Epoch 182:  62%|██████▎   | 10/16 [00:05<00:03,  1.76it/s][A
Training Epochs:  91%|█████████ | 182/200 [23:55<02:44,  9.13s/it, -ELBO=0.6665, Potential Metric=0.1098, Entropy Metric=0.0559]

Epoch 182:  69%|██████▉   | 11/16 [00:06<00:02,  1.82it/s][A
Training Epochs:  91%|█████████ | 182/200 [23:56<02:44,  9.13s/it, -ELBO=0.6531, Potential Metric=0.1349, Entropy Metric=0.0556]

Epoch 182:  75%|███████▌  | 12/16 [00:06<00:02,  1.82it/s][A
Training Epochs:  91%|█████████ | 182/200 [23:57<02:44,  9.13s/it, -ELBO=0.6870, Potential Metric=0.1185, Entropy Metric=0.0559]

Epoch 182:  81%|████████▏ | 13/16 [00:07<00:01,  1.82it/s][A
Training Epochs:  91%|█████████ | 182/200 [23:57<02:44,  9.13s/it, -ELBO=0.6516, Potential Metric=0.1309, Entropy Metric=0.0551]

Epoch 182:  88%|████████▊ | 14/16 [00:07<00:01,  1.81it/s][A
Training Epochs:  91%|█████████ | 182/200 [23:58<02:44,  9.13s/it, -ELBO=0.6549, Potential Metric=0.1341, Entropy Metric=0.0573]

Epoch 182:  94%|█████████▍| 15/16 [00:08<00:00,  1.81it/s][A
Training Epochs:  91%|█████████ | 182/200 [23:58<02:44,  9.13s/it, -ELBO=0.6447, Potential Metric=0.1252, Entropy Metric=0.0539]

Epoch 182: 100%|██████████| 16/16 [00:09<00:00,  1.66it/s][A

                                                          [A
Training Epochs:  92%|█████████▏| 183/200 [23:58<02:35,  9.16s/it, -ELBO=0.6447, Potential Metric=0.1252, Entropy Metric=0.0539]

Epoch 183:   0%|          | 0/16 [00:00<?, ?it/s][A
Training Epochs:  92%|█████████▏| 183/200 [23:59<02:35,  9.16s/it, -ELBO=0.6582, Potential Metric=0.1294, Entropy Metric=0.0573]

Epoch 183:   6%|▋         | 1/16 [00:00<00:09,  1.66it/s][A
Training Epochs:  92%|█████████▏| 183/200 [24:00<02:35,  9.16s/it, -ELBO=0.6589, Potential Metric=0.1273, Entropy Metric=0.0522]

Epoch 183:  12%|█▎        | 2/16 [00:01<00:07,  1.77it/s][A
Training Epochs:  92%|█████████▏| 183/200 [24:00<02:35,  9.16s/it, -ELBO=0.6713, Potential Metric=0.1161, Entropy Metric=0.0509]

Epoch 183:  19%|█▉        | 3/16 [00:01<00:07,  1.71it/s][A
Training Epochs:  92%|█████████▏| 183/200 [24:01<02:35,  9.16s/it, -ELBO=0.6630, Potential Metric=0.1234, Entropy Metric=0.0552]

Epoch 183:  25%|██▌       | 4/16 [00:02<00:06,  1.76it/s][A
Training Epochs:  92%|█████████▏| 183/200 [24:01<02:35,  9.16s/it, -ELBO=0.6467, Potential Metric=0.1296, Entropy Metric=0.0535]

Epoch 183:  31%|███▏      | 5/16 [00:02<00:06,  1.80it/s][A
Training Epochs:  92%|█████████▏| 183/200 [24:02<02:35,  9.16s/it, -ELBO=0.6549, Potential Metric=0.1402, Entropy Metric=0.0535]

Epoch 183:  38%|███▊      | 6/16 [00:03<00:05,  1.82it/s][A
Training Epochs:  92%|█████████▏| 183/200 [24:02<02:35,  9.16s/it, -ELBO=0.6662, Potential Metric=0.1243, Entropy Metric=0.0535]

Epoch 183:  44%|████▍     | 7/16 [00:03<00:04,  1.82it/s][A
Training Epochs:  92%|█████████▏| 183/200 [24:03<02:35,  9.16s/it, -ELBO=0.6423, Potential Metric=0.1269, Entropy Metric=0.0557]

Epoch 183:  50%|█████     | 8/16 [00:04<00:04,  1.82it/s][A
Training Epochs:  92%|█████████▏| 183/200 [24:04<02:35,  9.16s/it, -ELBO=0.6557, Potential Metric=0.1310, Entropy Metric=0.0579]

Epoch 183:  56%|█████▋    | 9/16 [00:05<00:03,  1.83it/s][A
Training Epochs:  92%|█████████▏| 183/200 [24:04<02:35,  9.16s/it, -ELBO=0.6522, Potential Metric=0.1256, Entropy Metric=0.0550]

Epoch 183:  62%|██████▎   | 10/16 [00:05<00:03,  1.81it/s][A
Training Epochs:  92%|█████████▏| 183/200 [24:05<02:35,  9.16s/it, -ELBO=0.6470, Potential Metric=0.1202, Entropy Metric=0.0554]

Epoch 183:  69%|██████▉   | 11/16 [00:06<00:02,  1.82it/s][A
Training Epochs:  92%|█████████▏| 183/200 [24:05<02:35,  9.16s/it, -ELBO=0.6528, Potential Metric=0.1196, Entropy Metric=0.0548]

Epoch 183:  75%|███████▌  | 12/16 [00:06<00:02,  1.80it/s][A
Training Epochs:  92%|█████████▏| 183/200 [24:06<02:35,  9.16s/it, -ELBO=0.6651, Potential Metric=0.1240, Entropy Metric=0.0621]

Epoch 183:  81%|████████▏ | 13/16 [00:07<00:01,  1.83it/s][A
Training Epochs:  92%|█████████▏| 183/200 [24:06<02:35,  9.16s/it, -ELBO=0.6568, Potential Metric=0.1199, Entropy Metric=0.0596]

Epoch 183:  88%|████████▊ | 14/16 [00:07<00:01,  1.78it/s][A
Training Epochs:  92%|█████████▏| 183/200 [24:07<02:35,  9.16s/it, -ELBO=0.6764, Potential Metric=0.1075, Entropy Metric=0.0569]

Epoch 183:  94%|█████████▍| 15/16 [00:08<00:00,  1.78it/s][A
Training Epochs:  92%|█████████▏| 183/200 [24:07<02:35,  9.16s/it, -ELBO=0.6560, Potential Metric=0.1305, Entropy Metric=0.0607]

Epoch 183: 100%|██████████| 16/16 [00:08<00:00,  1.77it/s][A

                                                          [A
Training Epochs:  92%|█████████▏| 184/200 [24:07<02:25,  9.12s/it, -ELBO=0.6560, Potential Metric=0.1305, Entropy Metric=0.0607]

Epoch 184:   0%|          | 0/16 [00:00<?, ?it/s][A
Training Epochs:  92%|█████████▏| 184/200 [24:08<02:25,  9.12s/it, -ELBO=0.6424, Potential Metric=0.1269, Entropy Metric=0.0583]

Epoch 184:   6%|▋         | 1/16 [00:00<00:08,  1.76it/s][A
Training Epochs:  92%|█████████▏| 184/200 [24:09<02:25,  9.12s/it, -ELBO=0.6508, Potential Metric=0.1234, Entropy Metric=0.0563]

Epoch 184:  12%|█▎        | 2/16 [00:01<00:07,  1.84it/s][A
Training Epochs:  92%|█████████▏| 184/200 [24:09<02:25,  9.12s/it, -ELBO=0.6676, Potential Metric=0.1143, Entropy Metric=0.0514]

Epoch 184:  19%|█▉        | 3/16 [00:01<00:07,  1.75it/s][A
Training Epochs:  92%|█████████▏| 184/200 [24:10<02:25,  9.12s/it, -ELBO=0.6392, Potential Metric=0.1134, Entropy Metric=0.0512]

Epoch 184:  25%|██▌       | 4/16 [00:02<00:06,  1.76it/s][A
Training Epochs:  92%|█████████▏| 184/200 [24:10<02:25,  9.12s/it, -ELBO=0.6601, Potential Metric=0.1116, Entropy Metric=0.0526]

Epoch 184:  31%|███▏      | 5/16 [00:02<00:06,  1.74it/s][A
Training Epochs:  92%|█████████▏| 184/200 [24:11<02:25,  9.12s/it, -ELBO=0.6480, Potential Metric=0.1323, Entropy Metric=0.0563]

Epoch 184:  38%|███▊      | 6/16 [00:03<00:05,  1.71it/s][A
Training Epochs:  92%|█████████▏| 184/200 [24:11<02:25,  9.12s/it, -ELBO=0.6625, Potential Metric=0.1190, Entropy Metric=0.0531]

Epoch 184:  44%|████▍     | 7/16 [00:03<00:05,  1.75it/s][A
Training Epochs:  92%|█████████▏| 184/200 [24:12<02:25,  9.12s/it, -ELBO=0.6495, Potential Metric=0.1356, Entropy Metric=0.0544]

Epoch 184:  50%|█████     | 8/16 [00:04<00:04,  1.70it/s][A
Training Epochs:  92%|█████████▏| 184/200 [24:13<02:25,  9.12s/it, -ELBO=0.6649, Potential Metric=0.1313, Entropy Metric=0.0531]

Epoch 184:  56%|█████▋    | 9/16 [00:05<00:04,  1.69it/s][A
Training Epochs:  92%|█████████▏| 184/200 [24:13<02:25,  9.12s/it, -ELBO=0.6719, Potential Metric=0.1195, Entropy Metric=0.0548]

Epoch 184:  62%|██████▎   | 10/16 [00:05<00:03,  1.63it/s][A
Training Epochs:  92%|█████████▏| 184/200 [24:14<02:25,  9.12s/it, -ELBO=0.6572, Potential Metric=0.1232, Entropy Metric=0.0533]

Epoch 184:  69%|██████▉   | 11/16 [00:06<00:02,  1.70it/s][A
Training Epochs:  92%|█████████▏| 184/200 [24:14<02:25,  9.12s/it, -ELBO=0.6489, Potential Metric=0.1291, Entropy Metric=0.0553]

Epoch 184:  75%|███████▌  | 12/16 [00:06<00:02,  1.75it/s][A
Training Epochs:  92%|█████████▏| 184/200 [24:15<02:25,  9.12s/it, -ELBO=0.6544, Potential Metric=0.1352, Entropy Metric=0.0555]

Epoch 184:  81%|████████▏ | 13/16 [00:07<00:01,  1.71it/s][A
Training Epochs:  92%|█████████▏| 184/200 [24:16<02:25,  9.12s/it, -ELBO=0.6632, Potential Metric=0.1189, Entropy Metric=0.0521]

Epoch 184:  88%|████████▊ | 14/16 [00:08<00:01,  1.67it/s][A
Training Epochs:  92%|█████████▏| 184/200 [24:16<02:25,  9.12s/it, -ELBO=0.6497, Potential Metric=0.1330, Entropy Metric=0.0551]

Epoch 184:  94%|█████████▍| 15/16 [00:08<00:00,  1.69it/s][A
Training Epochs:  92%|█████████▏| 184/200 [24:17<02:25,  9.12s/it, -ELBO=0.6526, Potential Metric=0.1416, Entropy Metric=0.0570]

Epoch 184: 100%|██████████| 16/16 [00:09<00:00,  1.66it/s][A

                                                          [A
Training Epochs:  92%|█████████▎| 185/200 [24:17<02:18,  9.21s/it, -ELBO=0.6526, Potential Metric=0.1416, Entropy Metric=0.0570]

Epoch 185:   0%|          | 0/16 [00:00<?, ?it/s][A
Training Epochs:  92%|█████████▎| 185/200 [24:18<02:18,  9.21s/it, -ELBO=0.6428, Potential Metric=0.1263, Entropy Metric=0.0596]

Epoch 185:   6%|▋         | 1/16 [00:00<00:08,  1.79it/s][A
Training Epochs:  92%|█████████▎| 185/200 [24:18<02:18,  9.21s/it, -ELBO=0.6517, Potential Metric=0.1276, Entropy Metric=0.0544]

Epoch 185:  12%|█▎        | 2/16 [00:01<00:07,  1.77it/s][A
Training Epochs:  92%|█████████▎| 185/200 [24:19<02:18,  9.21s/it, -ELBO=0.6528, Potential Metric=0.1358, Entropy Metric=0.0582]

Epoch 185:  19%|█▉        | 3/16 [00:01<00:07,  1.72it/s][A
Training Epochs:  92%|█████████▎| 185/200 [24:19<02:18,  9.21s/it, -ELBO=0.6506, Potential Metric=0.1251, Entropy Metric=0.0594]

Epoch 185:  25%|██▌       | 4/16 [00:02<00:06,  1.77it/s][A
Training Epochs:  92%|█████████▎| 185/200 [24:20<02:18,  9.21s/it, -ELBO=0.6435, Potential Metric=0.1275, Entropy Metric=0.0564]

Epoch 185:  31%|███▏      | 5/16 [00:02<00:06,  1.79it/s][A
Training Epochs:  92%|█████████▎| 185/200 [24:20<02:18,  9.21s/it, -ELBO=0.6431, Potential Metric=0.1381, Entropy Metric=0.0557]

Epoch 185:  38%|███▊      | 6/16 [00:03<00:05,  1.78it/s][A
Training Epochs:  92%|█████████▎| 185/200 [24:21<02:18,  9.21s/it, -ELBO=0.6505, Potential Metric=0.1284, Entropy Metric=0.0530]

Epoch 185:  44%|████▍     | 7/16 [00:04<00:05,  1.66it/s][A
Training Epochs:  92%|█████████▎| 185/200 [24:22<02:18,  9.21s/it, -ELBO=0.6551, Potential Metric=0.1234, Entropy Metric=0.0588]

Epoch 185:  50%|█████     | 8/16 [00:04<00:04,  1.73it/s][A
Training Epochs:  92%|█████████▎| 185/200 [24:22<02:18,  9.21s/it, -ELBO=0.6472, Potential Metric=0.1322, Entropy Metric=0.0545]

Epoch 185:  56%|█████▋    | 9/16 [00:05<00:03,  1.76it/s][A
Training Epochs:  92%|█████████▎| 185/200 [24:23<02:18,  9.21s/it, -ELBO=0.6422, Potential Metric=0.1380, Entropy Metric=0.0575]

Epoch 185:  62%|██████▎   | 10/16 [00:05<00:03,  1.77it/s][A
Training Epochs:  92%|█████████▎| 185/200 [24:23<02:18,  9.21s/it, -ELBO=0.6510, Potential Metric=0.1270, Entropy Metric=0.0528]

Epoch 185:  69%|██████▉   | 11/16 [00:06<00:02,  1.75it/s][A
Training Epochs:  92%|█████████▎| 185/200 [24:24<02:18,  9.21s/it, -ELBO=0.6655, Potential Metric=0.1063, Entropy Metric=0.0532]

Epoch 185:  75%|███████▌  | 12/16 [00:06<00:02,  1.73it/s][A
Training Epochs:  92%|█████████▎| 185/200 [24:24<02:18,  9.21s/it, -ELBO=0.6430, Potential Metric=0.1280, Entropy Metric=0.0598]

Epoch 185:  81%|████████▏ | 13/16 [00:07<00:01,  1.72it/s][A
Training Epochs:  92%|█████████▎| 185/200 [24:25<02:18,  9.21s/it, -ELBO=0.6500, Potential Metric=0.1135, Entropy Metric=0.0514]

Epoch 185:  88%|████████▊ | 14/16 [00:08<00:01,  1.76it/s][A
Training Epochs:  92%|█████████▎| 185/200 [24:26<02:18,  9.21s/it, -ELBO=0.6624, Potential Metric=0.1235, Entropy Metric=0.0556]

Epoch 185:  94%|█████████▍| 15/16 [00:08<00:00,  1.73it/s][A
Training Epochs:  92%|█████████▎| 185/200 [24:26<02:18,  9.21s/it, -ELBO=0.6546, Potential Metric=0.1174, Entropy Metric=0.0536]

Epoch 185: 100%|██████████| 16/16 [00:09<00:00,  1.79it/s][A

                                                          [A
Training Epochs:  93%|█████████▎| 186/200 [24:26<02:09,  9.22s/it, -ELBO=0.6546, Potential Metric=0.1174, Entropy Metric=0.0536]

Epoch 186:   0%|          | 0/16 [00:00<?, ?it/s][A
Training Epochs:  93%|█████████▎| 186/200 [24:27<02:09,  9.22s/it, -ELBO=0.6478, Potential Metric=0.1183, Entropy Metric=0.0544]

Epoch 186:   6%|▋         | 1/16 [00:00<00:08,  1.72it/s][A
Training Epochs:  93%|█████████▎| 186/200 [24:27<02:09,  9.22s/it, -ELBO=0.6475, Potential Metric=0.1175, Entropy Metric=0.0521]

Epoch 186:  12%|█▎        | 2/16 [00:01<00:07,  1.75it/s][A
Training Epochs:  93%|█████████▎| 186/200 [24:28<02:09,  9.22s/it, -ELBO=0.6627, Potential Metric=0.1162, Entropy Metric=0.0525]

Epoch 186:  19%|█▉        | 3/16 [00:01<00:07,  1.80it/s][A
Training Epochs:  93%|█████████▎| 186/200 [24:28<02:09,  9.22s/it, -ELBO=0.6444, Potential Metric=0.1214, Entropy Metric=0.0538]

Epoch 186:  25%|██▌       | 4/16 [00:02<00:06,  1.82it/s][A
Training Epochs:  93%|█████████▎| 186/200 [24:29<02:09,  9.22s/it, -ELBO=0.6427, Potential Metric=0.1250, Entropy Metric=0.0569]

Epoch 186:  31%|███▏      | 5/16 [00:02<00:06,  1.82it/s][A
Training Epochs:  93%|█████████▎| 186/200 [24:30<02:09,  9.22s/it, -ELBO=0.6444, Potential Metric=0.1256, Entropy Metric=0.0576]

Epoch 186:  38%|███▊      | 6/16 [00:03<00:05,  1.81it/s][A
Training Epochs:  93%|█████████▎| 186/200 [24:30<02:09,  9.22s/it, -ELBO=0.6489, Potential Metric=0.1334, Entropy Metric=0.0606]

Epoch 186:  44%|████▍     | 7/16 [00:03<00:04,  1.83it/s][A
Training Epochs:  93%|█████████▎| 186/200 [24:31<02:09,  9.22s/it, -ELBO=0.6530, Potential Metric=0.1251, Entropy Metric=0.0572]

Epoch 186:  50%|█████     | 8/16 [00:04<00:04,  1.80it/s][A
Training Epochs:  93%|█████████▎| 186/200 [24:31<02:09,  9.22s/it, -ELBO=0.6521, Potential Metric=0.1302, Entropy Metric=0.0622]

Epoch 186:  56%|█████▋    | 9/16 [00:05<00:03,  1.79it/s][A
Training Epochs:  93%|█████████▎| 186/200 [24:32<02:09,  9.22s/it, -ELBO=0.6482, Potential Metric=0.1230, Entropy Metric=0.0628]

Epoch 186:  62%|██████▎   | 10/16 [00:05<00:03,  1.79it/s][A
Training Epochs:  93%|█████████▎| 186/200 [24:32<02:09,  9.22s/it, -ELBO=0.6516, Potential Metric=0.1208, Entropy Metric=0.0541]

Epoch 186:  69%|██████▉   | 11/16 [00:06<00:02,  1.77it/s][A
Training Epochs:  93%|█████████▎| 186/200 [24:33<02:09,  9.22s/it, -ELBO=0.6477, Potential Metric=0.1284, Entropy Metric=0.0631]

Epoch 186:  75%|███████▌  | 12/16 [00:06<00:02,  1.74it/s][A
Training Epochs:  93%|█████████▎| 186/200 [24:34<02:09,  9.22s/it, -ELBO=0.6407, Potential Metric=0.1178, Entropy Metric=0.0576]

Epoch 186:  81%|████████▏ | 13/16 [00:07<00:01,  1.77it/s][A
Training Epochs:  93%|█████████▎| 186/200 [24:34<02:09,  9.22s/it, -ELBO=0.6468, Potential Metric=0.1171, Entropy Metric=0.0594]

Epoch 186:  88%|████████▊ | 14/16 [00:07<00:01,  1.76it/s][A
Training Epochs:  93%|█████████▎| 186/200 [24:35<02:09,  9.22s/it, -ELBO=0.6472, Potential Metric=0.1152, Entropy Metric=0.0571]

Epoch 186:  94%|█████████▍| 15/16 [00:08<00:00,  1.81it/s][A
Training Epochs:  93%|█████████▎| 186/200 [24:35<02:09,  9.22s/it, -ELBO=0.6490, Potential Metric=0.1131, Entropy Metric=0.0544]

Epoch 186: 100%|██████████| 16/16 [00:08<00:00,  1.81it/s][A

                                                          [A
Training Epochs:  94%|█████████▎| 187/200 [24:35<01:59,  9.17s/it, -ELBO=0.6490, Potential Metric=0.1131, Entropy Metric=0.0544]

Epoch 187:   0%|          | 0/16 [00:00<?, ?it/s][A
Training Epochs:  94%|█████████▎| 187/200 [24:36<01:59,  9.17s/it, -ELBO=0.6315, Potential Metric=0.1358, Entropy Metric=0.0556]

Epoch 187:   6%|▋         | 1/16 [00:00<00:09,  1.61it/s][A
Training Epochs:  94%|█████████▎| 187/200 [24:37<01:59,  9.17s/it, -ELBO=0.6553, Potential Metric=0.1116, Entropy Metric=0.0520]

Epoch 187:  12%|█▎        | 2/16 [00:01<00:08,  1.59it/s][A
Training Epochs:  94%|█████████▎| 187/200 [24:37<01:59,  9.17s/it, -ELBO=0.6435, Potential Metric=0.1139, Entropy Metric=0.0542]

Epoch 187:  19%|█▉        | 3/16 [00:01<00:07,  1.71it/s][A
Training Epochs:  94%|█████████▎| 187/200 [24:38<01:59,  9.17s/it, -ELBO=0.6366, Potential Metric=0.1126, Entropy Metric=0.0470]

Epoch 187:  25%|██▌       | 4/16 [00:02<00:06,  1.79it/s][A
Training Epochs:  94%|█████████▎| 187/200 [24:38<01:59,  9.17s/it, -ELBO=0.6498, Potential Metric=0.1285, Entropy Metric=0.0516]

Epoch 187:  31%|███▏      | 5/16 [00:02<00:06,  1.82it/s][A
Training Epochs:  94%|█████████▎| 187/200 [24:39<01:59,  9.17s/it, -ELBO=0.6460, Potential Metric=0.1281, Entropy Metric=0.0538]

Epoch 187:  38%|███▊      | 6/16 [00:03<00:05,  1.85it/s][A
Training Epochs:  94%|█████████▎| 187/200 [24:39<01:59,  9.17s/it, -ELBO=0.6393, Potential Metric=0.1249, Entropy Metric=0.0510]

Epoch 187:  44%|████▍     | 7/16 [00:03<00:04,  1.80it/s][A
Training Epochs:  94%|█████████▎| 187/200 [24:40<01:59,  9.17s/it, -ELBO=0.6316, Potential Metric=0.1363, Entropy Metric=0.0513]

Epoch 187:  50%|█████     | 8/16 [00:04<00:04,  1.89it/s][A
Training Epochs:  94%|█████████▎| 187/200 [24:40<01:59,  9.17s/it, -ELBO=0.6478, Potential Metric=0.1277, Entropy Metric=0.0561]

Epoch 187:  56%|█████▋    | 9/16 [00:05<00:03,  1.82it/s][A
Training Epochs:  94%|█████████▎| 187/200 [24:41<01:59,  9.17s/it, -ELBO=0.6401, Potential Metric=0.1324, Entropy Metric=0.0536]

Epoch 187:  62%|██████▎   | 10/16 [00:05<00:03,  1.85it/s][A
Training Epochs:  94%|█████████▎| 187/200 [24:41<01:59,  9.17s/it, -ELBO=0.6412, Potential Metric=0.1291, Entropy Metric=0.0537]

Epoch 187:  69%|██████▉   | 11/16 [00:06<00:02,  1.80it/s][A
Training Epochs:  94%|█████████▎| 187/200 [24:42<01:59,  9.17s/it, -ELBO=0.6585, Potential Metric=0.1246, Entropy Metric=0.0570]

Epoch 187:  75%|███████▌  | 12/16 [00:06<00:02,  1.78it/s][A
Training Epochs:  94%|█████████▎| 187/200 [24:43<01:59,  9.17s/it, -ELBO=0.6522, Potential Metric=0.1299, Entropy Metric=0.0524]

Epoch 187:  81%|████████▏ | 13/16 [00:07<00:01,  1.74it/s][A
Training Epochs:  94%|█████████▎| 187/200 [24:43<01:59,  9.17s/it, -ELBO=0.6579, Potential Metric=0.1198, Entropy Metric=0.0545]

Epoch 187:  88%|████████▊ | 14/16 [00:07<00:01,  1.70it/s][A
Training Epochs:  94%|█████████▎| 187/200 [24:44<01:59,  9.17s/it, -ELBO=0.6453, Potential Metric=0.1289, Entropy Metric=0.0575]

Epoch 187:  94%|█████████▍| 15/16 [00:08<00:00,  1.71it/s][A
Training Epochs:  94%|█████████▎| 187/200 [24:45<01:59,  9.17s/it, -ELBO=0.6355, Potential Metric=0.1290, Entropy Metric=0.0561]

Epoch 187: 100%|██████████| 16/16 [00:09<00:00,  1.59it/s][A

                                                          [A
Training Epochs:  94%|█████████▍| 188/200 [24:45<01:50,  9.23s/it, -ELBO=0.6355, Potential Metric=0.1290, Entropy Metric=0.0561]

Epoch 188:   0%|          | 0/16 [00:00<?, ?it/s][A
Training Epochs:  94%|█████████▍| 188/200 [24:45<01:50,  9.23s/it, -ELBO=0.6405, Potential Metric=0.1263, Entropy Metric=0.0538]

Epoch 188:   6%|▋         | 1/16 [00:00<00:10,  1.46it/s][A
Training Epochs:  94%|█████████▍| 188/200 [24:46<01:50,  9.23s/it, -ELBO=0.6312, Potential Metric=0.1246, Entropy Metric=0.0547]

Epoch 188:  12%|█▎        | 2/16 [00:01<00:08,  1.61it/s][A
Training Epochs:  94%|█████████▍| 188/200 [24:46<01:50,  9.23s/it, -ELBO=0.6376, Potential Metric=0.1228, Entropy Metric=0.0588]

Epoch 188:  19%|█▉        | 3/16 [00:01<00:07,  1.75it/s][A
Training Epochs:  94%|█████████▍| 188/200 [24:47<01:50,  9.23s/it, -ELBO=0.6350, Potential Metric=0.1269, Entropy Metric=0.0581]

Epoch 188:  25%|██▌       | 4/16 [00:02<00:06,  1.74it/s][A
Training Epochs:  94%|█████████▍| 188/200 [24:48<01:50,  9.23s/it, -ELBO=0.6377, Potential Metric=0.1203, Entropy Metric=0.0554]

Epoch 188:  31%|███▏      | 5/16 [00:02<00:06,  1.74it/s][A
Training Epochs:  94%|█████████▍| 188/200 [24:48<01:50,  9.23s/it, -ELBO=0.6448, Potential Metric=0.1060, Entropy Metric=0.0550]

Epoch 188:  38%|███▊      | 6/16 [00:03<00:05,  1.78it/s][A
Training Epochs:  94%|█████████▍| 188/200 [24:49<01:50,  9.23s/it, -ELBO=0.6554, Potential Metric=0.1126, Entropy Metric=0.0544]

Epoch 188:  44%|████▍     | 7/16 [00:04<00:05,  1.75it/s][A
Training Epochs:  94%|█████████▍| 188/200 [24:49<01:50,  9.23s/it, -ELBO=0.6637, Potential Metric=0.1134, Entropy Metric=0.0522]

Epoch 188:  50%|█████     | 8/16 [00:04<00:04,  1.77it/s][A
Training Epochs:  94%|█████████▍| 188/200 [24:50<01:50,  9.23s/it, -ELBO=0.6404, Potential Metric=0.1366, Entropy Metric=0.0519]

Epoch 188:  56%|█████▋    | 9/16 [00:05<00:04,  1.71it/s][A
Training Epochs:  94%|█████████▍| 188/200 [24:51<01:50,  9.23s/it, -ELBO=0.6447, Potential Metric=0.1238, Entropy Metric=0.0575]

Epoch 188:  62%|██████▎   | 10/16 [00:05<00:03,  1.70it/s][A
Training Epochs:  94%|█████████▍| 188/200 [24:51<01:50,  9.23s/it, -ELBO=0.6481, Potential Metric=0.1134, Entropy Metric=0.0522]

Epoch 188:  69%|██████▉   | 11/16 [00:06<00:02,  1.71it/s][A
Training Epochs:  94%|█████████▍| 188/200 [24:52<01:50,  9.23s/it, -ELBO=0.6343, Potential Metric=0.1193, Entropy Metric=0.0549]

Epoch 188:  75%|███████▌  | 12/16 [00:07<00:02,  1.67it/s][A
Training Epochs:  94%|█████████▍| 188/200 [24:52<01:50,  9.23s/it, -ELBO=0.6514, Potential Metric=0.1186, Entropy Metric=0.0532]

Epoch 188:  81%|████████▏ | 13/16 [00:07<00:01,  1.67it/s][A
Training Epochs:  94%|█████████▍| 188/200 [24:53<01:50,  9.23s/it, -ELBO=0.6315, Potential Metric=0.1215, Entropy Metric=0.0529]

Epoch 188:  88%|████████▊ | 14/16 [00:08<00:01,  1.69it/s][A
Training Epochs:  94%|█████████▍| 188/200 [24:53<01:50,  9.23s/it, -ELBO=0.6335, Potential Metric=0.1175, Entropy Metric=0.0543]

Epoch 188:  94%|█████████▍| 15/16 [00:08<00:00,  1.69it/s][A
Training Epochs:  94%|█████████▍| 188/200 [24:54<01:50,  9.23s/it, -ELBO=0.6333, Potential Metric=0.1195, Entropy Metric=0.0570]

Epoch 188: 100%|██████████| 16/16 [00:09<00:00,  1.70it/s][A

                                                          [A
Training Epochs:  94%|█████████▍| 189/200 [24:54<01:42,  9.32s/it, -ELBO=0.6333, Potential Metric=0.1195, Entropy Metric=0.0570]

Epoch 189:   0%|          | 0/16 [00:00<?, ?it/s][A
Training Epochs:  94%|█████████▍| 189/200 [24:55<01:42,  9.32s/it, -ELBO=0.6321, Potential Metric=0.1256, Entropy Metric=0.0581]

Epoch 189:   6%|▋         | 1/16 [00:00<00:09,  1.66it/s][A
Training Epochs:  94%|█████████▍| 189/200 [24:55<01:42,  9.32s/it, -ELBO=0.6201, Potential Metric=0.1176, Entropy Metric=0.0549]

Epoch 189:  12%|█▎        | 2/16 [00:01<00:08,  1.65it/s][A
Training Epochs:  94%|█████████▍| 189/200 [24:56<01:42,  9.32s/it, -ELBO=0.6344, Potential Metric=0.1252, Entropy Metric=0.0556]

Epoch 189:  19%|█▉        | 3/16 [00:01<00:07,  1.67it/s][A
Training Epochs:  94%|█████████▍| 189/200 [24:56<01:42,  9.32s/it, -ELBO=0.6403, Potential Metric=0.1147, Entropy Metric=0.0532]

Epoch 189:  25%|██▌       | 4/16 [00:02<00:06,  1.77it/s][A
Training Epochs:  94%|█████████▍| 189/200 [24:57<01:42,  9.32s/it, -ELBO=0.6319, Potential Metric=0.1370, Entropy Metric=0.0505]

Epoch 189:  31%|███▏      | 5/16 [00:02<00:06,  1.75it/s][A
Training Epochs:  94%|█████████▍| 189/200 [24:58<01:42,  9.32s/it, -ELBO=0.6381, Potential Metric=0.1295, Entropy Metric=0.0534]

Epoch 189:  38%|███▊      | 6/16 [00:03<00:05,  1.73it/s][A
Training Epochs:  94%|█████████▍| 189/200 [24:58<01:42,  9.32s/it, -ELBO=0.6457, Potential Metric=0.1253, Entropy Metric=0.0555]

Epoch 189:  44%|████▍     | 7/16 [00:04<00:05,  1.72it/s][A
Training Epochs:  94%|█████████▍| 189/200 [24:59<01:42,  9.32s/it, -ELBO=0.6358, Potential Metric=0.1302, Entropy Metric=0.0618]

Epoch 189:  50%|█████     | 8/16 [00:04<00:04,  1.75it/s][A
Training Epochs:  94%|█████████▍| 189/200 [24:59<01:42,  9.32s/it, -ELBO=0.6392, Potential Metric=0.1222, Entropy Metric=0.0607]

Epoch 189:  56%|█████▋    | 9/16 [00:05<00:03,  1.78it/s][A
Training Epochs:  94%|█████████▍| 189/200 [25:00<01:42,  9.32s/it, -ELBO=0.6443, Potential Metric=0.1056, Entropy Metric=0.0570]

Epoch 189:  62%|██████▎   | 10/16 [00:05<00:03,  1.81it/s][A
Training Epochs:  94%|█████████▍| 189/200 [25:00<01:42,  9.32s/it, -ELBO=0.6390, Potential Metric=0.1102, Entropy Metric=0.0613]

Epoch 189:  69%|██████▉   | 11/16 [00:06<00:02,  1.80it/s][A
Training Epochs:  94%|█████████▍| 189/200 [25:01<01:42,  9.32s/it, -ELBO=0.6249, Potential Metric=0.1240, Entropy Metric=0.0591]

Epoch 189:  75%|███████▌  | 12/16 [00:06<00:02,  1.77it/s][A
Training Epochs:  94%|█████████▍| 189/200 [25:02<01:42,  9.32s/it, -ELBO=0.6302, Potential Metric=0.1199, Entropy Metric=0.0573]

Epoch 189:  81%|████████▏ | 13/16 [00:07<00:01,  1.74it/s][A
Training Epochs:  94%|█████████▍| 189/200 [25:02<01:42,  9.32s/it, -ELBO=0.6396, Potential Metric=0.1054, Entropy Metric=0.0570]

Epoch 189:  88%|████████▊ | 14/16 [00:08<00:01,  1.75it/s][A
Training Epochs:  94%|█████████▍| 189/200 [25:03<01:42,  9.32s/it, -ELBO=0.6392, Potential Metric=0.1129, Entropy Metric=0.0524]

Epoch 189:  94%|█████████▍| 15/16 [00:08<00:00,  1.74it/s][A
Training Epochs:  94%|█████████▍| 189/200 [25:03<01:42,  9.32s/it, -ELBO=0.6427, Potential Metric=0.1284, Entropy Metric=0.0524]

Epoch 189: 100%|██████████| 16/16 [00:09<00:00,  1.73it/s][A

                                                          [A
Training Epochs:  95%|█████████▌| 190/200 [25:03<01:32,  9.28s/it, -ELBO=0.6427, Potential Metric=0.1284, Entropy Metric=0.0524]

Epoch 190:   0%|          | 0/16 [00:00<?, ?it/s][A
Training Epochs:  95%|█████████▌| 190/200 [25:04<01:32,  9.28s/it, -ELBO=0.6320, Potential Metric=0.1232, Entropy Metric=0.0506]

Epoch 190:   6%|▋         | 1/16 [00:00<00:09,  1.65it/s][A
Training Epochs:  95%|█████████▌| 190/200 [25:04<01:32,  9.28s/it, -ELBO=0.6366, Potential Metric=0.1242, Entropy Metric=0.0503]

Epoch 190:  12%|█▎        | 2/16 [00:01<00:08,  1.75it/s][A
Training Epochs:  95%|█████████▌| 190/200 [25:05<01:32,  9.28s/it, -ELBO=0.6311, Potential Metric=0.1220, Entropy Metric=0.0522]

Epoch 190:  19%|█▉        | 3/16 [00:01<00:07,  1.70it/s][A
Training Epochs:  95%|█████████▌| 190/200 [25:06<01:32,  9.28s/it, -ELBO=0.6288, Potential Metric=0.1241, Entropy Metric=0.0506]

Epoch 190:  25%|██▌       | 4/16 [00:02<00:07,  1.53it/s][A
Training Epochs:  95%|█████████▌| 190/200 [25:06<01:32,  9.28s/it, -ELBO=0.6294, Potential Metric=0.1147, Entropy Metric=0.0536]

Epoch 190:  31%|███▏      | 5/16 [00:03<00:06,  1.61it/s][A
Training Epochs:  95%|█████████▌| 190/200 [25:07<01:32,  9.28s/it, -ELBO=0.6316, Potential Metric=0.1260, Entropy Metric=0.0546]

Epoch 190:  38%|███▊      | 6/16 [00:03<00:06,  1.61it/s][A
Training Epochs:  95%|█████████▌| 190/200 [25:08<01:32,  9.28s/it, -ELBO=0.6327, Potential Metric=0.1153, Entropy Metric=0.0565]

Epoch 190:  44%|████▍     | 7/16 [00:04<00:05,  1.66it/s][A
Training Epochs:  95%|█████████▌| 190/200 [25:08<01:32,  9.28s/it, -ELBO=0.6353, Potential Metric=0.1251, Entropy Metric=0.0590]

Epoch 190:  50%|█████     | 8/16 [00:04<00:04,  1.65it/s][A
Training Epochs:  95%|█████████▌| 190/200 [25:09<01:32,  9.28s/it, -ELBO=0.6280, Potential Metric=0.1275, Entropy Metric=0.0588]

Epoch 190:  56%|█████▋    | 9/16 [00:05<00:04,  1.66it/s][A
Training Epochs:  95%|█████████▌| 190/200 [25:09<01:32,  9.28s/it, -ELBO=0.6352, Potential Metric=0.1155, Entropy Metric=0.0547]

Epoch 190:  62%|██████▎   | 10/16 [00:06<00:03,  1.71it/s][A
Training Epochs:  95%|█████████▌| 190/200 [25:10<01:32,  9.28s/it, -ELBO=0.6440, Potential Metric=0.1241, Entropy Metric=0.0588]

Epoch 190:  69%|██████▉   | 11/16 [00:06<00:02,  1.71it/s][A
Training Epochs:  95%|█████████▌| 190/200 [25:10<01:32,  9.28s/it, -ELBO=0.6476, Potential Metric=0.1236, Entropy Metric=0.0571]

Epoch 190:  75%|███████▌  | 12/16 [00:07<00:02,  1.72it/s][A
Training Epochs:  95%|█████████▌| 190/200 [25:11<01:32,  9.28s/it, -ELBO=0.6417, Potential Metric=0.1187, Entropy Metric=0.0584]

Epoch 190:  81%|████████▏ | 13/16 [00:07<00:01,  1.72it/s][A
Training Epochs:  95%|█████████▌| 190/200 [25:12<01:32,  9.28s/it, -ELBO=0.6319, Potential Metric=0.1202, Entropy Metric=0.0572]

Epoch 190:  88%|████████▊ | 14/16 [00:08<00:01,  1.68it/s][A
Training Epochs:  95%|█████████▌| 190/200 [25:12<01:32,  9.28s/it, -ELBO=0.6480, Potential Metric=0.1149, Entropy Metric=0.0566]

Epoch 190:  94%|█████████▍| 15/16 [00:08<00:00,  1.70it/s][A
Training Epochs:  95%|█████████▌| 190/200 [25:13<01:32,  9.28s/it, -ELBO=0.6347, Potential Metric=0.1219, Entropy Metric=0.0575]

Epoch 190: 100%|██████████| 16/16 [00:09<00:00,  1.69it/s][A

                                                          [A
Training Epochs:  96%|█████████▌| 191/200 [25:13<01:24,  9.37s/it, -ELBO=0.6347, Potential Metric=0.1219, Entropy Metric=0.0575]

Epoch 191:   0%|          | 0/16 [00:00<?, ?it/s][A
Training Epochs:  96%|█████████▌| 191/200 [25:14<01:24,  9.37s/it, -ELBO=0.6278, Potential Metric=0.1260, Entropy Metric=0.0537]

Epoch 191:   6%|▋         | 1/16 [00:00<00:08,  1.68it/s][A
Training Epochs:  96%|█████████▌| 191/200 [25:14<01:24,  9.37s/it, -ELBO=0.6265, Potential Metric=0.1306, Entropy Metric=0.0565]

Epoch 191:  12%|█▎        | 2/16 [00:01<00:08,  1.74it/s][A
Training Epochs:  96%|█████████▌| 191/200 [25:15<01:24,  9.37s/it, -ELBO=0.6415, Potential Metric=0.1135, Entropy Metric=0.0554]

Epoch 191:  19%|█▉        | 3/16 [00:01<00:07,  1.73it/s][A
Training Epochs:  96%|█████████▌| 191/200 [25:15<01:24,  9.37s/it, -ELBO=0.6493, Potential Metric=0.1206, Entropy Metric=0.0598]

Epoch 191:  25%|██▌       | 4/16 [00:02<00:06,  1.72it/s][A
Training Epochs:  96%|█████████▌| 191/200 [25:16<01:24,  9.37s/it, -ELBO=0.6430, Potential Metric=0.1191, Entropy Metric=0.0575]

Epoch 191:  31%|███▏      | 5/16 [00:02<00:06,  1.70it/s][A
Training Epochs:  96%|█████████▌| 191/200 [25:16<01:24,  9.37s/it, -ELBO=0.6253, Potential Metric=0.1193, Entropy Metric=0.0593]

Epoch 191:  38%|███▊      | 6/16 [00:03<00:05,  1.76it/s][A
Training Epochs:  96%|█████████▌| 191/200 [25:17<01:24,  9.37s/it, -ELBO=0.6325, Potential Metric=0.1200, Entropy Metric=0.0549]

Epoch 191:  44%|████▍     | 7/16 [00:04<00:05,  1.76it/s][A
Training Epochs:  96%|█████████▌| 191/200 [25:18<01:24,  9.37s/it, -ELBO=0.6279, Potential Metric=0.1240, Entropy Metric=0.0575]

Epoch 191:  50%|█████     | 8/16 [00:04<00:04,  1.81it/s][A
Training Epochs:  96%|█████████▌| 191/200 [25:18<01:24,  9.37s/it, -ELBO=0.6364, Potential Metric=0.1135, Entropy Metric=0.0590]

Epoch 191:  56%|█████▋    | 9/16 [00:05<00:03,  1.81it/s][A
Training Epochs:  96%|█████████▌| 191/200 [25:19<01:24,  9.37s/it, -ELBO=0.6273, Potential Metric=0.1123, Entropy Metric=0.0583]

Epoch 191:  62%|██████▎   | 10/16 [00:05<00:03,  1.82it/s][A
Training Epochs:  96%|█████████▌| 191/200 [25:19<01:24,  9.37s/it, -ELBO=0.6364, Potential Metric=0.1129, Entropy Metric=0.0581]

Epoch 191:  69%|██████▉   | 11/16 [00:06<00:02,  1.82it/s][A
Training Epochs:  96%|█████████▌| 191/200 [25:20<01:24,  9.37s/it, -ELBO=0.6361, Potential Metric=0.1150, Entropy Metric=0.0547]

Epoch 191:  75%|███████▌  | 12/16 [00:06<00:02,  1.80it/s][A
Training Epochs:  96%|█████████▌| 191/200 [25:20<01:24,  9.37s/it, -ELBO=0.6279, Potential Metric=0.1118, Entropy Metric=0.0549]

Epoch 191:  81%|████████▏ | 13/16 [00:07<00:01,  1.79it/s][A
Training Epochs:  96%|█████████▌| 191/200 [25:21<01:24,  9.37s/it, -ELBO=0.6340, Potential Metric=0.1118, Entropy Metric=0.0552]

Epoch 191:  88%|████████▊ | 14/16 [00:07<00:01,  1.80it/s][A
Training Epochs:  96%|█████████▌| 191/200 [25:21<01:24,  9.37s/it, -ELBO=0.6184, Potential Metric=0.1192, Entropy Metric=0.0540]

Epoch 191:  94%|█████████▍| 15/16 [00:08<00:00,  1.81it/s][A
Training Epochs:  96%|█████████▌| 191/200 [25:22<01:24,  9.37s/it, -ELBO=0.6260, Potential Metric=0.1208, Entropy Metric=0.0472]

Epoch 191: 100%|██████████| 16/16 [00:08<00:00,  1.82it/s][A

                                                          [A
Training Epochs:  96%|█████████▌| 192/200 [25:22<01:14,  9.29s/it, -ELBO=0.6260, Potential Metric=0.1208, Entropy Metric=0.0472]

Epoch 192:   0%|          | 0/16 [00:00<?, ?it/s][A
Training Epochs:  96%|█████████▌| 192/200 [25:23<01:14,  9.29s/it, -ELBO=0.6262, Potential Metric=0.1158, Entropy Metric=0.0484]

Epoch 192:   6%|▋         | 1/16 [00:00<00:09,  1.65it/s][A
Training Epochs:  96%|█████████▌| 192/200 [25:23<01:14,  9.29s/it, -ELBO=0.6234, Potential Metric=0.1179, Entropy Metric=0.0520]

Epoch 192:  12%|█▎        | 2/16 [00:01<00:08,  1.70it/s][A
Training Epochs:  96%|█████████▌| 192/200 [25:24<01:14,  9.29s/it, -ELBO=0.6205, Potential Metric=0.1220, Entropy Metric=0.0521]

Epoch 192:  19%|█▉        | 3/16 [00:01<00:07,  1.73it/s][A
Training Epochs:  96%|█████████▌| 192/200 [25:24<01:14,  9.29s/it, -ELBO=0.6454, Potential Metric=0.1057, Entropy Metric=0.0495]

Epoch 192:  25%|██▌       | 4/16 [00:02<00:06,  1.75it/s][A
Training Epochs:  96%|█████████▌| 192/200 [25:25<01:14,  9.29s/it, -ELBO=0.6367, Potential Metric=0.1159, Entropy Metric=0.0525]

Epoch 192:  31%|███▏      | 5/16 [00:02<00:06,  1.81it/s][A
Training Epochs:  96%|█████████▌| 192/200 [25:25<01:14,  9.29s/it, -ELBO=0.6242, Potential Metric=0.1293, Entropy Metric=0.0569]

Epoch 192:  38%|███▊      | 6/16 [00:03<00:05,  1.81it/s][A
Training Epochs:  96%|█████████▌| 192/200 [25:26<01:14,  9.29s/it, -ELBO=0.6281, Potential Metric=0.1155, Entropy Metric=0.0533]

Epoch 192:  44%|████▍     | 7/16 [00:04<00:05,  1.61it/s][A
Training Epochs:  96%|█████████▌| 192/200 [25:27<01:14,  9.29s/it, -ELBO=0.6374, Potential Metric=0.1196, Entropy Metric=0.0576]

Epoch 192:  50%|█████     | 8/16 [00:04<00:04,  1.66it/s][A
Training Epochs:  96%|█████████▌| 192/200 [25:27<01:14,  9.29s/it, -ELBO=0.6215, Potential Metric=0.1149, Entropy Metric=0.0571]

Epoch 192:  56%|█████▋    | 9/16 [00:05<00:04,  1.73it/s][A
Training Epochs:  96%|█████████▌| 192/200 [25:28<01:14,  9.29s/it, -ELBO=0.6229, Potential Metric=0.1208, Entropy Metric=0.0586]

Epoch 192:  62%|██████▎   | 10/16 [00:05<00:03,  1.73it/s][A
Training Epochs:  96%|█████████▌| 192/200 [25:28<01:14,  9.29s/it, -ELBO=0.6185, Potential Metric=0.1302, Entropy Metric=0.0559]

Epoch 192:  69%|██████▉   | 11/16 [00:06<00:02,  1.76it/s][A
Training Epochs:  96%|█████████▌| 192/200 [25:29<01:14,  9.29s/it, -ELBO=0.6278, Potential Metric=0.1225, Entropy Metric=0.0572]

Epoch 192:  75%|███████▌  | 12/16 [00:06<00:02,  1.75it/s][A
Training Epochs:  96%|█████████▌| 192/200 [25:30<01:14,  9.29s/it, -ELBO=0.6240, Potential Metric=0.1218, Entropy Metric=0.0536]

Epoch 192:  81%|████████▏ | 13/16 [00:07<00:01,  1.72it/s][A
Training Epochs:  96%|█████████▌| 192/200 [25:30<01:14,  9.29s/it, -ELBO=0.6315, Potential Metric=0.1239, Entropy Metric=0.0562]

Epoch 192:  88%|████████▊ | 14/16 [00:08<00:01,  1.71it/s][A
Training Epochs:  96%|█████████▌| 192/200 [25:31<01:14,  9.29s/it, -ELBO=0.6480, Potential Metric=0.1190, Entropy Metric=0.0553]

Epoch 192:  94%|█████████▍| 15/16 [00:08<00:00,  1.72it/s][A
Training Epochs:  96%|█████████▌| 192/200 [25:31<01:14,  9.29s/it, -ELBO=0.6320, Potential Metric=0.1094, Entropy Metric=0.0543]

Epoch 192: 100%|██████████| 16/16 [00:09<00:00,  1.74it/s][A

                                                          [A
Training Epochs:  96%|█████████▋| 193/200 [25:31<01:05,  9.31s/it, -ELBO=0.6320, Potential Metric=0.1094, Entropy Metric=0.0543]

Epoch 193:   0%|          | 0/16 [00:00<?, ?it/s][A
Training Epochs:  96%|█████████▋| 193/200 [25:32<01:05,  9.31s/it, -ELBO=0.6132, Potential Metric=0.1194, Entropy Metric=0.0570]

Epoch 193:   6%|▋         | 1/16 [00:00<00:09,  1.63it/s][A
Training Epochs:  96%|█████████▋| 193/200 [25:33<01:05,  9.31s/it, -ELBO=0.6284, Potential Metric=0.1177, Entropy Metric=0.0565]

Epoch 193:  12%|█▎        | 2/16 [00:01<00:08,  1.73it/s][A
Training Epochs:  96%|█████████▋| 193/200 [25:33<01:05,  9.31s/it, -ELBO=0.6338, Potential Metric=0.1196, Entropy Metric=0.0573]

Epoch 193:  19%|█▉        | 3/16 [00:01<00:07,  1.74it/s][A
Training Epochs:  96%|█████████▋| 193/200 [25:34<01:05,  9.31s/it, -ELBO=0.6265, Potential Metric=0.1124, Entropy Metric=0.0571]

Epoch 193:  25%|██▌       | 4/16 [00:02<00:06,  1.72it/s][A
Training Epochs:  96%|█████████▋| 193/200 [25:34<01:05,  9.31s/it, -ELBO=0.6357, Potential Metric=0.1125, Entropy Metric=0.0554]

Epoch 193:  31%|███▏      | 5/16 [00:02<00:06,  1.76it/s][A
Training Epochs:  96%|█████████▋| 193/200 [25:35<01:05,  9.31s/it, -ELBO=0.6161, Potential Metric=0.1207, Entropy Metric=0.0560]

Epoch 193:  38%|███▊      | 6/16 [00:03<00:05,  1.79it/s][A
Training Epochs:  96%|█████████▋| 193/200 [25:35<01:05,  9.31s/it, -ELBO=0.6341, Potential Metric=0.1167, Entropy Metric=0.0529]

Epoch 193:  44%|████▍     | 7/16 [00:03<00:05,  1.78it/s][A
Training Epochs:  96%|█████████▋| 193/200 [25:36<01:05,  9.31s/it, -ELBO=0.6164, Potential Metric=0.1215, Entropy Metric=0.0538]

Epoch 193:  50%|█████     | 8/16 [00:04<00:04,  1.82it/s][A
Training Epochs:  96%|█████████▋| 193/200 [25:36<01:05,  9.31s/it, -ELBO=0.6294, Potential Metric=0.1246, Entropy Metric=0.0546]

Epoch 193:  56%|█████▋    | 9/16 [00:05<00:03,  1.83it/s][A
Training Epochs:  96%|█████████▋| 193/200 [25:37<01:05,  9.31s/it, -ELBO=0.6240, Potential Metric=0.1128, Entropy Metric=0.0582]

Epoch 193:  62%|██████▎   | 10/16 [00:05<00:03,  1.79it/s][A
Training Epochs:  96%|█████████▋| 193/200 [25:38<01:05,  9.31s/it, -ELBO=0.6329, Potential Metric=0.1173, Entropy Metric=0.0549]

Epoch 193:  69%|██████▉   | 11/16 [00:06<00:02,  1.79it/s][A
Training Epochs:  96%|█████████▋| 193/200 [25:38<01:05,  9.31s/it, -ELBO=0.6175, Potential Metric=0.1250, Entropy Metric=0.0540]

Epoch 193:  75%|███████▌  | 12/16 [00:06<00:02,  1.78it/s][A
Training Epochs:  96%|█████████▋| 193/200 [25:39<01:05,  9.31s/it, -ELBO=0.6301, Potential Metric=0.1155, Entropy Metric=0.0583]

Epoch 193:  81%|████████▏ | 13/16 [00:07<00:01,  1.79it/s][A
Training Epochs:  96%|█████████▋| 193/200 [25:39<01:05,  9.31s/it, -ELBO=0.6286, Potential Metric=0.1186, Entropy Metric=0.0592]

Epoch 193:  88%|████████▊ | 14/16 [00:07<00:01,  1.78it/s][A
Training Epochs:  96%|█████████▋| 193/200 [25:40<01:05,  9.31s/it, -ELBO=0.6327, Potential Metric=0.1159, Entropy Metric=0.0579]

Epoch 193:  94%|█████████▍| 15/16 [00:08<00:00,  1.73it/s][A
Training Epochs:  96%|█████████▋| 193/200 [25:40<01:05,  9.31s/it, -ELBO=0.6167, Potential Metric=0.1176, Entropy Metric=0.0597]

Epoch 193: 100%|██████████| 16/16 [00:09<00:00,  1.73it/s][A

                                                          [A
Training Epochs:  97%|█████████▋| 194/200 [25:40<00:55,  9.26s/it, -ELBO=0.6167, Potential Metric=0.1176, Entropy Metric=0.0597]

Epoch 194:   0%|          | 0/16 [00:00<?, ?it/s][A
Training Epochs:  97%|█████████▋| 194/200 [25:41<00:55,  9.26s/it, -ELBO=0.6298, Potential Metric=0.1116, Entropy Metric=0.0544]

Epoch 194:   6%|▋         | 1/16 [00:00<00:08,  1.68it/s][A
Training Epochs:  97%|█████████▋| 194/200 [25:42<00:55,  9.26s/it, -ELBO=0.6233, Potential Metric=0.1202, Entropy Metric=0.0531]

Epoch 194:  12%|█▎        | 2/16 [00:01<00:08,  1.72it/s][A
Training Epochs:  97%|█████████▋| 194/200 [25:42<00:55,  9.26s/it, -ELBO=0.6270, Potential Metric=0.1135, Entropy Metric=0.0589]

Epoch 194:  19%|█▉        | 3/16 [00:01<00:07,  1.74it/s][A
Training Epochs:  97%|█████████▋| 194/200 [25:43<00:55,  9.26s/it, -ELBO=0.6224, Potential Metric=0.1096, Entropy Metric=0.0549]

Epoch 194:  25%|██▌       | 4/16 [00:02<00:06,  1.76it/s][A
Training Epochs:  97%|█████████▋| 194/200 [25:43<00:55,  9.26s/it, -ELBO=0.6223, Potential Metric=0.1251, Entropy Metric=0.0557]

Epoch 194:  31%|███▏      | 5/16 [00:02<00:06,  1.74it/s][A
Training Epochs:  97%|█████████▋| 194/200 [25:44<00:55,  9.26s/it, -ELBO=0.6192, Potential Metric=0.1271, Entropy Metric=0.0592]

Epoch 194:  38%|███▊      | 6/16 [00:03<00:05,  1.72it/s][A
Training Epochs:  97%|█████████▋| 194/200 [25:44<00:55,  9.26s/it, -ELBO=0.6181, Potential Metric=0.1259, Entropy Metric=0.0562]

Epoch 194:  44%|████▍     | 7/16 [00:04<00:05,  1.76it/s][A
Training Epochs:  97%|█████████▋| 194/200 [25:45<00:55,  9.26s/it, -ELBO=0.6206, Potential Metric=0.1145, Entropy Metric=0.0554]

Epoch 194:  50%|█████     | 8/16 [00:04<00:04,  1.75it/s][A
Training Epochs:  97%|█████████▋| 194/200 [25:46<00:55,  9.26s/it, -ELBO=0.6235, Potential Metric=0.1138, Entropy Metric=0.0589]

Epoch 194:  56%|█████▋    | 9/16 [00:05<00:03,  1.75it/s][A
Training Epochs:  97%|█████████▋| 194/200 [25:46<00:55,  9.26s/it, -ELBO=0.6311, Potential Metric=0.1072, Entropy Metric=0.0557]

Epoch 194:  62%|██████▎   | 10/16 [00:05<00:03,  1.75it/s][A
Training Epochs:  97%|█████████▋| 194/200 [25:47<00:55,  9.26s/it, -ELBO=0.6152, Potential Metric=0.1059, Entropy Metric=0.0572]

Epoch 194:  69%|██████▉   | 11/16 [00:06<00:02,  1.77it/s][A
Training Epochs:  97%|█████████▋| 194/200 [25:47<00:55,  9.26s/it, -ELBO=0.6265, Potential Metric=0.1116, Entropy Metric=0.0536]

Epoch 194:  75%|███████▌  | 12/16 [00:06<00:02,  1.77it/s][A
Training Epochs:  97%|█████████▋| 194/200 [25:48<00:55,  9.26s/it, -ELBO=0.6157, Potential Metric=0.1138, Entropy Metric=0.0531]

Epoch 194:  81%|████████▏ | 13/16 [00:07<00:01,  1.79it/s][A
Training Epochs:  97%|█████████▋| 194/200 [25:48<00:55,  9.26s/it, -ELBO=0.6211, Potential Metric=0.1153, Entropy Metric=0.0544]

Epoch 194:  88%|████████▊ | 14/16 [00:07<00:01,  1.78it/s][A
Training Epochs:  97%|█████████▋| 194/200 [25:49<00:55,  9.26s/it, -ELBO=0.6155, Potential Metric=0.1199, Entropy Metric=0.0562]

Epoch 194:  94%|█████████▍| 15/16 [00:08<00:00,  1.81it/s][A
Training Epochs:  97%|█████████▋| 194/200 [25:50<00:55,  9.26s/it, -ELBO=0.6195, Potential Metric=0.1331, Entropy Metric=0.0560]

Epoch 194: 100%|██████████| 16/16 [00:09<00:00,  1.72it/s][A

                                                          [A
Training Epochs:  98%|█████████▊| 195/200 [25:50<00:46,  9.23s/it, -ELBO=0.6195, Potential Metric=0.1331, Entropy Metric=0.0560]

Epoch 195:   0%|          | 0/16 [00:00<?, ?it/s][A
Training Epochs:  98%|█████████▊| 195/200 [25:50<00:46,  9.23s/it, -ELBO=0.6155, Potential Metric=0.1301, Entropy Metric=0.0542]

Epoch 195:   6%|▋         | 1/16 [00:00<00:08,  1.76it/s][A
Training Epochs:  98%|█████████▊| 195/200 [25:51<00:46,  9.23s/it, -ELBO=0.6215, Potential Metric=0.1304, Entropy Metric=0.0542]

Epoch 195:  12%|█▎        | 2/16 [00:01<00:08,  1.74it/s][A
Training Epochs:  98%|█████████▊| 195/200 [25:51<00:46,  9.23s/it, -ELBO=0.6252, Potential Metric=0.1032, Entropy Metric=0.0526]

Epoch 195:  19%|█▉        | 3/16 [00:01<00:07,  1.73it/s][A
Training Epochs:  98%|█████████▊| 195/200 [25:52<00:46,  9.23s/it, -ELBO=0.6255, Potential Metric=0.1083, Entropy Metric=0.0544]

Epoch 195:  25%|██▌       | 4/16 [00:02<00:06,  1.79it/s][A
Training Epochs:  98%|█████████▊| 195/200 [25:52<00:46,  9.23s/it, -ELBO=0.6141, Potential Metric=0.1067, Entropy Metric=0.0509]

Epoch 195:  31%|███▏      | 5/16 [00:02<00:06,  1.83it/s][A
Training Epochs:  98%|█████████▊| 195/200 [25:53<00:46,  9.23s/it, -ELBO=0.6328, Potential Metric=0.1067, Entropy Metric=0.0520]

Epoch 195:  38%|███▊      | 6/16 [00:03<00:05,  1.77it/s][A
Training Epochs:  98%|█████████▊| 195/200 [25:54<00:46,  9.23s/it, -ELBO=0.6338, Potential Metric=0.1074, Entropy Metric=0.0535]

Epoch 195:  44%|████▍     | 7/16 [00:03<00:05,  1.79it/s][A
Training Epochs:  98%|█████████▊| 195/200 [25:54<00:46,  9.23s/it, -ELBO=0.6179, Potential Metric=0.1278, Entropy Metric=0.0560]

Epoch 195:  50%|█████     | 8/16 [00:04<00:04,  1.79it/s][A
Training Epochs:  98%|█████████▊| 195/200 [25:55<00:46,  9.23s/it, -ELBO=0.6244, Potential Metric=0.1293, Entropy Metric=0.0588]

Epoch 195:  56%|█████▋    | 9/16 [00:05<00:03,  1.77it/s][A
Training Epochs:  98%|█████████▊| 195/200 [25:55<00:46,  9.23s/it, -ELBO=0.6111, Potential Metric=0.1251, Entropy Metric=0.0571]

Epoch 195:  62%|██████▎   | 10/16 [00:05<00:03,  1.81it/s][A
Training Epochs:  98%|█████████▊| 195/200 [25:56<00:46,  9.23s/it, -ELBO=0.6093, Potential Metric=0.1159, Entropy Metric=0.0577]

Epoch 195:  69%|██████▉   | 11/16 [00:06<00:02,  1.78it/s][A
Training Epochs:  98%|█████████▊| 195/200 [25:56<00:46,  9.23s/it, -ELBO=0.6271, Potential Metric=0.1107, Entropy Metric=0.0542]

Epoch 195:  75%|███████▌  | 12/16 [00:06<00:02,  1.77it/s][A
Training Epochs:  98%|█████████▊| 195/200 [25:57<00:46,  9.23s/it, -ELBO=0.6158, Potential Metric=0.1137, Entropy Metric=0.0586]

Epoch 195:  81%|████████▏ | 13/16 [00:07<00:01,  1.82it/s][A
Training Epochs:  98%|█████████▊| 195/200 [25:58<00:46,  9.23s/it, -ELBO=0.6141, Potential Metric=0.1210, Entropy Metric=0.0571]

Epoch 195:  88%|████████▊ | 14/16 [00:07<00:01,  1.76it/s][A
Training Epochs:  98%|█████████▊| 195/200 [25:58<00:46,  9.23s/it, -ELBO=0.6104, Potential Metric=0.1191, Entropy Metric=0.0611]

Epoch 195:  94%|█████████▍| 15/16 [00:08<00:00,  1.78it/s][A
Training Epochs:  98%|█████████▊| 195/200 [25:59<00:46,  9.23s/it, -ELBO=0.6129, Potential Metric=0.1131, Entropy Metric=0.0586]

Epoch 195: 100%|██████████| 16/16 [00:08<00:00,  1.79it/s][A

                                                          [A
Training Epochs:  98%|█████████▊| 196/200 [25:59<00:36,  9.17s/it, -ELBO=0.6129, Potential Metric=0.1131, Entropy Metric=0.0586]

Epoch 196:   0%|          | 0/16 [00:00<?, ?it/s][A
Training Epochs:  98%|█████████▊| 196/200 [25:59<00:36,  9.17s/it, -ELBO=0.6230, Potential Metric=0.1139, Entropy Metric=0.0555]

Epoch 196:   6%|▋         | 1/16 [00:00<00:09,  1.65it/s][A
Training Epochs:  98%|█████████▊| 196/200 [26:00<00:36,  9.17s/it, -ELBO=0.6238, Potential Metric=0.1055, Entropy Metric=0.0552]

Epoch 196:  12%|█▎        | 2/16 [00:01<00:08,  1.67it/s][A
Training Epochs:  98%|█████████▊| 196/200 [26:00<00:36,  9.17s/it, -ELBO=0.6095, Potential Metric=0.1152, Entropy Metric=0.0560]

Epoch 196:  19%|█▉        | 3/16 [00:01<00:07,  1.70it/s][A
Training Epochs:  98%|█████████▊| 196/200 [26:01<00:36,  9.17s/it, -ELBO=0.6090, Potential Metric=0.1091, Entropy Metric=0.0568]

Epoch 196:  25%|██▌       | 4/16 [00:02<00:06,  1.77it/s][A
Training Epochs:  98%|█████████▊| 196/200 [26:02<00:36,  9.17s/it, -ELBO=0.6146, Potential Metric=0.1055, Entropy Metric=0.0549]

Epoch 196:  31%|███▏      | 5/16 [00:02<00:06,  1.76it/s][A
Training Epochs:  98%|█████████▊| 196/200 [26:02<00:36,  9.17s/it, -ELBO=0.6117, Potential Metric=0.1151, Entropy Metric=0.0548]

Epoch 196:  38%|███▊      | 6/16 [00:03<00:05,  1.73it/s][A
Training Epochs:  98%|█████████▊| 196/200 [26:03<00:36,  9.17s/it, -ELBO=0.6211, Potential Metric=0.1004, Entropy Metric=0.0530]

Epoch 196:  44%|████▍     | 7/16 [00:04<00:05,  1.69it/s][A
Training Epochs:  98%|█████████▊| 196/200 [26:03<00:36,  9.17s/it, -ELBO=0.6110, Potential Metric=0.1104, Entropy Metric=0.0523]

Epoch 196:  50%|█████     | 8/16 [00:04<00:04,  1.73it/s][A
Training Epochs:  98%|█████████▊| 196/200 [26:04<00:36,  9.17s/it, -ELBO=0.6285, Potential Metric=0.0956, Entropy Metric=0.0495]

Epoch 196:  56%|█████▋    | 9/16 [00:05<00:03,  1.76it/s][A
Training Epochs:  98%|█████████▊| 196/200 [26:04<00:36,  9.17s/it, -ELBO=0.6215, Potential Metric=0.1118, Entropy Metric=0.0519]

Epoch 196:  62%|██████▎   | 10/16 [00:05<00:03,  1.82it/s][A
Training Epochs:  98%|█████████▊| 196/200 [26:05<00:36,  9.17s/it, -ELBO=0.6120, Potential Metric=0.1303, Entropy Metric=0.0531]

Epoch 196:  69%|██████▉   | 11/16 [00:06<00:02,  1.83it/s][A
Training Epochs:  98%|█████████▊| 196/200 [26:05<00:36,  9.17s/it, -ELBO=0.6091, Potential Metric=0.1288, Entropy Metric=0.0572]

Epoch 196:  75%|███████▌  | 12/16 [00:06<00:02,  1.78it/s][A
Training Epochs:  98%|█████████▊| 196/200 [26:06<00:36,  9.17s/it, -ELBO=0.6294, Potential Metric=0.1158, Entropy Metric=0.0529]

Epoch 196:  81%|████████▏ | 13/16 [00:07<00:01,  1.77it/s][A
Training Epochs:  98%|█████████▊| 196/200 [26:07<00:36,  9.17s/it, -ELBO=0.6143, Potential Metric=0.1324, Entropy Metric=0.0587]

Epoch 196:  88%|████████▊ | 14/16 [00:07<00:01,  1.77it/s][A
Training Epochs:  98%|█████████▊| 196/200 [26:07<00:36,  9.17s/it, -ELBO=0.6222, Potential Metric=0.1216, Entropy Metric=0.0563]

Epoch 196:  94%|█████████▍| 15/16 [00:08<00:00,  1.84it/s][A
Training Epochs:  98%|█████████▊| 196/200 [26:08<00:36,  9.17s/it, -ELBO=0.6083, Potential Metric=0.1296, Entropy Metric=0.0605]

Epoch 196: 100%|██████████| 16/16 [00:09<00:00,  1.84it/s][A

                                                          [A
Training Epochs:  98%|█████████▊| 197/200 [26:08<00:27,  9.13s/it, -ELBO=0.6083, Potential Metric=0.1296, Entropy Metric=0.0605]

Epoch 197:   0%|          | 0/16 [00:00<?, ?it/s][A
Training Epochs:  98%|█████████▊| 197/200 [26:08<00:27,  9.13s/it, -ELBO=0.6101, Potential Metric=0.1251, Entropy Metric=0.0614]

Epoch 197:   6%|▋         | 1/16 [00:00<00:08,  1.72it/s][A
Training Epochs:  98%|█████████▊| 197/200 [26:09<00:27,  9.13s/it, -ELBO=0.6010, Potential Metric=0.1255, Entropy Metric=0.0627]

Epoch 197:  12%|█▎        | 2/16 [00:01<00:08,  1.72it/s][A
Training Epochs:  98%|█████████▊| 197/200 [26:09<00:27,  9.13s/it, -ELBO=0.6141, Potential Metric=0.1082, Entropy Metric=0.0604]

Epoch 197:  19%|█▉        | 3/16 [00:01<00:07,  1.70it/s][A
Training Epochs:  98%|█████████▊| 197/200 [26:10<00:27,  9.13s/it, -ELBO=0.5982, Potential Metric=0.1177, Entropy Metric=0.0594]

Epoch 197:  25%|██▌       | 4/16 [00:02<00:06,  1.72it/s][A
Training Epochs:  98%|█████████▊| 197/200 [26:11<00:27,  9.13s/it, -ELBO=0.6027, Potential Metric=0.1216, Entropy Metric=0.0563]

Epoch 197:  31%|███▏      | 5/16 [00:02<00:06,  1.75it/s][A
Training Epochs:  98%|█████████▊| 197/200 [26:11<00:27,  9.13s/it, -ELBO=0.6148, Potential Metric=0.1069, Entropy Metric=0.0545]

Epoch 197:  38%|███▊      | 6/16 [00:03<00:05,  1.78it/s][A
Training Epochs:  98%|█████████▊| 197/200 [26:12<00:27,  9.13s/it, -ELBO=0.5977, Potential Metric=0.1237, Entropy Metric=0.0603]

Epoch 197:  44%|████▍     | 7/16 [00:04<00:05,  1.74it/s][A
Training Epochs:  98%|█████████▊| 197/200 [26:12<00:27,  9.13s/it, -ELBO=0.6124, Potential Metric=0.1135, Entropy Metric=0.0549]

Epoch 197:  50%|█████     | 8/16 [00:04<00:04,  1.72it/s][A
Training Epochs:  98%|█████████▊| 197/200 [26:13<00:27,  9.13s/it, -ELBO=0.6343, Potential Metric=0.1162, Entropy Metric=0.0506]

Epoch 197:  56%|█████▋    | 9/16 [00:05<00:04,  1.73it/s][A
Training Epochs:  98%|█████████▊| 197/200 [26:13<00:27,  9.13s/it, -ELBO=0.6131, Potential Metric=0.1325, Entropy Metric=0.0532]

Epoch 197:  62%|██████▎   | 10/16 [00:05<00:03,  1.77it/s][A
Training Epochs:  98%|█████████▊| 197/200 [26:14<00:27,  9.13s/it, -ELBO=0.6167, Potential Metric=0.1181, Entropy Metric=0.0520]

Epoch 197:  69%|██████▉   | 11/16 [00:06<00:02,  1.87it/s][A
Training Epochs:  98%|█████████▊| 197/200 [26:15<00:27,  9.13s/it, -ELBO=0.6257, Potential Metric=0.1273, Entropy Metric=0.0532]

Epoch 197:  75%|███████▌  | 12/16 [00:06<00:02,  1.74it/s][A
Training Epochs:  98%|█████████▊| 197/200 [26:15<00:27,  9.13s/it, -ELBO=0.6091, Potential Metric=0.1354, Entropy Metric=0.0515]

Epoch 197:  81%|████████▏ | 13/16 [00:07<00:01,  1.78it/s][A
Training Epochs:  98%|█████████▊| 197/200 [26:16<00:27,  9.13s/it, -ELBO=0.5953, Potential Metric=0.1249, Entropy Metric=0.0556]

Epoch 197:  88%|████████▊ | 14/16 [00:07<00:01,  1.77it/s][A
Training Epochs:  98%|█████████▊| 197/200 [26:16<00:27,  9.13s/it, -ELBO=0.6182, Potential Metric=0.0981, Entropy Metric=0.0496]

Epoch 197:  94%|█████████▍| 15/16 [00:08<00:00,  1.79it/s][A
Training Epochs:  98%|█████████▊| 197/200 [26:17<00:27,  9.13s/it, -ELBO=0.6129, Potential Metric=0.1194, Entropy Metric=0.0536]

Epoch 197: 100%|██████████| 16/16 [00:09<00:00,  1.76it/s][A

                                                          [A
Training Epochs:  99%|█████████▉| 198/200 [26:17<00:18,  9.13s/it, -ELBO=0.6129, Potential Metric=0.1194, Entropy Metric=0.0536]

Epoch 198:   0%|          | 0/16 [00:00<?, ?it/s][A
Training Epochs:  99%|█████████▉| 198/200 [26:18<00:18,  9.13s/it, -ELBO=0.6102, Potential Metric=0.1204, Entropy Metric=0.0565]

Epoch 198:   6%|▋         | 1/16 [00:00<00:09,  1.58it/s][A
Training Epochs:  99%|█████████▉| 198/200 [26:18<00:18,  9.13s/it, -ELBO=0.6072, Potential Metric=0.1108, Entropy Metric=0.0521]

Epoch 198:  12%|█▎        | 2/16 [00:01<00:07,  1.76it/s][A
Training Epochs:  99%|█████████▉| 198/200 [26:19<00:18,  9.13s/it, -ELBO=0.6038, Potential Metric=0.1079, Entropy Metric=0.0543]

Epoch 198:  19%|█▉        | 3/16 [00:01<00:07,  1.80it/s][A
Training Epochs:  99%|█████████▉| 198/200 [26:19<00:18,  9.13s/it, -ELBO=0.6133, Potential Metric=0.1113, Entropy Metric=0.0529]

Epoch 198:  25%|██▌       | 4/16 [00:02<00:06,  1.81it/s][A
Training Epochs:  99%|█████████▉| 198/200 [26:20<00:18,  9.13s/it, -ELBO=0.6195, Potential Metric=0.1214, Entropy Metric=0.0520]

Epoch 198:  31%|███▏      | 5/16 [00:02<00:06,  1.75it/s][A
Training Epochs:  99%|█████████▉| 198/200 [26:20<00:18,  9.13s/it, -ELBO=0.6072, Potential Metric=0.1307, Entropy Metric=0.0562]

Epoch 198:  38%|███▊      | 6/16 [00:03<00:05,  1.72it/s][A
Training Epochs:  99%|█████████▉| 198/200 [26:21<00:18,  9.13s/it, -ELBO=0.6058, Potential Metric=0.1090, Entropy Metric=0.0524]

Epoch 198:  44%|████▍     | 7/16 [00:04<00:05,  1.72it/s][A
Training Epochs:  99%|█████████▉| 198/200 [26:22<00:18,  9.13s/it, -ELBO=0.6046, Potential Metric=0.1120, Entropy Metric=0.0573]

Epoch 198:  50%|█████     | 8/16 [00:04<00:04,  1.73it/s][A
Training Epochs:  99%|█████████▉| 198/200 [26:22<00:18,  9.13s/it, -ELBO=0.6036, Potential Metric=0.1132, Entropy Metric=0.0545]

Epoch 198:  56%|█████▋    | 9/16 [00:05<00:03,  1.76it/s][A
Training Epochs:  99%|█████████▉| 198/200 [26:23<00:18,  9.13s/it, -ELBO=0.6048, Potential Metric=0.1121, Entropy Metric=0.0545]

Epoch 198:  62%|██████▎   | 10/16 [00:05<00:03,  1.71it/s][A
Training Epochs:  99%|█████████▉| 198/200 [26:23<00:18,  9.13s/it, -ELBO=0.6073, Potential Metric=0.1177, Entropy Metric=0.0582]

Epoch 198:  69%|██████▉   | 11/16 [00:06<00:02,  1.68it/s][A
Training Epochs:  99%|█████████▉| 198/200 [26:24<00:18,  9.13s/it, -ELBO=0.6078, Potential Metric=0.1213, Entropy Metric=0.0624]

Epoch 198:  75%|███████▌  | 12/16 [00:07<00:02,  1.66it/s][A
Training Epochs:  99%|█████████▉| 198/200 [26:25<00:18,  9.13s/it, -ELBO=0.6218, Potential Metric=0.1151, Entropy Metric=0.0540]

Epoch 198:  81%|████████▏ | 13/16 [00:07<00:01,  1.66it/s][A
Training Epochs:  99%|█████████▉| 198/200 [26:25<00:18,  9.13s/it, -ELBO=0.6004, Potential Metric=0.1086, Entropy Metric=0.0614]

Epoch 198:  88%|████████▊ | 14/16 [00:08<00:01,  1.67it/s][A
Training Epochs:  99%|█████████▉| 198/200 [26:26<00:18,  9.13s/it, -ELBO=0.5975, Potential Metric=0.1137, Entropy Metric=0.0603]

Epoch 198:  94%|█████████▍| 15/16 [00:08<00:00,  1.68it/s][A
Training Epochs:  99%|█████████▉| 198/200 [26:26<00:18,  9.13s/it, -ELBO=0.6040, Potential Metric=0.1086, Entropy Metric=0.0577]

Epoch 198: 100%|██████████| 16/16 [00:09<00:00,  1.65it/s][A

                                                          [A
Training Epochs: 100%|█████████▉| 199/200 [26:26<00:09,  9.25s/it, -ELBO=0.6040, Potential Metric=0.1086, Entropy Metric=0.0577]

Epoch 199:   0%|          | 0/16 [00:00<?, ?it/s][A
Training Epochs: 100%|█████████▉| 199/200 [26:27<00:09,  9.25s/it, -ELBO=0.5903, Potential Metric=0.1236, Entropy Metric=0.0578]

Epoch 199:   6%|▋         | 1/16 [00:00<00:09,  1.60it/s][A
Training Epochs: 100%|█████████▉| 199/200 [26:28<00:09,  9.25s/it, -ELBO=0.6051, Potential Metric=0.1078, Entropy Metric=0.0532]

Epoch 199:  12%|█▎        | 2/16 [00:01<00:08,  1.64it/s][A
Training Epochs: 100%|█████████▉| 199/200 [26:28<00:09,  9.25s/it, -ELBO=0.5998, Potential Metric=0.0977, Entropy Metric=0.0492]

Epoch 199:  19%|█▉        | 3/16 [00:01<00:07,  1.74it/s][A
Training Epochs: 100%|█████████▉| 199/200 [26:29<00:09,  9.25s/it, -ELBO=0.6036, Potential Metric=0.1187, Entropy Metric=0.0589]

Epoch 199:  25%|██▌       | 4/16 [00:02<00:06,  1.75it/s][A
Training Epochs: 100%|█████████▉| 199/200 [26:29<00:09,  9.25s/it, -ELBO=0.6027, Potential Metric=0.1140, Entropy Metric=0.0550]

Epoch 199:  31%|███▏      | 5/16 [00:02<00:06,  1.70it/s][A
Training Epochs: 100%|█████████▉| 199/200 [26:30<00:09,  9.25s/it, -ELBO=0.6132, Potential Metric=0.1025, Entropy Metric=0.0568]

Epoch 199:  38%|███▊      | 6/16 [00:03<00:05,  1.77it/s][A
Training Epochs: 100%|█████████▉| 199/200 [26:30<00:09,  9.25s/it, -ELBO=0.5935, Potential Metric=0.1136, Entropy Metric=0.0598]

Epoch 199:  44%|████▍     | 7/16 [00:04<00:05,  1.75it/s][A
Training Epochs: 100%|█████████▉| 199/200 [26:31<00:09,  9.25s/it, -ELBO=0.6144, Potential Metric=0.1017, Entropy Metric=0.0570]

Epoch 199:  50%|█████     | 8/16 [00:04<00:04,  1.79it/s][A
Training Epochs: 100%|█████████▉| 199/200 [26:32<00:09,  9.25s/it, -ELBO=0.6004, Potential Metric=0.1122, Entropy Metric=0.0568]

Epoch 199:  56%|█████▋    | 9/16 [00:05<00:04,  1.74it/s][A
Training Epochs: 100%|█████████▉| 199/200 [26:32<00:09,  9.25s/it, -ELBO=0.6081, Potential Metric=0.1065, Entropy Metric=0.0541]

Epoch 199:  62%|██████▎   | 10/16 [00:05<00:03,  1.74it/s][A
Training Epochs: 100%|█████████▉| 199/200 [26:33<00:09,  9.25s/it, -ELBO=0.6032, Potential Metric=0.1232, Entropy Metric=0.0509]

Epoch 199:  69%|██████▉   | 11/16 [00:06<00:02,  1.76it/s][A
Training Epochs: 100%|█████████▉| 199/200 [26:33<00:09,  9.25s/it, -ELBO=0.5978, Potential Metric=0.1251, Entropy Metric=0.0561]

Epoch 199:  75%|███████▌  | 12/16 [00:06<00:02,  1.74it/s][A
Training Epochs: 100%|█████████▉| 199/200 [26:34<00:09,  9.25s/it, -ELBO=0.6017, Potential Metric=0.1184, Entropy Metric=0.0527]

Epoch 199:  81%|████████▏ | 13/16 [00:07<00:01,  1.77it/s][A
Training Epochs: 100%|█████████▉| 199/200 [26:34<00:09,  9.25s/it, -ELBO=0.5993, Potential Metric=0.1199, Entropy Metric=0.0552]

Epoch 199:  88%|████████▊ | 14/16 [00:07<00:01,  1.81it/s][A
Training Epochs: 100%|█████████▉| 199/200 [26:35<00:09,  9.25s/it, -ELBO=0.6084, Potential Metric=0.1190, Entropy Metric=0.0539]

Epoch 199:  94%|█████████▍| 15/16 [00:08<00:00,  1.84it/s][A
Training Epochs: 100%|█████████▉| 199/200 [26:35<00:09,  9.25s/it, -ELBO=0.6089, Potential Metric=0.1264, Entropy Metric=0.0537]

Epoch 199: 100%|██████████| 16/16 [00:09<00:00,  1.84it/s][A

                                                          [A
Training Epochs: 100%|██████████| 200/200 [26:35<00:00,  9.22s/it, -ELBO=0.6089, Potential Metric=0.1264, Entropy Metric=0.0537]
Training Epochs: 100%|██████████| 200/200 [26:35<00:00,  7.98s/it, -ELBO=0.6089, Potential Metric=0.1264, Entropy Metric=0.0537]
SCLSD_BENCHMARK_EVENT {"cpu_seconds": 1995.92455498, "cuda_peak_allocated_bytes": 839205888, "cuda_peak_reserved_bytes": 996147200, "cuda_start_allocated_bytes": 10746368, "cuda_start_reserved_bytes": 25165824, "error": null, "event": "stage_end", "name": "training", "status": "ok", "time": "2026-07-17T19:49:25.606648+00:00", "wall_seconds": 1596.1157136848196}
